event_count,event_id,event_month,placements,printed_name,series_id
1,2010-01-new-year-s-dancin-eve,2010-01-01,89,New Year's Dancin' Eve,wsdc-139
1,2010-01-spotlight-dance-challenge,2010-01-01,49,Spotlight Dance Challenge,wsdc-141
1,2010-01-new-year-s-dance-camp,2010-01-01,90,New Year's Dance Camp,wsdc-37
1,2010-01-floorplay-new-years-swing-vacation,2010-01-01,50,Floorplay New Years Swing Vacation,wsdc-42
1,2010-01-monterey-swingfest,2010-01-01,110,Monterey SwingFest,wsdc-62
1,2010-01-americas-classic,2010-01-01,72,Americas Classic,wsdc-67
1,2010-01-worlds-ucwdc,2010-01-01,18,Worlds UCWDC,wsdc-75
1,2010-02-da-dance-camp,2010-02-01,29,Da Dance Camp,wsdc-115
1,2010-02-capital-swing-dance-convention,2010-02-01,140,Capital Swing Dance Convention,wsdc-12
1,2010-03-chicago-classic,2010-03-01,118,Chicago Classic,wsdc-13
1,2010-03-tulsa-spring-swing,2010-03-01,68,Tulsa Spring Swing,wsdc-132
1,2010-03-high-desert-dance-classic,2010-03-01,57,High Desert Dance Classic,wsdc-143
1,2010-03-novice-invitational,2010-03-01,40,Novice Invitational,wsdc-153
1,2010-03-boston-tea-party,2010-03-01,76,Boston Tea Party,wsdc-9
1,2010-03-reno-dance-sensation,2010-03-01,88,Reno Dance Sensation,wsdc-91
1,2010-03-mid-atlantic-dance-jam,2010-03-01,106,Mid-Atlantic Dance Jam,wsdc-92
1,2010-04-los-angeles-premiere-dance-classic,2010-04-01,80,Los Angeles Premiere Dance Classic,wsdc-104
1,2010-04-calgary-dance-stampede,2010-04-01,10,Calgary Dance Stampede,wsdc-116
1,2010-04-swing-dance-america,2010-04-01,88,Swing Dance America,wsdc-134
1,2010-04-uk-wcs-dance-championships,2010-04-01,50,UK WCS Dance Championships,wsdc-154
1,2010-04-usa-jack-jill-championships,2010-04-01,28,USA Jack & Jill Championships,wsdc-161
1,2010-04-seattle-s-easter-swing,2010-04-01,94,Seattle's Easter Swing,wsdc-18
1,2010-05-canadian-swing-championships,2010-05-01,18,Canadian Swing Championships,wsdc-105
1,2010-05-the-texas-classic,2010-05-01,8,The Texas Classic,wsdc-121
1,2010-05-swingin-into-spring,2010-05-01,60,Swingin' Into Spring,wsdc-144
1,2010-05-come-rain-come-shine,2010-05-01,40,Come Rain Come Shine,wsdc-145
1,2010-05-swingapalooza,2010-05-01,50,Swingapalooza,wsdc-162
1,2010-05-dfw-pro-am-jam,2010-05-01,30,DFW Pro Am Jam,wsdc-163
1,2010-05-eastern-washington-dance-challenge,2010-05-01,38,Eastern/Washington Dance Challenge,wsdc-19
1,2010-05-frezno-dance-classic,2010-05-01,102,FreZno Dance Classic,wsdc-20
1,2010-05-usa-grand-nationals,2010-05-01,60,USA Grand Nationals,wsdc-22
1,2010-05-swingdiego,2010-05-01,108,SwingDiego,wsdc-61
1,2010-05-world-swing-dance-championships,2010-05-01,66,World Swing Dance Championships,wsdc-73
1,2010-06-colorado-country-classic,2010-06-01,45,Colorado Country Classic,wsdc-109
1,2010-06-orange-blossom-dance-festival,2010-06-01,43,Orange Blossom Dance Festival,wsdc-117
1,2010-06-j-j-o-rama,2010-06-01,70,J&J O'Rama,wsdc-25
1,2010-06-portland-dance-festival,2010-06-01,30,Portland Dance Festival,wsdc-44
1,2010-06-liberty-swing-dance-championships,2010-06-01,105,Liberty Swing Dance Championships,wsdc-96
1,2010-07-of-july-convention,2010-07-01,109,4TH of July Convention,wsdc-1
1,2010-07-toronto-open-swing-hustle-championships,2010-07-01,48,Toronto Open Swing & Hustle Championships,wsdc-147
1,2010-07-new-orleans-dance-mardi-gras,2010-07-01,47,New Orleans Dance Mardi Gras,wsdc-148
1,2010-07-florida-dance-magic,2010-07-01,69,Florida Dance Magic,wsdc-149
1,2010-07-the-city-of-light,2010-07-01,30,The City of Light,wsdc-155
1,2010-07-big-apple-dance-festival,2010-07-01,38,Big Apple Dance Festival,wsdc-156
1,2010-07-swing-fling,2010-07-01,78,Swing Fling,wsdc-59
1,2010-07-michigan-dance-classic,2010-07-01,49,Michigan Dance Classic,wsdc-76
1,2010-07-wisconsin-dance-challenge-midwest-area-swing-dance-challenge,2010-07-01,59,Wisconsin Dance Challenge/Midwest Area Swing Dance Challenge,wsdc-84
1,2010-07-grand-prix-of-swing,2010-07-01,83,Grand Prix of Swing,wsdc-97
1,2010-08-chicagoland-dance-festival,2010-08-01,47,Chicagoland Dance Festival,wsdc-119
1,2010-08-lone-star-invitational,2010-08-01,20,Lone Star Invitational,wsdc-120
1,2010-08-new-england-dance-festival,2010-08-01,28,New England Dance Festival,wsdc-157
1,2010-08-world-swing-masters,2010-08-01,32,World Swing Masters,wsdc-159
1,2010-08-sea-sun-and-swing,2010-08-01,50,Sea Sun and Swing,wsdc-164
1,2010-08-south-bay-cw-dance-festival,2010-08-01,70,South Bay CW Dance Festival,wsdc-48
1,2010-08-summer-hummer,2010-08-01,116,Summer Hummer,wsdc-53
1,2010-08-swingtime-in-the-rockies,2010-08-01,89,Swingtime in the Rockies,wsdc-66
1,2010-08-arizona-dance-classic,2010-08-01,20,Arizona Dance Classic,wsdc-77
1,2010-09-bridgetown-swing-boogie,2010-09-01,68,Bridgetown Swing Boogie,wsdc-10
1,2010-09-new-mexico-dance-fiesta,2010-09-01,16,New Mexico Dance Fiesta,wsdc-100
1,2010-09-river-city-dance-festival,2010-09-01,10,River City Dance Festival,wsdc-130
1,2010-09-meet-me-in-st-louis,2010-09-01,72,Meet Me In St Louis,wsdc-131
1,2010-09-desert-city-swing,2010-09-01,99,Desert City Swing,wsdc-135
1,2010-09-dallas-d-a-n-c-e,2010-09-01,74,Dallas D.A.N.C.E.,wsdc-15
1,2010-09-midland-swing-open,2010-09-01,40,Midland Swing Open,wsdc-165
1,2010-09-palm-springs-summer-dance-classic,2010-09-01,110,Palm Springs Summer Dance Classic,wsdc-51
1,2010-09-sea-to-sky,2010-09-01,59,Sea to Sky,wsdc-79
1,2010-09-swing-niagara-dance-championships,2010-09-01,64,Swing Niagara Dance Championships,wsdc-95
1,2010-10-swing-city-chicago,2010-10-01,53,Swing City Chicago,wsdc-125
1,2010-10-paradise-country-dance-festival,2010-10-01,40,Paradise Country Dance Festival,wsdc-43
1,2010-10-halloween-swingthing,2010-10-01,86,Halloween SwingThing,wsdc-65
1,2010-10-boogie-by-the-bay,2010-10-01,125,Boogie By The Bay,wsdc-8
1,2010-11-tampa-bay-classic,2010-11-01,122,Tampa Bay Classic,wsdc-137
1,2010-11-sunshine-state-dance-challenge,2010-11-01,19,Sunshine State Dance Challenge,wsdc-151
1,2010-11-london-swingvitational,2010-11-01,39,London SWINGvitational,wsdc-166
1,2010-11-mountain-magic,2010-11-01,59,Mountain Magic,wsdc-31
1,2010-11-swingin-new-england-dance-festival,2010-11-01,89,Swingin' New England Dance Festival,wsdc-63
1,2010-11-us-open-swing-dance-championships,2010-11-01,28,US Open Swing Dance Championships,wsdc-68
1,2010-11-virginia-state-open,2010-11-01,60,Virginia State Open,wsdc-70
1,2010-11-c-a-s-h-bash-weekend,2010-11-01,38,C.A.S.H. Bash Weekend,wsdc-87
1,2010-12-chico-dance-sensation,2010-12-01,76,Chico Dance Sensation,wsdc-126
1,2011-01-new-year-s-dancin-eve,2011-01-01,69,New Year's Dancin' Eve,wsdc-139
1,2011-01-new-year-s-dance-camp,2011-01-01,98,New Year's Dance Camp,wsdc-37
1,2011-01-floorplay-new-years-swing-vacation,2011-01-01,49,Floorplay New Years Swing Vacation,wsdc-42
1,2011-01-monterey-swingfest,2011-01-01,117,Monterey SwingFest,wsdc-62
1,2011-01-americas-classic,2011-01-01,82,Americas Classic,wsdc-67
1,2011-02-capital-swing-dance-convention,2011-02-01,152,Capital Swing Dance Convention,wsdc-12
1,2011-02-best-of-the-best,2011-02-01,40,Best of the Best,wsdc-167
1,2011-02-scottish-wcs-dance-championships,2011-02-01,30,Scottish WCS Dance Championships,wsdc-168
1,2011-02-dance-camp-chicago,2011-02-01,48,Dance Camp Chicago,wsdc-169
1,2011-02-toronto-international-swing-dance,2011-02-01,37,Toronto International Swing Dance,wsdc-171
1,2011-03-the-chicago-classic,2011-03-01,122,The Chicago Classic,wsdc-142
1,2011-03-high-desert-dance-classic,2011-03-01,50,High Desert Dance Classic,wsdc-143
1,2011-03-novice-invitational,2011-03-01,45,Novice Invitational,wsdc-153
1,2011-03-boston-tea-party,2011-03-01,102,Boston Tea Party,wsdc-9
1,2011-03-mid-atlantic-dance-jam,2011-03-01,129,Mid-Atlantic Dance Jam,wsdc-92
1,2011-04-los-angeles-premiere-dance-classic,2011-04-01,60,Los Angeles Premiere Dance Classic,wsdc-104
1,2011-04-tulsa-spring-swing,2011-04-01,69,Tulsa Spring Swing,wsdc-132
1,2011-04-uk-wcs-dance-championships,2011-04-01,70,UK WCS Dance Championships,wsdc-154
1,2011-04-usa-jack-jill-championships,2011-04-01,39,USA Jack & Jill Championships,wsdc-161
1,2011-04-russian-open-wcs-championships,2011-04-01,22,Russian Open WCS Championships,wsdc-170
1,2011-04-international-hustle-salsa-congress,2011-04-01,43,International Hustle & Salsa Congress,wsdc-172
1,2011-04-seattle-s-easter-swing,2011-04-01,112,Seattle's Easter Swing,wsdc-18
1,2011-04-reno-dance-sensation,2011-04-01,93,Reno Dance Sensation,wsdc-91
1,2011-05-canadian-swing-championships,2011-05-01,40,Canadian Swing Championships,wsdc-105
1,2011-05-swing-dance-america,2011-05-01,65,Swing Dance America,wsdc-134
1,2011-05-swingin-into-spring,2011-05-01,63,Swingin' Into Spring,wsdc-144
1,2011-05-swingapalooza,2011-05-01,48,Swingapalooza,wsdc-162
1,2011-05-dfw-pro-am-jam,2011-05-01,49,DFW Pro Am Jam,wsdc-163
1,2011-05-austrian-open,2011-05-01,30,Austrian Open,wsdc-173
1,2011-05-swingsation,2011-05-01,36,Swingsation,wsdc-174
1,2011-05-frezno-dance-classic,2011-05-01,102,FreZno Dance Classic,wsdc-20
1,2011-05-usa-grand-nationals,2011-05-01,61,USA Grand Nationals,wsdc-22
1,2011-05-swingdiego,2011-05-01,116,SwingDiego,wsdc-61
1,2011-06-colorado-country-classic,2011-06-01,56,Colorado Country Classic,wsdc-109
1,2011-06-orange-blossom-dance-festival,2011-06-01,51,Orange Blossom Dance Festival,wsdc-117
1,2011-06-french-open-west-coast-swing,2011-06-01,77,French Open West Coast Swing,wsdc-175
1,2011-06-j-j-o-rama,2011-06-01,103,J&J O'Rama,wsdc-25
1,2011-06-michigan-dance-classic,2011-06-01,67,Michigan Dance Classic,wsdc-76
1,2011-06-liberty-swing-dance-championships,2011-06-01,134,Liberty Swing Dance Championships,wsdc-96
1,2011-07-of-july-convention,2011-07-01,84,4TH of July Convention,wsdc-1
1,2011-07-boston-dance-challenge,2011-07-01,54,Boston Dance Challenge,wsdc-146
1,2011-07-toronto-open-swing-hustle-championships,2011-07-01,45,Toronto Open Swing & Hustle Championships,wsdc-147
1,2011-07-new-orleans-dance-mardi-gras,2011-07-01,44,New Orleans Dance Mardi Gras,wsdc-148
1,2011-07-florida-dance-magic,2011-07-01,74,Florida Dance Magic,wsdc-149
1,2011-07-the-city-of-light,2011-07-01,30,The City of Light,wsdc-155
1,2011-07-big-apple-dance-festival-world-hustle-championships,2011-07-01,23,Big Apple Dance Festival/World Hustle Championships,wsdc-156
1,2011-07-portland-dance-festival,2011-07-01,41,Portland Dance Festival,wsdc-44
1,2011-07-swingtime-in-the-rockies,2011-07-01,106,Swingtime in the Rockies,wsdc-47
1,2011-07-world-swing-dance-championships,2011-07-01,29,World Swing Dance Championships,wsdc-73
1,2011-07-wisconsin-dance-challenge-midwest-area-swing-dance-challenge,2011-07-01,69,Wisconsin Dance Challenge/Midwest Area Swing Dance Challenge,wsdc-84
1,2011-08-chicagoland-dance-festival,2011-08-01,48,Chicagoland Dance Festival,wsdc-119
1,2011-08-lone-star-invitational,2011-08-01,36,Lone Star Invitational,wsdc-120
1,2011-08-new-england-dance-festival,2011-08-01,49,New England Dance Festival,wsdc-157
1,2011-08-world-swing-masters,2011-08-01,44,World Swing Masters,wsdc-159
1,2011-08-sea-sun-and-swing,2011-08-01,47,Sea Sun and Swing,wsdc-164
1,2011-08-summer-hummer,2011-08-01,105,Summer Hummer,wsdc-53
1,2011-08-swing-fling,2011-08-01,86,Swing Fling,wsdc-59
1,2011-08-arizona-dance-classic,2011-08-01,39,Arizona Dance Classic,wsdc-77
1,2011-08-grand-prix-of-swing,2011-08-01,48,Grand Prix of Swing,wsdc-97
1,2011-09-bridgetown-swing-boogie,2011-09-01,66,Bridgetown Swing Boogie,wsdc-10
1,2011-09-meet-me-in-st-louis,2011-09-01,85,Meet Me In St Louis,wsdc-131
1,2011-09-desert-city-swing,2011-09-01,116,Desert City Swing,wsdc-135
1,2011-09-dallas-d-a-n-c-e,2011-09-01,83,Dallas D.A.N.C.E.,wsdc-15
1,2011-09-river-city-swing,2011-09-01,69,River City Swing,wsdc-177
1,2011-09-south-bay-cw-dance-festival,2011-09-01,100,South Bay CW Dance Festival,wsdc-48
1,2011-09-palm-springs-summer-dance-classic,2011-09-01,96,Palm Springs Summer Dance Classic,wsdc-51
1,2011-09-swing-niagara-dance-championships,2011-09-01,64,Swing Niagara Dance Championships,wsdc-95
1,2011-10-swing-city-chicago,2011-10-01,83,Swing City Chicago,wsdc-125
1,2011-10-midland-swing-open,2011-10-01,40,Midland Swing Open,wsdc-165
1,2011-10-montreal-wcs-fest,2011-10-01,50,Montreal WCS Fest,wsdc-178
1,2011-10-new-zealand-open-swing-dance-championships,2011-10-01,28,New Zealand Open Swing Dance Championships,wsdc-179
1,2011-10-australian-open-swing-dance-championships,2011-10-01,40,Australian Open Swing Dance Championships,wsdc-180
1,2011-10-paradise-country-dance-festival,2011-10-01,53,Paradise Country Dance Festival,wsdc-43
1,2011-10-halloween-swingthing,2011-10-01,90,Halloween SwingThing,wsdc-65
1,2011-10-sea-to-sky,2011-10-01,77,Sea to Sky,wsdc-79
1,2011-10-boogie-by-the-bay,2011-10-01,135,Boogie By The Bay,wsdc-8
1,2011-11-tampa-bay-classic,2011-11-01,98,Tampa Bay Classic,wsdc-137
1,2011-11-sunshine-state-dance-challenge,2011-11-01,38,Sunshine State Dance Challenge,wsdc-151
1,2011-11-london-swingvitational,2011-11-01,41,London SWINGvitational,wsdc-166
1,2011-11-dc-swing-experience,2011-11-01,70,DC Swing eXperience,wsdc-181
1,2011-11-mountain-magic,2011-11-01,79,Mountain Magic,wsdc-31
1,2011-11-swingin-new-england-dance-festival,2011-11-01,95,Swingin' New England Dance Festival,wsdc-63
1,2011-11-us-open-swing-dance-championships,2011-11-01,30,US Open Swing Dance Championships,wsdc-68
1,2011-11-c-a-s-h-bash-weekend,2011-11-01,51,C.A.S.H. Bash Weekend,wsdc-87
1,2011-12-chico-dance-sensation,2011-12-01,88,Chico Dance Sensation,wsdc-126
1,2012-01-spotlight-dance-challenge,2012-01-01,81,Spotlight Dance Challenge,wsdc-141
1,2012-01-worlds-ucwdc,2012-01-01,43,Worlds UCWDC,wsdc-152
1,2012-01-best-of-the-best,2012-01-01,40,Best of the Best,wsdc-167
1,2012-01-freedom-swing-dance-challenge,2012-01-01,70,Freedom Swing Dance Challenge,wsdc-183
1,2012-01-budafest-open-wcs-championships,2012-01-01,50,BudaFest Open WCS Championships,wsdc-184
1,2012-01-new-year-s-dance-camp,2012-01-01,96,New Year's Dance Camp,wsdc-37
1,2012-01-new-year-s-dance-extravaganza,2012-01-01,69,New Year's Dance Extravaganza,wsdc-39
1,2012-01-floorplay-new-years-swing-vacation,2012-01-01,58,Floorplay New Years Swing Vacation,wsdc-42
1,2012-01-monterey-swingfest,2012-01-01,107,Monterey SwingFest,wsdc-62
1,2012-01-americas-classic,2012-01-01,115,Americas Classic,wsdc-67
1,2012-02-capital-swing-dance-convention,2012-02-01,143,Capital Swing Dance Convention,wsdc-12
1,2012-02-scottish-wcs-dance-championships,2012-02-01,29,Scottish WCS Dance Championships,wsdc-168
1,2012-02-dance-camp-chicago,2012-02-01,39,Dance Camp Chicago,wsdc-169
1,2012-02-sweetheart-swing-classic,2012-02-01,39,Sweetheart Swing Classic,wsdc-185
1,2012-03-chicago-classic,2012-03-01,137,Chicago Classic,wsdc-13
1,2012-03-high-desert-dance-classic,2012-03-01,60,High Desert Dance Classic,wsdc-143
1,2012-03-novice-invitational,2012-03-01,52,Novice Invitational,wsdc-153
1,2012-03-russian-open-wcs-championships,2012-03-01,38,Russian Open WCS Championships,wsdc-170
1,2012-03-west-in-lyon,2012-03-01,50,West In Lyon,wsdc-186
1,2012-03-boston-tea-party,2012-03-01,90,Boston Tea Party,wsdc-9
1,2012-03-mid-atlantic-dance-jam,2012-03-01,128,Mid-Atlantic Dance Jam,wsdc-92
1,2012-04-tulsa-spring-swing,2012-04-01,81,Tulsa Spring Swing,wsdc-132
1,2012-04-swing-dance-america,2012-04-01,79,Swing Dance America,wsdc-134
1,2012-04-uk-wcs-dance-championships,2012-04-01,56,UK WCS Dance Championships,wsdc-154
1,2012-04-international-hustle-salsa-congress,2012-04-01,39,International Hustle & Salsa Congress,wsdc-172
1,2012-04-seattle-s-easter-swing,2012-04-01,115,Seattle's Easter Swing,wsdc-18
1,2012-04-city-of-angels,2012-04-01,121,City of Angels,wsdc-187
1,2012-05-canadian-swing-championships,2012-05-01,33,Canadian Swing Championships,wsdc-105
1,2012-05-the-texas-classic,2012-05-01,29,The Texas Classic,wsdc-121
1,2012-05-swingin-into-spring,2012-05-01,70,Swingin' Into Spring,wsdc-144
1,2012-05-swingapalooza,2012-05-01,50,Swingapalooza,wsdc-162
1,2012-05-dfw-pro-am-jam,2012-05-01,59,DFW Pro Am Jam,wsdc-163
1,2012-05-swingsation,2012-05-01,40,Swingsation,wsdc-174
1,2012-05-french-open-west-coast-swing,2012-05-01,74,French Open West Coast Swing,wsdc-175
1,2012-05-frezno-dance-classic,2012-05-01,95,FreZno Dance Classic,wsdc-20
1,2012-05-usa-grand-nationals,2012-05-01,76,USA Grand Nationals,wsdc-22
1,2012-05-swingdiego,2012-05-01,106,SwingDiego,wsdc-61
1,2012-06-colorado-country-classic,2012-06-01,61,Colorado Country Classic,wsdc-109
1,2012-06-orange-blossom-dance-festival,2012-06-01,47,Orange Blossom Dance Festival,wsdc-117
1,2012-06-nsw-west-coast-swing-dance-championships,2012-06-01,36,NSW West Coast Swing Dance Championships,wsdc-188
1,2012-06-j-j-o-rama,2012-06-01,110,J&J O'Rama,wsdc-25
1,2012-06-michigan-dance-classic,2012-06-01,91,Michigan Dance Classic,wsdc-76
1,2012-06-liberty-swing-dance-championships,2012-06-01,110,Liberty Swing Dance Championships,wsdc-96
1,2012-07-of-july-convention,2012-07-01,107,4TH of July Convention,wsdc-1
1,2012-07-boston-dance-challenge,2012-07-01,60,Boston Dance Challenge,wsdc-146
1,2012-07-toronto-open-swing-hustle-championships,2012-07-01,52,Toronto Open Swing & Hustle Championships,wsdc-147
1,2012-07-new-orleans-dance-mardi-gras,2012-07-01,70,New Orleans Dance Mardi Gras,wsdc-148
1,2012-07-florida-dance-magic,2012-07-01,73,Florida Dance Magic,wsdc-149
1,2012-07-big-apple-dance-festival,2012-07-01,27,Big Apple Dance Festival,wsdc-156
1,2012-07-swingin-in-the-valley,2012-07-01,20,Swingin in the Valley,wsdc-189
1,2012-07-portland-dance-festival,2012-07-01,54,Portland Dance Festival,wsdc-44
1,2012-07-swingtime-in-the-rockies,2012-07-01,93,Swingtime in the Rockies,wsdc-47
1,2012-07-wisconsin-dance-challenge-midwest-area-swing-dance-challenge,2012-07-01,64,Wisconsin Dance Challenge/Midwest Area Swing Dance Challenge,wsdc-84
1,2012-08-lone-star-invitational,2012-08-01,42,Lone Star Invitational,wsdc-120
1,2012-08-new-england-dance-festival,2012-08-01,43,New England Dance Festival,wsdc-157
1,2012-08-world-swing-masters,2012-08-01,40,World Swing Masters,wsdc-159
1,2012-08-sea-sun-and-swing,2012-08-01,71,Sea Sun and Swing,wsdc-164
1,2012-08-palm-springs-summer-dance-classic,2012-08-01,115,Palm Springs Summer Dance Classic,wsdc-51
1,2012-08-summer-hummer,2012-08-01,107,Summer Hummer,wsdc-53
1,2012-08-swing-fling,2012-08-01,110,Swing Fling,wsdc-59
1,2012-08-arizona-dance-classic,2012-08-01,34,Arizona Dance Classic,wsdc-77
1,2012-08-chicagoland,2012-08-01,47,Chicagoland,wsdc-99
1,2012-09-bridgetown-swing-boogie,2012-09-01,68,Bridgetown Swing Boogie,wsdc-10
1,2012-09-meet-me-in-st-louis,2012-09-01,84,Meet Me In St Louis,wsdc-131
1,2012-09-desert-city-swing,2012-09-01,125,Desert City Swing,wsdc-135
1,2012-09-dallas-d-a-n-c-e,2012-09-01,87,Dallas D.A.N.C.E.,wsdc-15
1,2012-09-midland-swing-open,2012-09-01,60,Midland Swing Open,wsdc-165
1,2012-09-river-city-swing,2012-09-01,75,River City Swing,wsdc-177
1,2012-09-vermont-swing-dance-championships,2012-09-01,55,Vermont Swing Dance Championships,wsdc-190
1,2012-09-sunny-side-dance-camp,2012-09-01,34,Sunny Side Dance Camp,wsdc-191
1,2012-09-south-bay-cw-dance-festival,2012-09-01,84,South Bay CW Dance Festival,wsdc-48
1,2012-09-swing-niagara-dance-championships,2012-09-01,83,Swing Niagara Dance Championships,wsdc-95
1,2012-10-swing-city-chicago,2012-10-01,102,Swing City Chicago,wsdc-125
1,2012-10-montreal-wcs-fest,2012-10-01,60,Montreal WCS Fest,wsdc-178
1,2012-10-new-zealand-open-swing-dance-championships,2012-10-01,30,New Zealand Open Swing Dance Championships,wsdc-179
1,2012-10-australian-open-swing-dance-championships,2012-10-01,42,Australian Open Swing Dance Championships,wsdc-180
1,2012-10-swing-generation,2012-10-01,68,Swing Generation,wsdc-192
1,2012-10-warsaw-swing,2012-10-01,44,Warsaw Swing,wsdc-193
1,2012-10-paradise-country-dance-festival,2012-10-01,55,Paradise Country Dance Festival,wsdc-43
1,2012-10-halloween-swingthing,2012-10-01,92,Halloween SwingThing,wsdc-65
1,2012-10-boogie-by-the-bay,2012-10-01,139,Boogie By The Bay,wsdc-8
1,2012-11-tampa-bay-classic,2012-11-01,90,Tampa Bay Classic,wsdc-137
1,2012-11-london-swingvitational,2012-11-01,52,London SWINGvitational,wsdc-166
1,2012-11-dc-swing-experience,2012-11-01,100,DC Swing eXperience,wsdc-181
1,2012-11-moscow-westie-dance-fest,2012-11-01,66,Moscow Westie Dance Fest,wsdc-194
1,2012-11-mountain-magic,2012-11-01,75,Mountain Magic,wsdc-31
1,2012-11-swingin-new-england-dance-festival,2012-11-01,89,Swingin' New England Dance Festival,wsdc-63
1,2012-11-us-open-swing-dance-championships,2012-11-01,78,US Open Swing Dance Championships,wsdc-68
1,2012-11-sea-to-sky,2012-11-01,85,Sea to Sky,wsdc-79
1,2012-11-c-a-s-h-bash-weekend,2012-11-01,69,C.A.S.H. Bash Weekend,wsdc-87
1,2012-12-chico-dance-sensation,2012-12-01,97,Chico Dance Sensation,wsdc-126
1,2013-01-spotlight-dance-challenge,2013-01-01,95,Spotlight Dance Challenge,wsdc-141
1,2013-01-best-of-the-best,2013-01-01,47,Best of the Best,wsdc-167
1,2013-01-freedom-swing-dance-challenge,2013-01-01,82,Freedom Swing Dance Challenge,wsdc-183
1,2013-01-budafest-open-wcs-championships,2013-01-01,89,BudaFest Open WCS Championships,wsdc-184
1,2013-01-palm-springs-new-years-swing-dance-classic,2013-01-01,114,Palm Springs New Years Swing Dance Classic,wsdc-195
1,2013-01-swingcouver,2013-01-01,59,SwingCouver,wsdc-196
1,2013-01-new-year-s-dance-extravaganza,2013-01-01,69,New Year's Dance Extravaganza,wsdc-39
1,2013-01-floorplay-new-years-swing-vacation,2013-01-01,60,Floorplay New Years Swing Vacation,wsdc-42
1,2013-01-monterey-swingfest,2013-01-01,100,Monterey SwingFest,wsdc-62
1,2013-01-americas-classic,2013-01-01,102,Americas Classic,wsdc-67
1,2013-01-worlds-ucwdc,2013-01-01,45,Worlds UCWDC,wsdc-75
1,2013-02-capital-swing-dance-convention,2013-02-01,164,Capital Swing Dance Convention,wsdc-12
1,2013-02-scottish-wcs-dance-championships,2013-02-01,30,Scottish WCS Dance Championships,wsdc-168
1,2013-02-dance-camp-chicago,2013-02-01,54,Dance Camp Chicago,wsdc-169
1,2013-03-tulsa-spring-swing,2013-03-01,78,Tulsa Spring Swing,wsdc-132
1,2013-03-the-chicago-classic,2013-03-01,140,The Chicago Classic,wsdc-142
1,2013-03-high-desert-dance-classic,2013-03-01,63,High Desert Dance Classic,wsdc-143
1,2013-03-novice-invitational,2013-03-01,45,Novice Invitational,wsdc-153
1,2013-03-russian-open-wcs-championships,2013-03-01,59,Russian Open WCS Championships,wsdc-170
1,2013-03-seattle-s-easter-swing,2013-03-01,103,Seattle's Easter Swing,wsdc-18
1,2013-03-west-in-lyon,2013-03-01,81,West In Lyon,wsdc-186
1,2013-03-5280-swing-dance-championships,2013-03-01,89,5280 Swing Dance Championships,wsdc-197
1,2013-03-boston-tea-party,2013-03-01,97,Boston Tea Party,wsdc-9
1,2013-03-mid-atlantic-dance-jam,2013-03-01,145,Mid-Atlantic Dance Jam,wsdc-92
1,2013-04-swing-dance-america,2013-04-01,101,Swing Dance America,wsdc-134
1,2013-04-international-hustle-salsa-congress,2013-04-01,43,International Hustle & Salsa Congress,wsdc-172
1,2013-04-city-of-angels,2013-04-01,106,City of Angels,wsdc-187
1,2013-04-uk-european-wcs-championships,2013-04-01,70,UK & European WCS Championships,wsdc-198
1,2013-04-san-francisco-dance-sensation,2013-04-01,88,San Francisco Dance Sensation,wsdc-199
1,2013-04-austin-swing-dance-championships,2013-04-01,78,Austin Swing Dance Championships,wsdc-200
1,2013-04-midatlantic-dance-classic,2013-04-01,35,MidAtlantic Dance Classic,wsdc-201
1,2013-04-asian-wcs-open-swingvitation,2013-04-01,40,Asian WCS Open Swingvitation,wsdc-202
1,2013-04-detonation-dance,2013-04-01,50,Detonation Dance ,wsdc-203
1,2013-05-canadian-swing-championships,2013-05-01,24,Canadian Swing Championships,wsdc-105
1,2013-05-the-texas-classic,2013-05-01,33,The Texas Classic,wsdc-121
1,2013-05-swingin-into-spring,2013-05-01,78,Swingin' Into Spring,wsdc-144
1,2013-05-swingapalooza,2013-05-01,44,Swingapalooza,wsdc-162
1,2013-05-dfw-pro-am-jam,2013-05-01,65,DFW Pro Am Jam,wsdc-163
1,2013-05-swingsation,2013-05-01,65,Swingsation,wsdc-174
1,2013-05-french-open-west-coast-swing,2013-05-01,101,French Open West Coast Swing,wsdc-175
1,2013-05-sweetheart-swing-classic,2013-05-01,53,Sweetheart Swing Classic,wsdc-185
1,2013-05-frezno-dance-classic,2013-05-01,99,FreZno Dance Classic,wsdc-20
1,2013-05-spring-swing,2013-05-01,39,Spring Swing,wsdc-204
1,2013-05-soswing,2013-05-01,74,SOswing,wsdc-205
1,2013-05-usa-grand-nationals,2013-05-01,67,USA Grand Nationals,wsdc-22
1,2013-05-swingdiego,2013-05-01,112,SwingDiego,wsdc-61
1,2013-06-colorado-country-classic,2013-06-01,72,Colorado Country Classic,wsdc-109
1,2013-06-orange-blossom-dance-festival,2013-06-01,57,Orange Blossom Dance Festival,wsdc-117
1,2013-06-nsw-west-coast-swing-dance-championships,2013-06-01,40,NSW West Coast Swing Dance Championships,wsdc-188
1,2013-06-hungarian-open,2013-06-01,52,Hungarian Open,wsdc-206
1,2013-06-dance-n-play,2013-06-01,44,Dance N Play,wsdc-207
1,2013-06-j-j-o-rama,2013-06-01,87,J&J O'Rama,wsdc-25
1,2013-06-michigan-dance-classic,2013-06-01,111,Michigan Dance Classic,wsdc-76
1,2013-06-liberty-swing-dance-championships,2013-06-01,131,Liberty Swing Dance Championships,wsdc-96
1,2013-07-of-july-convention,2013-07-01,110,4TH of July Convention,wsdc-1
1,2013-07-toronto-open-swing-hustle-championships,2013-07-01,55,Toronto Open Swing & Hustle Championships,wsdc-147
1,2013-07-new-orleans-dance-mardi-gras,2013-07-01,60,New Orleans Dance Mardi Gras,wsdc-148
1,2013-07-florida-dance-magic,2013-07-01,65,Florida Dance Magic,wsdc-149
1,2013-07-wcs-idb,2013-07-01,44,WCS@IDB,wsdc-208
1,2013-07-sincity-swing,2013-07-01,81,SinCity Swing,wsdc-209
1,2013-07-portland-dance-festival,2013-07-01,65,Portland Dance Festival,wsdc-44
1,2013-07-swingtime-in-the-rockies,2013-07-01,109,Swingtime in the Rockies,wsdc-47
1,2013-08-chicagoland-dance-festival,2013-08-01,69,Chicagoland Dance Festival,wsdc-119
1,2013-08-lone-star-invitational,2013-08-01,39,Lone Star Invitational,wsdc-120
1,2013-08-new-england-dance-festival,2013-08-01,46,New England Dance Festival,wsdc-157
1,2013-08-world-swing-masters,2013-08-01,39,World Swing Masters,wsdc-159
1,2013-08-sea-sun-and-swing,2013-08-01,80,Sea Sun and Swing,wsdc-164
1,2013-08-palm-springs-summer-dance-classic,2013-08-01,126,Palm Springs Summer Dance Classic,wsdc-51
1,2013-08-summer-hummer,2013-08-01,116,Summer Hummer,wsdc-53
1,2013-08-swing-fling,2013-08-01,110,Swing Fling,wsdc-59
1,2013-08-arizona-dance-classic,2013-08-01,23,Arizona Dance Classic,wsdc-77
1,2013-09-bridgetown-swing-boogie,2013-09-01,77,Bridgetown Swing Boogie,wsdc-10
1,2013-09-new-mexico-dance-fiesta,2013-09-01,40,New Mexico Dance Fiesta,wsdc-100
1,2013-09-meet-me-in-st-louis,2013-09-01,90,Meet Me In St Louis,wsdc-131
1,2013-09-desert-city-swing,2013-09-01,114,Desert City Swing,wsdc-135
1,2013-09-dallas-d-a-n-c-e,2013-09-01,94,Dallas D.A.N.C.E.,wsdc-15
1,2013-09-midland-swing-open,2013-09-01,70,Midland Swing Open,wsdc-165
1,2013-09-river-city-swing,2013-09-01,89,River City Swing,wsdc-177
1,2013-09-vermont-swing-dance-championships,2013-09-01,70,Vermont Swing Dance Championships,wsdc-190
1,2013-09-sunny-side-dance-camp,2013-09-01,50,Sunny Side Dance Camp,wsdc-191
1,2013-09-south-bay-cw-dance-festival,2013-09-01,89,South Bay CW Dance Festival,wsdc-48
1,2013-10-swing-city-chicago,2013-10-01,113,Swing City Chicago,wsdc-125
1,2013-10-montreal-wcs-fest,2013-10-01,68,Montreal WCS Fest,wsdc-178
1,2013-10-new-zealand-open-swing-dance-championships,2013-10-01,30,New Zealand Open Swing Dance Championships,wsdc-179
1,2013-10-australian-open-swing-dance-championships,2013-10-01,56,Australian Open Swing Dance Championships,wsdc-180
1,2013-10-swing-generation,2013-10-01,69,Swing Generation,wsdc-192
1,2013-10-warsaw-swing,2013-10-01,45,Warsaw Swing,wsdc-193
1,2013-10-korean-open-swing-dance-championships,2013-10-01,40,Korean Open Swing Dance Championships,wsdc-210
1,2013-10-atlanta-swing-classic,2013-10-01,86,Atlanta Swing Classic,wsdc-211
1,2013-10-paradise-country-dance-festival,2013-10-01,70,Paradise Country Dance Festival,wsdc-43
1,2013-10-halloween-swingthing,2013-10-01,100,Halloween SwingThing,wsdc-65
1,2013-10-boogie-by-the-bay,2013-10-01,122,Boogie By The Bay,wsdc-8
1,2013-11-tampa-bay-classic,2013-11-01,107,Tampa Bay Classic,wsdc-137
1,2013-11-london-swingvitational,2013-11-01,68,London SWINGvitational,wsdc-166
1,2013-11-dc-swing-experience,2013-11-01,91,DC Swing eXperience,wsdc-181
1,2013-11-moscow-westie-dance-fest,2013-11-01,74,Moscow Westie Dance Fest,wsdc-194
1,2013-11-mountain-magic,2013-11-01,62,Mountain Magic,wsdc-31
1,2013-11-swingin-new-england-dance-festival,2013-11-01,85,Swingin' New England Dance Festival,wsdc-63
1,2013-11-sea-to-sky,2013-11-01,92,Sea to Sky,wsdc-79
1,2013-12-spotlight-dance-challenge,2013-12-01,103,Spotlight Dance Challenge,wsdc-141
1,2013-12-the-after-party,2013-12-01,86,The After Party,wsdc-212
1,2013-12-swingtimate,2013-12-01,54,Swingtimate,wsdc-213
1,2013-12-new-year-s-dance-extravaganza,2013-12-01,58,New Year's Dance Extravaganza,wsdc-39
1,2013-12-floorplay-new-years-swing-vacation,2013-12-01,45,Floorplay New Years Swing Vacation,wsdc-42
1,2013-12-us-open-swing-dance-championships,2013-12-01,109,US Open Swing Dance Championships,wsdc-68
1,2013-12-c-a-s-h-bash-weekend,2013-12-01,83,C.A.S.H. Bash Weekend,wsdc-87
1,2014-01-freedom-swing-dance-challenge,2014-01-01,107,Freedom Swing Dance Challenge,wsdc-183
1,2014-01-budafest-open-wcs-championships,2014-01-01,82,BudaFest Open WCS Championships,wsdc-184
1,2014-01-palm-springs-new-years-swing-dance-classic,2014-01-01,128,Palm Springs New Years Swing Dance Classic,wsdc-195
1,2014-01-swingcouver,2014-01-01,82,SwingCouver,wsdc-196
1,2014-01-new-year-s-swing-fling,2014-01-01,80,New Year's Swing Fling,wsdc-214
1,2014-01-monterey-swingfest,2014-01-01,113,Monterey SwingFest,wsdc-62
1,2014-01-americas-classic,2014-01-01,91,Americas Classic,wsdc-67
1,2014-01-worlds-ucwdc,2014-01-01,35,Worlds UCWDC,wsdc-75
1,2014-02-capital-swing-dance-convention,2014-02-01,135,Capital Swing Dance Convention,wsdc-12
1,2014-02-best-of-the-best,2014-02-01,50,Best of the Best,wsdc-167
1,2014-02-scottish-wcs-dance-championships,2014-02-01,52,Scottish WCS Dance Championships,wsdc-168
1,2014-02-sweetheart-swing-classic,2014-02-01,64,Sweetheart Swing Classic,wsdc-185
1,2014-02-5280-swing-dance-championships,2014-02-01,91,5280 Swing Dance Championships,wsdc-197
1,2014-02-swing-snow,2014-02-01,62,Swing & Snow,wsdc-215
1,2014-03-the-chicago-classic,2014-03-01,125,The Chicago Classic,wsdc-142
1,2014-03-high-desert-dance-classic,2014-03-01,65,High Desert Dance Classic,wsdc-143
1,2014-03-novice-invitational,2014-03-01,59,Novice Invitational,wsdc-153
1,2014-03-dance-camp-chicago,2014-03-01,54,Dance Camp Chicago,wsdc-169
1,2014-03-russian-open-wcs-championships,2014-03-01,60,Russian Open WCS Championships,wsdc-170
1,2014-03-west-in-lyon,2014-03-01,85,West In Lyon,wsdc-186
1,2014-03-the-brazilian-open-championships,2014-03-01,38,The Brazilian Open Championships,wsdc-216
1,2014-03-boston-tea-party,2014-03-01,94,Boston Tea Party,wsdc-9
1,2014-03-mid-atlantic-dance-jam,2014-03-01,150,Mid-Atlantic Dance Jam,wsdc-92
1,2014-04-tulsa-spring-swing,2014-04-01,53,Tulsa Spring Swing,wsdc-132
1,2014-04-swing-dance-america,2014-04-01,85,Swing Dance America,wsdc-134
1,2014-04-seattle-s-easter-swing,2014-04-01,125,Seattle's Easter Swing,wsdc-18
1,2014-04-city-of-angels,2014-04-01,114,City of Angels,wsdc-187
1,2014-04-uk-european-wcs-championships,2014-04-01,90,UK & European WCS Championships,wsdc-198
1,2014-04-austin-swing-dance-championships,2014-04-01,97,Austin Swing Dance Championships,wsdc-200
1,2014-04-detonation-dance,2014-04-01,50,Detonation Dance ,wsdc-203
1,2014-04-san-diego-dance-festival,2014-04-01,55,San Diego Dance Festival,wsdc-217
1,2014-04-asia-west-coast-swing-open,2014-04-01,63,Asia West Coast Swing Open,wsdc-218
1,2014-04-kiwi-fest,2014-04-01,40,KIWI Fest,wsdc-219
1,2014-05-canadian-swing-championships,2014-05-01,40,Canadian Swing Championships,wsdc-105
1,2014-05-the-texas-classic,2014-05-01,41,The Texas Classic,wsdc-121
1,2014-05-swingin-into-spring,2014-05-01,75,Swingin' Into Spring,wsdc-144
1,2014-05-swingapalooza,2014-05-01,65,Swingapalooza,wsdc-162
1,2014-05-dfw-pro-am-jam,2014-05-01,49,DFW Pro Am Jam,wsdc-163
1,2014-05-international-hustle-salsa-congress,2014-05-01,19,International Hustle & Salsa Congress,wsdc-172
1,2014-05-swingsation,2014-05-01,60,Swingsation,wsdc-174
1,2014-05-frezno-dance-classic,2014-05-01,81,FreZno Dance Classic,wsdc-20
1,2014-05-midatlantic-dance-classic,2014-05-01,40,MidAtlantic Dance Classic,wsdc-201
1,2014-05-spring-swing,2014-05-01,60,Spring Swing,wsdc-204
1,2014-05-soswing,2014-05-01,84,SOswing,wsdc-205
1,2014-05-hungarian-open,2014-05-01,70,Hungarian Open,wsdc-206
1,2014-05-usa-grand-nationals,2014-05-01,84,USA Grand Nationals,wsdc-22
1,2014-05-d-townswing,2014-05-01,40,D-Townswing,wsdc-220
1,2014-05-show-me-showdown,2014-05-01,38,Show-Me Showdown,wsdc-221
1,2014-05-swingdiego,2014-05-01,110,SwingDiego,wsdc-61
1,2014-06-colorado-country-classic,2014-06-01,52,Colorado Country Classic,wsdc-109
1,2014-06-orange-blossom-dance-festival,2014-06-01,65,Orange Blossom Dance Festival,wsdc-117
1,2014-06-french-open-west-coast-swing,2014-06-01,103,French Open West Coast Swing,wsdc-175
1,2014-06-nsw-west-coast-swing-dance-championships,2014-06-01,53,NSW West Coast Swing Dance Championships,wsdc-188
1,2014-06-dance-n-play,2014-06-01,64,Dance N Play,wsdc-207
1,2014-06-baltic-swing,2014-06-01,73,Baltic Swing,wsdc-222
1,2014-06-slingshot-swing,2014-06-01,40,Slingshot Swing,wsdc-223
1,2014-06-midwest-westie-fest,2014-06-01,82,Midwest Westie Fest,wsdc-224
1,2014-06-j-j-o-rama,2014-06-01,100,J&J O'Rama,wsdc-25
1,2014-06-michigan-dance-classic,2014-06-01,118,Michigan Dance Classic,wsdc-76
1,2014-06-liberty-swing-dance-championships,2014-06-01,139,Liberty Swing Dance Championships,wsdc-96
1,2014-07-of-july-convention,2014-07-01,107,4TH of July Convention,wsdc-1
1,2014-07-toronto-open-swing-hustle-championships,2014-07-01,54,Toronto Open Swing & Hustle Championships,wsdc-147
1,2014-07-new-orleans-dance-mardi-gras,2014-07-01,82,New Orleans Dance Mardi Gras,wsdc-148
1,2014-07-florida-dance-magic,2014-07-01,59,Florida Dance Magic,wsdc-149
1,2014-07-big-apple-dance-festival,2014-07-01,30,Big Apple Dance Festival,wsdc-156
1,2014-07-sincity-swing,2014-07-01,104,SinCity Swing,wsdc-209
1,2014-07-wild-wild-westie,2014-07-01,60,Wild Wild Westie,wsdc-225
1,2014-07-ft-lauderdale-swing-shag-beach-bash,2014-07-01,43,Ft. Lauderdale Swing & Shag Beach Bash,wsdc-226
1,2014-07-portland-dance-festival,2014-07-01,65,Portland Dance Festival,wsdc-44
1,2014-07-swingtime-in-the-rockies,2014-07-01,90,Swingtime in the Rockies,wsdc-66
1,2014-08-chicagoland-dance-festival,2014-08-01,69,Chicagoland Dance Festival,wsdc-119
1,2014-08-lone-star-invitational,2014-08-01,59,Lone Star Invitational,wsdc-120
1,2014-08-new-england-dance-festival,2014-08-01,52,New England Dance Festival,wsdc-157
1,2014-08-world-swing-masters,2014-08-01,30,World Swing Masters,wsdc-159
1,2014-08-sea-sun-and-swing,2014-08-01,78,Sea Sun and Swing,wsdc-164
1,2014-08-river-city-swing,2014-08-01,110,River City Swing,wsdc-177
1,2014-08-swingtacular,2014-08-01,90,Swingtacular,wsdc-227
1,2014-08-summer-swing-classic,2014-08-01,63,Summer Swing Classic,wsdc-228
1,2014-08-scandinavian-open,2014-08-01,47,Scandinavian Open,wsdc-229
1,2014-08-south-bay-cw-dance-festival,2014-08-01,83,South Bay CW Dance Festival,wsdc-48
1,2014-08-palm-springs-summer-dance-classic,2014-08-01,108,Palm Springs Summer Dance Classic,wsdc-51
1,2014-08-summer-hummer,2014-08-01,112,Summer Hummer,wsdc-53
1,2014-08-swing-fling,2014-08-01,115,Swing Fling,wsdc-59
1,2014-08-arizona-dance-classic,2014-08-01,25,Arizona Dance Classic,wsdc-77
1,2014-09-bridgetown-swing-boogie,2014-09-01,83,Bridgetown Swing Boogie,wsdc-10
1,2014-09-new-mexico-dance-fiesta,2014-09-01,24,New Mexico Dance Fiesta,wsdc-100
1,2014-09-meet-me-in-st-louis,2014-09-01,110,Meet Me In St Louis,wsdc-131
1,2014-09-desert-city-swing,2014-09-01,128,Desert City Swing,wsdc-135
1,2014-09-dallas-d-a-n-c-e,2014-09-01,100,Dallas D.A.N.C.E.,wsdc-15
1,2014-09-midland-swing-open,2014-09-01,70,Midland Swing Open,wsdc-165
1,2014-09-vermont-swing-dance-championships,2014-09-01,81,Vermont Swing Dance Championships,wsdc-190
1,2014-09-sunny-side-dance-camp,2014-09-01,37,Sunny Side Dance Camp,wsdc-230
1,2014-09-swing-trilogy,2014-09-01,73,Swing Trilogy,wsdc-231
1,2014-09-norway-westie-fest,2014-09-01,45,Norway Westie Fest,wsdc-232
1,2014-09-bavarian-open,2014-09-01,49,Bavarian Open,wsdc-233
1,2014-09-philly-swing-classic,2014-09-01,78,Philly Swing Classic,wsdc-234
1,2014-10-swing-city-chicago,2014-10-01,97,Swing City Chicago,wsdc-125
1,2014-10-new-zealand-open-swing-dance-championships,2014-10-01,34,New Zealand Open Swing Dance Championships,wsdc-179
1,2014-10-australian-open-swing-dance-championships,2014-10-01,55,Australian Open Swing Dance Championships,wsdc-180
1,2014-10-atlanta-swing-classic,2014-10-01,113,Atlanta Swing Classic,wsdc-211
1,2014-10-wcs-helsinki,2014-10-01,35,WCS Helsinki,wsdc-237
1,2014-10-paradise-country-dance-festival,2014-10-01,65,Paradise Country Dance Festival,wsdc-43
1,2014-10-halloween-swingthing,2014-10-01,79,Halloween SwingThing,wsdc-65
1,2014-10-boogie-by-the-bay,2014-10-01,114,Boogie By The Bay,wsdc-8
1,2014-11-tampa-bay-classic,2014-11-01,113,Tampa Bay Classic,wsdc-137
1,2014-11-dc-swing-experience,2014-11-01,101,DC Swing eXperience,wsdc-181
1,2014-11-moscow-westie-dance-fest,2014-11-01,78,Moscow Westie Dance Fest,wsdc-194
1,2014-11-warsaw-halloween-swing,2014-11-01,75,Warsaw Halloween Swing,wsdc-236
1,2014-11-mountain-magic,2014-11-01,65,Mountain Magic,wsdc-31
1,2014-11-swingin-new-england-dance-festival,2014-11-01,88,Swingin' New England Dance Festival,wsdc-63
1,2014-11-us-open-swing-dance-championships,2014-11-01,98,US Open Swing Dance Championships,wsdc-68
1,2014-11-sea-to-sky,2014-11-01,86,Sea to Sky,wsdc-79
1,2014-11-c-a-s-h-bash-weekend,2014-11-01,85,C.A.S.H. Bash Weekend,wsdc-87
1,2014-12-the-after-party,2014-12-01,81,The After Party,wsdc-212
1,2014-12-swingtimate,2014-12-01,58,Swingtimate,wsdc-213
1,2014-12-winter-white,2014-12-01,57,Winter White,wsdc-238
1,2014-12-the-challenge,2014-12-01,100,The Challenge,wsdc-239
1,2015-01-spotlight-dance-challenge,2015-01-01,90,Spotlight Dance Challenge,wsdc-141
1,2015-01-worlds-ucwdc,2015-01-01,45,Worlds UCWDC,wsdc-152
1,2015-01-freedom-swing-dance-challenge,2015-01-01,122,Freedom Swing Dance Challenge,wsdc-183
1,2015-01-budafest-open-wcs-championships,2015-01-01,116,BudaFest Open WCS Championships,wsdc-184
1,2015-01-palm-springs-new-years-swing-dance-classic,2015-01-01,115,Palm Springs New Years Swing Dance Classic,wsdc-195
1,2015-01-swingcouver,2015-01-01,103,SwingCouver,wsdc-196
1,2015-01-austin-swing-dance-championships,2015-01-01,105,Austin Swing Dance Championships,wsdc-200
1,2015-01-new-year-s-swing-fling,2015-01-01,80,New Year's Swing Fling,wsdc-214
1,2015-01-sweden-westie-gala,2015-01-01,53,Sweden Westie Gala,wsdc-240
1,2015-01-moscow-xmas-dance-camp,2015-01-01,40,Moscow Xmas Dance Camp,wsdc-241
1,2015-01-new-year-s-dance-extravaganza,2015-01-01,75,New Year's Dance Extravaganza,wsdc-39
1,2015-01-floorplay-new-years-swing-vacation,2015-01-01,65,Floorplay New Years Swing Vacation,wsdc-42
1,2015-01-monterey-swingfest,2015-01-01,95,Monterey SwingFest,wsdc-62
1,2015-02-capital-swing-dance-convention,2015-02-01,136,Capital Swing Dance Convention,wsdc-12
1,2015-02-sweetheart-swing-classic,2015-02-01,74,Sweetheart Swing Classic,wsdc-185
1,2015-02-swing-snow,2015-02-01,71,Swing & Snow,wsdc-215
1,2015-02-derby-city-swing,2015-02-01,68,Derby City Swing,wsdc-242
1,2015-02-anti-valentines,2015-02-01,39,Anti Valentines,wsdc-243
1,2015-03-the-chicago-classic,2015-03-01,124,The Chicago Classic,wsdc-142
1,2015-03-high-desert-dance-classic,2015-03-01,59,High Desert Dance Classic,wsdc-143
1,2015-03-novice-invitational,2015-03-01,54,Novice Invitational,wsdc-153
1,2015-03-dance-camp-chicago,2015-03-01,74,Dance Camp Chicago,wsdc-169
1,2015-03-russian-open-wcs-championships,2015-03-01,60,Russian Open WCS Championships,wsdc-170
1,2015-03-west-in-lyon,2015-03-01,89,West In Lyon,wsdc-186
1,2015-03-5280-swing-dance-championships,2015-03-01,91,5280 Swing Dance Championships,wsdc-197
1,2015-03-the-brazilian-open-championships,2015-03-01,30,The Brazilian Open Championships,wsdc-216
1,2015-03-rose-city-swing,2015-03-01,84,Rose City Swing,wsdc-244
1,2015-03-holy-land-open,2015-03-01,50,Holy Land Open,wsdc-245
1,2015-03-swing-escape,2015-03-01,42,Swing Escape,wsdc-246
1,2015-03-boston-tea-party,2015-03-01,108,Boston Tea Party,wsdc-9
1,2015-03-mid-atlantic-dance-jam,2015-03-01,178,Mid-Atlantic Dance Jam,wsdc-92
1,2015-04-tulsa-spring-swing,2015-04-01,66,Tulsa Spring Swing,wsdc-132
1,2015-04-swing-dance-america,2015-04-01,98,Swing Dance America,wsdc-134
1,2015-04-seattle-s-easter-swing,2015-04-01,120,Seattle's Easter Swing,wsdc-18
1,2015-04-city-of-angels,2015-04-01,135,City of Angels,wsdc-187
1,2015-04-uk-european-wcs-championships,2015-04-01,98,UK & European WCS Championships,wsdc-198
1,2015-04-detonation-dance,2015-04-01,50,Detonation Dance ,wsdc-203
1,2015-04-san-diego-dance-festival,2015-04-01,56,San Diego Dance Festival,wsdc-217
1,2015-04-asia-west-coast-swing-open,2015-04-01,62,Asia West Coast Swing Open,wsdc-218
1,2015-04-austrian-wcs-spectacle,2015-04-01,39,Austrian WCS Spectacle,wsdc-247
1,2015-05-canadian-swing-championships,2015-05-01,42,Canadian Swing Championships,wsdc-105
1,2015-05-the-texas-classic,2015-05-01,43,The Texas Classic,wsdc-121
1,2015-05-swingin-into-spring,2015-05-01,61,Swingin' Into Spring,wsdc-144
1,2015-05-swingsation,2015-05-01,58,Swingsation,wsdc-174
1,2015-05-french-open-west-coast-swing,2015-05-01,114,French Open West Coast Swing,wsdc-175
1,2015-05-frezno-dance-classic,2015-05-01,80,FreZno Dance Classic,wsdc-20
1,2015-05-midatlantic-dance-classic,2015-05-01,58,MidAtlantic Dance Classic,wsdc-201
1,2015-05-hungarian-open,2015-05-01,73,Hungarian Open,wsdc-206
1,2015-05-kiwi-fest,2015-05-01,49,KIWI Fest,wsdc-219
1,2015-05-usa-grand-nationals,2015-05-01,106,USA Grand Nationals,wsdc-22
1,2015-05-show-me-showdown,2015-05-01,43,Show-Me Showdown,wsdc-221
1,2015-05-nordic-wcs-championships,2015-05-01,70,Nordic WCS Championships,wsdc-253
1,2015-05-swingdiego,2015-05-01,104,SwingDiego,wsdc-61
1,2015-05-michigan-dance-classic,2015-05-01,109,Michigan Dance Classic,wsdc-76
1,2015-06-colorado-country-classic,2015-06-01,43,Colorado Country Classic,wsdc-109
1,2015-06-orange-blossom-dance-festival,2015-06-01,54,Orange Blossom Dance Festival,wsdc-117
1,2015-06-swingapalooza,2015-06-01,87,Swingapalooza,wsdc-162
1,2015-06-nsw-west-coast-swing-dance-championships,2015-06-01,49,NSW West Coast Swing Dance Championships,wsdc-188
1,2015-06-dance-n-play,2015-06-01,75,Dance N Play,wsdc-207
1,2015-06-d-townswing,2015-06-01,69,D-Townswing,wsdc-220
1,2015-06-baltic-swing,2015-06-01,70,Baltic Swing,wsdc-222
1,2015-06-j-j-o-rama,2015-06-01,110,J&J O'Rama,wsdc-25
1,2015-06-finnfest,2015-06-01,50,Finnfest,wsdc-254
1,2015-06-liberty-swing-dance-championships,2015-06-01,157,Liberty Swing Dance Championships,wsdc-96
1,2015-07-of-july-convention,2015-07-01,109,4TH of July Convention,wsdc-1
1,2015-07-new-orleans-dance-mardi-gras,2015-07-01,80,New Orleans Dance Mardi Gras,wsdc-148
1,2015-07-florida-dance-magic,2015-07-01,54,Florida Dance Magic,wsdc-149
1,2015-07-big-apple-dance-festival,2015-07-01,36,Big Apple Dance Festival,wsdc-156
1,2015-07-sincity-swing,2015-07-01,70,SinCity Swing,wsdc-209
1,2015-07-wild-wild-westie,2015-07-01,104,Wild Wild Westie,wsdc-225
1,2015-07-ft-lauderdale-swing-shag-beach-bash,2015-07-01,61,Ft. Lauderdale Swing & Shag Beach Bash,wsdc-226
1,2015-07-indy-dance-explosion,2015-07-01,60,Indy Dance Explosion,wsdc-255
1,2015-07-rock-the-barn,2015-07-01,50,Rock The Barn,wsdc-256
1,2015-07-portland-dance-festival,2015-07-01,60,Portland Dance Festival,wsdc-44
1,2015-07-swingtime-in-the-rockies,2015-07-01,88,Swingtime in the Rockies,wsdc-66
1,2015-08-chicagoland-dance-festival,2015-08-01,69,Chicagoland Dance Festival,wsdc-119
1,2015-08-lone-star-invitational,2015-08-01,65,Lone Star Invitational,wsdc-120
1,2015-08-new-england-dance-festival,2015-08-01,49,New England Dance Festival,wsdc-157
1,2015-08-world-swing-masters,2015-08-01,19,World Swing Masters,wsdc-159
1,2015-08-swingtacular,2015-08-01,107,Swingtacular,wsdc-227
1,2015-08-summer-swing-classic,2015-08-01,69,Summer Swing Classic,wsdc-228
1,2015-08-palm-springs-summer-dance-classic,2015-08-01,93,Palm Springs Summer Dance Classic,wsdc-51
1,2015-08-summer-hummer,2015-08-01,106,Summer Hummer,wsdc-53
1,2015-08-swing-fling,2015-08-01,97,Swing Fling,wsdc-59
1,2015-08-arizona-dance-classic,2015-08-01,44,Arizona Dance Classic,wsdc-77
1,2015-09-bridgetown-swing-boogie,2015-09-01,109,Bridgetown Swing Boogie,wsdc-10
1,2015-09-meet-me-in-st-louis,2015-09-01,115,Meet Me In St Louis,wsdc-131
1,2015-09-desert-city-swing,2015-09-01,112,Desert City Swing,wsdc-135
1,2015-09-tampa-bay-classic,2015-09-01,101,Tampa Bay Classic,wsdc-137
1,2015-09-dallas-d-a-n-c-e,2015-09-01,68,Dallas D.A.N.C.E.,wsdc-15
1,2015-09-midland-swing-open,2015-09-01,49,Midland Swing Open,wsdc-165
1,2015-09-best-of-the-best,2015-09-01,60,Best of the Best,wsdc-167
1,2015-09-river-city-swing,2015-09-01,117,River City Swing,wsdc-177
1,2015-09-vermont-swing-dance-championships,2015-09-01,80,Vermont Swing Dance Championships,wsdc-190
1,2015-09-sunny-side-dance-camp,2015-09-01,39,Sunny Side Dance Camp,wsdc-230
1,2015-09-norway-westie-fest,2015-09-01,44,Norway Westie Fest,wsdc-232
1,2015-09-bavarian-open,2015-09-01,75,Bavarian Open,wsdc-233
1,2015-09-south-bay-cw-dance-festival,2015-09-01,78,South Bay CW Dance Festival,wsdc-48
1,2015-10-montreal-wcs-fest,2015-10-01,69,Montreal WCS Fest,wsdc-178
1,2015-10-new-zealand-open-swing-dance-championships,2015-10-01,39,New Zealand Open Swing Dance Championships,wsdc-179
1,2015-10-australian-open-swing-dance-championships,2015-10-01,50,Australian Open Swing Dance Championships,wsdc-180
1,2015-10-atlanta-swing-classic,2015-10-01,106,Atlanta Swing Classic,wsdc-211
1,2015-10-scandinavian-open,2015-10-01,54,Scandinavian Open,wsdc-229
1,2015-10-philly-swing-classic,2015-10-01,79,Philly Swing Classic,wsdc-234
1,2015-10-wcs-helsinki,2015-10-01,30,WCS Helsinki,wsdc-237
1,2015-10-italian-open,2015-10-01,110,Italian Open,wsdc-257
1,2015-10-paradise-country-dance-festival,2015-10-01,63,Paradise Country Dance Festival,wsdc-43
1,2015-10-boogie-by-the-bay,2015-10-01,120,Boogie By The Bay,wsdc-8
1,2015-11-swing-city-chicago,2015-11-01,109,Swing City Chicago,wsdc-125
1,2015-11-london-swingvitational,2015-11-01,55,London SWINGvitational,wsdc-166
1,2015-11-dc-swing-experience,2015-11-01,124,DC Swing eXperience,wsdc-181
1,2015-11-moscow-westie-dance-fest,2015-11-01,80,Moscow Westie Dance Fest,wsdc-194
1,2015-11-warsaw-halloween-swing,2015-11-01,100,Warsaw Halloween Swing,wsdc-236
1,2015-11-mountain-magic,2015-11-01,68,Mountain Magic,wsdc-31
1,2015-11-swingin-new-england-dance-festival,2015-11-01,96,Swingin' New England Dance Festival,wsdc-63
1,2015-11-halloween-swingthing,2015-11-01,107,Halloween SwingThing,wsdc-65
1,2015-11-us-open-swing-dance-championships,2015-11-01,116,US Open Swing Dance Championships,wsdc-68
1,2015-11-sea-to-sky,2015-11-01,102,Sea to Sky,wsdc-79
1,2015-11-c-a-s-h-bash-weekend,2015-11-01,84,C.A.S.H. Bash Weekend,wsdc-87
1,2015-12-the-after-party,2015-12-01,82,The After Party,wsdc-212
1,2015-12-winter-white,2015-12-01,54,Winter White,wsdc-238
1,2015-12-the-challenge,2015-12-01,115,The Challenge,wsdc-239
1,2016-01-spotlight-dance-challenge,2016-01-01,100,Spotlight Dance Challenge,wsdc-141
1,2016-01-freedom-swing-dance-challenge,2016-01-01,80,Freedom Swing Dance Challenge,wsdc-183
1,2016-01-budafest-open-wcs-championships,2016-01-01,106,BudaFest Open WCS Championships,wsdc-184
1,2016-01-palm-springs-new-years-swing-dance-classic,2016-01-01,120,Palm Springs New Years Swing Dance Classic,wsdc-195
1,2016-01-swingcouver,2016-01-01,98,SwingCouver,wsdc-196
1,2016-01-austin-swing-dance-championships,2016-01-01,99,Austin Swing Dance Championships,wsdc-200
1,2016-01-new-year-s-swing-fling,2016-01-01,92,New Year's Swing Fling,wsdc-214
1,2016-01-sweden-westie-gala,2016-01-01,73,Sweden Westie Gala,wsdc-240
1,2016-01-moscow-xmas-dance-camp,2016-01-01,35,Moscow Xmas Dance Camp,wsdc-241
1,2016-01-derby-city-swing,2016-01-01,87,Derby City Swing,wsdc-242
1,2016-01-new-year-s-dance-extravaganza,2016-01-01,79,New Year's Dance Extravaganza,wsdc-39
1,2016-01-floorplay-new-years-swing-vacation,2016-01-01,70,Floorplay New Years Swing Vacation,wsdc-42
1,2016-01-monterey-swingfest,2016-01-01,98,Monterey SwingFest,wsdc-62
1,2016-01-worlds-ucwdc,2016-01-01,48,Worlds UCWDC,wsdc-75
1,2016-02-capital-swing-dance-convention,2016-02-01,138,Capital Swing Dance Convention,wsdc-12
1,2016-02-dance-camp-chicago,2016-02-01,68,Dance Camp Chicago,wsdc-169
1,2016-02-sweetheart-swing-classic,2016-02-01,79,Sweetheart Swing Classic,wsdc-185
1,2016-02-5280-swing-dance-championships,2016-02-01,91,5280 Swing Dance Championships,wsdc-197
1,2016-02-swing-snow,2016-02-01,84,Swing & Snow,wsdc-215
1,2016-02-rose-city-swing,2016-02-01,92,Rose City Swing,wsdc-244
1,2016-02-holy-land-open,2016-02-01,49,Holy Land Open,wsdc-245
1,2016-02-swingtzerland,2016-02-01,52,Swingtzerland,wsdc-258
1,2016-03-the-chicago-classic,2016-03-01,139,The Chicago Classic,wsdc-142
1,2016-03-high-desert-dance-classic,2016-03-01,65,High Desert Dance Classic,wsdc-143
1,2016-03-novice-invitational,2016-03-01,72,Novice Invitational,wsdc-153
1,2016-03-russian-open-wcs-championships,2016-03-01,69,Russian Open WCS Championships,wsdc-170
1,2016-03-seattle-s-easter-swing,2016-03-01,108,Seattle's Easter Swing,wsdc-18
1,2016-03-west-in-lyon,2016-03-01,115,West In Lyon,wsdc-186
1,2016-03-the-brazilian-open-championships,2016-03-01,38,The Brazilian Open Championships,wsdc-216
1,2016-03-san-diego-dance-festival,2016-03-01,44,San Diego Dance Festival,wsdc-217
1,2016-03-swing-over-orlando,2016-03-01,80,Swing Over Orlando,wsdc-259
1,2016-03-boston-tea-party,2016-03-01,110,Boston Tea Party,wsdc-9
1,2016-03-mid-atlantic-dance-jam,2016-03-01,162,Mid-Atlantic Dance Jam,wsdc-92
1,2016-04-tulsa-spring-swing,2016-04-01,63,Tulsa Spring Swing,wsdc-132
1,2016-04-city-of-angels,2016-04-01,117,City of Angels,wsdc-187
1,2016-04-uk-european-wcs-championships,2016-04-01,115,UK & European WCS Championships,wsdc-198
1,2016-04-detonation-dance,2016-04-01,52,Detonation Dance ,wsdc-203
1,2016-04-asia-west-coast-swing-open,2016-04-01,60,Asia West Coast Swing Open,wsdc-218
1,2016-04-swing-escape,2016-04-01,40,Swing Escape,wsdc-246
1,2016-04-austrian-wcs-spectacle,2016-04-01,50,Austrian WCS Spectacle,wsdc-247
1,2016-05-canadian-swing-championships,2016-05-01,49,Canadian Swing Championships,wsdc-105
1,2016-05-the-texas-classic,2016-05-01,61,The Texas Classic,wsdc-121
1,2016-05-swing-dance-america,2016-05-01,85,Swing Dance America,wsdc-134
1,2016-05-swingin-into-spring,2016-05-01,75,Swingin' Into Spring,wsdc-144
1,2016-05-swingsation,2016-05-01,65,Swingsation,wsdc-174
1,2016-05-french-open-west-coast-swing,2016-05-01,79,French Open West Coast Swing,wsdc-175
1,2016-05-frezno-dance-classic,2016-05-01,80,FreZno Dance Classic,wsdc-20
1,2016-05-midatlantic-dance-classic,2016-05-01,30,MidAtlantic Dance Classic,wsdc-201
1,2016-05-soswing,2016-05-01,89,SOswing,wsdc-205
1,2016-05-hungarian-open,2016-05-01,68,Hungarian Open,wsdc-206
1,2016-05-kiwi-fest,2016-05-01,80,KIWI Fest,wsdc-219
1,2016-05-usa-grand-nationals,2016-05-01,113,USA Grand Nationals,wsdc-22
1,2016-05-show-me-showdown,2016-05-01,46,Show-Me Showdown,wsdc-221
1,2016-05-nordic-wcs-championships,2016-05-01,105,Nordic WCS Championships,wsdc-253
1,2016-05-swingdiego,2016-05-01,128,SwingDiego,wsdc-61
1,2016-06-colorado-country-classic,2016-06-01,55,Colorado Country Classic,wsdc-109
1,2016-06-orange-blossom-dance-festival,2016-06-01,50,Orange Blossom Dance Festival,wsdc-117
1,2016-06-swingapalooza,2016-06-01,87,Swingapalooza,wsdc-162
1,2016-06-nsw-west-coast-swing-dance-championships,2016-06-01,50,NSW West Coast Swing Dance Championships,wsdc-188
1,2016-06-dance-n-play,2016-06-01,73,Dance N Play,wsdc-207
1,2016-06-d-townswing,2016-06-01,99,D-Townswing,wsdc-220
1,2016-06-baltic-swing,2016-06-01,80,Baltic Swing,wsdc-222
1,2016-06-slingshot-swing,2016-06-01,54,Slingshot Swing,wsdc-223
1,2016-06-j-j-o-rama,2016-06-01,114,J&J O'Rama,wsdc-25
1,2016-06-finnfest,2016-06-01,55,Finnfest,wsdc-254
1,2016-06-neverland-swing,2016-06-01,49,Neverland Swing,wsdc-261
1,2016-06-michigan-dance-classic,2016-06-01,101,Michigan Dance Classic,wsdc-76
1,2016-06-liberty-swing-dance-championships,2016-06-01,120,Liberty Swing Dance Championships,wsdc-96
1,2016-07-of-july-convention,2016-07-01,118,4TH of July Convention,wsdc-1
1,2016-07-toronto-open-swing-hustle-championships,2016-07-01,85,Toronto Open Swing & Hustle Championships,wsdc-147
1,2016-07-new-orleans-dance-mardi-gras,2016-07-01,68,New Orleans Dance Mardi Gras,wsdc-148
1,2016-07-florida-dance-magic,2016-07-01,62,Florida Dance Magic,wsdc-149
1,2016-07-big-apple-dance-festival,2016-07-01,30,Big Apple Dance Festival,wsdc-156
1,2016-07-wild-wild-westie,2016-07-01,123,Wild Wild Westie,wsdc-225
1,2016-07-ft-lauderdale-swing-shag-beach-bash,2016-07-01,52,Ft. Lauderdale Swing & Shag Beach Bash,wsdc-226
1,2016-07-indy-dance-explosion,2016-07-01,59,Indy Dance Explosion,wsdc-255
1,2016-07-rock-the-barn,2016-07-01,40,Rock The Barn,wsdc-256
1,2016-07-sao-paulo-swing-dance-championships,2016-07-01,39,Sao Paulo Swing Dance Championships,wsdc-260
1,2016-07-swing-it-like-it-s-hot,2016-07-01,50,Swing It Like It's Hot,wsdc-262
1,2016-07-portland-dance-festival,2016-07-01,65,Portland Dance Festival,wsdc-44
1,2016-07-swingtime-in-the-rockies,2016-07-01,86,Swingtime in the Rockies,wsdc-66
1,2016-07-arizona-dance-classic,2016-07-01,50,Arizona Dance Classic,wsdc-77
1,2016-08-chicagoland-dance-festival,2016-08-01,70,Chicagoland Dance Festival,wsdc-119
1,2016-08-lone-star-invitational,2016-08-01,79,Lone Star Invitational,wsdc-120
1,2016-08-tampa-bay-classic,2016-08-01,85,Tampa Bay Classic,wsdc-137
1,2016-08-new-england-dance-festival,2016-08-01,40,New England Dance Festival,wsdc-157
1,2016-08-sea-sun-and-swing,2016-08-01,75,Sea Sun and Swing,wsdc-164
1,2016-08-midwest-westie-fest,2016-08-01,76,Midwest Westie Fest,wsdc-224
1,2016-08-swingtacular,2016-08-01,117,Swingtacular,wsdc-227
1,2016-08-riga-summer-swing,2016-08-01,62,Riga Summer Swing,wsdc-263
1,2016-08-swedish-swing-summer-camp,2016-08-01,70,Swedish Swing Summer Camp,wsdc-264
1,2016-08-palm-springs-summer-dance-classic,2016-08-01,113,Palm Springs Summer Dance Classic,wsdc-51
1,2016-08-summer-hummer,2016-08-01,113,Summer Hummer,wsdc-53
1,2016-08-swing-fling,2016-08-01,130,Swing Fling,wsdc-59
1,2016-09-meet-me-in-st-louis,2016-09-01,103,Meet Me In St Louis,wsdc-131
1,2016-09-desert-city-swing,2016-09-01,136,Desert City Swing,wsdc-135
1,2016-09-dallas-d-a-n-c-e,2016-09-01,58,Dallas D.A.N.C.E.,wsdc-15
1,2016-09-best-of-the-best,2016-09-01,63,Best of the Best,wsdc-167
1,2016-09-river-city-swing,2016-09-01,90,River City Swing,wsdc-177
1,2016-09-sunny-side-dance-camp,2016-09-01,40,Sunny Side Dance Camp,wsdc-230
1,2016-09-swing-trilogy,2016-09-01,105,Swing Trilogy,wsdc-231
1,2016-09-norway-westie-fest,2016-09-01,50,Norway Westie Fest,wsdc-232
1,2016-09-bavarian-open,2016-09-01,63,Bavarian Open,wsdc-233
1,2016-09-philly-swing-classic,2016-09-01,68,Philly Swing Classic,wsdc-234
1,2016-09-upstate-dance-challenge,2016-09-01,78,Upstate Dance Challenge,wsdc-265
1,2016-09-rocky-mountain-5-dance,2016-09-01,53,Rocky Mountain 5 Dance,wsdc-266
1,2016-09-south-bay-cw-dance-festival,2016-09-01,61,South Bay CW Dance Festival,wsdc-48
1,2016-10-bridgetown-swing-boogie,2016-10-01,119,Bridgetown Swing Boogie,wsdc-10
1,2016-10-swing-city-chicago,2016-10-01,127,Swing City Chicago,wsdc-125
1,2016-10-midland-swing-open,2016-10-01,50,Midland Swing Open,wsdc-165
1,2016-10-montreal-wcs-fest,2016-10-01,75,Montreal WCS Fest,wsdc-178
1,2016-10-new-zealand-open-swing-dance-championships,2016-10-01,30,New Zealand Open Swing Dance Championships,wsdc-179
1,2016-10-atlanta-swing-classic,2016-10-01,125,Atlanta Swing Classic,wsdc-211
1,2016-10-warsaw-halloween-swing,2016-10-01,105,Warsaw Halloween Swing,wsdc-236
1,2016-10-italian-open,2016-10-01,95,Italian Open,wsdc-257
1,2016-10-swustlicious,2016-10-01,44,Swustlicious,wsdc-267
1,2016-10-korea-westival,2016-10-01,32,Korea Westival,wsdc-268
1,2016-10-paradise-country-dance-festival,2016-10-01,83,Paradise Country Dance Festival,wsdc-43
1,2016-10-halloween-swingthing,2016-10-01,96,Halloween SwingThing,wsdc-65
1,2016-10-boogie-by-the-bay,2016-10-01,123,Boogie By The Bay,wsdc-8
1,2016-11-dc-swing-experience,2016-11-01,131,DC Swing eXperience,wsdc-181
1,2016-11-moscow-westie-dance-fest,2016-11-01,88,Moscow Westie Dance Fest,wsdc-194
1,2016-11-scandinavian-open,2016-11-01,75,Scandinavian Open,wsdc-229
1,2016-11-wcs-helsinki,2016-11-01,48,WCS Helsinki,wsdc-237
1,2016-11-autumn-swing-challenge,2016-11-01,49,Autumn Swing Challenge,wsdc-269
1,2016-11-westie-s-angels,2016-11-01,73,Westie's Angels,wsdc-270
1,2016-11-mountain-magic,2016-11-01,68,Mountain Magic,wsdc-31
1,2016-11-swingin-new-england-dance-festival,2016-11-01,100,Swingin' New England Dance Festival,wsdc-63
1,2016-11-us-open-swing-dance-championships,2016-11-01,110,US Open Swing Dance Championships,wsdc-68
1,2016-11-sea-to-sky,2016-11-01,107,Sea to Sky,wsdc-79
1,2016-11-c-a-s-h-bash-weekend,2016-11-01,85,C.A.S.H. Bash Weekend,wsdc-87
1,2016-12-the-after-party,2016-12-01,103,The After Party,wsdc-212
1,2016-12-swingtimate,2016-12-01,45,Swingtimate,wsdc-213
1,2016-12-winter-white,2016-12-01,50,Winter White,wsdc-238
1,2016-12-berlin-swing-revolution,2016-12-01,70,Berlin Swing Revolution,wsdc-271
1,2017-01-spotlight-dance-challenge,2017-01-01,101,Spotlight Dance Challenge,wsdc-141
1,2017-01-freedom-swing-dance-challenge,2017-01-01,82,Freedom Swing Dance Challenge,wsdc-183
1,2017-01-budafest-open-wcs-championships,2017-01-01,115,BudaFest Open WCS Championships,wsdc-184
1,2017-01-palm-springs-new-years-swing-dance-classic,2017-01-01,110,Palm Springs New Years Swing Dance Classic,wsdc-195
1,2017-01-swingcouver,2017-01-01,86,SwingCouver,wsdc-196
1,2017-01-austin-swing-dance-championships,2017-01-01,110,Austin Swing Dance Championships,wsdc-200
1,2017-01-new-year-s-swing-fling,2017-01-01,85,New Year's Swing Fling,wsdc-214
1,2017-01-sweden-westie-gala,2017-01-01,60,Sweden Westie Gala,wsdc-240
1,2017-01-moscow-xmas-dance-camp,2017-01-01,54,Moscow Xmas Dance Camp,wsdc-241
1,2017-01-derby-city-swing,2017-01-01,105,Derby City Swing,wsdc-242
1,2017-01-paris-westie-fest,2017-01-01,75,Paris Westie Fest,wsdc-272
1,2017-01-new-year-s-dance-extravaganza,2017-01-01,76,New Year's Dance Extravaganza,wsdc-39
1,2017-01-floorplay-new-years-swing-vacation,2017-01-01,80,Floorplay New Years Swing Vacation,wsdc-42
1,2017-01-monterey-swingfest,2017-01-01,110,Monterey SwingFest,wsdc-62
1,2017-01-worlds-ucwdc,2017-01-01,50,Worlds UCWDC,wsdc-75
1,2017-02-capital-swing-dance-convention,2017-02-01,135,Capital Swing Dance Convention,wsdc-12
1,2017-02-dance-camp-chicago,2017-02-01,67,Dance Camp Chicago,wsdc-169
1,2017-02-sweetheart-swing-classic,2017-02-01,95,Sweetheart Swing Classic,wsdc-185
1,2017-02-5280-swing-dance-championships,2017-02-01,81,5280 Swing Dance Championships,wsdc-197
1,2017-02-swing-snow,2017-02-01,99,Swing & Snow,wsdc-215
1,2017-02-rose-city-swing,2017-02-01,97,Rose City Swing,wsdc-244
1,2017-02-swingtzerland,2017-02-01,75,Swingtzerland,wsdc-258
1,2017-02-charlotte-westie-fest,2017-02-01,125,Charlotte Westie Fest,wsdc-273
1,2017-02-australasian-wcs-zouk-champs,2017-02-01,50,Australasian WCS & Zouk Champs,wsdc-274
1,2017-03-high-desert-dance-classic,2017-03-01,75,High Desert Dance Classic,wsdc-143
1,2017-03-novice-invitational,2017-03-01,79,Novice Invitational,wsdc-153
1,2017-03-west-in-lyon,2017-03-01,115,West In Lyon,wsdc-186
1,2017-03-swing-escape,2017-03-01,49,Swing Escape,wsdc-246
1,2017-03-austrian-wcs-spectacle,2017-03-01,40,Austrian WCS Spectacle,wsdc-247
1,2017-03-swing-over-orlando,2017-03-01,75,Swing Over Orlando,wsdc-259
1,2017-03-dutch-open-west-coast-swing,2017-03-01,59,Dutch Open West Coast Swing,wsdc-275
1,2017-03-boston-tea-party,2017-03-01,125,Boston Tea Party,wsdc-9
1,2017-03-mid-atlantic-dance-jam,2017-03-01,185,Mid-Atlantic Dance Jam,wsdc-92
1,2017-04-tulsa-spring-swing,2017-04-01,77,Tulsa Spring Swing,wsdc-132
1,2017-04-swing-dance-america,2017-04-01,101,Swing Dance America,wsdc-134
1,2017-04-russian-open-wcs-championships,2017-04-01,55,Russian Open WCS Championships,wsdc-170
1,2017-04-seattle-s-easter-swing,2017-04-01,141,Seattle's Easter Swing,wsdc-18
1,2017-04-city-of-angels,2017-04-01,126,City of Angels,wsdc-187
1,2017-04-uk-european-wcs-championships,2017-04-01,92,UK & European WCS Championships,wsdc-198
1,2017-04-detonation-dance,2017-04-01,53,Detonation Dance ,wsdc-203
1,2017-04-san-diego-dance-festival,2017-04-01,65,San Diego Dance Festival,wsdc-217
1,2017-04-asia-west-coast-swing-open,2017-04-01,64,Asia West Coast Swing Open,wsdc-218
1,2017-04-nordic-wcs-championships,2017-04-01,98,Nordic WCS Championships,wsdc-253
1,2017-04-anchor-festival,2017-04-01,69,Anchor Festival,wsdc-276
1,2017-05-canadian-swing-championships,2017-05-01,43,Canadian Swing Championships,wsdc-105
1,2017-05-the-texas-classic,2017-05-01,49,The Texas Classic,wsdc-121
1,2017-05-swingin-into-spring,2017-05-01,74,Swingin' Into Spring,wsdc-144
1,2017-05-swingsation,2017-05-01,60,Swingsation,wsdc-174
1,2017-05-french-open-west-coast-swing,2017-05-01,103,French Open West Coast Swing,wsdc-175
1,2017-05-frezno-dance-classic,2017-05-01,90,FreZno Dance Classic,wsdc-20
1,2017-05-soswing,2017-05-01,90,SOswing,wsdc-205
1,2017-05-hungarian-open,2017-05-01,75,Hungarian Open,wsdc-206
1,2017-05-kiwi-fest,2017-05-01,79,KIWI Fest,wsdc-219
1,2017-05-usa-grand-nationals,2017-05-01,116,USA Grand Nationals,wsdc-22
1,2017-05-show-me-showdown,2017-05-01,30,Show-Me Showdown,wsdc-221
1,2017-05-scotland-swing-classic,2017-05-01,50,Scotland Swing Classic,wsdc-277
1,2017-05-swingdiego,2017-05-01,117,SwingDiego,wsdc-61
1,2017-06-colorado-country-classic,2017-06-01,53,Colorado Country Classic,wsdc-109
1,2017-06-orange-blossom-dance-festival,2017-06-01,45,Orange Blossom Dance Festival,wsdc-117
1,2017-06-swingapalooza,2017-06-01,111,Swingapalooza,wsdc-162
1,2017-06-nsw-west-coast-swing-dance-championships,2017-06-01,42,NSW West Coast Swing Dance Championships,wsdc-188
1,2017-06-dance-n-play,2017-06-01,57,Dance N Play,wsdc-207
1,2017-06-d-townswing,2017-06-01,110,D-Townswing,wsdc-220
1,2017-06-baltic-swing,2017-06-01,94,Baltic Swing,wsdc-222
1,2017-06-j-j-o-rama,2017-06-01,135,J&J O'Rama,wsdc-25
1,2017-06-finnfest,2017-06-01,49,Finnfest,wsdc-254
1,2017-06-korea-westival,2017-06-01,45,Korea Westival,wsdc-268
1,2017-06-swing-open-kazan,2017-06-01,35,Swing Open Kazan,wsdc-279
1,2017-06-michigan-dance-classic,2017-06-01,92,Michigan Dance Classic,wsdc-76
1,2017-07-of-july-convention,2017-07-01,121,4TH of July Convention,wsdc-1
1,2017-07-toronto-open-swing-hustle-championships,2017-07-01,90,Toronto Open Swing & Hustle Championships,wsdc-147
1,2017-07-new-orleans-dance-mardi-gras,2017-07-01,56,New Orleans Dance Mardi Gras,wsdc-148
1,2017-07-florida-dance-magic,2017-07-01,63,Florida Dance Magic,wsdc-149
1,2017-07-big-apple-dance-festival,2017-07-01,35,Big Apple Dance Festival,wsdc-156
1,2017-07-sea-sun-and-swing,2017-07-01,85,Sea Sun and Swing,wsdc-164
1,2017-07-new-zealand-open-swing-dance-championships,2017-07-01,40,New Zealand Open Swing Dance Championships,wsdc-179
1,2017-07-wild-wild-westie,2017-07-01,125,Wild Wild Westie,wsdc-225
1,2017-07-ft-lauderdale-swing-shag-beach-bash,2017-07-01,40,Ft. Lauderdale Swing & Shag Beach Bash,wsdc-226
1,2017-07-indy-dance-explosion,2017-07-01,52,Indy Dance Explosion,wsdc-255
1,2017-07-rock-the-barn,2017-07-01,73,Rock The Barn,wsdc-256
1,2017-07-neverland-swing,2017-07-01,57,Neverland Swing,wsdc-261
1,2017-07-swing-it-like-it-s-hot,2017-07-01,70,Swing It Like It's Hot,wsdc-262
1,2017-07-americano-dance-camp,2017-07-01,38,Americano Dance Camp,wsdc-278
1,2017-07-saint-petersburg-wcs-nights,2017-07-01,67,Saint Petersburg WCS Nights,wsdc-280
1,2017-07-sacramento-all-swing,2017-07-01,79,Sacramento All Swing,wsdc-281
1,2017-07-portland-dance-festival,2017-07-01,60,Portland Dance Festival,wsdc-44
1,2017-07-palm-springs-summer-dance-classic,2017-07-01,97,Palm Springs Summer Dance Classic,wsdc-51
1,2017-07-swingtime-in-the-rockies,2017-07-01,78,Swingtime in the Rockies,wsdc-66
1,2017-07-arizona-dance-classic,2017-07-01,40,Arizona Dance Classic,wsdc-77
1,2017-07-liberty-swing-dance-championships,2017-07-01,126,Liberty Swing Dance Championships,wsdc-96
1,2017-08-chicagoland-dance-festival,2017-08-01,69,Chicagoland Dance Festival,wsdc-119
1,2017-08-lone-star-invitational,2017-08-01,60,Lone Star Invitational,wsdc-120
1,2017-08-tampa-bay-classic,2017-08-01,96,Tampa Bay Classic,wsdc-137
1,2017-08-new-england-dance-festival,2017-08-01,49,New England Dance Festival,wsdc-157
1,2017-08-midwest-westie-fest,2017-08-01,83,Midwest Westie Fest,wsdc-224
1,2017-08-swingtacular,2017-08-01,116,Swingtacular,wsdc-227
1,2017-08-riga-summer-swing,2017-08-01,85,Riga Summer Swing,wsdc-263
1,2017-08-swedish-swing-summer-camp,2017-08-01,73,Swedish Swing Summer Camp,wsdc-264
1,2017-08-german-open,2017-08-01,60,German Open,wsdc-282
1,2017-08-kazan-el-fest,2017-08-01,40,Kazan EL Fest,wsdc-283
1,2017-08-summer-hummer,2017-08-01,115,Summer Hummer,wsdc-53
1,2017-08-swing-fling,2017-08-01,135,Swing Fling,wsdc-59
1,2017-09-bridgetown-swing-boogie,2017-09-01,110,Bridgetown Swing Boogie,wsdc-10
1,2017-09-meet-me-in-st-louis,2017-09-01,99,Meet Me In St Louis,wsdc-131
1,2017-09-desert-city-swing,2017-09-01,119,Desert City Swing,wsdc-135
1,2017-09-dallas-d-a-n-c-e,2017-09-01,48,Dallas D.A.N.C.E.,wsdc-15
1,2017-09-river-city-swing,2017-09-01,94,River City Swing,wsdc-177
1,2017-09-swing-trilogy,2017-09-01,119,Swing Trilogy,wsdc-231
1,2017-09-norway-westie-fest,2017-09-01,58,Norway Westie Fest,wsdc-232
1,2017-09-bavarian-open,2017-09-01,80,Bavarian Open,wsdc-233
1,2017-09-philly-swing-classic,2017-09-01,80,Philly Swing Classic,wsdc-234
1,2017-09-upstate-dance-challenge,2017-09-01,85,Upstate Dance Challenge,wsdc-265
1,2017-09-citadel-swing,2017-09-01,70,Citadel Swing,wsdc-284
1,2017-09-south-bay-cw-dance-festival,2017-09-01,63,South Bay CW Dance Festival,wsdc-48
1,2017-10-swing-city-chicago,2017-10-01,122,Swing City Chicago,wsdc-125
1,2017-10-midland-swing-open,2017-10-01,50,Midland Swing Open,wsdc-165
1,2017-10-best-of-the-best,2017-10-01,60,Best of the Best,wsdc-167
1,2017-10-montreal-wcs-fest,2017-10-01,68,Montreal WCS Fest,wsdc-178
1,2017-10-atlanta-swing-classic,2017-10-01,133,Atlanta Swing Classic,wsdc-211
1,2017-10-warsaw-halloween-swing,2017-10-01,100,Warsaw Halloween Swing,wsdc-236
1,2017-10-italian-open,2017-10-01,89,Italian Open,wsdc-257
1,2017-10-swustlicious,2017-10-01,57,Swustlicious,wsdc-267
1,2017-10-old-town-swing,2017-10-01,52,Old Town Swing,wsdc-285
1,2017-10-wcs-festival,2017-10-01,65,WCS Festival,wsdc-286
1,2017-10-paradise-country-dance-festival,2017-10-01,80,Paradise Country Dance Festival,wsdc-43
1,2017-10-halloween-swingthing,2017-10-01,116,Halloween SwingThing,wsdc-65
1,2017-10-boogie-by-the-bay,2017-10-01,126,Boogie By The Bay,wsdc-8
1,2017-11-london-swingvitational,2017-11-01,50,London SWINGvitational,wsdc-166
1,2017-11-dc-swing-experience,2017-11-01,155,DC Swing eXperience,wsdc-181
1,2017-11-moscow-westie-dance-fest,2017-11-01,85,Moscow Westie Dance Fest,wsdc-194
1,2017-11-scandinavian-open,2017-11-01,80,Scandinavian Open,wsdc-229
1,2017-11-wcs-helsinki,2017-11-01,29,WCS Helsinki,wsdc-237
1,2017-11-autumn-swing-challenge,2017-11-01,72,Autumn Swing Challenge,wsdc-269
1,2017-11-westie-s-angels,2017-11-01,80,Westie's Angels,wsdc-270
1,2017-11-florida-westie-fest,2017-11-01,60,Florida Westie Fest,wsdc-287
1,2017-11-midnight-madness,2017-11-01,58,Midnight Madness,wsdc-288
1,2017-11-mountain-magic,2017-11-01,59,Mountain Magic,wsdc-31
1,2017-11-swingin-new-england-dance-festival,2017-11-01,100,Swingin' New England Dance Festival,wsdc-63
1,2017-11-us-open-swing-dance-championships,2017-11-01,115,US Open Swing Dance Championships,wsdc-68
1,2017-11-sea-to-sky,2017-11-01,85,Sea to Sky,wsdc-79
1,2017-11-c-a-s-h-bash-weekend,2017-11-01,88,C.A.S.H. Bash Weekend,wsdc-87
1,2017-12-spotlight-dance-challenge,2017-12-01,121,Spotlight Dance Challenge,wsdc-141
1,2017-12-the-after-party,2017-12-01,113,The After Party,wsdc-212
1,2017-12-swingtimate,2017-12-01,43,Swingtimate,wsdc-213
1,2017-12-new-year-s-swing-fling,2017-12-01,95,New Year's Swing Fling,wsdc-214
1,2017-12-winter-white,2017-12-01,69,Winter White,wsdc-238
1,2017-12-berlin-swing-revolution,2017-12-01,65,Berlin Swing Revolution,wsdc-271
1,2017-12-floorplay-new-years-swing-vacation,2017-12-01,100,Floorplay New Years Swing Vacation,wsdc-42
1,2018-01-freedom-swing-dance-challenge,2018-01-01,101,Freedom Swing Dance Challenge,wsdc-183
1,2018-01-budafest-open-wcs-championships,2018-01-01,131,BudaFest Open WCS Championships,wsdc-184
1,2018-01-palm-springs-new-years-swing-dance-classic,2018-01-01,107,Palm Springs New Years Swing Dance Classic,wsdc-195
1,2018-01-swingcouver,2018-01-01,127,SwingCouver,wsdc-196
1,2018-01-austin-swing-dance-championships,2018-01-01,109,Austin Swing Dance Championships,wsdc-200
1,2018-01-sweden-westie-gala,2018-01-01,50,Sweden Westie Gala,wsdc-240
1,2018-01-derby-city-swing,2018-01-01,92,Derby City Swing,wsdc-242
1,2018-01-paris-westie-fest,2018-01-01,74,Paris Westie Fest,wsdc-272
1,2018-01-swingvester,2018-01-01,67,Swingvester,wsdc-289
1,2018-01-shooba-dooba-swing,2018-01-01,48,Shooba Dooba Swing,wsdc-290
1,2018-01-municorn-swing,2018-01-01,42,Municorn Swing,wsdc-291
1,2018-01-new-year-s-dance-extravaganza,2018-01-01,90,New Year's Dance Extravaganza,wsdc-39
1,2018-01-monterey-swingfest,2018-01-01,120,Monterey SwingFest,wsdc-62
1,2018-01-worlds-ucwdc,2018-01-01,47,Worlds UCWDC,wsdc-75
1,2018-02-capital-swing-dance-convention,2018-02-01,130,Capital Swing Dance Convention,wsdc-12
1,2018-02-dance-camp-chicago,2018-02-01,63,Dance Camp Chicago,wsdc-169
1,2018-02-sweetheart-swing-classic,2018-02-01,77,Sweetheart Swing Classic,wsdc-185
1,2018-02-swing-snow,2018-02-01,84,Swing & Snow,wsdc-215
1,2018-02-rose-city-swing,2018-02-01,120,Rose City Swing,wsdc-244
1,2018-02-swingtzerland,2018-02-01,70,Swingtzerland,wsdc-258
1,2018-02-charlotte-westie-fest,2018-02-01,146,Charlotte Westie Fest,wsdc-273
1,2018-03-the-chicago-classic,2018-03-01,143,The Chicago Classic,wsdc-142
1,2018-03-high-desert-dance-classic,2018-03-01,60,High Desert Dance Classic,wsdc-143
1,2018-03-novice-invitational,2018-03-01,72,Novice Invitational,wsdc-153
1,2018-03-russian-open-wcs-championships,2018-03-01,64,Russian Open WCS Championships,wsdc-170
1,2018-03-west-in-lyon,2018-03-01,115,West In Lyon,wsdc-186
1,2018-03-5280-swing-dance-championships,2018-03-01,80,5280 Swing Dance Championships,wsdc-197
1,2018-03-swing-escape,2018-03-01,38,Swing Escape,wsdc-246
1,2018-03-swing-over-orlando,2018-03-01,56,Swing Over Orlando,wsdc-259
1,2018-03-dutch-open-west-coast-swing,2018-03-01,54,Dutch Open West Coast Swing,wsdc-275
1,2018-03-king-swing,2018-03-01,86,King Swing,wsdc-292
1,2018-03-boston-tea-party,2018-03-01,120,Boston Tea Party,wsdc-9
1,2018-03-mid-atlantic-dance-jam,2018-03-01,188,Mid-Atlantic Dance Jam,wsdc-92
1,2018-04-swing-dance-america,2018-04-01,84,Swing Dance America,wsdc-134
1,2018-04-seattle-s-easter-swing,2018-04-01,136,Seattle's Easter Swing,wsdc-18
1,2018-04-city-of-angels,2018-04-01,122,City of Angels,wsdc-187
1,2018-04-uk-european-wcs-championships,2018-04-01,95,UK & European WCS Championships,wsdc-198
1,2018-04-detonation-dance,2018-04-01,37,Detonation Dance ,wsdc-203
1,2018-04-soswing,2018-04-01,77,SOswing,wsdc-205
1,2018-04-san-diego-dance-festival,2018-04-01,42,San Diego Dance Festival,wsdc-217
1,2018-04-asia-west-coast-swing-open,2018-04-01,68,Asia West Coast Swing Open,wsdc-218
1,2018-04-nordic-wcs-championships,2018-04-01,98,Nordic WCS Championships,wsdc-253
1,2018-04-anchor-festival,2018-04-01,76,Anchor Festival,wsdc-276
1,2018-04-westy-nantes,2018-04-01,75,Westy Nantes,wsdc-293
1,2018-05-canadian-swing-championships,2018-05-01,38,Canadian Swing Championships,wsdc-105
1,2018-05-the-texas-classic,2018-05-01,43,The Texas Classic,wsdc-121
1,2018-05-swingin-into-spring,2018-05-01,64,Swingin' Into Spring,wsdc-144
1,2018-05-swingsation,2018-05-01,64,Swingsation,wsdc-174
1,2018-05-french-open-west-coast-swing,2018-05-01,110,French Open West Coast Swing,wsdc-175
1,2018-05-frezno-dance-classic,2018-05-01,76,FreZno Dance Classic,wsdc-20
1,2018-05-hungarian-open,2018-05-01,74,Hungarian Open,wsdc-206
1,2018-05-kiwi-fest,2018-05-01,60,KIWI Fest,wsdc-219
1,2018-05-usa-grand-nationals,2018-05-01,132,USA Grand Nationals,wsdc-22
1,2018-05-show-me-showdown,2018-05-01,64,Show-Me Showdown,wsdc-221
1,2018-05-scotland-swing-classic,2018-05-01,29,Scotland Swing Classic,wsdc-277
1,2018-05-swingdiego,2018-05-01,113,SwingDiego,wsdc-61
1,2018-06-orange-blossom-dance-festival,2018-06-01,39,Orange Blossom Dance Festival,wsdc-117
1,2018-06-swingapalooza,2018-06-01,90,Swingapalooza,wsdc-162
1,2018-06-new-zealand-open-swing-dance-championships,2018-06-01,22,New Zealand Open Swing Dance Championships,wsdc-179
1,2018-06-nsw-west-coast-swing-dance-championships,2018-06-01,35,NSW West Coast Swing Dance Championships,wsdc-188
1,2018-06-dance-n-play,2018-06-01,56,Dance N Play,wsdc-207
1,2018-06-d-townswing,2018-06-01,99,D-Townswing,wsdc-220
1,2018-06-baltic-swing,2018-06-01,92,Baltic Swing,wsdc-222
1,2018-06-j-j-o-rama,2018-06-01,136,J&J O'Rama,wsdc-25
1,2018-06-finnfest,2018-06-01,64,Finnfest,wsdc-254
1,2018-06-korea-westival,2018-06-01,43,Korea Westival,wsdc-268
1,2018-06-michigan-dance-classic,2018-06-01,90,Michigan Dance Classic,wsdc-76
1,2018-07-of-july-convention,2018-07-01,83,4TH of July Convention,wsdc-1
1,2018-07-toronto-open-swing-hustle-championships,2018-07-01,82,Toronto Open Swing & Hustle Championships,wsdc-147
1,2018-07-new-orleans-dance-mardi-gras,2018-07-01,26,New Orleans Dance Mardi Gras,wsdc-148
1,2018-07-florida-dance-magic,2018-07-01,43,Florida Dance Magic,wsdc-149
1,2018-07-big-apple-dance-festival,2018-07-01,33,Big Apple Dance Festival,wsdc-156
1,2018-07-wild-wild-westie,2018-07-01,146,Wild Wild Westie,wsdc-225
1,2018-07-ft-lauderdale-swing-shag-beach-bash,2018-07-01,17,Ft. Lauderdale Swing & Shag Beach Bash,wsdc-226
1,2018-07-indy-dance-explosion,2018-07-01,42,Indy Dance Explosion,wsdc-255
1,2018-07-rock-the-barn,2018-07-01,49,Rock The Barn,wsdc-256
1,2018-07-neverland-swing,2018-07-01,46,Neverland Swing,wsdc-261
1,2018-07-swing-it-like-it-s-hot,2018-07-01,43,Swing It Like It's Hot,wsdc-262
1,2018-07-americano-dance-camp,2018-07-01,40,Americano Dance Camp,wsdc-278
1,2018-07-saint-petersburg-wcs-nights,2018-07-01,51,Saint Petersburg WCS Nights,wsdc-280
1,2018-07-odyssey-west-coast-swing,2018-07-01,29,Odyssey West Coast Swing,wsdc-303
1,2018-07-portland-dance-festival,2018-07-01,61,Portland Dance Festival,wsdc-44
1,2018-07-swingtime-in-the-rockies,2018-07-01,103,Swingtime in the Rockies,wsdc-47
1,2018-07-liberty-swing-dance-championships,2018-07-01,140,Liberty Swing Dance Championships,wsdc-96
1,2018-08-lonestar-invitational,2018-08-01,49,LoneStar Invitational,wsdc-120
1,2018-08-tampa-bay-classic,2018-08-01,64,Tampa Bay Classic,wsdc-137
1,2018-08-new-england-dance-festival,2018-08-01,38,New England Dance Festival,wsdc-157
1,2018-08-midwest-westie-fest,2018-08-01,67,Midwest Westie Fest,wsdc-224
1,2018-08-swingtacular,2018-08-01,137,Swingtacular,wsdc-227
1,2018-08-riga-summer-swing,2018-08-01,91,Riga Summer Swing,wsdc-263
1,2018-08-swedish-swing-summer-camp,2018-08-01,60,Swedish Swing Summer Camp,wsdc-264
1,2018-08-german-open-wcs-championships,2018-08-01,63,German Open WCS Championships,wsdc-282
1,2018-08-shakedown-swing,2018-08-01,32,Shakedown Swing,wsdc-298
1,2018-08-palm-springs-summer-dance-camp-classic,2018-08-01,83,Palm Springs Summer Dance Camp Classic,wsdc-51
1,2018-08-summer-hummer,2018-08-01,134,Summer Hummer,wsdc-53
1,2018-08-swing-fling,2018-08-01,150,Swing Fling,wsdc-59
1,2018-08-arizona-dance-classic,2018-08-01,40,Arizona Dance Classic,wsdc-77
1,2018-08-chicagoland-country-swing-dance-festival,2018-08-01,58,Chicagoland Country & Swing Dance Festival,wsdc-99
1,2018-09-bridgetown-swing,2018-09-01,93,BridgeTown Swing,wsdc-10
1,2018-09-meet-me-in-st-louis-swing-dance-championships,2018-09-01,96,Meet Me in St. Louis Swing Dance Championships,wsdc-131
1,2018-09-desert-city-swing,2018-09-01,114,Desert City Swing,wsdc-135
1,2018-09-dallas-d-a-n-c-e,2018-09-01,20,Dallas D.A.N.C.E.,wsdc-15
1,2018-09-midland-swing-open,2018-09-01,75,Midland Swing Open,wsdc-165
1,2018-09-best-of-the-best,2018-09-01,39,Best of the Best,wsdc-167
1,2018-09-river-city-swing,2018-09-01,92,River City Swing,wsdc-177
1,2018-09-the-brazilian-open,2018-09-01,24,The Brazilian Open,wsdc-216
1,2018-09-trilogy-swing,2018-09-01,110,Trilogy Swing,wsdc-231
1,2018-09-norway-westie-fest,2018-09-01,51,Norway Westie Fest,wsdc-232
1,2018-09-bavarian-open-wcs,2018-09-01,98,Bavarian Open WCS,wsdc-233
1,2018-09-philly-swing-classic,2018-09-01,71,Philly Swing Classic,wsdc-234
1,2018-09-rocky-mountain-five-dance-rm5,2018-09-01,35,Rocky Mountain Five Dance (RM5),wsdc-266
1,2018-09-citadel-swing,2018-09-01,76,Citadel Swing,wsdc-284
1,2018-09-fall-fall-in-swing,2018-09-01,37,Fall Fall in Swing,wsdc-296
1,2018-09-ukrainian-open,2018-09-01,51,Ukrainian Open,wsdc-299
1,2018-09-austin-rocks,2018-09-01,81,Austin Rocks,wsdc-300
1,2018-09-south-bay-dance-fling,2018-09-01,74,South Bay Dance Fling,wsdc-48
1,2018-10-swing-city-chicago,2018-10-01,118,Swing City Chicago,wsdc-125
1,2018-10-montreal-westie-fest,2018-10-01,83,Montreal Westie Fest,wsdc-178
1,2018-10-atlanta-swing-classic,2018-10-01,126,Atlanta Swing Classic,wsdc-211
1,2018-10-swustlicious,2018-10-01,61,Swustlicious,wsdc-267
1,2018-10-old-town-swing,2018-10-01,63,Old Town Swing,wsdc-285
1,2018-10-wcs-festival,2018-10-01,69,WCS Festival,wsdc-286
1,2018-10-european-swing-challenge,2018-10-01,38,European Swing Challenge,wsdc-294
1,2018-10-paradise-country-swing-dance-festival,2018-10-01,76,Paradise Country & Swing Dance Festival,wsdc-43
1,2018-10-halloween-swingthing,2018-10-01,113,Halloween Swingthing,wsdc-65
1,2018-10-boogie-by-the-bay,2018-10-01,116,Boogie By The Bay,wsdc-8
1,2018-11-london-swingvitational,2018-11-01,40,London SWINGvitational,wsdc-166
1,2018-11-dc-swing-experience-dcsx,2018-11-01,139,DC Swing Experience (DCSX),wsdc-181
1,2018-11-moscow-westie-fest,2018-11-01,74,Moscow Westie Fest,wsdc-194
1,2018-11-scandinavian-open-wcs,2018-11-01,86,Scandinavian Open WCS,wsdc-229
1,2018-11-warsaw-halloween-swing,2018-11-01,82,Warsaw Halloween Swing,wsdc-236
1,2018-11-autumn-swing-challenge,2018-11-01,74,Autumn Swing Challenge,wsdc-269
1,2018-11-westie-s-angels,2018-11-01,60,Westie's Angels,wsdc-270
1,2018-11-florida-westie-fest,2018-11-01,54,Florida Westie Fest,wsdc-287
1,2018-11-midnight-madness,2018-11-01,49,Midnight Madness,wsdc-288
1,2018-11-mountain-magic-dance-convention,2018-11-01,69,Mountain Magic Dance Convention,wsdc-31
1,2018-11-westie-pink-city,2018-11-01,64,Westie Pink City,wsdc-312
1,2018-11-swingin-new-england,2018-11-01,86,Swingin' New England,wsdc-63
1,2018-11-us-open-swing-dance-championships,2018-11-01,111,US Open Swing Dance Championships,wsdc-68
1,2018-11-sea-to-sky-seattle,2018-11-01,101,Sea To Sky - Seattle,wsdc-79
1,2018-11-c-a-s-h-bash-weekend,2018-11-01,70,C.A.S.H. Bash Weekend,wsdc-87
1,2018-12-the-after-party-tap,2018-12-01,118,The After Party (TAP),wsdc-212
1,2018-12-swingtimate,2018-12-01,51,Swingtimate,wsdc-213
1,2018-12-winter-white-wcs,2018-12-01,73,Winter White WCS,wsdc-238
1,2018-12-upstate-dance-challenge,2018-12-01,87,Upstate Dance Challenge,wsdc-265
1,2018-12-berlin-swing-revolution,2018-12-01,73,Berlin Swing Revolution,wsdc-271
1,2019-01-spotlight-dance-challenge,2019-01-01,107,Spotlight Dance Challenge,wsdc-141
1,2019-01-freedom-swing-dance-challenge,2019-01-01,89,Freedom Swing Dance Challenge,wsdc-183
1,2019-01-budafest-open-wcs-championships,2019-01-01,138,BudaFest Open WCS Championships,wsdc-184
1,2019-01-palm-springs-new-year,2019-01-01,60,Palm Springs New Year,wsdc-195
1,2019-01-swingcouver,2019-01-01,119,SwingCouver,wsdc-196
1,2019-01-austin-swing-dance-championships,2019-01-01,108,Austin Swing Dance Championships,wsdc-200
1,2019-01-new-year-s-swing-fling,2019-01-01,89,New Year's Swing Fling,wsdc-214
1,2019-01-derby-city-swing,2019-01-01,93,Derby City Swing,wsdc-242
1,2018-12-swingvester,2019-01-01,80,Swingvester,wsdc-289
1,2019-01-shooba-dooba-swing,2019-01-01,42,Shooba Dooba Swing,wsdc-290
1,2019-01-municorn-swing,2019-01-01,46,Municorn Swing,wsdc-291
1,2019-01-swing-resolution,2019-01-01,41,Swing Resolution,wsdc-301
1,2019-01-new-year-s-dance-extravaganza,2019-01-01,63,New Year's Dance Extravaganza,wsdc-39
1,2019-01-floorplay-new-years-swing-vacation,2019-01-01,93,FloorPlay New Years Swing Vacation,wsdc-42
1,2019-01-monterey-swingfest,2019-01-01,119,Monterey Swingfest,wsdc-62
1,2019-01-worlds-ucwdc,2019-01-01,35,Worlds UCWDC,wsdc-75
1,2019-02-capital-swing-dance-convention,2019-02-01,146,Capital Swing Dance Convention,wsdc-12
1,2019-02-dance-camp-chicago,2019-02-01,63,Dance Camp Chicago,wsdc-169
1,2019-02-swing-snow,2019-02-01,93,Swing & Snow,wsdc-215
1,2019-02-rose-city-swing,2019-02-01,137,Rose City Swing ,wsdc-244
1,2019-02-swingtzerland,2019-02-01,77,Swingtzerland,wsdc-258
1,2019-02-paris-westie-fest,2019-02-01,74,Paris Westie Fest,wsdc-272
1,2019-02-charlotte-westie-fest,2019-02-01,135,Charlotte Westie Fest,wsdc-273
1,2019-02-winter-coast-swing,2019-02-01,44,Winter Coast Swing,wsdc-297
1,2019-02-westeroz-swing,2019-02-01,38,WesterOz Swing,wsdc-302
1,2019-02-valentine-swing,2019-02-01,45,Valentine Swing,wsdc-310
1,2019-03-the-chicago-classic,2019-03-01,136,The Chicago Classic,wsdc-142
1,2019-03-high-desert-dance-classic,2019-03-01,52,High Desert Dance Classic,wsdc-143
1,2019-03-novice-invitational,2019-03-01,99,Novice Invitational,wsdc-153
1,2019-03-russian-open-wcs-championships,2019-03-01,67,Russian Open WCS Championships,wsdc-170
1,2019-03-west-in-lyon,2019-03-01,111,West In Lyon,wsdc-186
1,2019-03-5280-swing-dance-championships,2019-03-01,73,5280 Swing Dance Championships,wsdc-197
1,2019-03-swing-escape,2019-03-01,46,Swing Escape,wsdc-246
1,2019-03-swing-over,2019-03-01,92,Swing Over,wsdc-259
1,2019-03-dutch-open-west-coast-swing,2019-03-01,56,Dutch Open West Coast Swing,wsdc-275
1,2019-03-anchor-festival,2019-03-01,80,Anchor Festival,wsdc-276
1,2019-03-king-swing,2019-03-01,105,King Swing,wsdc-292
1,2019-03-westie-spring-thing,2019-03-01,76,Westie Spring Thing,wsdc-314
1,2019-03-the-boston-tea-party,2019-03-01,120,The Boston Tea Party,wsdc-9
1,2019-03-mid-atlantic-dance-jam-madjam,2019-03-01,187,Mid Atlantic Dance Jam (MADjam),wsdc-92
1,2019-04-tulsa-spring-swing,2019-04-01,55,Tulsa Spring Swing,wsdc-132
1,2019-04-swing-dance-america,2019-04-01,73,Swing Dance America,wsdc-134
1,2019-04-easter-swing,2019-04-01,131,Easter Swing,wsdc-18
1,2019-04-city-of-angels,2019-04-01,135,City of Angels,wsdc-187
1,2019-04-u-k-european-wcs-championships,2019-04-01,85,U.K. & European WCS Championships ,wsdc-198
1,2019-04-detonation-dance,2019-04-01,53,Detonation Dance,wsdc-203
1,2019-04-san-diego-dance-festival,2019-04-01,36,San Diego Dance Festival,wsdc-217
1,2019-04-asia-west-coast-swing-open,2019-04-01,72,Asia West Coast Swing Open,wsdc-218
1,2019-04-nordic-wcs-championships,2019-04-01,81,Nordic WCS Championships,wsdc-253
1,2019-04-westy-nantes,2019-04-01,101,Westy Nantes,wsdc-293
1,2019-04-swing-in-capital,2019-04-01,50,Swing In Capital,wsdc-304
1,2019-04-go-west-swing-fest,2019-04-01,32,Go West Swing Fest,wsdc-306
1,2019-05-canadian-swing-championships-csc,2019-05-01,35,Canadian Swing Championships (CSC),wsdc-105
1,2019-05-the-texas-classic,2019-05-01,46,The Texas Classic,wsdc-121
1,2019-05-swingin-into-spring,2019-05-01,64,Swingin' Into Spring,wsdc-144
1,2019-05-swingsation,2019-05-01,68,Swingsation,wsdc-174
1,2019-05-frezno-dance-classic,2019-05-01,112,FreZno Dance Classic,wsdc-20
1,2019-05-soswing,2019-05-01,83,SOswing,wsdc-205
1,2019-05-hungarian-open,2019-05-01,81,Hungarian Open,wsdc-206
1,2019-05-kiwi-fest,2019-05-01,69,KIWI Fest,wsdc-219
1,2019-05-usa-grand-nationals-dance-championships,2019-05-01,135,USA Grand Nationals Dance Championships,wsdc-22
1,2019-05-show-me-showdown,2019-05-01,60,Show Me Showdown,wsdc-221
1,2019-05-scotland-swing-classic,2019-05-01,61,Scotland Swing Classic,wsdc-277
1,2019-05-tlv-swingfest,2019-05-01,65,TLV SwingFest,wsdc-311
1,2019-05-swingdiego-the-superbowl-of-swing,2019-05-01,110,SwingDiego (The Superbowl of Swing),wsdc-61
1,2019-06-orange-blossom-dance-festival,2019-06-01,22,Orange Blossom Dance Festival,wsdc-117
1,2019-06-swingapalooza,2019-06-01,104,Swingapalooza,wsdc-162
1,2019-06-french-open-west-coast-swing,2019-06-01,120,French Open West Coast Swing,wsdc-175
1,2019-06-nsw-west-coast-swing-dance-championships,2019-06-01,42,NSW West Coast Swing Dance Championships,wsdc-188
1,2019-06-dance-n-play,2019-06-01,44,Dance N Play,wsdc-207
1,2019-06-d-townswing,2019-06-01,106,D-Townswing,wsdc-220
1,2019-06-baltic-swing,2019-06-01,104,Baltic Swing,wsdc-222
1,2019-06-jack-jill-o-rama,2019-06-01,149,Jack & Jill O'Rama,wsdc-25
1,2019-06-finnfest,2019-06-01,65,Finnfest,wsdc-254
1,2019-06-indy-dance-explosion,2019-06-01,36,Indy Dance Explosion,wsdc-255
1,2019-06-korea-westival,2019-06-01,47,Korea Westival,wsdc-268
1,2019-06-michigan-dance-classic,2019-06-01,95,Michigan Dance Classic,wsdc-76
1,2019-06-liberty-swing-dance-championships,2019-06-01,138,Liberty Swing Dance Championships,wsdc-96
1,2019-07-phoenix-of-july,2019-07-01,91,Phoenix 4th of July,wsdc-1
1,2019-07-colorado-country-classic,2019-07-01,26,Colorado Country Classic,wsdc-109
1,2019-07-toronto-open-swing-hustle-championships,2019-07-01,62,Toronto Open Swing & Hustle Championships,wsdc-147
1,2019-07-florida-dance-magic,2019-07-01,41,Florida Dance Magic,wsdc-149
1,2019-07-big-apple-dance-festival,2019-07-01,18,Big Apple Dance Festival,wsdc-156
1,2019-07-sea-sun-swing-camp,2019-07-01,73,Sea Sun & Swing Camp,wsdc-164
1,2019-07-midwest-westie-fest,2019-07-01,99,Midwest Westie Fest,wsdc-224
1,2019-07-wild-wild-westie,2019-07-01,171,Wild Wild Westie,wsdc-225
1,2019-07-rock-the-barn,2019-07-01,63,Rock the Barn,wsdc-256
1,2019-07-neverland-swing,2019-07-01,44,Neverland Swing,wsdc-261
1,2019-07-americano-dance-camp,2019-07-01,40,Americano Dance Camp,wsdc-278
1,2019-07-saint-petersburg-wcs-nights,2019-07-01,62,Saint Petersburg WCS Nights,wsdc-280
1,2019-07-odyssey-west-coast-swing,2019-07-01,26,Odyssey West Coast Swing,wsdc-303
1,2019-07-portland-dance-festival,2019-07-01,70,Portland Dance Festival,wsdc-44
1,2019-07-swingtime,2019-07-01,87,SwingTime,wsdc-47
1,2019-08-chicagoland-country-and-swing-dance-festival,2019-08-01,70,Chicagoland Country and Swing Dance Festival,wsdc-119
1,2019-08-lonestar-invitational,2019-08-01,57,LoneStar Invitational,wsdc-120
1,2019-08-new-england-dance-festival,2019-08-01,30,New England Dance Festival,wsdc-157
1,2019-08-swingtacular-the-galactic-open,2019-08-01,113,Swingtacular: The Galactic Open,wsdc-227
1,2019-08-riga-summer-swing,2019-08-01,102,Riga Summer Swing,wsdc-263
1,2019-08-uptown-swing,2019-08-01,72,UpTown Swing ,wsdc-264
1,2019-08-german-open-wcs-championships,2019-08-01,105,German Open WCS Championships,wsdc-282
1,2019-08-kazan-el-fest,2019-08-01,34,Kazan EL Fest,wsdc-283
1,2019-08-shakedown-swing,2019-08-01,42,Shakedown Swing,wsdc-298
1,2019-08-ukrainian-open,2019-08-01,52,Ukrainian Open,wsdc-299
1,2019-08-palm-springs-swing-dance-classic,2019-08-01,76,Palm Springs Swing Dance Classic,wsdc-51
1,2019-08-summer-hummer,2019-08-01,131,Summer Hummer,wsdc-53
1,2019-08-swing-fling,2019-08-01,121,Swing Fling,wsdc-59
1,2019-08-arizona-dance-classic-cancelled-due-to-covid-19,2019-08-01,42,Arizona Dance Classic (Cancelled due to Covid-19),wsdc-77
1,2019-09-bridgetown-swing,2019-09-01,105,BridgeTown Swing,wsdc-10
1,2019-09-meet-me-in-st-louis-swing-dance-championships,2019-09-01,84,Meet Me in St. Louis Swing Dance Championships,wsdc-131
1,2019-09-desert-city-swing,2019-09-01,125,Desert City Swing,wsdc-135
1,2019-09-midland-swing-open,2019-09-01,80,Midland Swing Open,wsdc-165
1,2019-09-best-of-the-best,2019-09-01,35,Best of the Best,wsdc-167
1,2019-09-river-city-swing,2019-09-01,82,River City Swing,wsdc-177
1,2019-09-the-brazilian-open-championships-cancelled-due-to-coronavirus,2019-09-01,24,The Brazilian Open Championships (Cancelled due to Coronavirus),wsdc-216
1,2019-09-trilogy-swing,2019-09-01,117,Trilogy Swing,wsdc-231
1,2019-09-norway-westie-fest,2019-09-01,48,Norway Westie Fest,wsdc-232
1,2019-09-bavarian-open-wcs,2019-09-01,110,Bavarian Open WCS,wsdc-233
1,2019-09-philly-swing-classic,2019-09-01,87,Philly Swing Classic,wsdc-234
1,2019-09-citadel-swing-cancelled-due-to-covid-19,2019-09-01,96,Citadel Swing (Cancelled due to Covid-19),wsdc-284
1,2019-09-austin-rocks,2019-09-01,95,Austin Rocks,wsdc-300
1,2019-09-rolling-swing,2019-09-01,66,Rolling Swing,wsdc-313
1,2019-10-swing-city-chicago,2019-10-01,111,Swing City Chicago,wsdc-125
1,2019-10-montreal-westie-fest,2019-10-01,75,Montreal Westie Fest,wsdc-178
1,2019-10-new-zealand-open-swing-dance-championships,2019-10-01,40,New Zealand Open Swing Dance Championships,wsdc-179
1,2019-10-atlanta-swing-classic,2019-10-01,130,Atlanta Swing Classic,wsdc-211
1,2019-10-swustlicious,2019-10-01,45,Swustlicious,wsdc-267
1,2019-10-wcs-festival,2019-10-01,67,WCS Festival,wsdc-286
1,2019-10-european-swing-challenge,2019-10-01,41,European Swing Challenge,wsdc-294
1,2019-10-milan-modern-swing,2019-10-01,80,Milan Modern Swing,wsdc-322
1,2019-10-paradise-country-and-swing-dance-festival,2019-10-01,78,Paradise Country and Swing Dance Festival,wsdc-43
1,2019-10-halloween-swingthing,2019-10-01,86,Halloween Swingthing,wsdc-65
1,2019-10-boogie-by-the-bay,2019-10-01,164,Boogie by the Bay,wsdc-8
1,2019-11-tampa-bay-classic,2019-11-01,56,Tampa Bay Classic,wsdc-137
1,2019-11-london-swingvitational,2019-11-01,49,London SwingVitational,wsdc-166
1,2019-11-dc-swing-experience-dcsx,2019-11-01,127,DC Swing eXperience (DCSX),wsdc-181
1,2019-11-moscow-westie-fest,2019-11-01,68,Moscow Westie Fest,wsdc-194
1,2019-11-scandinavian-open,2019-11-01,109,Scandinavian Open,wsdc-229
1,2019-10-warsaw-halloween-swing,2019-11-01,88,Warsaw Halloween Swing,wsdc-236
1,2019-11-autumn-swing-challenge,2019-11-01,61,Autumn Swing Challenge,wsdc-269
1,2019-11-westie-s-angels,2019-11-01,79,Westie's Angels,wsdc-270
1,2019-11-midnight-madness,2019-11-01,53,Midnight Madness,wsdc-288
1,2019-11-mountain-magic-dance-convention,2019-11-01,72,Mountain Magic Dance Convention,wsdc-31
1,2019-11-westie-pink-city,2019-11-01,75,Westie Pink City,wsdc-312
1,2019-11-sea-to-sky-seattle,2019-11-01,94,Sea To Sky - Seattle,wsdc-79
1,2019-12-the-after-party,2019-12-01,145,The After Party,wsdc-212
1,2019-12-swingtimate,2019-12-01,48,Swingtimate,wsdc-213
1,2019-12-winter-white-wcs,2019-12-01,73,Winter White WCS,wsdc-238
1,2019-12-upstate-dance-challenge,2019-12-01,43,Upstate Dance Challenge,wsdc-265
1,2019-12-berlin-swing-revolution,2019-12-01,67,Berlin Swing Revolution,wsdc-271
1,2019-12-shooba-dooba-swing,2019-12-01,62,Shooba Dooba Swing,wsdc-290
1,2019-12-floor-play-swing-vacation,2019-12-01,96,Floor Play Swing Vacation,wsdc-42
1,2019-12-us-open-swing-dance-championships,2019-12-01,128,US Open Swing Dance Championships,wsdc-68
1,2019-12-c-a-s-h-bash-weekend,2019-12-01,64,C.A.S.H. Bash Weekend,wsdc-87
1,2020-01-spotlight-new-year-s-celebration,2020-01-01,113,Spotlight New Year's Celebration ,wsdc-141
1,2020-01-freedom-swing-dance-challenge,2020-01-01,74,Freedom Swing Dance Challenge,wsdc-183
1,2020-01-budafest-open-wcs-championships,2020-01-01,130,BudaFest Open WCS Championships,wsdc-184
1,2020-01-palm-springs-new-years-swing-dance-classic,2020-01-01,47,Palm Springs New Years Swing Dance Classic,wsdc-195
1,2020-01-swingcouver-the-episode,2020-01-01,123,SwingCouver 2020 - The 10th Episode,wsdc-196
1,2020-01-austin-swing-dance-championships,2020-01-01,102,Austin Swing Dance Championships,wsdc-200
1,2020-01-new-year-s-swing-fling,2020-01-01,106,New Year's Swing Fling,wsdc-214
1,2020-01-westie-gala,2020-01-01,63,Westie Gala,wsdc-240
1,2020-01-derby-city-swing,2020-01-01,85,Derby City Swing,wsdc-242
1,2020-01-swingvester,2020-01-01,89,Swingvester,wsdc-289
1,2020-01-municorn-swing,2020-01-01,54,Municorn Swing,wsdc-291
1,2020-01-swing-resolution,2020-01-01,51,Swing Resolution,wsdc-301
1,2020-01-avignon-city-swing,2020-01-01,73,Avignon City Swing,wsdc-309
1,2020-01-countdown-swing-boston,2020-01-01,62,Countdown Swing Boston,wsdc-39
1,2020-01-monterey-swingfest-cancelled-due-to-covid-19,2020-01-01,105,Monterey Swingfest (Cancelled due to Covid-19),wsdc-62
1,2020-01-country-dance-world-championships,2020-01-01,46,Country Dance World Championships,wsdc-75
1,2020-02-capital-swing-presidents-day-convention,2020-02-01,129,Capital Swing Presidents' Day Convention ,wsdc-12
1,2020-02-swing-snow,2020-02-01,98,Swing & Snow,wsdc-215
1,2020-02-rose-city-swing,2020-02-01,151,Rose City Swing,wsdc-244
1,2020-02-swingtzerland,2020-02-01,78,Swingtzerland,wsdc-258
1,2020-02-charlotte-westie-fest,2020-02-01,152,Charlotte Westie Fest,wsdc-273
1,2020-02-winter-coast-swing,2020-02-01,37,Winter Coast Swing,wsdc-297
1,2020-02-westeroz-swing,2020-02-01,38,WesterOz Swing,wsdc-302
1,2020-02-paris-westie-fest,2020-02-01,104,Paris Westie Fest,wsdc-307
1,2020-02-valentine-swing,2020-02-01,56,Valentine Swing,wsdc-310
1,2020-03-madjam-mid-atlantic-dance-jam,2020-03-01,170,MADjam (Mid Atlantic Dance Jam),wsdc-92
1,2020-10-new-zealand-open,2020-10-01,26,New Zealand Open,wsdc-179
1,2020-11-moscow-westie-fest,2020-11-01,55,Moscow Westie Fest,wsdc-194
1,2020-11-simply-adelaide-west-coast-swing,2020-11-01,16,Simply Adelaide West Coast Swing,wsdc-325
1,2020-12-swingtimate,2020-12-01,20,Swingtimate 2020,wsdc-213
1,2020-12-shooba-dooba-swing,2020-12-01,52,Shooba Dooba Swing,wsdc-290
1,2021-02-swing-snow,2021-02-01,48,Swing & Snow,wsdc-215
1,2021-04-russian-open-wcs-championship,2021-04-01,65,Russian Open WCS Championship,wsdc-170
1,2021-06-orange-blossom-dance-festival,2021-06-01,67,Orange Blossom Dance Festival,wsdc-117
1,2021-06-swingsation,2021-06-01,33,Swingsation,wsdc-174
1,2021-07-big-apple-dance-festival,2021-07-01,18,Big Apple Dance Festival,wsdc-156
1,2021-07-wild-wild-westie,2021-07-01,170,Wild Wild Westie,wsdc-225
1,2021-07-americano-dance-camp,2021-07-01,50,Americano Dance Camp,wsdc-278
1,2021-07-saint-petersburg-wcs-nights,2021-07-01,60,Saint Petersburg WCS Nights,wsdc-280
1,2021-08-chicagoland-country-and-swing-dance-festival,2021-08-01,54,Chicagoland Country and Swing Dance Festival,wsdc-119
1,2021-08-lone-star-invitational,2021-08-01,42,Lone Star Invitational,wsdc-120
1,2021-08-arizona-dance-classic,2021-08-01,56,Arizona Dance Classic,wsdc-77
1,2021-09-desert-city-swing-dance-championships,2021-09-01,102,Desert City Swing Dance Championships,wsdc-135
1,2021-09-midland-swing-open,2021-09-01,40,Midland Swing Open,wsdc-165
1,2021-09-philly-swing-classic,2021-09-01,82,Philly Swing Classic,wsdc-234
1,2021-09-rolling-swing,2021-09-01,87,Rolling Swing,wsdc-313
1,2021-10-moscow-westie-dance-fest,2021-10-01,60,Moscow Westie Dance Fest,wsdc-194
1,2021-10-atlanta-swing-classic,2021-10-01,125,Atlanta Swing Classic,wsdc-211
1,2021-11-5280-westival,2021-11-01,129,5280 Westival,wsdc-197
1,2021-10-warsaw-halloween-swing,2021-11-01,118,Warsaw Halloween Swing,wsdc-236
1,2021-11-westie-s-angels,2021-11-01,79,Westie's Angels,wsdc-270
1,2021-11-midnight-madness,2021-11-01,83,Midnight Madness,wsdc-288
1,2021-11-westie-pink-city,2021-11-01,70,Westie Pink City,wsdc-312
1,2021-11-westies-on-the-water,2021-11-01,41,Westies on the Water,wsdc-323
1,2021-11-simply-adelaide-west-coast-swing,2021-11-01,32,Simply Adelaide West Coast Swing,wsdc-325
1,2021-12-the-after-party,2021-12-01,127,The After Party,wsdc-212
1,2021-12-shooba-dooba-swing,2021-12-01,46,Shooba Dooba Swing,wsdc-290
1,2022-01-freedom-swing-dance-challenge,2022-01-01,72,Freedom Swing Dance Challenge,wsdc-183
1,2022-01-budafest-open-wcs-championships,2022-01-01,135,BudaFest Open WCS Championships,wsdc-184
1,2022-01-countdown-swing-boston,2022-01-01,61,Countdown Swing Boston,wsdc-334
1,2022-01-floorplay-new-years-swing-vacation,2022-01-01,122,Floorplay New Years Swing Vacation,wsdc-42
1,2022-01-monterey-swingfest,2022-01-01,91,Monterey SwingFest,wsdc-62
1,2022-01-ucwdc-country-dance-world-championships,2022-01-01,47,UCWDC Country Dance World Championships,wsdc-75
1,2022-02-swing-snow,2022-02-01,76,Swing&Snow,wsdc-215
1,2022-02-rose-city-swing,2022-02-01,106,Rose City Swing,wsdc-244
1,2022-02-charlotte-westie-fest,2022-02-01,112,Charlotte Westie Fest,wsdc-273
1,2022-03-the-chicago-classic,2022-03-01,119,The Chicago Classic,wsdc-142
1,2022-03-novice-invitational,2022-03-01,83,Novice Invitational ,wsdc-153
1,2022-03-west-in-lyon,2022-03-01,115,West In Lyon,wsdc-186
1,2022-03-5280-westival,2022-03-01,28,5280 Westival,wsdc-197
1,2022-03-king-swing,2022-03-01,104,King Swing,wsdc-292
1,2022-03-westie-spring-thing,2022-03-01,74,Westie Spring Thing,wsdc-314
1,2022-03-all-star-swingjam,2022-03-01,69,All Star SwingJam,wsdc-318
1,2022-03-mid-atlantic-dance-jam,2022-03-01,156,Mid-Atlantic Dance Jam,wsdc-92
1,2022-04-easter-swing,2022-04-01,141,Easter Swing,wsdc-18
1,2022-04-city-of-angels-swing-event,2022-04-01,120,City of Angels Swing Event,wsdc-187
1,2022-04-detonation-dance,2022-04-01,52,Detonation Dance,wsdc-203
1,2022-04-swingover,2022-04-01,80,Swingover,wsdc-259
1,2022-04-westy-nantes,2022-04-01,85,Westy Nantes,wsdc-293
1,2022-05-texas-classic,2022-05-01,65,Texas Classic ,wsdc-121
1,2022-05-swing-dance-america,2022-05-01,56,Swing Dance America,wsdc-134
1,2022-05-swingin-into-spring,2022-05-01,34,Swingin' Into Spring,wsdc-144
1,2022-05-french-open-west-coast-swing,2022-05-01,135,French Open West Coast Swing,wsdc-175
1,2022-05-soswing,2022-05-01,86,SOswing 2022,wsdc-205
1,2022-05-nordic-wcs-championships,2022-05-01,97,Nordic WCS Championships,wsdc-253
1,2022-06-colorado-country-classic,2022-06-01,47,Colorado Country Classic,wsdc-109
1,2022-06-orange-blossom-dance-festival,2022-06-01,44,Orange Blossom Dance Festival,wsdc-117
1,2022-06-swingapalooza,2022-06-01,107,Swingapalooza,wsdc-162
1,2022-06-d-town-swing,2022-06-01,123,D-Town Swing,wsdc-220
1,2022-06-baltic-swing,2022-06-01,116,Baltic Swing,wsdc-222
1,2022-06-indy-dance-explosion,2022-06-01,36,Indy Dance Explosion,wsdc-255
1,2022-06-liberty-swing-dance-championships,2022-06-01,140,Liberty Swing Dance Championships,wsdc-96
1,2022-07-phoenix-of-july,2022-07-01,90,Phoenix 4th of July,wsdc-1
1,2022-07-dance-mardi-gras,2022-07-01,61,Dance Mardi Gras,wsdc-148
1,2022-07-florida-dance-magic,2022-07-01,28,Florida Dance Magic,wsdc-149
1,2022-07-big-apple-dance-festival,2022-07-01,14,Big Apple Dance Festival,wsdc-156
1,2022-07-wild-wild-westie,2022-07-01,163,Wild Wild Westie,wsdc-225
1,2022-07-neverland-swing,2022-07-01,54,Neverland Swing,wsdc-261
1,2022-07-americano-dance-camp,2022-07-01,68,Americano Dance Camp,wsdc-278
1,2022-07-st-petersburg-wcs-nights,2022-07-01,61,St.Petersburg WCS Nights,wsdc-280
1,2022-07-swingtime,2022-07-01,133,SwingTime,wsdc-47
1,2022-08-chicagoland-country-and-swing-dance-festival,2022-08-01,62,Chicagoland Country and Swing Dance Festival,wsdc-119
1,2022-08-lonestar-invitational,2022-08-01,57,LoneStar Invitational,wsdc-120
1,2022-08-new-england-dance-festival,2022-08-01,36,New England Dance Festival,wsdc-157
1,2022-08-swingtacular-the-galactic-open,2022-08-01,134,Swingtacular: The Galactic Open 2022,wsdc-227
1,2022-08-rock-the-barn,2022-08-01,52,Rock The Barn,wsdc-256
1,2022-08-uptown-swing,2022-08-01,80,UpTown Swing,wsdc-264
1,2022-08-german-open-championships,2022-08-01,90,German Open Championships,wsdc-282
1,2022-08-kazan-el-fest,2022-08-01,46,Kazan EL Fest,wsdc-283
1,2022-08-swing-fling,2022-08-01,126,Swing Fling,wsdc-59
1,2022-08-arizona-dance-classic,2022-08-01,41,Arizona Dance Classic,wsdc-77
1,2022-09-bridgetown-swing,2022-09-01,88,BridgeTown Swing,wsdc-10
1,2022-09-meet-me-in-st-louis-swing-dance-championships,2022-09-01,80,Meet Me in St Louis Swing Dance Championships,wsdc-131
1,2022-09-desert-city-swing,2022-09-01,129,Desert City Swing,wsdc-135
1,2022-09-best-of-the-best-wcs,2022-09-01,44,Best of the Best WCS,wsdc-167
1,2022-09-trilogy-swing,2022-09-01,136,Trilogy Swing,wsdc-231
1,2022-09-bavarian-open,2022-09-01,117,Bavarian Open,wsdc-233
1,2022-09-philly-swing-classic,2022-09-01,69,Philly Swing Classic ,wsdc-234
1,2022-09-finnfest,2022-09-01,66,Finnfest,wsdc-254
1,2022-09-rolling-swing,2022-09-01,99,Rolling Swing,wsdc-313
1,2022-09-south-bay-dance-fling,2022-09-01,34,South Bay Dance Fling,wsdc-48
1,2022-10-swing-city-chicago,2022-10-01,120,Swing City Chicago,wsdc-125
1,2022-09-midland-swing-open,2022-10-01,65,Midland Swing Open,wsdc-165
1,2022-10-the-new-zealand-open,2022-10-01,34,The New Zealand Open,wsdc-179
1,2022-10-atlanta-swing-classic,2022-10-01,143,Atlanta Swing Classic,wsdc-211
1,2022-10-warsaw-halloween-swing,2022-10-01,116,Warsaw Halloween Swing,wsdc-236
1,2022-10-swustlicious,2022-10-01,56,Swustlicious,wsdc-267
1,2022-10-wcs-festival,2022-10-01,86,WCS Festival,wsdc-286
1,2022-10-milan-modern-swing,2022-10-01,82,Milan Modern Swing,wsdc-322
1,2022-10-paradise-country-dance-festival,2022-10-01,70,Paradise Country Dance Festival,wsdc-43
1,2022-10-halloween-swingthing,2022-10-01,120,Halloween SwingThing,wsdc-65
1,2022-10-boogie-by-the-bay,2022-10-01,125,Boogie By The Bay,wsdc-8
1,2022-11-dc-swing-experience-dcsx,2022-11-01,141,DC Swing eXperience (DCSX),wsdc-181
1,2022-11-moscow-westie-fest,2022-11-01,57,Moscow Westie Fest,wsdc-194
1,2022-11-scandinavian-open-wcs,2022-11-01,118,Scandinavian Open WCS 2022,wsdc-229
1,2022-11-autumn-swing-challenge,2022-11-01,83,Autumn Swing Challenge,wsdc-269
1,2022-11-westie-s-angels,2022-11-01,117,Westie's Angels,wsdc-270
1,2022-11-midnight-madness,2022-11-01,110,Midnight Madness,wsdc-288
1,2022-11-mountain-magic-dance-convention,2022-11-01,74,Mountain Magic Dance Convention,wsdc-31
1,2022-11-westie-pink-city,2022-11-01,75,Westie Pink City,wsdc-312
1,2022-11-westies-on-the-water,2022-11-01,43,Westies on The Water,wsdc-323
1,2022-11-simply-adelaide-west-coast-swing,2022-11-01,54,Simply Adelaide West Coast Swing 2022,wsdc-330
1,2022-11-us-open-swing-dance-championships,2022-11-01,142,US Open Swing Dance Championships,wsdc-68
1,2022-11-cash-bash,2022-11-01,55,CASH Bash,wsdc-87
1,2022-12-the-after-party-tap,2022-12-01,128,The After Party - TAP,wsdc-212
1,2022-12-swingtimate,2022-12-01,33,Swingtimate,wsdc-213
1,2022-12-winter-white-west-coast-swing,2022-12-01,73,Winter White West Coast Swing,wsdc-238
1,2022-12-berlin-swing-revolution,2022-12-01,65,Berlin Swing Revolution,wsdc-271
1,2022-12-shooba-dooba-swing,2022-12-01,56,Shooba Dooba Swing,wsdc-290
1,2023-01-freedom-swing-dance-challenge,2023-01-01,80,Freedom Swing Dance Challenge,wsdc-183
1,2023-01-budafest-open-wcs-championships,2023-01-01,172,BudaFest Open WCS Championships,wsdc-184
1,2023-01-swingcouver,2023-01-01,107,SwingCouver,wsdc-196
1,2023-01-westie-gala,2023-01-01,85,Westie Gala,wsdc-240
1,2023-01-derby-city-swing,2023-01-01,106,Derby City Swing,wsdc-242
1,2023-01-swingvester,2023-01-01,127,Swingvester,wsdc-289
1,2023-01-swing-resolution,2023-01-01,72,Swing Resolution,wsdc-301
1,2023-01-avignon-city-swing,2023-01-01,82,Avignon City Swing,wsdc-309
1,2023-01-countdown-swing-boston,2023-01-01,125,Countdown Swing Boston,wsdc-334
1,2023-01-floor-play-swing-vacation,2023-01-01,131,Floor Play Swing Vacation,wsdc-42
1,2023-01-monterey-swing-fest,2023-01-01,110,Monterey Swing Fest,wsdc-62
1,2023-01-country-dance-world-championships,2023-01-01,84,Country Dance World Championships,wsdc-75
1,2023-02-capital-swing-dancers-president-s-day,2023-02-01,120,Capital Swing Dancers' President's Day,wsdc-12
1,2023-02-swing-snow,2023-02-01,95,Swing & Snow,wsdc-215
1,2023-02-rose-city-swing,2023-02-01,125,Rose City Swing,wsdc-244
1,2023-02-charlotte-westiefest,2023-02-01,140,Charlotte WestieFest,wsdc-273
1,2023-02-winter-coast-swing,2023-02-01,42,Winter Coast Swing,wsdc-297
1,2023-02-westeroz-swing,2023-02-01,26,WesterOz Swing,wsdc-302
1,2023-02-paris-swing-classic,2023-02-01,120,Paris Swing Classic,wsdc-307
1,2023-02-valentine-swing,2023-02-01,66,Valentine Swing,wsdc-310
1,2023-03-the-chicago-classic,2023-03-01,134,The Chicago Classic,wsdc-142
1,2023-03-novice-invitational,2023-03-01,96,Novice Invitational,wsdc-153
1,2023-03-west-in-lyon,2023-03-01,153,West In Lyon,wsdc-186
1,2023-03-5280-westival,2023-03-01,63,5280 Westival,wsdc-197
1,2023-03-dowcs,2023-03-01,65,DOWCS,wsdc-275
1,2023-03-king-swing,2023-03-01,115,King Swing,wsdc-292
1,2023-03-westie-spring-thing,2023-03-01,113,Westie Spring Thing,wsdc-314
1,2023-03-all-star-swingjam,2023-03-01,99,All Star SwingJam,wsdc-318
1,2023-03-madjam-mid-atlantic-dance-jam,2023-03-01,194,MADjam (Mid Atlantic Dance Jam),wsdc-92
1,2023-04-easter-swing,2023-04-01,160,Easter Swing,wsdc-18
1,2023-04-city-of-angels-swing-event,2023-04-01,135,City of Angels Swing Event,wsdc-187
1,2023-04-detonation-dance,2023-04-01,86,Detonation Dance,wsdc-203
1,2023-04-korean-open-wcs-championsips,2023-04-01,72,Korean Open WCS Championsips,wsdc-210
1,2023-04-asia-wcs-open-anniversary,2023-04-01,93,Asia WCS Open - 10th Anniversary,wsdc-218
1,2023-04-swingover,2023-04-01,110,Swingover,wsdc-259
1,2023-04-westy-nantes,2023-04-01,125,WESTY NANTES,wsdc-293
1,2023-04-bto-open,2023-04-01,62,BTO Open,wsdc-324
1,2023-05-canadian-swing-championships,2023-05-01,57,Canadian Swing Championships,wsdc-105
1,2023-05-texas-classic,2023-05-01,60,Texas Classic,wsdc-121
1,2023-05-swing-dance-america,2023-05-01,58,Swing Dance America,wsdc-134
1,2023-05-swingsation,2023-05-01,46,Swingsation,wsdc-174
1,2023-05-french-open-west-coast-swing,2023-05-01,169,French Open West Coast Swing,wsdc-175
1,2023-05-soswing,2023-05-01,105,SOswing,wsdc-205
1,2023-05-usa-grand-national-dance-championships,2023-05-01,157,USA Grand National Dance Championships,wsdc-22
1,2023-04-nordic-wcs-championships,2023-05-01,100,Nordic WCS Championships,wsdc-253
1,2023-05-tlv-swingfest,2023-05-01,67,TLV SwingFest,wsdc-311
1,2023-06-orange-blossom-dance-festival,2023-06-01,58,Orange Blossom Dance Festival,wsdc-117
1,2023-06-swingapalooza,2023-06-01,91,Swingapalooza,wsdc-162
1,2023-06-hungarian-open,2023-06-01,84,Hungarian Open,wsdc-206
1,2023-06-d-townswing,2023-06-01,141,D-Townswing,wsdc-220
1,2023-06-baltic-swing,2023-06-01,107,Baltic Swing,wsdc-222
1,2023-06-jack-jill-o-rama,2023-06-01,143,Jack & Jill O'Rama,wsdc-25
1,2023-07-phoenix-of-july,2023-07-01,113,Phoenix 4th of July,wsdc-1
1,2023-07-toronto-open-swing-and-hustle-championships,2023-07-01,56,Toronto Open Swing and Hustle Championships,wsdc-147
1,2023-07-dance-mardi-gras,2023-07-01,56,Dance Mardi Gras,wsdc-148
1,2023-07-big-apple-dance-festival,2023-07-01,31,Big Apple Dance Festival,wsdc-156
1,2023-07-midwest-westie-fest,2023-07-01,92,Midwest Westie Fest,wsdc-224
1,2023-07-wild-wild-westie,2023-07-01,175,Wild Wild Westie,wsdc-225
1,2023-07-indy-dance-explosion,2023-07-01,44,Indy Dance Explosion,wsdc-255
1,2023-07-rock-the-barn,2023-07-01,58,Rock The Barn,wsdc-256
1,2023-07-neverland-swing,2023-07-01,74,Neverland Swing,wsdc-261
1,2023-07-americano-dance-camp,2023-07-01,72,Americano Dance Camp,wsdc-278
1,2023-07-st-petersburg-wcs-nights,2023-07-01,74,St.Petersburg WCS Nights,wsdc-280
1,2023-07-odyssey-west-coast-swing,2023-07-01,50,Odyssey West Coast Swing,wsdc-303
1,2023-07-swing-fiction,2023-07-01,85,Swing Fiction,wsdc-331
1,2023-07-liberty-swing-dance-championships,2023-07-01,164,Liberty Swing Dance Championships,wsdc-96
1,2023-08-chicagoland-dance-festival,2023-08-01,61,Chicagoland Dance Festival,wsdc-119
1,2023-08-lonestar-invitational,2023-08-01,58,LoneStar Invitational,wsdc-120
1,2023-08-new-england-dance-festival,2023-08-01,51,New England Dance Festival,wsdc-157
1,2023-08-sea-sun-swing-camp,2023-08-01,83,Sea Sun & Swing Camp,wsdc-164
1,2023-08-swingtacular-the-galactic-open,2023-08-01,130,Swingtacular: The Galactic Open 2023,wsdc-227
1,2023-08-uptown-swing,2023-08-01,111,UpTown Swing,wsdc-264
1,2023-08-kazan-el-fest,2023-08-01,51,Kazan EL Fest,wsdc-279
1,2023-08-german-open-championships,2023-08-01,145,German Open Championships,wsdc-282
1,2023-08-shakedown-swing,2023-08-01,36,Shakedown Swing,wsdc-298
1,2023-08-swingtime-denver,2023-08-01,118,SwingTime Denver,wsdc-47
1,2023-08-swing-fling,2023-08-01,162,Swing Fling,wsdc-59
1,2023-08-arizona-dance-classic,2023-08-01,46,Arizona Dance Classic ,wsdc-77
1,2023-09-bridgetown-swing,2023-09-01,109,BridgeTown Swing,wsdc-10
1,2023-09-meet-me-in-st-louis-swing-dance-championships,2023-09-01,83,Meet Me in St Louis Swing Dance Championships,wsdc-131
1,2023-09-desert-city-swing,2023-09-01,126,Desert City Swing,wsdc-135
1,2023-09-midland-swing-open,2023-09-01,116,Midland Swing Open,wsdc-165
1,2023-09-best-of-the-best,2023-09-01,53,Best of the Best,wsdc-167
1,2023-09-river-city-swing,2023-09-01,75,River City Swing,wsdc-177
1,2023-09-trilogy-swing,2023-09-01,160,Trilogy Swing,wsdc-231
1,2023-09-bavarian-open-west-coast-swing-championships,2023-09-01,137,Bavarian Open West Coast Swing Championships,wsdc-233
1,2023-09-finnfest,2023-09-01,101,Finnfest,wsdc-254
1,2023-09-korea-westival,2023-09-01,60,Korea Westival,wsdc-268
1,2023-09-rolling-swing,2023-09-01,123,Rolling Swing,wsdc-313
1,2023-09-south-bay-dance-fling,2023-09-01,63,South Bay Dance Fling,wsdc-48
1,2023-10-swing-city-chicago,2023-10-01,130,Swing City Chicago,wsdc-125
1,2023-10-montreal-westie-fest,2023-10-01,80,Montreal Westie Fest,wsdc-178
1,2023-10-new-zealand-open,2023-10-01,45,New Zealand Open,wsdc-179
1,2023-10-atlanta-swing-classic,2023-10-01,146,Atlanta Swing Classic,wsdc-211
1,2023-10-warsaw-halloween-swing,2023-10-01,130,Warsaw Halloween Swing,wsdc-236
1,2023-10-swustlicious,2023-10-01,92,Swustlicious,wsdc-267
1,2023-10-wcs-festival,2023-10-01,132,WCS Festival,wsdc-286
1,2023-10-milan-modern-swing,2023-10-01,121,Milan Modern Swing,wsdc-322
1,2023-10-simply-adelaide-west-coast-swing,2023-10-01,59,Simply Adelaide West Coast Swing 2023,wsdc-330
1,2023-10-paradise-dance-festival,2023-10-01,84,Paradise Dance Festival,wsdc-43
1,2023-10-halloween-swingthing,2023-10-01,128,Halloween Swingthing,wsdc-65
1,2023-10-boogie-by-the-bay,2023-10-01,150,Boogie By The Bay,wsdc-8
1,2023-11-tampa-bay-classic,2023-11-01,68,Tampa Bay Classic,wsdc-137
1,2023-11-dc-swing-experience-dcsx,2023-11-01,168,DC Swing eXperience  (DCSX),wsdc-181
1,2023-11-moscow-westie-fest,2023-11-01,81,Moscow Westie Fest,wsdc-194
1,2023-11-scandinavian-open-wcs-snow,2023-11-01,135,"Scandinavian Open WCS ""SNOW""",wsdc-229
1,2023-11-autumn-swing-challenge,2023-11-01,107,Autumn Swing Challenge,wsdc-269
1,2023-11-westie-s-angels,2023-11-01,133,Westie's Angels,wsdc-270
1,2023-11-midnight-madness,2023-11-01,102,Midnight Madness,wsdc-288
1,2023-11-mountain-magic-dance-convention,2023-11-01,64,Mountain Magic Dance Convention,wsdc-31
1,2023-11-westie-pink-city,2023-11-01,110,Westie Pink City,wsdc-312
1,2023-11-westies-on-the-water,2023-11-01,75,Westies on the Water,wsdc-323
1,2023-11-us-open-swing-dance-championships,2023-11-01,150,US Open Swing Dance Championships,wsdc-68
1,2023-11-sea-to-sky-seattle-wcs,2023-11-01,101,Sea to Sky Seattle WCS,wsdc-79
1,2023-11-c-a-s-h-bash,2023-11-01,41,C.A.S.H. Bash,wsdc-87
1,2023-12-the-after-party-tap,2023-12-01,128,The After Party “TAP”,wsdc-212
1,2023-12-winter-white-wcs,2023-12-01,81,Winter White WCS,wsdc-238
1,2023-12-berlin-swing-revolution,2023-12-01,59,Berlin Swing Revolution,wsdc-271
1,2023-12-shooba-dooba-swing,2023-12-01,67,Shooba Dooba Swing,wsdc-290
1,2023-12-global-grand-prix-west-coast-swing-reunion,2023-12-01,128,Global Grand Prix - West Coast Swing Reunion,wsdc-342
1,2024-01-spotlight-new-year-s-celebration,2024-01-01,137,Spotlight New Year's Celebration,wsdc-141
1,2024-01-freedom-swing-dance-challenge,2024-01-01,104,Freedom Swing Dance Challenge,wsdc-183
1,2024-01-budafest-open-wcs-championships,2024-01-01,180,BudaFest Open WCS Championships,wsdc-184
1,2024-01-swingcouver,2024-01-01,121,SwingCouver ,wsdc-196
1,2024-01-austin-swing-dance-championships-asdc,2024-01-01,114,Austin Swing Dance Championships (ASDC),wsdc-200
1,2023-12-westie-gala,2024-01-01,102,Westie Gala,wsdc-240
1,2024-01-derby-city-swing,2024-01-01,87,Derby City Swing,wsdc-242
1,2024-01-swingvester,2024-01-01,140,SwingVester,wsdc-289
1,2024-01-swing-resolution,2024-01-01,120,Swing Resolution,wsdc-301
1,2024-01-avignon-city-swing,2024-01-01,84,Avignon City Swing,wsdc-309
1,2024-01-countdown-swing-boston,2024-01-01,121,Countdown Swing Boston ,wsdc-334
1,2024-01-floor-play-swing-vacation,2024-01-01,99,Floor Play Swing Vacation ,wsdc-42
1,2024-01-monterey-swing-fest,2024-01-01,114,Monterey Swing Fest 2024,wsdc-62
1,2024-01-ucwdc-country-dance-world-championships,2024-01-01,78,UCWDC Country Dance World Championships,wsdc-75
1,2024-02-capital-swing-convention,2024-02-01,125,Capital Swing Convention,wsdc-12
1,2024-02-swing-snow,2024-02-01,100,Swing & Snow,wsdc-215
1,2024-02-rose-city-swing,2024-02-01,135,Rose City Swing,wsdc-244
1,2024-02-swingtzerland,2024-02-01,68,Swingtzerland,wsdc-258
1,2024-02-charlotte-westiefest,2024-02-01,170,Charlotte WestieFest,wsdc-273
1,2024-02-winter-coast-swing,2024-02-01,57,Winter Coast Swing,wsdc-297
1,2024-02-paris-swing-classic,2024-02-01,135,Paris Swing Classic,wsdc-307
1,2024-02-valentine-swing,2024-02-01,78,Valentine Swing,wsdc-310
1,2024-03-tulsa-spring-swing,2024-03-01,65,Tulsa Spring Swing,wsdc-132
1,2024-03-the-chicago-classic,2024-03-01,145,The Chicago Classic,wsdc-142
1,2024-03-high-desert-dance-classic,2024-03-01,88,High Desert Dance Classic,wsdc-143
1,2024-03-novice-invitational,2024-03-01,112,Novice Invitational,wsdc-153
1,2024-03-west-in-lyon,2024-03-01,175,West in Lyon,wsdc-186
1,2024-03-5280-westival,2024-03-01,71,5280 Westival,wsdc-197
1,2024-03-san-diego-dance-festival,2024-03-01,55,San Diego Dance Festival,wsdc-217
1,2024-03-king-swing,2024-03-01,125,King Swing,wsdc-292
1,2024-03-westie-spring-thing,2024-03-01,128,Westie Spring Thing,wsdc-314
1,2024-03-all-star-swingjam,2024-03-01,79,All Star SwingJam,wsdc-318
1,2024-03-bto-open,2024-03-01,75,BTO Open,wsdc-324
1,2024-03-swingvasion,2024-03-01,41,Swingvasion,wsdc-333
1,2024-03-the-boston-tea-party,2024-03-01,120,The Boston Tea Party,wsdc-9
1,2024-03-madjam-mid-atlantic-dance-jam,2024-03-01,199,MADjam (Mid Atlantic Dance Jam),wsdc-92
1,2024-04-calgary-dance-stampede,2024-04-01,50,Calgary Dance Stampede,wsdc-116
1,2024-04-easter-swing,2024-04-01,150,Easter Swing,wsdc-18
1,2024-04-city-of-angels-swing-event,2024-04-01,132,City of Angels Swing Event,wsdc-187
1,2024-04-detonation-dance,2024-04-01,110,Detonation Dance,wsdc-203
1,2024-04-korean-open-wcs-championsips,2024-04-01,143,Korean Open WCS Championsips,wsdc-210
1,2024-04-asia-wcs-open,2024-04-01,125,Asia WCS Open XI,wsdc-218
1,2024-04-nordic-wcs-championships,2024-04-01,125,Nordic WCS Championships,wsdc-253
1,2024-04-swingover,2024-04-01,120,Swingover,wsdc-259
1,2024-04-dutch-open-west-coast-swing,2024-04-01,66,Dutch Open West Coast Swing 2024,wsdc-275
1,2024-04-westy-nantes,2024-04-01,132,Westy Nantes,wsdc-293
1,2024-04-honey-fest,2024-04-01,86,HONEY FEST,wsdc-345
1,2024-05-canadian-swing-championships,2024-05-01,48,Canadian Swing Championships,wsdc-105
1,2024-05-texas-classic,2024-05-01,58,Texas Classic,wsdc-121
1,2024-05-swing-dance-america-sda,2024-05-01,63,Swing Dance America (SDA),wsdc-134
1,2024-05-swingin-into-spring,2024-05-01,23,Swingin' Into Spring,wsdc-144
1,2024-05-swingsation,2024-05-01,66,Swingsation 2024,wsdc-174
1,2024-05-french-open-wcs,2024-05-01,200,French Open WCS,wsdc-175
1,2024-05-soswing,2024-05-01,107,SOswing,wsdc-205
1,2024-05-usa-grand-nationals-dance-championship,2024-05-01,150,USA Grand Nationals Dance Championship,wsdc-22
1,2024-05-show-me-showdown,2024-05-01,61,Show Me Showdown,wsdc-221
1,2024-06-colorado-country-classic,2024-06-01,49,Colorado Country Classic,wsdc-109
1,2024-06-orange-blossom-dance-festival,2024-06-01,43,Orange Blossom Dance Festival,wsdc-117
1,2024-06-swingapalooza,2024-06-01,103,SWINGAPALOOZA,wsdc-162
1,2024-05-hungarian-open,2024-06-01,116,Hungarian Open,wsdc-206
1,2024-06-dance-n-play,2024-06-01,63,Dance N Play,wsdc-207
1,2024-06-d-townswing,2024-06-01,143,D-TOWNSWING,wsdc-220
1,2024-06-baltic-swing,2024-06-01,125,Baltic Swing,wsdc-222
1,2024-06-jack-jill-o-rama,2024-06-01,145,Jack & Jill O'Rama,wsdc-25
1,2024-06-swing-fiction,2024-06-01,98,Swing Fiction 2024,wsdc-331
1,2024-06-michigan-classic,2024-06-01,98,Michigan Classic,wsdc-76
1,2024-06-liberty-swing-dance-championships,2024-06-01,175,Liberty Swing Dance Championships,wsdc-96
1,2024-07-phoenix-of-july,2024-07-01,99,Phoenix 4th of July,wsdc-1
1,2024-07-toronto-open-swing-and-hustle-championships,2024-07-01,85,Toronto Open Swing and Hustle Championships,wsdc-147
1,2024-07-dance-mardi-gras,2024-07-01,39,Dance Mardi Gras,wsdc-148
1,2024-07-florida-dance-magic-unconfirmed,2024-07-01,79,Florida Dance Magic (Unconfirmed),wsdc-149
1,2024-07-big-apple-dance-festival,2024-07-01,41,Big Apple Dance Festival,wsdc-156
1,2024-07-midwest-westie-fest,2024-07-01,129,Midwest Westie Fest,wsdc-224
1,2024-07-wild-wild-westie,2024-07-01,160,Wild Wild Westie,wsdc-225
1,2024-07-rock-the-barn,2024-07-01,61,Rock The Barn,wsdc-256
1,2024-06-neverlandswing,2024-07-01,96,NeverlandSwing,wsdc-261
1,2024-07-riga-summer-swing,2024-07-01,83,Riga Summer Swing,wsdc-263
1,2024-07-americano-dance-camp,2024-07-01,88,Americano Dance camp,wsdc-278
1,2024-07-st-petersburg-wcs-nights,2024-07-01,113,St.Petersburg WCS Nights,wsdc-280
1,2024-07-odyssey-west-coast-swing,2024-07-01,67,Odyssey West Coast Swing,wsdc-303
1,2024-08-chicagoland-country-and-swing-dance-festival,2024-08-01,64,Chicagoland Country and Swing Dance Festival,wsdc-119
1,2024-08-lonestar-invitational,2024-08-01,42,Lonestar Invitational,wsdc-120
1,2024-08-new-england-dance-festival,2024-08-01,68,New England Dance Festival,wsdc-157
1,2024-07-sea-sun-swing-camp,2024-08-01,130,Sea Sun & Swing Camp,wsdc-164
1,2024-08-swingtacular-the-galactic-open,2024-08-01,140,Swingtacular: The Galactic Open,wsdc-227
1,2024-08-uptown-swing,2024-08-01,126,UpTown Swing,wsdc-264
1,2024-08-the-german-open-wcs-championships,2024-08-01,170,The German Open WCS Championships,wsdc-282
1,2024-08-shakedown-swing,2024-08-01,36,Shakedown Swing,wsdc-298
1,2024-08-bristol-swing-fiesta,2024-08-01,82,Bristol Swing Fiesta,wsdc-339
1,2024-08-swingtime-denver,2024-08-01,180,SwingTime Denver,wsdc-47
1,2024-08-summer-hummer,2024-08-01,136,Summer Hummer,wsdc-53
1,2024-08-swing-fling,2024-08-01,170,Swing Fling 2024,wsdc-59
1,2024-08-arizona-dance-classic,2024-08-01,39,Arizona Dance Classic,wsdc-77
1,2024-09-meet-me-in-st-louis-swing-dance-championships,2024-09-01,116,Meet Me in St Louis Swing Dance Championships,wsdc-131
1,2024-09-desert-city-swing,2024-09-01,147,Desert City Swing,wsdc-135
1,2024-09-midland-swing-open,2024-09-01,149,Midland Swing Open,wsdc-165
1,2024-09-best-of-the-best-wcs,2024-09-01,82,Best of the Best WCS,wsdc-167
1,2024-09-jax-westie-fest,2024-09-01,69,Jax Westie Fest,wsdc-177
1,2024-09-trilogy-swing,2024-09-01,152,Trilogy Swing,wsdc-231
1,2024-09-bavarian-open-west-coast-swing-championships,2024-09-01,157,Bavarian Open West Coast Swing Championships,wsdc-233
1,2024-09-philly-swing-dance-classic,2024-09-01,84,Philly Swing Dance Classic,wsdc-234
1,2024-09-finnfest,2024-09-01,140,Finnfest,wsdc-254
1,2024-09-korea-westival,2024-09-01,77,Korea Westival,wsdc-268
1,2024-09-austin-rocks,2024-09-01,113,Austin Rocks 2024 ,wsdc-300
1,2024-08-rolling-swing,2024-09-01,138,Rolling Swing,wsdc-313
1,2024-09-sea-dance-fest,2024-09-01,42,Sea Dance Fest,wsdc-338
1,2024-09-south-bay-dance-fling,2024-09-01,62,South Bay Dance Fling,wsdc-48
1,2024-10-swing-city-chicago,2024-10-01,153,Swing City Chicago,wsdc-125
1,2024-10-montreal-westie-fest,2024-10-01,95,Montreal Westie Fest,wsdc-178
1,2024-10-atlanta-swing-classic,2024-10-01,152,Atlanta Swing Classic,wsdc-211
1,2024-10-warsaw-halloween-swing,2024-10-01,145,Warsaw Halloween Swing,wsdc-236
1,2024-10-swustlicious,2024-10-01,94,Swustlicious,wsdc-267
1,2024-10-wcs-festival,2024-10-01,121,WCS Festival,wsdc-286
1,2024-10-milan-modern-swing,2024-10-01,142,Milan Modern Swing,wsdc-322
1,2024-10-swingside-invitational,2024-10-01,106,Swingside Invitational,wsdc-346
1,2024-10-augsburg-westie-station,2024-10-01,88,Augsburg Westie Station,wsdc-350
1,2024-10-go-west-swingfest,2024-10-01,25,Go West Swingfest,wsdc-367
1,2024-10-paradise-dance-festival,2024-10-01,80,Paradise Dance Festival,wsdc-43
1,2024-10-halloween-swingthing,2024-10-01,128,Halloween Swingthing,wsdc-65
1,2024-10-boogie-by-the-bay,2024-10-01,155,Boogie by the Bay,wsdc-8
1,2024-11-new-zealand-open,2024-11-01,56,New Zealand Open,wsdc-179
1,2024-11-dc-swing-experience-dcsx,2024-11-01,171,DC Swing eXperience (DCSX),wsdc-181
1,2024-10-scandinavian-open-wcs-snow,2024-11-01,145,"Scandinavian Open WCS ""SNOW""",wsdc-229
1,2024-11-autumn-swing-challenge,2024-11-01,126,Autumn Swing Challenge,wsdc-269
1,2024-10-westie-s-angels,2024-11-01,124,Westie's Angels,wsdc-270
1,2024-11-midnight-madness-swing,2024-11-01,111,Midnight Madness Swing,wsdc-288
1,2024-11-mountain-magic-dance-convention,2024-11-01,52,Mountain Magic Dance Convention,wsdc-31
1,2024-11-westie-pink-city,2024-11-01,108,Westie Pink City,wsdc-312
1,2024-11-rocket-city-swing,2024-11-01,66,Rocket City Swing,wsdc-323
1,2024-11-simply-adelaide-west-coast-swing,2024-11-01,57,Simply Adelaide West Coast Swing 2024,wsdc-330
1,2024-11-spooky-westie-weekend,2024-11-01,43,Spooky Westie Weekend,wsdc-340
1,2024-11-sea-to-sky-seattle,2024-11-01,126,Sea to Sky Seattle,wsdc-79
1,2024-12-the-after-party-tap,2024-12-01,130,"The After Party - ""TAP""",wsdc-212
1,2024-12-winter-white-wcs,2024-12-01,106,Winter White WCS,wsdc-238
1,2024-12-berlin-swing-revolution,2024-12-01,61,Berlin Swing Revolution,wsdc-271
1,2024-12-shooba-dooba-swing,2024-12-01,103,Shooba Dooba Swing,wsdc-290
1,2024-12-global-grand-prix-west-coast-swing,2024-12-01,118,Global Grand Prix - West Coast Swing,wsdc-342
1,2024-12-the-open-world-swing-dance-championships,2024-12-01,163,The Open World Swing Dance Championships,wsdc-68
1,2024-12-cash-bash,2024-12-01,76,CASH Bash,wsdc-87
1,2025-01-spotlight-new-year-s-celebration,2025-01-01,151,Spotlight New Year's Celebration,wsdc-141
1,2025-01-freedom-swing-dance-challenge,2025-01-01,100,Freedom Swing Dance Challenge,wsdc-183
1,2025-01-budafest-open-wcs-championships,2025-01-01,169,BudaFest Open WCS Championships,wsdc-184
1,2025-01-swingcouver,2025-01-01,131,SwingCouver,wsdc-196
1,2025-01-austin-swing-dance-championships,2025-01-01,106,Austin Swing Dance Championships,wsdc-200
1,2024-12-westie-gala,2025-01-01,111,Westie Gala,wsdc-240
1,2025-01-derby-city-swing,2025-01-01,106,Derby City Swing,wsdc-242
1,2025-01-swingvester,2025-01-01,149,SwingVester,wsdc-289
1,2025-01-swing-resolution,2025-01-01,98,Swing Resolution,wsdc-301
1,2025-01-avignon-city-swing,2025-01-01,124,Avignon City Swing,wsdc-309
1,2025-01-countdown-swing-boston,2025-01-01,114,Countdown Swing Boston,wsdc-334
1,2025-01-the-australian-classic-west-coast-swing-dance-championships-trial-event,2025-01-01,50,The Australian Classic West Coast Swing Dance Championships (Trial Event),wsdc-381
1,2025-01-floorplay-swing-vacation,2025-01-01,115,Floorplay Swing Vacation,wsdc-42
1,2025-01-monterey-swing-fest,2025-01-01,111,Monterey Swing Fest,wsdc-62
1,2025-01-ucwdc-country-dance-world-championship,2025-01-01,55,UCWDC Country Dance World Championship,wsdc-75
1,2025-02-capital-swing-dance-convention,2025-02-01,122,Capital Swing Dance Convention,wsdc-12
1,2025-02-swing-snow,2025-02-01,113,Swing & Snow,wsdc-215
1,2025-02-rose-city-swing,2025-02-01,146,Rose City Swing,wsdc-244
1,2025-02-swingtzerland,2025-02-01,69,Swingtzerland,wsdc-258
1,2025-02-charlotte-westiefest,2025-02-01,156,Charlotte WestieFest,wsdc-273
1,2025-02-winter-coast-swing,2025-02-01,93,Winter Coast Swing,wsdc-297
1,2025-02-westeroz-swing,2025-02-01,44,WesterOz Swing,wsdc-302
1,2025-01-paris-swing-classic,2025-02-01,138,Paris Swing Classic,wsdc-307
1,2025-02-valentine-swing,2025-02-01,70,Valentine Swing,wsdc-310
1,2025-02-swing-crush,2025-02-01,92,Swing Crush,wsdc-343
1,2025-02-arousa-westie-fest,2025-02-01,94,Arousa Westie Fest,wsdc-344
1,2025-02-trinity-swing,2025-02-01,47,Trinity Swing,wsdc-363
1,2025-03-the-chicago-classic,2025-03-01,170,The Chicago Classic,wsdc-142
1,2025-03-high-desert-dance-classic,2025-03-01,100,High Desert Dance Classic,wsdc-143
1,2025-03-novice-invitational,2025-03-01,111,Novice Invitational,wsdc-153
1,2025-03-uk-wcs-championships,2025-03-01,154,UK WCS Championships,wsdc-154
1,2025-03-west-in-lyon,2025-03-01,159,West In Lyon,wsdc-186
1,2025-03-5280-westival,2025-03-01,71,5280 Westival,wsdc-197
1,2025-03-dutch-open-west-coast-swing,2025-03-01,80,Dutch open West Coast swing,wsdc-275
1,2025-03-king-swing,2025-03-01,121,KING SWING,wsdc-292
1,2025-03-westie-spring-thing,2025-03-01,125,Westie Spring Thing,wsdc-314
1,2025-03-by-town-open-bto,2025-03-01,93,By-Town Open (BTO),wsdc-324
1,2025-03-swingvasion,2025-03-01,38,Swingvasion,wsdc-333
1,2025-03-euro-dance-festival,2025-03-01,109,Euro Dance Festival,wsdc-348
1,2025-03-the-boston-tea-party,2025-03-01,114,The Boston Tea Party,wsdc-9
1,2025-04-calgary-dance-stampede,2025-04-01,66,Calgary Dance Stampede,wsdc-116
1,2025-04-tulsa-spring-swing,2025-04-01,68,Tulsa Spring Swing,wsdc-132
1,2025-04-easter-swing,2025-04-01,146,Easter Swing,wsdc-18
1,2025-04-city-of-angels,2025-04-01,143,City of Angels,wsdc-187
1,2025-04-detonation-dance,2025-04-01,99,Detonation Dance,wsdc-203
1,2025-04-korean-open-wcs-championships,2025-04-01,120,Korean Open WCS Championships,wsdc-210
1,2025-04-asia-west-coast-swing-open,2025-04-01,116,Asia West Coast Swing Open,wsdc-218
1,2025-04-swingover,2025-04-01,150,Swingover,wsdc-259
1,2025-04-westy-nantes,2025-04-01,127,WESTY NANTES,wsdc-293
1,2025-04-honey-fest,2025-04-01,86,HONEY FEST,wsdc-345
1,2025-04-slovenian-open,2025-04-01,119,Slovenian Open,wsdc-352
1,2025-04-swingin-festival,2025-04-01,126,SwingIN Festival,wsdc-370
1,2025-05-canadian-swing-championships,2025-05-01,50,Canadian Swing Championships,wsdc-105
1,2025-05-texas-classic,2025-05-01,43,Texas Classic,wsdc-121
1,2025-05-swingin-into-spring,2025-05-01,44,Swingin' Into Spring 2025,wsdc-144
1,2025-05-swingsation,2025-05-01,66,Swingsation,wsdc-174
1,2025-05-soswing,2025-05-01,113,SOswing,wsdc-205
1,2025-05-usa-grand-national-dance-championships,2025-05-01,137,USA Grand National Dance Championships,wsdc-22
1,2025-05-show-me-showdown,2025-05-01,65,Show Me Showdown,wsdc-221
1,2025-05-nordic-wcs-championships,2025-05-01,142,Nordic WCS Championships,wsdc-253
1,2025-05-som-swing-of-music,2025-05-01,83,SOM - Swing of Music,wsdc-336
1,2025-05-beemad,2025-05-01,82,BeeMAD,wsdc-347
1,2025-04-spring-time-swing,2025-05-01,136,Spring Time Swing,wsdc-354
1,2025-05-nanaimo-dance-fusion,2025-05-01,59,Nanaimo Dance Fusion,wsdc-364
1,2025-05-dance-jam-jack-jill-weekend,2025-05-01,85,Dance Jam Jack & Jill Weekend,wsdc-372
1,2025-05-med-in-swing,2025-05-01,107,Med in Swing,wsdc-379
1,2025-06-colorado-country-classic,2025-06-01,68,Colorado Country Classic,wsdc-109
1,2025-06-orange-blossom-dance-festival,2025-06-01,57,Orange Blossom Dance Festival,wsdc-117
1,2025-06-swingapalooza,2025-06-01,107,SWINGAPALOOZA,wsdc-162
1,2025-06-french-open-wcs,2025-06-01,153,French Open WCS,wsdc-175
1,2025-05-hungarian-open,2025-06-01,102,Hungarian Open,wsdc-206
1,2025-06-dance-n-play,2025-06-01,56,Dance N Play,wsdc-207
1,2025-06-d-townswing,2025-06-01,129,D-TOWNSWING,wsdc-220
1,2025-06-baltic-swing,2025-06-01,128,BALTIC SWING,wsdc-222
1,2025-06-jack-jill-o-rama,2025-06-01,137,Jack & Jill O'Rama,wsdc-25
1,2025-06-indy-dance-explosion,2025-06-01,21,Indy Dance Explosion,wsdc-255
1,2025-06-neverlandswing,2025-06-01,115,NeverlandSwing,wsdc-261
1,2025-06-swing-fiction,2025-06-01,87,Swing Fiction,wsdc-321
1,2025-06-next-level-swing,2025-06-01,74,Next Level Swing,wsdc-368
1,2025-06-french-connection-wcs,2025-06-01,118,FRENCH CONNECTION WCS,wsdc-369
1,2025-06-festival-city-swing,2025-06-01,65,Festival City Swing,wsdc-371
1,2025-06-barock-swing-ludwigsburg,2025-06-01,93,Barock Swing Ludwigsburg,wsdc-374
1,2025-06-michigan-classic,2025-06-01,112,Michigan Classic,wsdc-76
1,2025-06-liberty-swing-dance-championships,2025-06-01,163,Liberty Swing Dance Championships,wsdc-96
1,2025-07-phoenix-of-july,2025-07-01,111,Phoenix 4th of July,wsdc-1
1,2025-07-toronto-open,2025-07-01,94,Toronto Open,wsdc-147
1,2025-07-dance-mardi-gras,2025-07-01,51,Dance Mardi Gras,wsdc-148
1,2025-07-florida-dance-magic,2025-07-01,90,Florida Dance Magic,wsdc-149
1,2025-07-big-apple-dance-festival,2025-07-01,43,Big Apple Dance Festival,wsdc-156
1,2025-07-midwest-westie-fest,2025-07-01,123,Midwest Westie Fest 2025,wsdc-224
1,2025-07-wild-wild-westie,2025-07-01,146,Wild Wild Westie,wsdc-225
1,2025-07-rock-the-barn,2025-07-01,79,Rock the Barn,wsdc-256
1,2025-07-americano-dance-camp,2025-07-01,86,Americano Dance Camp,wsdc-278
1,2025-07-st-petersburg-wcs-nights,2025-07-01,122,St. Petersburg WCS Nights,wsdc-280
1,2025-07-saunaswing,2025-07-01,94,SaunaSwing,wsdc-360
1,2025-07-my-swing,2025-07-01,92,MY Swing,wsdc-362
1,2025-07-carolina-summer-swing,2025-07-01,122,Carolina Summer Swing,wsdc-373
1,2025-07-mediterranean-open-wcs,2025-07-01,138,Mediterranean Open WCS,wsdc-375
1,2025-07-revitalise-wcs,2025-07-01,52,Revitalise WCS,wsdc-385
1,2025-08-chicagoland-country-and-swing-dance-festival,2025-08-01,68,Chicagoland Country and Swing Dance Festival,wsdc-119
1,2025-08-lonestar-invitational,2025-08-01,23,Lonestar Invitational,wsdc-120
1,2025-08-new-england-dance-festival,2025-08-01,82,New England Dance Festival,wsdc-157
1,2025-08-jax-westie-fest,2025-08-01,80,Jax Westie Fest,wsdc-177
1,2025-08-swingtacular-the-galactic-open,2025-08-01,118,Swingtacular: The Galactic Open,wsdc-227
1,2025-08-uptown-swing,2025-08-01,114,UpTown Swing,wsdc-264
1,2025-08-german-open-west-coast-swing,2025-08-01,168,German Open West Coast Swing,wsdc-282
1,2025-08-shakedown-swing,2025-08-01,38,Shakedown Swing,wsdc-298
1,2025-08-bristol-swing-fiesta,2025-08-01,89,Bristol Swing Fiesta,wsdc-339
1,2025-08-the-bend-connection,2025-08-01,69,The Bend Connection,wsdc-356
1,2025-08-lisbon-westie-fest,2025-08-01,100,Lisbon Westie Fest,wsdc-382
1,2025-07-warsaw-summer-nights-westival,2025-08-01,94,Warsaw Summer Nights Westival,wsdc-383
1,2025-08-grand-party-sofia-gps,2025-08-01,77,Grand Party Sofia (GPS),wsdc-384
1,2025-08-swing-dance-mania,2025-08-01,80,Swing Dance Mania,wsdc-391
1,2025-08-swingtime-denver,2025-08-01,139,SwingTime Denver,wsdc-47
1,2025-08-summer-hummer,2025-08-01,135,Summer Hummer,wsdc-53
1,2025-08-swing-fling,2025-08-01,146,Swing Fling,wsdc-59
1,2025-08-arizona-dance-classic,2025-08-01,57,Arizona Dance Classic,wsdc-77
1,2025-09-meet-me-in-st-louis-swing-dance-championships,2025-09-01,117,Meet Me in St. Louis Swing Dance Championships,wsdc-131
1,2025-09-desert-city-swing,2025-09-01,133,Desert City Swing,wsdc-135
1,2025-09-midland-swing-open,2025-09-01,138,Midland Swing Open,wsdc-165
1,2025-09-best-of-the-best-wcs,2025-09-01,77,Best of the Best WCS,wsdc-167
1,2025-09-trilogy-swing,2025-09-01,148,Trilogy Swing,wsdc-231
1,2025-09-bavarian-open-west-coast-swing-championships,2025-09-01,144,Bavarian Open West Coast Swing Championships,wsdc-233
1,2025-09-philly-swing-dance-classic,2025-09-01,66,Philly Swing Dance Classic,wsdc-234
1,2025-09-finnfest,2025-09-01,135,Finnfest,wsdc-254
1,2025-09-korea-westival,2025-09-01,90,Korea Westival 2025,wsdc-268
1,2025-09-austin-rocks,2025-09-01,124,Austin Rocks,wsdc-300
1,2025-08-rolling-swing,2025-09-01,124,Rolling Swing,wsdc-313
1,2025-09-sea-dance-fest,2025-09-01,75,Sea Dance Fest,wsdc-338
1,2025-09-wcs-party,2025-09-01,118,WCS Party,wsdc-357
1,2025-09-retaliation-swing,2025-09-01,92,Retaliation Swing,wsdc-359
1,2025-09-mooseland-swing,2025-09-01,71,Mooseland Swing 2025,wsdc-361
1,2025-09-south-bay-dance-fling,2025-09-01,80,South Bay Dance Fling,wsdc-48
1,2025-10-swing-city-chicago,2025-10-01,138,Swing City Chicago,wsdc-125
1,2025-10-montreal-westie-fest,2025-10-01,100,Montreal Westie Fest,wsdc-178
1,2025-10-the-new-zealand-west-coast-swing-open,2025-10-01,60,The New Zealand West Coast Swing Open,wsdc-179
1,2025-10-atlanta-swing-classic,2025-10-01,145,Atlanta Swing Classic,wsdc-211
1,2025-10-swustlicious,2025-10-01,79,Swustlicious,wsdc-267
1,2025-10-wcs-festival,2025-10-01,111,WCS Festival,wsdc-286
1,2025-10-milan-modern-swing,2025-10-01,164,Milan Modern Swing 2025,wsdc-322
1,2025-10-swingside-invitational,2025-10-01,105,Swingside Invitational ,wsdc-346
1,2025-10-augsburg-westie-station,2025-10-01,102,Augsburg Westie Station,wsdc-350
1,2025-10-the-aloha-open,2025-10-01,43,The Aloha Open,wsdc-355
1,2025-10-go-west-swingfest,2025-10-01,41,Go West SwingFest,wsdc-367
1,2025-10-sass-spooky-albany-swing-spectacular,2025-10-01,67,SASS Spooky Albany Swing Spectacular,wsdc-380
1,2025-10-norwegian-open-wcs,2025-10-01,81,Norwegian Open WCS,wsdc-388
1,2025-10-paradise-dance-festival,2025-10-01,82,Paradise dance festival,wsdc-43
1,2025-10-halloween-swingthing,2025-10-01,108,Halloween SwingThing,wsdc-65
1,2025-10-boogie-by-the-bay,2025-10-01,162,Boogie by the Bay,wsdc-8
1,2025-11-tampa-bay-classic,2025-11-01,103,Tampa Bay Classic,wsdc-137
1,2025-11-dc-swing-experience-dcsx,2025-11-01,156,DC Swing eXperience (DCSX),wsdc-181
1,2025-11-moscow-westie-fest-gala-edition,2025-11-01,99,Moscow Westie Fest Gala Edition,wsdc-194
1,2025-11-scandinavian-open-wcs-snow,2025-11-01,144,"Scandinavian Open WCS ""SNOW""",wsdc-229
1,2025-10-warsaw-halloween-swing,2025-11-01,144,Warsaw Halloween Swing,wsdc-236
1,2025-11-autumn-swing-challenge,2025-11-01,127,Autumn Swing Challenge,wsdc-269
1,2025-11-westie-s-angels,2025-11-01,114,Westie's Angels,wsdc-270
1,2025-11-midnight-madness-wcs,2025-11-01,146,Midnight Madness WCS,wsdc-288
1,2025-11-mountain-magic-dance-convention,2025-11-01,57,Mountain Magic Dance Convention,wsdc-31
1,2025-11-westie-pink-city,2025-11-01,105,Westie Pink City,wsdc-312
1,2025-11-rocket-city-swing,2025-11-01,72,Rocket City Swing,wsdc-323
1,2025-11-simply-adelaide-west-coast-swing,2025-11-01,76,Simply Adelaide West Coast Swing,wsdc-330
1,2025-11-spooky-westie-weekend,2025-11-01,54,Spooky Westie Weekend,wsdc-340
1,2025-11-flowstate-west-coast-swing-zouk-festival,2025-11-01,58,Flowstate | West Coast Swing & Zouk Festival,wsdc-365
1,2025-11-northeast-swing-classic,2025-11-01,110,Northeast Swing Classic,wsdc-376
1,2025-11-the-open-world-swing-dance-championships,2025-11-01,144,The Open World Swing Dance Championships,wsdc-68
1,2025-11-cash-bash,2025-11-01,54,CASH Bash,wsdc-87
1,2025-12-the-after-party-tap,2025-12-01,115,"The After Party ""TAP""",wsdc-212
1,2025-12-winter-white-west-coast-swing,2025-12-01,102,Winter White West Coast Swing,wsdc-238
1,2025-12-berlin-swing-revolution,2025-12-01,63,Berlin Swing Revolution,wsdc-271
1,2025-12-shooba-dooba-swing,2025-12-01,102,Shooba Dooba Swing,wsdc-290
1,2025-12-global-grand-prix-west-coast-swing-championships,2025-12-01,117,Global Grand Prix - West Coast Swing Championships,wsdc-342
1,2025-12-santa-swing,2025-12-01,99,Santa Swing,wsdc-377
1,2026-01-spotlight-new-year-s-celebration,2026-01-01,145,Spotlight New Year's Celebration,wsdc-141
1,2026-01-freedom-swing-dance-challenge,2026-01-01,100,Freedom Swing Dance Challenge,wsdc-183
1,2026-01-budafest-open-wcs-championships,2026-01-01,166,BudaFest Open WCS Championships,wsdc-184
1,2026-01-swingcouver,2026-01-01,117,SwingCouver,wsdc-196
1,2026-01-austin-swing-dance-championships,2026-01-01,106,Austin Swing Dance Championships,wsdc-200
1,2025-12-westie-gala,2026-01-01,126,Westie Gala,wsdc-240
1,2026-01-derby-city-swing,2026-01-01,82,Derby City Swing,wsdc-242
1,2026-01-swingvester,2026-01-01,164,SwingVester 2025,wsdc-289
1,2026-01-swing-resolution,2026-01-01,102,Swing Resolution,wsdc-301
1,2026-01-paris-swing-classic,2026-01-01,160,Paris Swing Classic,wsdc-307
1,2026-01-avignon-city-swing,2026-01-01,108,Avignon City Swing,wsdc-309
1,2026-01-countdown-swing-boston,2026-01-01,102,Countdown Swing Boston,wsdc-334
1,2026-01-floorplay-swing-vacation,2026-01-01,95,Floorplay Swing Vacation,wsdc-42
1,2026-01-monterey-swing-fest,2026-01-01,138,Monterey Swing Fest,wsdc-62
1,2026-01-ucwdc-country-dance-world-championships,2026-01-01,78,UCWDC Country Dance World Championships,wsdc-75
1,2026-02-capital-swing-convention,2026-02-01,124,Capital Swing Convention,wsdc-12
1,2026-02-swing-snow,2026-02-01,104,Swing & Snow,wsdc-215
1,2026-02-swingtzerland,2026-02-01,67,Swingtzerland,wsdc-258
1,2026-02-charlotte-westiefest,2026-02-01,144,Charlotte WestieFest,wsdc-273
1,2026-02-winter-coast-swing,2026-02-01,91,Winter Coast Swing,wsdc-297
1,2026-02-valentine-swing,2026-02-01,90,Valentine Swing,wsdc-310
1,2026-02-swing-crush,2026-02-01,99,Swing Crush,wsdc-343
1,2026-02-arousa-westie-fest,2026-02-01,98,Arousa Westie Fest,wsdc-344
1,2026-02-euro-dance-festival,2026-02-01,128,Euro Dance Festival,wsdc-348
1,2026-02-trinity-swing,2026-02-01,69,Trinity Swing,wsdc-363
1,2026-02-prague-alchemy-swing,2026-02-01,118,Prague Alchemy Swing,wsdc-386
1,2026-02-waterloo-ontario-open-west-coast-swing-championships,2026-02-01,79,Waterloo Ontario Open West Coast Swing Championships,wsdc-387
1,2026-03-the-chicago-classic,2026-03-01,165,The Chicago Classic,wsdc-142
1,2026-03-high-desert-dance-classic,2026-03-01,88,High Desert Dance Classic,wsdc-143
1,2026-03-h-town-throw-down,2026-03-01,103,H-Town Throw Down,wsdc-153
1,2026-03-uk-west-coast-swing-championships,2026-03-01,167,UK West Coast Swing Championships,wsdc-154
1,2026-03-west-in-lyon,2026-03-01,147,West In Lyon,wsdc-186
1,2026-03-5280-westival,2026-03-01,64,5280 Westival,wsdc-197
1,2026-02-rose-city-swing,2026-03-01,144,Rose City Swing,wsdc-244
1,2026-03-dutch-open-west-coast-swing,2026-03-01,71,Dutch Open West Coast Swing,wsdc-275
1,2026-03-king-swing,2026-03-01,115,King Swing,wsdc-292
1,2026-03-westie-spring-thing,2026-03-01,130,Westie Spring Thing,wsdc-314
1,2026-03-all-star-swingjam,2026-03-01,83,All Star SwingJam,wsdc-318
1,2026-03-swingvasion,2026-03-01,45,Swingvasion,wsdc-333
1,2026-03-new-york-flow-festival,2026-03-01,78,New York Flow Festival,wsdc-378
1,2026-03-southern-lights-swing,2026-03-01,68,Southern Lights Swing,wsdc-394
1,2026-03-the-boston-tea-party,2026-03-01,97,The Boston Tea Party,wsdc-9
1,2026-03-madjam-mid-atlantic-dance-jam,2026-03-01,191,MADjam (Mid Atlantic Dance Jam),wsdc-92
1,2026-04-calgary-dance-stampede,2026-04-01,72,Calgary Dance Stampede,wsdc-116
1,2026-04-tulsa-spring-swing,2026-04-01,78,Tulsa Spring Swing,wsdc-132
1,2026-04-easter-swing,2026-04-01,143,Easter Swing 2026,wsdc-18
1,2026-04-city-of-angels-wcs,2026-04-01,122,City of Angels WCS,wsdc-187
1,2026-04-detonation-dance,2026-04-01,109,Detonation Dance,wsdc-203
1,2026-04-korean-open-wcs-championships,2026-04-01,124,Korean Open WCS Championships,wsdc-210
1,2026-04-asia-wcs-open,2026-04-01,118,Asia WCS Open XIII,wsdc-218
1,2026-04-swingover,2026-04-01,149,Swingover,wsdc-259
1,2026-04-westy-nantes,2026-04-01,117,WESTY NANTES,wsdc-293
1,2026-04-swing-in-capital,2026-04-01,119,Swing In Capital,wsdc-304
1,2026-04-honey-fest,2026-04-01,83,HONEY FEST,wsdc-345
1,2026-04-slovenian-open,2026-04-01,113,Slovenian Open,wsdc-352
1,2026-04-swingin-festival,2026-04-01,116,SwingIN Festival,wsdc-370
1,2026-04-swing-in-bloom,2026-04-01,94,Swing in Bloom,wsdc-393
1,2026-05-canadian-swing-championships,2026-05-01,54,Canadian Swing Championships,wsdc-105
1,2026-05-texas-classic,2026-05-01,45,Texas Classic,wsdc-121
1,2026-05-swingin-into-spring,2026-05-01,65,Swingin' Into Spring,wsdc-144
1,2026-05-swingsation,2026-05-01,60,Swingsation 2026,wsdc-174
1,2026-05-french-open-wcs,2026-05-01,157,French Open WCS,wsdc-175
1,2026-05-soswing,2026-05-01,106,SOswing,wsdc-205
1,2026-05-hungarian-open,2026-05-01,100,Hungarian Open,wsdc-206
1,2026-05-usa-grand-national-dance-championships,2026-05-01,127,USA Grand National Dance Championships,wsdc-22
1,2026-05-gateway-swing-classic,2026-05-01,87,Gateway Swing Classic,wsdc-221
1,2026-04-nordic-wcs-championships,2026-05-01,150,Nordic WCS Championships,wsdc-253
1,2026-05-som-swing-of-music,2026-05-01,96,SOM-Swing of Music,wsdc-336
1,2026-05-beemad,2026-05-01,81,BeeMAD,wsdc-347
1,2026-04-spring-time-swing,2026-05-01,128,Spring Time Swing,wsdc-354
1,2026-05-nanaimo-dance-fusion,2026-05-01,61,Nanaimo Dance Fusion,wsdc-364
1,2026-05-westie-weekend,2026-05-01,82,Westie Weekend,wsdc-372
1,2026-05-med-in-swing,2026-05-01,143,Med in Swing,wsdc-379
1,2026-05-michigan-classic,2026-05-01,103,Michigan Classic,wsdc-76
1,2026-06-colorado-country-classic,2026-06-01,68,Colorado Country Classic,wsdc-109
1,2026-06-orange-blossom-dance-festival,2026-06-01,54,Orange Blossom Dance Festival,wsdc-117
1,2026-06-swingapalooza,2026-06-01,103,SWINGAPALOOZA,wsdc-162
1,2026-06-d-townswing,2026-06-01,127,D-Townswing,wsdc-220
1,2026-06-baltic-swing,2026-06-01,126,Baltic Swing,wsdc-222
1,2026-06-jack-jill-o-rama,2026-06-01,135,Jack & Jill O'Rama,wsdc-25
1,2026-06-neverlandswing-dutch-swing-championships,2026-06-01,88,NeverlandSwing Dutch Swing Championships 2026,wsdc-261
1,2026-06-swing-fiction,2026-06-01,89,Swing Fiction,wsdc-331
1,2026-06-festival-city-swing,2026-06-01,62,Festival City Swing,wsdc-371
1,2026-06-baroqueswing,2026-06-01,97,BaroqueSwing,wsdc-374
1,2026-06-milan-swing-vibes,2026-06-01,92,Milan Swing Vibes,wsdc-405
1,2026-06-liberty-swing-dance-championships,2026-06-01,137,Liberty Swing Dance Championships,wsdc-96
1,2026-07-phoenix-of-july,2026-07-01,114,Phoenix 4th of July,wsdc-1
1,2026-07-florida-dance-magic,2026-07-01,106,Florida Dance Magic,wsdc-149
1,2026-07-big-apple-dance-festival,2026-07-01,52,Big Apple Dance Festival,wsdc-156
1,2026-07-midwest-westie-fest,2026-07-01,112,Midwest Westie Fest 2026,wsdc-224
1,2026-07-wild-wild-westie,2026-07-01,150,Wild Wild Westie,wsdc-225
1,2026-07-rock-the-barn,2026-07-01,98,Rock The Barn,wsdc-256
1,2026-07-americano-dance-camp,2026-07-01,86,Americano Dance Camp,wsdc-278
1,2026-07-st-petersburg-wcs-nights,2026-07-01,102,St. Petersburg WCS Nights,wsdc-280
1,2026-07-saunaswing,2026-07-01,92,SaunaSwing,wsdc-360
1,2026-07-my-swing,2026-07-01,97,MY Swing 2026,wsdc-362
1,2026-07-french-connection-wcs,2026-07-01,113,French Connection WCS,wsdc-369
1,2026-07-carolina-summer-swing,2026-07-01,122,Carolina Summer Swing,wsdc-373
1,2026-07-mediterranean-open-wcs,2026-07-01,120,Mediterranean Open WCS,wsdc-375
1,2026-07-revitalise-wcs,2026-07-01,76,Revitalise WCS,wsdc-385
1,2026-07-swinglab-berlin,2026-07-01,118,SwingLab Berlin,wsdc-389
1,2026-07-infinite-swing,2026-07-01,93,Infinite Swing,wsdc-404
1,2026-08-chicagoland-country-and-swing-dance-festival,2026-08-01,73,Chicagoland Country and Swing Dance Festival,wsdc-119
1,2026-08-desert-city-swing,2026-08-01,135,Desert City Swing,wsdc-135
1,2026-08-new-england-dance-festival,2026-08-01,66,New England Dance Festival,wsdc-157
1,2026-08-sea-sun-and-swing,2026-08-01,86,Sea Sun and Swing,wsdc-164
1,2026-08-swingtacular-the-galactic-open,2026-08-01,118,Swingtacular: The Galactic Open,wsdc-227
1,2026-08-uptown-swing,2026-08-01,123,UpTown Swing,wsdc-264
1,2026-08-german-open-wcs,2026-08-01,159,German Open WCS,wsdc-282
1,2026-08-shakedown-swing,2026-08-01,56,Shakedown Swing,wsdc-298
1,2026-08-rolling-swing,2026-08-01,143,Rolling Swing,wsdc-313
1,2026-08-bristol-swing-fiesta,2026-08-01,93,Bristol Swing Fiesta,wsdc-339
1,2026-08-the-bend-connection,2026-08-01,101,The Bend Connection,wsdc-356
1,2026-08-lisbon-westie-fest,2026-08-01,112,Lisbon Westie Fest,wsdc-382
1,2026-07-warsaw-summer-nights-westival,2026-08-01,103,Warsaw Summer Nights Westival,wsdc-383
1,2026-08-grand-party-sofia-gps,2026-08-01,101,Grand Party Sofia (GPS),wsdc-384
1,2026-08-manneken-swing,2026-08-01,96,Manneken Swing,wsdc-400
1,2026-08-swing-creation-hamburg,2026-08-01,100,Swing Creation Hamburg,wsdc-401
1,2026-08-westie-joy,2026-08-01,106,Westie Joy,wsdc-407
1,2026-08-summer-hummer,2026-08-01,126,Summer Hummer,wsdc-53
1,2026-08-swing-fling,2026-08-01,139,Swing Fling,wsdc-59
1,2026-08-arizona-dance-classic,2026-08-01,59,Arizona Dance Classic,wsdc-77
1,2026-09-jax-westie-fest,2026-09-01,92,Jax Westie Fest,wsdc-177
1,2026-09-korea-westival,2026-09-01,88,Korea Westival,wsdc-268
1,2026-09-south-bay-dance-fling,2026-09-01,85,South Bay Dance Fling,wsdc-48
