watch_id,source,kind,source_ref,url,parent_watch_id,state,priority,next_check_at
74e1122bb74bcf43,scoringdance,round,scoringdance:10,https://scoring.dance/enUS/events/10/results/124.html,d9e42bfea9784578,live,0,2026-09-10T16:02:30.383685+00:00
e38b2664554406ed,scoringdance,round,scoringdance:10,https://scoring.dance/enUS/events/10/results/126.html,d9e42bfea9784578,live,0,2026-09-10T16:02:30.383685+00:00
59cbcd45e6e60d79,scoringdance,round,scoringdance:10,https://scoring.dance/enUS/events/10/results/127.html,d9e42bfea9784578,live,0,2026-09-10T16:02:30.383685+00:00
ae63decf9179a3f4,scoringdance,round,scoringdance:10,https://scoring.dance/enUS/events/10/results/128.html,d9e42bfea9784578,live,0,2026-09-10T16:02:30.383685+00:00
ed58c99e2f743cb9,scoringdance,round,scoringdance:10,https://scoring.dance/enUS/events/10/results/129.html,d9e42bfea9784578,live,0,2026-09-10T16:02:30.383685+00:00
d9a51cc488db6e89,scoringdance,round,scoringdance:10,https://scoring.dance/enUS/events/10/results/130.html,d9e42bfea9784578,live,0,2026-09-10T16:02:30.383685+00:00
6c847e706e2789cb,scoringdance,round,scoringdance:10,https://scoring.dance/enUS/events/10/results/131.html,d9e42bfea9784578,live,0,2026-09-10T16:02:30.383685+00:00
9a0f0aeeff19a01a,scoringdance,round,scoringdance:10,https://scoring.dance/enUS/events/10/results/132.html,d9e42bfea9784578,live,0,2026-09-10T16:02:30.383685+00:00
448b958f20517c3c,scoringdance,round,scoringdance:10,https://scoring.dance/enUS/events/10/results/133.html,d9e42bfea9784578,live,0,2026-09-10T16:02:30.383685+00:00
5614bf51610a0bd6,scoringdance,round,scoringdance:10,https://scoring.dance/enUS/events/10/results/135.html,d9e42bfea9784578,live,0,2026-09-10T16:02:30.383685+00:00
20270c9bc51e79a4,scoringdance,round,scoringdance:10,https://scoring.dance/enUS/events/10/results/136.html,d9e42bfea9784578,live,0,2026-09-10T16:02:30.383685+00:00
1b2c1080712734e8,scoringdance,round,scoringdance:101,https://scoring.dance/enUS/events/101/results/1263.html,3e11a66c74d5f553,live,0,2026-09-10T16:02:28.974854+00:00
781ccb27ff063b8f,scoringdance,round,scoringdance:101,https://scoring.dance/enUS/events/101/results/1264.html,3e11a66c74d5f553,live,0,2026-09-10T16:02:28.974854+00:00
1153998c1ed316ca,scoringdance,round,scoringdance:101,https://scoring.dance/enUS/events/101/results/1265.html,3e11a66c74d5f553,live,0,2026-09-10T16:02:28.974854+00:00
c7a0d2bddb26d0cc,scoringdance,round,scoringdance:101,https://scoring.dance/enUS/events/101/results/1266.html,3e11a66c74d5f553,live,0,2026-09-10T16:02:28.974854+00:00
1c9ab91b7d3b2f47,scoringdance,round,scoringdance:101,https://scoring.dance/enUS/events/101/results/1267.html,3e11a66c74d5f553,live,0,2026-09-10T16:02:28.974854+00:00
b4ff828b5963e336,scoringdance,round,scoringdance:101,https://scoring.dance/enUS/events/101/results/1268.html,3e11a66c74d5f553,live,0,2026-09-10T16:02:28.974854+00:00
2fd965229293bf7e,scoringdance,round,scoringdance:102,https://scoring.dance/enUS/events/102/results/1242.html,e5895bcf818ebce9,live,0,2026-09-10T16:02:30.511773+00:00
f3d546e8d5cc1569,scoringdance,round,scoringdance:102,https://scoring.dance/enUS/events/102/results/1243.html,e5895bcf818ebce9,live,0,2026-09-10T16:02:30.511773+00:00
aa0f5d5febac8aeb,scoringdance,round,scoringdance:102,https://scoring.dance/enUS/events/102/results/1244.html,e5895bcf818ebce9,live,0,2026-09-10T16:02:30.511773+00:00
74efbfd2ce91a4ab,scoringdance,round,scoringdance:102,https://scoring.dance/enUS/events/102/results/1245.html,e5895bcf818ebce9,live,0,2026-09-10T16:02:30.511773+00:00
83ab765d11cdd69b,scoringdance,round,scoringdance:103,https://scoring.dance/enUS/events/103/results/1321.html,5beb600de240234f,live,0,2026-09-10T16:02:29.256321+00:00
eb347454d49e4e4e,scoringdance,round,scoringdance:103,https://scoring.dance/enUS/events/103/results/1322.html,5beb600de240234f,live,0,2026-09-10T16:02:29.256321+00:00
3d4bbf17bfeb3d30,scoringdance,round,scoringdance:103,https://scoring.dance/enUS/events/103/results/1323.html,5beb600de240234f,live,0,2026-09-10T16:02:29.256321+00:00
e7907823067e3ca5,scoringdance,round,scoringdance:103,https://scoring.dance/enUS/events/103/results/1324.html,5beb600de240234f,live,0,2026-09-10T16:02:29.256321+00:00
b02c79a870c5ec94,scoringdance,round,scoringdance:103,https://scoring.dance/enUS/events/103/results/1325.html,5beb600de240234f,live,0,2026-09-10T16:02:29.256321+00:00
54b7380ff888bdcc,scoringdance,round,scoringdance:103,https://scoring.dance/enUS/events/103/results/1326.html,5beb600de240234f,live,0,2026-09-10T16:02:29.256321+00:00
d1b0e7f905d17256,scoringdance,round,scoringdance:103,https://scoring.dance/enUS/events/103/results/1327.html,5beb600de240234f,live,0,2026-09-10T16:02:29.256321+00:00
f22ecfdbf809640a,scoringdance,round,scoringdance:103,https://scoring.dance/enUS/events/103/results/1328.html,5beb600de240234f,live,0,2026-09-10T16:02:29.256321+00:00
4df669ed00221e78,scoringdance,round,scoringdance:103,https://scoring.dance/enUS/events/103/results/1329.html,5beb600de240234f,live,0,2026-09-10T16:02:29.256321+00:00
459d22cb592b5abc,scoringdance,round,scoringdance:103,https://scoring.dance/enUS/events/103/results/1330.html,5beb600de240234f,live,0,2026-09-10T16:02:29.256321+00:00
68ba945c1a5ec5bb,scoringdance,round,scoringdance:103,https://scoring.dance/enUS/events/103/results/1331.html,5beb600de240234f,live,0,2026-09-10T16:02:29.256321+00:00
dd182014d8c605a7,scoringdance,round,scoringdance:103,https://scoring.dance/enUS/events/103/results/1332.html,5beb600de240234f,live,0,2026-09-10T16:02:29.256321+00:00
4f840b1453e80f26,scoringdance,round,scoringdance:103,https://scoring.dance/enUS/events/103/results/1333.html,5beb600de240234f,live,0,2026-09-10T16:02:29.256321+00:00
274ad91210b08fbd,scoringdance,round,scoringdance:103,https://scoring.dance/enUS/events/103/results/1335.html,5beb600de240234f,live,0,2026-09-10T16:02:29.256321+00:00
b93e8b55e37fb23e,scoringdance,round,scoringdance:103,https://scoring.dance/enUS/events/103/results/1336.html,5beb600de240234f,live,0,2026-09-10T16:02:29.256321+00:00
2331609facc584bf,scoringdance,round,scoringdance:103,https://scoring.dance/enUS/events/103/results/1337.html,5beb600de240234f,live,0,2026-09-10T16:02:29.256321+00:00
418a0458ddf09d86,scoringdance,round,scoringdance:103,https://scoring.dance/enUS/events/103/results/1338.html,5beb600de240234f,live,0,2026-09-10T16:02:29.256321+00:00
5001639a3f35b94a,scoringdance,round,scoringdance:103,https://scoring.dance/enUS/events/103/results/1339.html,5beb600de240234f,live,0,2026-09-10T16:02:29.256321+00:00
00860fc79ff02ec4,scoringdance,round,scoringdance:103,https://scoring.dance/enUS/events/103/results/1340.html,5beb600de240234f,live,0,2026-09-10T16:02:29.256321+00:00
fed7f1516034b167,scoringdance,round,scoringdance:103,https://scoring.dance/enUS/events/103/results/1342.html,5beb600de240234f,live,0,2026-09-10T16:02:29.256321+00:00
885faf307fc6761b,scoringdance,round,scoringdance:103,https://scoring.dance/enUS/events/103/results/1343.html,5beb600de240234f,live,0,2026-09-10T16:02:29.256321+00:00
2a1e6f5d2ef6390d,scoringdance,round,scoringdance:103,https://scoring.dance/enUS/events/103/results/1344.html,5beb600de240234f,live,0,2026-09-10T16:02:29.256321+00:00
cb5aeb6884df1991,scoringdance,round,scoringdance:103,https://scoring.dance/enUS/events/103/results/1345.html,5beb600de240234f,live,0,2026-09-10T16:02:29.256321+00:00
d730fbafe1b02ca3,scoringdance,round,scoringdance:103,https://scoring.dance/enUS/events/103/results/1346.html,5beb600de240234f,live,0,2026-09-10T16:02:29.256321+00:00
1b36e017fce2f0c2,scoringdance,round,scoringdance:103,https://scoring.dance/enUS/events/103/results/1347.html,5beb600de240234f,live,0,2026-09-10T16:02:29.256321+00:00
b3f464d99035792c,scoringdance,round,scoringdance:104,https://scoring.dance/enUS/events/104/results/1592.html,c3815fea4f7bc21d,live,0,2026-09-10T16:02:30.171654+00:00
9995b4444133d57a,scoringdance,round,scoringdance:104,https://scoring.dance/enUS/events/104/results/1593.html,c3815fea4f7bc21d,live,0,2026-09-10T16:02:30.171654+00:00
9f7cfca12c28d907,scoringdance,round,scoringdance:104,https://scoring.dance/enUS/events/104/results/1594.html,c3815fea4f7bc21d,live,0,2026-09-10T16:02:30.171654+00:00
5dcbc6ec189298a6,scoringdance,round,scoringdance:104,https://scoring.dance/enUS/events/104/results/1595.html,c3815fea4f7bc21d,live,0,2026-09-10T16:02:30.171654+00:00
d5f672d1820e9f47,scoringdance,round,scoringdance:104,https://scoring.dance/enUS/events/104/results/1596.html,c3815fea4f7bc21d,live,0,2026-09-10T16:02:30.171654+00:00
e5be100dc1fb661a,scoringdance,round,scoringdance:104,https://scoring.dance/enUS/events/104/results/1597.html,c3815fea4f7bc21d,live,0,2026-09-10T16:02:30.171654+00:00
910f267c26b5b360,scoringdance,round,scoringdance:104,https://scoring.dance/enUS/events/104/results/1598.html,c3815fea4f7bc21d,live,0,2026-09-10T16:02:30.171654+00:00
26a16b7a4b6a49a1,scoringdance,round,scoringdance:104,https://scoring.dance/enUS/events/104/results/1599.html,c3815fea4f7bc21d,live,0,2026-09-10T16:02:30.171654+00:00
7f26dd095ba5639a,scoringdance,round,scoringdance:104,https://scoring.dance/enUS/events/104/results/1600.html,c3815fea4f7bc21d,live,0,2026-09-10T16:02:30.171654+00:00
4a9bb5915a5b46d2,scoringdance,round,scoringdance:104,https://scoring.dance/enUS/events/104/results/1601.html,c3815fea4f7bc21d,live,0,2026-09-10T16:02:30.171654+00:00
3fa853a5d14961b9,scoringdance,round,scoringdance:104,https://scoring.dance/enUS/events/104/results/1602.html,c3815fea4f7bc21d,live,0,2026-09-10T16:02:30.171654+00:00
5a686e44cb451e3a,scoringdance,round,scoringdance:104,https://scoring.dance/enUS/events/104/results/1603.html,c3815fea4f7bc21d,live,0,2026-09-10T16:02:30.171654+00:00
efbea4f663a2aa78,scoringdance,round,scoringdance:104,https://scoring.dance/enUS/events/104/results/1604.html,c3815fea4f7bc21d,live,0,2026-09-10T16:02:30.171654+00:00
77dae9ba524fe569,scoringdance,round,scoringdance:104,https://scoring.dance/enUS/events/104/results/1606.html,c3815fea4f7bc21d,live,0,2026-09-10T16:02:30.171654+00:00
b956cb6c6cc6ec59,scoringdance,round,scoringdance:104,https://scoring.dance/enUS/events/104/results/1625.html,c3815fea4f7bc21d,live,0,2026-09-10T16:02:30.171654+00:00
c5e3824da8b2ebba,scoringdance,round,scoringdance:105,https://scoring.dance/enUS/events/105/results/1348.html,52c867ff9250ec12,live,0,2026-09-10T16:02:29.181591+00:00
7fc78ac23547879c,scoringdance,round,scoringdance:105,https://scoring.dance/enUS/events/105/results/1349.html,52c867ff9250ec12,live,0,2026-09-10T16:02:29.181591+00:00
bc39b5b1ebaae165,scoringdance,round,scoringdance:105,https://scoring.dance/enUS/events/105/results/1350.html,52c867ff9250ec12,live,0,2026-09-10T16:02:29.181591+00:00
d0a4f98803416cbd,scoringdance,round,scoringdance:105,https://scoring.dance/enUS/events/105/results/1351.html,52c867ff9250ec12,live,0,2026-09-10T16:02:29.181591+00:00
afefd3d1f9474cc1,scoringdance,round,scoringdance:105,https://scoring.dance/enUS/events/105/results/1352.html,52c867ff9250ec12,live,0,2026-09-10T16:02:29.181591+00:00
639048fca601038d,scoringdance,round,scoringdance:105,https://scoring.dance/enUS/events/105/results/1353.html,52c867ff9250ec12,live,0,2026-09-10T16:02:29.181591+00:00
63419f54300feaa4,scoringdance,round,scoringdance:105,https://scoring.dance/enUS/events/105/results/1355.html,52c867ff9250ec12,live,0,2026-09-10T16:02:29.181591+00:00
2bfe49815a1e061c,scoringdance,round,scoringdance:105,https://scoring.dance/enUS/events/105/results/1356.html,52c867ff9250ec12,live,0,2026-09-10T16:02:29.181591+00:00
ec7c6aa6ad394245,scoringdance,round,scoringdance:105,https://scoring.dance/enUS/events/105/results/1357.html,52c867ff9250ec12,live,0,2026-09-10T16:02:29.181591+00:00
1ed5c83ba8bfff0b,scoringdance,round,scoringdance:105,https://scoring.dance/enUS/events/105/results/1358.html,52c867ff9250ec12,live,0,2026-09-10T16:02:29.181591+00:00
91c39d09896ae08c,scoringdance,round,scoringdance:105,https://scoring.dance/enUS/events/105/results/1359.html,52c867ff9250ec12,live,0,2026-09-10T16:02:29.181591+00:00
163c20932796abd5,scoringdance,round,scoringdance:105,https://scoring.dance/enUS/events/105/results/1360.html,52c867ff9250ec12,live,0,2026-09-10T16:02:29.181591+00:00
b727a7d8306f386b,scoringdance,round,scoringdance:105,https://scoring.dance/enUS/events/105/results/1361.html,52c867ff9250ec12,live,0,2026-09-10T16:02:29.181591+00:00
32d6274ba49c688b,scoringdance,round,scoringdance:105,https://scoring.dance/enUS/events/105/results/1362.html,52c867ff9250ec12,live,0,2026-09-10T16:02:29.181591+00:00
74c48601fa515ae1,scoringdance,round,scoringdance:105,https://scoring.dance/enUS/events/105/results/1363.html,52c867ff9250ec12,live,0,2026-09-10T16:02:29.181591+00:00
a5c1fe6856698a67,scoringdance,round,scoringdance:105,https://scoring.dance/enUS/events/105/results/1365.html,52c867ff9250ec12,live,0,2026-09-10T16:02:29.181591+00:00
7d46ef3ec5589cd7,scoringdance,round,scoringdance:106,https://scoring.dance/enUS/events/106/results/1466.html,6a7fb0215266dedc,live,0,2026-09-10T16:02:29.381079+00:00
04c76f35635b7a18,scoringdance,round,scoringdance:106,https://scoring.dance/enUS/events/106/results/1467.html,6a7fb0215266dedc,live,0,2026-09-10T16:02:29.381079+00:00
f0833fe9b1e9765f,scoringdance,round,scoringdance:106,https://scoring.dance/enUS/events/106/results/1468.html,6a7fb0215266dedc,live,0,2026-09-10T16:02:29.381079+00:00
5b32e856c451c31c,scoringdance,round,scoringdance:106,https://scoring.dance/enUS/events/106/results/1469.html,6a7fb0215266dedc,live,0,2026-09-10T16:02:29.381079+00:00
06caecf521c98c55,scoringdance,round,scoringdance:106,https://scoring.dance/enUS/events/106/results/1470.html,6a7fb0215266dedc,live,0,2026-09-10T16:02:29.381079+00:00
dc8e381dd561929b,scoringdance,round,scoringdance:106,https://scoring.dance/enUS/events/106/results/1471.html,6a7fb0215266dedc,live,0,2026-09-10T16:02:29.381079+00:00
02ae097ede1dbf1f,scoringdance,round,scoringdance:106,https://scoring.dance/enUS/events/106/results/1472.html,6a7fb0215266dedc,live,0,2026-09-10T16:02:29.381079+00:00
24622e486e3fe25e,scoringdance,round,scoringdance:106,https://scoring.dance/enUS/events/106/results/1473.html,6a7fb0215266dedc,live,0,2026-09-10T16:02:29.381079+00:00
d1ace9446152b9d9,scoringdance,round,scoringdance:106,https://scoring.dance/enUS/events/106/results/1474.html,6a7fb0215266dedc,live,0,2026-09-10T16:02:29.381079+00:00
225338ff0ae69685,scoringdance,round,scoringdance:106,https://scoring.dance/enUS/events/106/results/1476.html,6a7fb0215266dedc,live,0,2026-09-10T16:02:29.381079+00:00
d3b3e9b8e8f8f30f,scoringdance,round,scoringdance:106,https://scoring.dance/enUS/events/106/results/1477.html,6a7fb0215266dedc,live,0,2026-09-10T16:02:29.381079+00:00
97710124013b5cc9,scoringdance,round,scoringdance:106,https://scoring.dance/enUS/events/106/results/1478.html,6a7fb0215266dedc,live,0,2026-09-10T16:02:29.381079+00:00
f574a9bdb6e69085,scoringdance,round,scoringdance:106,https://scoring.dance/enUS/events/106/results/1479.html,6a7fb0215266dedc,live,0,2026-09-10T16:02:29.381079+00:00
dae28a92b73ccde0,scoringdance,round,scoringdance:106,https://scoring.dance/enUS/events/106/results/1482.html,6a7fb0215266dedc,live,0,2026-09-10T16:02:29.381079+00:00
135c1ee8e6ef54c3,scoringdance,round,scoringdance:106,https://scoring.dance/enUS/events/106/results/1483.html,6a7fb0215266dedc,live,0,2026-09-10T16:02:29.381079+00:00
6da7a11a15e04992,scoringdance,round,scoringdance:106,https://scoring.dance/enUS/events/106/results/1484.html,6a7fb0215266dedc,live,0,2026-09-10T16:02:29.381079+00:00
0eb988231fdae8d9,scoringdance,round,scoringdance:106,https://scoring.dance/enUS/events/106/results/1485.html,6a7fb0215266dedc,live,0,2026-09-10T16:02:29.381079+00:00
d106d8dabcda5c4f,scoringdance,round,scoringdance:106,https://scoring.dance/enUS/events/106/results/1486.html,6a7fb0215266dedc,live,0,2026-09-10T16:02:29.381079+00:00
9f8d97f7f846c1f4,scoringdance,round,scoringdance:106,https://scoring.dance/enUS/events/106/results/1487.html,6a7fb0215266dedc,live,0,2026-09-10T16:02:29.381079+00:00
feb4ce6e33bdd68e,scoringdance,round,scoringdance:106,https://scoring.dance/enUS/events/106/results/1490.html,6a7fb0215266dedc,live,0,2026-09-10T16:02:29.381079+00:00
3e2ecc94a25ed821,scoringdance,round,scoringdance:106,https://scoring.dance/enUS/events/106/results/1492.html,6a7fb0215266dedc,live,0,2026-09-10T16:02:29.381079+00:00
a4963f207dab9caf,scoringdance,round,scoringdance:106,https://scoring.dance/enUS/events/106/results/1493.html,6a7fb0215266dedc,live,0,2026-09-10T16:02:29.381079+00:00
df0286695ddb4c4a,scoringdance,round,scoringdance:106,https://scoring.dance/enUS/events/106/results/1494.html,6a7fb0215266dedc,live,0,2026-09-10T16:02:29.381079+00:00
7860f28fd3dc5fe0,scoringdance,round,scoringdance:106,https://scoring.dance/enUS/events/106/results/1495.html,6a7fb0215266dedc,live,0,2026-09-10T16:02:29.381079+00:00
a69149f272fb6924,scoringdance,round,scoringdance:106,https://scoring.dance/enUS/events/106/results/1496.html,6a7fb0215266dedc,live,0,2026-09-10T16:02:29.381079+00:00
9ab3592b6eefca5d,scoringdance,round,scoringdance:106,https://scoring.dance/enUS/events/106/results/1497.html,6a7fb0215266dedc,live,0,2026-09-10T16:02:29.381079+00:00
8a1206c3e3e86492,scoringdance,round,scoringdance:106,https://scoring.dance/enUS/events/106/results/1499.html,6a7fb0215266dedc,live,0,2026-09-10T16:02:29.381079+00:00
c14ff131bd2122ec,scoringdance,round,scoringdance:106,https://scoring.dance/enUS/events/106/results/1502.html,6a7fb0215266dedc,live,0,2026-09-10T16:02:29.381079+00:00
c7ea8446bb04f49e,scoringdance,round,scoringdance:106,https://scoring.dance/enUS/events/106/results/1504.html,6a7fb0215266dedc,live,0,2026-09-10T16:02:29.381079+00:00
921ba05c3b8880d0,scoringdance,round,scoringdance:106,https://scoring.dance/enUS/events/106/results/1505.html,6a7fb0215266dedc,live,0,2026-09-10T16:02:29.381079+00:00
0257c35617a7c898,scoringdance,round,scoringdance:106,https://scoring.dance/enUS/events/106/results/1506.html,6a7fb0215266dedc,live,0,2026-09-10T16:02:29.381079+00:00
ba1ba12e3eaee261,scoringdance,round,scoringdance:107,https://scoring.dance/enUS/events/107/results/1386.html,beef535e7c1f936b,live,0,2026-09-10T16:02:30.141980+00:00
f49df130f2041ae4,scoringdance,round,scoringdance:107,https://scoring.dance/enUS/events/107/results/1387.html,beef535e7c1f936b,live,0,2026-09-10T16:02:30.141980+00:00
3b9a961b9c7e68e0,scoringdance,round,scoringdance:107,https://scoring.dance/enUS/events/107/results/1388.html,beef535e7c1f936b,live,0,2026-09-10T16:02:30.141980+00:00
5611c0be9171cca8,scoringdance,round,scoringdance:107,https://scoring.dance/enUS/events/107/results/1390.html,beef535e7c1f936b,live,0,2026-09-10T16:02:30.141980+00:00
fa0f69896dd05c2e,scoringdance,round,scoringdance:110,https://scoring.dance/enUS/events/110/results/1450.html,4b10ba8352adcf88,live,0,2026-09-10T16:02:29.107589+00:00
269106a80a8e6c56,scoringdance,round,scoringdance:110,https://scoring.dance/enUS/events/110/results/1451.html,4b10ba8352adcf88,live,0,2026-09-10T16:02:29.107589+00:00
06a96768e378af95,scoringdance,round,scoringdance:110,https://scoring.dance/enUS/events/110/results/1452.html,4b10ba8352adcf88,live,0,2026-09-10T16:02:29.107589+00:00
915d9e0695cf7437,scoringdance,round,scoringdance:110,https://scoring.dance/enUS/events/110/results/1453.html,4b10ba8352adcf88,live,0,2026-09-10T16:02:29.107589+00:00
4006ee57d6f8c9ed,scoringdance,round,scoringdance:110,https://scoring.dance/enUS/events/110/results/1454.html,4b10ba8352adcf88,live,0,2026-09-10T16:02:29.107589+00:00
44701fca3f80d715,scoringdance,round,scoringdance:110,https://scoring.dance/enUS/events/110/results/1455.html,4b10ba8352adcf88,live,0,2026-09-10T16:02:29.107589+00:00
06151340a6f2a928,scoringdance,round,scoringdance:110,https://scoring.dance/enUS/events/110/results/1456.html,4b10ba8352adcf88,live,0,2026-09-10T16:02:29.107589+00:00
1b69390c71a87696,scoringdance,round,scoringdance:110,https://scoring.dance/enUS/events/110/results/1457.html,4b10ba8352adcf88,live,0,2026-09-10T16:02:29.107589+00:00
de3c5673179e8480,scoringdance,round,scoringdance:110,https://scoring.dance/enUS/events/110/results/1459.html,4b10ba8352adcf88,live,0,2026-09-10T16:02:29.107589+00:00
871896f8deadd87b,scoringdance,round,scoringdance:110,https://scoring.dance/enUS/events/110/results/1460.html,4b10ba8352adcf88,live,0,2026-09-10T16:02:29.107589+00:00
b03fe5ce8b252469,scoringdance,round,scoringdance:110,https://scoring.dance/enUS/events/110/results/1461.html,4b10ba8352adcf88,live,0,2026-09-10T16:02:29.107589+00:00
afc1275a7d377d24,scoringdance,round,scoringdance:110,https://scoring.dance/enUS/events/110/results/1462.html,4b10ba8352adcf88,live,0,2026-09-10T16:02:29.107589+00:00
7e61a3732df085ea,scoringdance,round,scoringdance:110,https://scoring.dance/enUS/events/110/results/1463.html,4b10ba8352adcf88,live,0,2026-09-10T16:02:29.107589+00:00
cf6169a735720843,scoringdance,round,scoringdance:110,https://scoring.dance/enUS/events/110/results/1464.html,4b10ba8352adcf88,live,0,2026-09-10T16:02:29.107589+00:00
1103ca85b0e9a0f7,scoringdance,round,scoringdance:110,https://scoring.dance/enUS/events/110/results/1465.html,4b10ba8352adcf88,live,0,2026-09-10T16:02:29.107589+00:00
2b12de7ccf155864,scoringdance,round,scoringdance:110,https://scoring.dance/enUS/events/110/results/1503.html,4b10ba8352adcf88,live,0,2026-09-10T16:02:29.107589+00:00
ad7de1f7ee4335ed,scoringdance,round,scoringdance:112,https://scoring.dance/enUS/events/112/results/1540.html,57f3534433eb9dad,live,0,2026-09-10T16:02:29.240675+00:00
c5d87356d54857a0,scoringdance,round,scoringdance:112,https://scoring.dance/enUS/events/112/results/1541.html,57f3534433eb9dad,live,0,2026-09-10T16:02:29.240675+00:00
1e6808aa63523812,scoringdance,round,scoringdance:112,https://scoring.dance/enUS/events/112/results/1543.html,57f3534433eb9dad,live,0,2026-09-10T16:02:29.240675+00:00
d57ca2aa8c587922,scoringdance,round,scoringdance:112,https://scoring.dance/enUS/events/112/results/1545.html,57f3534433eb9dad,live,0,2026-09-10T16:02:29.240675+00:00
5de4a5008ddecfbd,scoringdance,round,scoringdance:112,https://scoring.dance/enUS/events/112/results/1547.html,57f3534433eb9dad,live,0,2026-09-10T16:02:29.240675+00:00
c5843025d00e7f6b,scoringdance,round,scoringdance:112,https://scoring.dance/enUS/events/112/results/1549.html,57f3534433eb9dad,live,0,2026-09-10T16:02:29.240675+00:00
ad4b2b593115ad13,scoringdance,round,scoringdance:112,https://scoring.dance/enUS/events/112/results/1551.html,57f3534433eb9dad,live,0,2026-09-10T16:02:29.240675+00:00
e66ad964eb115e2b,scoringdance,round,scoringdance:112,https://scoring.dance/enUS/events/112/results/1552.html,57f3534433eb9dad,live,0,2026-09-10T16:02:29.240675+00:00
de8a4fff486bdb1c,scoringdance,round,scoringdance:112,https://scoring.dance/enUS/events/112/results/1553.html,57f3534433eb9dad,live,0,2026-09-10T16:02:29.240675+00:00
c13d8551c2900282,scoringdance,round,scoringdance:112,https://scoring.dance/enUS/events/112/results/1554.html,57f3534433eb9dad,live,0,2026-09-10T16:02:29.240675+00:00
cd7bb4bd4fe04269,scoringdance,round,scoringdance:112,https://scoring.dance/enUS/events/112/results/1555.html,57f3534433eb9dad,live,0,2026-09-10T16:02:29.240675+00:00
467d81b6d09b6b62,scoringdance,round,scoringdance:112,https://scoring.dance/enUS/events/112/results/1556.html,57f3534433eb9dad,live,0,2026-09-10T16:02:29.240675+00:00
cf61f87182180fbb,scoringdance,round,scoringdance:112,https://scoring.dance/enUS/events/112/results/1557.html,57f3534433eb9dad,live,0,2026-09-10T16:02:29.240675+00:00
8dd3fde0b0247500,scoringdance,round,scoringdance:112,https://scoring.dance/enUS/events/112/results/1558.html,57f3534433eb9dad,live,0,2026-09-10T16:02:29.240675+00:00
8401c7d960bd25fe,scoringdance,round,scoringdance:112,https://scoring.dance/enUS/events/112/results/1559.html,57f3534433eb9dad,live,0,2026-09-10T16:02:29.240675+00:00
42bcc7eba119eee4,scoringdance,round,scoringdance:112,https://scoring.dance/enUS/events/112/results/1561.html,57f3534433eb9dad,live,0,2026-09-10T16:02:29.240675+00:00
793de970b10369f5,scoringdance,round,scoringdance:112,https://scoring.dance/enUS/events/112/results/1563.html,57f3534433eb9dad,live,0,2026-09-10T16:02:29.240675+00:00
a6f158e712985ce0,scoringdance,round,scoringdance:112,https://scoring.dance/enUS/events/112/results/1564.html,57f3534433eb9dad,live,0,2026-09-10T16:02:29.240675+00:00
1ec832a7216a1344,scoringdance,round,scoringdance:112,https://scoring.dance/enUS/events/112/results/1565.html,57f3534433eb9dad,live,0,2026-09-10T16:02:29.240675+00:00
ef17a6c4578213b3,scoringdance,round,scoringdance:112,https://scoring.dance/enUS/events/112/results/1566.html,57f3534433eb9dad,live,0,2026-09-10T16:02:29.240675+00:00
d912d5e9ab81aa10,scoringdance,round,scoringdance:112,https://scoring.dance/enUS/events/112/results/1567.html,57f3534433eb9dad,live,0,2026-09-10T16:02:29.240675+00:00
4c57744df6f2e845,scoringdance,round,scoringdance:112,https://scoring.dance/enUS/events/112/results/1568.html,57f3534433eb9dad,live,0,2026-09-10T16:02:29.240675+00:00
92830882e25c1176,scoringdance,round,scoringdance:113,https://scoring.dance/enUS/events/113/results/1569.html,552d735354ece0d9,live,0,2026-09-10T16:02:29.199534+00:00
dccb147fac425004,scoringdance,round,scoringdance:113,https://scoring.dance/enUS/events/113/results/1570.html,552d735354ece0d9,live,0,2026-09-10T16:02:29.199534+00:00
646617b0acffda7d,scoringdance,round,scoringdance:113,https://scoring.dance/enUS/events/113/results/1571.html,552d735354ece0d9,live,0,2026-09-10T16:02:29.199534+00:00
69593e504ed00d89,scoringdance,round,scoringdance:113,https://scoring.dance/enUS/events/113/results/1572.html,552d735354ece0d9,live,0,2026-09-10T16:02:29.199534+00:00
f7c505523cd07d00,scoringdance,round,scoringdance:113,https://scoring.dance/enUS/events/113/results/1573.html,552d735354ece0d9,live,0,2026-09-10T16:02:29.199534+00:00
b757cd4122ce797c,scoringdance,round,scoringdance:113,https://scoring.dance/enUS/events/113/results/1574.html,552d735354ece0d9,live,0,2026-09-10T16:02:29.199534+00:00
97468686a937cd83,scoringdance,round,scoringdance:113,https://scoring.dance/enUS/events/113/results/1575.html,552d735354ece0d9,live,0,2026-09-10T16:02:29.199534+00:00
a5151c0f0548b585,scoringdance,round,scoringdance:113,https://scoring.dance/enUS/events/113/results/1576.html,552d735354ece0d9,live,0,2026-09-10T16:02:29.199534+00:00
4f1cd68e0a0eb0b2,scoringdance,round,scoringdance:113,https://scoring.dance/enUS/events/113/results/1577.html,552d735354ece0d9,live,0,2026-09-10T16:02:29.199534+00:00
3f17b07bebf1117a,scoringdance,round,scoringdance:113,https://scoring.dance/enUS/events/113/results/1578.html,552d735354ece0d9,live,0,2026-09-10T16:02:29.199534+00:00
1c797de2464e368c,scoringdance,round,scoringdance:113,https://scoring.dance/enUS/events/113/results/1579.html,552d735354ece0d9,live,0,2026-09-10T16:02:29.199534+00:00
2581ecfdaa297c53,scoringdance,round,scoringdance:113,https://scoring.dance/enUS/events/113/results/1580.html,552d735354ece0d9,live,0,2026-09-10T16:02:29.199534+00:00
7b376c22fbbc98ef,scoringdance,round,scoringdance:113,https://scoring.dance/enUS/events/113/results/1581.html,552d735354ece0d9,live,0,2026-09-10T16:02:29.199534+00:00
242c2819687fe41c,scoringdance,round,scoringdance:113,https://scoring.dance/enUS/events/113/results/1582.html,552d735354ece0d9,live,0,2026-09-10T16:02:29.199534+00:00
c0483ef1612124e1,scoringdance,round,scoringdance:113,https://scoring.dance/enUS/events/113/results/1583.html,552d735354ece0d9,live,0,2026-09-10T16:02:29.199534+00:00
6fac26c4b0b8cb18,scoringdance,round,scoringdance:113,https://scoring.dance/enUS/events/113/results/1584.html,552d735354ece0d9,live,0,2026-09-10T16:02:29.199534+00:00
41f4811ae5afef7c,scoringdance,round,scoringdance:113,https://scoring.dance/enUS/events/113/results/1585.html,552d735354ece0d9,live,0,2026-09-10T16:02:29.199534+00:00
ea68f12df1de552f,scoringdance,round,scoringdance:113,https://scoring.dance/enUS/events/113/results/1586.html,552d735354ece0d9,live,0,2026-09-10T16:02:29.199534+00:00
50cb98e0e0ca9ad2,scoringdance,round,scoringdance:113,https://scoring.dance/enUS/events/113/results/1587.html,552d735354ece0d9,live,0,2026-09-10T16:02:29.199534+00:00
afe931e4974059c8,scoringdance,round,scoringdance:113,https://scoring.dance/enUS/events/113/results/1588.html,552d735354ece0d9,live,0,2026-09-10T16:02:29.199534+00:00
cee117561cab3276,scoringdance,round,scoringdance:113,https://scoring.dance/enUS/events/113/results/1589.html,552d735354ece0d9,live,0,2026-09-10T16:02:29.199534+00:00
afcb7183f85e9e80,scoringdance,round,scoringdance:113,https://scoring.dance/enUS/events/113/results/1590.html,552d735354ece0d9,live,0,2026-09-10T16:02:29.199534+00:00
90b3fb2c8c519942,scoringdance,round,scoringdance:113,https://scoring.dance/enUS/events/113/results/1591.html,552d735354ece0d9,live,0,2026-09-10T16:02:29.199534+00:00
ca2449fdf5191ee4,scoringdance,round,scoringdance:114,https://scoring.dance/enUS/events/114/results/1607.html,de8adcdf7ce85574,live,0,2026-09-10T16:02:30.416376+00:00
dd5fc00606acff38,scoringdance,round,scoringdance:114,https://scoring.dance/enUS/events/114/results/1608.html,de8adcdf7ce85574,live,0,2026-09-10T16:02:30.416376+00:00
61fcee2abc6b9d9e,scoringdance,round,scoringdance:114,https://scoring.dance/enUS/events/114/results/1609.html,de8adcdf7ce85574,live,0,2026-09-10T16:02:30.416376+00:00
3d4e564a792f57ff,scoringdance,round,scoringdance:114,https://scoring.dance/enUS/events/114/results/1610.html,de8adcdf7ce85574,live,0,2026-09-10T16:02:30.416376+00:00
f4cc4d8e7634db99,scoringdance,round,scoringdance:114,https://scoring.dance/enUS/events/114/results/1611.html,de8adcdf7ce85574,live,0,2026-09-10T16:02:30.416376+00:00
6736e897be804340,scoringdance,round,scoringdance:114,https://scoring.dance/enUS/events/114/results/1612.html,de8adcdf7ce85574,live,0,2026-09-10T16:02:30.416376+00:00
23f2ba05b446baa7,scoringdance,round,scoringdance:114,https://scoring.dance/enUS/events/114/results/1614.html,de8adcdf7ce85574,live,0,2026-09-10T16:02:30.416376+00:00
33bf8cab7ac74e99,scoringdance,round,scoringdance:114,https://scoring.dance/enUS/events/114/results/1615.html,de8adcdf7ce85574,live,0,2026-09-10T16:02:30.416376+00:00
0a9c04e5a0c1e45d,scoringdance,round,scoringdance:114,https://scoring.dance/enUS/events/114/results/1616.html,de8adcdf7ce85574,live,0,2026-09-10T16:02:30.416376+00:00
f0a797375e0afbcf,scoringdance,round,scoringdance:114,https://scoring.dance/enUS/events/114/results/1618.html,de8adcdf7ce85574,live,0,2026-09-10T16:02:30.416376+00:00
b31a3384c6045108,scoringdance,round,scoringdance:114,https://scoring.dance/enUS/events/114/results/1619.html,de8adcdf7ce85574,live,0,2026-09-10T16:02:30.416376+00:00
086343194ec4e2c8,scoringdance,round,scoringdance:114,https://scoring.dance/enUS/events/114/results/1620.html,de8adcdf7ce85574,live,0,2026-09-10T16:02:30.416376+00:00
c886e5fa566b9d95,scoringdance,round,scoringdance:114,https://scoring.dance/enUS/events/114/results/1621.html,de8adcdf7ce85574,live,0,2026-09-10T16:02:30.416376+00:00
12c249af4c161577,scoringdance,round,scoringdance:114,https://scoring.dance/enUS/events/114/results/1622.html,de8adcdf7ce85574,live,0,2026-09-10T16:02:30.416376+00:00
148db2392ce3872a,scoringdance,round,scoringdance:115,https://scoring.dance/enUS/events/115/results/1631.html,cff8c05315dc9d08,live,0,2026-09-10T16:02:30.314479+00:00
93e9ab0c33b1ef84,scoringdance,round,scoringdance:115,https://scoring.dance/enUS/events/115/results/1632.html,cff8c05315dc9d08,live,0,2026-09-10T16:02:30.314479+00:00
cc02c7afc3150ea1,scoringdance,round,scoringdance:115,https://scoring.dance/enUS/events/115/results/1633.html,cff8c05315dc9d08,live,0,2026-09-10T16:02:30.314479+00:00
86c80362cc2e9222,scoringdance,round,scoringdance:115,https://scoring.dance/enUS/events/115/results/1634.html,cff8c05315dc9d08,live,0,2026-09-10T16:02:30.314479+00:00
eda469cc69e03c2b,scoringdance,round,scoringdance:115,https://scoring.dance/enUS/events/115/results/1635.html,cff8c05315dc9d08,live,0,2026-09-10T16:02:30.314479+00:00
a4ac59c5e24b4c8e,scoringdance,round,scoringdance:115,https://scoring.dance/enUS/events/115/results/1636.html,cff8c05315dc9d08,live,0,2026-09-10T16:02:30.314479+00:00
9ecb6f20e7004885,scoringdance,round,scoringdance:115,https://scoring.dance/enUS/events/115/results/1637.html,cff8c05315dc9d08,live,0,2026-09-10T16:02:30.314479+00:00
b3cef9b8bb282134,scoringdance,round,scoringdance:115,https://scoring.dance/enUS/events/115/results/1638.html,cff8c05315dc9d08,live,0,2026-09-10T16:02:30.314479+00:00
6f9400f4e94f4028,scoringdance,round,scoringdance:115,https://scoring.dance/enUS/events/115/results/1639.html,cff8c05315dc9d08,live,0,2026-09-10T16:02:30.314479+00:00
1b05a4f3d2fc459b,scoringdance,round,scoringdance:115,https://scoring.dance/enUS/events/115/results/1640.html,cff8c05315dc9d08,live,0,2026-09-10T16:02:30.314479+00:00
fc3b95213d2a886a,scoringdance,round,scoringdance:115,https://scoring.dance/enUS/events/115/results/1641.html,cff8c05315dc9d08,live,0,2026-09-10T16:02:30.314479+00:00
4ae853887fbcf215,scoringdance,round,scoringdance:115,https://scoring.dance/enUS/events/115/results/1642.html,cff8c05315dc9d08,live,0,2026-09-10T16:02:30.314479+00:00
40c36de4746ff233,scoringdance,round,scoringdance:115,https://scoring.dance/enUS/events/115/results/1643.html,cff8c05315dc9d08,live,0,2026-09-10T16:02:30.314479+00:00
edc27bbd065beca6,scoringdance,round,scoringdance:115,https://scoring.dance/enUS/events/115/results/1644.html,cff8c05315dc9d08,live,0,2026-09-10T16:02:30.314479+00:00
de39861eed78b915,scoringdance,round,scoringdance:115,https://scoring.dance/enUS/events/115/results/1645.html,cff8c05315dc9d08,live,0,2026-09-10T16:02:30.314479+00:00
44e8f578d187a79c,scoringdance,round,scoringdance:115,https://scoring.dance/enUS/events/115/results/1646.html,cff8c05315dc9d08,live,0,2026-09-10T16:02:30.314479+00:00
98ca1454446e3ce0,scoringdance,round,scoringdance:115,https://scoring.dance/enUS/events/115/results/1647.html,cff8c05315dc9d08,live,0,2026-09-10T16:02:30.314479+00:00
4265f68fee4019d8,scoringdance,round,scoringdance:115,https://scoring.dance/enUS/events/115/results/1648.html,cff8c05315dc9d08,live,0,2026-09-10T16:02:30.314479+00:00
c608bf08824beaa0,scoringdance,round,scoringdance:115,https://scoring.dance/enUS/events/115/results/1649.html,cff8c05315dc9d08,live,0,2026-09-10T16:02:30.314479+00:00
26ea86c66d8f9791,scoringdance,round,scoringdance:115,https://scoring.dance/enUS/events/115/results/1650.html,cff8c05315dc9d08,live,0,2026-09-10T16:02:30.314479+00:00
ab41015e1328d328,scoringdance,round,scoringdance:116,https://scoring.dance/enUS/events/116/results/1651.html,9faf87a8938bff77,live,0,2026-09-10T16:02:29.827185+00:00
6a0ef408dbaa1877,scoringdance,round,scoringdance:116,https://scoring.dance/enUS/events/116/results/1652.html,9faf87a8938bff77,live,0,2026-09-10T16:02:29.827185+00:00
7d7103f4fd144eed,scoringdance,round,scoringdance:116,https://scoring.dance/enUS/events/116/results/1653.html,9faf87a8938bff77,live,0,2026-09-10T16:02:29.827185+00:00
8babe87389d05d90,scoringdance,round,scoringdance:116,https://scoring.dance/enUS/events/116/results/1654.html,9faf87a8938bff77,live,0,2026-09-10T16:02:29.827185+00:00
a6497aeae5e0b007,scoringdance,round,scoringdance:116,https://scoring.dance/enUS/events/116/results/1656.html,9faf87a8938bff77,live,0,2026-09-10T16:02:29.827185+00:00
63804698711907ff,scoringdance,round,scoringdance:116,https://scoring.dance/enUS/events/116/results/1657.html,9faf87a8938bff77,live,0,2026-09-10T16:02:29.827185+00:00
270269b15252c2b2,scoringdance,round,scoringdance:116,https://scoring.dance/enUS/events/116/results/1658.html,9faf87a8938bff77,live,0,2026-09-10T16:02:29.827185+00:00
15d8dfbaee0951a7,scoringdance,round,scoringdance:116,https://scoring.dance/enUS/events/116/results/1660.html,9faf87a8938bff77,live,0,2026-09-10T16:02:29.827185+00:00
31255dff734d4724,scoringdance,round,scoringdance:116,https://scoring.dance/enUS/events/116/results/1661.html,9faf87a8938bff77,live,0,2026-09-10T16:02:29.827185+00:00
24cd6cb50f7bbf4d,scoringdance,round,scoringdance:116,https://scoring.dance/enUS/events/116/results/1662.html,9faf87a8938bff77,live,0,2026-09-10T16:02:29.827185+00:00
2b5aef9f95ca6618,scoringdance,round,scoringdance:116,https://scoring.dance/enUS/events/116/results/1663.html,9faf87a8938bff77,live,0,2026-09-10T16:02:29.827185+00:00
41169046147e8903,scoringdance,round,scoringdance:116,https://scoring.dance/enUS/events/116/results/1664.html,9faf87a8938bff77,live,0,2026-09-10T16:02:29.827185+00:00
92980e44fef05e2c,scoringdance,round,scoringdance:116,https://scoring.dance/enUS/events/116/results/1665.html,9faf87a8938bff77,live,0,2026-09-10T16:02:29.827185+00:00
b98ccd297e5be6de,scoringdance,round,scoringdance:116,https://scoring.dance/enUS/events/116/results/1666.html,9faf87a8938bff77,live,0,2026-09-10T16:02:29.827185+00:00
9d76a74e820464d1,scoringdance,round,scoringdance:116,https://scoring.dance/enUS/events/116/results/1667.html,9faf87a8938bff77,live,0,2026-09-10T16:02:29.827185+00:00
bde4f3157d1803b3,scoringdance,round,scoringdance:116,https://scoring.dance/enUS/events/116/results/1668.html,9faf87a8938bff77,live,0,2026-09-10T16:02:29.827185+00:00
4dd47f70e795e3cd,scoringdance,round,scoringdance:116,https://scoring.dance/enUS/events/116/results/1669.html,9faf87a8938bff77,live,0,2026-09-10T16:02:29.827185+00:00
60e917d85de4c7a5,scoringdance,round,scoringdance:116,https://scoring.dance/enUS/events/116/results/1671.html,9faf87a8938bff77,live,0,2026-09-10T16:02:29.827185+00:00
cfd91be547655b94,scoringdance,round,scoringdance:116,https://scoring.dance/enUS/events/116/results/1672.html,9faf87a8938bff77,live,0,2026-09-10T16:02:29.827185+00:00
ecdee1e71e7ed1fa,scoringdance,round,scoringdance:116,https://scoring.dance/enUS/events/116/results/1673.html,9faf87a8938bff77,live,0,2026-09-10T16:02:29.827185+00:00
a1f04620bbefc11c,scoringdance,round,scoringdance:116,https://scoring.dance/enUS/events/116/results/1675.html,9faf87a8938bff77,live,0,2026-09-10T16:02:29.827185+00:00
278c73cd427ad0ce,scoringdance,round,scoringdance:116,https://scoring.dance/enUS/events/116/results/1676.html,9faf87a8938bff77,live,0,2026-09-10T16:02:29.827185+00:00
0a0b350a3d3ac21a,scoringdance,round,scoringdance:116,https://scoring.dance/enUS/events/116/results/1677.html,9faf87a8938bff77,live,0,2026-09-10T16:02:29.827185+00:00
7cb87d20bde54539,scoringdance,round,scoringdance:116,https://scoring.dance/enUS/events/116/results/1678.html,9faf87a8938bff77,live,0,2026-09-10T16:02:29.827185+00:00
0000547ce3d5b98d,scoringdance,round,scoringdance:116,https://scoring.dance/enUS/events/116/results/1679.html,9faf87a8938bff77,live,0,2026-09-10T16:02:29.827185+00:00
a836af7a6ae462eb,scoringdance,round,scoringdance:116,https://scoring.dance/enUS/events/116/results/1680.html,9faf87a8938bff77,live,0,2026-09-10T16:02:29.827185+00:00
32d377f00cfaf6de,scoringdance,round,scoringdance:116,https://scoring.dance/enUS/events/116/results/1681.html,9faf87a8938bff77,live,0,2026-09-10T16:02:29.827185+00:00
bf2ff03becf824a9,scoringdance,round,scoringdance:116,https://scoring.dance/enUS/events/116/results/1682.html,9faf87a8938bff77,live,0,2026-09-10T16:02:29.827185+00:00
a4d5230436c530e6,scoringdance,round,scoringdance:116,https://scoring.dance/enUS/events/116/results/1683.html,9faf87a8938bff77,live,0,2026-09-10T16:02:29.827185+00:00
42e2d9397448aaa7,scoringdance,round,scoringdance:117,https://scoring.dance/enUS/events/117/results/2059.html,34bf23913d80b878,live,0,2026-09-10T16:02:28.856694+00:00
1c9f06bed0e891fb,scoringdance,round,scoringdance:117,https://scoring.dance/enUS/events/117/results/2060.html,34bf23913d80b878,live,0,2026-09-10T16:02:28.856694+00:00
8abe6996b8528da9,scoringdance,round,scoringdance:117,https://scoring.dance/enUS/events/117/results/2061.html,34bf23913d80b878,live,0,2026-09-10T16:02:28.856694+00:00
6720a3def6628c37,scoringdance,round,scoringdance:117,https://scoring.dance/enUS/events/117/results/2063.html,34bf23913d80b878,live,0,2026-09-10T16:02:28.856694+00:00
acefee8ef8488b13,scoringdance,round,scoringdance:118,https://scoring.dance/enUS/events/118/results/2441.html,b8b7a1af476a23bc,live,0,2026-09-10T16:02:30.050148+00:00
d4ba1e404bc9d553,scoringdance,round,scoringdance:118,https://scoring.dance/enUS/events/118/results/2442.html,b8b7a1af476a23bc,live,0,2026-09-10T16:02:30.050148+00:00
924c07151dc5b161,scoringdance,round,scoringdance:118,https://scoring.dance/enUS/events/118/results/2443.html,b8b7a1af476a23bc,live,0,2026-09-10T16:02:30.050148+00:00
669d3dfb0fc7399f,scoringdance,round,scoringdance:119,https://scoring.dance/enUS/events/119/results/1730.html,3dc184ab8369af00,live,0,2026-09-10T16:02:28.956756+00:00
208f30a3accec3fc,scoringdance,round,scoringdance:119,https://scoring.dance/enUS/events/119/results/1731.html,3dc184ab8369af00,live,0,2026-09-10T16:02:28.956756+00:00
7128d41ef66d25e3,scoringdance,round,scoringdance:119,https://scoring.dance/enUS/events/119/results/1733.html,3dc184ab8369af00,live,0,2026-09-10T16:02:28.956756+00:00
00df18836ac647f0,scoringdance,round,scoringdance:119,https://scoring.dance/enUS/events/119/results/1734.html,3dc184ab8369af00,live,0,2026-09-10T16:02:28.956756+00:00
d3bbca5a862569cf,scoringdance,round,scoringdance:119,https://scoring.dance/enUS/events/119/results/1735.html,3dc184ab8369af00,live,0,2026-09-10T16:02:28.956756+00:00
a9af87a4ba2bacc3,scoringdance,round,scoringdance:119,https://scoring.dance/enUS/events/119/results/1736.html,3dc184ab8369af00,live,0,2026-09-10T16:02:28.956756+00:00
ff99d0f5f391c0e1,scoringdance,round,scoringdance:119,https://scoring.dance/enUS/events/119/results/1738.html,3dc184ab8369af00,live,0,2026-09-10T16:02:28.956756+00:00
34c846f99fecae62,scoringdance,round,scoringdance:119,https://scoring.dance/enUS/events/119/results/1739.html,3dc184ab8369af00,live,0,2026-09-10T16:02:28.956756+00:00
3fb15c4b17942903,scoringdance,round,scoringdance:119,https://scoring.dance/enUS/events/119/results/1740.html,3dc184ab8369af00,live,0,2026-09-10T16:02:28.956756+00:00
f6021ed69a3bc9bc,scoringdance,round,scoringdance:119,https://scoring.dance/enUS/events/119/results/1742.html,3dc184ab8369af00,live,0,2026-09-10T16:02:28.956756+00:00
97c21d9b8d674a5c,scoringdance,round,scoringdance:119,https://scoring.dance/enUS/events/119/results/1745.html,3dc184ab8369af00,live,0,2026-09-10T16:02:28.956756+00:00
8561599bb6fd1192,scoringdance,round,scoringdance:119,https://scoring.dance/enUS/events/119/results/1746.html,3dc184ab8369af00,live,0,2026-09-10T16:02:28.956756+00:00
70d40b523fc8d90b,scoringdance,round,scoringdance:121,https://scoring.dance/enUS/events/121/results/1837.html,f8fdc3ff79375771,live,0,2026-09-10T16:02:30.630728+00:00
74f59c691e813454,scoringdance,round,scoringdance:121,https://scoring.dance/enUS/events/121/results/1838.html,f8fdc3ff79375771,live,0,2026-09-10T16:02:30.630728+00:00
88ba263c54eb66e8,scoringdance,round,scoringdance:121,https://scoring.dance/enUS/events/121/results/1839.html,f8fdc3ff79375771,live,0,2026-09-10T16:02:30.630728+00:00
4155ded585396d48,scoringdance,round,scoringdance:121,https://scoring.dance/enUS/events/121/results/1840.html,f8fdc3ff79375771,live,0,2026-09-10T16:02:30.630728+00:00
054bfecd5c571a6f,scoringdance,round,scoringdance:121,https://scoring.dance/enUS/events/121/results/1841.html,f8fdc3ff79375771,live,0,2026-09-10T16:02:30.630728+00:00
61a182a1493f2624,scoringdance,round,scoringdance:121,https://scoring.dance/enUS/events/121/results/1842.html,f8fdc3ff79375771,live,0,2026-09-10T16:02:30.630728+00:00
cd6d2ee65e56dfaf,scoringdance,round,scoringdance:121,https://scoring.dance/enUS/events/121/results/1843.html,f8fdc3ff79375771,live,0,2026-09-10T16:02:30.630728+00:00
1483b0373a3d6bd7,scoringdance,round,scoringdance:121,https://scoring.dance/enUS/events/121/results/1844.html,f8fdc3ff79375771,live,0,2026-09-10T16:02:30.630728+00:00
a125964a90444b8b,scoringdance,round,scoringdance:121,https://scoring.dance/enUS/events/121/results/1845.html,f8fdc3ff79375771,live,0,2026-09-10T16:02:30.630728+00:00
c787d3d0b6da96e6,scoringdance,round,scoringdance:121,https://scoring.dance/enUS/events/121/results/1846.html,f8fdc3ff79375771,live,0,2026-09-10T16:02:30.630728+00:00
f9de01276e51ef95,scoringdance,round,scoringdance:121,https://scoring.dance/enUS/events/121/results/1847.html,f8fdc3ff79375771,live,0,2026-09-10T16:02:30.630728+00:00
9233d9b6af237357,scoringdance,round,scoringdance:121,https://scoring.dance/enUS/events/121/results/1848.html,f8fdc3ff79375771,live,0,2026-09-10T16:02:30.630728+00:00
8e83bed4239400e6,scoringdance,round,scoringdance:121,https://scoring.dance/enUS/events/121/results/1849.html,f8fdc3ff79375771,live,0,2026-09-10T16:02:30.630728+00:00
654df052523fd6f0,scoringdance,round,scoringdance:121,https://scoring.dance/enUS/events/121/results/1850.html,f8fdc3ff79375771,live,0,2026-09-10T16:02:30.630728+00:00
42f85d64426b7bac,scoringdance,round,scoringdance:121,https://scoring.dance/enUS/events/121/results/1851.html,f8fdc3ff79375771,live,0,2026-09-10T16:02:30.630728+00:00
add6e8d56515438e,scoringdance,round,scoringdance:121,https://scoring.dance/enUS/events/121/results/1852.html,f8fdc3ff79375771,live,0,2026-09-10T16:02:30.630728+00:00
b117d3d874a84b60,scoringdance,round,scoringdance:121,https://scoring.dance/enUS/events/121/results/1853.html,f8fdc3ff79375771,live,0,2026-09-10T16:02:30.630728+00:00
57625df917c3abfd,scoringdance,round,scoringdance:121,https://scoring.dance/enUS/events/121/results/1854.html,f8fdc3ff79375771,live,0,2026-09-10T16:02:30.630728+00:00
570fb8ff75c61e0a,scoringdance,round,scoringdance:121,https://scoring.dance/enUS/events/121/results/1855.html,f8fdc3ff79375771,live,0,2026-09-10T16:02:30.630728+00:00
719dfd0d1c35a86a,scoringdance,round,scoringdance:121,https://scoring.dance/enUS/events/121/results/1856.html,f8fdc3ff79375771,live,0,2026-09-10T16:02:30.630728+00:00
643048361f054cf9,scoringdance,round,scoringdance:121,https://scoring.dance/enUS/events/121/results/1857.html,f8fdc3ff79375771,live,0,2026-09-10T16:02:30.630728+00:00
8e7bc81e59d25839,scoringdance,round,scoringdance:121,https://scoring.dance/enUS/events/121/results/1858.html,f8fdc3ff79375771,live,0,2026-09-10T16:02:30.630728+00:00
4b1949b91135bbd5,scoringdance,round,scoringdance:121,https://scoring.dance/enUS/events/121/results/1860.html,f8fdc3ff79375771,live,0,2026-09-10T16:02:30.630728+00:00
f485d1f891787d07,scoringdance,round,scoringdance:121,https://scoring.dance/enUS/events/121/results/1861.html,f8fdc3ff79375771,live,0,2026-09-10T16:02:30.630728+00:00
5ab808603ee5df6e,scoringdance,round,scoringdance:121,https://scoring.dance/enUS/events/121/results/1862.html,f8fdc3ff79375771,live,0,2026-09-10T16:02:30.630728+00:00
c5eaa2da5df64384,scoringdance,round,scoringdance:121,https://scoring.dance/enUS/events/121/results/1863.html,f8fdc3ff79375771,live,0,2026-09-10T16:02:30.630728+00:00
ae220fc096e0cdf6,scoringdance,round,scoringdance:121,https://scoring.dance/enUS/events/121/results/1864.html,f8fdc3ff79375771,live,0,2026-09-10T16:02:30.630728+00:00
b7caecdf47be978f,scoringdance,round,scoringdance:121,https://scoring.dance/enUS/events/121/results/1865.html,f8fdc3ff79375771,live,0,2026-09-10T16:02:30.630728+00:00
f91e7201012823d9,scoringdance,round,scoringdance:121,https://scoring.dance/enUS/events/121/results/1866.html,f8fdc3ff79375771,live,0,2026-09-10T16:02:30.630728+00:00
337a1c0ff25ca131,scoringdance,round,scoringdance:121,https://scoring.dance/enUS/events/121/results/1867.html,f8fdc3ff79375771,live,0,2026-09-10T16:02:30.630728+00:00
885ef308b6ac474f,scoringdance,round,scoringdance:121,https://scoring.dance/enUS/events/121/results/1868.html,f8fdc3ff79375771,live,0,2026-09-10T16:02:30.630728+00:00
5982846f8cb91b35,scoringdance,round,scoringdance:121,https://scoring.dance/enUS/events/121/results/1869.html,f8fdc3ff79375771,live,0,2026-09-10T16:02:30.630728+00:00
eff29f363fd9823b,scoringdance,round,scoringdance:121,https://scoring.dance/enUS/events/121/results/1874.html,f8fdc3ff79375771,live,0,2026-09-10T16:02:30.630728+00:00
8ac32bf864950970,scoringdance,round,scoringdance:121,https://scoring.dance/enUS/events/121/results/1875.html,f8fdc3ff79375771,live,0,2026-09-10T16:02:30.630728+00:00
bc77d23c37210655,scoringdance,round,scoringdance:121,https://scoring.dance/enUS/events/121/results/1876.html,f8fdc3ff79375771,live,0,2026-09-10T16:02:30.630728+00:00
47c40f6a64508958,scoringdance,round,scoringdance:121,https://scoring.dance/enUS/events/121/results/1883.html,f8fdc3ff79375771,live,0,2026-09-10T16:02:30.630728+00:00
7f8253978a7d9699,scoringdance,round,scoringdance:121,https://scoring.dance/enUS/events/121/results/1884.html,f8fdc3ff79375771,live,0,2026-09-10T16:02:30.630728+00:00
955c6fced445c5f7,scoringdance,round,scoringdance:124,https://scoring.dance/enUS/events/124/results/1720.html,5c09c166aa925e35,live,0,2026-09-10T16:02:29.262169+00:00
e13c05989aa2278f,scoringdance,round,scoringdance:124,https://scoring.dance/enUS/events/124/results/1721.html,5c09c166aa925e35,live,0,2026-09-10T16:02:29.262169+00:00
55f3d248d8db4123,scoringdance,round,scoringdance:124,https://scoring.dance/enUS/events/124/results/1722.html,5c09c166aa925e35,live,0,2026-09-10T16:02:29.262169+00:00
5dfd746d8cf86645,scoringdance,round,scoringdance:124,https://scoring.dance/enUS/events/124/results/1724.html,5c09c166aa925e35,live,0,2026-09-10T16:02:29.262169+00:00
1992906665033b91,scoringdance,round,scoringdance:124,https://scoring.dance/enUS/events/124/results/1725.html,5c09c166aa925e35,live,0,2026-09-10T16:02:29.262169+00:00
6b15083cbed1cbae,scoringdance,round,scoringdance:124,https://scoring.dance/enUS/events/124/results/1726.html,5c09c166aa925e35,live,0,2026-09-10T16:02:29.262169+00:00
0863d0276d2f94ca,scoringdance,round,scoringdance:124,https://scoring.dance/enUS/events/124/results/1727.html,5c09c166aa925e35,live,0,2026-09-10T16:02:29.262169+00:00
33f43b3f20dd4e04,scoringdance,round,scoringdance:124,https://scoring.dance/enUS/events/124/results/1728.html,5c09c166aa925e35,live,0,2026-09-10T16:02:29.262169+00:00
e5ce2cea8cabcfe9,scoringdance,round,scoringdance:124,https://scoring.dance/enUS/events/124/results/1729.html,5c09c166aa925e35,live,0,2026-09-10T16:02:29.262169+00:00
b19aa751b34274fe,scoringdance,round,scoringdance:125,https://scoring.dance/enUS/events/125/results/1801.html,9cb143f891dd7b3c,live,0,2026-09-10T16:02:29.767305+00:00
93a56540105b4df9,scoringdance,round,scoringdance:125,https://scoring.dance/enUS/events/125/results/1802.html,9cb143f891dd7b3c,live,0,2026-09-10T16:02:29.767305+00:00
aa891921a114ba1d,scoringdance,round,scoringdance:125,https://scoring.dance/enUS/events/125/results/1803.html,9cb143f891dd7b3c,live,0,2026-09-10T16:02:29.767305+00:00
932dceaf776f517f,scoringdance,round,scoringdance:125,https://scoring.dance/enUS/events/125/results/1804.html,9cb143f891dd7b3c,live,0,2026-09-10T16:02:29.767305+00:00
2b38200081d87c4c,scoringdance,round,scoringdance:125,https://scoring.dance/enUS/events/125/results/1805.html,9cb143f891dd7b3c,live,0,2026-09-10T16:02:29.767305+00:00
bec844d371507f25,scoringdance,round,scoringdance:125,https://scoring.dance/enUS/events/125/results/1806.html,9cb143f891dd7b3c,live,0,2026-09-10T16:02:29.767305+00:00
6fea68a6f0a4d482,scoringdance,round,scoringdance:125,https://scoring.dance/enUS/events/125/results/1807.html,9cb143f891dd7b3c,live,0,2026-09-10T16:02:29.767305+00:00
621e263dd7831b43,scoringdance,round,scoringdance:125,https://scoring.dance/enUS/events/125/results/1808.html,9cb143f891dd7b3c,live,0,2026-09-10T16:02:29.767305+00:00
79bcbce14503cc7a,scoringdance,round,scoringdance:125,https://scoring.dance/enUS/events/125/results/1809.html,9cb143f891dd7b3c,live,0,2026-09-10T16:02:29.767305+00:00
da3284a597050b56,scoringdance,round,scoringdance:125,https://scoring.dance/enUS/events/125/results/1810.html,9cb143f891dd7b3c,live,0,2026-09-10T16:02:29.767305+00:00
83d849bed27ef1e8,scoringdance,round,scoringdance:125,https://scoring.dance/enUS/events/125/results/1811.html,9cb143f891dd7b3c,live,0,2026-09-10T16:02:29.767305+00:00
54e8311cfbdfbecb,scoringdance,round,scoringdance:125,https://scoring.dance/enUS/events/125/results/1812.html,9cb143f891dd7b3c,live,0,2026-09-10T16:02:29.767305+00:00
e0353c5b8514bb8f,scoringdance,round,scoringdance:125,https://scoring.dance/enUS/events/125/results/1813.html,9cb143f891dd7b3c,live,0,2026-09-10T16:02:29.767305+00:00
dd7e84162f92dba4,scoringdance,round,scoringdance:125,https://scoring.dance/enUS/events/125/results/1814.html,9cb143f891dd7b3c,live,0,2026-09-10T16:02:29.767305+00:00
18cee365f1778642,scoringdance,round,scoringdance:126,https://scoring.dance/enUS/events/126/results/1748.html,82af845977492ad7,live,0,2026-09-10T16:02:29.620834+00:00
6cd144b61bf79fba,scoringdance,round,scoringdance:126,https://scoring.dance/enUS/events/126/results/1749.html,82af845977492ad7,live,0,2026-09-10T16:02:29.620834+00:00
90743542a3da4eac,scoringdance,round,scoringdance:126,https://scoring.dance/enUS/events/126/results/1750.html,82af845977492ad7,live,0,2026-09-10T16:02:29.620834+00:00
9da0c75dc4393f9a,scoringdance,round,scoringdance:126,https://scoring.dance/enUS/events/126/results/1751.html,82af845977492ad7,live,0,2026-09-10T16:02:29.620834+00:00
02dbc88346ed205e,scoringdance,round,scoringdance:126,https://scoring.dance/enUS/events/126/results/1752.html,82af845977492ad7,live,0,2026-09-10T16:02:29.620834+00:00
e89b8d8d1dfdcdde,scoringdance,round,scoringdance:126,https://scoring.dance/enUS/events/126/results/1753.html,82af845977492ad7,live,0,2026-09-10T16:02:29.620834+00:00
35230f9ca3241d49,scoringdance,round,scoringdance:126,https://scoring.dance/enUS/events/126/results/1754.html,82af845977492ad7,live,0,2026-09-10T16:02:29.620834+00:00
4ddc8b6312d943f3,scoringdance,round,scoringdance:126,https://scoring.dance/enUS/events/126/results/1755.html,82af845977492ad7,live,0,2026-09-10T16:02:29.620834+00:00
3a041790ed088bda,scoringdance,round,scoringdance:126,https://scoring.dance/enUS/events/126/results/1756.html,82af845977492ad7,live,0,2026-09-10T16:02:29.620834+00:00
f22bbcb47af75172,scoringdance,round,scoringdance:126,https://scoring.dance/enUS/events/126/results/1757.html,82af845977492ad7,live,0,2026-09-10T16:02:29.620834+00:00
df5de137a35350c7,scoringdance,round,scoringdance:126,https://scoring.dance/enUS/events/126/results/1758.html,82af845977492ad7,live,0,2026-09-10T16:02:29.620834+00:00
b2ab78d055561e3e,scoringdance,round,scoringdance:126,https://scoring.dance/enUS/events/126/results/1760.html,82af845977492ad7,live,0,2026-09-10T16:02:29.620834+00:00
90c38525e0eb774f,scoringdance,round,scoringdance:126,https://scoring.dance/enUS/events/126/results/1761.html,82af845977492ad7,live,0,2026-09-10T16:02:29.620834+00:00
9b8622bce3ee1311,scoringdance,round,scoringdance:126,https://scoring.dance/enUS/events/126/results/1762.html,82af845977492ad7,live,0,2026-09-10T16:02:29.620834+00:00
6555e5bd20c58fa3,scoringdance,round,scoringdance:126,https://scoring.dance/enUS/events/126/results/1763.html,82af845977492ad7,live,0,2026-09-10T16:02:29.620834+00:00
6e248432b9a5a5f7,scoringdance,round,scoringdance:126,https://scoring.dance/enUS/events/126/results/1764.html,82af845977492ad7,live,0,2026-09-10T16:02:29.620834+00:00
3c49017f2558bb0b,scoringdance,round,scoringdance:126,https://scoring.dance/enUS/events/126/results/1765.html,82af845977492ad7,live,0,2026-09-10T16:02:29.620834+00:00
26f6fb141f1f2bfe,scoringdance,round,scoringdance:126,https://scoring.dance/enUS/events/126/results/1766.html,82af845977492ad7,live,0,2026-09-10T16:02:29.620834+00:00
35beb8c9fa081cb0,scoringdance,round,scoringdance:126,https://scoring.dance/enUS/events/126/results/1767.html,82af845977492ad7,live,0,2026-09-10T16:02:29.620834+00:00
34dc681376eee073,scoringdance,round,scoringdance:126,https://scoring.dance/enUS/events/126/results/1768.html,82af845977492ad7,live,0,2026-09-10T16:02:29.620834+00:00
51c1be9200c4a14c,scoringdance,round,scoringdance:126,https://scoring.dance/enUS/events/126/results/1769.html,82af845977492ad7,live,0,2026-09-10T16:02:29.620834+00:00
bd52edfe62831900,scoringdance,round,scoringdance:126,https://scoring.dance/enUS/events/126/results/1770.html,82af845977492ad7,live,0,2026-09-10T16:02:29.620834+00:00
b83a6a45701f4923,scoringdance,round,scoringdance:126,https://scoring.dance/enUS/events/126/results/1771.html,82af845977492ad7,live,0,2026-09-10T16:02:29.620834+00:00
6089733b89e44af6,scoringdance,round,scoringdance:126,https://scoring.dance/enUS/events/126/results/1772.html,82af845977492ad7,live,0,2026-09-10T16:02:29.620834+00:00
2eaeeff7e4fcec37,scoringdance,round,scoringdance:126,https://scoring.dance/enUS/events/126/results/1773.html,82af845977492ad7,live,0,2026-09-10T16:02:29.620834+00:00
644fd24ca432dd79,scoringdance,round,scoringdance:126,https://scoring.dance/enUS/events/126/results/1775.html,82af845977492ad7,live,0,2026-09-10T16:02:29.620834+00:00
8b79dfe06ef480af,scoringdance,round,scoringdance:126,https://scoring.dance/enUS/events/126/results/1776.html,82af845977492ad7,live,0,2026-09-10T16:02:29.620834+00:00
1dfba18bdb622cff,scoringdance,round,scoringdance:126,https://scoring.dance/enUS/events/126/results/1777.html,82af845977492ad7,live,0,2026-09-10T16:02:29.620834+00:00
bf0283da1402c2b9,scoringdance,round,scoringdance:126,https://scoring.dance/enUS/events/126/results/1778.html,82af845977492ad7,live,0,2026-09-10T16:02:29.620834+00:00
80550f2fc662199a,scoringdance,round,scoringdance:126,https://scoring.dance/enUS/events/126/results/1779.html,82af845977492ad7,live,0,2026-09-10T16:02:29.620834+00:00
9a4dea52dfab59c4,scoringdance,round,scoringdance:126,https://scoring.dance/enUS/events/126/results/1782.html,82af845977492ad7,live,0,2026-09-10T16:02:29.620834+00:00
5d165902a94feb38,scoringdance,round,scoringdance:127,https://scoring.dance/enUS/events/127/results/1783.html,a878e39749d2ed23,live,0,2026-09-10T16:02:29.910095+00:00
9090c44cba6e5c45,scoringdance,round,scoringdance:127,https://scoring.dance/enUS/events/127/results/1785.html,a878e39749d2ed23,live,0,2026-09-10T16:02:29.910095+00:00
8cab67cd14373947,scoringdance,round,scoringdance:127,https://scoring.dance/enUS/events/127/results/1786.html,a878e39749d2ed23,live,0,2026-09-10T16:02:29.910095+00:00
d94f0d506f405f43,scoringdance,round,scoringdance:127,https://scoring.dance/enUS/events/127/results/1787.html,a878e39749d2ed23,live,0,2026-09-10T16:02:29.910095+00:00
ce950bacf356fb3d,scoringdance,round,scoringdance:127,https://scoring.dance/enUS/events/127/results/1788.html,a878e39749d2ed23,live,0,2026-09-10T16:02:29.910095+00:00
a571e0dc74eb7226,scoringdance,round,scoringdance:127,https://scoring.dance/enUS/events/127/results/1789.html,a878e39749d2ed23,live,0,2026-09-10T16:02:29.910095+00:00
49fc84e9c9a383a0,scoringdance,round,scoringdance:127,https://scoring.dance/enUS/events/127/results/1790.html,a878e39749d2ed23,live,0,2026-09-10T16:02:29.910095+00:00
2f1d1166b4756b23,scoringdance,round,scoringdance:127,https://scoring.dance/enUS/events/127/results/1791.html,a878e39749d2ed23,live,0,2026-09-10T16:02:29.910095+00:00
ef9864a90c2610fb,scoringdance,round,scoringdance:127,https://scoring.dance/enUS/events/127/results/1792.html,a878e39749d2ed23,live,0,2026-09-10T16:02:29.910095+00:00
4069230ae5f8497d,scoringdance,round,scoringdance:127,https://scoring.dance/enUS/events/127/results/1793.html,a878e39749d2ed23,live,0,2026-09-10T16:02:29.910095+00:00
70e0739a6639e4ac,scoringdance,round,scoringdance:127,https://scoring.dance/enUS/events/127/results/1794.html,a878e39749d2ed23,live,0,2026-09-10T16:02:29.910095+00:00
20b10d02eb18f679,scoringdance,round,scoringdance:127,https://scoring.dance/enUS/events/127/results/1795.html,a878e39749d2ed23,live,0,2026-09-10T16:02:29.910095+00:00
38e19533d6b5565d,scoringdance,round,scoringdance:127,https://scoring.dance/enUS/events/127/results/1796.html,a878e39749d2ed23,live,0,2026-09-10T16:02:29.910095+00:00
3c26b33d285312a7,scoringdance,round,scoringdance:127,https://scoring.dance/enUS/events/127/results/1797.html,a878e39749d2ed23,live,0,2026-09-10T16:02:29.910095+00:00
0ae5d3c3f388fb97,scoringdance,round,scoringdance:127,https://scoring.dance/enUS/events/127/results/1798.html,a878e39749d2ed23,live,0,2026-09-10T16:02:29.910095+00:00
3672bf7e86fe42da,scoringdance,round,scoringdance:127,https://scoring.dance/enUS/events/127/results/1799.html,a878e39749d2ed23,live,0,2026-09-10T16:02:29.910095+00:00
3b3cd500c8e61779,scoringdance,round,scoringdance:127,https://scoring.dance/enUS/events/127/results/1800.html,a878e39749d2ed23,live,0,2026-09-10T16:02:29.910095+00:00
e5102b568f1ef01c,scoringdance,round,scoringdance:128,https://scoring.dance/enUS/events/128/results/1928.html,b2467772ca7339f4,live,0,2026-09-10T16:02:29.992682+00:00
8bc49062b72a9c23,scoringdance,round,scoringdance:128,https://scoring.dance/enUS/events/128/results/1929.html,b2467772ca7339f4,live,0,2026-09-10T16:02:29.992682+00:00
f125085aec0a962c,scoringdance,round,scoringdance:128,https://scoring.dance/enUS/events/128/results/1930.html,b2467772ca7339f4,live,0,2026-09-10T16:02:29.992682+00:00
3758ad9d1ba57a1c,scoringdance,round,scoringdance:128,https://scoring.dance/enUS/events/128/results/1931.html,b2467772ca7339f4,live,0,2026-09-10T16:02:29.992682+00:00
443f83787adeb715,scoringdance,round,scoringdance:128,https://scoring.dance/enUS/events/128/results/1932.html,b2467772ca7339f4,live,0,2026-09-10T16:02:29.992682+00:00
b90837c2b3c64960,scoringdance,round,scoringdance:128,https://scoring.dance/enUS/events/128/results/1933.html,b2467772ca7339f4,live,0,2026-09-10T16:02:29.992682+00:00
04a7000db8b00d70,scoringdance,round,scoringdance:128,https://scoring.dance/enUS/events/128/results/1935.html,b2467772ca7339f4,live,0,2026-09-10T16:02:29.992682+00:00
fb21ef9268f2225d,scoringdance,round,scoringdance:128,https://scoring.dance/enUS/events/128/results/1936.html,b2467772ca7339f4,live,0,2026-09-10T16:02:29.992682+00:00
276d3ab07dfbefa2,scoringdance,round,scoringdance:129,https://scoring.dance/enUS/events/129/results/1815.html,c4a41d7efb90b75b,live,0,2026-09-10T16:02:30.198211+00:00
e737a7e802dabadc,scoringdance,round,scoringdance:129,https://scoring.dance/enUS/events/129/results/1816.html,c4a41d7efb90b75b,live,0,2026-09-10T16:02:30.198211+00:00
67e43829e5a0cca8,scoringdance,round,scoringdance:129,https://scoring.dance/enUS/events/129/results/1817.html,c4a41d7efb90b75b,live,0,2026-09-10T16:02:30.198211+00:00
d40b36898fb787ee,scoringdance,round,scoringdance:129,https://scoring.dance/enUS/events/129/results/1818.html,c4a41d7efb90b75b,live,0,2026-09-10T16:02:30.198211+00:00
bd74fa99ac660bb7,scoringdance,round,scoringdance:129,https://scoring.dance/enUS/events/129/results/1819.html,c4a41d7efb90b75b,live,0,2026-09-10T16:02:30.198211+00:00
42957c7002df6538,scoringdance,round,scoringdance:129,https://scoring.dance/enUS/events/129/results/1820.html,c4a41d7efb90b75b,live,0,2026-09-10T16:02:30.198211+00:00
92ab18ab5e5a80fb,scoringdance,round,scoringdance:129,https://scoring.dance/enUS/events/129/results/1821.html,c4a41d7efb90b75b,live,0,2026-09-10T16:02:30.198211+00:00
c6c403c0c5ce8544,scoringdance,round,scoringdance:129,https://scoring.dance/enUS/events/129/results/1822.html,c4a41d7efb90b75b,live,0,2026-09-10T16:02:30.198211+00:00
448c108d1f03dc88,scoringdance,round,scoringdance:129,https://scoring.dance/enUS/events/129/results/1823.html,c4a41d7efb90b75b,live,0,2026-09-10T16:02:30.198211+00:00
71c9a18070c6cdf2,scoringdance,round,scoringdance:129,https://scoring.dance/enUS/events/129/results/1824.html,c4a41d7efb90b75b,live,0,2026-09-10T16:02:30.198211+00:00
60d8b394a96d3ea3,scoringdance,round,scoringdance:129,https://scoring.dance/enUS/events/129/results/1825.html,c4a41d7efb90b75b,live,0,2026-09-10T16:02:30.198211+00:00
340cc8591f1b88a0,scoringdance,round,scoringdance:129,https://scoring.dance/enUS/events/129/results/1826.html,c4a41d7efb90b75b,live,0,2026-09-10T16:02:30.198211+00:00
662e2bbdd37011d4,scoringdance,round,scoringdance:129,https://scoring.dance/enUS/events/129/results/1827.html,c4a41d7efb90b75b,live,0,2026-09-10T16:02:30.198211+00:00
7d008a5a7ec0001c,scoringdance,round,scoringdance:129,https://scoring.dance/enUS/events/129/results/1828.html,c4a41d7efb90b75b,live,0,2026-09-10T16:02:30.198211+00:00
331fbd17ed815097,scoringdance,round,scoringdance:129,https://scoring.dance/enUS/events/129/results/1829.html,c4a41d7efb90b75b,live,0,2026-09-10T16:02:30.198211+00:00
7253e665c8df5285,scoringdance,round,scoringdance:129,https://scoring.dance/enUS/events/129/results/1830.html,c4a41d7efb90b75b,live,0,2026-09-10T16:02:30.198211+00:00
06220da8bbd48004,scoringdance,round,scoringdance:129,https://scoring.dance/enUS/events/129/results/1832.html,c4a41d7efb90b75b,live,0,2026-09-10T16:02:30.198211+00:00
7046c0e4a5e665d1,scoringdance,round,scoringdance:129,https://scoring.dance/enUS/events/129/results/1833.html,c4a41d7efb90b75b,live,0,2026-09-10T16:02:30.198211+00:00
c2798cb35c9f55e8,scoringdance,round,scoringdance:129,https://scoring.dance/enUS/events/129/results/1834.html,c4a41d7efb90b75b,live,0,2026-09-10T16:02:30.198211+00:00
da218c97498dcf3f,scoringdance,round,scoringdance:129,https://scoring.dance/enUS/events/129/results/1836.html,c4a41d7efb90b75b,live,0,2026-09-10T16:02:30.198211+00:00
4a8d0802e9e14150,scoringdance,round,scoringdance:130,https://scoring.dance/enUS/events/130/results/1937.html,34baf289be758a10,live,0,2026-09-10T16:02:28.850410+00:00
3b3143ece655dce1,scoringdance,round,scoringdance:130,https://scoring.dance/enUS/events/130/results/1938.html,34baf289be758a10,live,0,2026-09-10T16:02:28.850410+00:00
00e66b49641d85dd,scoringdance,round,scoringdance:130,https://scoring.dance/enUS/events/130/results/1939.html,34baf289be758a10,live,0,2026-09-10T16:02:28.850410+00:00
42522b5173dd920f,scoringdance,round,scoringdance:130,https://scoring.dance/enUS/events/130/results/1940.html,34baf289be758a10,live,0,2026-09-10T16:02:28.850410+00:00
75894f23b8846240,scoringdance,round,scoringdance:130,https://scoring.dance/enUS/events/130/results/1941.html,34baf289be758a10,live,0,2026-09-10T16:02:28.850410+00:00
625c37c09330c421,scoringdance,round,scoringdance:130,https://scoring.dance/enUS/events/130/results/1942.html,34baf289be758a10,live,0,2026-09-10T16:02:28.850410+00:00
5df12942cf28248b,scoringdance,round,scoringdance:130,https://scoring.dance/enUS/events/130/results/1944.html,34baf289be758a10,live,0,2026-09-10T16:02:28.850410+00:00
1ac22dd5be08a5c5,scoringdance,round,scoringdance:130,https://scoring.dance/enUS/events/130/results/1945.html,34baf289be758a10,live,0,2026-09-10T16:02:28.850410+00:00
5c399bf0985abf06,scoringdance,round,scoringdance:130,https://scoring.dance/enUS/events/130/results/1946.html,34baf289be758a10,live,0,2026-09-10T16:02:28.850410+00:00
db33e5ed4095a88b,scoringdance,round,scoringdance:130,https://scoring.dance/enUS/events/130/results/1947.html,34baf289be758a10,live,0,2026-09-10T16:02:28.850410+00:00
eee0eadaec05d2ee,scoringdance,round,scoringdance:130,https://scoring.dance/enUS/events/130/results/1948.html,34baf289be758a10,live,0,2026-09-10T16:02:28.850410+00:00
d2f762dcd8680281,scoringdance,round,scoringdance:130,https://scoring.dance/enUS/events/130/results/1949.html,34baf289be758a10,live,0,2026-09-10T16:02:28.850410+00:00
73a689b8ea8df85d,scoringdance,round,scoringdance:130,https://scoring.dance/enUS/events/130/results/1950.html,34baf289be758a10,live,0,2026-09-10T16:02:28.850410+00:00
04b5c4efe113d3e7,scoringdance,round,scoringdance:130,https://scoring.dance/enUS/events/130/results/1951.html,34baf289be758a10,live,0,2026-09-10T16:02:28.850410+00:00
f46e1ea77062c53d,scoringdance,round,scoringdance:130,https://scoring.dance/enUS/events/130/results/1953.html,34baf289be758a10,live,0,2026-09-10T16:02:28.850410+00:00
ee86a2eecef28f42,scoringdance,round,scoringdance:130,https://scoring.dance/enUS/events/130/results/1955.html,34baf289be758a10,live,0,2026-09-10T16:02:28.850410+00:00
9b57c52735f46f34,scoringdance,round,scoringdance:130,https://scoring.dance/enUS/events/130/results/1957.html,34baf289be758a10,live,0,2026-09-10T16:02:28.850410+00:00
b83f05c8d9653b56,scoringdance,round,scoringdance:130,https://scoring.dance/enUS/events/130/results/1959.html,34baf289be758a10,live,0,2026-09-10T16:02:28.850410+00:00
f8e43ac2e74c8987,scoringdance,round,scoringdance:130,https://scoring.dance/enUS/events/130/results/1961.html,34baf289be758a10,live,0,2026-09-10T16:02:28.850410+00:00
97928f9e20ae56ef,scoringdance,round,scoringdance:130,https://scoring.dance/enUS/events/130/results/1962.html,34baf289be758a10,live,0,2026-09-10T16:02:28.850410+00:00
dd4986edafd2d08d,scoringdance,round,scoringdance:130,https://scoring.dance/enUS/events/130/results/1963.html,34baf289be758a10,live,0,2026-09-10T16:02:28.850410+00:00
9fe8d303c66d7884,scoringdance,round,scoringdance:131,https://scoring.dance/enUS/events/131/results/1889.html,f57ded946647a606,live,0,2026-09-10T16:02:30.601987+00:00
20dae4b5ac4e2e26,scoringdance,round,scoringdance:131,https://scoring.dance/enUS/events/131/results/1890.html,f57ded946647a606,live,0,2026-09-10T16:02:30.601987+00:00
01ca461c248f38c5,scoringdance,round,scoringdance:131,https://scoring.dance/enUS/events/131/results/1891.html,f57ded946647a606,live,0,2026-09-10T16:02:30.601987+00:00
3c8e51645bac904d,scoringdance,round,scoringdance:131,https://scoring.dance/enUS/events/131/results/1892.html,f57ded946647a606,live,0,2026-09-10T16:02:30.601987+00:00
160cf46da6f8852a,scoringdance,round,scoringdance:131,https://scoring.dance/enUS/events/131/results/1893.html,f57ded946647a606,live,0,2026-09-10T16:02:30.601987+00:00
8e90ad6a49b8e9bb,scoringdance,round,scoringdance:131,https://scoring.dance/enUS/events/131/results/1900.html,f57ded946647a606,live,0,2026-09-10T16:02:30.601987+00:00
605c62466850f8d0,scoringdance,round,scoringdance:131,https://scoring.dance/enUS/events/131/results/1901.html,f57ded946647a606,live,0,2026-09-10T16:02:30.601987+00:00
3a75435023b69f9d,scoringdance,round,scoringdance:131,https://scoring.dance/enUS/events/131/results/1902.html,f57ded946647a606,live,0,2026-09-10T16:02:30.601987+00:00
114e64a5bd86c493,scoringdance,round,scoringdance:131,https://scoring.dance/enUS/events/131/results/1903.html,f57ded946647a606,live,0,2026-09-10T16:02:30.601987+00:00
b047ef832f2ae315,scoringdance,round,scoringdance:131,https://scoring.dance/enUS/events/131/results/1904.html,f57ded946647a606,live,0,2026-09-10T16:02:30.601987+00:00
588ae21be62620c3,scoringdance,round,scoringdance:131,https://scoring.dance/enUS/events/131/results/1905.html,f57ded946647a606,live,0,2026-09-10T16:02:30.601987+00:00
8436c58d8db12c26,scoringdance,round,scoringdance:131,https://scoring.dance/enUS/events/131/results/1906.html,f57ded946647a606,live,0,2026-09-10T16:02:30.601987+00:00
4f1ea2e4d0558902,scoringdance,round,scoringdance:131,https://scoring.dance/enUS/events/131/results/1907.html,f57ded946647a606,live,0,2026-09-10T16:02:30.601987+00:00
771028d5d13f9b81,scoringdance,round,scoringdance:131,https://scoring.dance/enUS/events/131/results/1910.html,f57ded946647a606,live,0,2026-09-10T16:02:30.601987+00:00
90e73145249b58a0,scoringdance,round,scoringdance:131,https://scoring.dance/enUS/events/131/results/1911.html,f57ded946647a606,live,0,2026-09-10T16:02:30.601987+00:00
fda173171914264a,scoringdance,round,scoringdance:131,https://scoring.dance/enUS/events/131/results/1912.html,f57ded946647a606,live,0,2026-09-10T16:02:30.601987+00:00
ff7034364c88f4da,scoringdance,round,scoringdance:131,https://scoring.dance/enUS/events/131/results/1919.html,f57ded946647a606,live,0,2026-09-10T16:02:30.601987+00:00
21e7ee2256fc824f,scoringdance,round,scoringdance:131,https://scoring.dance/enUS/events/131/results/1920.html,f57ded946647a606,live,0,2026-09-10T16:02:30.601987+00:00
dc2cdc37cbfb9600,scoringdance,round,scoringdance:131,https://scoring.dance/enUS/events/131/results/1921.html,f57ded946647a606,live,0,2026-09-10T16:02:30.601987+00:00
dddcef50ef3397ac,scoringdance,round,scoringdance:131,https://scoring.dance/enUS/events/131/results/1922.html,f57ded946647a606,live,0,2026-09-10T16:02:30.601987+00:00
c434bb5ccd899cc2,scoringdance,round,scoringdance:131,https://scoring.dance/enUS/events/131/results/1924.html,f57ded946647a606,live,0,2026-09-10T16:02:30.601987+00:00
577b57c89c4d7b47,scoringdance,round,scoringdance:131,https://scoring.dance/enUS/events/131/results/1925.html,f57ded946647a606,live,0,2026-09-10T16:02:30.601987+00:00
fa7ef31ed926fbdc,scoringdance,round,scoringdance:131,https://scoring.dance/enUS/events/131/results/1926.html,f57ded946647a606,live,0,2026-09-10T16:02:30.601987+00:00
ce85830bfc70ce4d,scoringdance,round,scoringdance:131,https://scoring.dance/enUS/events/131/results/1927.html,f57ded946647a606,live,0,2026-09-10T16:02:30.601987+00:00
6d4b3dd5dae6013c,scoringdance,round,scoringdance:132,https://scoring.dance/enUS/events/132/results/2568.html,39d0ca0c1eba2a84,live,0,2026-09-10T16:02:28.916939+00:00
77737689163551b0,scoringdance,round,scoringdance:132,https://scoring.dance/enUS/events/132/results/2569.html,39d0ca0c1eba2a84,live,0,2026-09-10T16:02:28.916939+00:00
3b94f74e66138903,scoringdance,round,scoringdance:133,https://scoring.dance/enUS/events/133/results/1964.html,2db985de0d6b2a8d,live,0,2026-09-10T16:02:28.814805+00:00
f91737186bc65718,scoringdance,round,scoringdance:133,https://scoring.dance/enUS/events/133/results/1965.html,2db985de0d6b2a8d,live,0,2026-09-10T16:02:28.814805+00:00
becfe1a660cb8d89,scoringdance,round,scoringdance:133,https://scoring.dance/enUS/events/133/results/1966.html,2db985de0d6b2a8d,live,0,2026-09-10T16:02:28.814805+00:00
1cb34e9acea76987,scoringdance,round,scoringdance:133,https://scoring.dance/enUS/events/133/results/1967.html,2db985de0d6b2a8d,live,0,2026-09-10T16:02:28.814805+00:00
1fc32ef6096a9383,scoringdance,round,scoringdance:133,https://scoring.dance/enUS/events/133/results/1968.html,2db985de0d6b2a8d,live,0,2026-09-10T16:02:28.814805+00:00
2766cee3a3c4294b,scoringdance,round,scoringdance:133,https://scoring.dance/enUS/events/133/results/1969.html,2db985de0d6b2a8d,live,0,2026-09-10T16:02:28.814805+00:00
03e80ff6cf6cf49b,scoringdance,round,scoringdance:133,https://scoring.dance/enUS/events/133/results/1970.html,2db985de0d6b2a8d,live,0,2026-09-10T16:02:28.814805+00:00
2e545f4c67e738cd,scoringdance,round,scoringdance:133,https://scoring.dance/enUS/events/133/results/1971.html,2db985de0d6b2a8d,live,0,2026-09-10T16:02:28.814805+00:00
0501335d6f4c0cc3,scoringdance,round,scoringdance:133,https://scoring.dance/enUS/events/133/results/1972.html,2db985de0d6b2a8d,live,0,2026-09-10T16:02:28.814805+00:00
fffab0c1273f9107,scoringdance,round,scoringdance:133,https://scoring.dance/enUS/events/133/results/1973.html,2db985de0d6b2a8d,live,0,2026-09-10T16:02:28.814805+00:00
d967501380e8f75f,scoringdance,round,scoringdance:133,https://scoring.dance/enUS/events/133/results/1974.html,2db985de0d6b2a8d,live,0,2026-09-10T16:02:28.814805+00:00
8d0df12ddf56624f,scoringdance,round,scoringdance:133,https://scoring.dance/enUS/events/133/results/1975.html,2db985de0d6b2a8d,live,0,2026-09-10T16:02:28.814805+00:00
06189642cd1e99f6,scoringdance,round,scoringdance:133,https://scoring.dance/enUS/events/133/results/1976.html,2db985de0d6b2a8d,live,0,2026-09-10T16:02:28.814805+00:00
47b80bffdeabfa07,scoringdance,round,scoringdance:133,https://scoring.dance/enUS/events/133/results/1977.html,2db985de0d6b2a8d,live,0,2026-09-10T16:02:28.814805+00:00
d49c303765f24448,scoringdance,round,scoringdance:133,https://scoring.dance/enUS/events/133/results/1978.html,2db985de0d6b2a8d,live,0,2026-09-10T16:02:28.814805+00:00
094b0cd8fe85a5ba,scoringdance,round,scoringdance:134,https://scoring.dance/enUS/events/134/results/1979.html,e1869cf198bbd1a4,live,0,2026-09-10T16:02:30.461971+00:00
e88da3b40936d083,scoringdance,round,scoringdance:134,https://scoring.dance/enUS/events/134/results/1980.html,e1869cf198bbd1a4,live,0,2026-09-10T16:02:30.461971+00:00
cf720fa890eb997e,scoringdance,round,scoringdance:134,https://scoring.dance/enUS/events/134/results/1981.html,e1869cf198bbd1a4,live,0,2026-09-10T16:02:30.461971+00:00
7ffe791047e8433d,scoringdance,round,scoringdance:134,https://scoring.dance/enUS/events/134/results/1982.html,e1869cf198bbd1a4,live,0,2026-09-10T16:02:30.461971+00:00
1cfad7c121dccf4e,scoringdance,round,scoringdance:134,https://scoring.dance/enUS/events/134/results/1983.html,e1869cf198bbd1a4,live,0,2026-09-10T16:02:30.461971+00:00
b06b91e9d7464a8c,scoringdance,round,scoringdance:134,https://scoring.dance/enUS/events/134/results/1984.html,e1869cf198bbd1a4,live,0,2026-09-10T16:02:30.461971+00:00
cb49bcf3459326e2,scoringdance,round,scoringdance:134,https://scoring.dance/enUS/events/134/results/1985.html,e1869cf198bbd1a4,live,0,2026-09-10T16:02:30.461971+00:00
3fc30a2a757eef4f,scoringdance,round,scoringdance:134,https://scoring.dance/enUS/events/134/results/1986.html,e1869cf198bbd1a4,live,0,2026-09-10T16:02:30.461971+00:00
b863a4614050b93e,scoringdance,round,scoringdance:134,https://scoring.dance/enUS/events/134/results/1987.html,e1869cf198bbd1a4,live,0,2026-09-10T16:02:30.461971+00:00
e1166b33aeeee8eb,scoringdance,round,scoringdance:134,https://scoring.dance/enUS/events/134/results/1988.html,e1869cf198bbd1a4,live,0,2026-09-10T16:02:30.461971+00:00
2b6bcd9e1fd61574,scoringdance,round,scoringdance:134,https://scoring.dance/enUS/events/134/results/1989.html,e1869cf198bbd1a4,live,0,2026-09-10T16:02:30.461971+00:00
0898d6c3fd53da5c,scoringdance,round,scoringdance:134,https://scoring.dance/enUS/events/134/results/1990.html,e1869cf198bbd1a4,live,0,2026-09-10T16:02:30.461971+00:00
a8a2a93187f82b10,scoringdance,round,scoringdance:134,https://scoring.dance/enUS/events/134/results/1991.html,e1869cf198bbd1a4,live,0,2026-09-10T16:02:30.461971+00:00
cc1dffc3af819cd6,scoringdance,round,scoringdance:134,https://scoring.dance/enUS/events/134/results/1992.html,e1869cf198bbd1a4,live,0,2026-09-10T16:02:30.461971+00:00
c8ad74bbd958cf4d,scoringdance,round,scoringdance:134,https://scoring.dance/enUS/events/134/results/1993.html,e1869cf198bbd1a4,live,0,2026-09-10T16:02:30.461971+00:00
9c74b6e58d7ef4fe,scoringdance,round,scoringdance:134,https://scoring.dance/enUS/events/134/results/1995.html,e1869cf198bbd1a4,live,0,2026-09-10T16:02:30.461971+00:00
c15733e6c9dc4484,scoringdance,round,scoringdance:134,https://scoring.dance/enUS/events/134/results/1996.html,e1869cf198bbd1a4,live,0,2026-09-10T16:02:30.461971+00:00
4b365aed533dcbe0,scoringdance,round,scoringdance:134,https://scoring.dance/enUS/events/134/results/1997.html,e1869cf198bbd1a4,live,0,2026-09-10T16:02:30.461971+00:00
36c4b68f2784c71d,scoringdance,round,scoringdance:134,https://scoring.dance/enUS/events/134/results/1998.html,e1869cf198bbd1a4,live,0,2026-09-10T16:02:30.461971+00:00
bfc3b0e9c8bcdc66,scoringdance,round,scoringdance:134,https://scoring.dance/enUS/events/134/results/1999.html,e1869cf198bbd1a4,live,0,2026-09-10T16:02:30.461971+00:00
f0d9ad0996643659,scoringdance,round,scoringdance:134,https://scoring.dance/enUS/events/134/results/2000.html,e1869cf198bbd1a4,live,0,2026-09-10T16:02:30.461971+00:00
1f3f6614234864f5,scoringdance,round,scoringdance:134,https://scoring.dance/enUS/events/134/results/2001.html,e1869cf198bbd1a4,live,0,2026-09-10T16:02:30.461971+00:00
8197f6e9e39faa20,scoringdance,round,scoringdance:134,https://scoring.dance/enUS/events/134/results/2002.html,e1869cf198bbd1a4,live,0,2026-09-10T16:02:30.461971+00:00
744312b29f82aec1,scoringdance,round,scoringdance:135,https://scoring.dance/enUS/events/135/results/2003.html,ff715383b664ae53,live,0,2026-09-10T16:02:30.698698+00:00
755a31b43b489c9b,scoringdance,round,scoringdance:135,https://scoring.dance/enUS/events/135/results/2004.html,ff715383b664ae53,live,0,2026-09-10T16:02:30.698698+00:00
bbb0780bf44e23c0,scoringdance,round,scoringdance:135,https://scoring.dance/enUS/events/135/results/2005.html,ff715383b664ae53,live,0,2026-09-10T16:02:30.698698+00:00
41be91e0bd345d28,scoringdance,round,scoringdance:135,https://scoring.dance/enUS/events/135/results/2006.html,ff715383b664ae53,live,0,2026-09-10T16:02:30.698698+00:00
cd195e6b241a153c,scoringdance,round,scoringdance:135,https://scoring.dance/enUS/events/135/results/2007.html,ff715383b664ae53,live,0,2026-09-10T16:02:30.698698+00:00
80b87bf13dc3e45b,scoringdance,round,scoringdance:135,https://scoring.dance/enUS/events/135/results/2008.html,ff715383b664ae53,live,0,2026-09-10T16:02:30.698698+00:00
c1563282b9e1cde1,scoringdance,round,scoringdance:135,https://scoring.dance/enUS/events/135/results/2010.html,ff715383b664ae53,live,0,2026-09-10T16:02:30.698698+00:00
4543066982027cc6,scoringdance,round,scoringdance:135,https://scoring.dance/enUS/events/135/results/2011.html,ff715383b664ae53,live,0,2026-09-10T16:02:30.698698+00:00
6e4b7ec1b69f633e,scoringdance,round,scoringdance:135,https://scoring.dance/enUS/events/135/results/2012.html,ff715383b664ae53,live,0,2026-09-10T16:02:30.698698+00:00
d656c2d89c42772d,scoringdance,round,scoringdance:135,https://scoring.dance/enUS/events/135/results/2013.html,ff715383b664ae53,live,0,2026-09-10T16:02:30.698698+00:00
f8f4f1397366748c,scoringdance,round,scoringdance:135,https://scoring.dance/enUS/events/135/results/2014.html,ff715383b664ae53,live,0,2026-09-10T16:02:30.698698+00:00
8d697070f8490976,scoringdance,round,scoringdance:135,https://scoring.dance/enUS/events/135/results/2015.html,ff715383b664ae53,live,0,2026-09-10T16:02:30.698698+00:00
60df3f4d8034ba9e,scoringdance,round,scoringdance:135,https://scoring.dance/enUS/events/135/results/2016.html,ff715383b664ae53,live,0,2026-09-10T16:02:30.698698+00:00
21bc9df01e2684ec,scoringdance,round,scoringdance:135,https://scoring.dance/enUS/events/135/results/2017.html,ff715383b664ae53,live,0,2026-09-10T16:02:30.698698+00:00
8e935c77b435facd,scoringdance,round,scoringdance:135,https://scoring.dance/enUS/events/135/results/2018.html,ff715383b664ae53,live,0,2026-09-10T16:02:30.698698+00:00
39daf6bd2aade201,scoringdance,round,scoringdance:135,https://scoring.dance/enUS/events/135/results/2020.html,ff715383b664ae53,live,0,2026-09-10T16:02:30.698698+00:00
19744585213ea62b,scoringdance,round,scoringdance:135,https://scoring.dance/enUS/events/135/results/2021.html,ff715383b664ae53,live,0,2026-09-10T16:02:30.698698+00:00
42a65f8868503105,scoringdance,round,scoringdance:135,https://scoring.dance/enUS/events/135/results/2022.html,ff715383b664ae53,live,0,2026-09-10T16:02:30.698698+00:00
de34f517a8a2bea0,scoringdance,round,scoringdance:135,https://scoring.dance/enUS/events/135/results/2024.html,ff715383b664ae53,live,0,2026-09-10T16:02:30.698698+00:00
0f7b5f172330de75,scoringdance,round,scoringdance:135,https://scoring.dance/enUS/events/135/results/2025.html,ff715383b664ae53,live,0,2026-09-10T16:02:30.698698+00:00
349c70d86bf21250,scoringdance,round,scoringdance:135,https://scoring.dance/enUS/events/135/results/2026.html,ff715383b664ae53,live,0,2026-09-10T16:02:30.698698+00:00
e9772330bbd0c8da,scoringdance,round,scoringdance:135,https://scoring.dance/enUS/events/135/results/2028.html,ff715383b664ae53,live,0,2026-09-10T16:02:30.698698+00:00
1ccaccc62aa3a07f,scoringdance,round,scoringdance:135,https://scoring.dance/enUS/events/135/results/2030.html,ff715383b664ae53,live,0,2026-09-10T16:02:30.698698+00:00
1e964deb2dad9c85,scoringdance,round,scoringdance:135,https://scoring.dance/enUS/events/135/results/2031.html,ff715383b664ae53,live,0,2026-09-10T16:02:30.698698+00:00
b236bed463331bad,scoringdance,round,scoringdance:135,https://scoring.dance/enUS/events/135/results/2032.html,ff715383b664ae53,live,0,2026-09-10T16:02:30.698698+00:00
20116a2c7a18e03b,scoringdance,round,scoringdance:135,https://scoring.dance/enUS/events/135/results/2033.html,ff715383b664ae53,live,0,2026-09-10T16:02:30.698698+00:00
cbd63447b95e49dc,scoringdance,round,scoringdance:135,https://scoring.dance/enUS/events/135/results/2034.html,ff715383b664ae53,live,0,2026-09-10T16:02:30.698698+00:00
6a56d39d88911894,scoringdance,round,scoringdance:135,https://scoring.dance/enUS/events/135/results/2035.html,ff715383b664ae53,live,0,2026-09-10T16:02:30.698698+00:00
f87743fe24237c64,scoringdance,round,scoringdance:135,https://scoring.dance/enUS/events/135/results/2036.html,ff715383b664ae53,live,0,2026-09-10T16:02:30.698698+00:00
a7448afd63f3ca53,scoringdance,round,scoringdance:136,https://scoring.dance/enUS/events/136/results/2064.html,9e4803680119fbb8,live,0,2026-09-10T16:02:29.790566+00:00
c1fed76630f9f2d8,scoringdance,round,scoringdance:136,https://scoring.dance/enUS/events/136/results/2065.html,9e4803680119fbb8,live,0,2026-09-10T16:02:29.790566+00:00
8ec11002d1e635fe,scoringdance,round,scoringdance:136,https://scoring.dance/enUS/events/136/results/2066.html,9e4803680119fbb8,live,0,2026-09-10T16:02:29.790566+00:00
571bca06bd2bacac,scoringdance,round,scoringdance:136,https://scoring.dance/enUS/events/136/results/2067.html,9e4803680119fbb8,live,0,2026-09-10T16:02:29.790566+00:00
fe32595e5a8d5924,scoringdance,round,scoringdance:136,https://scoring.dance/enUS/events/136/results/2068.html,9e4803680119fbb8,live,0,2026-09-10T16:02:29.790566+00:00
66b05380a7752746,scoringdance,round,scoringdance:136,https://scoring.dance/enUS/events/136/results/2069.html,9e4803680119fbb8,live,0,2026-09-10T16:02:29.790566+00:00
616f36a1dba60775,scoringdance,round,scoringdance:136,https://scoring.dance/enUS/events/136/results/2070.html,9e4803680119fbb8,live,0,2026-09-10T16:02:29.790566+00:00
f303e56263ef7340,scoringdance,round,scoringdance:136,https://scoring.dance/enUS/events/136/results/2071.html,9e4803680119fbb8,live,0,2026-09-10T16:02:29.790566+00:00
1b0f83f3c2dbb820,scoringdance,round,scoringdance:136,https://scoring.dance/enUS/events/136/results/2072.html,9e4803680119fbb8,live,0,2026-09-10T16:02:29.790566+00:00
cc81ea1ce1d1c261,scoringdance,round,scoringdance:136,https://scoring.dance/enUS/events/136/results/2073.html,9e4803680119fbb8,live,0,2026-09-10T16:02:29.790566+00:00
807cef03e8f3e56c,scoringdance,round,scoringdance:136,https://scoring.dance/enUS/events/136/results/2074.html,9e4803680119fbb8,live,0,2026-09-10T16:02:29.790566+00:00
3bdb12fd5689da8e,scoringdance,round,scoringdance:136,https://scoring.dance/enUS/events/136/results/2075.html,9e4803680119fbb8,live,0,2026-09-10T16:02:29.790566+00:00
44aad9d2e4533d2b,scoringdance,round,scoringdance:136,https://scoring.dance/enUS/events/136/results/2076.html,9e4803680119fbb8,live,0,2026-09-10T16:02:29.790566+00:00
543e3175ff680515,scoringdance,round,scoringdance:136,https://scoring.dance/enUS/events/136/results/2077.html,9e4803680119fbb8,live,0,2026-09-10T16:02:29.790566+00:00
a6589924ba587095,scoringdance,round,scoringdance:136,https://scoring.dance/enUS/events/136/results/2078.html,9e4803680119fbb8,live,0,2026-09-10T16:02:29.790566+00:00
e76ac59e71afd24f,scoringdance,round,scoringdance:136,https://scoring.dance/enUS/events/136/results/2079.html,9e4803680119fbb8,live,0,2026-09-10T16:02:29.790566+00:00
54b88fb09889997e,scoringdance,round,scoringdance:136,https://scoring.dance/enUS/events/136/results/2082.html,9e4803680119fbb8,live,0,2026-09-10T16:02:29.790566+00:00
d381b95b9866af68,scoringdance,round,scoringdance:138,https://scoring.dance/enUS/events/138/results/2093.html,55ce3864ee85335b,live,0,2026-09-10T16:02:29.210551+00:00
1a8a4279bd5967af,scoringdance,round,scoringdance:138,https://scoring.dance/enUS/events/138/results/2094.html,55ce3864ee85335b,live,0,2026-09-10T16:02:29.210551+00:00
933ce6b20fb44653,scoringdance,round,scoringdance:138,https://scoring.dance/enUS/events/138/results/2095.html,55ce3864ee85335b,live,0,2026-09-10T16:02:29.210551+00:00
53e10e9c9b8620c6,scoringdance,round,scoringdance:138,https://scoring.dance/enUS/events/138/results/2096.html,55ce3864ee85335b,live,0,2026-09-10T16:02:29.210551+00:00
443850743f6dfcc0,scoringdance,round,scoringdance:138,https://scoring.dance/enUS/events/138/results/2097.html,55ce3864ee85335b,live,0,2026-09-10T16:02:29.210551+00:00
f07b3513d5a3c764,scoringdance,round,scoringdance:138,https://scoring.dance/enUS/events/138/results/2098.html,55ce3864ee85335b,live,0,2026-09-10T16:02:29.210551+00:00
799075a2846a72dd,scoringdance,round,scoringdance:138,https://scoring.dance/enUS/events/138/results/2099.html,55ce3864ee85335b,live,0,2026-09-10T16:02:29.210551+00:00
91ec3f1ff27113ef,scoringdance,round,scoringdance:138,https://scoring.dance/enUS/events/138/results/2100.html,55ce3864ee85335b,live,0,2026-09-10T16:02:29.210551+00:00
9371f8fba73426f1,scoringdance,round,scoringdance:138,https://scoring.dance/enUS/events/138/results/2101.html,55ce3864ee85335b,live,0,2026-09-10T16:02:29.210551+00:00
7ac4d41ca0c24c70,scoringdance,round,scoringdance:138,https://scoring.dance/enUS/events/138/results/2102.html,55ce3864ee85335b,live,0,2026-09-10T16:02:29.210551+00:00
ffc3c3f81d8f3254,scoringdance,round,scoringdance:138,https://scoring.dance/enUS/events/138/results/2103.html,55ce3864ee85335b,live,0,2026-09-10T16:02:29.210551+00:00
acb01da40005678d,scoringdance,round,scoringdance:14,https://scoring.dance/enUS/events/14/results/105.html,50efda26292ccd84,live,0,2026-09-10T16:02:29.144309+00:00
b3b7e6959ef09e7f,scoringdance,round,scoringdance:14,https://scoring.dance/enUS/events/14/results/107.html,50efda26292ccd84,live,0,2026-09-10T16:02:29.144309+00:00
ec789eb9b9d844a0,scoringdance,round,scoringdance:14,https://scoring.dance/enUS/events/14/results/108.html,50efda26292ccd84,live,0,2026-09-10T16:02:29.144309+00:00
e1eafe4037b16b51,scoringdance,round,scoringdance:14,https://scoring.dance/enUS/events/14/results/109.html,50efda26292ccd84,live,0,2026-09-10T16:02:29.144309+00:00
4474afeecf4bf24a,scoringdance,round,scoringdance:140,https://scoring.dance/enUS/events/140/results/2179.html,b7b79473e1b1e6bc,live,0,2026-09-10T16:02:30.043496+00:00
f8a609d2b8566031,scoringdance,round,scoringdance:140,https://scoring.dance/enUS/events/140/results/2180.html,b7b79473e1b1e6bc,live,0,2026-09-10T16:02:30.043496+00:00
52683710b639dc9b,scoringdance,round,scoringdance:140,https://scoring.dance/enUS/events/140/results/2181.html,b7b79473e1b1e6bc,live,0,2026-09-10T16:02:30.043496+00:00
c3a5b9ddc58a61a3,scoringdance,round,scoringdance:140,https://scoring.dance/enUS/events/140/results/2182.html,b7b79473e1b1e6bc,live,0,2026-09-10T16:02:30.043496+00:00
66a57edf05d5a585,scoringdance,round,scoringdance:140,https://scoring.dance/enUS/events/140/results/2183.html,b7b79473e1b1e6bc,live,0,2026-09-10T16:02:30.043496+00:00
61a64aa04f47e37c,scoringdance,round,scoringdance:140,https://scoring.dance/enUS/events/140/results/2184.html,b7b79473e1b1e6bc,live,0,2026-09-10T16:02:30.043496+00:00
fa0b4c5adc640f0b,scoringdance,round,scoringdance:140,https://scoring.dance/enUS/events/140/results/2185.html,b7b79473e1b1e6bc,live,0,2026-09-10T16:02:30.043496+00:00
8dc45994f2e8d928,scoringdance,round,scoringdance:140,https://scoring.dance/enUS/events/140/results/2186.html,b7b79473e1b1e6bc,live,0,2026-09-10T16:02:30.043496+00:00
b084b421dce38e33,scoringdance,round,scoringdance:140,https://scoring.dance/enUS/events/140/results/2187.html,b7b79473e1b1e6bc,live,0,2026-09-10T16:02:30.043496+00:00
d7bac0cb31e9b95e,scoringdance,round,scoringdance:140,https://scoring.dance/enUS/events/140/results/2188.html,b7b79473e1b1e6bc,live,0,2026-09-10T16:02:30.043496+00:00
eaffaeef5e8cc444,scoringdance,round,scoringdance:140,https://scoring.dance/enUS/events/140/results/2189.html,b7b79473e1b1e6bc,live,0,2026-09-10T16:02:30.043496+00:00
da78211cc3f2e2e5,scoringdance,round,scoringdance:140,https://scoring.dance/enUS/events/140/results/2190.html,b7b79473e1b1e6bc,live,0,2026-09-10T16:02:30.043496+00:00
c71b2aa535961de7,scoringdance,round,scoringdance:140,https://scoring.dance/enUS/events/140/results/2191.html,b7b79473e1b1e6bc,live,0,2026-09-10T16:02:30.043496+00:00
7e88f79753634c05,scoringdance,round,scoringdance:140,https://scoring.dance/enUS/events/140/results/2192.html,b7b79473e1b1e6bc,live,0,2026-09-10T16:02:30.043496+00:00
ebefd3ee03a507a5,scoringdance,round,scoringdance:140,https://scoring.dance/enUS/events/140/results/2193.html,b7b79473e1b1e6bc,live,0,2026-09-10T16:02:30.043496+00:00
a635eb929c9d0797,scoringdance,round,scoringdance:142,https://scoring.dance/enUS/events/142/results/2040.html,55f0574295df8b7e,live,0,2026-09-10T16:02:29.216367+00:00
740bf6ad0a8653a2,scoringdance,round,scoringdance:142,https://scoring.dance/enUS/events/142/results/2041.html,55f0574295df8b7e,live,0,2026-09-10T16:02:29.216367+00:00
b3d1c34996b946ae,scoringdance,round,scoringdance:142,https://scoring.dance/enUS/events/142/results/2042.html,55f0574295df8b7e,live,0,2026-09-10T16:02:29.216367+00:00
f7d1c3516a49f230,scoringdance,round,scoringdance:142,https://scoring.dance/enUS/events/142/results/2043.html,55f0574295df8b7e,live,0,2026-09-10T16:02:29.216367+00:00
66cb784dbae35bc9,scoringdance,round,scoringdance:142,https://scoring.dance/enUS/events/142/results/2044.html,55f0574295df8b7e,live,0,2026-09-10T16:02:29.216367+00:00
e6e1ef08b01a1408,scoringdance,round,scoringdance:142,https://scoring.dance/enUS/events/142/results/2046.html,55f0574295df8b7e,live,0,2026-09-10T16:02:29.216367+00:00
7e4f875fa3e93b19,scoringdance,round,scoringdance:142,https://scoring.dance/enUS/events/142/results/2047.html,55f0574295df8b7e,live,0,2026-09-10T16:02:29.216367+00:00
2a77fb542ed67334,scoringdance,round,scoringdance:142,https://scoring.dance/enUS/events/142/results/2048.html,55f0574295df8b7e,live,0,2026-09-10T16:02:29.216367+00:00
f4d7022711826e11,scoringdance,round,scoringdance:142,https://scoring.dance/enUS/events/142/results/2049.html,55f0574295df8b7e,live,0,2026-09-10T16:02:29.216367+00:00
81f7897783cefd92,scoringdance,round,scoringdance:142,https://scoring.dance/enUS/events/142/results/2050.html,55f0574295df8b7e,live,0,2026-09-10T16:02:29.216367+00:00
fe50a1b8fdea6e1c,scoringdance,round,scoringdance:142,https://scoring.dance/enUS/events/142/results/2051.html,55f0574295df8b7e,live,0,2026-09-10T16:02:29.216367+00:00
26b6d2bd9f20e07b,scoringdance,round,scoringdance:142,https://scoring.dance/enUS/events/142/results/2052.html,55f0574295df8b7e,live,0,2026-09-10T16:02:29.216367+00:00
eacd617c7c699f78,scoringdance,round,scoringdance:142,https://scoring.dance/enUS/events/142/results/2054.html,55f0574295df8b7e,live,0,2026-09-10T16:02:29.216367+00:00
b0728dd1ce2d62c8,scoringdance,round,scoringdance:142,https://scoring.dance/enUS/events/142/results/2055.html,55f0574295df8b7e,live,0,2026-09-10T16:02:29.216367+00:00
d994b7a4ef17ea06,scoringdance,round,scoringdance:142,https://scoring.dance/enUS/events/142/results/2056.html,55f0574295df8b7e,live,0,2026-09-10T16:02:29.216367+00:00
b097d2a27558a5a3,scoringdance,round,scoringdance:142,https://scoring.dance/enUS/events/142/results/2057.html,55f0574295df8b7e,live,0,2026-09-10T16:02:29.216367+00:00
9e385120f4d8bfc7,scoringdance,round,scoringdance:142,https://scoring.dance/enUS/events/142/results/2058.html,55f0574295df8b7e,live,0,2026-09-10T16:02:29.216367+00:00
6fa078b7e85e179d,scoringdance,round,scoringdance:143,https://scoring.dance/enUS/events/143/results/2300.html,46c886e7a5248ad1,live,0,2026-09-10T16:02:29.055099+00:00
eba9660e01d72c4b,scoringdance,round,scoringdance:143,https://scoring.dance/enUS/events/143/results/2301.html,46c886e7a5248ad1,live,0,2026-09-10T16:02:29.055099+00:00
1e72867ecd0531a0,scoringdance,round,scoringdance:143,https://scoring.dance/enUS/events/143/results/2302.html,46c886e7a5248ad1,live,0,2026-09-10T16:02:29.055099+00:00
8ec171ee110ad0db,scoringdance,round,scoringdance:144,https://scoring.dance/enUS/events/144/results/2104.html,e1ae26d28ead9c89,live,0,2026-09-10T16:02:30.467445+00:00
ec6c46f1b7ea30c8,scoringdance,round,scoringdance:144,https://scoring.dance/enUS/events/144/results/2105.html,e1ae26d28ead9c89,live,0,2026-09-10T16:02:30.467445+00:00
a1b30218071b0d91,scoringdance,round,scoringdance:144,https://scoring.dance/enUS/events/144/results/2122.html,e1ae26d28ead9c89,live,0,2026-09-10T16:02:30.467445+00:00
4cd61bbc41a732d5,scoringdance,round,scoringdance:144,https://scoring.dance/enUS/events/144/results/2123.html,e1ae26d28ead9c89,live,0,2026-09-10T16:02:30.467445+00:00
c8d4600e638739aa,scoringdance,round,scoringdance:144,https://scoring.dance/enUS/events/144/results/2124.html,e1ae26d28ead9c89,live,0,2026-09-10T16:02:30.467445+00:00
873859425b6fd436,scoringdance,round,scoringdance:144,https://scoring.dance/enUS/events/144/results/2125.html,e1ae26d28ead9c89,live,0,2026-09-10T16:02:30.467445+00:00
bb4a643bcdc6c8c8,scoringdance,round,scoringdance:144,https://scoring.dance/enUS/events/144/results/2126.html,e1ae26d28ead9c89,live,0,2026-09-10T16:02:30.467445+00:00
b38d3b8ff094a886,scoringdance,round,scoringdance:144,https://scoring.dance/enUS/events/144/results/2127.html,e1ae26d28ead9c89,live,0,2026-09-10T16:02:30.467445+00:00
b1d569de1bdc21ac,scoringdance,round,scoringdance:144,https://scoring.dance/enUS/events/144/results/2128.html,e1ae26d28ead9c89,live,0,2026-09-10T16:02:30.467445+00:00
e2a9e91e18d68606,scoringdance,round,scoringdance:144,https://scoring.dance/enUS/events/144/results/2129.html,e1ae26d28ead9c89,live,0,2026-09-10T16:02:30.467445+00:00
c87a8a346cd02de5,scoringdance,round,scoringdance:144,https://scoring.dance/enUS/events/144/results/2130.html,e1ae26d28ead9c89,live,0,2026-09-10T16:02:30.467445+00:00
b758edf2c149d9e5,scoringdance,round,scoringdance:144,https://scoring.dance/enUS/events/144/results/2131.html,e1ae26d28ead9c89,live,0,2026-09-10T16:02:30.467445+00:00
367c546c88f3f56d,scoringdance,round,scoringdance:144,https://scoring.dance/enUS/events/144/results/2132.html,e1ae26d28ead9c89,live,0,2026-09-10T16:02:30.467445+00:00
c160b74a6c8a6a14,scoringdance,round,scoringdance:144,https://scoring.dance/enUS/events/144/results/2133.html,e1ae26d28ead9c89,live,0,2026-09-10T16:02:30.467445+00:00
2c4dd99c54e46cfa,scoringdance,round,scoringdance:144,https://scoring.dance/enUS/events/144/results/2134.html,e1ae26d28ead9c89,live,0,2026-09-10T16:02:30.467445+00:00
ac35f4fd9805604a,scoringdance,round,scoringdance:144,https://scoring.dance/enUS/events/144/results/2136.html,e1ae26d28ead9c89,live,0,2026-09-10T16:02:30.467445+00:00
955f1c2ae486ae1e,scoringdance,round,scoringdance:144,https://scoring.dance/enUS/events/144/results/2137.html,e1ae26d28ead9c89,live,0,2026-09-10T16:02:30.467445+00:00
ef0ed51e6da1b656,scoringdance,round,scoringdance:144,https://scoring.dance/enUS/events/144/results/2138.html,e1ae26d28ead9c89,live,0,2026-09-10T16:02:30.467445+00:00
36324feb4abbed1a,scoringdance,round,scoringdance:144,https://scoring.dance/enUS/events/144/results/2139.html,e1ae26d28ead9c89,live,0,2026-09-10T16:02:30.467445+00:00
9ece3e124a76849a,scoringdance,round,scoringdance:144,https://scoring.dance/enUS/events/144/results/2140.html,e1ae26d28ead9c89,live,0,2026-09-10T16:02:30.467445+00:00
f6174750fde0e488,scoringdance,round,scoringdance:144,https://scoring.dance/enUS/events/144/results/2141.html,e1ae26d28ead9c89,live,0,2026-09-10T16:02:30.467445+00:00
7aeec738e4a308e5,scoringdance,round,scoringdance:144,https://scoring.dance/enUS/events/144/results/2142.html,e1ae26d28ead9c89,live,0,2026-09-10T16:02:30.467445+00:00
3a02f17e8ad1324f,scoringdance,round,scoringdance:144,https://scoring.dance/enUS/events/144/results/2143.html,e1ae26d28ead9c89,live,0,2026-09-10T16:02:30.467445+00:00
e77f68e706e5d165,scoringdance,round,scoringdance:144,https://scoring.dance/enUS/events/144/results/2144.html,e1ae26d28ead9c89,live,0,2026-09-10T16:02:30.467445+00:00
af2160fa9ec1ccb3,scoringdance,round,scoringdance:144,https://scoring.dance/enUS/events/144/results/2145.html,e1ae26d28ead9c89,live,0,2026-09-10T16:02:30.467445+00:00
2f66b1b24216826c,scoringdance,round,scoringdance:145,https://scoring.dance/enUS/events/145/results/2107.html,7cd98de6a6f55aff,live,0,2026-09-10T16:02:29.532952+00:00
52cd13f83f0660aa,scoringdance,round,scoringdance:145,https://scoring.dance/enUS/events/145/results/2108.html,7cd98de6a6f55aff,live,0,2026-09-10T16:02:29.532952+00:00
15d6f14331c28f15,scoringdance,round,scoringdance:145,https://scoring.dance/enUS/events/145/results/2109.html,7cd98de6a6f55aff,live,0,2026-09-10T16:02:29.532952+00:00
b71250822a26285f,scoringdance,round,scoringdance:145,https://scoring.dance/enUS/events/145/results/2110.html,7cd98de6a6f55aff,live,0,2026-09-10T16:02:29.532952+00:00
82da203515be392c,scoringdance,round,scoringdance:145,https://scoring.dance/enUS/events/145/results/2111.html,7cd98de6a6f55aff,live,0,2026-09-10T16:02:29.532952+00:00
93fdea574b66d12e,scoringdance,round,scoringdance:145,https://scoring.dance/enUS/events/145/results/2112.html,7cd98de6a6f55aff,live,0,2026-09-10T16:02:29.532952+00:00
b6cd8a0cb84e139d,scoringdance,round,scoringdance:145,https://scoring.dance/enUS/events/145/results/2113.html,7cd98de6a6f55aff,live,0,2026-09-10T16:02:29.532952+00:00
8291d9696be2ae3b,scoringdance,round,scoringdance:145,https://scoring.dance/enUS/events/145/results/2115.html,7cd98de6a6f55aff,live,0,2026-09-10T16:02:29.532952+00:00
4e5c233f396ed4a2,scoringdance,round,scoringdance:145,https://scoring.dance/enUS/events/145/results/2117.html,7cd98de6a6f55aff,live,0,2026-09-10T16:02:29.532952+00:00
831adf6b84e598fd,scoringdance,round,scoringdance:145,https://scoring.dance/enUS/events/145/results/2119.html,7cd98de6a6f55aff,live,0,2026-09-10T16:02:29.532952+00:00
0a8fc33974d2462e,scoringdance,round,scoringdance:145,https://scoring.dance/enUS/events/145/results/2120.html,7cd98de6a6f55aff,live,0,2026-09-10T16:02:29.532952+00:00
989d063003967033,scoringdance,round,scoringdance:145,https://scoring.dance/enUS/events/145/results/2121.html,7cd98de6a6f55aff,live,0,2026-09-10T16:02:29.532952+00:00
f23ccdfcb9b7d6fb,scoringdance,round,scoringdance:145,https://scoring.dance/enUS/events/145/results/2135.html,7cd98de6a6f55aff,live,0,2026-09-10T16:02:29.532952+00:00
45c931f6507de0e5,scoringdance,round,scoringdance:146,https://scoring.dance/enUS/events/146/results/2276.html,c7df92ad780168dc,live,0,2026-09-10T16:02:30.229691+00:00
c0705e7ea8a04589,scoringdance,round,scoringdance:146,https://scoring.dance/enUS/events/146/results/2277.html,c7df92ad780168dc,live,0,2026-09-10T16:02:30.229691+00:00
d8005fc209ce26a0,scoringdance,round,scoringdance:146,https://scoring.dance/enUS/events/146/results/2278.html,c7df92ad780168dc,live,0,2026-09-10T16:02:30.229691+00:00
7c99052d2df6cff0,scoringdance,round,scoringdance:146,https://scoring.dance/enUS/events/146/results/2279.html,c7df92ad780168dc,live,0,2026-09-10T16:02:30.229691+00:00
9117b160143d91e7,scoringdance,round,scoringdance:146,https://scoring.dance/enUS/events/146/results/2280.html,c7df92ad780168dc,live,0,2026-09-10T16:02:30.229691+00:00
7ab3192c5edc6b96,scoringdance,round,scoringdance:146,https://scoring.dance/enUS/events/146/results/2281.html,c7df92ad780168dc,live,0,2026-09-10T16:02:30.229691+00:00
5ec4ce043e88d628,scoringdance,round,scoringdance:146,https://scoring.dance/enUS/events/146/results/2282.html,c7df92ad780168dc,live,0,2026-09-10T16:02:30.229691+00:00
7b89b895519bdcee,scoringdance,round,scoringdance:146,https://scoring.dance/enUS/events/146/results/2283.html,c7df92ad780168dc,live,0,2026-09-10T16:02:30.229691+00:00
2966b4214c1ca90b,scoringdance,round,scoringdance:146,https://scoring.dance/enUS/events/146/results/2284.html,c7df92ad780168dc,live,0,2026-09-10T16:02:30.229691+00:00
a5f38f660db95ab3,scoringdance,round,scoringdance:146,https://scoring.dance/enUS/events/146/results/2285.html,c7df92ad780168dc,live,0,2026-09-10T16:02:30.229691+00:00
6fa11b13901bf6ac,scoringdance,round,scoringdance:146,https://scoring.dance/enUS/events/146/results/2286.html,c7df92ad780168dc,live,0,2026-09-10T16:02:30.229691+00:00
9aea01f64be3291a,scoringdance,round,scoringdance:146,https://scoring.dance/enUS/events/146/results/2287.html,c7df92ad780168dc,live,0,2026-09-10T16:02:30.229691+00:00
c5a9ba42cefbec06,scoringdance,round,scoringdance:146,https://scoring.dance/enUS/events/146/results/2288.html,c7df92ad780168dc,live,0,2026-09-10T16:02:30.229691+00:00
0e299f3024f9cb97,scoringdance,round,scoringdance:146,https://scoring.dance/enUS/events/146/results/2289.html,c7df92ad780168dc,live,0,2026-09-10T16:02:30.229691+00:00
2f4bc4c97d4c0cca,scoringdance,round,scoringdance:146,https://scoring.dance/enUS/events/146/results/2290.html,c7df92ad780168dc,live,0,2026-09-10T16:02:30.229691+00:00
ebc0cfba29a03f14,scoringdance,round,scoringdance:146,https://scoring.dance/enUS/events/146/results/2291.html,c7df92ad780168dc,live,0,2026-09-10T16:02:30.229691+00:00
b1c0d42ab8ece33f,scoringdance,round,scoringdance:146,https://scoring.dance/enUS/events/146/results/2292.html,c7df92ad780168dc,live,0,2026-09-10T16:02:30.229691+00:00
be9517154ea149b1,scoringdance,round,scoringdance:146,https://scoring.dance/enUS/events/146/results/2294.html,c7df92ad780168dc,live,0,2026-09-10T16:02:30.229691+00:00
03d9192fdf77d80a,scoringdance,round,scoringdance:146,https://scoring.dance/enUS/events/146/results/2295.html,c7df92ad780168dc,live,0,2026-09-10T16:02:30.229691+00:00
08ed3f0365eb0231,scoringdance,round,scoringdance:146,https://scoring.dance/enUS/events/146/results/2296.html,c7df92ad780168dc,live,0,2026-09-10T16:02:30.229691+00:00
cf24e26fdd50b062,scoringdance,round,scoringdance:146,https://scoring.dance/enUS/events/146/results/2297.html,c7df92ad780168dc,live,0,2026-09-10T16:02:30.229691+00:00
dc0f805776432e13,scoringdance,round,scoringdance:146,https://scoring.dance/enUS/events/146/results/2298.html,c7df92ad780168dc,live,0,2026-09-10T16:02:30.229691+00:00
fa39da069f8b63e7,scoringdance,round,scoringdance:146,https://scoring.dance/enUS/events/146/results/2299.html,c7df92ad780168dc,live,0,2026-09-10T16:02:30.229691+00:00
8aeda2e09d828764,scoringdance,round,scoringdance:147,https://scoring.dance/enUS/events/147/results/2194.html,925c0a6bca36c921,live,0,2026-09-10T16:02:29.708199+00:00
eb45f32f9e642bc4,scoringdance,round,scoringdance:147,https://scoring.dance/enUS/events/147/results/2195.html,925c0a6bca36c921,live,0,2026-09-10T16:02:29.708199+00:00
3f3c453f28eed1a3,scoringdance,round,scoringdance:147,https://scoring.dance/enUS/events/147/results/2196.html,925c0a6bca36c921,live,0,2026-09-10T16:02:29.708199+00:00
9291f241a4bd77f3,scoringdance,round,scoringdance:147,https://scoring.dance/enUS/events/147/results/2197.html,925c0a6bca36c921,live,0,2026-09-10T16:02:29.708199+00:00
8717a404d1b516e2,scoringdance,round,scoringdance:147,https://scoring.dance/enUS/events/147/results/2198.html,925c0a6bca36c921,live,0,2026-09-10T16:02:29.708199+00:00
161d8dfcb25d8213,scoringdance,round,scoringdance:147,https://scoring.dance/enUS/events/147/results/2199.html,925c0a6bca36c921,live,0,2026-09-10T16:02:29.708199+00:00
da02d664a4dba61e,scoringdance,round,scoringdance:147,https://scoring.dance/enUS/events/147/results/2200.html,925c0a6bca36c921,live,0,2026-09-10T16:02:29.708199+00:00
660806e92a8f59cc,scoringdance,round,scoringdance:147,https://scoring.dance/enUS/events/147/results/2201.html,925c0a6bca36c921,live,0,2026-09-10T16:02:29.708199+00:00
3caae21d3c040660,scoringdance,round,scoringdance:147,https://scoring.dance/enUS/events/147/results/2202.html,925c0a6bca36c921,live,0,2026-09-10T16:02:29.708199+00:00
07cf9048128c08c8,scoringdance,round,scoringdance:147,https://scoring.dance/enUS/events/147/results/2203.html,925c0a6bca36c921,live,0,2026-09-10T16:02:29.708199+00:00
4e7a97e52030af49,scoringdance,round,scoringdance:147,https://scoring.dance/enUS/events/147/results/2204.html,925c0a6bca36c921,live,0,2026-09-10T16:02:29.708199+00:00
342fed913c911f96,scoringdance,round,scoringdance:148,https://scoring.dance/enUS/events/148/results/2207.html,d07f5b209cf5d9a9,live,0,2026-09-10T16:02:30.320486+00:00
8b805a35265e6590,scoringdance,round,scoringdance:148,https://scoring.dance/enUS/events/148/results/2208.html,d07f5b209cf5d9a9,live,0,2026-09-10T16:02:30.320486+00:00
12fc3706bc2480c7,scoringdance,round,scoringdance:148,https://scoring.dance/enUS/events/148/results/2209.html,d07f5b209cf5d9a9,live,0,2026-09-10T16:02:30.320486+00:00
0da345846ecd9b00,scoringdance,round,scoringdance:148,https://scoring.dance/enUS/events/148/results/2210.html,d07f5b209cf5d9a9,live,0,2026-09-10T16:02:30.320486+00:00
a454383f08c9b073,scoringdance,round,scoringdance:148,https://scoring.dance/enUS/events/148/results/2211.html,d07f5b209cf5d9a9,live,0,2026-09-10T16:02:30.320486+00:00
b8721d4a1e8dfa3c,scoringdance,round,scoringdance:148,https://scoring.dance/enUS/events/148/results/2272.html,d07f5b209cf5d9a9,live,0,2026-09-10T16:02:30.320486+00:00
f81a458bb0470b65,scoringdance,round,scoringdance:148,https://scoring.dance/enUS/events/148/results/2273.html,d07f5b209cf5d9a9,live,0,2026-09-10T16:02:30.320486+00:00
be9c880a27fddbfe,scoringdance,round,scoringdance:149,https://scoring.dance/enUS/events/149/results/2303.html,aee258a52ca8ff76,live,0,2026-09-10T16:02:29.965044+00:00
56e95318116ff64f,scoringdance,round,scoringdance:149,https://scoring.dance/enUS/events/149/results/2306.html,aee258a52ca8ff76,live,0,2026-09-10T16:02:29.965044+00:00
d6c5c4ecca76ef7f,scoringdance,round,scoringdance:149,https://scoring.dance/enUS/events/149/results/2308.html,aee258a52ca8ff76,live,0,2026-09-10T16:02:29.965044+00:00
bd9e27b2aa2af307,scoringdance,round,scoringdance:149,https://scoring.dance/enUS/events/149/results/2309.html,aee258a52ca8ff76,live,0,2026-09-10T16:02:29.965044+00:00
ae0d186eaa6545cc,scoringdance,round,scoringdance:149,https://scoring.dance/enUS/events/149/results/2310.html,aee258a52ca8ff76,live,0,2026-09-10T16:02:29.965044+00:00
60342ad0a6025983,scoringdance,round,scoringdance:149,https://scoring.dance/enUS/events/149/results/2311.html,aee258a52ca8ff76,live,0,2026-09-10T16:02:29.965044+00:00
6deff29f01bb3946,scoringdance,round,scoringdance:149,https://scoring.dance/enUS/events/149/results/2312.html,aee258a52ca8ff76,live,0,2026-09-10T16:02:29.965044+00:00
7e48bbf0b4b39386,scoringdance,round,scoringdance:149,https://scoring.dance/enUS/events/149/results/2313.html,aee258a52ca8ff76,live,0,2026-09-10T16:02:29.965044+00:00
8ac8622655058bf8,scoringdance,round,scoringdance:149,https://scoring.dance/enUS/events/149/results/2314.html,aee258a52ca8ff76,live,0,2026-09-10T16:02:29.965044+00:00
25d48eb1b4d86509,scoringdance,round,scoringdance:149,https://scoring.dance/enUS/events/149/results/2315.html,aee258a52ca8ff76,live,0,2026-09-10T16:02:29.965044+00:00
956180dc12fe91dd,scoringdance,round,scoringdance:149,https://scoring.dance/enUS/events/149/results/2316.html,aee258a52ca8ff76,live,0,2026-09-10T16:02:29.965044+00:00
beb13e2c962359e4,scoringdance,round,scoringdance:149,https://scoring.dance/enUS/events/149/results/2317.html,aee258a52ca8ff76,live,0,2026-09-10T16:02:29.965044+00:00
129b58842b2b4fd5,scoringdance,round,scoringdance:149,https://scoring.dance/enUS/events/149/results/2318.html,aee258a52ca8ff76,live,0,2026-09-10T16:02:29.965044+00:00
6eaac69e4ef52f7d,scoringdance,round,scoringdance:149,https://scoring.dance/enUS/events/149/results/2319.html,aee258a52ca8ff76,live,0,2026-09-10T16:02:29.965044+00:00
8bc30b8506c7b329,scoringdance,round,scoringdance:149,https://scoring.dance/enUS/events/149/results/2320.html,aee258a52ca8ff76,live,0,2026-09-10T16:02:29.965044+00:00
69e8edcec1c55dab,scoringdance,round,scoringdance:149,https://scoring.dance/enUS/events/149/results/2321.html,aee258a52ca8ff76,live,0,2026-09-10T16:02:29.965044+00:00
71ab8b730977ef76,scoringdance,round,scoringdance:149,https://scoring.dance/enUS/events/149/results/2322.html,aee258a52ca8ff76,live,0,2026-09-10T16:02:29.965044+00:00
a6b971c853b25b50,scoringdance,round,scoringdance:149,https://scoring.dance/enUS/events/149/results/2323.html,aee258a52ca8ff76,live,0,2026-09-10T16:02:29.965044+00:00
e3524db684544c35,scoringdance,round,scoringdance:149,https://scoring.dance/enUS/events/149/results/2324.html,aee258a52ca8ff76,live,0,2026-09-10T16:02:29.965044+00:00
5930a646b920c702,scoringdance,round,scoringdance:149,https://scoring.dance/enUS/events/149/results/2326.html,aee258a52ca8ff76,live,0,2026-09-10T16:02:29.965044+00:00
8e97b3e2728b4ce4,scoringdance,round,scoringdance:149,https://scoring.dance/enUS/events/149/results/2327.html,aee258a52ca8ff76,live,0,2026-09-10T16:02:29.965044+00:00
d3972e57eb85fe0c,scoringdance,round,scoringdance:149,https://scoring.dance/enUS/events/149/results/2328.html,aee258a52ca8ff76,live,0,2026-09-10T16:02:29.965044+00:00
fa274276576502f5,scoringdance,round,scoringdance:149,https://scoring.dance/enUS/events/149/results/2329.html,aee258a52ca8ff76,live,0,2026-09-10T16:02:29.965044+00:00
99575b31818daf4c,scoringdance,round,scoringdance:149,https://scoring.dance/enUS/events/149/results/2330.html,aee258a52ca8ff76,live,0,2026-09-10T16:02:29.965044+00:00
0d72448e7c286609,scoringdance,round,scoringdance:149,https://scoring.dance/enUS/events/149/results/2331.html,aee258a52ca8ff76,live,0,2026-09-10T16:02:29.965044+00:00
349072d9208f3e71,scoringdance,round,scoringdance:149,https://scoring.dance/enUS/events/149/results/2332.html,aee258a52ca8ff76,live,0,2026-09-10T16:02:29.965044+00:00
0d316bf307fe71d4,scoringdance,round,scoringdance:149,https://scoring.dance/enUS/events/149/results/2333.html,aee258a52ca8ff76,live,0,2026-09-10T16:02:29.965044+00:00
5d10ceeb65e124aa,scoringdance,round,scoringdance:151,https://scoring.dance/enUS/events/151/results/2433.html,de75af56c3c09f06,live,0,2026-09-10T16:02:30.410665+00:00
5b14f755960025d3,scoringdance,round,scoringdance:151,https://scoring.dance/enUS/events/151/results/2434.html,de75af56c3c09f06,live,0,2026-09-10T16:02:30.410665+00:00
341cc56dbd5a2272,scoringdance,round,scoringdance:151,https://scoring.dance/enUS/events/151/results/2435.html,de75af56c3c09f06,live,0,2026-09-10T16:02:30.410665+00:00
045cbab3fd2f9868,scoringdance,round,scoringdance:151,https://scoring.dance/enUS/events/151/results/2436.html,de75af56c3c09f06,live,0,2026-09-10T16:02:30.410665+00:00
825262688d738503,scoringdance,round,scoringdance:151,https://scoring.dance/enUS/events/151/results/2437.html,de75af56c3c09f06,live,0,2026-09-10T16:02:30.410665+00:00
a4d7d9433792ce0b,scoringdance,round,scoringdance:151,https://scoring.dance/enUS/events/151/results/2438.html,de75af56c3c09f06,live,0,2026-09-10T16:02:30.410665+00:00
cfb004e944446df5,scoringdance,round,scoringdance:153,https://scoring.dance/enUS/events/153/results/3137.html,ebbe1f2704ea8d6d,live,0,2026-09-10T16:02:30.559433+00:00
9cf3a80d040b0a40,scoringdance,round,scoringdance:153,https://scoring.dance/enUS/events/153/results/3138.html,ebbe1f2704ea8d6d,live,0,2026-09-10T16:02:30.559433+00:00
5a98382af220935d,scoringdance,round,scoringdance:153,https://scoring.dance/enUS/events/153/results/3139.html,ebbe1f2704ea8d6d,live,0,2026-09-10T16:02:30.559433+00:00
14b0a2083ce65055,scoringdance,round,scoringdance:155,https://scoring.dance/enUS/events/155/results/2396.html,c8e3bd50cf744de0,live,0,2026-09-10T16:02:30.250296+00:00
4488861ce01d13c5,scoringdance,round,scoringdance:155,https://scoring.dance/enUS/events/155/results/2397.html,c8e3bd50cf744de0,live,0,2026-09-10T16:02:30.250296+00:00
0369a1bc85ffb13c,scoringdance,round,scoringdance:155,https://scoring.dance/enUS/events/155/results/2398.html,c8e3bd50cf744de0,live,0,2026-09-10T16:02:30.250296+00:00
fd0b9466c81d5fd2,scoringdance,round,scoringdance:155,https://scoring.dance/enUS/events/155/results/2400.html,c8e3bd50cf744de0,live,0,2026-09-10T16:02:30.250296+00:00
be78704ea28ca86f,scoringdance,round,scoringdance:155,https://scoring.dance/enUS/events/155/results/2402.html,c8e3bd50cf744de0,live,0,2026-09-10T16:02:30.250296+00:00
d2cf1e3fd1fe2971,scoringdance,round,scoringdance:155,https://scoring.dance/enUS/events/155/results/2404.html,c8e3bd50cf744de0,live,0,2026-09-10T16:02:30.250296+00:00
1a430826eb45ce56,scoringdance,round,scoringdance:155,https://scoring.dance/enUS/events/155/results/2406.html,c8e3bd50cf744de0,live,0,2026-09-10T16:02:30.250296+00:00
be4af797d160d3c7,scoringdance,round,scoringdance:155,https://scoring.dance/enUS/events/155/results/2440.html,c8e3bd50cf744de0,live,0,2026-09-10T16:02:30.250296+00:00
86c2905b7ea3d684,scoringdance,round,scoringdance:156,https://scoring.dance/enUS/events/156/results/2474.html,f92097e75eff9726,live,0,2026-09-10T16:02:30.637240+00:00
3e246d9c59ad5710,scoringdance,round,scoringdance:156,https://scoring.dance/enUS/events/156/results/2475.html,f92097e75eff9726,live,0,2026-09-10T16:02:30.637240+00:00
5176b8691cb16a76,scoringdance,round,scoringdance:156,https://scoring.dance/enUS/events/156/results/2476.html,f92097e75eff9726,live,0,2026-09-10T16:02:30.637240+00:00
e95c6e3e4b04c1ff,scoringdance,round,scoringdance:156,https://scoring.dance/enUS/events/156/results/2477.html,f92097e75eff9726,live,0,2026-09-10T16:02:30.637240+00:00
23d652bc21fc75af,scoringdance,round,scoringdance:156,https://scoring.dance/enUS/events/156/results/2478.html,f92097e75eff9726,live,0,2026-09-10T16:02:30.637240+00:00
bb723474c3b5de1a,scoringdance,round,scoringdance:156,https://scoring.dance/enUS/events/156/results/2479.html,f92097e75eff9726,live,0,2026-09-10T16:02:30.637240+00:00
81ae4cf64c956c9e,scoringdance,round,scoringdance:156,https://scoring.dance/enUS/events/156/results/2480.html,f92097e75eff9726,live,0,2026-09-10T16:02:30.637240+00:00
66f82309e64e7544,scoringdance,round,scoringdance:156,https://scoring.dance/enUS/events/156/results/2481.html,f92097e75eff9726,live,0,2026-09-10T16:02:30.637240+00:00
c4b9328f9b1e8893,scoringdance,round,scoringdance:156,https://scoring.dance/enUS/events/156/results/2482.html,f92097e75eff9726,live,0,2026-09-10T16:02:30.637240+00:00
8a45691c1799f5b2,scoringdance,round,scoringdance:156,https://scoring.dance/enUS/events/156/results/2483.html,f92097e75eff9726,live,0,2026-09-10T16:02:30.637240+00:00
30858df6d89f858c,scoringdance,round,scoringdance:156,https://scoring.dance/enUS/events/156/results/2484.html,f92097e75eff9726,live,0,2026-09-10T16:02:30.637240+00:00
4bd729aaf1f2c432,scoringdance,round,scoringdance:156,https://scoring.dance/enUS/events/156/results/2485.html,f92097e75eff9726,live,0,2026-09-10T16:02:30.637240+00:00
0c7a1d571a2e61dd,scoringdance,round,scoringdance:156,https://scoring.dance/enUS/events/156/results/2486.html,f92097e75eff9726,live,0,2026-09-10T16:02:30.637240+00:00
6881e08438c731a2,scoringdance,round,scoringdance:156,https://scoring.dance/enUS/events/156/results/2487.html,f92097e75eff9726,live,0,2026-09-10T16:02:30.637240+00:00
95419d41f61e16d7,scoringdance,round,scoringdance:156,https://scoring.dance/enUS/events/156/results/2488.html,f92097e75eff9726,live,0,2026-09-10T16:02:30.637240+00:00
c24156043802fa43,scoringdance,round,scoringdance:156,https://scoring.dance/enUS/events/156/results/2489.html,f92097e75eff9726,live,0,2026-09-10T16:02:30.637240+00:00
83eb37150ea77aa7,scoringdance,round,scoringdance:156,https://scoring.dance/enUS/events/156/results/2490.html,f92097e75eff9726,live,0,2026-09-10T16:02:30.637240+00:00
a638405dd867b2a1,scoringdance,round,scoringdance:156,https://scoring.dance/enUS/events/156/results/2492.html,f92097e75eff9726,live,0,2026-09-10T16:02:30.637240+00:00
2cf7503eb1c46523,scoringdance,round,scoringdance:156,https://scoring.dance/enUS/events/156/results/2493.html,f92097e75eff9726,live,0,2026-09-10T16:02:30.637240+00:00
47a05a92be8bf8bd,scoringdance,round,scoringdance:156,https://scoring.dance/enUS/events/156/results/2494.html,f92097e75eff9726,live,0,2026-09-10T16:02:30.637240+00:00
da48437f66f251ad,scoringdance,round,scoringdance:156,https://scoring.dance/enUS/events/156/results/2495.html,f92097e75eff9726,live,0,2026-09-10T16:02:30.637240+00:00
ecbe06a3548b5094,scoringdance,round,scoringdance:156,https://scoring.dance/enUS/events/156/results/2496.html,f92097e75eff9726,live,0,2026-09-10T16:02:30.637240+00:00
fcab0e5693d4dd09,scoringdance,round,scoringdance:156,https://scoring.dance/enUS/events/156/results/2497.html,f92097e75eff9726,live,0,2026-09-10T16:02:30.637240+00:00
83d1e76411497704,scoringdance,round,scoringdance:156,https://scoring.dance/enUS/events/156/results/2498.html,f92097e75eff9726,live,0,2026-09-10T16:02:30.637240+00:00
bbc3751bfbef082b,scoringdance,round,scoringdance:156,https://scoring.dance/enUS/events/156/results/2499.html,f92097e75eff9726,live,0,2026-09-10T16:02:30.637240+00:00
690ee31692ce54cb,scoringdance,round,scoringdance:156,https://scoring.dance/enUS/events/156/results/2500.html,f92097e75eff9726,live,0,2026-09-10T16:02:30.637240+00:00
1e199b963df3e021,scoringdance,round,scoringdance:156,https://scoring.dance/enUS/events/156/results/2501.html,f92097e75eff9726,live,0,2026-09-10T16:02:30.637240+00:00
0af5d0f44f17b6c1,scoringdance,round,scoringdance:156,https://scoring.dance/enUS/events/156/results/2502.html,f92097e75eff9726,live,0,2026-09-10T16:02:30.637240+00:00
ea1a238f04db0ebb,scoringdance,round,scoringdance:156,https://scoring.dance/enUS/events/156/results/2504.html,f92097e75eff9726,live,0,2026-09-10T16:02:30.637240+00:00
866a37cf12ac7cd8,scoringdance,round,scoringdance:156,https://scoring.dance/enUS/events/156/results/2505.html,f92097e75eff9726,live,0,2026-09-10T16:02:30.637240+00:00
722fd88a12759a76,scoringdance,round,scoringdance:156,https://scoring.dance/enUS/events/156/results/2506.html,f92097e75eff9726,live,0,2026-09-10T16:02:30.637240+00:00
d790058d6d4376d0,scoringdance,round,scoringdance:156,https://scoring.dance/enUS/events/156/results/2507.html,f92097e75eff9726,live,0,2026-09-10T16:02:30.637240+00:00
9e3c93e0191dc143,scoringdance,round,scoringdance:156,https://scoring.dance/enUS/events/156/results/2508.html,f92097e75eff9726,live,0,2026-09-10T16:02:30.637240+00:00
45bc3c29aed5e307,scoringdance,round,scoringdance:156,https://scoring.dance/enUS/events/156/results/2509.html,f92097e75eff9726,live,0,2026-09-10T16:02:30.637240+00:00
bc9f714d425dea63,scoringdance,round,scoringdance:156,https://scoring.dance/enUS/events/156/results/2510.html,f92097e75eff9726,live,0,2026-09-10T16:02:30.637240+00:00
62b9b74f0d06b2d1,scoringdance,round,scoringdance:158,https://scoring.dance/enUS/events/158/results/3205.html,e604a78efabb1352,live,0,2026-09-10T16:02:30.517621+00:00
f6314371461a275e,scoringdance,round,scoringdance:158,https://scoring.dance/enUS/events/158/results/3207.html,e604a78efabb1352,live,0,2026-09-10T16:02:30.517621+00:00
19800a2688dcf512,scoringdance,round,scoringdance:158,https://scoring.dance/enUS/events/158/results/3208.html,e604a78efabb1352,live,0,2026-09-10T16:02:30.517621+00:00
e5d96928ae920187,scoringdance,round,scoringdance:158,https://scoring.dance/enUS/events/158/results/3210.html,e604a78efabb1352,live,0,2026-09-10T16:02:30.517621+00:00
bcb6a530f874ad7c,scoringdance,round,scoringdance:158,https://scoring.dance/enUS/events/158/results/3211.html,e604a78efabb1352,live,0,2026-09-10T16:02:30.517621+00:00
d9fe79ea88d6bdaf,scoringdance,round,scoringdance:158,https://scoring.dance/enUS/events/158/results/3213.html,e604a78efabb1352,live,0,2026-09-10T16:02:30.517621+00:00
c0744d77baebcf93,scoringdance,round,scoringdance:158,https://scoring.dance/enUS/events/158/results/3214.html,e604a78efabb1352,live,0,2026-09-10T16:02:30.517621+00:00
2270e1c74cfa3bae,scoringdance,round,scoringdance:158,https://scoring.dance/enUS/events/158/results/3215.html,e604a78efabb1352,live,0,2026-09-10T16:02:30.517621+00:00
89de14c09f547d8b,scoringdance,round,scoringdance:158,https://scoring.dance/enUS/events/158/results/3216.html,e604a78efabb1352,live,0,2026-09-10T16:02:30.517621+00:00
3c3a97b9dc4d8c3a,scoringdance,round,scoringdance:158,https://scoring.dance/enUS/events/158/results/3217.html,e604a78efabb1352,live,0,2026-09-10T16:02:30.517621+00:00
0ac529403a9a6616,scoringdance,round,scoringdance:158,https://scoring.dance/enUS/events/158/results/3218.html,e604a78efabb1352,live,0,2026-09-10T16:02:30.517621+00:00
de47a84032aabf6f,scoringdance,round,scoringdance:158,https://scoring.dance/enUS/events/158/results/3219.html,e604a78efabb1352,live,0,2026-09-10T16:02:30.517621+00:00
9e746233211a2a58,scoringdance,round,scoringdance:158,https://scoring.dance/enUS/events/158/results/3220.html,e604a78efabb1352,live,0,2026-09-10T16:02:30.517621+00:00
f4ffab45e643affe,scoringdance,round,scoringdance:158,https://scoring.dance/enUS/events/158/results/3221.html,e604a78efabb1352,live,0,2026-09-10T16:02:30.517621+00:00
24285a947cc2959f,scoringdance,round,scoringdance:158,https://scoring.dance/enUS/events/158/results/3222.html,e604a78efabb1352,live,0,2026-09-10T16:02:30.517621+00:00
59c560a19b1e4b91,scoringdance,round,scoringdance:159,https://scoring.dance/enUS/events/159/results/2335.html,e1ecb2807bae00ec,live,0,2026-09-10T16:02:30.473752+00:00
de09d5a7b725d9cc,scoringdance,round,scoringdance:159,https://scoring.dance/enUS/events/159/results/2337.html,e1ecb2807bae00ec,live,0,2026-09-10T16:02:30.473752+00:00
1c48e6c643736a93,scoringdance,round,scoringdance:159,https://scoring.dance/enUS/events/159/results/2338.html,e1ecb2807bae00ec,live,0,2026-09-10T16:02:30.473752+00:00
0a2aa255cc1b7dcb,scoringdance,round,scoringdance:159,https://scoring.dance/enUS/events/159/results/2339.html,e1ecb2807bae00ec,live,0,2026-09-10T16:02:30.473752+00:00
bcd2865da51e7992,scoringdance,round,scoringdance:159,https://scoring.dance/enUS/events/159/results/2340.html,e1ecb2807bae00ec,live,0,2026-09-10T16:02:30.473752+00:00
51684636344d6ab9,scoringdance,round,scoringdance:159,https://scoring.dance/enUS/events/159/results/2341.html,e1ecb2807bae00ec,live,0,2026-09-10T16:02:30.473752+00:00
9140ac3bb97e3f04,scoringdance,round,scoringdance:159,https://scoring.dance/enUS/events/159/results/2342.html,e1ecb2807bae00ec,live,0,2026-09-10T16:02:30.473752+00:00
ee319bfb42bcd546,scoringdance,round,scoringdance:159,https://scoring.dance/enUS/events/159/results/2343.html,e1ecb2807bae00ec,live,0,2026-09-10T16:02:30.473752+00:00
e0f11c57fa239805,scoringdance,round,scoringdance:159,https://scoring.dance/enUS/events/159/results/2344.html,e1ecb2807bae00ec,live,0,2026-09-10T16:02:30.473752+00:00
8f7d93046cc6d494,scoringdance,round,scoringdance:159,https://scoring.dance/enUS/events/159/results/2345.html,e1ecb2807bae00ec,live,0,2026-09-10T16:02:30.473752+00:00
6887fa750e0e9260,scoringdance,round,scoringdance:159,https://scoring.dance/enUS/events/159/results/2346.html,e1ecb2807bae00ec,live,0,2026-09-10T16:02:30.473752+00:00
550d8524cf3bb39a,scoringdance,round,scoringdance:159,https://scoring.dance/enUS/events/159/results/2347.html,e1ecb2807bae00ec,live,0,2026-09-10T16:02:30.473752+00:00
792a685554b7a11f,scoringdance,round,scoringdance:159,https://scoring.dance/enUS/events/159/results/2348.html,e1ecb2807bae00ec,live,0,2026-09-10T16:02:30.473752+00:00
ba6ed57e8befebaa,scoringdance,round,scoringdance:159,https://scoring.dance/enUS/events/159/results/2349.html,e1ecb2807bae00ec,live,0,2026-09-10T16:02:30.473752+00:00
8e9db4cb6f00162f,scoringdance,round,scoringdance:159,https://scoring.dance/enUS/events/159/results/2350.html,e1ecb2807bae00ec,live,0,2026-09-10T16:02:30.473752+00:00
d8cfa0b9522c0b7a,scoringdance,round,scoringdance:159,https://scoring.dance/enUS/events/159/results/2351.html,e1ecb2807bae00ec,live,0,2026-09-10T16:02:30.473752+00:00
5509c8f298709fe2,scoringdance,round,scoringdance:159,https://scoring.dance/enUS/events/159/results/2352.html,e1ecb2807bae00ec,live,0,2026-09-10T16:02:30.473752+00:00
5d700f7cb123836a,scoringdance,round,scoringdance:159,https://scoring.dance/enUS/events/159/results/2353.html,e1ecb2807bae00ec,live,0,2026-09-10T16:02:30.473752+00:00
199ea91faaa3b0c9,scoringdance,round,scoringdance:159,https://scoring.dance/enUS/events/159/results/2354.html,e1ecb2807bae00ec,live,0,2026-09-10T16:02:30.473752+00:00
bf5a64826f95ab3f,scoringdance,round,scoringdance:159,https://scoring.dance/enUS/events/159/results/2355.html,e1ecb2807bae00ec,live,0,2026-09-10T16:02:30.473752+00:00
409e9c0551c372cd,scoringdance,round,scoringdance:159,https://scoring.dance/enUS/events/159/results/2373.html,e1ecb2807bae00ec,live,0,2026-09-10T16:02:30.473752+00:00
b2ac12e49dbc896f,scoringdance,round,scoringdance:16,https://scoring.dance/enUS/events/16/results/116.html,7331775345f67b65,live,0,2026-09-10T16:02:29.444622+00:00
6bfae226288994cb,scoringdance,round,scoringdance:16,https://scoring.dance/enUS/events/16/results/117.html,7331775345f67b65,live,0,2026-09-10T16:02:29.444622+00:00
a7e3f7a8e0f627c6,scoringdance,round,scoringdance:16,https://scoring.dance/enUS/events/16/results/118.html,7331775345f67b65,live,0,2026-09-10T16:02:29.444622+00:00
0134439a530cbe81,scoringdance,round,scoringdance:16,https://scoring.dance/enUS/events/16/results/119.html,7331775345f67b65,live,0,2026-09-10T16:02:29.444622+00:00
8d73dc153b64385a,scoringdance,round,scoringdance:16,https://scoring.dance/enUS/events/16/results/121.html,7331775345f67b65,live,0,2026-09-10T16:02:29.444622+00:00
a6f4a71fcae21510,scoringdance,round,scoringdance:16,https://scoring.dance/enUS/events/16/results/122.html,7331775345f67b65,live,0,2026-09-10T16:02:29.444622+00:00
40b85db0f488cb83,scoringdance,round,scoringdance:161,https://scoring.dance/enUS/events/161/results/2677.html,da9ed9cf500470d2,live,0,2026-09-10T16:02:30.389475+00:00
0275920ff72d6b45,scoringdance,round,scoringdance:161,https://scoring.dance/enUS/events/161/results/2678.html,da9ed9cf500470d2,live,0,2026-09-10T16:02:30.389475+00:00
e94f774a8cca6489,scoringdance,round,scoringdance:163,https://scoring.dance/enUS/events/163/results/2374.html,7d8889c1339616cf,live,0,2026-09-10T16:02:29.544552+00:00
b1573c07c7af622c,scoringdance,round,scoringdance:163,https://scoring.dance/enUS/events/163/results/2375.html,7d8889c1339616cf,live,0,2026-09-10T16:02:29.544552+00:00
375067a99635e33a,scoringdance,round,scoringdance:163,https://scoring.dance/enUS/events/163/results/2376.html,7d8889c1339616cf,live,0,2026-09-10T16:02:29.544552+00:00
9e2f72c472e93471,scoringdance,round,scoringdance:163,https://scoring.dance/enUS/events/163/results/2377.html,7d8889c1339616cf,live,0,2026-09-10T16:02:29.544552+00:00
64c9ba020c734a55,scoringdance,round,scoringdance:163,https://scoring.dance/enUS/events/163/results/2378.html,7d8889c1339616cf,live,0,2026-09-10T16:02:29.544552+00:00
ceb797dbd6fbaa1c,scoringdance,round,scoringdance:163,https://scoring.dance/enUS/events/163/results/2380.html,7d8889c1339616cf,live,0,2026-09-10T16:02:29.544552+00:00
42c37e58ec5fd737,scoringdance,round,scoringdance:163,https://scoring.dance/enUS/events/163/results/2381.html,7d8889c1339616cf,live,0,2026-09-10T16:02:29.544552+00:00
c1340415476c60a7,scoringdance,round,scoringdance:163,https://scoring.dance/enUS/events/163/results/2382.html,7d8889c1339616cf,live,0,2026-09-10T16:02:29.544552+00:00
a41d6c822697c450,scoringdance,round,scoringdance:163,https://scoring.dance/enUS/events/163/results/2383.html,7d8889c1339616cf,live,0,2026-09-10T16:02:29.544552+00:00
f196bb6006d45e91,scoringdance,round,scoringdance:163,https://scoring.dance/enUS/events/163/results/2384.html,7d8889c1339616cf,live,0,2026-09-10T16:02:29.544552+00:00
7f88813b2b55406c,scoringdance,round,scoringdance:163,https://scoring.dance/enUS/events/163/results/2385.html,7d8889c1339616cf,live,0,2026-09-10T16:02:29.544552+00:00
600cb8ef0d0ae3d3,scoringdance,round,scoringdance:164,https://scoring.dance/enUS/events/164/results/2714.html,fd7389d170bd5e76,live,0,2026-09-10T16:02:30.681701+00:00
d4ec2ddd08329745,scoringdance,round,scoringdance:164,https://scoring.dance/enUS/events/164/results/2715.html,fd7389d170bd5e76,live,0,2026-09-10T16:02:30.681701+00:00
717e21c174ca99a2,scoringdance,round,scoringdance:164,https://scoring.dance/enUS/events/164/results/2716.html,fd7389d170bd5e76,live,0,2026-09-10T16:02:30.681701+00:00
148387b7c00b7dd0,scoringdance,round,scoringdance:164,https://scoring.dance/enUS/events/164/results/2717.html,fd7389d170bd5e76,live,0,2026-09-10T16:02:30.681701+00:00
30385792ef9f57a5,scoringdance,round,scoringdance:164,https://scoring.dance/enUS/events/164/results/2718.html,fd7389d170bd5e76,live,0,2026-09-10T16:02:30.681701+00:00
c9e5232d8a49ee8f,scoringdance,round,scoringdance:164,https://scoring.dance/enUS/events/164/results/2719.html,fd7389d170bd5e76,live,0,2026-09-10T16:02:30.681701+00:00
74d7f7980a851757,scoringdance,round,scoringdance:164,https://scoring.dance/enUS/events/164/results/2721.html,fd7389d170bd5e76,live,0,2026-09-10T16:02:30.681701+00:00
6b3b3a292c1568e3,scoringdance,round,scoringdance:164,https://scoring.dance/enUS/events/164/results/2722.html,fd7389d170bd5e76,live,0,2026-09-10T16:02:30.681701+00:00
b8e8cbad5a720e00,scoringdance,round,scoringdance:164,https://scoring.dance/enUS/events/164/results/2723.html,fd7389d170bd5e76,live,0,2026-09-10T16:02:30.681701+00:00
5e683d97a9c331bb,scoringdance,round,scoringdance:164,https://scoring.dance/enUS/events/164/results/2724.html,fd7389d170bd5e76,live,0,2026-09-10T16:02:30.681701+00:00
135d31ae05bd4d3b,scoringdance,round,scoringdance:164,https://scoring.dance/enUS/events/164/results/2725.html,fd7389d170bd5e76,live,0,2026-09-10T16:02:30.681701+00:00
e19725a00b6cbb62,scoringdance,round,scoringdance:164,https://scoring.dance/enUS/events/164/results/2726.html,fd7389d170bd5e76,live,0,2026-09-10T16:02:30.681701+00:00
f629bae401b00db0,scoringdance,round,scoringdance:164,https://scoring.dance/enUS/events/164/results/2727.html,fd7389d170bd5e76,live,0,2026-09-10T16:02:30.681701+00:00
935eb425f2ee027e,scoringdance,round,scoringdance:164,https://scoring.dance/enUS/events/164/results/2728.html,fd7389d170bd5e76,live,0,2026-09-10T16:02:30.681701+00:00
e08d896f17eb45ff,scoringdance,round,scoringdance:164,https://scoring.dance/enUS/events/164/results/2729.html,fd7389d170bd5e76,live,0,2026-09-10T16:02:30.681701+00:00
2bf0ba99c0c70a02,scoringdance,round,scoringdance:164,https://scoring.dance/enUS/events/164/results/2730.html,fd7389d170bd5e76,live,0,2026-09-10T16:02:30.681701+00:00
47800bc4c66a5aec,scoringdance,round,scoringdance:164,https://scoring.dance/enUS/events/164/results/2731.html,fd7389d170bd5e76,live,0,2026-09-10T16:02:30.681701+00:00
b7ec0c58fa0a297b,scoringdance,round,scoringdance:164,https://scoring.dance/enUS/events/164/results/2732.html,fd7389d170bd5e76,live,0,2026-09-10T16:02:30.681701+00:00
7fddc33e72ab7fcb,scoringdance,round,scoringdance:164,https://scoring.dance/enUS/events/164/results/2733.html,fd7389d170bd5e76,live,0,2026-09-10T16:02:30.681701+00:00
025bd8369954b049,scoringdance,round,scoringdance:164,https://scoring.dance/enUS/events/164/results/2734.html,fd7389d170bd5e76,live,0,2026-09-10T16:02:30.681701+00:00
01d60ca2703f07cc,scoringdance,round,scoringdance:164,https://scoring.dance/enUS/events/164/results/2735.html,fd7389d170bd5e76,live,0,2026-09-10T16:02:30.681701+00:00
2446c44d6dd28421,scoringdance,round,scoringdance:165,https://scoring.dance/enUS/events/165/results/2595.html,76d9ac5919a003dd,live,0,2026-09-10T16:02:29.474820+00:00
b5c55e4834c32ba1,scoringdance,round,scoringdance:165,https://scoring.dance/enUS/events/165/results/2596.html,76d9ac5919a003dd,live,0,2026-09-10T16:02:29.474820+00:00
15531197cbcacfb1,scoringdance,round,scoringdance:165,https://scoring.dance/enUS/events/165/results/2597.html,76d9ac5919a003dd,live,0,2026-09-10T16:02:29.474820+00:00
b06bd59c21cd8e5d,scoringdance,round,scoringdance:165,https://scoring.dance/enUS/events/165/results/2598.html,76d9ac5919a003dd,live,0,2026-09-10T16:02:29.474820+00:00
d66d07f3b8024e1d,scoringdance,round,scoringdance:165,https://scoring.dance/enUS/events/165/results/2599.html,76d9ac5919a003dd,live,0,2026-09-10T16:02:29.474820+00:00
f61cf0449c9d4586,scoringdance,round,scoringdance:165,https://scoring.dance/enUS/events/165/results/2600.html,76d9ac5919a003dd,live,0,2026-09-10T16:02:29.474820+00:00
0b37ea4789fc9924,scoringdance,round,scoringdance:165,https://scoring.dance/enUS/events/165/results/2601.html,76d9ac5919a003dd,live,0,2026-09-10T16:02:29.474820+00:00
afe8f2b9fcbe6076,scoringdance,round,scoringdance:165,https://scoring.dance/enUS/events/165/results/2602.html,76d9ac5919a003dd,live,0,2026-09-10T16:02:29.474820+00:00
b4d9c3fb5e76fd77,scoringdance,round,scoringdance:165,https://scoring.dance/enUS/events/165/results/2603.html,76d9ac5919a003dd,live,0,2026-09-10T16:02:29.474820+00:00
620d6bf8b79a628e,scoringdance,round,scoringdance:165,https://scoring.dance/enUS/events/165/results/2606.html,76d9ac5919a003dd,live,0,2026-09-10T16:02:29.474820+00:00
10eafa5eedb54667,scoringdance,round,scoringdance:165,https://scoring.dance/enUS/events/165/results/2607.html,76d9ac5919a003dd,live,0,2026-09-10T16:02:29.474820+00:00
c3416e3b2986ea3e,scoringdance,round,scoringdance:165,https://scoring.dance/enUS/events/165/results/2608.html,76d9ac5919a003dd,live,0,2026-09-10T16:02:29.474820+00:00
f7f29611e2cecb69,scoringdance,round,scoringdance:165,https://scoring.dance/enUS/events/165/results/2609.html,76d9ac5919a003dd,live,0,2026-09-10T16:02:29.474820+00:00
6d9dba28e146aa4a,scoringdance,round,scoringdance:165,https://scoring.dance/enUS/events/165/results/2610.html,76d9ac5919a003dd,live,0,2026-09-10T16:02:29.474820+00:00
c463b5e74fa6e92b,scoringdance,round,scoringdance:165,https://scoring.dance/enUS/events/165/results/2613.html,76d9ac5919a003dd,live,0,2026-09-10T16:02:29.474820+00:00
6554443c3f58b90b,scoringdance,round,scoringdance:165,https://scoring.dance/enUS/events/165/results/2623.html,76d9ac5919a003dd,live,0,2026-09-10T16:02:29.474820+00:00
88ca6cd1adb56af8,scoringdance,round,scoringdance:167,https://scoring.dance/enUS/events/167/results/2987.html,42918d32f8d70a63,live,0,2026-09-10T16:02:29.008056+00:00
eec2ff40c8dba034,scoringdance,round,scoringdance:167,https://scoring.dance/enUS/events/167/results/2988.html,42918d32f8d70a63,live,0,2026-09-10T16:02:29.008056+00:00
136d839dc8e1cb0f,scoringdance,round,scoringdance:167,https://scoring.dance/enUS/events/167/results/2989.html,42918d32f8d70a63,live,0,2026-09-10T16:02:29.008056+00:00
10e04c1831e4c807,scoringdance,round,scoringdance:167,https://scoring.dance/enUS/events/167/results/3013.html,42918d32f8d70a63,live,0,2026-09-10T16:02:29.008056+00:00
a5e08a1db8bbd0b3,scoringdance,round,scoringdance:169,https://scoring.dance/enUS/events/169/results/3691.html,53d7c9610acd8d2d,live,0,2026-09-10T16:02:29.193925+00:00
a56b7ded87936239,scoringdance,round,scoringdance:169,https://scoring.dance/enUS/events/169/results/3692.html,53d7c9610acd8d2d,live,0,2026-09-10T16:02:29.193925+00:00
bbac6f23e6bbb7c3,scoringdance,round,scoringdance:169,https://scoring.dance/enUS/events/169/results/3693.html,53d7c9610acd8d2d,live,0,2026-09-10T16:02:29.193925+00:00
3aef717ef98f06d0,scoringdance,round,scoringdance:169,https://scoring.dance/enUS/events/169/results/3694.html,53d7c9610acd8d2d,live,0,2026-09-10T16:02:29.193925+00:00
594865ddb2e899c7,scoringdance,round,scoringdance:171,https://scoring.dance/enUS/events/171/results/4029.html,752fd56115b58923,live,0,2026-09-10T16:02:29.458588+00:00
f79d25fe305321cb,scoringdance,round,scoringdance:171,https://scoring.dance/enUS/events/171/results/4030.html,752fd56115b58923,live,0,2026-09-10T16:02:29.458588+00:00
57d45838837aa198,scoringdance,round,scoringdance:171,https://scoring.dance/enUS/events/171/results/4031.html,752fd56115b58923,live,0,2026-09-10T16:02:29.458588+00:00
6c2e677e83ce9d46,scoringdance,round,scoringdance:171,https://scoring.dance/enUS/events/171/results/4032.html,752fd56115b58923,live,0,2026-09-10T16:02:29.458588+00:00
07d1ce5ba6d418ae,scoringdance,round,scoringdance:172,https://scoring.dance/enUS/events/172/results/2511.html,f86d338d3d60d473,live,0,2026-09-10T16:02:30.619458+00:00
989f7ad688f5482d,scoringdance,round,scoringdance:172,https://scoring.dance/enUS/events/172/results/2512.html,f86d338d3d60d473,live,0,2026-09-10T16:02:30.619458+00:00
737a14ae5b806873,scoringdance,round,scoringdance:172,https://scoring.dance/enUS/events/172/results/2513.html,f86d338d3d60d473,live,0,2026-09-10T16:02:30.619458+00:00
84643f6aa1a213be,scoringdance,round,scoringdance:172,https://scoring.dance/enUS/events/172/results/2514.html,f86d338d3d60d473,live,0,2026-09-10T16:02:30.619458+00:00
ee85bcb64809441c,scoringdance,round,scoringdance:172,https://scoring.dance/enUS/events/172/results/2515.html,f86d338d3d60d473,live,0,2026-09-10T16:02:30.619458+00:00
4a1a48bee88c10e2,scoringdance,round,scoringdance:172,https://scoring.dance/enUS/events/172/results/2516.html,f86d338d3d60d473,live,0,2026-09-10T16:02:30.619458+00:00
d3d5f5c96be351fc,scoringdance,round,scoringdance:172,https://scoring.dance/enUS/events/172/results/2517.html,f86d338d3d60d473,live,0,2026-09-10T16:02:30.619458+00:00
e10beee73969f1eb,scoringdance,round,scoringdance:172,https://scoring.dance/enUS/events/172/results/2518.html,f86d338d3d60d473,live,0,2026-09-10T16:02:30.619458+00:00
660412e0ff9815a8,scoringdance,round,scoringdance:172,https://scoring.dance/enUS/events/172/results/2519.html,f86d338d3d60d473,live,0,2026-09-10T16:02:30.619458+00:00
eee5d76e908758cc,scoringdance,round,scoringdance:172,https://scoring.dance/enUS/events/172/results/2520.html,f86d338d3d60d473,live,0,2026-09-10T16:02:30.619458+00:00
f11ab6f871d3c115,scoringdance,round,scoringdance:172,https://scoring.dance/enUS/events/172/results/2521.html,f86d338d3d60d473,live,0,2026-09-10T16:02:30.619458+00:00
192a9482e96f92fe,scoringdance,round,scoringdance:172,https://scoring.dance/enUS/events/172/results/2522.html,f86d338d3d60d473,live,0,2026-09-10T16:02:30.619458+00:00
f321e858660a44ea,scoringdance,round,scoringdance:172,https://scoring.dance/enUS/events/172/results/2524.html,f86d338d3d60d473,live,0,2026-09-10T16:02:30.619458+00:00
42804807b271d706,scoringdance,round,scoringdance:172,https://scoring.dance/enUS/events/172/results/2525.html,f86d338d3d60d473,live,0,2026-09-10T16:02:30.619458+00:00
b481b17585999b5f,scoringdance,round,scoringdance:172,https://scoring.dance/enUS/events/172/results/2526.html,f86d338d3d60d473,live,0,2026-09-10T16:02:30.619458+00:00
26c9d0034314716c,scoringdance,round,scoringdance:172,https://scoring.dance/enUS/events/172/results/2527.html,f86d338d3d60d473,live,0,2026-09-10T16:02:30.619458+00:00
f7ec445f8da954a9,scoringdance,round,scoringdance:172,https://scoring.dance/enUS/events/172/results/2528.html,f86d338d3d60d473,live,0,2026-09-10T16:02:30.619458+00:00
2ade335981cf50bc,scoringdance,round,scoringdance:172,https://scoring.dance/enUS/events/172/results/2529.html,f86d338d3d60d473,live,0,2026-09-10T16:02:30.619458+00:00
7f2af04025ebe47d,scoringdance,round,scoringdance:172,https://scoring.dance/enUS/events/172/results/2531.html,f86d338d3d60d473,live,0,2026-09-10T16:02:30.619458+00:00
007e62ce09090f6c,scoringdance,round,scoringdance:172,https://scoring.dance/enUS/events/172/results/2532.html,f86d338d3d60d473,live,0,2026-09-10T16:02:30.619458+00:00
ccbd911073a9fb6d,scoringdance,round,scoringdance:172,https://scoring.dance/enUS/events/172/results/2533.html,f86d338d3d60d473,live,0,2026-09-10T16:02:30.619458+00:00
0f754552b8400ed1,scoringdance,round,scoringdance:172,https://scoring.dance/enUS/events/172/results/2534.html,f86d338d3d60d473,live,0,2026-09-10T16:02:30.619458+00:00
bb2e7cbffed2b78e,scoringdance,round,scoringdance:172,https://scoring.dance/enUS/events/172/results/2535.html,f86d338d3d60d473,live,0,2026-09-10T16:02:30.619458+00:00
95c7c0ab0ab37253,scoringdance,round,scoringdance:175,https://scoring.dance/enUS/events/175/results/2536.html,9e7010c63f045dc3,live,0,2026-09-10T16:02:29.796205+00:00
7c7153b9b5e71972,scoringdance,round,scoringdance:175,https://scoring.dance/enUS/events/175/results/2537.html,9e7010c63f045dc3,live,0,2026-09-10T16:02:29.796205+00:00
84c02991d422631f,scoringdance,round,scoringdance:175,https://scoring.dance/enUS/events/175/results/2538.html,9e7010c63f045dc3,live,0,2026-09-10T16:02:29.796205+00:00
6161cd4a0f4ff3e8,scoringdance,round,scoringdance:175,https://scoring.dance/enUS/events/175/results/2539.html,9e7010c63f045dc3,live,0,2026-09-10T16:02:29.796205+00:00
48fa99e28405ac22,scoringdance,round,scoringdance:175,https://scoring.dance/enUS/events/175/results/2540.html,9e7010c63f045dc3,live,0,2026-09-10T16:02:29.796205+00:00
eef8791a39465c0c,scoringdance,round,scoringdance:175,https://scoring.dance/enUS/events/175/results/2541.html,9e7010c63f045dc3,live,0,2026-09-10T16:02:29.796205+00:00
448bee0783055fb5,scoringdance,round,scoringdance:175,https://scoring.dance/enUS/events/175/results/2542.html,9e7010c63f045dc3,live,0,2026-09-10T16:02:29.796205+00:00
e05f538eccceae11,scoringdance,round,scoringdance:175,https://scoring.dance/enUS/events/175/results/2543.html,9e7010c63f045dc3,live,0,2026-09-10T16:02:29.796205+00:00
c3d9ee52ab7a0306,scoringdance,round,scoringdance:175,https://scoring.dance/enUS/events/175/results/2544.html,9e7010c63f045dc3,live,0,2026-09-10T16:02:29.796205+00:00
9c059ce41549752e,scoringdance,round,scoringdance:175,https://scoring.dance/enUS/events/175/results/2545.html,9e7010c63f045dc3,live,0,2026-09-10T16:02:29.796205+00:00
808a0952c539a58f,scoringdance,round,scoringdance:175,https://scoring.dance/enUS/events/175/results/2546.html,9e7010c63f045dc3,live,0,2026-09-10T16:02:29.796205+00:00
4405ac3ce5b1474f,scoringdance,round,scoringdance:175,https://scoring.dance/enUS/events/175/results/2547.html,9e7010c63f045dc3,live,0,2026-09-10T16:02:29.796205+00:00
e0823b20a78c30fc,scoringdance,round,scoringdance:175,https://scoring.dance/enUS/events/175/results/2548.html,9e7010c63f045dc3,live,0,2026-09-10T16:02:29.796205+00:00
b2c74cafd0f14ea0,scoringdance,round,scoringdance:175,https://scoring.dance/enUS/events/175/results/2549.html,9e7010c63f045dc3,live,0,2026-09-10T16:02:29.796205+00:00
efe0f0593ea0389d,scoringdance,round,scoringdance:175,https://scoring.dance/enUS/events/175/results/2550.html,9e7010c63f045dc3,live,0,2026-09-10T16:02:29.796205+00:00
b4ce9a46a31bb576,scoringdance,round,scoringdance:175,https://scoring.dance/enUS/events/175/results/2551.html,9e7010c63f045dc3,live,0,2026-09-10T16:02:29.796205+00:00
77d50f812edb0e5b,scoringdance,round,scoringdance:175,https://scoring.dance/enUS/events/175/results/2552.html,9e7010c63f045dc3,live,0,2026-09-10T16:02:29.796205+00:00
a646bc7dc3278c57,scoringdance,round,scoringdance:175,https://scoring.dance/enUS/events/175/results/2553.html,9e7010c63f045dc3,live,0,2026-09-10T16:02:29.796205+00:00
9a4e3e9eeedd6461,scoringdance,round,scoringdance:175,https://scoring.dance/enUS/events/175/results/2554.html,9e7010c63f045dc3,live,0,2026-09-10T16:02:29.796205+00:00
43e5e0401a1b19ec,scoringdance,round,scoringdance:175,https://scoring.dance/enUS/events/175/results/2555.html,9e7010c63f045dc3,live,0,2026-09-10T16:02:29.796205+00:00
8bf620f44d7d9762,scoringdance,round,scoringdance:175,https://scoring.dance/enUS/events/175/results/2556.html,9e7010c63f045dc3,live,0,2026-09-10T16:02:29.796205+00:00
b0ed4a0cbed8e474,scoringdance,round,scoringdance:175,https://scoring.dance/enUS/events/175/results/2557.html,9e7010c63f045dc3,live,0,2026-09-10T16:02:29.796205+00:00
695fe0c13981dd46,scoringdance,round,scoringdance:175,https://scoring.dance/enUS/events/175/results/2558.html,9e7010c63f045dc3,live,0,2026-09-10T16:02:29.796205+00:00
4af342b5f92c89ba,scoringdance,round,scoringdance:175,https://scoring.dance/enUS/events/175/results/2559.html,9e7010c63f045dc3,live,0,2026-09-10T16:02:29.796205+00:00
bf3b25ef09e22e19,scoringdance,round,scoringdance:175,https://scoring.dance/enUS/events/175/results/2561.html,9e7010c63f045dc3,live,0,2026-09-10T16:02:29.796205+00:00
f8fcf2635898ade0,scoringdance,round,scoringdance:175,https://scoring.dance/enUS/events/175/results/2562.html,9e7010c63f045dc3,live,0,2026-09-10T16:02:29.796205+00:00
71581c2c1604f382,scoringdance,round,scoringdance:175,https://scoring.dance/enUS/events/175/results/2563.html,9e7010c63f045dc3,live,0,2026-09-10T16:02:29.796205+00:00
7b584bc814a3b20f,scoringdance,round,scoringdance:175,https://scoring.dance/enUS/events/175/results/2564.html,9e7010c63f045dc3,live,0,2026-09-10T16:02:29.796205+00:00
9236d24c24b32980,scoringdance,round,scoringdance:175,https://scoring.dance/enUS/events/175/results/2565.html,9e7010c63f045dc3,live,0,2026-09-10T16:02:29.796205+00:00
88a22b3b6cc45921,scoringdance,round,scoringdance:175,https://scoring.dance/enUS/events/175/results/2567.html,9e7010c63f045dc3,live,0,2026-09-10T16:02:29.796205+00:00
c68021999c44d5ab,scoringdance,round,scoringdance:176,https://scoring.dance/enUS/events/176/results/2688.html,68789c7e259636a3,live,0,2026-09-10T16:02:29.369284+00:00
7dcee8cefc69c54b,scoringdance,round,scoringdance:176,https://scoring.dance/enUS/events/176/results/2689.html,68789c7e259636a3,live,0,2026-09-10T16:02:29.369284+00:00
18d69fe1b5610cbc,scoringdance,round,scoringdance:176,https://scoring.dance/enUS/events/176/results/2690.html,68789c7e259636a3,live,0,2026-09-10T16:02:29.369284+00:00
0c8ce83a487fce28,scoringdance,round,scoringdance:176,https://scoring.dance/enUS/events/176/results/2691.html,68789c7e259636a3,live,0,2026-09-10T16:02:29.369284+00:00
6ad9530b8066d3f9,scoringdance,round,scoringdance:176,https://scoring.dance/enUS/events/176/results/2692.html,68789c7e259636a3,live,0,2026-09-10T16:02:29.369284+00:00
d188e81264752c4c,scoringdance,round,scoringdance:176,https://scoring.dance/enUS/events/176/results/2693.html,68789c7e259636a3,live,0,2026-09-10T16:02:29.369284+00:00
38fc11230bdc0166,scoringdance,round,scoringdance:176,https://scoring.dance/enUS/events/176/results/2695.html,68789c7e259636a3,live,0,2026-09-10T16:02:29.369284+00:00
d737f30559e3a85b,scoringdance,round,scoringdance:176,https://scoring.dance/enUS/events/176/results/2696.html,68789c7e259636a3,live,0,2026-09-10T16:02:29.369284+00:00
393f1057dccb0167,scoringdance,round,scoringdance:176,https://scoring.dance/enUS/events/176/results/2697.html,68789c7e259636a3,live,0,2026-09-10T16:02:29.369284+00:00
25d00cea612a1005,scoringdance,round,scoringdance:176,https://scoring.dance/enUS/events/176/results/2698.html,68789c7e259636a3,live,0,2026-09-10T16:02:29.369284+00:00
687695e024baa4cd,scoringdance,round,scoringdance:176,https://scoring.dance/enUS/events/176/results/2699.html,68789c7e259636a3,live,0,2026-09-10T16:02:29.369284+00:00
4e5bf48dd73eff59,scoringdance,round,scoringdance:176,https://scoring.dance/enUS/events/176/results/2700.html,68789c7e259636a3,live,0,2026-09-10T16:02:29.369284+00:00
3d1c2a188f0b0073,scoringdance,round,scoringdance:176,https://scoring.dance/enUS/events/176/results/2701.html,68789c7e259636a3,live,0,2026-09-10T16:02:29.369284+00:00
89db9ad41596e8a7,scoringdance,round,scoringdance:176,https://scoring.dance/enUS/events/176/results/2702.html,68789c7e259636a3,live,0,2026-09-10T16:02:29.369284+00:00
141e5cc0af4a51e1,scoringdance,round,scoringdance:176,https://scoring.dance/enUS/events/176/results/2703.html,68789c7e259636a3,live,0,2026-09-10T16:02:29.369284+00:00
be9024b6ff5e483c,scoringdance,round,scoringdance:176,https://scoring.dance/enUS/events/176/results/2704.html,68789c7e259636a3,live,0,2026-09-10T16:02:29.369284+00:00
a35e2f5a32843bd5,scoringdance,round,scoringdance:176,https://scoring.dance/enUS/events/176/results/2705.html,68789c7e259636a3,live,0,2026-09-10T16:02:29.369284+00:00
41e00b877cc45d7a,scoringdance,round,scoringdance:176,https://scoring.dance/enUS/events/176/results/2706.html,68789c7e259636a3,live,0,2026-09-10T16:02:29.369284+00:00
40ae093eb3aa6713,scoringdance,round,scoringdance:176,https://scoring.dance/enUS/events/176/results/2708.html,68789c7e259636a3,live,0,2026-09-10T16:02:29.369284+00:00
78c953166f25dd75,scoringdance,round,scoringdance:176,https://scoring.dance/enUS/events/176/results/2709.html,68789c7e259636a3,live,0,2026-09-10T16:02:29.369284+00:00
d99d25c6c1ecb4fb,scoringdance,round,scoringdance:176,https://scoring.dance/enUS/events/176/results/2710.html,68789c7e259636a3,live,0,2026-09-10T16:02:29.369284+00:00
b3a5daad2c89bc84,scoringdance,round,scoringdance:176,https://scoring.dance/enUS/events/176/results/2711.html,68789c7e259636a3,live,0,2026-09-10T16:02:29.369284+00:00
cd43f091539e478c,scoringdance,round,scoringdance:176,https://scoring.dance/enUS/events/176/results/2713.html,68789c7e259636a3,live,0,2026-09-10T16:02:29.369284+00:00
05c80e27a49f3967,scoringdance,round,scoringdance:177,https://scoring.dance/enUS/events/177/results/2570.html,be62d4847981522a,live,0,2026-09-10T16:02:30.124655+00:00
58d2ecb59d4fa7c6,scoringdance,round,scoringdance:177,https://scoring.dance/enUS/events/177/results/2572.html,be62d4847981522a,live,0,2026-09-10T16:02:30.124655+00:00
56371b1b200ee49f,scoringdance,round,scoringdance:177,https://scoring.dance/enUS/events/177/results/2573.html,be62d4847981522a,live,0,2026-09-10T16:02:30.124655+00:00
6025c102256c95a1,scoringdance,round,scoringdance:177,https://scoring.dance/enUS/events/177/results/2575.html,be62d4847981522a,live,0,2026-09-10T16:02:30.124655+00:00
1090f4881bcc6377,scoringdance,round,scoringdance:177,https://scoring.dance/enUS/events/177/results/2576.html,be62d4847981522a,live,0,2026-09-10T16:02:30.124655+00:00
4ad4ef8c83c86963,scoringdance,round,scoringdance:177,https://scoring.dance/enUS/events/177/results/2577.html,be62d4847981522a,live,0,2026-09-10T16:02:30.124655+00:00
b110163d12230308,scoringdance,round,scoringdance:177,https://scoring.dance/enUS/events/177/results/2578.html,be62d4847981522a,live,0,2026-09-10T16:02:30.124655+00:00
df9a574a80442bc9,scoringdance,round,scoringdance:177,https://scoring.dance/enUS/events/177/results/2579.html,be62d4847981522a,live,0,2026-09-10T16:02:30.124655+00:00
ad78d03aa0ba0e2c,scoringdance,round,scoringdance:177,https://scoring.dance/enUS/events/177/results/2580.html,be62d4847981522a,live,0,2026-09-10T16:02:30.124655+00:00
7601ab7586012005,scoringdance,round,scoringdance:177,https://scoring.dance/enUS/events/177/results/2581.html,be62d4847981522a,live,0,2026-09-10T16:02:30.124655+00:00
e8087deb65e27968,scoringdance,round,scoringdance:177,https://scoring.dance/enUS/events/177/results/2582.html,be62d4847981522a,live,0,2026-09-10T16:02:30.124655+00:00
672eb420454c3bb9,scoringdance,round,scoringdance:177,https://scoring.dance/enUS/events/177/results/2583.html,be62d4847981522a,live,0,2026-09-10T16:02:30.124655+00:00
d188f6315832125c,scoringdance,round,scoringdance:177,https://scoring.dance/enUS/events/177/results/2584.html,be62d4847981522a,live,0,2026-09-10T16:02:30.124655+00:00
a6a8f6e752a5ff83,scoringdance,round,scoringdance:177,https://scoring.dance/enUS/events/177/results/2585.html,be62d4847981522a,live,0,2026-09-10T16:02:30.124655+00:00
ff8c3c258ed5adc1,scoringdance,round,scoringdance:177,https://scoring.dance/enUS/events/177/results/2586.html,be62d4847981522a,live,0,2026-09-10T16:02:30.124655+00:00
1eaf902785ee322d,scoringdance,round,scoringdance:177,https://scoring.dance/enUS/events/177/results/2587.html,be62d4847981522a,live,0,2026-09-10T16:02:30.124655+00:00
ff9f216eecd57157,scoringdance,round,scoringdance:177,https://scoring.dance/enUS/events/177/results/2588.html,be62d4847981522a,live,0,2026-09-10T16:02:30.124655+00:00
341ff159f085be3f,scoringdance,round,scoringdance:177,https://scoring.dance/enUS/events/177/results/2589.html,be62d4847981522a,live,0,2026-09-10T16:02:30.124655+00:00
c9469cd5e748b69a,scoringdance,round,scoringdance:177,https://scoring.dance/enUS/events/177/results/2591.html,be62d4847981522a,live,0,2026-09-10T16:02:30.124655+00:00
5926e5942b999655,scoringdance,round,scoringdance:177,https://scoring.dance/enUS/events/177/results/2592.html,be62d4847981522a,live,0,2026-09-10T16:02:30.124655+00:00
91a3deb637542b86,scoringdance,round,scoringdance:177,https://scoring.dance/enUS/events/177/results/2616.html,be62d4847981522a,live,0,2026-09-10T16:02:30.124655+00:00
28260a2473d52f94,scoringdance,round,scoringdance:18,https://scoring.dance/enUS/events/18/results/255.html,8a7f9b33dc50c382,live,0,2026-09-10T16:02:29.668406+00:00
06c4ffff3e832fca,scoringdance,round,scoringdance:18,https://scoring.dance/enUS/events/18/results/256.html,8a7f9b33dc50c382,live,0,2026-09-10T16:02:29.668406+00:00
2b472ed05d015663,scoringdance,round,scoringdance:18,https://scoring.dance/enUS/events/18/results/257.html,8a7f9b33dc50c382,live,0,2026-09-10T16:02:29.668406+00:00
4871b9899c878b9d,scoringdance,round,scoringdance:18,https://scoring.dance/enUS/events/18/results/258.html,8a7f9b33dc50c382,live,0,2026-09-10T16:02:29.668406+00:00
15be373b566bb762,scoringdance,round,scoringdance:18,https://scoring.dance/enUS/events/18/results/259.html,8a7f9b33dc50c382,live,0,2026-09-10T16:02:29.668406+00:00
d7ad2f5f8af6fde7,scoringdance,round,scoringdance:18,https://scoring.dance/enUS/events/18/results/260.html,8a7f9b33dc50c382,live,0,2026-09-10T16:02:29.668406+00:00
3c37b269bbf92f70,scoringdance,round,scoringdance:18,https://scoring.dance/enUS/events/18/results/261.html,8a7f9b33dc50c382,live,0,2026-09-10T16:02:29.668406+00:00
968036e5c5f656f4,scoringdance,round,scoringdance:18,https://scoring.dance/enUS/events/18/results/263.html,8a7f9b33dc50c382,live,0,2026-09-10T16:02:29.668406+00:00
6c4eee9909d3b33f,scoringdance,round,scoringdance:181,https://scoring.dance/enUS/events/181/results/3413.html,e390d84974b447f3,live,0,2026-09-10T16:02:30.498836+00:00
147e493e82124674,scoringdance,round,scoringdance:181,https://scoring.dance/enUS/events/181/results/3415.html,e390d84974b447f3,live,0,2026-09-10T16:02:30.498836+00:00
19e73262646e6585,scoringdance,round,scoringdance:181,https://scoring.dance/enUS/events/181/results/3417.html,e390d84974b447f3,live,0,2026-09-10T16:02:30.498836+00:00
7fe4e5dab1568576,scoringdance,round,scoringdance:181,https://scoring.dance/enUS/events/181/results/3419.html,e390d84974b447f3,live,0,2026-09-10T16:02:30.498836+00:00
b8e51115f330b429,scoringdance,round,scoringdance:181,https://scoring.dance/enUS/events/181/results/3420.html,e390d84974b447f3,live,0,2026-09-10T16:02:30.498836+00:00
53e187f17e830af7,scoringdance,round,scoringdance:181,https://scoring.dance/enUS/events/181/results/3421.html,e390d84974b447f3,live,0,2026-09-10T16:02:30.498836+00:00
d2d9fe0449313c25,scoringdance,round,scoringdance:181,https://scoring.dance/enUS/events/181/results/3423.html,e390d84974b447f3,live,0,2026-09-10T16:02:30.498836+00:00
085b4a7b00fcc1f3,scoringdance,round,scoringdance:181,https://scoring.dance/enUS/events/181/results/3424.html,e390d84974b447f3,live,0,2026-09-10T16:02:30.498836+00:00
b28afd7d5cd048a5,scoringdance,round,scoringdance:181,https://scoring.dance/enUS/events/181/results/3425.html,e390d84974b447f3,live,0,2026-09-10T16:02:30.498836+00:00
dd483300c44e85fb,scoringdance,round,scoringdance:181,https://scoring.dance/enUS/events/181/results/3426.html,e390d84974b447f3,live,0,2026-09-10T16:02:30.498836+00:00
93bffc56904efe1e,scoringdance,round,scoringdance:181,https://scoring.dance/enUS/events/181/results/3427.html,e390d84974b447f3,live,0,2026-09-10T16:02:30.498836+00:00
fc344a1f48434fba,scoringdance,round,scoringdance:181,https://scoring.dance/enUS/events/181/results/3428.html,e390d84974b447f3,live,0,2026-09-10T16:02:30.498836+00:00
b378acb38739bb30,scoringdance,round,scoringdance:181,https://scoring.dance/enUS/events/181/results/3429.html,e390d84974b447f3,live,0,2026-09-10T16:02:30.498836+00:00
dc8d6c5e9fa1c41e,scoringdance,round,scoringdance:181,https://scoring.dance/enUS/events/181/results/3430.html,e390d84974b447f3,live,0,2026-09-10T16:02:30.498836+00:00
a50323f163f17ec1,scoringdance,round,scoringdance:181,https://scoring.dance/enUS/events/181/results/3431.html,e390d84974b447f3,live,0,2026-09-10T16:02:30.498836+00:00
1dbe87e25abce8aa,scoringdance,round,scoringdance:181,https://scoring.dance/enUS/events/181/results/3432.html,e390d84974b447f3,live,0,2026-09-10T16:02:30.498836+00:00
35d5aed44f1b4ec5,scoringdance,round,scoringdance:181,https://scoring.dance/enUS/events/181/results/3434.html,e390d84974b447f3,live,0,2026-09-10T16:02:30.498836+00:00
b938631fab3cba38,scoringdance,round,scoringdance:181,https://scoring.dance/enUS/events/181/results/3435.html,e390d84974b447f3,live,0,2026-09-10T16:02:30.498836+00:00
6adac488e3de9b7b,scoringdance,round,scoringdance:181,https://scoring.dance/enUS/events/181/results/3436.html,e390d84974b447f3,live,0,2026-09-10T16:02:30.498836+00:00
f52db7cf37a3941a,scoringdance,round,scoringdance:181,https://scoring.dance/enUS/events/181/results/3437.html,e390d84974b447f3,live,0,2026-09-10T16:02:30.498836+00:00
54571ec08e9de2cc,scoringdance,round,scoringdance:181,https://scoring.dance/enUS/events/181/results/3438.html,e390d84974b447f3,live,0,2026-09-10T16:02:30.498836+00:00
dce9d62dbd8100ef,scoringdance,round,scoringdance:181,https://scoring.dance/enUS/events/181/results/3439.html,e390d84974b447f3,live,0,2026-09-10T16:02:30.498836+00:00
41519b3ef0d72b16,scoringdance,round,scoringdance:181,https://scoring.dance/enUS/events/181/results/3440.html,e390d84974b447f3,live,0,2026-09-10T16:02:30.498836+00:00
c84be78f3f808db7,scoringdance,round,scoringdance:181,https://scoring.dance/enUS/events/181/results/3441.html,e390d84974b447f3,live,0,2026-09-10T16:02:30.498836+00:00
87d37d093fa0105a,scoringdance,round,scoringdance:181,https://scoring.dance/enUS/events/181/results/3442.html,e390d84974b447f3,live,0,2026-09-10T16:02:30.498836+00:00
0bc88e54b6ac7066,scoringdance,round,scoringdance:181,https://scoring.dance/enUS/events/181/results/3447.html,e390d84974b447f3,live,0,2026-09-10T16:02:30.498836+00:00
4e8ce48c242a568d,scoringdance,round,scoringdance:181,https://scoring.dance/enUS/events/181/results/3448.html,e390d84974b447f3,live,0,2026-09-10T16:02:30.498836+00:00
3c2c0be13f2332a5,scoringdance,round,scoringdance:181,https://scoring.dance/enUS/events/181/results/3450.html,e390d84974b447f3,live,0,2026-09-10T16:02:30.498836+00:00
c0cafb1464748124,scoringdance,round,scoringdance:183,https://scoring.dance/enUS/events/183/results/3122.html,ef2d409df585c6ae,live,0,2026-09-10T16:02:30.578251+00:00
a4677a4fbfefccb4,scoringdance,round,scoringdance:183,https://scoring.dance/enUS/events/183/results/3123.html,ef2d409df585c6ae,live,0,2026-09-10T16:02:30.578251+00:00
fd524ccbe5ad6bb2,scoringdance,round,scoringdance:183,https://scoring.dance/enUS/events/183/results/3126.html,ef2d409df585c6ae,live,0,2026-09-10T16:02:30.578251+00:00
12bdb796092971e5,scoringdance,round,scoringdance:184,https://scoring.dance/enUS/events/184/results/3543.html,b9f0aa7d77552b1d,live,0,2026-09-10T16:02:30.075806+00:00
bb7909c167ecd9a6,scoringdance,round,scoringdance:184,https://scoring.dance/enUS/events/184/results/3544.html,b9f0aa7d77552b1d,live,0,2026-09-10T16:02:30.075806+00:00
b1af2f9a01c6c947,scoringdance,round,scoringdance:184,https://scoring.dance/enUS/events/184/results/3545.html,b9f0aa7d77552b1d,live,0,2026-09-10T16:02:30.075806+00:00
51d1258d2197d858,scoringdance,round,scoringdance:185,https://scoring.dance/enUS/events/185/results/2744.html,9df5cfe838909020,live,0,2026-09-10T16:02:29.778908+00:00
4c65693704a496ab,scoringdance,round,scoringdance:185,https://scoring.dance/enUS/events/185/results/2745.html,9df5cfe838909020,live,0,2026-09-10T16:02:29.778908+00:00
7708aad78ecb582d,scoringdance,round,scoringdance:185,https://scoring.dance/enUS/events/185/results/2746.html,9df5cfe838909020,live,0,2026-09-10T16:02:29.778908+00:00
22eae7719e4ad8cb,scoringdance,round,scoringdance:185,https://scoring.dance/enUS/events/185/results/2747.html,9df5cfe838909020,live,0,2026-09-10T16:02:29.778908+00:00
53890ec8c90b05f7,scoringdance,round,scoringdance:185,https://scoring.dance/enUS/events/185/results/2748.html,9df5cfe838909020,live,0,2026-09-10T16:02:29.778908+00:00
696d3083e6d0a60f,scoringdance,round,scoringdance:185,https://scoring.dance/enUS/events/185/results/2749.html,9df5cfe838909020,live,0,2026-09-10T16:02:29.778908+00:00
2de28bd8e3a1f883,scoringdance,round,scoringdance:185,https://scoring.dance/enUS/events/185/results/2750.html,9df5cfe838909020,live,0,2026-09-10T16:02:29.778908+00:00
cf0ea84bab67f528,scoringdance,round,scoringdance:185,https://scoring.dance/enUS/events/185/results/2751.html,9df5cfe838909020,live,0,2026-09-10T16:02:29.778908+00:00
621b5cdf46568116,scoringdance,round,scoringdance:185,https://scoring.dance/enUS/events/185/results/2752.html,9df5cfe838909020,live,0,2026-09-10T16:02:29.778908+00:00
925320de40a75b1c,scoringdance,round,scoringdance:185,https://scoring.dance/enUS/events/185/results/2754.html,9df5cfe838909020,live,0,2026-09-10T16:02:29.778908+00:00
fca2fed21f401d86,scoringdance,round,scoringdance:185,https://scoring.dance/enUS/events/185/results/2755.html,9df5cfe838909020,live,0,2026-09-10T16:02:29.778908+00:00
db4f3f2991859079,scoringdance,round,scoringdance:185,https://scoring.dance/enUS/events/185/results/2756.html,9df5cfe838909020,live,0,2026-09-10T16:02:29.778908+00:00
1520ebce1c9ab9ae,scoringdance,round,scoringdance:185,https://scoring.dance/enUS/events/185/results/2757.html,9df5cfe838909020,live,0,2026-09-10T16:02:29.778908+00:00
cfdac44439a626f2,scoringdance,round,scoringdance:185,https://scoring.dance/enUS/events/185/results/2758.html,9df5cfe838909020,live,0,2026-09-10T16:02:29.778908+00:00
779a174709f4d427,scoringdance,round,scoringdance:185,https://scoring.dance/enUS/events/185/results/2759.html,9df5cfe838909020,live,0,2026-09-10T16:02:29.778908+00:00
3efa3d8d4a1dda84,scoringdance,round,scoringdance:185,https://scoring.dance/enUS/events/185/results/2760.html,9df5cfe838909020,live,0,2026-09-10T16:02:29.778908+00:00
7aba58cee74a24b8,scoringdance,round,scoringdance:185,https://scoring.dance/enUS/events/185/results/2761.html,9df5cfe838909020,live,0,2026-09-10T16:02:29.778908+00:00
65dbf777da13885d,scoringdance,round,scoringdance:185,https://scoring.dance/enUS/events/185/results/2762.html,9df5cfe838909020,live,0,2026-09-10T16:02:29.778908+00:00
3b26f8e906cccf5e,scoringdance,round,scoringdance:185,https://scoring.dance/enUS/events/185/results/2766.html,9df5cfe838909020,live,0,2026-09-10T16:02:29.778908+00:00
965553f8f9a375f8,scoringdance,round,scoringdance:185,https://scoring.dance/enUS/events/185/results/2767.html,9df5cfe838909020,live,0,2026-09-10T16:02:29.778908+00:00
5ba94dd41d1fa823,scoringdance,round,scoringdance:186,https://scoring.dance/enUS/events/186/results/2792.html,7f60b36e06a65a8b,live,0,2026-09-10T16:02:29.574124+00:00
b554883755cfc64b,scoringdance,round,scoringdance:186,https://scoring.dance/enUS/events/186/results/2793.html,7f60b36e06a65a8b,live,0,2026-09-10T16:02:29.574124+00:00
f30be13e079e1074,scoringdance,round,scoringdance:186,https://scoring.dance/enUS/events/186/results/2794.html,7f60b36e06a65a8b,live,0,2026-09-10T16:02:29.574124+00:00
3270f059b74c473e,scoringdance,round,scoringdance:186,https://scoring.dance/enUS/events/186/results/2795.html,7f60b36e06a65a8b,live,0,2026-09-10T16:02:29.574124+00:00
e522e83119b0096c,scoringdance,round,scoringdance:186,https://scoring.dance/enUS/events/186/results/2796.html,7f60b36e06a65a8b,live,0,2026-09-10T16:02:29.574124+00:00
b316ff22dc1f11cc,scoringdance,round,scoringdance:186,https://scoring.dance/enUS/events/186/results/2797.html,7f60b36e06a65a8b,live,0,2026-09-10T16:02:29.574124+00:00
b11cc70a9cbda7cd,scoringdance,round,scoringdance:186,https://scoring.dance/enUS/events/186/results/2799.html,7f60b36e06a65a8b,live,0,2026-09-10T16:02:29.574124+00:00
1c03e69e7f3a2d3b,scoringdance,round,scoringdance:186,https://scoring.dance/enUS/events/186/results/2800.html,7f60b36e06a65a8b,live,0,2026-09-10T16:02:29.574124+00:00
2b024e9a79018c1b,scoringdance,round,scoringdance:186,https://scoring.dance/enUS/events/186/results/2801.html,7f60b36e06a65a8b,live,0,2026-09-10T16:02:29.574124+00:00
ed9530699e814f84,scoringdance,round,scoringdance:186,https://scoring.dance/enUS/events/186/results/2802.html,7f60b36e06a65a8b,live,0,2026-09-10T16:02:29.574124+00:00
b4bd13a8f2515fd6,scoringdance,round,scoringdance:186,https://scoring.dance/enUS/events/186/results/2803.html,7f60b36e06a65a8b,live,0,2026-09-10T16:02:29.574124+00:00
152d4e6ca2205b28,scoringdance,round,scoringdance:186,https://scoring.dance/enUS/events/186/results/2804.html,7f60b36e06a65a8b,live,0,2026-09-10T16:02:29.574124+00:00
56841fea265ef687,scoringdance,round,scoringdance:186,https://scoring.dance/enUS/events/186/results/2805.html,7f60b36e06a65a8b,live,0,2026-09-10T16:02:29.574124+00:00
39145213ea8ab747,scoringdance,round,scoringdance:186,https://scoring.dance/enUS/events/186/results/2808.html,7f60b36e06a65a8b,live,0,2026-09-10T16:02:29.574124+00:00
bc332e160b571f67,scoringdance,round,scoringdance:186,https://scoring.dance/enUS/events/186/results/2809.html,7f60b36e06a65a8b,live,0,2026-09-10T16:02:29.574124+00:00
479ba093100bb19d,scoringdance,round,scoringdance:186,https://scoring.dance/enUS/events/186/results/2810.html,7f60b36e06a65a8b,live,0,2026-09-10T16:02:29.574124+00:00
e224ad9cd73f012a,scoringdance,round,scoringdance:186,https://scoring.dance/enUS/events/186/results/2811.html,7f60b36e06a65a8b,live,0,2026-09-10T16:02:29.574124+00:00
ed1813d7db3496ac,scoringdance,round,scoringdance:186,https://scoring.dance/enUS/events/186/results/2812.html,7f60b36e06a65a8b,live,0,2026-09-10T16:02:29.574124+00:00
d5060e10606d7464,scoringdance,round,scoringdance:186,https://scoring.dance/enUS/events/186/results/2813.html,7f60b36e06a65a8b,live,0,2026-09-10T16:02:29.574124+00:00
158435c4eef9ed16,scoringdance,round,scoringdance:186,https://scoring.dance/enUS/events/186/results/2814.html,7f60b36e06a65a8b,live,0,2026-09-10T16:02:29.574124+00:00
7f837aed42628032,scoringdance,round,scoringdance:186,https://scoring.dance/enUS/events/186/results/2815.html,7f60b36e06a65a8b,live,0,2026-09-10T16:02:29.574124+00:00
2d6f2550a814fcfd,scoringdance,round,scoringdance:186,https://scoring.dance/enUS/events/186/results/2816.html,7f60b36e06a65a8b,live,0,2026-09-10T16:02:29.574124+00:00
c004fde0b5d4d818,scoringdance,round,scoringdance:186,https://scoring.dance/enUS/events/186/results/2817.html,7f60b36e06a65a8b,live,0,2026-09-10T16:02:29.574124+00:00
13737771fadf8e1e,scoringdance,round,scoringdance:186,https://scoring.dance/enUS/events/186/results/2818.html,7f60b36e06a65a8b,live,0,2026-09-10T16:02:29.574124+00:00
444f4981da0586dd,scoringdance,round,scoringdance:186,https://scoring.dance/enUS/events/186/results/2819.html,7f60b36e06a65a8b,live,0,2026-09-10T16:02:29.574124+00:00
0cba0bd6a6203f6d,scoringdance,round,scoringdance:186,https://scoring.dance/enUS/events/186/results/2820.html,7f60b36e06a65a8b,live,0,2026-09-10T16:02:29.574124+00:00
af1f6f8146ce6581,scoringdance,round,scoringdance:186,https://scoring.dance/enUS/events/186/results/2821.html,7f60b36e06a65a8b,live,0,2026-09-10T16:02:29.574124+00:00
80c331537887485c,scoringdance,round,scoringdance:186,https://scoring.dance/enUS/events/186/results/2822.html,7f60b36e06a65a8b,live,0,2026-09-10T16:02:29.574124+00:00
67622fe37d3d55aa,scoringdance,round,scoringdance:187,https://scoring.dance/enUS/events/187/results/2768.html,e0cded34803750ee,live,0,2026-09-10T16:02:30.444736+00:00
dfa43fc26808dea3,scoringdance,round,scoringdance:187,https://scoring.dance/enUS/events/187/results/2771.html,e0cded34803750ee,live,0,2026-09-10T16:02:30.444736+00:00
5760b123ab9e7356,scoringdance,round,scoringdance:187,https://scoring.dance/enUS/events/187/results/2772.html,e0cded34803750ee,live,0,2026-09-10T16:02:30.444736+00:00
efe241e0772b8fa2,scoringdance,round,scoringdance:187,https://scoring.dance/enUS/events/187/results/2775.html,e0cded34803750ee,live,0,2026-09-10T16:02:30.444736+00:00
8e57abac48538bd0,scoringdance,round,scoringdance:187,https://scoring.dance/enUS/events/187/results/2776.html,e0cded34803750ee,live,0,2026-09-10T16:02:30.444736+00:00
a6fc9f62156fc93a,scoringdance,round,scoringdance:187,https://scoring.dance/enUS/events/187/results/2779.html,e0cded34803750ee,live,0,2026-09-10T16:02:30.444736+00:00
aa3b114aebda30b7,scoringdance,round,scoringdance:187,https://scoring.dance/enUS/events/187/results/2780.html,e0cded34803750ee,live,0,2026-09-10T16:02:30.444736+00:00
7532cc533d0d7858,scoringdance,round,scoringdance:187,https://scoring.dance/enUS/events/187/results/2783.html,e0cded34803750ee,live,0,2026-09-10T16:02:30.444736+00:00
81e9d0e701bc848e,scoringdance,round,scoringdance:187,https://scoring.dance/enUS/events/187/results/2784.html,e0cded34803750ee,live,0,2026-09-10T16:02:30.444736+00:00
023a06026ce8f63c,scoringdance,round,scoringdance:187,https://scoring.dance/enUS/events/187/results/2787.html,e0cded34803750ee,live,0,2026-09-10T16:02:30.444736+00:00
6cc27458be903a78,scoringdance,round,scoringdance:187,https://scoring.dance/enUS/events/187/results/2789.html,e0cded34803750ee,live,0,2026-09-10T16:02:30.444736+00:00
1e0d1bd2bae7bed2,scoringdance,round,scoringdance:187,https://scoring.dance/enUS/events/187/results/2790.html,e0cded34803750ee,live,0,2026-09-10T16:02:30.444736+00:00
d62f8e143334e34d,scoringdance,round,scoringdance:187,https://scoring.dance/enUS/events/187/results/2827.html,e0cded34803750ee,live,0,2026-09-10T16:02:30.444736+00:00
0131c19b22a69fb2,scoringdance,round,scoringdance:187,https://scoring.dance/enUS/events/187/results/2863.html,e0cded34803750ee,live,0,2026-09-10T16:02:30.444736+00:00
45d74135480c72f2,scoringdance,round,scoringdance:188,https://scoring.dance/enUS/events/188/results/2828.html,964f00d918763f60,live,0,2026-09-10T16:02:29.726604+00:00
1ce74146dfec2949,scoringdance,round,scoringdance:188,https://scoring.dance/enUS/events/188/results/2829.html,964f00d918763f60,live,0,2026-09-10T16:02:29.726604+00:00
064c7f6e4b1965b6,scoringdance,round,scoringdance:188,https://scoring.dance/enUS/events/188/results/2830.html,964f00d918763f60,live,0,2026-09-10T16:02:29.726604+00:00
9034740b687089ac,scoringdance,round,scoringdance:188,https://scoring.dance/enUS/events/188/results/2831.html,964f00d918763f60,live,0,2026-09-10T16:02:29.726604+00:00
942fd7968cec2a9f,scoringdance,round,scoringdance:188,https://scoring.dance/enUS/events/188/results/2832.html,964f00d918763f60,live,0,2026-09-10T16:02:29.726604+00:00
0d7168595ca68ce5,scoringdance,round,scoringdance:188,https://scoring.dance/enUS/events/188/results/2833.html,964f00d918763f60,live,0,2026-09-10T16:02:29.726604+00:00
9fc424c1a085094c,scoringdance,round,scoringdance:188,https://scoring.dance/enUS/events/188/results/2834.html,964f00d918763f60,live,0,2026-09-10T16:02:29.726604+00:00
a80fd88a11e5b96b,scoringdance,round,scoringdance:188,https://scoring.dance/enUS/events/188/results/2835.html,964f00d918763f60,live,0,2026-09-10T16:02:29.726604+00:00
8c1eaf0ab4c85886,scoringdance,round,scoringdance:188,https://scoring.dance/enUS/events/188/results/2836.html,964f00d918763f60,live,0,2026-09-10T16:02:29.726604+00:00
276a9557606990ca,scoringdance,round,scoringdance:188,https://scoring.dance/enUS/events/188/results/2837.html,964f00d918763f60,live,0,2026-09-10T16:02:29.726604+00:00
cbdae2bd0494a311,scoringdance,round,scoringdance:188,https://scoring.dance/enUS/events/188/results/2838.html,964f00d918763f60,live,0,2026-09-10T16:02:29.726604+00:00
4a3e19b620b8cdfa,scoringdance,round,scoringdance:188,https://scoring.dance/enUS/events/188/results/2839.html,964f00d918763f60,live,0,2026-09-10T16:02:29.726604+00:00
7e9743090a688212,scoringdance,round,scoringdance:188,https://scoring.dance/enUS/events/188/results/2840.html,964f00d918763f60,live,0,2026-09-10T16:02:29.726604+00:00
124233b69cfed525,scoringdance,round,scoringdance:188,https://scoring.dance/enUS/events/188/results/2841.html,964f00d918763f60,live,0,2026-09-10T16:02:29.726604+00:00
a400239c3185bd56,scoringdance,round,scoringdance:188,https://scoring.dance/enUS/events/188/results/2842.html,964f00d918763f60,live,0,2026-09-10T16:02:29.726604+00:00
6a52865f1a3e2736,scoringdance,round,scoringdance:188,https://scoring.dance/enUS/events/188/results/2844.html,964f00d918763f60,live,0,2026-09-10T16:02:29.726604+00:00
2d7605462adad713,scoringdance,round,scoringdance:188,https://scoring.dance/enUS/events/188/results/2845.html,964f00d918763f60,live,0,2026-09-10T16:02:29.726604+00:00
1d2f40bce726ddc9,scoringdance,round,scoringdance:188,https://scoring.dance/enUS/events/188/results/2846.html,964f00d918763f60,live,0,2026-09-10T16:02:29.726604+00:00
e272bbfa5e3f4684,scoringdance,round,scoringdance:188,https://scoring.dance/enUS/events/188/results/2847.html,964f00d918763f60,live,0,2026-09-10T16:02:29.726604+00:00
d1526d3b71ca10d9,scoringdance,round,scoringdance:188,https://scoring.dance/enUS/events/188/results/2848.html,964f00d918763f60,live,0,2026-09-10T16:02:29.726604+00:00
006e61d02ff28007,scoringdance,round,scoringdance:188,https://scoring.dance/enUS/events/188/results/2849.html,964f00d918763f60,live,0,2026-09-10T16:02:29.726604+00:00
9c3c9f2eb446503d,scoringdance,round,scoringdance:188,https://scoring.dance/enUS/events/188/results/2850.html,964f00d918763f60,live,0,2026-09-10T16:02:29.726604+00:00
3165324ca43bf51f,scoringdance,round,scoringdance:188,https://scoring.dance/enUS/events/188/results/2851.html,964f00d918763f60,live,0,2026-09-10T16:02:29.726604+00:00
0441c976813d6a45,scoringdance,round,scoringdance:188,https://scoring.dance/enUS/events/188/results/2852.html,964f00d918763f60,live,0,2026-09-10T16:02:29.726604+00:00
4931948a13332e26,scoringdance,round,scoringdance:188,https://scoring.dance/enUS/events/188/results/2854.html,964f00d918763f60,live,0,2026-09-10T16:02:29.726604+00:00
4033c704754c8438,scoringdance,round,scoringdance:188,https://scoring.dance/enUS/events/188/results/2856.html,964f00d918763f60,live,0,2026-09-10T16:02:29.726604+00:00
ba3a23d9e2e3a0bb,scoringdance,round,scoringdance:188,https://scoring.dance/enUS/events/188/results/2857.html,964f00d918763f60,live,0,2026-09-10T16:02:29.726604+00:00
4407fd42eeb771c7,scoringdance,round,scoringdance:188,https://scoring.dance/enUS/events/188/results/2858.html,964f00d918763f60,live,0,2026-09-10T16:02:29.726604+00:00
831e1822481e5112,scoringdance,round,scoringdance:188,https://scoring.dance/enUS/events/188/results/2860.html,964f00d918763f60,live,0,2026-09-10T16:02:29.726604+00:00
7cb5b44d7fc02856,scoringdance,round,scoringdance:188,https://scoring.dance/enUS/events/188/results/2862.html,964f00d918763f60,live,0,2026-09-10T16:02:29.726604+00:00
2bc27d9037a902eb,scoringdance,round,scoringdance:188,https://scoring.dance/enUS/events/188/results/2883.html,964f00d918763f60,live,0,2026-09-10T16:02:29.726604+00:00
3519c297c5c04ea6,scoringdance,round,scoringdance:188,https://scoring.dance/enUS/events/188/results/2885.html,964f00d918763f60,live,0,2026-09-10T16:02:29.726604+00:00
3d3069c140d666ef,scoringdance,round,scoringdance:189,https://scoring.dance/enUS/events/189/results/2889.html,cb54397880ce54b8,live,0,2026-09-10T16:02:30.265233+00:00
6e799afcb0968aad,scoringdance,round,scoringdance:189,https://scoring.dance/enUS/events/189/results/2890.html,cb54397880ce54b8,live,0,2026-09-10T16:02:30.265233+00:00
cd115705d77011cf,scoringdance,round,scoringdance:189,https://scoring.dance/enUS/events/189/results/2891.html,cb54397880ce54b8,live,0,2026-09-10T16:02:30.265233+00:00
08e3b78e96b9c7b6,scoringdance,round,scoringdance:189,https://scoring.dance/enUS/events/189/results/2892.html,cb54397880ce54b8,live,0,2026-09-10T16:02:30.265233+00:00
0c475d044b1a51a6,scoringdance,round,scoringdance:189,https://scoring.dance/enUS/events/189/results/2893.html,cb54397880ce54b8,live,0,2026-09-10T16:02:30.265233+00:00
ca78b7802b935991,scoringdance,round,scoringdance:189,https://scoring.dance/enUS/events/189/results/2894.html,cb54397880ce54b8,live,0,2026-09-10T16:02:30.265233+00:00
c4c72866c16f72df,scoringdance,round,scoringdance:189,https://scoring.dance/enUS/events/189/results/2895.html,cb54397880ce54b8,live,0,2026-09-10T16:02:30.265233+00:00
152b963079d5d926,scoringdance,round,scoringdance:189,https://scoring.dance/enUS/events/189/results/2896.html,cb54397880ce54b8,live,0,2026-09-10T16:02:30.265233+00:00
7ceb91b6c90f7217,scoringdance,round,scoringdance:189,https://scoring.dance/enUS/events/189/results/2897.html,cb54397880ce54b8,live,0,2026-09-10T16:02:30.265233+00:00
510995c98bcbd3cd,scoringdance,round,scoringdance:189,https://scoring.dance/enUS/events/189/results/2898.html,cb54397880ce54b8,live,0,2026-09-10T16:02:30.265233+00:00
a70027f374ddc1df,scoringdance,round,scoringdance:189,https://scoring.dance/enUS/events/189/results/2899.html,cb54397880ce54b8,live,0,2026-09-10T16:02:30.265233+00:00
3cc5b27a775a2ade,scoringdance,round,scoringdance:189,https://scoring.dance/enUS/events/189/results/2900.html,cb54397880ce54b8,live,0,2026-09-10T16:02:30.265233+00:00
1a23bf6b4c89a2ec,scoringdance,round,scoringdance:189,https://scoring.dance/enUS/events/189/results/2901.html,cb54397880ce54b8,live,0,2026-09-10T16:02:30.265233+00:00
c37341cb911bff90,scoringdance,round,scoringdance:189,https://scoring.dance/enUS/events/189/results/2902.html,cb54397880ce54b8,live,0,2026-09-10T16:02:30.265233+00:00
529b89bd857a0096,scoringdance,round,scoringdance:189,https://scoring.dance/enUS/events/189/results/2903.html,cb54397880ce54b8,live,0,2026-09-10T16:02:30.265233+00:00
ab64671a66a84f12,scoringdance,round,scoringdance:189,https://scoring.dance/enUS/events/189/results/2904.html,cb54397880ce54b8,live,0,2026-09-10T16:02:30.265233+00:00
6aa524ca7aab04aa,scoringdance,round,scoringdance:189,https://scoring.dance/enUS/events/189/results/2905.html,cb54397880ce54b8,live,0,2026-09-10T16:02:30.265233+00:00
abeb38e025ee3939,scoringdance,round,scoringdance:189,https://scoring.dance/enUS/events/189/results/2906.html,cb54397880ce54b8,live,0,2026-09-10T16:02:30.265233+00:00
f9ba8e00bdc54ee3,scoringdance,round,scoringdance:189,https://scoring.dance/enUS/events/189/results/2907.html,cb54397880ce54b8,live,0,2026-09-10T16:02:30.265233+00:00
a3c82306d5efd0e2,scoringdance,round,scoringdance:189,https://scoring.dance/enUS/events/189/results/2908.html,cb54397880ce54b8,live,0,2026-09-10T16:02:30.265233+00:00
a931e4e1d6d35757,scoringdance,round,scoringdance:189,https://scoring.dance/enUS/events/189/results/2909.html,cb54397880ce54b8,live,0,2026-09-10T16:02:30.265233+00:00
d43f4fe52e6c5428,scoringdance,round,scoringdance:189,https://scoring.dance/enUS/events/189/results/2910.html,cb54397880ce54b8,live,0,2026-09-10T16:02:30.265233+00:00
096dfffd862ca420,scoringdance,round,scoringdance:189,https://scoring.dance/enUS/events/189/results/2911.html,cb54397880ce54b8,live,0,2026-09-10T16:02:30.265233+00:00
ddca0c568f212cea,scoringdance,round,scoringdance:189,https://scoring.dance/enUS/events/189/results/2912.html,cb54397880ce54b8,live,0,2026-09-10T16:02:30.265233+00:00
5e16c8a93d9b8dc9,scoringdance,round,scoringdance:189,https://scoring.dance/enUS/events/189/results/2913.html,cb54397880ce54b8,live,0,2026-09-10T16:02:30.265233+00:00
8935353d6a5d65d6,scoringdance,round,scoringdance:189,https://scoring.dance/enUS/events/189/results/2914.html,cb54397880ce54b8,live,0,2026-09-10T16:02:30.265233+00:00
000d81a08d7b981d,scoringdance,round,scoringdance:189,https://scoring.dance/enUS/events/189/results/2915.html,cb54397880ce54b8,live,0,2026-09-10T16:02:30.265233+00:00
776258533be76eb5,scoringdance,round,scoringdance:189,https://scoring.dance/enUS/events/189/results/2916.html,cb54397880ce54b8,live,0,2026-09-10T16:02:30.265233+00:00
2165378fb1b7ef98,scoringdance,round,scoringdance:19,https://scoring.dance/enUS/events/19/results/137.html,fc8a1771f8eb86c9,live,0,2026-09-10T16:02:30.670101+00:00
d80a5f3955b00ffe,scoringdance,round,scoringdance:19,https://scoring.dance/enUS/events/19/results/138.html,fc8a1771f8eb86c9,live,0,2026-09-10T16:02:30.670101+00:00
1099221a7f66f5b6,scoringdance,round,scoringdance:19,https://scoring.dance/enUS/events/19/results/139.html,fc8a1771f8eb86c9,live,0,2026-09-10T16:02:30.670101+00:00
99f458f5d9689214,scoringdance,round,scoringdance:19,https://scoring.dance/enUS/events/19/results/140.html,fc8a1771f8eb86c9,live,0,2026-09-10T16:02:30.670101+00:00
23009d9b3994006c,scoringdance,round,scoringdance:19,https://scoring.dance/enUS/events/19/results/142.html,fc8a1771f8eb86c9,live,0,2026-09-10T16:02:30.670101+00:00
f32f9654aae7faaf,scoringdance,round,scoringdance:19,https://scoring.dance/enUS/events/19/results/143.html,fc8a1771f8eb86c9,live,0,2026-09-10T16:02:30.670101+00:00
91212b19c5882ef1,scoringdance,round,scoringdance:19,https://scoring.dance/enUS/events/19/results/144.html,fc8a1771f8eb86c9,live,0,2026-09-10T16:02:30.670101+00:00
2f95edebf8e8988c,scoringdance,round,scoringdance:19,https://scoring.dance/enUS/events/19/results/145.html,fc8a1771f8eb86c9,live,0,2026-09-10T16:02:30.670101+00:00
f6ce750eb44cdce5,scoringdance,round,scoringdance:19,https://scoring.dance/enUS/events/19/results/146.html,fc8a1771f8eb86c9,live,0,2026-09-10T16:02:30.670101+00:00
38d86715c332bab5,scoringdance,round,scoringdance:19,https://scoring.dance/enUS/events/19/results/147.html,fc8a1771f8eb86c9,live,0,2026-09-10T16:02:30.670101+00:00
12dd947b5f7969ed,scoringdance,round,scoringdance:19,https://scoring.dance/enUS/events/19/results/148.html,fc8a1771f8eb86c9,live,0,2026-09-10T16:02:30.670101+00:00
4bf50be6f174c78c,scoringdance,round,scoringdance:19,https://scoring.dance/enUS/events/19/results/149.html,fc8a1771f8eb86c9,live,0,2026-09-10T16:02:30.670101+00:00
d32867c8a18835c4,scoringdance,round,scoringdance:19,https://scoring.dance/enUS/events/19/results/150.html,fc8a1771f8eb86c9,live,0,2026-09-10T16:02:30.670101+00:00
92f7f160ccc3c015,scoringdance,round,scoringdance:19,https://scoring.dance/enUS/events/19/results/151.html,fc8a1771f8eb86c9,live,0,2026-09-10T16:02:30.670101+00:00
4e0a13785a2d6076,scoringdance,round,scoringdance:19,https://scoring.dance/enUS/events/19/results/153.html,fc8a1771f8eb86c9,live,0,2026-09-10T16:02:30.670101+00:00
d912513ddbfe20f1,scoringdance,round,scoringdance:19,https://scoring.dance/enUS/events/19/results/154.html,fc8a1771f8eb86c9,live,0,2026-09-10T16:02:30.670101+00:00
c164c98814319abd,scoringdance,round,scoringdance:19,https://scoring.dance/enUS/events/19/results/155.html,fc8a1771f8eb86c9,live,0,2026-09-10T16:02:30.670101+00:00
1d13b4637f493463,scoringdance,round,scoringdance:19,https://scoring.dance/enUS/events/19/results/156.html,fc8a1771f8eb86c9,live,0,2026-09-10T16:02:30.670101+00:00
edd63cd8b5cd39ce,scoringdance,round,scoringdance:19,https://scoring.dance/enUS/events/19/results/157.html,fc8a1771f8eb86c9,live,0,2026-09-10T16:02:30.670101+00:00
9172c95b4f0e86bc,scoringdance,round,scoringdance:190,https://scoring.dance/enUS/events/190/results/2937.html,bdc7a02090b44b5f,live,0,2026-09-12T14:32:07.306469+00:00
47f3a9ba89740099,scoringdance,round,scoringdance:190,https://scoring.dance/enUS/events/190/results/2938.html,bdc7a02090b44b5f,live,0,2026-09-12T14:32:07.306469+00:00
2bbd0098604afe49,scoringdance,round,scoringdance:190,https://scoring.dance/enUS/events/190/results/2939.html,bdc7a02090b44b5f,live,0,2026-09-12T14:32:07.306469+00:00
cd7e50e34d286245,scoringdance,round,scoringdance:190,https://scoring.dance/enUS/events/190/results/2940.html,bdc7a02090b44b5f,live,0,2026-09-12T14:32:07.306469+00:00
8539f004d163c2de,scoringdance,round,scoringdance:190,https://scoring.dance/enUS/events/190/results/2941.html,bdc7a02090b44b5f,live,0,2026-09-12T14:32:07.306469+00:00
edd92effabbf1136,scoringdance,round,scoringdance:190,https://scoring.dance/enUS/events/190/results/2942.html,bdc7a02090b44b5f,live,0,2026-09-12T14:32:07.306469+00:00
b141f549085c63cd,scoringdance,round,scoringdance:190,https://scoring.dance/enUS/events/190/results/2943.html,bdc7a02090b44b5f,live,0,2026-09-12T14:32:07.306469+00:00
1c37d4fef8a4b55d,scoringdance,round,scoringdance:190,https://scoring.dance/enUS/events/190/results/2944.html,bdc7a02090b44b5f,live,0,2026-09-12T14:32:07.306469+00:00
6dc36ce128667bbe,scoringdance,round,scoringdance:190,https://scoring.dance/enUS/events/190/results/2945.html,bdc7a02090b44b5f,live,0,2026-09-12T14:32:07.306469+00:00
12cdf5e5062a5538,scoringdance,round,scoringdance:190,https://scoring.dance/enUS/events/190/results/2946.html,bdc7a02090b44b5f,live,0,2026-09-12T14:32:07.306469+00:00
b8b25c42d4d001f1,scoringdance,round,scoringdance:190,https://scoring.dance/enUS/events/190/results/2947.html,bdc7a02090b44b5f,live,0,2026-09-12T14:32:07.306469+00:00
009be13a1d2cd9ec,scoringdance,round,scoringdance:190,https://scoring.dance/enUS/events/190/results/2948.html,bdc7a02090b44b5f,live,0,2026-09-12T14:32:07.306469+00:00
3a692457c539943b,scoringdance,round,scoringdance:190,https://scoring.dance/enUS/events/190/results/2949.html,bdc7a02090b44b5f,live,0,2026-09-12T14:32:07.306469+00:00
53ecca60ba1d6e9a,scoringdance,round,scoringdance:190,https://scoring.dance/enUS/events/190/results/2952.html,bdc7a02090b44b5f,live,0,2026-09-12T14:32:07.306469+00:00
907e1ab42c40efbe,scoringdance,round,scoringdance:190,https://scoring.dance/enUS/events/190/results/2953.html,bdc7a02090b44b5f,live,0,2026-09-12T14:32:07.306469+00:00
2f81b5a0c6298b1a,scoringdance,round,scoringdance:190,https://scoring.dance/enUS/events/190/results/2954.html,bdc7a02090b44b5f,live,0,2026-09-12T14:32:07.306469+00:00
181c6117f65d3356,scoringdance,round,scoringdance:190,https://scoring.dance/enUS/events/190/results/2955.html,bdc7a02090b44b5f,live,0,2026-09-12T14:32:07.306469+00:00
d5af05bd1299ffe1,scoringdance,round,scoringdance:190,https://scoring.dance/enUS/events/190/results/2956.html,bdc7a02090b44b5f,live,0,2026-09-12T14:32:07.306469+00:00
4da874f19aab792b,scoringdance,round,scoringdance:190,https://scoring.dance/enUS/events/190/results/2958.html,bdc7a02090b44b5f,live,0,2026-09-12T14:32:07.306469+00:00
a9c0af20f8ffc4c3,scoringdance,round,scoringdance:190,https://scoring.dance/enUS/events/190/results/2959.html,bdc7a02090b44b5f,live,0,2026-09-12T14:32:07.306469+00:00
f9d87fb47cab8fb8,scoringdance,round,scoringdance:190,https://scoring.dance/enUS/events/190/results/2960.html,bdc7a02090b44b5f,live,0,2026-09-12T14:32:07.306469+00:00
e1dea5d6f6bad9e7,scoringdance,round,scoringdance:190,https://scoring.dance/enUS/events/190/results/2961.html,bdc7a02090b44b5f,live,0,2026-09-12T14:32:07.306469+00:00
1e9fe6788f1b86f8,scoringdance,round,scoringdance:190,https://scoring.dance/enUS/events/190/results/2962.html,bdc7a02090b44b5f,live,0,2026-09-12T14:32:07.306469+00:00
7192500dbc2d9e57,scoringdance,round,scoringdance:190,https://scoring.dance/enUS/events/190/results/2963.html,bdc7a02090b44b5f,live,0,2026-09-12T14:32:07.306469+00:00
2663873338cf443c,scoringdance,round,scoringdance:190,https://scoring.dance/enUS/events/190/results/2964.html,bdc7a02090b44b5f,live,0,2026-09-12T14:32:07.306469+00:00
9a697dc8ff27b540,scoringdance,round,scoringdance:190,https://scoring.dance/enUS/events/190/results/2965.html,bdc7a02090b44b5f,live,0,2026-09-12T14:32:07.306469+00:00
1a0e829d0f8966fa,scoringdance,round,scoringdance:190,https://scoring.dance/enUS/events/190/results/2966.html,bdc7a02090b44b5f,live,0,2026-09-12T14:32:07.306469+00:00
965b32f0db9fbacd,scoringdance,round,scoringdance:190,https://scoring.dance/enUS/events/190/results/2967.html,bdc7a02090b44b5f,live,0,2026-09-12T14:32:07.306469+00:00
3e36c6930edc8741,scoringdance,round,scoringdance:190,https://scoring.dance/enUS/events/190/results/2968.html,bdc7a02090b44b5f,live,0,2026-09-12T14:32:07.306469+00:00
5dc98626fba01813,scoringdance,round,scoringdance:190,https://scoring.dance/enUS/events/190/results/2969.html,bdc7a02090b44b5f,live,0,2026-09-12T14:32:07.306469+00:00
04623a0caee8c242,scoringdance,round,scoringdance:190,https://scoring.dance/enUS/events/190/results/2970.html,bdc7a02090b44b5f,live,0,2026-09-12T14:32:07.306469+00:00
0783f5888cb814ce,scoringdance,round,scoringdance:190,https://scoring.dance/enUS/events/190/results/2972.html,bdc7a02090b44b5f,live,0,2026-09-12T14:32:07.306469+00:00
d6a9a3c13d8df8fa,scoringdance,round,scoringdance:190,https://scoring.dance/enUS/events/190/results/2974.html,bdc7a02090b44b5f,live,0,2026-09-12T14:32:07.306469+00:00
c9f15a9b9979c6d0,scoringdance,round,scoringdance:190,https://scoring.dance/enUS/events/190/results/2976.html,bdc7a02090b44b5f,live,0,2026-09-12T14:32:07.306469+00:00
0f1f9f239a460c86,scoringdance,round,scoringdance:190,https://scoring.dance/enUS/events/190/results/2978.html,bdc7a02090b44b5f,live,0,2026-09-12T14:32:07.306469+00:00
7549741065f0fe0a,scoringdance,round,scoringdance:190,https://scoring.dance/enUS/events/190/results/2979.html,bdc7a02090b44b5f,live,0,2026-09-12T14:32:07.306469+00:00
74a4cd82b2ebc47d,scoringdance,round,scoringdance:190,https://scoring.dance/enUS/events/190/results/2980.html,bdc7a02090b44b5f,live,0,2026-09-12T14:32:07.306469+00:00
2d6415f0eabfbf3b,scoringdance,round,scoringdance:190,https://scoring.dance/enUS/events/190/results/2981.html,bdc7a02090b44b5f,live,0,2026-09-12T14:32:07.306469+00:00
a6182176a5579302,scoringdance,round,scoringdance:190,https://scoring.dance/enUS/events/190/results/2982.html,bdc7a02090b44b5f,live,0,2026-09-12T14:32:07.306469+00:00
410688824c9d4827,scoringdance,round,scoringdance:190,https://scoring.dance/enUS/events/190/results/2983.html,bdc7a02090b44b5f,live,0,2026-09-12T14:32:07.306469+00:00
0819284fd0190cdc,scoringdance,round,scoringdance:190,https://scoring.dance/enUS/events/190/results/2984.html,bdc7a02090b44b5f,live,0,2026-09-12T14:32:07.306469+00:00
97647fb570f306ee,scoringdance,round,scoringdance:190,https://scoring.dance/enUS/events/190/results/2986.html,bdc7a02090b44b5f,live,0,2026-09-12T14:32:07.306469+00:00
ed51933d1af772b5,scoringdance,round,scoringdance:191,https://scoring.dance/enUS/events/191/results/2919.html,a6e6af9cd6b8de02,live,0,2026-09-10T16:02:29.903860+00:00
4da53229441a56fa,scoringdance,round,scoringdance:191,https://scoring.dance/enUS/events/191/results/2920.html,a6e6af9cd6b8de02,live,0,2026-09-10T16:02:29.903860+00:00
3f9314cc7e686c6b,scoringdance,round,scoringdance:191,https://scoring.dance/enUS/events/191/results/2921.html,a6e6af9cd6b8de02,live,0,2026-09-10T16:02:29.903860+00:00
092097b29f042226,scoringdance,round,scoringdance:191,https://scoring.dance/enUS/events/191/results/2922.html,a6e6af9cd6b8de02,live,0,2026-09-10T16:02:29.903860+00:00
d917e787985b8f10,scoringdance,round,scoringdance:191,https://scoring.dance/enUS/events/191/results/2923.html,a6e6af9cd6b8de02,live,0,2026-09-10T16:02:29.903860+00:00
26f87f42f51e9750,scoringdance,round,scoringdance:191,https://scoring.dance/enUS/events/191/results/2924.html,a6e6af9cd6b8de02,live,0,2026-09-10T16:02:29.903860+00:00
27025534df372dfb,scoringdance,round,scoringdance:191,https://scoring.dance/enUS/events/191/results/2925.html,a6e6af9cd6b8de02,live,0,2026-09-10T16:02:29.903860+00:00
06d9727071b29f1f,scoringdance,round,scoringdance:191,https://scoring.dance/enUS/events/191/results/2927.html,a6e6af9cd6b8de02,live,0,2026-09-10T16:02:29.903860+00:00
da25c8d8382f775c,scoringdance,round,scoringdance:191,https://scoring.dance/enUS/events/191/results/2928.html,a6e6af9cd6b8de02,live,0,2026-09-10T16:02:29.903860+00:00
ea7370fa53b7dd57,scoringdance,round,scoringdance:191,https://scoring.dance/enUS/events/191/results/2929.html,a6e6af9cd6b8de02,live,0,2026-09-10T16:02:29.903860+00:00
9703e5fe4168a59d,scoringdance,round,scoringdance:191,https://scoring.dance/enUS/events/191/results/2930.html,a6e6af9cd6b8de02,live,0,2026-09-10T16:02:29.903860+00:00
45dc0687ae288dd5,scoringdance,round,scoringdance:191,https://scoring.dance/enUS/events/191/results/2931.html,a6e6af9cd6b8de02,live,0,2026-09-10T16:02:29.903860+00:00
2d635f851d1e488e,scoringdance,round,scoringdance:191,https://scoring.dance/enUS/events/191/results/2932.html,a6e6af9cd6b8de02,live,0,2026-09-10T16:02:29.903860+00:00
7435a3655a041f9c,scoringdance,round,scoringdance:191,https://scoring.dance/enUS/events/191/results/2933.html,a6e6af9cd6b8de02,live,0,2026-09-10T16:02:29.903860+00:00
91d69bf0e1b89f1e,scoringdance,round,scoringdance:191,https://scoring.dance/enUS/events/191/results/2934.html,a6e6af9cd6b8de02,live,0,2026-09-10T16:02:29.903860+00:00
309f7928daa39da1,scoringdance,round,scoringdance:191,https://scoring.dance/enUS/events/191/results/2936.html,a6e6af9cd6b8de02,live,0,2026-09-10T16:02:29.903860+00:00
543350a8a74e1ba8,scoringdance,round,scoringdance:192,https://scoring.dance/enUS/events/192/results/3695.html,7d57a4bdfbf361b1,live,0,2026-09-10T16:02:29.538685+00:00
13cc53bd828e15ca,scoringdance,round,scoringdance:192,https://scoring.dance/enUS/events/192/results/3696.html,7d57a4bdfbf361b1,live,0,2026-09-10T16:02:29.538685+00:00
aee135c4b0f36b76,scoringdance,round,scoringdance:192,https://scoring.dance/enUS/events/192/results/3697.html,7d57a4bdfbf361b1,live,0,2026-09-10T16:02:29.538685+00:00
a42a035e118526e2,scoringdance,round,scoringdance:192,https://scoring.dance/enUS/events/192/results/3698.html,7d57a4bdfbf361b1,live,0,2026-09-10T16:02:29.538685+00:00
a4d791e1a5c95cf8,scoringdance,round,scoringdance:192,https://scoring.dance/enUS/events/192/results/3699.html,7d57a4bdfbf361b1,live,0,2026-09-10T16:02:29.538685+00:00
ff517f9597009cfb,scoringdance,round,scoringdance:192,https://scoring.dance/enUS/events/192/results/3700.html,7d57a4bdfbf361b1,live,0,2026-09-10T16:02:29.538685+00:00
32ec996240f804dd,scoringdance,round,scoringdance:192,https://scoring.dance/enUS/events/192/results/3701.html,7d57a4bdfbf361b1,live,0,2026-09-10T16:02:29.538685+00:00
a495a60c3ac59cd5,scoringdance,round,scoringdance:192,https://scoring.dance/enUS/events/192/results/3702.html,7d57a4bdfbf361b1,live,0,2026-09-10T16:02:29.538685+00:00
e2ec9df704b4dfd4,scoringdance,round,scoringdance:192,https://scoring.dance/enUS/events/192/results/3703.html,7d57a4bdfbf361b1,live,0,2026-09-10T16:02:29.538685+00:00
f81691d0c6dec36b,scoringdance,round,scoringdance:192,https://scoring.dance/enUS/events/192/results/3704.html,7d57a4bdfbf361b1,live,0,2026-09-10T16:02:29.538685+00:00
5936fee56ee791b2,scoringdance,round,scoringdance:192,https://scoring.dance/enUS/events/192/results/3705.html,7d57a4bdfbf361b1,live,0,2026-09-10T16:02:29.538685+00:00
04a9df2b040f94de,scoringdance,round,scoringdance:192,https://scoring.dance/enUS/events/192/results/3706.html,7d57a4bdfbf361b1,live,0,2026-09-10T16:02:29.538685+00:00
0fdfd16fc1e9dda7,scoringdance,round,scoringdance:192,https://scoring.dance/enUS/events/192/results/3707.html,7d57a4bdfbf361b1,live,0,2026-09-10T16:02:29.538685+00:00
b352c6293a8b52d3,scoringdance,round,scoringdance:192,https://scoring.dance/enUS/events/192/results/3708.html,7d57a4bdfbf361b1,live,0,2026-09-10T16:02:29.538685+00:00
fb9d27e1922365c6,scoringdance,round,scoringdance:192,https://scoring.dance/enUS/events/192/results/3709.html,7d57a4bdfbf361b1,live,0,2026-09-10T16:02:29.538685+00:00
2df65454e24977e6,scoringdance,round,scoringdance:192,https://scoring.dance/enUS/events/192/results/3710.html,7d57a4bdfbf361b1,live,0,2026-09-10T16:02:29.538685+00:00
8f3eba84a9f9a011,scoringdance,round,scoringdance:192,https://scoring.dance/enUS/events/192/results/3711.html,7d57a4bdfbf361b1,live,0,2026-09-10T16:02:29.538685+00:00
0ebe8da3f5171dd1,scoringdance,round,scoringdance:192,https://scoring.dance/enUS/events/192/results/3712.html,7d57a4bdfbf361b1,live,0,2026-09-10T16:02:29.538685+00:00
8decd16c6ab7494e,scoringdance,round,scoringdance:192,https://scoring.dance/enUS/events/192/results/3713.html,7d57a4bdfbf361b1,live,0,2026-09-10T16:02:29.538685+00:00
d4ada3fb6f4b2121,scoringdance,round,scoringdance:192,https://scoring.dance/enUS/events/192/results/3714.html,7d57a4bdfbf361b1,live,0,2026-09-10T16:02:29.538685+00:00
2a343ab6d286f689,scoringdance,round,scoringdance:192,https://scoring.dance/enUS/events/192/results/3715.html,7d57a4bdfbf361b1,live,0,2026-09-10T16:02:29.538685+00:00
3f67b200b0124c51,scoringdance,round,scoringdance:192,https://scoring.dance/enUS/events/192/results/3716.html,7d57a4bdfbf361b1,live,0,2026-09-10T16:02:29.538685+00:00
f807fed82caac51e,scoringdance,round,scoringdance:192,https://scoring.dance/enUS/events/192/results/3717.html,7d57a4bdfbf361b1,live,0,2026-09-10T16:02:29.538685+00:00
813559da05d93596,scoringdance,round,scoringdance:192,https://scoring.dance/enUS/events/192/results/3718.html,7d57a4bdfbf361b1,live,0,2026-09-10T16:02:29.538685+00:00
d82bf12b7ce4c3c2,scoringdance,round,scoringdance:192,https://scoring.dance/enUS/events/192/results/3719.html,7d57a4bdfbf361b1,live,0,2026-09-10T16:02:29.538685+00:00
5dd9d8e029c52cce,scoringdance,round,scoringdance:192,https://scoring.dance/enUS/events/192/results/3721.html,7d57a4bdfbf361b1,live,0,2026-09-10T16:02:29.538685+00:00
ebff84a3846c90fe,scoringdance,round,scoringdance:193,https://scoring.dance/enUS/events/193/results/3014.html,75a95446a16ed09c,live,0,2026-09-10T16:02:29.464268+00:00
a9aa81615940e9e2,scoringdance,round,scoringdance:193,https://scoring.dance/enUS/events/193/results/3015.html,75a95446a16ed09c,live,0,2026-09-10T16:02:29.464268+00:00
96304e2f3b044bde,scoringdance,round,scoringdance:193,https://scoring.dance/enUS/events/193/results/3020.html,75a95446a16ed09c,live,0,2026-09-10T16:02:29.464268+00:00
ed5a6834527a2194,scoringdance,round,scoringdance:193,https://scoring.dance/enUS/events/193/results/3021.html,75a95446a16ed09c,live,0,2026-09-10T16:02:29.464268+00:00
88d6eb4d3d0002f2,scoringdance,round,scoringdance:193,https://scoring.dance/enUS/events/193/results/3022.html,75a95446a16ed09c,live,0,2026-09-10T16:02:29.464268+00:00
9c4d3f436dc36da9,scoringdance,round,scoringdance:193,https://scoring.dance/enUS/events/193/results/3023.html,75a95446a16ed09c,live,0,2026-09-10T16:02:29.464268+00:00
15c2950c4078e138,scoringdance,round,scoringdance:193,https://scoring.dance/enUS/events/193/results/3025.html,75a95446a16ed09c,live,0,2026-09-10T16:02:29.464268+00:00
2759161c7cb18585,scoringdance,round,scoringdance:193,https://scoring.dance/enUS/events/193/results/3026.html,75a95446a16ed09c,live,0,2026-09-10T16:02:29.464268+00:00
f3fb4f085734098b,scoringdance,round,scoringdance:193,https://scoring.dance/enUS/events/193/results/3027.html,75a95446a16ed09c,live,0,2026-09-10T16:02:29.464268+00:00
a56a10c679c359a3,scoringdance,round,scoringdance:193,https://scoring.dance/enUS/events/193/results/3028.html,75a95446a16ed09c,live,0,2026-09-10T16:02:29.464268+00:00
e50a02cf50eaa298,scoringdance,round,scoringdance:193,https://scoring.dance/enUS/events/193/results/3029.html,75a95446a16ed09c,live,0,2026-09-10T16:02:29.464268+00:00
64338ed55350f46b,scoringdance,round,scoringdance:193,https://scoring.dance/enUS/events/193/results/3030.html,75a95446a16ed09c,live,0,2026-09-10T16:02:29.464268+00:00
cc256d3ccb075041,scoringdance,round,scoringdance:193,https://scoring.dance/enUS/events/193/results/3031.html,75a95446a16ed09c,live,0,2026-09-10T16:02:29.464268+00:00
5aa3eb66e85f1fbc,scoringdance,round,scoringdance:193,https://scoring.dance/enUS/events/193/results/3032.html,75a95446a16ed09c,live,0,2026-09-10T16:02:29.464268+00:00
6928118d45a56384,scoringdance,round,scoringdance:193,https://scoring.dance/enUS/events/193/results/3033.html,75a95446a16ed09c,live,0,2026-09-10T16:02:29.464268+00:00
5ae82172ef1bc666,scoringdance,round,scoringdance:193,https://scoring.dance/enUS/events/193/results/3034.html,75a95446a16ed09c,live,0,2026-09-10T16:02:29.464268+00:00
2ad1b073cc824e94,scoringdance,round,scoringdance:193,https://scoring.dance/enUS/events/193/results/3035.html,75a95446a16ed09c,live,0,2026-09-10T16:02:29.464268+00:00
60b34e822d57e825,scoringdance,round,scoringdance:193,https://scoring.dance/enUS/events/193/results/3036.html,75a95446a16ed09c,live,0,2026-09-10T16:02:29.464268+00:00
0f66ddc67b43e161,scoringdance,round,scoringdance:193,https://scoring.dance/enUS/events/193/results/3037.html,75a95446a16ed09c,live,0,2026-09-10T16:02:29.464268+00:00
e23799787f7ca648,scoringdance,round,scoringdance:193,https://scoring.dance/enUS/events/193/results/3038.html,75a95446a16ed09c,live,0,2026-09-10T16:02:29.464268+00:00
b815b48d64a8f52e,scoringdance,round,scoringdance:193,https://scoring.dance/enUS/events/193/results/3039.html,75a95446a16ed09c,live,0,2026-09-10T16:02:29.464268+00:00
10696122f9ffbc13,scoringdance,round,scoringdance:193,https://scoring.dance/enUS/events/193/results/3040.html,75a95446a16ed09c,live,0,2026-09-10T16:02:29.464268+00:00
11012013efe9a23b,scoringdance,round,scoringdance:193,https://scoring.dance/enUS/events/193/results/3042.html,75a95446a16ed09c,live,0,2026-09-10T16:02:29.464268+00:00
4091d218e157c642,scoringdance,round,scoringdance:193,https://scoring.dance/enUS/events/193/results/3043.html,75a95446a16ed09c,live,0,2026-09-10T16:02:29.464268+00:00
791c9e7655baf534,scoringdance,round,scoringdance:193,https://scoring.dance/enUS/events/193/results/3044.html,75a95446a16ed09c,live,0,2026-09-10T16:02:29.464268+00:00
d84f317d22c2db79,scoringdance,round,scoringdance:193,https://scoring.dance/enUS/events/193/results/3045.html,75a95446a16ed09c,live,0,2026-09-10T16:02:29.464268+00:00
c30db7b8ad976ecf,scoringdance,round,scoringdance:193,https://scoring.dance/enUS/events/193/results/3046.html,75a95446a16ed09c,live,0,2026-09-10T16:02:29.464268+00:00
e58a9051ed44f923,scoringdance,round,scoringdance:193,https://scoring.dance/enUS/events/193/results/3047.html,75a95446a16ed09c,live,0,2026-09-10T16:02:29.464268+00:00
0cb07d1d66af8a7f,scoringdance,round,scoringdance:193,https://scoring.dance/enUS/events/193/results/3048.html,75a95446a16ed09c,live,0,2026-09-10T16:02:29.464268+00:00
bb135c7675169f8d,scoringdance,round,scoringdance:193,https://scoring.dance/enUS/events/193/results/3049.html,75a95446a16ed09c,live,0,2026-09-10T16:02:29.464268+00:00
7968176be787a27d,scoringdance,round,scoringdance:193,https://scoring.dance/enUS/events/193/results/3050.html,75a95446a16ed09c,live,0,2026-09-10T16:02:29.464268+00:00
6fc01d8901294798,scoringdance,round,scoringdance:193,https://scoring.dance/enUS/events/193/results/3053.html,75a95446a16ed09c,live,0,2026-09-10T16:02:29.464268+00:00
fd2c2f8dfb5b7755,scoringdance,round,scoringdance:195,https://scoring.dance/enUS/events/195/results/3066.html,e69b4001d3960de1,live,0,2026-09-10T16:02:30.528742+00:00
e749caf4717429e9,scoringdance,round,scoringdance:195,https://scoring.dance/enUS/events/195/results/3067.html,e69b4001d3960de1,live,0,2026-09-10T16:02:30.528742+00:00
5bf7a0c2982157a7,scoringdance,round,scoringdance:195,https://scoring.dance/enUS/events/195/results/3068.html,e69b4001d3960de1,live,0,2026-09-10T16:02:30.528742+00:00
21fe8b9193b414e9,scoringdance,round,scoringdance:195,https://scoring.dance/enUS/events/195/results/3069.html,e69b4001d3960de1,live,0,2026-09-10T16:02:30.528742+00:00
01ff2b92c7e6e620,scoringdance,round,scoringdance:195,https://scoring.dance/enUS/events/195/results/3070.html,e69b4001d3960de1,live,0,2026-09-10T16:02:30.528742+00:00
c9bd2a7b50f87e34,scoringdance,round,scoringdance:195,https://scoring.dance/enUS/events/195/results/3071.html,e69b4001d3960de1,live,0,2026-09-10T16:02:30.528742+00:00
4d41f46e99169481,scoringdance,round,scoringdance:195,https://scoring.dance/enUS/events/195/results/3072.html,e69b4001d3960de1,live,0,2026-09-10T16:02:30.528742+00:00
09ddd9bad48ba7cd,scoringdance,round,scoringdance:195,https://scoring.dance/enUS/events/195/results/3073.html,e69b4001d3960de1,live,0,2026-09-10T16:02:30.528742+00:00
faabd8bade8cf6f9,scoringdance,round,scoringdance:195,https://scoring.dance/enUS/events/195/results/3074.html,e69b4001d3960de1,live,0,2026-09-10T16:02:30.528742+00:00
411a7e8545a38d9a,scoringdance,round,scoringdance:195,https://scoring.dance/enUS/events/195/results/3075.html,e69b4001d3960de1,live,0,2026-09-10T16:02:30.528742+00:00
ceec6aad4aca6990,scoringdance,round,scoringdance:195,https://scoring.dance/enUS/events/195/results/3076.html,e69b4001d3960de1,live,0,2026-09-10T16:02:30.528742+00:00
408d4134fea5db04,scoringdance,round,scoringdance:195,https://scoring.dance/enUS/events/195/results/3078.html,e69b4001d3960de1,live,0,2026-09-10T16:02:30.528742+00:00
70ed0140175e47ad,scoringdance,round,scoringdance:195,https://scoring.dance/enUS/events/195/results/3079.html,e69b4001d3960de1,live,0,2026-09-10T16:02:30.528742+00:00
546592560d5be137,scoringdance,round,scoringdance:195,https://scoring.dance/enUS/events/195/results/3080.html,e69b4001d3960de1,live,0,2026-09-10T16:02:30.528742+00:00
edd1c3d6cc7cda5c,scoringdance,round,scoringdance:195,https://scoring.dance/enUS/events/195/results/3081.html,e69b4001d3960de1,live,0,2026-09-10T16:02:30.528742+00:00
12034301cd2d4f3f,scoringdance,round,scoringdance:195,https://scoring.dance/enUS/events/195/results/3083.html,e69b4001d3960de1,live,0,2026-09-10T16:02:30.528742+00:00
7d3e2f7f169113aa,scoringdance,round,scoringdance:195,https://scoring.dance/enUS/events/195/results/3085.html,e69b4001d3960de1,live,0,2026-09-10T16:02:30.528742+00:00
e7ab445b6ae4dcce,scoringdance,round,scoringdance:195,https://scoring.dance/enUS/events/195/results/3087.html,e69b4001d3960de1,live,0,2026-09-10T16:02:30.528742+00:00
18a9a2a12f39ae52,scoringdance,round,scoringdance:195,https://scoring.dance/enUS/events/195/results/3089.html,e69b4001d3960de1,live,0,2026-09-10T16:02:30.528742+00:00
616f114ad0acd5e1,scoringdance,round,scoringdance:195,https://scoring.dance/enUS/events/195/results/3091.html,e69b4001d3960de1,live,0,2026-09-10T16:02:30.528742+00:00
b5d391adab340acc,scoringdance,round,scoringdance:195,https://scoring.dance/enUS/events/195/results/3093.html,e69b4001d3960de1,live,0,2026-09-10T16:02:30.528742+00:00
3ef18514711b70dc,scoringdance,round,scoringdance:196,https://scoring.dance/enUS/events/196/results/2864.html,3c7d6d3ea3a0cda5,live,0,2026-09-10T16:02:28.940473+00:00
304832600b957495,scoringdance,round,scoringdance:196,https://scoring.dance/enUS/events/196/results/2865.html,3c7d6d3ea3a0cda5,live,0,2026-09-10T16:02:28.940473+00:00
89d458ff69589fd6,scoringdance,round,scoringdance:196,https://scoring.dance/enUS/events/196/results/2866.html,3c7d6d3ea3a0cda5,live,0,2026-09-10T16:02:28.940473+00:00
2107cdca5f5e9e14,scoringdance,round,scoringdance:196,https://scoring.dance/enUS/events/196/results/2867.html,3c7d6d3ea3a0cda5,live,0,2026-09-10T16:02:28.940473+00:00
0c92d58ccbcc3bc4,scoringdance,round,scoringdance:196,https://scoring.dance/enUS/events/196/results/2868.html,3c7d6d3ea3a0cda5,live,0,2026-09-10T16:02:28.940473+00:00
73b5c440c4e9541c,scoringdance,round,scoringdance:196,https://scoring.dance/enUS/events/196/results/2869.html,3c7d6d3ea3a0cda5,live,0,2026-09-10T16:02:28.940473+00:00
5c3ba4a1b2520f99,scoringdance,round,scoringdance:196,https://scoring.dance/enUS/events/196/results/2870.html,3c7d6d3ea3a0cda5,live,0,2026-09-10T16:02:28.940473+00:00
d60c8083155c3c3b,scoringdance,round,scoringdance:196,https://scoring.dance/enUS/events/196/results/2871.html,3c7d6d3ea3a0cda5,live,0,2026-09-10T16:02:28.940473+00:00
c3ade9de10b271e0,scoringdance,round,scoringdance:196,https://scoring.dance/enUS/events/196/results/2872.html,3c7d6d3ea3a0cda5,live,0,2026-09-10T16:02:28.940473+00:00
37f8c41daced7ee8,scoringdance,round,scoringdance:196,https://scoring.dance/enUS/events/196/results/2873.html,3c7d6d3ea3a0cda5,live,0,2026-09-10T16:02:28.940473+00:00
d604f7376019a1c8,scoringdance,round,scoringdance:196,https://scoring.dance/enUS/events/196/results/2874.html,3c7d6d3ea3a0cda5,live,0,2026-09-10T16:02:28.940473+00:00
c7c29632d3769ca9,scoringdance,round,scoringdance:196,https://scoring.dance/enUS/events/196/results/2875.html,3c7d6d3ea3a0cda5,live,0,2026-09-10T16:02:28.940473+00:00
cdcd444156aed45b,scoringdance,round,scoringdance:196,https://scoring.dance/enUS/events/196/results/2876.html,3c7d6d3ea3a0cda5,live,0,2026-09-10T16:02:28.940473+00:00
a9e0c3326fbba655,scoringdance,round,scoringdance:196,https://scoring.dance/enUS/events/196/results/2877.html,3c7d6d3ea3a0cda5,live,0,2026-09-10T16:02:28.940473+00:00
041506c2e866eb29,scoringdance,round,scoringdance:196,https://scoring.dance/enUS/events/196/results/2878.html,3c7d6d3ea3a0cda5,live,0,2026-09-10T16:02:28.940473+00:00
d15f2e37f94b5278,scoringdance,round,scoringdance:196,https://scoring.dance/enUS/events/196/results/2879.html,3c7d6d3ea3a0cda5,live,0,2026-09-10T16:02:28.940473+00:00
b88234d5dd6756da,scoringdance,round,scoringdance:196,https://scoring.dance/enUS/events/196/results/2880.html,3c7d6d3ea3a0cda5,live,0,2026-09-10T16:02:28.940473+00:00
71276b86ff528713,scoringdance,round,scoringdance:196,https://scoring.dance/enUS/events/196/results/2881.html,3c7d6d3ea3a0cda5,live,0,2026-09-10T16:02:28.940473+00:00
6c3eecd7233fd378,scoringdance,round,scoringdance:197,https://scoring.dance/enUS/events/197/results/2886.html,6ee76ee318776762,live,0,2026-09-10T16:02:29.415788+00:00
f10a410feb319b73,scoringdance,round,scoringdance:197,https://scoring.dance/enUS/events/197/results/2887.html,6ee76ee318776762,live,0,2026-09-10T16:02:29.415788+00:00
ebd7d9cd52f116a9,scoringdance,round,scoringdance:197,https://scoring.dance/enUS/events/197/results/2888.html,6ee76ee318776762,live,0,2026-09-10T16:02:29.415788+00:00
7272c51ceb433742,scoringdance,round,scoringdance:199,https://scoring.dance/enUS/events/199/results/2990.html,64d78fd30ed63766,live,0,2026-09-10T16:02:29.340257+00:00
a13b609f0decec6a,scoringdance,round,scoringdance:199,https://scoring.dance/enUS/events/199/results/2991.html,64d78fd30ed63766,live,0,2026-09-10T16:02:29.340257+00:00
674d60ddb4cd7572,scoringdance,round,scoringdance:199,https://scoring.dance/enUS/events/199/results/2992.html,64d78fd30ed63766,live,0,2026-09-10T16:02:29.340257+00:00
3f835a0527abcdf5,scoringdance,round,scoringdance:199,https://scoring.dance/enUS/events/199/results/2993.html,64d78fd30ed63766,live,0,2026-09-10T16:02:29.340257+00:00
ca5a97f511a3d40d,scoringdance,round,scoringdance:199,https://scoring.dance/enUS/events/199/results/2994.html,64d78fd30ed63766,live,0,2026-09-10T16:02:29.340257+00:00
a5130d923fad5b17,scoringdance,round,scoringdance:199,https://scoring.dance/enUS/events/199/results/2995.html,64d78fd30ed63766,live,0,2026-09-10T16:02:29.340257+00:00
abf39a8272e1818e,scoringdance,round,scoringdance:199,https://scoring.dance/enUS/events/199/results/2997.html,64d78fd30ed63766,live,0,2026-09-10T16:02:29.340257+00:00
a280656040781be9,scoringdance,round,scoringdance:199,https://scoring.dance/enUS/events/199/results/2998.html,64d78fd30ed63766,live,0,2026-09-10T16:02:29.340257+00:00
934b2ff6b2079455,scoringdance,round,scoringdance:199,https://scoring.dance/enUS/events/199/results/2999.html,64d78fd30ed63766,live,0,2026-09-10T16:02:29.340257+00:00
87e5d978c8a5706c,scoringdance,round,scoringdance:199,https://scoring.dance/enUS/events/199/results/3000.html,64d78fd30ed63766,live,0,2026-09-10T16:02:29.340257+00:00
58da79ba8663c98b,scoringdance,round,scoringdance:199,https://scoring.dance/enUS/events/199/results/3001.html,64d78fd30ed63766,live,0,2026-09-10T16:02:29.340257+00:00
cedf68000233eca9,scoringdance,round,scoringdance:199,https://scoring.dance/enUS/events/199/results/3002.html,64d78fd30ed63766,live,0,2026-09-10T16:02:29.340257+00:00
5354907d79d2a798,scoringdance,round,scoringdance:199,https://scoring.dance/enUS/events/199/results/3003.html,64d78fd30ed63766,live,0,2026-09-10T16:02:29.340257+00:00
323ee57450106a36,scoringdance,round,scoringdance:199,https://scoring.dance/enUS/events/199/results/3004.html,64d78fd30ed63766,live,0,2026-09-10T16:02:29.340257+00:00
23983462575767f7,scoringdance,round,scoringdance:199,https://scoring.dance/enUS/events/199/results/3006.html,64d78fd30ed63766,live,0,2026-09-10T16:02:29.340257+00:00
e541f99be334722d,scoringdance,round,scoringdance:199,https://scoring.dance/enUS/events/199/results/3007.html,64d78fd30ed63766,live,0,2026-09-10T16:02:29.340257+00:00
ef64b7663f8cb9da,scoringdance,round,scoringdance:199,https://scoring.dance/enUS/events/199/results/3008.html,64d78fd30ed63766,live,0,2026-09-10T16:02:29.340257+00:00
8e97fdc4e78cea36,scoringdance,round,scoringdance:199,https://scoring.dance/enUS/events/199/results/3009.html,64d78fd30ed63766,live,0,2026-09-10T16:02:29.340257+00:00
9028738189cd8f1a,scoringdance,round,scoringdance:199,https://scoring.dance/enUS/events/199/results/3010.html,64d78fd30ed63766,live,0,2026-09-10T16:02:29.340257+00:00
10c7dc83d2ce73f5,scoringdance,round,scoringdance:199,https://scoring.dance/enUS/events/199/results/3011.html,64d78fd30ed63766,live,0,2026-09-10T16:02:29.340257+00:00
8945324c375a7780,scoringdance,round,scoringdance:199,https://scoring.dance/enUS/events/199/results/3012.html,64d78fd30ed63766,live,0,2026-09-10T16:02:29.340257+00:00
aef61f861271af68,scoringdance,round,scoringdance:200,https://scoring.dance/enUS/events/200/results/4142.html,a1bd274e0c444b41,live,0,2026-09-10T16:02:29.859537+00:00
15ec5fb8b7a38b03,scoringdance,round,scoringdance:200,https://scoring.dance/enUS/events/200/results/4143.html,a1bd274e0c444b41,live,0,2026-09-10T16:02:29.859537+00:00
c4691d30597f2e3a,scoringdance,round,scoringdance:200,https://scoring.dance/enUS/events/200/results/4144.html,a1bd274e0c444b41,live,0,2026-09-10T16:02:29.859537+00:00
090ce269bb475d1a,scoringdance,round,scoringdance:200,https://scoring.dance/enUS/events/200/results/4145.html,a1bd274e0c444b41,live,0,2026-09-10T16:02:29.859537+00:00
f098e617dcee412c,scoringdance,round,scoringdance:200,https://scoring.dance/enUS/events/200/results/4146.html,a1bd274e0c444b41,live,0,2026-09-10T16:02:29.859537+00:00
da994a5df4cfaa50,scoringdance,round,scoringdance:200,https://scoring.dance/enUS/events/200/results/4147.html,a1bd274e0c444b41,live,0,2026-09-10T16:02:29.859537+00:00
023f76163b261e24,scoringdance,round,scoringdance:200,https://scoring.dance/enUS/events/200/results/4149.html,a1bd274e0c444b41,live,0,2026-09-10T16:02:29.859537+00:00
221f131679a11121,scoringdance,round,scoringdance:200,https://scoring.dance/enUS/events/200/results/4150.html,a1bd274e0c444b41,live,0,2026-09-10T16:02:29.859537+00:00
e54f5ca933cb1491,scoringdance,round,scoringdance:200,https://scoring.dance/enUS/events/200/results/4151.html,a1bd274e0c444b41,live,0,2026-09-10T16:02:29.859537+00:00
e99b7571d79a7899,scoringdance,round,scoringdance:200,https://scoring.dance/enUS/events/200/results/4153.html,a1bd274e0c444b41,live,0,2026-09-10T16:02:29.859537+00:00
a53eeb5fe45e6f66,scoringdance,round,scoringdance:200,https://scoring.dance/enUS/events/200/results/4154.html,a1bd274e0c444b41,live,0,2026-09-10T16:02:29.859537+00:00
6ed01d53a8df493d,scoringdance,round,scoringdance:200,https://scoring.dance/enUS/events/200/results/4155.html,a1bd274e0c444b41,live,0,2026-09-10T16:02:29.859537+00:00
4baea8f2a699a353,scoringdance,round,scoringdance:200,https://scoring.dance/enUS/events/200/results/4156.html,a1bd274e0c444b41,live,0,2026-09-10T16:02:29.859537+00:00
6e7f8f038a17e606,scoringdance,round,scoringdance:200,https://scoring.dance/enUS/events/200/results/4157.html,a1bd274e0c444b41,live,0,2026-09-10T16:02:29.859537+00:00
a1dc1b7efe247d49,scoringdance,round,scoringdance:200,https://scoring.dance/enUS/events/200/results/4159.html,a1bd274e0c444b41,live,0,2026-09-10T16:02:29.859537+00:00
68a961ad5e91c907,scoringdance,round,scoringdance:200,https://scoring.dance/enUS/events/200/results/4161.html,a1bd274e0c444b41,live,0,2026-09-10T16:02:29.859537+00:00
82a8b812001a45fe,scoringdance,round,scoringdance:200,https://scoring.dance/enUS/events/200/results/4162.html,a1bd274e0c444b41,live,0,2026-09-10T16:02:29.859537+00:00
9325f8acd9f83b05,scoringdance,round,scoringdance:201,https://scoring.dance/enUS/events/201/results/3340.html,4a9cafe5ad644630,live,0,2026-09-10T16:02:29.100629+00:00
2a27de9fc6c50123,scoringdance,round,scoringdance:201,https://scoring.dance/enUS/events/201/results/3342.html,4a9cafe5ad644630,live,0,2026-09-10T16:02:29.100629+00:00
53fa6456c768bc0e,scoringdance,round,scoringdance:201,https://scoring.dance/enUS/events/201/results/3343.html,4a9cafe5ad644630,live,0,2026-09-10T16:02:29.100629+00:00
0a0e99d09ebd80c3,scoringdance,round,scoringdance:201,https://scoring.dance/enUS/events/201/results/3345.html,4a9cafe5ad644630,live,0,2026-09-10T16:02:29.100629+00:00
d340b887b201621a,scoringdance,round,scoringdance:201,https://scoring.dance/enUS/events/201/results/3346.html,4a9cafe5ad644630,live,0,2026-09-10T16:02:29.100629+00:00
e3cb58caa6b37756,scoringdance,round,scoringdance:201,https://scoring.dance/enUS/events/201/results/3347.html,4a9cafe5ad644630,live,0,2026-09-10T16:02:29.100629+00:00
f31ad190a23c547d,scoringdance,round,scoringdance:201,https://scoring.dance/enUS/events/201/results/3348.html,4a9cafe5ad644630,live,0,2026-09-10T16:02:29.100629+00:00
a346652308ed6ee0,scoringdance,round,scoringdance:201,https://scoring.dance/enUS/events/201/results/3349.html,4a9cafe5ad644630,live,0,2026-09-10T16:02:29.100629+00:00
08de9e940e85878a,scoringdance,round,scoringdance:201,https://scoring.dance/enUS/events/201/results/3351.html,4a9cafe5ad644630,live,0,2026-09-10T16:02:29.100629+00:00
6224e01195612f46,scoringdance,round,scoringdance:201,https://scoring.dance/enUS/events/201/results/3352.html,4a9cafe5ad644630,live,0,2026-09-10T16:02:29.100629+00:00
d2d2885d47490893,scoringdance,round,scoringdance:201,https://scoring.dance/enUS/events/201/results/3353.html,4a9cafe5ad644630,live,0,2026-09-10T16:02:29.100629+00:00
c23d3a976b25c434,scoringdance,round,scoringdance:201,https://scoring.dance/enUS/events/201/results/3354.html,4a9cafe5ad644630,live,0,2026-09-10T16:02:29.100629+00:00
15f6fb788e3be9dc,scoringdance,round,scoringdance:201,https://scoring.dance/enUS/events/201/results/3355.html,4a9cafe5ad644630,live,0,2026-09-10T16:02:29.100629+00:00
cc9ea1dfed5abd40,scoringdance,round,scoringdance:201,https://scoring.dance/enUS/events/201/results/3356.html,4a9cafe5ad644630,live,0,2026-09-10T16:02:29.100629+00:00
ddfbcd329107f8f0,scoringdance,round,scoringdance:201,https://scoring.dance/enUS/events/201/results/3357.html,4a9cafe5ad644630,live,0,2026-09-10T16:02:29.100629+00:00
65fe7cdd8ca2540e,scoringdance,round,scoringdance:201,https://scoring.dance/enUS/events/201/results/3359.html,4a9cafe5ad644630,live,0,2026-09-10T16:02:29.100629+00:00
49cb85aa95f86a5f,scoringdance,round,scoringdance:201,https://scoring.dance/enUS/events/201/results/3361.html,4a9cafe5ad644630,live,0,2026-09-10T16:02:29.100629+00:00
d564d1fd0256fab6,scoringdance,round,scoringdance:201,https://scoring.dance/enUS/events/201/results/3363.html,4a9cafe5ad644630,live,0,2026-09-10T16:02:29.100629+00:00
7cab748fe743adad,scoringdance,round,scoringdance:201,https://scoring.dance/enUS/events/201/results/3364.html,4a9cafe5ad644630,live,0,2026-09-10T16:02:29.100629+00:00
0e2728b10886230e,scoringdance,round,scoringdance:201,https://scoring.dance/enUS/events/201/results/3365.html,4a9cafe5ad644630,live,0,2026-09-10T16:02:29.100629+00:00
bc2614a1e3cc49c2,scoringdance,round,scoringdance:201,https://scoring.dance/enUS/events/201/results/3366.html,4a9cafe5ad644630,live,0,2026-09-10T16:02:29.100629+00:00
72a152802d85272e,scoringdance,round,scoringdance:201,https://scoring.dance/enUS/events/201/results/3367.html,4a9cafe5ad644630,live,0,2026-09-10T16:02:29.100629+00:00
30d0861aa291b54e,scoringdance,round,scoringdance:201,https://scoring.dance/enUS/events/201/results/3368.html,4a9cafe5ad644630,live,0,2026-09-10T16:02:29.100629+00:00
e0a4a87d4407fada,scoringdance,round,scoringdance:201,https://scoring.dance/enUS/events/201/results/3369.html,4a9cafe5ad644630,live,0,2026-09-10T16:02:29.100629+00:00
6c5310dd28883b80,scoringdance,round,scoringdance:201,https://scoring.dance/enUS/events/201/results/3407.html,4a9cafe5ad644630,live,0,2026-09-10T16:02:29.100629+00:00
9179b00f7f66d3af,scoringdance,round,scoringdance:201,https://scoring.dance/enUS/events/201/results/3408.html,4a9cafe5ad644630,live,0,2026-09-10T16:02:29.100629+00:00
837ff8563ceb4259,scoringdance,round,scoringdance:201,https://scoring.dance/enUS/events/201/results/3409.html,4a9cafe5ad644630,live,0,2026-09-10T16:02:29.100629+00:00
aa539b04012ecff7,scoringdance,round,scoringdance:201,https://scoring.dance/enUS/events/201/results/3410.html,4a9cafe5ad644630,live,0,2026-09-10T16:02:29.100629+00:00
7ee2b3b41213f031,scoringdance,round,scoringdance:201,https://scoring.dance/enUS/events/201/results/3411.html,4a9cafe5ad644630,live,0,2026-09-10T16:02:29.100629+00:00
fbb58e17f0b97e12,scoringdance,round,scoringdance:202,https://scoring.dance/enUS/events/202/results/3120.html,79c11b3d0721b6ad,live,0,2026-09-10T16:02:29.504031+00:00
73a5f15095647b0a,scoringdance,round,scoringdance:202,https://scoring.dance/enUS/events/202/results/3121.html,79c11b3d0721b6ad,live,0,2026-09-10T16:02:29.504031+00:00
04cf5fbc3dd5400f,scoringdance,round,scoringdance:205,https://scoring.dance/enUS/events/205/results/3054.html,48e1875d56815fbf,live,0,2026-09-10T16:02:29.082579+00:00
08e3058715edaf5f,scoringdance,round,scoringdance:205,https://scoring.dance/enUS/events/205/results/3055.html,48e1875d56815fbf,live,0,2026-09-10T16:02:29.082579+00:00
335b76638f1b4175,scoringdance,round,scoringdance:205,https://scoring.dance/enUS/events/205/results/3056.html,48e1875d56815fbf,live,0,2026-09-10T16:02:29.082579+00:00
dfc73b0f604599ef,scoringdance,round,scoringdance:205,https://scoring.dance/enUS/events/205/results/3057.html,48e1875d56815fbf,live,0,2026-09-10T16:02:29.082579+00:00
93bf47dd84c5ccce,scoringdance,round,scoringdance:205,https://scoring.dance/enUS/events/205/results/3059.html,48e1875d56815fbf,live,0,2026-09-10T16:02:29.082579+00:00
3c4be4541834ed89,scoringdance,round,scoringdance:205,https://scoring.dance/enUS/events/205/results/3060.html,48e1875d56815fbf,live,0,2026-09-10T16:02:29.082579+00:00
8db959a7885e7480,scoringdance,round,scoringdance:205,https://scoring.dance/enUS/events/205/results/3061.html,48e1875d56815fbf,live,0,2026-09-10T16:02:29.082579+00:00
7c2781e32355c155,scoringdance,round,scoringdance:205,https://scoring.dance/enUS/events/205/results/3062.html,48e1875d56815fbf,live,0,2026-09-10T16:02:29.082579+00:00
6f2a7cc4741e7a3b,scoringdance,round,scoringdance:205,https://scoring.dance/enUS/events/205/results/3063.html,48e1875d56815fbf,live,0,2026-09-10T16:02:29.082579+00:00
a269f66980f70368,scoringdance,round,scoringdance:205,https://scoring.dance/enUS/events/205/results/3064.html,48e1875d56815fbf,live,0,2026-09-10T16:02:29.082579+00:00
bc2d7af24575fbae,scoringdance,round,scoringdance:205,https://scoring.dance/enUS/events/205/results/3065.html,48e1875d56815fbf,live,0,2026-09-10T16:02:29.082579+00:00
dbb68f376c3d5bde,scoringdance,round,scoringdance:206,https://scoring.dance/enUS/events/206/results/3096.html,2db4d78c08e13fb7,live,0,2026-09-10T16:02:28.808946+00:00
848d82d15fc99bb9,scoringdance,round,scoringdance:206,https://scoring.dance/enUS/events/206/results/3097.html,2db4d78c08e13fb7,live,0,2026-09-10T16:02:28.808946+00:00
581db8c44fed7ae4,scoringdance,round,scoringdance:206,https://scoring.dance/enUS/events/206/results/3098.html,2db4d78c08e13fb7,live,0,2026-09-10T16:02:28.808946+00:00
70df94c7cf5b092a,scoringdance,round,scoringdance:206,https://scoring.dance/enUS/events/206/results/3099.html,2db4d78c08e13fb7,live,0,2026-09-10T16:02:28.808946+00:00
f2b9900a1b325559,scoringdance,round,scoringdance:206,https://scoring.dance/enUS/events/206/results/3100.html,2db4d78c08e13fb7,live,0,2026-09-10T16:02:28.808946+00:00
097379f45886ce00,scoringdance,round,scoringdance:206,https://scoring.dance/enUS/events/206/results/3101.html,2db4d78c08e13fb7,live,0,2026-09-10T16:02:28.808946+00:00
58d1962a6670c256,scoringdance,round,scoringdance:206,https://scoring.dance/enUS/events/206/results/3102.html,2db4d78c08e13fb7,live,0,2026-09-10T16:02:28.808946+00:00
6a717d2d0d62e65d,scoringdance,round,scoringdance:206,https://scoring.dance/enUS/events/206/results/3103.html,2db4d78c08e13fb7,live,0,2026-09-10T16:02:28.808946+00:00
8eb6923215209fb4,scoringdance,round,scoringdance:206,https://scoring.dance/enUS/events/206/results/3104.html,2db4d78c08e13fb7,live,0,2026-09-10T16:02:28.808946+00:00
e5ccccce74a25676,scoringdance,round,scoringdance:206,https://scoring.dance/enUS/events/206/results/3105.html,2db4d78c08e13fb7,live,0,2026-09-10T16:02:28.808946+00:00
e0bf1846d7ad4775,scoringdance,round,scoringdance:206,https://scoring.dance/enUS/events/206/results/3106.html,2db4d78c08e13fb7,live,0,2026-09-10T16:02:28.808946+00:00
3a207d13c7171c05,scoringdance,round,scoringdance:206,https://scoring.dance/enUS/events/206/results/3107.html,2db4d78c08e13fb7,live,0,2026-09-10T16:02:28.808946+00:00
78a2c8a1a75b5fef,scoringdance,round,scoringdance:206,https://scoring.dance/enUS/events/206/results/3108.html,2db4d78c08e13fb7,live,0,2026-09-10T16:02:28.808946+00:00
86895e5135a2b16c,scoringdance,round,scoringdance:206,https://scoring.dance/enUS/events/206/results/3109.html,2db4d78c08e13fb7,live,0,2026-09-10T16:02:28.808946+00:00
f0e136d43a796cdc,scoringdance,round,scoringdance:206,https://scoring.dance/enUS/events/206/results/3110.html,2db4d78c08e13fb7,live,0,2026-09-10T16:02:28.808946+00:00
af9b8b905aaff1ab,scoringdance,round,scoringdance:206,https://scoring.dance/enUS/events/206/results/3111.html,2db4d78c08e13fb7,live,0,2026-09-10T16:02:28.808946+00:00
1013dd698d2c6b56,scoringdance,round,scoringdance:206,https://scoring.dance/enUS/events/206/results/3112.html,2db4d78c08e13fb7,live,0,2026-09-10T16:02:28.808946+00:00
007e8dfb6f8192c2,scoringdance,round,scoringdance:206,https://scoring.dance/enUS/events/206/results/3113.html,2db4d78c08e13fb7,live,0,2026-09-10T16:02:28.808946+00:00
2ce805887de486ce,scoringdance,round,scoringdance:206,https://scoring.dance/enUS/events/206/results/3114.html,2db4d78c08e13fb7,live,0,2026-09-10T16:02:28.808946+00:00
8cb24812ddd2b4bf,scoringdance,round,scoringdance:206,https://scoring.dance/enUS/events/206/results/3115.html,2db4d78c08e13fb7,live,0,2026-09-10T16:02:28.808946+00:00
2c537d2ff1e97d50,scoringdance,round,scoringdance:206,https://scoring.dance/enUS/events/206/results/3116.html,2db4d78c08e13fb7,live,0,2026-09-10T16:02:28.808946+00:00
e1f6e423679cd87a,scoringdance,round,scoringdance:206,https://scoring.dance/enUS/events/206/results/3117.html,2db4d78c08e13fb7,live,0,2026-09-10T16:02:28.808946+00:00
582916f51845c5ed,scoringdance,round,scoringdance:206,https://scoring.dance/enUS/events/206/results/3118.html,2db4d78c08e13fb7,live,0,2026-09-10T16:02:28.808946+00:00
9f375d065dba15d8,scoringdance,round,scoringdance:206,https://scoring.dance/enUS/events/206/results/3119.html,2db4d78c08e13fb7,live,0,2026-09-10T16:02:28.808946+00:00
729e72a244b12495,scoringdance,round,scoringdance:206,https://scoring.dance/enUS/events/206/results/3124.html,2db4d78c08e13fb7,live,0,2026-09-10T16:02:28.808946+00:00
43bde6ec796a1561,scoringdance,round,scoringdance:206,https://scoring.dance/enUS/events/206/results/3127.html,2db4d78c08e13fb7,live,0,2026-09-10T16:02:28.808946+00:00
67f468e0ddea6af9,scoringdance,round,scoringdance:207,https://scoring.dance/enUS/events/207/results/3370.html,536adccef9d91f99,live,0,2026-09-10T16:02:29.187888+00:00
d014507f0ffe1539,scoringdance,round,scoringdance:207,https://scoring.dance/enUS/events/207/results/3371.html,536adccef9d91f99,live,0,2026-09-10T16:02:29.187888+00:00
5474f12b97905b44,scoringdance,round,scoringdance:207,https://scoring.dance/enUS/events/207/results/3372.html,536adccef9d91f99,live,0,2026-09-10T16:02:29.187888+00:00
17f3297aa1ba987d,scoringdance,round,scoringdance:207,https://scoring.dance/enUS/events/207/results/3373.html,536adccef9d91f99,live,0,2026-09-10T16:02:29.187888+00:00
1e0b56457b29a0bf,scoringdance,round,scoringdance:207,https://scoring.dance/enUS/events/207/results/3375.html,536adccef9d91f99,live,0,2026-09-10T16:02:29.187888+00:00
4d8bfd8ad0f3db63,scoringdance,round,scoringdance:207,https://scoring.dance/enUS/events/207/results/3376.html,536adccef9d91f99,live,0,2026-09-10T16:02:29.187888+00:00
e35c48284e6c727d,scoringdance,round,scoringdance:207,https://scoring.dance/enUS/events/207/results/3377.html,536adccef9d91f99,live,0,2026-09-10T16:02:29.187888+00:00
eb313d719e947406,scoringdance,round,scoringdance:207,https://scoring.dance/enUS/events/207/results/3378.html,536adccef9d91f99,live,0,2026-09-10T16:02:29.187888+00:00
ad5d42a0d919bc91,scoringdance,round,scoringdance:207,https://scoring.dance/enUS/events/207/results/3379.html,536adccef9d91f99,live,0,2026-09-10T16:02:29.187888+00:00
f14f0d2068d85fb2,scoringdance,round,scoringdance:207,https://scoring.dance/enUS/events/207/results/3380.html,536adccef9d91f99,live,0,2026-09-10T16:02:29.187888+00:00
ba023443a84835da,scoringdance,round,scoringdance:207,https://scoring.dance/enUS/events/207/results/3381.html,536adccef9d91f99,live,0,2026-09-10T16:02:29.187888+00:00
693c11f5e0916b62,scoringdance,round,scoringdance:207,https://scoring.dance/enUS/events/207/results/3382.html,536adccef9d91f99,live,0,2026-09-10T16:02:29.187888+00:00
36e625725904a477,scoringdance,round,scoringdance:207,https://scoring.dance/enUS/events/207/results/3383.html,536adccef9d91f99,live,0,2026-09-10T16:02:29.187888+00:00
c4a92d6dcae44d0d,scoringdance,round,scoringdance:207,https://scoring.dance/enUS/events/207/results/3384.html,536adccef9d91f99,live,0,2026-09-10T16:02:29.187888+00:00
8f52c92fc1134ca7,scoringdance,round,scoringdance:207,https://scoring.dance/enUS/events/207/results/3385.html,536adccef9d91f99,live,0,2026-09-10T16:02:29.187888+00:00
2328f07d2f5eaf06,scoringdance,round,scoringdance:207,https://scoring.dance/enUS/events/207/results/3386.html,536adccef9d91f99,live,0,2026-09-10T16:02:29.187888+00:00
df2a43dcc55bc1ee,scoringdance,round,scoringdance:207,https://scoring.dance/enUS/events/207/results/3387.html,536adccef9d91f99,live,0,2026-09-10T16:02:29.187888+00:00
bf860977a80fb05f,scoringdance,round,scoringdance:207,https://scoring.dance/enUS/events/207/results/3388.html,536adccef9d91f99,live,0,2026-09-10T16:02:29.187888+00:00
801433c30235ece9,scoringdance,round,scoringdance:207,https://scoring.dance/enUS/events/207/results/3389.html,536adccef9d91f99,live,0,2026-09-10T16:02:29.187888+00:00
479eab51b78c2e5b,scoringdance,round,scoringdance:207,https://scoring.dance/enUS/events/207/results/3390.html,536adccef9d91f99,live,0,2026-09-10T16:02:29.187888+00:00
1dde110e30fcc628,scoringdance,round,scoringdance:207,https://scoring.dance/enUS/events/207/results/3391.html,536adccef9d91f99,live,0,2026-09-10T16:02:29.187888+00:00
20e4e6acecee7963,scoringdance,round,scoringdance:207,https://scoring.dance/enUS/events/207/results/3392.html,536adccef9d91f99,live,0,2026-09-10T16:02:29.187888+00:00
7f72c3f748c100a1,scoringdance,round,scoringdance:207,https://scoring.dance/enUS/events/207/results/3393.html,536adccef9d91f99,live,0,2026-09-10T16:02:29.187888+00:00
03d754a135c59e2a,scoringdance,round,scoringdance:207,https://scoring.dance/enUS/events/207/results/3395.html,536adccef9d91f99,live,0,2026-09-10T16:02:29.187888+00:00
e936c51330c3f1c0,scoringdance,round,scoringdance:207,https://scoring.dance/enUS/events/207/results/3396.html,536adccef9d91f99,live,0,2026-09-10T16:02:29.187888+00:00
91346e80695d99e8,scoringdance,round,scoringdance:209,https://scoring.dance/enUS/events/209/results/3223.html,aad179c8b9afd3f6,live,0,2026-09-10T16:02:29.927898+00:00
2c8c477eb609a321,scoringdance,round,scoringdance:209,https://scoring.dance/enUS/events/209/results/3224.html,aad179c8b9afd3f6,live,0,2026-09-10T16:02:29.927898+00:00
b93fda276ecf4252,scoringdance,round,scoringdance:209,https://scoring.dance/enUS/events/209/results/3225.html,aad179c8b9afd3f6,live,0,2026-09-10T16:02:29.927898+00:00
44e4d715e6e024a5,scoringdance,round,scoringdance:211,https://scoring.dance/enUS/events/211/results/3226.html,fe851c05ebddda89,live,0,2026-09-10T16:02:30.692963+00:00
bff423b611b5b7b4,scoringdance,round,scoringdance:211,https://scoring.dance/enUS/events/211/results/3227.html,fe851c05ebddda89,live,0,2026-09-10T16:02:30.692963+00:00
81b54fdc60658e69,scoringdance,round,scoringdance:211,https://scoring.dance/enUS/events/211/results/3228.html,fe851c05ebddda89,live,0,2026-09-10T16:02:30.692963+00:00
6d2aff9f7cab72cb,scoringdance,round,scoringdance:211,https://scoring.dance/enUS/events/211/results/3229.html,fe851c05ebddda89,live,0,2026-09-10T16:02:30.692963+00:00
b0390d1366bcc1c8,scoringdance,round,scoringdance:211,https://scoring.dance/enUS/events/211/results/3230.html,fe851c05ebddda89,live,0,2026-09-10T16:02:30.692963+00:00
52ee02712f9de66a,scoringdance,round,scoringdance:211,https://scoring.dance/enUS/events/211/results/3231.html,fe851c05ebddda89,live,0,2026-09-10T16:02:30.692963+00:00
b73518089b38c666,scoringdance,round,scoringdance:211,https://scoring.dance/enUS/events/211/results/3232.html,fe851c05ebddda89,live,0,2026-09-10T16:02:30.692963+00:00
3af800957d581aa2,scoringdance,round,scoringdance:211,https://scoring.dance/enUS/events/211/results/3233.html,fe851c05ebddda89,live,0,2026-09-10T16:02:30.692963+00:00
79359a46880dbbcc,scoringdance,round,scoringdance:211,https://scoring.dance/enUS/events/211/results/3234.html,fe851c05ebddda89,live,0,2026-09-10T16:02:30.692963+00:00
456cc504517ad3db,scoringdance,round,scoringdance:211,https://scoring.dance/enUS/events/211/results/3235.html,fe851c05ebddda89,live,0,2026-09-10T16:02:30.692963+00:00
ccdb9033f66f389a,scoringdance,round,scoringdance:211,https://scoring.dance/enUS/events/211/results/3236.html,fe851c05ebddda89,live,0,2026-09-10T16:02:30.692963+00:00
c37bd8046780f7ba,scoringdance,round,scoringdance:211,https://scoring.dance/enUS/events/211/results/3237.html,fe851c05ebddda89,live,0,2026-09-10T16:02:30.692963+00:00
2fb34155aeb62c30,scoringdance,round,scoringdance:211,https://scoring.dance/enUS/events/211/results/3239.html,fe851c05ebddda89,live,0,2026-09-10T16:02:30.692963+00:00
1e43335da27e4f61,scoringdance,round,scoringdance:211,https://scoring.dance/enUS/events/211/results/3240.html,fe851c05ebddda89,live,0,2026-09-10T16:02:30.692963+00:00
0d65c3006e7143f3,scoringdance,round,scoringdance:211,https://scoring.dance/enUS/events/211/results/3241.html,fe851c05ebddda89,live,0,2026-09-10T16:02:30.692963+00:00
c41ab4598571a6ef,scoringdance,round,scoringdance:211,https://scoring.dance/enUS/events/211/results/3242.html,fe851c05ebddda89,live,0,2026-09-10T16:02:30.692963+00:00
128db8ad66ff8787,scoringdance,round,scoringdance:211,https://scoring.dance/enUS/events/211/results/3244.html,fe851c05ebddda89,live,0,2026-09-10T16:02:30.692963+00:00
db788553fa7e63c9,scoringdance,round,scoringdance:211,https://scoring.dance/enUS/events/211/results/3245.html,fe851c05ebddda89,live,0,2026-09-10T16:02:30.692963+00:00
b18e17c3453771f5,scoringdance,round,scoringdance:211,https://scoring.dance/enUS/events/211/results/3246.html,fe851c05ebddda89,live,0,2026-09-10T16:02:30.692963+00:00
fa01f557bf281b59,scoringdance,round,scoringdance:211,https://scoring.dance/enUS/events/211/results/3247.html,fe851c05ebddda89,live,0,2026-09-10T16:02:30.692963+00:00
8529a333d2aeda09,scoringdance,round,scoringdance:211,https://scoring.dance/enUS/events/211/results/3248.html,fe851c05ebddda89,live,0,2026-09-10T16:02:30.692963+00:00
8f59e4761f777be0,scoringdance,round,scoringdance:211,https://scoring.dance/enUS/events/211/results/3249.html,fe851c05ebddda89,live,0,2026-09-10T16:02:30.692963+00:00
f16fc7106b572c5f,scoringdance,round,scoringdance:211,https://scoring.dance/enUS/events/211/results/3250.html,fe851c05ebddda89,live,0,2026-09-10T16:02:30.692963+00:00
aee065b5263404d1,scoringdance,round,scoringdance:211,https://scoring.dance/enUS/events/211/results/3253.html,fe851c05ebddda89,live,0,2026-09-10T16:02:30.692963+00:00
ee6628a4704b942c,scoringdance,round,scoringdance:211,https://scoring.dance/enUS/events/211/results/3254.html,fe851c05ebddda89,live,0,2026-09-10T16:02:30.692963+00:00
d6573aebba6c8baa,scoringdance,round,scoringdance:211,https://scoring.dance/enUS/events/211/results/3292.html,fe851c05ebddda89,live,0,2026-09-10T16:02:30.692963+00:00
2bde8b9d97bd7d9d,scoringdance,round,scoringdance:214,https://scoring.dance/enUS/events/214/results/3751.html,fe6326941a46c203,live,0,2026-09-10T16:02:30.687329+00:00
2fefa5e9b275fad7,scoringdance,round,scoringdance:214,https://scoring.dance/enUS/events/214/results/3752.html,fe6326941a46c203,live,0,2026-09-10T16:02:30.687329+00:00
8573603dde623b6b,scoringdance,round,scoringdance:214,https://scoring.dance/enUS/events/214/results/3753.html,fe6326941a46c203,live,0,2026-09-10T16:02:30.687329+00:00
eee3b9cc891d1799,scoringdance,round,scoringdance:214,https://scoring.dance/enUS/events/214/results/3754.html,fe6326941a46c203,live,0,2026-09-10T16:02:30.687329+00:00
9b699d9582c2aa88,scoringdance,round,scoringdance:214,https://scoring.dance/enUS/events/214/results/3755.html,fe6326941a46c203,live,0,2026-09-10T16:02:30.687329+00:00
1d109abdf19c4fb8,scoringdance,round,scoringdance:214,https://scoring.dance/enUS/events/214/results/3756.html,fe6326941a46c203,live,0,2026-09-10T16:02:30.687329+00:00
38a2c25407ae73f0,scoringdance,round,scoringdance:214,https://scoring.dance/enUS/events/214/results/3758.html,fe6326941a46c203,live,0,2026-09-10T16:02:30.687329+00:00
91ebc3ea03c1a5d6,scoringdance,round,scoringdance:214,https://scoring.dance/enUS/events/214/results/3759.html,fe6326941a46c203,live,0,2026-09-10T16:02:30.687329+00:00
0057cb3bf9d3ddbc,scoringdance,round,scoringdance:214,https://scoring.dance/enUS/events/214/results/3760.html,fe6326941a46c203,live,0,2026-09-10T16:02:30.687329+00:00
d2731347bbf85aee,scoringdance,round,scoringdance:214,https://scoring.dance/enUS/events/214/results/3761.html,fe6326941a46c203,live,0,2026-09-10T16:02:30.687329+00:00
b2604cb4c1bddffc,scoringdance,round,scoringdance:216,https://scoring.dance/enUS/events/216/results/3979.html,645a5732e1b102ce,live,0,2026-09-10T16:02:29.334498+00:00
7df9df8ec4caa9dc,scoringdance,round,scoringdance:216,https://scoring.dance/enUS/events/216/results/3980.html,645a5732e1b102ce,live,0,2026-09-10T16:02:29.334498+00:00
00935f359447ddf4,scoringdance,round,scoringdance:216,https://scoring.dance/enUS/events/216/results/3981.html,645a5732e1b102ce,live,0,2026-09-10T16:02:29.334498+00:00
aa2195a2d65edcaf,scoringdance,round,scoringdance:216,https://scoring.dance/enUS/events/216/results/3982.html,645a5732e1b102ce,live,0,2026-09-10T16:02:29.334498+00:00
12f3855f22fd2e32,scoringdance,round,scoringdance:216,https://scoring.dance/enUS/events/216/results/3984.html,645a5732e1b102ce,live,0,2026-09-10T16:02:29.334498+00:00
1544ed4c928d2811,scoringdance,round,scoringdance:218,https://scoring.dance/enUS/events/218/results/4826.html,fb3ce613d7aac8aa,live,0,2026-09-10T16:02:30.649577+00:00
e1faae4e98234d9b,scoringdance,round,scoringdance:218,https://scoring.dance/enUS/events/218/results/4827.html,fb3ce613d7aac8aa,live,0,2026-09-10T16:02:30.649577+00:00
d57b05cd6b55806a,scoringdance,round,scoringdance:218,https://scoring.dance/enUS/events/218/results/4828.html,fb3ce613d7aac8aa,live,0,2026-09-10T16:02:30.649577+00:00
7dfeec8719b13bb5,scoringdance,round,scoringdance:218,https://scoring.dance/enUS/events/218/results/4829.html,fb3ce613d7aac8aa,live,0,2026-09-10T16:02:30.649577+00:00
e27f19d654417d06,scoringdance,round,scoringdance:219,https://scoring.dance/enUS/events/219/results/3975.html,cd60e59bce77c5e4,live,0,2026-09-10T16:02:30.280714+00:00
942b23d1f23b79cb,scoringdance,round,scoringdance:219,https://scoring.dance/enUS/events/219/results/3976.html,cd60e59bce77c5e4,live,0,2026-09-10T16:02:30.280714+00:00
93c68c8d2af5af14,scoringdance,round,scoringdance:219,https://scoring.dance/enUS/events/219/results/3977.html,cd60e59bce77c5e4,live,0,2026-09-10T16:02:30.280714+00:00
e5c716380bba2b62,scoringdance,round,scoringdance:22,https://scoring.dance/enUS/events/22/results/205.html,857e48c7d28ca1ab,live,0,2026-09-10T16:02:29.633497+00:00
5599d34e59666e41,scoringdance,round,scoringdance:22,https://scoring.dance/enUS/events/22/results/207.html,857e48c7d28ca1ab,live,0,2026-09-10T16:02:29.633497+00:00
c65478b22fd01e76,scoringdance,round,scoringdance:22,https://scoring.dance/enUS/events/22/results/208.html,857e48c7d28ca1ab,live,0,2026-09-10T16:02:29.633497+00:00
30ed28dc47b93602,scoringdance,round,scoringdance:22,https://scoring.dance/enUS/events/22/results/210.html,857e48c7d28ca1ab,live,0,2026-09-10T16:02:29.633497+00:00
6d13ab98b220554d,scoringdance,round,scoringdance:22,https://scoring.dance/enUS/events/22/results/211.html,857e48c7d28ca1ab,live,0,2026-09-10T16:02:29.633497+00:00
4f11d4160e71bbb4,scoringdance,round,scoringdance:22,https://scoring.dance/enUS/events/22/results/212.html,857e48c7d28ca1ab,live,0,2026-09-10T16:02:29.633497+00:00
2ea40a5d388c1652,scoringdance,round,scoringdance:22,https://scoring.dance/enUS/events/22/results/214.html,857e48c7d28ca1ab,live,0,2026-09-10T16:02:29.633497+00:00
cf0c0ff7a563eee5,scoringdance,round,scoringdance:22,https://scoring.dance/enUS/events/22/results/216.html,857e48c7d28ca1ab,live,0,2026-09-10T16:02:29.633497+00:00
913309fa44a16611,scoringdance,round,scoringdance:22,https://scoring.dance/enUS/events/22/results/217.html,857e48c7d28ca1ab,live,0,2026-09-10T16:02:29.633497+00:00
07a2d92d29c303a1,scoringdance,round,scoringdance:22,https://scoring.dance/enUS/events/22/results/218.html,857e48c7d28ca1ab,live,0,2026-09-10T16:02:29.633497+00:00
6560e63ecd4785a5,scoringdance,round,scoringdance:22,https://scoring.dance/enUS/events/22/results/219.html,857e48c7d28ca1ab,live,0,2026-09-10T16:02:29.633497+00:00
ebb5d861c7541adc,scoringdance,round,scoringdance:22,https://scoring.dance/enUS/events/22/results/220.html,857e48c7d28ca1ab,live,0,2026-09-10T16:02:29.633497+00:00
12f4d105cd72a107,scoringdance,round,scoringdance:22,https://scoring.dance/enUS/events/22/results/221.html,857e48c7d28ca1ab,live,0,2026-09-10T16:02:29.633497+00:00
d2b5fc94eaa273ef,scoringdance,round,scoringdance:22,https://scoring.dance/enUS/events/22/results/222.html,857e48c7d28ca1ab,live,0,2026-09-10T16:02:29.633497+00:00
5fa62fd7e1864669,scoringdance,round,scoringdance:22,https://scoring.dance/enUS/events/22/results/223.html,857e48c7d28ca1ab,live,0,2026-09-10T16:02:29.633497+00:00
c941a41130764b83,scoringdance,round,scoringdance:22,https://scoring.dance/enUS/events/22/results/224.html,857e48c7d28ca1ab,live,0,2026-09-10T16:02:29.633497+00:00
4a6b2b3edbee80e5,scoringdance,round,scoringdance:22,https://scoring.dance/enUS/events/22/results/225.html,857e48c7d28ca1ab,live,0,2026-09-10T16:02:29.633497+00:00
b260776ba5793caa,scoringdance,round,scoringdance:22,https://scoring.dance/enUS/events/22/results/226.html,857e48c7d28ca1ab,live,0,2026-09-10T16:02:29.633497+00:00
bfb04802a30496f5,scoringdance,round,scoringdance:220,https://scoring.dance/enUS/events/220/results/5046.html,e4a90d325551dcc2,live,0,2026-09-10T16:02:30.505902+00:00
77acdc6232d5f637,scoringdance,round,scoringdance:220,https://scoring.dance/enUS/events/220/results/5047.html,e4a90d325551dcc2,live,0,2026-09-10T16:02:30.505902+00:00
4a4e71efa66d03bb,scoringdance,round,scoringdance:220,https://scoring.dance/enUS/events/220/results/5048.html,e4a90d325551dcc2,live,0,2026-09-10T16:02:30.505902+00:00
27d53eab460002a3,scoringdance,round,scoringdance:225,https://scoring.dance/enUS/events/225/results/3255.html,e8d669c9b9035e1d,live,0,2026-09-10T16:02:30.547614+00:00
fdd264b899c6ea9d,scoringdance,round,scoringdance:225,https://scoring.dance/enUS/events/225/results/3256.html,e8d669c9b9035e1d,live,0,2026-09-10T16:02:30.547614+00:00
a43807330d2222de,scoringdance,round,scoringdance:225,https://scoring.dance/enUS/events/225/results/3257.html,e8d669c9b9035e1d,live,0,2026-09-10T16:02:30.547614+00:00
642c70f2bf983964,scoringdance,round,scoringdance:225,https://scoring.dance/enUS/events/225/results/3258.html,e8d669c9b9035e1d,live,0,2026-09-10T16:02:30.547614+00:00
24cd939b42363159,scoringdance,round,scoringdance:225,https://scoring.dance/enUS/events/225/results/3259.html,e8d669c9b9035e1d,live,0,2026-09-10T16:02:30.547614+00:00
813569eb3ead311e,scoringdance,round,scoringdance:225,https://scoring.dance/enUS/events/225/results/3260.html,e8d669c9b9035e1d,live,0,2026-09-10T16:02:30.547614+00:00
860759fb7e246d78,scoringdance,round,scoringdance:225,https://scoring.dance/enUS/events/225/results/3261.html,e8d669c9b9035e1d,live,0,2026-09-10T16:02:30.547614+00:00
4203bac3df85341a,scoringdance,round,scoringdance:225,https://scoring.dance/enUS/events/225/results/3262.html,e8d669c9b9035e1d,live,0,2026-09-10T16:02:30.547614+00:00
4dbe5f5e4bab8da2,scoringdance,round,scoringdance:225,https://scoring.dance/enUS/events/225/results/3265.html,e8d669c9b9035e1d,live,0,2026-09-10T16:02:30.547614+00:00
6f7be78af9f0d60d,scoringdance,round,scoringdance:225,https://scoring.dance/enUS/events/225/results/3266.html,e8d669c9b9035e1d,live,0,2026-09-10T16:02:30.547614+00:00
c65a303d19a73f09,scoringdance,round,scoringdance:225,https://scoring.dance/enUS/events/225/results/3267.html,e8d669c9b9035e1d,live,0,2026-09-10T16:02:30.547614+00:00
ea456859595c4ca1,scoringdance,round,scoringdance:225,https://scoring.dance/enUS/events/225/results/3269.html,e8d669c9b9035e1d,live,0,2026-09-10T16:02:30.547614+00:00
4d3751ea7188bcfa,scoringdance,round,scoringdance:225,https://scoring.dance/enUS/events/225/results/3270.html,e8d669c9b9035e1d,live,0,2026-09-10T16:02:30.547614+00:00
827794f4697e9e4e,scoringdance,round,scoringdance:225,https://scoring.dance/enUS/events/225/results/3291.html,e8d669c9b9035e1d,live,0,2026-09-10T16:02:30.547614+00:00
228a66dc9626de97,scoringdance,round,scoringdance:227,https://scoring.dance/enUS/events/227/results/5112.html,ad7a1f118a2da8d8,live,0,2026-09-10T16:02:29.940633+00:00
8be3c0a4c958e8fa,scoringdance,round,scoringdance:227,https://scoring.dance/enUS/events/227/results/5113.html,ad7a1f118a2da8d8,live,0,2026-09-10T16:02:29.940633+00:00
2e6cb82beba784ee,scoringdance,round,scoringdance:227,https://scoring.dance/enUS/events/227/results/5114.html,ad7a1f118a2da8d8,live,0,2026-09-10T16:02:29.940633+00:00
c542718223cf924b,scoringdance,round,scoringdance:228,https://scoring.dance/enUS/events/228/results/4003.html,a18e3c46c6c7d467,live,0,2026-09-10T16:02:29.853002+00:00
283fec49f72e08d1,scoringdance,round,scoringdance:228,https://scoring.dance/enUS/events/228/results/4005.html,a18e3c46c6c7d467,live,0,2026-09-10T16:02:29.853002+00:00
c9c4c7acf1242424,scoringdance,round,scoringdance:228,https://scoring.dance/enUS/events/228/results/4007.html,a18e3c46c6c7d467,live,0,2026-09-10T16:02:29.853002+00:00
29c3df8c81f7477e,scoringdance,round,scoringdance:228,https://scoring.dance/enUS/events/228/results/4008.html,a18e3c46c6c7d467,live,0,2026-09-10T16:02:29.853002+00:00
8cff728977b07c95,scoringdance,round,scoringdance:228,https://scoring.dance/enUS/events/228/results/4009.html,a18e3c46c6c7d467,live,0,2026-09-10T16:02:29.853002+00:00
00bfe60f0335fd52,scoringdance,round,scoringdance:228,https://scoring.dance/enUS/events/228/results/4010.html,a18e3c46c6c7d467,live,0,2026-09-10T16:02:29.853002+00:00
7762587a93981ef1,scoringdance,round,scoringdance:228,https://scoring.dance/enUS/events/228/results/4011.html,a18e3c46c6c7d467,live,0,2026-09-10T16:02:29.853002+00:00
a00f44b8efae1ff4,scoringdance,round,scoringdance:228,https://scoring.dance/enUS/events/228/results/4012.html,a18e3c46c6c7d467,live,0,2026-09-10T16:02:29.853002+00:00
d07e8810d87a1698,scoringdance,round,scoringdance:228,https://scoring.dance/enUS/events/228/results/4013.html,a18e3c46c6c7d467,live,0,2026-09-10T16:02:29.853002+00:00
12cf898672b8857a,scoringdance,round,scoringdance:228,https://scoring.dance/enUS/events/228/results/4014.html,a18e3c46c6c7d467,live,0,2026-09-10T16:02:29.853002+00:00
ddf81a9b9663a1f8,scoringdance,round,scoringdance:228,https://scoring.dance/enUS/events/228/results/4015.html,a18e3c46c6c7d467,live,0,2026-09-10T16:02:29.853002+00:00
6ebbbe74782ee1e2,scoringdance,round,scoringdance:228,https://scoring.dance/enUS/events/228/results/4016.html,a18e3c46c6c7d467,live,0,2026-09-10T16:02:29.853002+00:00
b0c553c1e131b322,scoringdance,round,scoringdance:228,https://scoring.dance/enUS/events/228/results/4018.html,a18e3c46c6c7d467,live,0,2026-09-10T16:02:29.853002+00:00
9c03d5094f15fd72,scoringdance,round,scoringdance:228,https://scoring.dance/enUS/events/228/results/4019.html,a18e3c46c6c7d467,live,0,2026-09-10T16:02:29.853002+00:00
755d0a3f9c916ecf,scoringdance,round,scoringdance:228,https://scoring.dance/enUS/events/228/results/4021.html,a18e3c46c6c7d467,live,0,2026-09-10T16:02:29.853002+00:00
9040f03f52ad6f5a,scoringdance,round,scoringdance:228,https://scoring.dance/enUS/events/228/results/4023.html,a18e3c46c6c7d467,live,0,2026-09-10T16:02:29.853002+00:00
45b31ed71a946356,scoringdance,round,scoringdance:228,https://scoring.dance/enUS/events/228/results/4025.html,a18e3c46c6c7d467,live,0,2026-09-10T16:02:29.853002+00:00
ae6a69a249ab8cbe,scoringdance,round,scoringdance:228,https://scoring.dance/enUS/events/228/results/4027.html,a18e3c46c6c7d467,live,0,2026-09-10T16:02:29.853002+00:00
261b36f532dc3dd9,scoringdance,round,scoringdance:228,https://scoring.dance/enUS/events/228/results/4033.html,a18e3c46c6c7d467,live,0,2026-09-10T16:02:29.853002+00:00
2c9266d2049c32ef,scoringdance,round,scoringdance:228,https://scoring.dance/enUS/events/228/results/4035.html,a18e3c46c6c7d467,live,0,2026-09-10T16:02:29.853002+00:00
003442ed1be5ed9a,scoringdance,round,scoringdance:229,https://scoring.dance/enUS/events/229/results/3726.html,d891e6adef2f6eb2,live,0,2026-09-10T16:02:30.372732+00:00
8b0aea390409f2de,scoringdance,round,scoringdance:229,https://scoring.dance/enUS/events/229/results/3727.html,d891e6adef2f6eb2,live,0,2026-09-10T16:02:30.372732+00:00
21f7b8e61b1f959d,scoringdance,round,scoringdance:229,https://scoring.dance/enUS/events/229/results/3728.html,d891e6adef2f6eb2,live,0,2026-09-10T16:02:30.372732+00:00
77ec8c6bc8ec003f,scoringdance,round,scoringdance:229,https://scoring.dance/enUS/events/229/results/3729.html,d891e6adef2f6eb2,live,0,2026-09-10T16:02:30.372732+00:00
23c6dd1ded961964,scoringdance,round,scoringdance:229,https://scoring.dance/enUS/events/229/results/3730.html,d891e6adef2f6eb2,live,0,2026-09-10T16:02:30.372732+00:00
ae081547576325dc,scoringdance,round,scoringdance:229,https://scoring.dance/enUS/events/229/results/3731.html,d891e6adef2f6eb2,live,0,2026-09-10T16:02:30.372732+00:00
904cd4c3fe18c639,scoringdance,round,scoringdance:229,https://scoring.dance/enUS/events/229/results/3732.html,d891e6adef2f6eb2,live,0,2026-09-10T16:02:30.372732+00:00
2beef89e235f490d,scoringdance,round,scoringdance:229,https://scoring.dance/enUS/events/229/results/3733.html,d891e6adef2f6eb2,live,0,2026-09-10T16:02:30.372732+00:00
ecbd4331a34d21c5,scoringdance,round,scoringdance:229,https://scoring.dance/enUS/events/229/results/3734.html,d891e6adef2f6eb2,live,0,2026-09-10T16:02:30.372732+00:00
b0b7d42ff16b6183,scoringdance,round,scoringdance:229,https://scoring.dance/enUS/events/229/results/3735.html,d891e6adef2f6eb2,live,0,2026-09-10T16:02:30.372732+00:00
fd47c8a26746b1b5,scoringdance,round,scoringdance:229,https://scoring.dance/enUS/events/229/results/3736.html,d891e6adef2f6eb2,live,0,2026-09-10T16:02:30.372732+00:00
a7623582d0a036d6,scoringdance,round,scoringdance:229,https://scoring.dance/enUS/events/229/results/3737.html,d891e6adef2f6eb2,live,0,2026-09-10T16:02:30.372732+00:00
162e612342a08370,scoringdance,round,scoringdance:229,https://scoring.dance/enUS/events/229/results/3738.html,d891e6adef2f6eb2,live,0,2026-09-10T16:02:30.372732+00:00
335a8df136756b6a,scoringdance,round,scoringdance:229,https://scoring.dance/enUS/events/229/results/3740.html,d891e6adef2f6eb2,live,0,2026-09-10T16:02:30.372732+00:00
eaaafbff11f413de,scoringdance,round,scoringdance:229,https://scoring.dance/enUS/events/229/results/3741.html,d891e6adef2f6eb2,live,0,2026-09-10T16:02:30.372732+00:00
62b5618c35a04eac,scoringdance,round,scoringdance:229,https://scoring.dance/enUS/events/229/results/3742.html,d891e6adef2f6eb2,live,0,2026-09-10T16:02:30.372732+00:00
2605e30456ea6c5a,scoringdance,round,scoringdance:229,https://scoring.dance/enUS/events/229/results/3743.html,d891e6adef2f6eb2,live,0,2026-09-10T16:02:30.372732+00:00
69792b9aab86f430,scoringdance,round,scoringdance:229,https://scoring.dance/enUS/events/229/results/3744.html,d891e6adef2f6eb2,live,0,2026-09-10T16:02:30.372732+00:00
c7a7e4e67b582785,scoringdance,round,scoringdance:229,https://scoring.dance/enUS/events/229/results/3745.html,d891e6adef2f6eb2,live,0,2026-09-10T16:02:30.372732+00:00
8eacfae90a50a176,scoringdance,round,scoringdance:229,https://scoring.dance/enUS/events/229/results/3747.html,d891e6adef2f6eb2,live,0,2026-09-10T16:02:30.372732+00:00
1d5be135b333b6d2,scoringdance,round,scoringdance:23,https://scoring.dance/enUS/events/23/results/175.html,f97b413207773ede,live,0,2026-09-10T16:02:30.643405+00:00
85a932ef80e6ce41,scoringdance,round,scoringdance:23,https://scoring.dance/enUS/events/23/results/176.html,f97b413207773ede,live,0,2026-09-10T16:02:30.643405+00:00
e477327114652d9b,scoringdance,round,scoringdance:23,https://scoring.dance/enUS/events/23/results/177.html,f97b413207773ede,live,0,2026-09-10T16:02:30.643405+00:00
e8a94c3b83e31279,scoringdance,round,scoringdance:23,https://scoring.dance/enUS/events/23/results/178.html,f97b413207773ede,live,0,2026-09-10T16:02:30.643405+00:00
c1a6e3a539fa525c,scoringdance,round,scoringdance:23,https://scoring.dance/enUS/events/23/results/179.html,f97b413207773ede,live,0,2026-09-10T16:02:30.643405+00:00
cb04ca990be15022,scoringdance,round,scoringdance:23,https://scoring.dance/enUS/events/23/results/180.html,f97b413207773ede,live,0,2026-09-10T16:02:30.643405+00:00
575622376eac69b0,scoringdance,round,scoringdance:23,https://scoring.dance/enUS/events/23/results/181.html,f97b413207773ede,live,0,2026-09-10T16:02:30.643405+00:00
b27f0e31a09a41cc,scoringdance,round,scoringdance:23,https://scoring.dance/enUS/events/23/results/182.html,f97b413207773ede,live,0,2026-09-10T16:02:30.643405+00:00
79850799e86d5a65,scoringdance,round,scoringdance:23,https://scoring.dance/enUS/events/23/results/183.html,f97b413207773ede,live,0,2026-09-10T16:02:30.643405+00:00
cef0a355eaa8d58a,scoringdance,round,scoringdance:23,https://scoring.dance/enUS/events/23/results/184.html,f97b413207773ede,live,0,2026-09-10T16:02:30.643405+00:00
0871ad447001253a,scoringdance,round,scoringdance:23,https://scoring.dance/enUS/events/23/results/186.html,f97b413207773ede,live,0,2026-09-10T16:02:30.643405+00:00
525669c30a2132de,scoringdance,round,scoringdance:23,https://scoring.dance/enUS/events/23/results/188.html,f97b413207773ede,live,0,2026-09-10T16:02:30.643405+00:00
fba6b08ecacd20ea,scoringdance,round,scoringdance:23,https://scoring.dance/enUS/events/23/results/189.html,f97b413207773ede,live,0,2026-09-10T16:02:30.643405+00:00
26620ec9ad397ebb,scoringdance,round,scoringdance:23,https://scoring.dance/enUS/events/23/results/190.html,f97b413207773ede,live,0,2026-09-10T16:02:30.643405+00:00
3f44d37dd792e730,scoringdance,round,scoringdance:23,https://scoring.dance/enUS/events/23/results/191.html,f97b413207773ede,live,0,2026-09-10T16:02:30.643405+00:00
e8310de6a0572d24,scoringdance,round,scoringdance:23,https://scoring.dance/enUS/events/23/results/192.html,f97b413207773ede,live,0,2026-09-10T16:02:30.643405+00:00
315a3a20586143e7,scoringdance,round,scoringdance:23,https://scoring.dance/enUS/events/23/results/193.html,f97b413207773ede,live,0,2026-09-10T16:02:30.643405+00:00
0dac2986bf158bb1,scoringdance,round,scoringdance:23,https://scoring.dance/enUS/events/23/results/194.html,f97b413207773ede,live,0,2026-09-10T16:02:30.643405+00:00
41460120d1eaff1d,scoringdance,round,scoringdance:23,https://scoring.dance/enUS/events/23/results/195.html,f97b413207773ede,live,0,2026-09-10T16:02:30.643405+00:00
5a46423ff334fb77,scoringdance,round,scoringdance:23,https://scoring.dance/enUS/events/23/results/196.html,f97b413207773ede,live,0,2026-09-10T16:02:30.643405+00:00
706a27433a533075,scoringdance,round,scoringdance:23,https://scoring.dance/enUS/events/23/results/197.html,f97b413207773ede,live,0,2026-09-10T16:02:30.643405+00:00
c487ab5f659608e1,scoringdance,round,scoringdance:23,https://scoring.dance/enUS/events/23/results/198.html,f97b413207773ede,live,0,2026-09-10T16:02:30.643405+00:00
00a26b152b8c057c,scoringdance,round,scoringdance:23,https://scoring.dance/enUS/events/23/results/200.html,f97b413207773ede,live,0,2026-09-10T16:02:30.643405+00:00
b6401bdb970dabcb,scoringdance,round,scoringdance:230,https://scoring.dance/enUS/events/230/results/3271.html,5c25f02ec4e26753,live,0,2026-09-10T16:02:29.267712+00:00
8078aacf7358f672,scoringdance,round,scoringdance:230,https://scoring.dance/enUS/events/230/results/3272.html,5c25f02ec4e26753,live,0,2026-09-10T16:02:29.267712+00:00
214b98bd9146eaf4,scoringdance,round,scoringdance:230,https://scoring.dance/enUS/events/230/results/3273.html,5c25f02ec4e26753,live,0,2026-09-10T16:02:29.267712+00:00
61abe7c5b73aa1e3,scoringdance,round,scoringdance:230,https://scoring.dance/enUS/events/230/results/3274.html,5c25f02ec4e26753,live,0,2026-09-10T16:02:29.267712+00:00
95a4fab11f88aa05,scoringdance,round,scoringdance:230,https://scoring.dance/enUS/events/230/results/3275.html,5c25f02ec4e26753,live,0,2026-09-10T16:02:29.267712+00:00
ba3647698dfe786d,scoringdance,round,scoringdance:230,https://scoring.dance/enUS/events/230/results/3276.html,5c25f02ec4e26753,live,0,2026-09-10T16:02:29.267712+00:00
59e43d83dc7f1843,scoringdance,round,scoringdance:230,https://scoring.dance/enUS/events/230/results/3278.html,5c25f02ec4e26753,live,0,2026-09-10T16:02:29.267712+00:00
16323547733e4462,scoringdance,round,scoringdance:230,https://scoring.dance/enUS/events/230/results/3279.html,5c25f02ec4e26753,live,0,2026-09-10T16:02:29.267712+00:00
835afea3774acb3a,scoringdance,round,scoringdance:230,https://scoring.dance/enUS/events/230/results/3280.html,5c25f02ec4e26753,live,0,2026-09-10T16:02:29.267712+00:00
5f4c4143ce00c576,scoringdance,round,scoringdance:230,https://scoring.dance/enUS/events/230/results/3281.html,5c25f02ec4e26753,live,0,2026-09-10T16:02:29.267712+00:00
c68e2cc0401fc88e,scoringdance,round,scoringdance:230,https://scoring.dance/enUS/events/230/results/3282.html,5c25f02ec4e26753,live,0,2026-09-10T16:02:29.267712+00:00
801b4d9efb92016a,scoringdance,round,scoringdance:230,https://scoring.dance/enUS/events/230/results/3283.html,5c25f02ec4e26753,live,0,2026-09-10T16:02:29.267712+00:00
7aceb5da4a7297ab,scoringdance,round,scoringdance:230,https://scoring.dance/enUS/events/230/results/3284.html,5c25f02ec4e26753,live,0,2026-09-10T16:02:29.267712+00:00
8b737ca55713f3da,scoringdance,round,scoringdance:230,https://scoring.dance/enUS/events/230/results/3285.html,5c25f02ec4e26753,live,0,2026-09-10T16:02:29.267712+00:00
dfa645336de201b7,scoringdance,round,scoringdance:230,https://scoring.dance/enUS/events/230/results/3286.html,5c25f02ec4e26753,live,0,2026-09-10T16:02:29.267712+00:00
7d083b9f00d3e457,scoringdance,round,scoringdance:230,https://scoring.dance/enUS/events/230/results/3287.html,5c25f02ec4e26753,live,0,2026-09-10T16:02:29.267712+00:00
6db306d5fa1c641c,scoringdance,round,scoringdance:230,https://scoring.dance/enUS/events/230/results/3288.html,5c25f02ec4e26753,live,0,2026-09-10T16:02:29.267712+00:00
ce0d06746c7be725,scoringdance,round,scoringdance:230,https://scoring.dance/enUS/events/230/results/3289.html,5c25f02ec4e26753,live,0,2026-09-10T16:02:29.267712+00:00
1891850eafa3b57a,scoringdance,round,scoringdance:230,https://scoring.dance/enUS/events/230/results/3290.html,5c25f02ec4e26753,live,0,2026-09-10T16:02:29.267712+00:00
e26ddace63d14e80,scoringdance,round,scoringdance:231,https://scoring.dance/enUS/events/231/results/3296.html,44e5bdf3530fd868,live,0,2026-09-10T16:02:29.031926+00:00
84e73e0bde46372e,scoringdance,round,scoringdance:231,https://scoring.dance/enUS/events/231/results/3297.html,44e5bdf3530fd868,live,0,2026-09-10T16:02:29.031926+00:00
f035e94830a612b8,scoringdance,round,scoringdance:231,https://scoring.dance/enUS/events/231/results/3298.html,44e5bdf3530fd868,live,0,2026-09-10T16:02:29.031926+00:00
0f3448c57c1d2929,scoringdance,round,scoringdance:231,https://scoring.dance/enUS/events/231/results/3299.html,44e5bdf3530fd868,live,0,2026-09-10T16:02:29.031926+00:00
dfd87346832fcaee,scoringdance,round,scoringdance:231,https://scoring.dance/enUS/events/231/results/3300.html,44e5bdf3530fd868,live,0,2026-09-10T16:02:29.031926+00:00
775badd55800d7ce,scoringdance,round,scoringdance:231,https://scoring.dance/enUS/events/231/results/3301.html,44e5bdf3530fd868,live,0,2026-09-10T16:02:29.031926+00:00
e5e2041bee2c06c7,scoringdance,round,scoringdance:231,https://scoring.dance/enUS/events/231/results/3302.html,44e5bdf3530fd868,live,0,2026-09-10T16:02:29.031926+00:00
60b951cf0dacd033,scoringdance,round,scoringdance:231,https://scoring.dance/enUS/events/231/results/3303.html,44e5bdf3530fd868,live,0,2026-09-10T16:02:29.031926+00:00
eb55d60f4e116772,scoringdance,round,scoringdance:231,https://scoring.dance/enUS/events/231/results/3304.html,44e5bdf3530fd868,live,0,2026-09-10T16:02:29.031926+00:00
71c236f97177f1e7,scoringdance,round,scoringdance:231,https://scoring.dance/enUS/events/231/results/3305.html,44e5bdf3530fd868,live,0,2026-09-10T16:02:29.031926+00:00
4e2205f8616e542c,scoringdance,round,scoringdance:231,https://scoring.dance/enUS/events/231/results/3306.html,44e5bdf3530fd868,live,0,2026-09-10T16:02:29.031926+00:00
aea295b856af8abd,scoringdance,round,scoringdance:231,https://scoring.dance/enUS/events/231/results/3307.html,44e5bdf3530fd868,live,0,2026-09-10T16:02:29.031926+00:00
1854371240b739be,scoringdance,round,scoringdance:231,https://scoring.dance/enUS/events/231/results/3308.html,44e5bdf3530fd868,live,0,2026-09-10T16:02:29.031926+00:00
56b6705bd3411a18,scoringdance,round,scoringdance:233,https://scoring.dance/enUS/events/233/results/3454.html,fbbbc9fb45f60b55,live,0,2026-09-10T16:02:30.659751+00:00
0d0d4d60b4c950c8,scoringdance,round,scoringdance:233,https://scoring.dance/enUS/events/233/results/3455.html,fbbbc9fb45f60b55,live,0,2026-09-10T16:02:30.659751+00:00
10ab96fe22c84946,scoringdance,round,scoringdance:233,https://scoring.dance/enUS/events/233/results/3456.html,fbbbc9fb45f60b55,live,0,2026-09-10T16:02:30.659751+00:00
33d9f786abff1e45,scoringdance,round,scoringdance:233,https://scoring.dance/enUS/events/233/results/3457.html,fbbbc9fb45f60b55,live,0,2026-09-10T16:02:30.659751+00:00
50cd9b16756057d9,scoringdance,round,scoringdance:233,https://scoring.dance/enUS/events/233/results/3458.html,fbbbc9fb45f60b55,live,0,2026-09-10T16:02:30.659751+00:00
efd6ca7ed2d016f1,scoringdance,round,scoringdance:233,https://scoring.dance/enUS/events/233/results/3459.html,fbbbc9fb45f60b55,live,0,2026-09-10T16:02:30.659751+00:00
11305fb49c32e245,scoringdance,round,scoringdance:233,https://scoring.dance/enUS/events/233/results/3460.html,fbbbc9fb45f60b55,live,0,2026-09-10T16:02:30.659751+00:00
be0c87ed8b654f09,scoringdance,round,scoringdance:233,https://scoring.dance/enUS/events/233/results/3461.html,fbbbc9fb45f60b55,live,0,2026-09-10T16:02:30.659751+00:00
fbdc9a29c5a51fdf,scoringdance,round,scoringdance:233,https://scoring.dance/enUS/events/233/results/3462.html,fbbbc9fb45f60b55,live,0,2026-09-10T16:02:30.659751+00:00
1429f8f475dd8790,scoringdance,round,scoringdance:233,https://scoring.dance/enUS/events/233/results/3463.html,fbbbc9fb45f60b55,live,0,2026-09-10T16:02:30.659751+00:00
211b9b50ea0ae39d,scoringdance,round,scoringdance:233,https://scoring.dance/enUS/events/233/results/3464.html,fbbbc9fb45f60b55,live,0,2026-09-10T16:02:30.659751+00:00
f1ea5b1cd6ae3a0d,scoringdance,round,scoringdance:233,https://scoring.dance/enUS/events/233/results/3465.html,fbbbc9fb45f60b55,live,0,2026-09-10T16:02:30.659751+00:00
1875fa1ba099a95c,scoringdance,round,scoringdance:233,https://scoring.dance/enUS/events/233/results/3466.html,fbbbc9fb45f60b55,live,0,2026-09-10T16:02:30.659751+00:00
c87a83a942b646b8,scoringdance,round,scoringdance:233,https://scoring.dance/enUS/events/233/results/3467.html,fbbbc9fb45f60b55,live,0,2026-09-10T16:02:30.659751+00:00
5cbef0c0675a7c2a,scoringdance,round,scoringdance:233,https://scoring.dance/enUS/events/233/results/3468.html,fbbbc9fb45f60b55,live,0,2026-09-10T16:02:30.659751+00:00
c25ad557fb7b90e3,scoringdance,round,scoringdance:233,https://scoring.dance/enUS/events/233/results/3469.html,fbbbc9fb45f60b55,live,0,2026-09-10T16:02:30.659751+00:00
1bb05db71375b4e6,scoringdance,round,scoringdance:233,https://scoring.dance/enUS/events/233/results/3542.html,fbbbc9fb45f60b55,live,0,2026-09-10T16:02:30.659751+00:00
94a217507f11d69a,scoringdance,round,scoringdance:236,https://scoring.dance/enUS/events/236/results/3309.html,b536600ef38e07b0,live,0,2026-09-10T16:02:30.037057+00:00
07d7fe6659bae864,scoringdance,round,scoringdance:236,https://scoring.dance/enUS/events/236/results/3310.html,b536600ef38e07b0,live,0,2026-09-10T16:02:30.037057+00:00
c9bb63b77dceb011,scoringdance,round,scoringdance:236,https://scoring.dance/enUS/events/236/results/3311.html,b536600ef38e07b0,live,0,2026-09-10T16:02:30.037057+00:00
a3975edb09b745da,scoringdance,round,scoringdance:236,https://scoring.dance/enUS/events/236/results/3312.html,b536600ef38e07b0,live,0,2026-09-10T16:02:30.037057+00:00
d5394555a9655652,scoringdance,round,scoringdance:236,https://scoring.dance/enUS/events/236/results/3313.html,b536600ef38e07b0,live,0,2026-09-10T16:02:30.037057+00:00
8a0264302006d858,scoringdance,round,scoringdance:236,https://scoring.dance/enUS/events/236/results/3314.html,b536600ef38e07b0,live,0,2026-09-10T16:02:30.037057+00:00
bee149afa93e305a,scoringdance,round,scoringdance:236,https://scoring.dance/enUS/events/236/results/3315.html,b536600ef38e07b0,live,0,2026-09-10T16:02:30.037057+00:00
a7a2290702de99d0,scoringdance,round,scoringdance:236,https://scoring.dance/enUS/events/236/results/3316.html,b536600ef38e07b0,live,0,2026-09-10T16:02:30.037057+00:00
677ad4077831543a,scoringdance,round,scoringdance:236,https://scoring.dance/enUS/events/236/results/3319.html,b536600ef38e07b0,live,0,2026-09-10T16:02:30.037057+00:00
b973e47856fd1efc,scoringdance,round,scoringdance:236,https://scoring.dance/enUS/events/236/results/3320.html,b536600ef38e07b0,live,0,2026-09-10T16:02:30.037057+00:00
5104924f1c176aea,scoringdance,round,scoringdance:236,https://scoring.dance/enUS/events/236/results/3323.html,b536600ef38e07b0,live,0,2026-09-10T16:02:30.037057+00:00
97a3e7a4455b438d,scoringdance,round,scoringdance:236,https://scoring.dance/enUS/events/236/results/3324.html,b536600ef38e07b0,live,0,2026-09-10T16:02:30.037057+00:00
59c248bbb69950da,scoringdance,round,scoringdance:236,https://scoring.dance/enUS/events/236/results/3325.html,b536600ef38e07b0,live,0,2026-09-10T16:02:30.037057+00:00
f93f3c35ed490a57,scoringdance,round,scoringdance:236,https://scoring.dance/enUS/events/236/results/3326.html,b536600ef38e07b0,live,0,2026-09-10T16:02:30.037057+00:00
b8b2e4ef73dffce9,scoringdance,round,scoringdance:236,https://scoring.dance/enUS/events/236/results/3330.html,b536600ef38e07b0,live,0,2026-09-10T16:02:30.037057+00:00
bd96e2e8f65746b5,scoringdance,round,scoringdance:236,https://scoring.dance/enUS/events/236/results/3332.html,b536600ef38e07b0,live,0,2026-09-10T16:02:30.037057+00:00
33aaf760e5d215ea,scoringdance,round,scoringdance:236,https://scoring.dance/enUS/events/236/results/3333.html,b536600ef38e07b0,live,0,2026-09-10T16:02:30.037057+00:00
78f98d5e0b71d393,scoringdance,round,scoringdance:238,https://scoring.dance/enUS/events/238/results/4399.html,c9196f90a4dfbcb8,live,0,2026-09-10T16:02:30.255481+00:00
d31ee9eba678fac8,scoringdance,round,scoringdance:238,https://scoring.dance/enUS/events/238/results/4400.html,c9196f90a4dfbcb8,live,0,2026-09-10T16:02:30.255481+00:00
1b0adbafdbe1bdac,scoringdance,round,scoringdance:238,https://scoring.dance/enUS/events/238/results/4401.html,c9196f90a4dfbcb8,live,0,2026-09-10T16:02:30.255481+00:00
ce3ddf3c5f8b29c4,scoringdance,round,scoringdance:238,https://scoring.dance/enUS/events/238/results/4402.html,c9196f90a4dfbcb8,live,0,2026-09-10T16:02:30.255481+00:00
7078120a3a2a2090,scoringdance,round,scoringdance:238,https://scoring.dance/enUS/events/238/results/4404.html,c9196f90a4dfbcb8,live,0,2026-09-10T16:02:30.255481+00:00
c895f6c3acfbc26f,scoringdance,round,scoringdance:238,https://scoring.dance/enUS/events/238/results/4405.html,c9196f90a4dfbcb8,live,0,2026-09-10T16:02:30.255481+00:00
574e64dc85fe7695,scoringdance,round,scoringdance:238,https://scoring.dance/enUS/events/238/results/4406.html,c9196f90a4dfbcb8,live,0,2026-09-10T16:02:30.255481+00:00
c28f8b42c6189f78,scoringdance,round,scoringdance:238,https://scoring.dance/enUS/events/238/results/4408.html,c9196f90a4dfbcb8,live,0,2026-09-10T16:02:30.255481+00:00
9707fb9fccd346fb,scoringdance,round,scoringdance:238,https://scoring.dance/enUS/events/238/results/4409.html,c9196f90a4dfbcb8,live,0,2026-09-10T16:02:30.255481+00:00
8a67fe23588403e5,scoringdance,round,scoringdance:238,https://scoring.dance/enUS/events/238/results/4410.html,c9196f90a4dfbcb8,live,0,2026-09-10T16:02:30.255481+00:00
0fa54fe94c5237bc,scoringdance,round,scoringdance:239,https://scoring.dance/enUS/events/239/results/3510.html,c47b99213690ee93,live,0,2026-09-10T16:02:30.193002+00:00
705f7056f8556dd3,scoringdance,round,scoringdance:239,https://scoring.dance/enUS/events/239/results/3511.html,c47b99213690ee93,live,0,2026-09-10T16:02:30.193002+00:00
9713aeb0302da3e2,scoringdance,round,scoringdance:239,https://scoring.dance/enUS/events/239/results/3512.html,c47b99213690ee93,live,0,2026-09-10T16:02:30.193002+00:00
66985745ab1f8bd9,scoringdance,round,scoringdance:239,https://scoring.dance/enUS/events/239/results/3513.html,c47b99213690ee93,live,0,2026-09-10T16:02:30.193002+00:00
3ae2944a6605b7c5,scoringdance,round,scoringdance:239,https://scoring.dance/enUS/events/239/results/3514.html,c47b99213690ee93,live,0,2026-09-10T16:02:30.193002+00:00
57dbf75b24b825cf,scoringdance,round,scoringdance:239,https://scoring.dance/enUS/events/239/results/3515.html,c47b99213690ee93,live,0,2026-09-10T16:02:30.193002+00:00
9103de4c8de3a293,scoringdance,round,scoringdance:239,https://scoring.dance/enUS/events/239/results/3516.html,c47b99213690ee93,live,0,2026-09-10T16:02:30.193002+00:00
533a18917f276433,scoringdance,round,scoringdance:239,https://scoring.dance/enUS/events/239/results/3517.html,c47b99213690ee93,live,0,2026-09-10T16:02:30.193002+00:00
8a307ec1d7c13b7b,scoringdance,round,scoringdance:239,https://scoring.dance/enUS/events/239/results/3518.html,c47b99213690ee93,live,0,2026-09-10T16:02:30.193002+00:00
cfe9ef544ae70a55,scoringdance,round,scoringdance:239,https://scoring.dance/enUS/events/239/results/3519.html,c47b99213690ee93,live,0,2026-09-10T16:02:30.193002+00:00
77eb9df95fa724ad,scoringdance,round,scoringdance:239,https://scoring.dance/enUS/events/239/results/3520.html,c47b99213690ee93,live,0,2026-09-10T16:02:30.193002+00:00
f8bfa9f226dc5eea,scoringdance,round,scoringdance:239,https://scoring.dance/enUS/events/239/results/3522.html,c47b99213690ee93,live,0,2026-09-10T16:02:30.193002+00:00
da94d8e4d7c21bcf,scoringdance,round,scoringdance:239,https://scoring.dance/enUS/events/239/results/3523.html,c47b99213690ee93,live,0,2026-09-10T16:02:30.193002+00:00
5914b116264ca560,scoringdance,round,scoringdance:239,https://scoring.dance/enUS/events/239/results/3524.html,c47b99213690ee93,live,0,2026-09-10T16:02:30.193002+00:00
6d36da5135309478,scoringdance,round,scoringdance:239,https://scoring.dance/enUS/events/239/results/3525.html,c47b99213690ee93,live,0,2026-09-10T16:02:30.193002+00:00
2a8e5050e2b500fd,scoringdance,round,scoringdance:239,https://scoring.dance/enUS/events/239/results/3526.html,c47b99213690ee93,live,0,2026-09-10T16:02:30.193002+00:00
2a44c15c1a6bed05,scoringdance,round,scoringdance:239,https://scoring.dance/enUS/events/239/results/3527.html,c47b99213690ee93,live,0,2026-09-10T16:02:30.193002+00:00
0da09b2645653b10,scoringdance,round,scoringdance:239,https://scoring.dance/enUS/events/239/results/3528.html,c47b99213690ee93,live,0,2026-09-10T16:02:30.193002+00:00
10ae945d37965aeb,scoringdance,round,scoringdance:239,https://scoring.dance/enUS/events/239/results/3529.html,c47b99213690ee93,live,0,2026-09-10T16:02:30.193002+00:00
7b79c8eca296ce36,scoringdance,round,scoringdance:239,https://scoring.dance/enUS/events/239/results/3530.html,c47b99213690ee93,live,0,2026-09-10T16:02:30.193002+00:00
3e7543adf5b65ea5,scoringdance,round,scoringdance:239,https://scoring.dance/enUS/events/239/results/3531.html,c47b99213690ee93,live,0,2026-09-10T16:02:30.193002+00:00
b20498df7dcf379a,scoringdance,round,scoringdance:239,https://scoring.dance/enUS/events/239/results/3532.html,c47b99213690ee93,live,0,2026-09-10T16:02:30.193002+00:00
5613032d233eb35d,scoringdance,round,scoringdance:239,https://scoring.dance/enUS/events/239/results/3533.html,c47b99213690ee93,live,0,2026-09-10T16:02:30.193002+00:00
59f301d5130ac08a,scoringdance,round,scoringdance:239,https://scoring.dance/enUS/events/239/results/3534.html,c47b99213690ee93,live,0,2026-09-10T16:02:30.193002+00:00
550be2248bbca953,scoringdance,round,scoringdance:239,https://scoring.dance/enUS/events/239/results/3535.html,c47b99213690ee93,live,0,2026-09-10T16:02:30.193002+00:00
e262004c558bfefd,scoringdance,round,scoringdance:239,https://scoring.dance/enUS/events/239/results/3538.html,c47b99213690ee93,live,0,2026-09-10T16:02:30.193002+00:00
67672b7ea6d873ad,scoringdance,round,scoringdance:239,https://scoring.dance/enUS/events/239/results/3539.html,c47b99213690ee93,live,0,2026-09-10T16:02:30.193002+00:00
127b78796061aa84,scoringdance,round,scoringdance:239,https://scoring.dance/enUS/events/239/results/3610.html,c47b99213690ee93,live,0,2026-09-10T16:02:30.193002+00:00
0fbfd7220cc4c98a,scoringdance,round,scoringdance:240,https://scoring.dance/enUS/events/240/results/3470.html,31a1b0870f183bc2,live,0,2026-09-10T16:02:28.832533+00:00
f3f6856c9ffad546,scoringdance,round,scoringdance:240,https://scoring.dance/enUS/events/240/results/3471.html,31a1b0870f183bc2,live,0,2026-09-10T16:02:28.832533+00:00
fa11c4f97214d3e7,scoringdance,round,scoringdance:240,https://scoring.dance/enUS/events/240/results/3472.html,31a1b0870f183bc2,live,0,2026-09-10T16:02:28.832533+00:00
50fb65cf9c711a0a,scoringdance,round,scoringdance:240,https://scoring.dance/enUS/events/240/results/3473.html,31a1b0870f183bc2,live,0,2026-09-10T16:02:28.832533+00:00
80ec788bc0dae799,scoringdance,round,scoringdance:240,https://scoring.dance/enUS/events/240/results/3474.html,31a1b0870f183bc2,live,0,2026-09-10T16:02:28.832533+00:00
ac5c5de511b812ba,scoringdance,round,scoringdance:240,https://scoring.dance/enUS/events/240/results/3475.html,31a1b0870f183bc2,live,0,2026-09-10T16:02:28.832533+00:00
70175030f42b0d0c,scoringdance,round,scoringdance:240,https://scoring.dance/enUS/events/240/results/3477.html,31a1b0870f183bc2,live,0,2026-09-10T16:02:28.832533+00:00
20021b854fb0a92d,scoringdance,round,scoringdance:240,https://scoring.dance/enUS/events/240/results/3478.html,31a1b0870f183bc2,live,0,2026-09-10T16:02:28.832533+00:00
19a4514d0ba2439e,scoringdance,round,scoringdance:240,https://scoring.dance/enUS/events/240/results/3479.html,31a1b0870f183bc2,live,0,2026-09-10T16:02:28.832533+00:00
7a5e868ccbaa5280,scoringdance,round,scoringdance:240,https://scoring.dance/enUS/events/240/results/3480.html,31a1b0870f183bc2,live,0,2026-09-10T16:02:28.832533+00:00
dad8a583dc3c79ff,scoringdance,round,scoringdance:240,https://scoring.dance/enUS/events/240/results/3481.html,31a1b0870f183bc2,live,0,2026-09-10T16:02:28.832533+00:00
209b9219d376c8fb,scoringdance,round,scoringdance:240,https://scoring.dance/enUS/events/240/results/3482.html,31a1b0870f183bc2,live,0,2026-09-10T16:02:28.832533+00:00
ea8e5d122815570a,scoringdance,round,scoringdance:240,https://scoring.dance/enUS/events/240/results/3483.html,31a1b0870f183bc2,live,0,2026-09-10T16:02:28.832533+00:00
3fb635429760be89,scoringdance,round,scoringdance:240,https://scoring.dance/enUS/events/240/results/3484.html,31a1b0870f183bc2,live,0,2026-09-10T16:02:28.832533+00:00
e80f48a8db330f19,scoringdance,round,scoringdance:240,https://scoring.dance/enUS/events/240/results/3485.html,31a1b0870f183bc2,live,0,2026-09-10T16:02:28.832533+00:00
618306f00cb3b22f,scoringdance,round,scoringdance:240,https://scoring.dance/enUS/events/240/results/3486.html,31a1b0870f183bc2,live,0,2026-09-10T16:02:28.832533+00:00
bebede3f059e4426,scoringdance,round,scoringdance:240,https://scoring.dance/enUS/events/240/results/3487.html,31a1b0870f183bc2,live,0,2026-09-10T16:02:28.832533+00:00
2d37a71091c69e5f,scoringdance,round,scoringdance:240,https://scoring.dance/enUS/events/240/results/3488.html,31a1b0870f183bc2,live,0,2026-09-10T16:02:28.832533+00:00
deafc339b9d6c64d,scoringdance,round,scoringdance:240,https://scoring.dance/enUS/events/240/results/3489.html,31a1b0870f183bc2,live,0,2026-09-10T16:02:28.832533+00:00
b0137b0c56f84f6b,scoringdance,round,scoringdance:240,https://scoring.dance/enUS/events/240/results/3490.html,31a1b0870f183bc2,live,0,2026-09-10T16:02:28.832533+00:00
30cdb1e455bc6264,scoringdance,round,scoringdance:240,https://scoring.dance/enUS/events/240/results/3492.html,31a1b0870f183bc2,live,0,2026-09-10T16:02:28.832533+00:00
70fc645fc4b94857,scoringdance,round,scoringdance:240,https://scoring.dance/enUS/events/240/results/3493.html,31a1b0870f183bc2,live,0,2026-09-10T16:02:28.832533+00:00
3e71b6abe6078e2c,scoringdance,round,scoringdance:240,https://scoring.dance/enUS/events/240/results/3495.html,31a1b0870f183bc2,live,0,2026-09-10T16:02:28.832533+00:00
0ddb4bea753ba58a,scoringdance,round,scoringdance:240,https://scoring.dance/enUS/events/240/results/3496.html,31a1b0870f183bc2,live,0,2026-09-10T16:02:28.832533+00:00
1fe5beb161aea8f4,scoringdance,round,scoringdance:240,https://scoring.dance/enUS/events/240/results/3497.html,31a1b0870f183bc2,live,0,2026-09-10T16:02:28.832533+00:00
88857e42fd8be205,scoringdance,round,scoringdance:240,https://scoring.dance/enUS/events/240/results/3498.html,31a1b0870f183bc2,live,0,2026-09-10T16:02:28.832533+00:00
529097db6ce142c2,scoringdance,round,scoringdance:240,https://scoring.dance/enUS/events/240/results/3499.html,31a1b0870f183bc2,live,0,2026-09-10T16:02:28.832533+00:00
9610727849769af8,scoringdance,round,scoringdance:240,https://scoring.dance/enUS/events/240/results/3500.html,31a1b0870f183bc2,live,0,2026-09-10T16:02:28.832533+00:00
9864a57108eb8184,scoringdance,round,scoringdance:240,https://scoring.dance/enUS/events/240/results/3501.html,31a1b0870f183bc2,live,0,2026-09-10T16:02:28.832533+00:00
926e2186c7b5a2c8,scoringdance,round,scoringdance:240,https://scoring.dance/enUS/events/240/results/3502.html,31a1b0870f183bc2,live,0,2026-09-10T16:02:28.832533+00:00
6290dc3dee3437c6,scoringdance,round,scoringdance:240,https://scoring.dance/enUS/events/240/results/3503.html,31a1b0870f183bc2,live,0,2026-09-10T16:02:28.832533+00:00
feedd3b0937d4356,scoringdance,round,scoringdance:240,https://scoring.dance/enUS/events/240/results/3504.html,31a1b0870f183bc2,live,0,2026-09-10T16:02:28.832533+00:00
dffda102ff1c1f87,scoringdance,round,scoringdance:240,https://scoring.dance/enUS/events/240/results/3505.html,31a1b0870f183bc2,live,0,2026-09-10T16:02:28.832533+00:00
0a8d8ecb24db7ab3,scoringdance,round,scoringdance:240,https://scoring.dance/enUS/events/240/results/3506.html,31a1b0870f183bc2,live,0,2026-09-10T16:02:28.832533+00:00
99995181989aa1e8,scoringdance,round,scoringdance:240,https://scoring.dance/enUS/events/240/results/3507.html,31a1b0870f183bc2,live,0,2026-09-10T16:02:28.832533+00:00
a419affefd1045d0,scoringdance,round,scoringdance:240,https://scoring.dance/enUS/events/240/results/3509.html,31a1b0870f183bc2,live,0,2026-09-10T16:02:28.832533+00:00
02b5cf5ea0ce9227,scoringdance,round,scoringdance:240,https://scoring.dance/enUS/events/240/results/3546.html,31a1b0870f183bc2,live,0,2026-09-10T16:02:28.832533+00:00
5da480921362519e,scoringdance,round,scoringdance:241,https://scoring.dance/enUS/events/241/results/3547.html,4cb145012c39b1ea,live,0,2026-09-10T16:02:29.125609+00:00
0c295d23592a29eb,scoringdance,round,scoringdance:241,https://scoring.dance/enUS/events/241/results/3548.html,4cb145012c39b1ea,live,0,2026-09-10T16:02:29.125609+00:00
fe14656d1a79f245,scoringdance,round,scoringdance:241,https://scoring.dance/enUS/events/241/results/3549.html,4cb145012c39b1ea,live,0,2026-09-10T16:02:29.125609+00:00
7b2911ae1574493a,scoringdance,round,scoringdance:241,https://scoring.dance/enUS/events/241/results/3550.html,4cb145012c39b1ea,live,0,2026-09-10T16:02:29.125609+00:00
ea7386ac7182870e,scoringdance,round,scoringdance:241,https://scoring.dance/enUS/events/241/results/3551.html,4cb145012c39b1ea,live,0,2026-09-10T16:02:29.125609+00:00
a9543c2e5863183a,scoringdance,round,scoringdance:241,https://scoring.dance/enUS/events/241/results/3552.html,4cb145012c39b1ea,live,0,2026-09-10T16:02:29.125609+00:00
f346ddcd85ad1817,scoringdance,round,scoringdance:241,https://scoring.dance/enUS/events/241/results/3553.html,4cb145012c39b1ea,live,0,2026-09-10T16:02:29.125609+00:00
5291be280b921f61,scoringdance,round,scoringdance:241,https://scoring.dance/enUS/events/241/results/3555.html,4cb145012c39b1ea,live,0,2026-09-10T16:02:29.125609+00:00
a15bb648543e4c39,scoringdance,round,scoringdance:241,https://scoring.dance/enUS/events/241/results/3556.html,4cb145012c39b1ea,live,0,2026-09-10T16:02:29.125609+00:00
a1b54b907d56eb4a,scoringdance,round,scoringdance:241,https://scoring.dance/enUS/events/241/results/3558.html,4cb145012c39b1ea,live,0,2026-09-10T16:02:29.125609+00:00
14b831a5fa62f44f,scoringdance,round,scoringdance:241,https://scoring.dance/enUS/events/241/results/3559.html,4cb145012c39b1ea,live,0,2026-09-10T16:02:29.125609+00:00
05b72da46ea2f21b,scoringdance,round,scoringdance:241,https://scoring.dance/enUS/events/241/results/3561.html,4cb145012c39b1ea,live,0,2026-09-10T16:02:29.125609+00:00
0cbb4262a4e01ebc,scoringdance,round,scoringdance:241,https://scoring.dance/enUS/events/241/results/3562.html,4cb145012c39b1ea,live,0,2026-09-10T16:02:29.125609+00:00
2c10c5d59f89fe19,scoringdance,round,scoringdance:241,https://scoring.dance/enUS/events/241/results/3564.html,4cb145012c39b1ea,live,0,2026-09-10T16:02:29.125609+00:00
76be7794f23762c9,scoringdance,round,scoringdance:241,https://scoring.dance/enUS/events/241/results/3565.html,4cb145012c39b1ea,live,0,2026-09-10T16:02:29.125609+00:00
678dfe380da1ca2c,scoringdance,round,scoringdance:241,https://scoring.dance/enUS/events/241/results/3566.html,4cb145012c39b1ea,live,0,2026-09-10T16:02:29.125609+00:00
a41f59de029f3889,scoringdance,round,scoringdance:242,https://scoring.dance/enUS/events/242/results/3800.html,7f13689f7eb71a5d,live,0,2026-09-10T16:02:29.567536+00:00
f7833aa6fd5bf8cf,scoringdance,round,scoringdance:242,https://scoring.dance/enUS/events/242/results/3802.html,7f13689f7eb71a5d,live,0,2026-09-10T16:02:29.567536+00:00
130da725cff49001,scoringdance,round,scoringdance:242,https://scoring.dance/enUS/events/242/results/3803.html,7f13689f7eb71a5d,live,0,2026-09-10T16:02:29.567536+00:00
a82bcbb0fdb87e6b,scoringdance,round,scoringdance:242,https://scoring.dance/enUS/events/242/results/3805.html,7f13689f7eb71a5d,live,0,2026-09-10T16:02:29.567536+00:00
faabdef7daab3d05,scoringdance,round,scoringdance:242,https://scoring.dance/enUS/events/242/results/3806.html,7f13689f7eb71a5d,live,0,2026-09-10T16:02:29.567536+00:00
9e98e0ccb39c6960,scoringdance,round,scoringdance:242,https://scoring.dance/enUS/events/242/results/3807.html,7f13689f7eb71a5d,live,0,2026-09-10T16:02:29.567536+00:00
2bd29c9036c21cf6,scoringdance,round,scoringdance:242,https://scoring.dance/enUS/events/242/results/3808.html,7f13689f7eb71a5d,live,0,2026-09-10T16:02:29.567536+00:00
4117933a883d8e76,scoringdance,round,scoringdance:242,https://scoring.dance/enUS/events/242/results/3809.html,7f13689f7eb71a5d,live,0,2026-09-10T16:02:29.567536+00:00
5cc3664346390458,scoringdance,round,scoringdance:242,https://scoring.dance/enUS/events/242/results/3810.html,7f13689f7eb71a5d,live,0,2026-09-10T16:02:29.567536+00:00
651ff93f1a3491e3,scoringdance,round,scoringdance:242,https://scoring.dance/enUS/events/242/results/3811.html,7f13689f7eb71a5d,live,0,2026-09-10T16:02:29.567536+00:00
71839bcf3b01807d,scoringdance,round,scoringdance:242,https://scoring.dance/enUS/events/242/results/3812.html,7f13689f7eb71a5d,live,0,2026-09-10T16:02:29.567536+00:00
4d528db35d412bae,scoringdance,round,scoringdance:242,https://scoring.dance/enUS/events/242/results/3813.html,7f13689f7eb71a5d,live,0,2026-09-10T16:02:29.567536+00:00
a9210a150d552a89,scoringdance,round,scoringdance:242,https://scoring.dance/enUS/events/242/results/3814.html,7f13689f7eb71a5d,live,0,2026-09-10T16:02:29.567536+00:00
d913f59987e7a6f7,scoringdance,round,scoringdance:242,https://scoring.dance/enUS/events/242/results/3815.html,7f13689f7eb71a5d,live,0,2026-09-10T16:02:29.567536+00:00
08187d8e81224d26,scoringdance,round,scoringdance:242,https://scoring.dance/enUS/events/242/results/3816.html,7f13689f7eb71a5d,live,0,2026-09-10T16:02:29.567536+00:00
6a7775d7af112f94,scoringdance,round,scoringdance:242,https://scoring.dance/enUS/events/242/results/3817.html,7f13689f7eb71a5d,live,0,2026-09-10T16:02:29.567536+00:00
593fa9e623aeccd2,scoringdance,round,scoringdance:242,https://scoring.dance/enUS/events/242/results/3818.html,7f13689f7eb71a5d,live,0,2026-09-10T16:02:29.567536+00:00
083af678a77bb501,scoringdance,round,scoringdance:242,https://scoring.dance/enUS/events/242/results/3819.html,7f13689f7eb71a5d,live,0,2026-09-10T16:02:29.567536+00:00
f5d0179a1a024495,scoringdance,round,scoringdance:242,https://scoring.dance/enUS/events/242/results/3820.html,7f13689f7eb71a5d,live,0,2026-09-10T16:02:29.567536+00:00
a2345c35d29acf2c,scoringdance,round,scoringdance:242,https://scoring.dance/enUS/events/242/results/3821.html,7f13689f7eb71a5d,live,0,2026-09-10T16:02:29.567536+00:00
5e69e991f272aabe,scoringdance,round,scoringdance:242,https://scoring.dance/enUS/events/242/results/3822.html,7f13689f7eb71a5d,live,0,2026-09-10T16:02:29.567536+00:00
cd05f1246bbb6cad,scoringdance,round,scoringdance:242,https://scoring.dance/enUS/events/242/results/3823.html,7f13689f7eb71a5d,live,0,2026-09-10T16:02:29.567536+00:00
ab35ca49d722169d,scoringdance,round,scoringdance:242,https://scoring.dance/enUS/events/242/results/3824.html,7f13689f7eb71a5d,live,0,2026-09-10T16:02:29.567536+00:00
e009ecc63e8bb56e,scoringdance,round,scoringdance:242,https://scoring.dance/enUS/events/242/results/3825.html,7f13689f7eb71a5d,live,0,2026-09-10T16:02:29.567536+00:00
3ff770a0f11401bf,scoringdance,round,scoringdance:242,https://scoring.dance/enUS/events/242/results/3826.html,7f13689f7eb71a5d,live,0,2026-09-10T16:02:29.567536+00:00
3c3b8817ab6e06c1,scoringdance,round,scoringdance:242,https://scoring.dance/enUS/events/242/results/3827.html,7f13689f7eb71a5d,live,0,2026-09-10T16:02:29.567536+00:00
97ab747624ff7501,scoringdance,round,scoringdance:242,https://scoring.dance/enUS/events/242/results/3828.html,7f13689f7eb71a5d,live,0,2026-09-10T16:02:29.567536+00:00
4c7f3dc79ebd73a4,scoringdance,round,scoringdance:242,https://scoring.dance/enUS/events/242/results/3829.html,7f13689f7eb71a5d,live,0,2026-09-10T16:02:29.567536+00:00
03173aeccff4bc69,scoringdance,round,scoringdance:242,https://scoring.dance/enUS/events/242/results/3830.html,7f13689f7eb71a5d,live,0,2026-09-10T16:02:29.567536+00:00
fbf5b58df633d426,scoringdance,round,scoringdance:242,https://scoring.dance/enUS/events/242/results/3831.html,7f13689f7eb71a5d,live,0,2026-09-10T16:02:29.567536+00:00
6510ace8cd4308df,scoringdance,round,scoringdance:242,https://scoring.dance/enUS/events/242/results/3832.html,7f13689f7eb71a5d,live,0,2026-09-10T16:02:29.567536+00:00
89671714f06b9895,scoringdance,round,scoringdance:242,https://scoring.dance/enUS/events/242/results/3833.html,7f13689f7eb71a5d,live,0,2026-09-10T16:02:29.567536+00:00
5a19bd7764fafbd0,scoringdance,round,scoringdance:242,https://scoring.dance/enUS/events/242/results/3834.html,7f13689f7eb71a5d,live,0,2026-09-10T16:02:29.567536+00:00
0ff99528fc48fc0b,scoringdance,round,scoringdance:242,https://scoring.dance/enUS/events/242/results/3836.html,7f13689f7eb71a5d,live,0,2026-09-10T16:02:29.567536+00:00
a120341d21cdaad0,scoringdance,round,scoringdance:242,https://scoring.dance/enUS/events/242/results/3837.html,7f13689f7eb71a5d,live,0,2026-09-10T16:02:29.567536+00:00
04d39aeb848f268e,scoringdance,round,scoringdance:242,https://scoring.dance/enUS/events/242/results/3838.html,7f13689f7eb71a5d,live,0,2026-09-10T16:02:29.567536+00:00
b53660736785ed60,scoringdance,round,scoringdance:242,https://scoring.dance/enUS/events/242/results/3839.html,7f13689f7eb71a5d,live,0,2026-09-10T16:02:29.567536+00:00
29528262371d5161,scoringdance,round,scoringdance:242,https://scoring.dance/enUS/events/242/results/3842.html,7f13689f7eb71a5d,live,0,2026-09-10T16:02:29.567536+00:00
3292c91e53b14a93,scoringdance,round,scoringdance:242,https://scoring.dance/enUS/events/242/results/3856.html,7f13689f7eb71a5d,live,0,2026-09-10T16:02:29.567536+00:00
f12665878f3c8be4,scoringdance,round,scoringdance:245,https://scoring.dance/enUS/events/245/results/3671.html,9f131690439e7c43,live,0,2026-09-10T16:02:29.802311+00:00
69fee96911dff2f4,scoringdance,round,scoringdance:245,https://scoring.dance/enUS/events/245/results/3672.html,9f131690439e7c43,live,0,2026-09-10T16:02:29.802311+00:00
8a8aa314164eed5d,scoringdance,round,scoringdance:245,https://scoring.dance/enUS/events/245/results/3673.html,9f131690439e7c43,live,0,2026-09-10T16:02:29.802311+00:00
f2240a455c29fcf8,scoringdance,round,scoringdance:245,https://scoring.dance/enUS/events/245/results/3674.html,9f131690439e7c43,live,0,2026-09-10T16:02:29.802311+00:00
e2fe05380e7ea46a,scoringdance,round,scoringdance:245,https://scoring.dance/enUS/events/245/results/3675.html,9f131690439e7c43,live,0,2026-09-10T16:02:29.802311+00:00
55dc0cc83bb84085,scoringdance,round,scoringdance:245,https://scoring.dance/enUS/events/245/results/3676.html,9f131690439e7c43,live,0,2026-09-10T16:02:29.802311+00:00
ede5218466ef060c,scoringdance,round,scoringdance:245,https://scoring.dance/enUS/events/245/results/3678.html,9f131690439e7c43,live,0,2026-09-10T16:02:29.802311+00:00
9f64ec6aba54a9a5,scoringdance,round,scoringdance:245,https://scoring.dance/enUS/events/245/results/3679.html,9f131690439e7c43,live,0,2026-09-10T16:02:29.802311+00:00
2a3c8adbe6a7bcde,scoringdance,round,scoringdance:245,https://scoring.dance/enUS/events/245/results/3680.html,9f131690439e7c43,live,0,2026-09-10T16:02:29.802311+00:00
1ffe9a2e149e0c92,scoringdance,round,scoringdance:245,https://scoring.dance/enUS/events/245/results/3683.html,9f131690439e7c43,live,0,2026-09-10T16:02:29.802311+00:00
2cf0d670fc30e2f4,scoringdance,round,scoringdance:245,https://scoring.dance/enUS/events/245/results/3684.html,9f131690439e7c43,live,0,2026-09-10T16:02:29.802311+00:00
82b0385f3e56d7bd,scoringdance,round,scoringdance:245,https://scoring.dance/enUS/events/245/results/3685.html,9f131690439e7c43,live,0,2026-09-10T16:02:29.802311+00:00
93413bbcb00dc397,scoringdance,round,scoringdance:245,https://scoring.dance/enUS/events/245/results/3686.html,9f131690439e7c43,live,0,2026-09-10T16:02:29.802311+00:00
6a9d76c5de00e7ea,scoringdance,round,scoringdance:245,https://scoring.dance/enUS/events/245/results/3687.html,9f131690439e7c43,live,0,2026-09-10T16:02:29.802311+00:00
d11efa193c441bbb,scoringdance,round,scoringdance:245,https://scoring.dance/enUS/events/245/results/3688.html,9f131690439e7c43,live,0,2026-09-10T16:02:29.802311+00:00
9959cda6279a0590,scoringdance,round,scoringdance:245,https://scoring.dance/enUS/events/245/results/3689.html,9f131690439e7c43,live,0,2026-09-10T16:02:29.802311+00:00
0e1802c7ead48c6a,scoringdance,round,scoringdance:245,https://scoring.dance/enUS/events/245/results/3690.html,9f131690439e7c43,live,0,2026-09-10T16:02:29.802311+00:00
dcc1c1f70e171cce,scoringdance,round,scoringdance:245,https://scoring.dance/enUS/events/245/results/3748.html,9f131690439e7c43,live,0,2026-09-10T16:02:29.802311+00:00
0d05dfa6f951ad44,scoringdance,round,scoringdance:245,https://scoring.dance/enUS/events/245/results/3750.html,9f131690439e7c43,live,0,2026-09-10T16:02:29.802311+00:00
449424a291ffd3dc,scoringdance,round,scoringdance:246,https://scoring.dance/enUS/events/246/results/4106.html,64e7b1b9063037f8,live,0,2026-09-10T16:02:29.346141+00:00
89f01340b17b22ab,scoringdance,round,scoringdance:246,https://scoring.dance/enUS/events/246/results/4108.html,64e7b1b9063037f8,live,0,2026-09-10T16:02:29.346141+00:00
31b9b5ece3d737a7,scoringdance,round,scoringdance:246,https://scoring.dance/enUS/events/246/results/4109.html,64e7b1b9063037f8,live,0,2026-09-10T16:02:29.346141+00:00
a72e6b3f31b56908,scoringdance,round,scoringdance:246,https://scoring.dance/enUS/events/246/results/4110.html,64e7b1b9063037f8,live,0,2026-09-10T16:02:29.346141+00:00
a8445ea5ad86d197,scoringdance,round,scoringdance:246,https://scoring.dance/enUS/events/246/results/4111.html,64e7b1b9063037f8,live,0,2026-09-10T16:02:29.346141+00:00
d2755b06e93372fb,scoringdance,round,scoringdance:246,https://scoring.dance/enUS/events/246/results/4112.html,64e7b1b9063037f8,live,0,2026-09-10T16:02:29.346141+00:00
0ed3acbfcd20cddd,scoringdance,round,scoringdance:246,https://scoring.dance/enUS/events/246/results/4113.html,64e7b1b9063037f8,live,0,2026-09-10T16:02:29.346141+00:00
6465614a56a5eff1,scoringdance,round,scoringdance:246,https://scoring.dance/enUS/events/246/results/4114.html,64e7b1b9063037f8,live,0,2026-09-10T16:02:29.346141+00:00
9f1d3e0d72f37bc8,scoringdance,round,scoringdance:246,https://scoring.dance/enUS/events/246/results/4115.html,64e7b1b9063037f8,live,0,2026-09-10T16:02:29.346141+00:00
fe7e6374124665cb,scoringdance,round,scoringdance:246,https://scoring.dance/enUS/events/246/results/4116.html,64e7b1b9063037f8,live,0,2026-09-10T16:02:29.346141+00:00
1afdcde3cdbf92db,scoringdance,round,scoringdance:246,https://scoring.dance/enUS/events/246/results/4117.html,64e7b1b9063037f8,live,0,2026-09-10T16:02:29.346141+00:00
25225be8e25ab116,scoringdance,round,scoringdance:247,https://scoring.dance/enUS/events/247/results/3985.html,359d334c2a451425,live,0,2026-09-10T16:02:28.875989+00:00
35eec0cf335f24d3,scoringdance,round,scoringdance:247,https://scoring.dance/enUS/events/247/results/3986.html,359d334c2a451425,live,0,2026-09-10T16:02:28.875989+00:00
38c8448208462dd0,scoringdance,round,scoringdance:247,https://scoring.dance/enUS/events/247/results/3987.html,359d334c2a451425,live,0,2026-09-10T16:02:28.875989+00:00
abc2b296fa95cadb,scoringdance,round,scoringdance:247,https://scoring.dance/enUS/events/247/results/3988.html,359d334c2a451425,live,0,2026-09-10T16:02:28.875989+00:00
c53cd72f79ad11bc,scoringdance,round,scoringdance:247,https://scoring.dance/enUS/events/247/results/3989.html,359d334c2a451425,live,0,2026-09-10T16:02:28.875989+00:00
76653b63ec3ee9c8,scoringdance,round,scoringdance:247,https://scoring.dance/enUS/events/247/results/3990.html,359d334c2a451425,live,0,2026-09-10T16:02:28.875989+00:00
3940256cb3fa526d,scoringdance,round,scoringdance:247,https://scoring.dance/enUS/events/247/results/3991.html,359d334c2a451425,live,0,2026-09-10T16:02:28.875989+00:00
69c162b06c1bc2b8,scoringdance,round,scoringdance:247,https://scoring.dance/enUS/events/247/results/3992.html,359d334c2a451425,live,0,2026-09-10T16:02:28.875989+00:00
76dc8c79546d011d,scoringdance,round,scoringdance:247,https://scoring.dance/enUS/events/247/results/3993.html,359d334c2a451425,live,0,2026-09-10T16:02:28.875989+00:00
757376e6ccb3d6ac,scoringdance,round,scoringdance:247,https://scoring.dance/enUS/events/247/results/3994.html,359d334c2a451425,live,0,2026-09-10T16:02:28.875989+00:00
8178d910f0bdc3cb,scoringdance,round,scoringdance:247,https://scoring.dance/enUS/events/247/results/3995.html,359d334c2a451425,live,0,2026-09-10T16:02:28.875989+00:00
1ff8dc1ebafbb6ce,scoringdance,round,scoringdance:247,https://scoring.dance/enUS/events/247/results/3996.html,359d334c2a451425,live,0,2026-09-10T16:02:28.875989+00:00
414218da7e5672ab,scoringdance,round,scoringdance:247,https://scoring.dance/enUS/events/247/results/3997.html,359d334c2a451425,live,0,2026-09-10T16:02:28.875989+00:00
d9f6c056b7baf346,scoringdance,round,scoringdance:247,https://scoring.dance/enUS/events/247/results/3998.html,359d334c2a451425,live,0,2026-09-10T16:02:28.875989+00:00
81e1ddbae6ea370d,scoringdance,round,scoringdance:248,https://scoring.dance/enUS/events/248/results/3782.html,9739e6063999220b,live,0,2026-09-10T16:02:29.737515+00:00
52754a2e5f12eee2,scoringdance,round,scoringdance:248,https://scoring.dance/enUS/events/248/results/3783.html,9739e6063999220b,live,0,2026-09-10T16:02:29.737515+00:00
573f4bb5eaf3ba5c,scoringdance,round,scoringdance:248,https://scoring.dance/enUS/events/248/results/3784.html,9739e6063999220b,live,0,2026-09-10T16:02:29.737515+00:00
0fa5c1087f379e4a,scoringdance,round,scoringdance:248,https://scoring.dance/enUS/events/248/results/3785.html,9739e6063999220b,live,0,2026-09-10T16:02:29.737515+00:00
b12be63a845123ef,scoringdance,round,scoringdance:248,https://scoring.dance/enUS/events/248/results/3786.html,9739e6063999220b,live,0,2026-09-10T16:02:29.737515+00:00
8a2bf652f1ee77ce,scoringdance,round,scoringdance:248,https://scoring.dance/enUS/events/248/results/3787.html,9739e6063999220b,live,0,2026-09-10T16:02:29.737515+00:00
ad1338b4a0120ce9,scoringdance,round,scoringdance:248,https://scoring.dance/enUS/events/248/results/3788.html,9739e6063999220b,live,0,2026-09-10T16:02:29.737515+00:00
1f76465d566c3520,scoringdance,round,scoringdance:248,https://scoring.dance/enUS/events/248/results/3789.html,9739e6063999220b,live,0,2026-09-10T16:02:29.737515+00:00
b41e151abb8054a5,scoringdance,round,scoringdance:248,https://scoring.dance/enUS/events/248/results/3791.html,9739e6063999220b,live,0,2026-09-10T16:02:29.737515+00:00
0caa541faaa06d69,scoringdance,round,scoringdance:248,https://scoring.dance/enUS/events/248/results/3793.html,9739e6063999220b,live,0,2026-09-10T16:02:29.737515+00:00
1cb17a24b8564083,scoringdance,round,scoringdance:248,https://scoring.dance/enUS/events/248/results/3795.html,9739e6063999220b,live,0,2026-09-10T16:02:29.737515+00:00
e58bb63bb045ec96,scoringdance,round,scoringdance:248,https://scoring.dance/enUS/events/248/results/3796.html,9739e6063999220b,live,0,2026-09-10T16:02:29.737515+00:00
3450289c5c691b64,scoringdance,round,scoringdance:248,https://scoring.dance/enUS/events/248/results/3797.html,9739e6063999220b,live,0,2026-09-10T16:02:29.737515+00:00
57e590d1b3506f82,scoringdance,round,scoringdance:248,https://scoring.dance/enUS/events/248/results/3798.html,9739e6063999220b,live,0,2026-09-10T16:02:29.737515+00:00
cb13a2e00a0a80c2,scoringdance,round,scoringdance:249,https://scoring.dance/enUS/events/249/results/3637.html,3f90110d9fa82373,live,0,2026-09-10T16:02:28.989074+00:00
35e656a012e18e44,scoringdance,round,scoringdance:249,https://scoring.dance/enUS/events/249/results/3638.html,3f90110d9fa82373,live,0,2026-09-10T16:02:28.989074+00:00
14874f0e063efdde,scoringdance,round,scoringdance:249,https://scoring.dance/enUS/events/249/results/3639.html,3f90110d9fa82373,live,0,2026-09-10T16:02:28.989074+00:00
9542e18d082dbe9d,scoringdance,round,scoringdance:249,https://scoring.dance/enUS/events/249/results/3640.html,3f90110d9fa82373,live,0,2026-09-10T16:02:28.989074+00:00
5d8b6e21b6ef797a,scoringdance,round,scoringdance:249,https://scoring.dance/enUS/events/249/results/3641.html,3f90110d9fa82373,live,0,2026-09-10T16:02:28.989074+00:00
bf9d872db641b905,scoringdance,round,scoringdance:249,https://scoring.dance/enUS/events/249/results/3642.html,3f90110d9fa82373,live,0,2026-09-10T16:02:28.989074+00:00
20cad80661db9526,scoringdance,round,scoringdance:249,https://scoring.dance/enUS/events/249/results/3643.html,3f90110d9fa82373,live,0,2026-09-10T16:02:28.989074+00:00
ce3262d44d096379,scoringdance,round,scoringdance:249,https://scoring.dance/enUS/events/249/results/3644.html,3f90110d9fa82373,live,0,2026-09-10T16:02:28.989074+00:00
37e99b33b63de707,scoringdance,round,scoringdance:249,https://scoring.dance/enUS/events/249/results/3645.html,3f90110d9fa82373,live,0,2026-09-10T16:02:28.989074+00:00
c8845838d293df63,scoringdance,round,scoringdance:249,https://scoring.dance/enUS/events/249/results/3648.html,3f90110d9fa82373,live,0,2026-09-10T16:02:28.989074+00:00
4efc9859e6d99a3b,scoringdance,round,scoringdance:249,https://scoring.dance/enUS/events/249/results/3649.html,3f90110d9fa82373,live,0,2026-09-10T16:02:28.989074+00:00
3578c7041bd1d37a,scoringdance,round,scoringdance:249,https://scoring.dance/enUS/events/249/results/3651.html,3f90110d9fa82373,live,0,2026-09-10T16:02:28.989074+00:00
54258353b1db4cfa,scoringdance,round,scoringdance:249,https://scoring.dance/enUS/events/249/results/3652.html,3f90110d9fa82373,live,0,2026-09-10T16:02:28.989074+00:00
82b6b0bca0a7a0aa,scoringdance,round,scoringdance:249,https://scoring.dance/enUS/events/249/results/3653.html,3f90110d9fa82373,live,0,2026-09-10T16:02:28.989074+00:00
07d3b106b5e5519d,scoringdance,round,scoringdance:249,https://scoring.dance/enUS/events/249/results/3654.html,3f90110d9fa82373,live,0,2026-09-10T16:02:28.989074+00:00
0e7e35e502a28a62,scoringdance,round,scoringdance:249,https://scoring.dance/enUS/events/249/results/3655.html,3f90110d9fa82373,live,0,2026-09-10T16:02:28.989074+00:00
29a58dacf124a221,scoringdance,round,scoringdance:249,https://scoring.dance/enUS/events/249/results/3656.html,3f90110d9fa82373,live,0,2026-09-10T16:02:28.989074+00:00
3bd1b00e92afb33c,scoringdance,round,scoringdance:249,https://scoring.dance/enUS/events/249/results/3657.html,3f90110d9fa82373,live,0,2026-09-10T16:02:28.989074+00:00
65813b1e2b0a81ab,scoringdance,round,scoringdance:249,https://scoring.dance/enUS/events/249/results/3658.html,3f90110d9fa82373,live,0,2026-09-10T16:02:28.989074+00:00
0304f857d5e17f3c,scoringdance,round,scoringdance:249,https://scoring.dance/enUS/events/249/results/3659.html,3f90110d9fa82373,live,0,2026-09-10T16:02:28.989074+00:00
b9f76a9e54f90532,scoringdance,round,scoringdance:249,https://scoring.dance/enUS/events/249/results/3660.html,3f90110d9fa82373,live,0,2026-09-10T16:02:28.989074+00:00
147febe4bfe50ed8,scoringdance,round,scoringdance:249,https://scoring.dance/enUS/events/249/results/3661.html,3f90110d9fa82373,live,0,2026-09-10T16:02:28.989074+00:00
c6d98fc77f5cef68,scoringdance,round,scoringdance:249,https://scoring.dance/enUS/events/249/results/3662.html,3f90110d9fa82373,live,0,2026-09-10T16:02:28.989074+00:00
6eff8487cdc3cb25,scoringdance,round,scoringdance:249,https://scoring.dance/enUS/events/249/results/3664.html,3f90110d9fa82373,live,0,2026-09-10T16:02:28.989074+00:00
806c8b657ef0e7a9,scoringdance,round,scoringdance:249,https://scoring.dance/enUS/events/249/results/3665.html,3f90110d9fa82373,live,0,2026-09-10T16:02:28.989074+00:00
9af7113bb960a546,scoringdance,round,scoringdance:249,https://scoring.dance/enUS/events/249/results/3666.html,3f90110d9fa82373,live,0,2026-09-10T16:02:28.989074+00:00
051269c90dd1ee7c,scoringdance,round,scoringdance:249,https://scoring.dance/enUS/events/249/results/3667.html,3f90110d9fa82373,live,0,2026-09-10T16:02:28.989074+00:00
152b95fbcea5cb35,scoringdance,round,scoringdance:249,https://scoring.dance/enUS/events/249/results/3668.html,3f90110d9fa82373,live,0,2026-09-10T16:02:28.989074+00:00
c9ffe4fccb1f6a6f,scoringdance,round,scoringdance:249,https://scoring.dance/enUS/events/249/results/3669.html,3f90110d9fa82373,live,0,2026-09-10T16:02:28.989074+00:00
3df9d5c60783fa73,scoringdance,round,scoringdance:250,https://scoring.dance/enUS/events/250/results/3612.html,614e60446c3442f2,live,0,2026-09-10T16:02:29.311400+00:00
661bd7437870d87c,scoringdance,round,scoringdance:250,https://scoring.dance/enUS/events/250/results/3614.html,614e60446c3442f2,live,0,2026-09-10T16:02:29.311400+00:00
02e27da08ea2c386,scoringdance,round,scoringdance:250,https://scoring.dance/enUS/events/250/results/3615.html,614e60446c3442f2,live,0,2026-09-10T16:02:29.311400+00:00
8e152f1685dc8b86,scoringdance,round,scoringdance:250,https://scoring.dance/enUS/events/250/results/3616.html,614e60446c3442f2,live,0,2026-09-10T16:02:29.311400+00:00
e52a9dce4480ec2e,scoringdance,round,scoringdance:250,https://scoring.dance/enUS/events/250/results/3617.html,614e60446c3442f2,live,0,2026-09-10T16:02:29.311400+00:00
3f1ef40b94db5d6f,scoringdance,round,scoringdance:250,https://scoring.dance/enUS/events/250/results/3618.html,614e60446c3442f2,live,0,2026-09-10T16:02:29.311400+00:00
06195da21e6728b8,scoringdance,round,scoringdance:250,https://scoring.dance/enUS/events/250/results/3619.html,614e60446c3442f2,live,0,2026-09-10T16:02:29.311400+00:00
462ad78e4a8164d2,scoringdance,round,scoringdance:250,https://scoring.dance/enUS/events/250/results/3620.html,614e60446c3442f2,live,0,2026-09-10T16:02:29.311400+00:00
a5656089243dc00c,scoringdance,round,scoringdance:250,https://scoring.dance/enUS/events/250/results/3621.html,614e60446c3442f2,live,0,2026-09-10T16:02:29.311400+00:00
b6c7e70235d6be76,scoringdance,round,scoringdance:250,https://scoring.dance/enUS/events/250/results/3622.html,614e60446c3442f2,live,0,2026-09-10T16:02:29.311400+00:00
603f394fd935c55c,scoringdance,round,scoringdance:250,https://scoring.dance/enUS/events/250/results/3623.html,614e60446c3442f2,live,0,2026-09-10T16:02:29.311400+00:00
833b7c9a471a7411,scoringdance,round,scoringdance:250,https://scoring.dance/enUS/events/250/results/3624.html,614e60446c3442f2,live,0,2026-09-10T16:02:29.311400+00:00
f49dc4a2f178f632,scoringdance,round,scoringdance:250,https://scoring.dance/enUS/events/250/results/3625.html,614e60446c3442f2,live,0,2026-09-10T16:02:29.311400+00:00
8ee4103ed15b6912,scoringdance,round,scoringdance:250,https://scoring.dance/enUS/events/250/results/3626.html,614e60446c3442f2,live,0,2026-09-10T16:02:29.311400+00:00
7986aee99cf351a5,scoringdance,round,scoringdance:250,https://scoring.dance/enUS/events/250/results/3628.html,614e60446c3442f2,live,0,2026-09-10T16:02:29.311400+00:00
c36e8cd455111b37,scoringdance,round,scoringdance:250,https://scoring.dance/enUS/events/250/results/3629.html,614e60446c3442f2,live,0,2026-09-10T16:02:29.311400+00:00
300f311dea707eee,scoringdance,round,scoringdance:250,https://scoring.dance/enUS/events/250/results/3630.html,614e60446c3442f2,live,0,2026-09-10T16:02:29.311400+00:00
a18349606a1da043,scoringdance,round,scoringdance:250,https://scoring.dance/enUS/events/250/results/3631.html,614e60446c3442f2,live,0,2026-09-10T16:02:29.311400+00:00
25751638b01b6440,scoringdance,round,scoringdance:250,https://scoring.dance/enUS/events/250/results/3632.html,614e60446c3442f2,live,0,2026-09-10T16:02:29.311400+00:00
5fba873a65516201,scoringdance,round,scoringdance:250,https://scoring.dance/enUS/events/250/results/3633.html,614e60446c3442f2,live,0,2026-09-10T16:02:29.311400+00:00
6ec00a9ee5aa8add,scoringdance,round,scoringdance:250,https://scoring.dance/enUS/events/250/results/3634.html,614e60446c3442f2,live,0,2026-09-10T16:02:29.311400+00:00
b8606d5ac00b74c9,scoringdance,round,scoringdance:250,https://scoring.dance/enUS/events/250/results/3636.html,614e60446c3442f2,live,0,2026-09-10T16:02:29.311400+00:00
44a38fbc2e6e4c7f,scoringdance,round,scoringdance:250,https://scoring.dance/enUS/events/250/results/3670.html,614e60446c3442f2,live,0,2026-09-10T16:02:29.311400+00:00
bcfcf9bef3940dbd,scoringdance,round,scoringdance:251,https://scoring.dance/enUS/events/251/results/3893.html,a3f0d6ee97a2e688,live,0,2026-09-10T16:02:29.884962+00:00
1d625bb76a86e92e,scoringdance,round,scoringdance:251,https://scoring.dance/enUS/events/251/results/3894.html,a3f0d6ee97a2e688,live,0,2026-09-10T16:02:29.884962+00:00
29e072cc3945298b,scoringdance,round,scoringdance:251,https://scoring.dance/enUS/events/251/results/3895.html,a3f0d6ee97a2e688,live,0,2026-09-10T16:02:29.884962+00:00
9f636f1c708ec4af,scoringdance,round,scoringdance:251,https://scoring.dance/enUS/events/251/results/3896.html,a3f0d6ee97a2e688,live,0,2026-09-10T16:02:29.884962+00:00
b6429fb42824dafb,scoringdance,round,scoringdance:251,https://scoring.dance/enUS/events/251/results/3897.html,a3f0d6ee97a2e688,live,0,2026-09-10T16:02:29.884962+00:00
24be2531f2afede9,scoringdance,round,scoringdance:251,https://scoring.dance/enUS/events/251/results/3898.html,a3f0d6ee97a2e688,live,0,2026-09-10T16:02:29.884962+00:00
93e0de787413ce17,scoringdance,round,scoringdance:251,https://scoring.dance/enUS/events/251/results/3900.html,a3f0d6ee97a2e688,live,0,2026-09-10T16:02:29.884962+00:00
2435830ee8eee6db,scoringdance,round,scoringdance:251,https://scoring.dance/enUS/events/251/results/3901.html,a3f0d6ee97a2e688,live,0,2026-09-10T16:02:29.884962+00:00
190583d94559cb3a,scoringdance,round,scoringdance:251,https://scoring.dance/enUS/events/251/results/3902.html,a3f0d6ee97a2e688,live,0,2026-09-10T16:02:29.884962+00:00
62798a9466446412,scoringdance,round,scoringdance:251,https://scoring.dance/enUS/events/251/results/3903.html,a3f0d6ee97a2e688,live,0,2026-09-10T16:02:29.884962+00:00
e886225681e5a180,scoringdance,round,scoringdance:251,https://scoring.dance/enUS/events/251/results/3907.html,a3f0d6ee97a2e688,live,0,2026-09-10T16:02:29.884962+00:00
4dcdad5421035ddd,scoringdance,round,scoringdance:251,https://scoring.dance/enUS/events/251/results/3908.html,a3f0d6ee97a2e688,live,0,2026-09-10T16:02:29.884962+00:00
ada2e58a71ee0afd,scoringdance,round,scoringdance:251,https://scoring.dance/enUS/events/251/results/3909.html,a3f0d6ee97a2e688,live,0,2026-09-10T16:02:29.884962+00:00
782e7aa2d98f33f6,scoringdance,round,scoringdance:251,https://scoring.dance/enUS/events/251/results/3910.html,a3f0d6ee97a2e688,live,0,2026-09-10T16:02:29.884962+00:00
1040366509f98856,scoringdance,round,scoringdance:251,https://scoring.dance/enUS/events/251/results/3911.html,a3f0d6ee97a2e688,live,0,2026-09-10T16:02:29.884962+00:00
893a0e3d068b3191,scoringdance,round,scoringdance:251,https://scoring.dance/enUS/events/251/results/3912.html,a3f0d6ee97a2e688,live,0,2026-09-10T16:02:29.884962+00:00
2a006dd212026269,scoringdance,round,scoringdance:251,https://scoring.dance/enUS/events/251/results/3914.html,a3f0d6ee97a2e688,live,0,2026-09-10T16:02:29.884962+00:00
c2258ffba6b701be,scoringdance,round,scoringdance:251,https://scoring.dance/enUS/events/251/results/3915.html,a3f0d6ee97a2e688,live,0,2026-09-10T16:02:29.884962+00:00
9898b9b51a56414d,scoringdance,round,scoringdance:252,https://scoring.dance/enUS/events/252/results/3942.html,9a7e96c2a08e8b79,live,0,2026-09-10T16:02:29.755230+00:00
a3fbb203ed134137,scoringdance,round,scoringdance:252,https://scoring.dance/enUS/events/252/results/3943.html,9a7e96c2a08e8b79,live,0,2026-09-10T16:02:29.755230+00:00
3d6eb8c295897cdc,scoringdance,round,scoringdance:252,https://scoring.dance/enUS/events/252/results/3944.html,9a7e96c2a08e8b79,live,0,2026-09-10T16:02:29.755230+00:00
7a40bcaaf84bb549,scoringdance,round,scoringdance:252,https://scoring.dance/enUS/events/252/results/3945.html,9a7e96c2a08e8b79,live,0,2026-09-10T16:02:29.755230+00:00
751333c6e5943b78,scoringdance,round,scoringdance:252,https://scoring.dance/enUS/events/252/results/3946.html,9a7e96c2a08e8b79,live,0,2026-09-10T16:02:29.755230+00:00
0834cc50a923af97,scoringdance,round,scoringdance:252,https://scoring.dance/enUS/events/252/results/3947.html,9a7e96c2a08e8b79,live,0,2026-09-10T16:02:29.755230+00:00
2e9876246efcc81e,scoringdance,round,scoringdance:252,https://scoring.dance/enUS/events/252/results/3948.html,9a7e96c2a08e8b79,live,0,2026-09-10T16:02:29.755230+00:00
2d45ae37e008bb5e,scoringdance,round,scoringdance:252,https://scoring.dance/enUS/events/252/results/3950.html,9a7e96c2a08e8b79,live,0,2026-09-10T16:02:29.755230+00:00
e5b6ca4243d33890,scoringdance,round,scoringdance:252,https://scoring.dance/enUS/events/252/results/3951.html,9a7e96c2a08e8b79,live,0,2026-09-10T16:02:29.755230+00:00
dffe82c07cdda864,scoringdance,round,scoringdance:252,https://scoring.dance/enUS/events/252/results/3952.html,9a7e96c2a08e8b79,live,0,2026-09-10T16:02:29.755230+00:00
48a317e6a086506c,scoringdance,round,scoringdance:252,https://scoring.dance/enUS/events/252/results/3953.html,9a7e96c2a08e8b79,live,0,2026-09-10T16:02:29.755230+00:00
9c118e233221b09c,scoringdance,round,scoringdance:252,https://scoring.dance/enUS/events/252/results/3954.html,9a7e96c2a08e8b79,live,0,2026-09-10T16:02:29.755230+00:00
56161e92490421b5,scoringdance,round,scoringdance:252,https://scoring.dance/enUS/events/252/results/3955.html,9a7e96c2a08e8b79,live,0,2026-09-10T16:02:29.755230+00:00
b27ceecfe0185f0a,scoringdance,round,scoringdance:252,https://scoring.dance/enUS/events/252/results/3956.html,9a7e96c2a08e8b79,live,0,2026-09-10T16:02:29.755230+00:00
5bd875b8a8173950,scoringdance,round,scoringdance:252,https://scoring.dance/enUS/events/252/results/3957.html,9a7e96c2a08e8b79,live,0,2026-09-10T16:02:29.755230+00:00
51712402b0621c30,scoringdance,round,scoringdance:252,https://scoring.dance/enUS/events/252/results/3958.html,9a7e96c2a08e8b79,live,0,2026-09-10T16:02:29.755230+00:00
bb9f82448147487a,scoringdance,round,scoringdance:252,https://scoring.dance/enUS/events/252/results/3960.html,9a7e96c2a08e8b79,live,0,2026-09-10T16:02:29.755230+00:00
58b46c2c0441a0ff,scoringdance,round,scoringdance:252,https://scoring.dance/enUS/events/252/results/3961.html,9a7e96c2a08e8b79,live,0,2026-09-10T16:02:29.755230+00:00
a2b0fed381c30aa4,scoringdance,round,scoringdance:252,https://scoring.dance/enUS/events/252/results/3962.html,9a7e96c2a08e8b79,live,0,2026-09-10T16:02:29.755230+00:00
d2d7472094f95ebc,scoringdance,round,scoringdance:252,https://scoring.dance/enUS/events/252/results/3964.html,9a7e96c2a08e8b79,live,0,2026-09-10T16:02:29.755230+00:00
d6d5b318d03fa744,scoringdance,round,scoringdance:252,https://scoring.dance/enUS/events/252/results/3965.html,9a7e96c2a08e8b79,live,0,2026-09-10T16:02:29.755230+00:00
781be97b18ad9179,scoringdance,round,scoringdance:252,https://scoring.dance/enUS/events/252/results/3966.html,9a7e96c2a08e8b79,live,0,2026-09-10T16:02:29.755230+00:00
c0ed74cbf6ea7677,scoringdance,round,scoringdance:252,https://scoring.dance/enUS/events/252/results/3968.html,9a7e96c2a08e8b79,live,0,2026-09-10T16:02:29.755230+00:00
701f020df8abec37,scoringdance,round,scoringdance:252,https://scoring.dance/enUS/events/252/results/3969.html,9a7e96c2a08e8b79,live,0,2026-09-10T16:02:29.755230+00:00
cce030e93a699ab4,scoringdance,round,scoringdance:252,https://scoring.dance/enUS/events/252/results/3970.html,9a7e96c2a08e8b79,live,0,2026-09-10T16:02:29.755230+00:00
a7946681492c4fad,scoringdance,round,scoringdance:252,https://scoring.dance/enUS/events/252/results/3971.html,9a7e96c2a08e8b79,live,0,2026-09-10T16:02:29.755230+00:00
eae102584e8ee40d,scoringdance,round,scoringdance:252,https://scoring.dance/enUS/events/252/results/3972.html,9a7e96c2a08e8b79,live,0,2026-09-10T16:02:29.755230+00:00
600098c8bfed7883,scoringdance,round,scoringdance:252,https://scoring.dance/enUS/events/252/results/3973.html,9a7e96c2a08e8b79,live,0,2026-09-10T16:02:29.755230+00:00
0d482baa8c71dda1,scoringdance,round,scoringdance:252,https://scoring.dance/enUS/events/252/results/3974.html,9a7e96c2a08e8b79,live,0,2026-09-10T16:02:29.755230+00:00
575b031f634b976a,scoringdance,round,scoringdance:252,https://scoring.dance/enUS/events/252/results/3983.html,9a7e96c2a08e8b79,live,0,2026-09-10T16:02:29.755230+00:00
933f688a6e8767ec,scoringdance,round,scoringdance:253,https://scoring.dance/enUS/events/253/results/3723.html,7cb8ce847cdede5d,live,0,2026-09-10T16:02:29.527276+00:00
bb2cb37f4e9f3aa2,scoringdance,round,scoringdance:253,https://scoring.dance/enUS/events/253/results/3724.html,7cb8ce847cdede5d,live,0,2026-09-10T16:02:29.527276+00:00
24f4cd18e418e7d7,scoringdance,round,scoringdance:253,https://scoring.dance/enUS/events/253/results/3725.html,7cb8ce847cdede5d,live,0,2026-09-10T16:02:29.527276+00:00
e1db8e3338bf9783,scoringdance,round,scoringdance:254,https://scoring.dance/enUS/events/254/results/4073.html,d2cf78ad435a0d30,live,0,2026-09-10T16:02:30.348631+00:00
2b550b3a4c7efc7d,scoringdance,round,scoringdance:254,https://scoring.dance/enUS/events/254/results/4074.html,d2cf78ad435a0d30,live,0,2026-09-10T16:02:30.348631+00:00
e13f684a79996598,scoringdance,round,scoringdance:254,https://scoring.dance/enUS/events/254/results/4075.html,d2cf78ad435a0d30,live,0,2026-09-10T16:02:30.348631+00:00
931e5baf9849c723,scoringdance,round,scoringdance:254,https://scoring.dance/enUS/events/254/results/4076.html,d2cf78ad435a0d30,live,0,2026-09-10T16:02:30.348631+00:00
9aae76fba52c849b,scoringdance,round,scoringdance:254,https://scoring.dance/enUS/events/254/results/4077.html,d2cf78ad435a0d30,live,0,2026-09-10T16:02:30.348631+00:00
af0a433d7925ade7,scoringdance,round,scoringdance:254,https://scoring.dance/enUS/events/254/results/4078.html,d2cf78ad435a0d30,live,0,2026-09-10T16:02:30.348631+00:00
098af926c76f12b5,scoringdance,round,scoringdance:254,https://scoring.dance/enUS/events/254/results/4079.html,d2cf78ad435a0d30,live,0,2026-09-10T16:02:30.348631+00:00
0b0d1ed076254bdb,scoringdance,round,scoringdance:254,https://scoring.dance/enUS/events/254/results/4080.html,d2cf78ad435a0d30,live,0,2026-09-10T16:02:30.348631+00:00
4e7d03d421da44da,scoringdance,round,scoringdance:254,https://scoring.dance/enUS/events/254/results/4081.html,d2cf78ad435a0d30,live,0,2026-09-10T16:02:30.348631+00:00
5359e102e09e7ce3,scoringdance,round,scoringdance:254,https://scoring.dance/enUS/events/254/results/4082.html,d2cf78ad435a0d30,live,0,2026-09-10T16:02:30.348631+00:00
8cf6b7c704bf7cd3,scoringdance,round,scoringdance:254,https://scoring.dance/enUS/events/254/results/4083.html,d2cf78ad435a0d30,live,0,2026-09-10T16:02:30.348631+00:00
7ece4e48a9148677,scoringdance,round,scoringdance:254,https://scoring.dance/enUS/events/254/results/4084.html,d2cf78ad435a0d30,live,0,2026-09-10T16:02:30.348631+00:00
8395c56fcfa10680,scoringdance,round,scoringdance:254,https://scoring.dance/enUS/events/254/results/4085.html,d2cf78ad435a0d30,live,0,2026-09-10T16:02:30.348631+00:00
ddc8fda32d5a5bc1,scoringdance,round,scoringdance:254,https://scoring.dance/enUS/events/254/results/4086.html,d2cf78ad435a0d30,live,0,2026-09-10T16:02:30.348631+00:00
8572070172b3647f,scoringdance,round,scoringdance:254,https://scoring.dance/enUS/events/254/results/4087.html,d2cf78ad435a0d30,live,0,2026-09-10T16:02:30.348631+00:00
8cf55080aa03184f,scoringdance,round,scoringdance:254,https://scoring.dance/enUS/events/254/results/4088.html,d2cf78ad435a0d30,live,0,2026-09-10T16:02:30.348631+00:00
902bdc781bfa93a3,scoringdance,round,scoringdance:255,https://scoring.dance/enUS/events/255/results/3762.html,5e3685b3b844e13c,live,0,2026-09-10T16:02:29.293565+00:00
8f7ae3e5380e4262,scoringdance,round,scoringdance:255,https://scoring.dance/enUS/events/255/results/3763.html,5e3685b3b844e13c,live,0,2026-09-10T16:02:29.293565+00:00
87a34c5fa9e5ce1c,scoringdance,round,scoringdance:255,https://scoring.dance/enUS/events/255/results/3764.html,5e3685b3b844e13c,live,0,2026-09-10T16:02:29.293565+00:00
f026362d7118b668,scoringdance,round,scoringdance:255,https://scoring.dance/enUS/events/255/results/3765.html,5e3685b3b844e13c,live,0,2026-09-10T16:02:29.293565+00:00
d2db9bc4fe328ed7,scoringdance,round,scoringdance:255,https://scoring.dance/enUS/events/255/results/3766.html,5e3685b3b844e13c,live,0,2026-09-10T16:02:29.293565+00:00
a99bbfc5675cc478,scoringdance,round,scoringdance:255,https://scoring.dance/enUS/events/255/results/3767.html,5e3685b3b844e13c,live,0,2026-09-10T16:02:29.293565+00:00
00aee34f1d940a4a,scoringdance,round,scoringdance:255,https://scoring.dance/enUS/events/255/results/3768.html,5e3685b3b844e13c,live,0,2026-09-10T16:02:29.293565+00:00
920eb481f224b502,scoringdance,round,scoringdance:255,https://scoring.dance/enUS/events/255/results/3769.html,5e3685b3b844e13c,live,0,2026-09-10T16:02:29.293565+00:00
ad15357a1cbedbfc,scoringdance,round,scoringdance:255,https://scoring.dance/enUS/events/255/results/3770.html,5e3685b3b844e13c,live,0,2026-09-10T16:02:29.293565+00:00
e0a089aba8f0c9bb,scoringdance,round,scoringdance:255,https://scoring.dance/enUS/events/255/results/3771.html,5e3685b3b844e13c,live,0,2026-09-10T16:02:29.293565+00:00
c09a76f935e478a3,scoringdance,round,scoringdance:255,https://scoring.dance/enUS/events/255/results/3772.html,5e3685b3b844e13c,live,0,2026-09-10T16:02:29.293565+00:00
e1a656bb44c6bd66,scoringdance,round,scoringdance:255,https://scoring.dance/enUS/events/255/results/3773.html,5e3685b3b844e13c,live,0,2026-09-10T16:02:29.293565+00:00
a03a125e0bb11000,scoringdance,round,scoringdance:255,https://scoring.dance/enUS/events/255/results/3774.html,5e3685b3b844e13c,live,0,2026-09-10T16:02:29.293565+00:00
ec9d1e31a6dec592,scoringdance,round,scoringdance:255,https://scoring.dance/enUS/events/255/results/3775.html,5e3685b3b844e13c,live,0,2026-09-10T16:02:29.293565+00:00
4ebf02f0c202e6d8,scoringdance,round,scoringdance:255,https://scoring.dance/enUS/events/255/results/3776.html,5e3685b3b844e13c,live,0,2026-09-10T16:02:29.293565+00:00
14262668194138a5,scoringdance,round,scoringdance:255,https://scoring.dance/enUS/events/255/results/3777.html,5e3685b3b844e13c,live,0,2026-09-10T16:02:29.293565+00:00
ff57775b41679127,scoringdance,round,scoringdance:255,https://scoring.dance/enUS/events/255/results/3778.html,5e3685b3b844e13c,live,0,2026-09-10T16:02:29.293565+00:00
1a92d5663a069e32,scoringdance,round,scoringdance:255,https://scoring.dance/enUS/events/255/results/3779.html,5e3685b3b844e13c,live,0,2026-09-10T16:02:29.293565+00:00
f335b7df36131e9d,scoringdance,round,scoringdance:255,https://scoring.dance/enUS/events/255/results/3780.html,5e3685b3b844e13c,live,0,2026-09-10T16:02:29.293565+00:00
faeb4a66c3671602,scoringdance,round,scoringdance:255,https://scoring.dance/enUS/events/255/results/3781.html,5e3685b3b844e13c,live,0,2026-09-10T16:02:29.293565+00:00
920223057ea613a4,scoringdance,round,scoringdance:255,https://scoring.dance/enUS/events/255/results/3916.html,5e3685b3b844e13c,live,0,2026-09-10T16:02:29.293565+00:00
b468757afbfc3854,scoringdance,round,scoringdance:255,https://scoring.dance/enUS/events/255/results/3917.html,5e3685b3b844e13c,live,0,2026-09-10T16:02:29.293565+00:00
41b35ad82c9d5fd9,scoringdance,round,scoringdance:255,https://scoring.dance/enUS/events/255/results/3918.html,5e3685b3b844e13c,live,0,2026-09-10T16:02:29.293565+00:00
7fb8724b1b4ea19d,scoringdance,round,scoringdance:260,https://scoring.dance/enUS/events/260/results/4266.html,4d39c63a75c91cf7,live,0,2026-09-10T16:02:29.131864+00:00
e43713ac7e733e50,scoringdance,round,scoringdance:260,https://scoring.dance/enUS/events/260/results/4267.html,4d39c63a75c91cf7,live,0,2026-09-10T16:02:29.131864+00:00
5c4b222981b4a985,scoringdance,round,scoringdance:260,https://scoring.dance/enUS/events/260/results/4268.html,4d39c63a75c91cf7,live,0,2026-09-10T16:02:29.131864+00:00
390ff7cddfe5a753,scoringdance,round,scoringdance:260,https://scoring.dance/enUS/events/260/results/4269.html,4d39c63a75c91cf7,live,0,2026-09-10T16:02:29.131864+00:00
f3f4da71bfa3427e,scoringdance,round,scoringdance:260,https://scoring.dance/enUS/events/260/results/4270.html,4d39c63a75c91cf7,live,0,2026-09-10T16:02:29.131864+00:00
957e6a5dcda01b5e,scoringdance,round,scoringdance:260,https://scoring.dance/enUS/events/260/results/4271.html,4d39c63a75c91cf7,live,0,2026-09-10T16:02:29.131864+00:00
548ecd2971f55d81,scoringdance,round,scoringdance:260,https://scoring.dance/enUS/events/260/results/4272.html,4d39c63a75c91cf7,live,0,2026-09-10T16:02:29.131864+00:00
d0067248bac70593,scoringdance,round,scoringdance:261,https://scoring.dance/enUS/events/261/results/3843.html,bcbf78ca17ecd33f,live,0,2026-09-10T16:02:30.099698+00:00
60ee5e2f498b78c8,scoringdance,round,scoringdance:261,https://scoring.dance/enUS/events/261/results/3844.html,bcbf78ca17ecd33f,live,0,2026-09-10T16:02:30.099698+00:00
5d215d5e7ec4c070,scoringdance,round,scoringdance:261,https://scoring.dance/enUS/events/261/results/3845.html,bcbf78ca17ecd33f,live,0,2026-09-10T16:02:30.099698+00:00
239ce48660406c53,scoringdance,round,scoringdance:261,https://scoring.dance/enUS/events/261/results/3846.html,bcbf78ca17ecd33f,live,0,2026-09-10T16:02:30.099698+00:00
1fb2cac93fed34d8,scoringdance,round,scoringdance:261,https://scoring.dance/enUS/events/261/results/3847.html,bcbf78ca17ecd33f,live,0,2026-09-10T16:02:30.099698+00:00
6639c64b373591c3,scoringdance,round,scoringdance:261,https://scoring.dance/enUS/events/261/results/3848.html,bcbf78ca17ecd33f,live,0,2026-09-10T16:02:30.099698+00:00
1f40e3bbb03439dc,scoringdance,round,scoringdance:261,https://scoring.dance/enUS/events/261/results/3849.html,bcbf78ca17ecd33f,live,0,2026-09-10T16:02:30.099698+00:00
c5f94bf36170b336,scoringdance,round,scoringdance:261,https://scoring.dance/enUS/events/261/results/3850.html,bcbf78ca17ecd33f,live,0,2026-09-10T16:02:30.099698+00:00
fcc561b9e76d7569,scoringdance,round,scoringdance:261,https://scoring.dance/enUS/events/261/results/3851.html,bcbf78ca17ecd33f,live,0,2026-09-10T16:02:30.099698+00:00
24f1eef6d912b89e,scoringdance,round,scoringdance:261,https://scoring.dance/enUS/events/261/results/3852.html,bcbf78ca17ecd33f,live,0,2026-09-10T16:02:30.099698+00:00
dd51d8deba8cd82f,scoringdance,round,scoringdance:261,https://scoring.dance/enUS/events/261/results/3853.html,bcbf78ca17ecd33f,live,0,2026-09-10T16:02:30.099698+00:00
3d5cd87f1b4811c4,scoringdance,round,scoringdance:261,https://scoring.dance/enUS/events/261/results/3854.html,bcbf78ca17ecd33f,live,0,2026-09-10T16:02:30.099698+00:00
c95857fb85e553aa,scoringdance,round,scoringdance:261,https://scoring.dance/enUS/events/261/results/3855.html,bcbf78ca17ecd33f,live,0,2026-09-10T16:02:30.099698+00:00
f47637fd5bf4caa1,scoringdance,round,scoringdance:262,https://scoring.dance/enUS/events/262/results/4130.html,9f943c6c0cd906e3,live,0,2026-09-10T16:02:29.821186+00:00
6686ebac12f4e29f,scoringdance,round,scoringdance:262,https://scoring.dance/enUS/events/262/results/4131.html,9f943c6c0cd906e3,live,0,2026-09-10T16:02:29.821186+00:00
a1a20beba36fdf05,scoringdance,round,scoringdance:262,https://scoring.dance/enUS/events/262/results/4132.html,9f943c6c0cd906e3,live,0,2026-09-10T16:02:29.821186+00:00
f5e14aee7db076bf,scoringdance,round,scoringdance:262,https://scoring.dance/enUS/events/262/results/4133.html,9f943c6c0cd906e3,live,0,2026-09-10T16:02:29.821186+00:00
7734795e1ac88aa5,scoringdance,round,scoringdance:262,https://scoring.dance/enUS/events/262/results/4134.html,9f943c6c0cd906e3,live,0,2026-09-10T16:02:29.821186+00:00
5a45a5f60cfbb24d,scoringdance,round,scoringdance:262,https://scoring.dance/enUS/events/262/results/4135.html,9f943c6c0cd906e3,live,0,2026-09-10T16:02:29.821186+00:00
509b3d8307134709,scoringdance,round,scoringdance:262,https://scoring.dance/enUS/events/262/results/4137.html,9f943c6c0cd906e3,live,0,2026-09-10T16:02:29.821186+00:00
3b4c4f856312c8ca,scoringdance,round,scoringdance:262,https://scoring.dance/enUS/events/262/results/4138.html,9f943c6c0cd906e3,live,0,2026-09-10T16:02:29.821186+00:00
0a6dd84bc4c1f17d,scoringdance,round,scoringdance:262,https://scoring.dance/enUS/events/262/results/4139.html,9f943c6c0cd906e3,live,0,2026-09-10T16:02:29.821186+00:00
ca7c53cbe547cb9f,scoringdance,round,scoringdance:262,https://scoring.dance/enUS/events/262/results/4140.html,9f943c6c0cd906e3,live,0,2026-09-10T16:02:29.821186+00:00
a6560dbbe03befb8,scoringdance,round,scoringdance:262,https://scoring.dance/enUS/events/262/results/4141.html,9f943c6c0cd906e3,live,0,2026-09-10T16:02:29.821186+00:00
30725511fc88ddc9,scoringdance,round,scoringdance:262,https://scoring.dance/enUS/events/262/results/4160.html,9f943c6c0cd906e3,live,0,2026-09-10T16:02:29.821186+00:00
e416af2c03db2ab4,scoringdance,round,scoringdance:265,https://scoring.dance/enUS/events/265/results/3999.html,9e0272cc13048914,live,0,2026-09-10T16:02:29.784695+00:00
7828cb168c89d455,scoringdance,round,scoringdance:265,https://scoring.dance/enUS/events/265/results/4000.html,9e0272cc13048914,live,0,2026-09-10T16:02:29.784695+00:00
6443ceb1a136b453,scoringdance,round,scoringdance:265,https://scoring.dance/enUS/events/265/results/4001.html,9e0272cc13048914,live,0,2026-09-10T16:02:29.784695+00:00
5b589db3acd72ffd,scoringdance,round,scoringdance:267,https://scoring.dance/enUS/events/267/results/4118.html,56f7e0b0a878d127,live,0,2026-09-10T16:02:29.234014+00:00
61ceed3d38c34ed8,scoringdance,round,scoringdance:267,https://scoring.dance/enUS/events/267/results/4119.html,56f7e0b0a878d127,live,0,2026-09-10T16:02:29.234014+00:00
91f0d0dae577b9b9,scoringdance,round,scoringdance:267,https://scoring.dance/enUS/events/267/results/4120.html,56f7e0b0a878d127,live,0,2026-09-10T16:02:29.234014+00:00
9e6c6fcc487f404c,scoringdance,round,scoringdance:267,https://scoring.dance/enUS/events/267/results/4121.html,56f7e0b0a878d127,live,0,2026-09-10T16:02:29.234014+00:00
511f4e7adf7fa95b,scoringdance,round,scoringdance:267,https://scoring.dance/enUS/events/267/results/4122.html,56f7e0b0a878d127,live,0,2026-09-10T16:02:29.234014+00:00
43237427b466b268,scoringdance,round,scoringdance:267,https://scoring.dance/enUS/events/267/results/4123.html,56f7e0b0a878d127,live,0,2026-09-10T16:02:29.234014+00:00
470c394274e118c3,scoringdance,round,scoringdance:267,https://scoring.dance/enUS/events/267/results/4124.html,56f7e0b0a878d127,live,0,2026-09-10T16:02:29.234014+00:00
ba2d9cd95aaab808,scoringdance,round,scoringdance:267,https://scoring.dance/enUS/events/267/results/4125.html,56f7e0b0a878d127,live,0,2026-09-10T16:02:29.234014+00:00
4f90c253d9392d20,scoringdance,round,scoringdance:267,https://scoring.dance/enUS/events/267/results/4126.html,56f7e0b0a878d127,live,0,2026-09-10T16:02:29.234014+00:00
89bb7ae329c5ca35,scoringdance,round,scoringdance:267,https://scoring.dance/enUS/events/267/results/4127.html,56f7e0b0a878d127,live,0,2026-09-10T16:02:29.234014+00:00
bf90980ac7936252,scoringdance,round,scoringdance:267,https://scoring.dance/enUS/events/267/results/4128.html,56f7e0b0a878d127,live,0,2026-09-10T16:02:29.234014+00:00
4d95e4eac97813d6,scoringdance,round,scoringdance:267,https://scoring.dance/enUS/events/267/results/4129.html,56f7e0b0a878d127,live,0,2026-09-10T16:02:29.234014+00:00
2e27a1217da9b630,scoringdance,round,scoringdance:267,https://scoring.dance/enUS/events/267/results/4179.html,56f7e0b0a878d127,live,0,2026-09-10T16:02:29.234014+00:00
729f3cdb4f24c8fd,scoringdance,round,scoringdance:268,https://scoring.dance/enUS/events/268/results/3857.html,5e365f7595ae3fb2,live,0,2026-09-10T16:02:29.286205+00:00
e4943c665cf5ea6b,scoringdance,round,scoringdance:268,https://scoring.dance/enUS/events/268/results/3858.html,5e365f7595ae3fb2,live,0,2026-09-10T16:02:29.286205+00:00
944121affc69778d,scoringdance,round,scoringdance:268,https://scoring.dance/enUS/events/268/results/3859.html,5e365f7595ae3fb2,live,0,2026-09-10T16:02:29.286205+00:00
a8e39b6d3d26be7b,scoringdance,round,scoringdance:268,https://scoring.dance/enUS/events/268/results/3860.html,5e365f7595ae3fb2,live,0,2026-09-10T16:02:29.286205+00:00
0c260ee1470b0acc,scoringdance,round,scoringdance:268,https://scoring.dance/enUS/events/268/results/3861.html,5e365f7595ae3fb2,live,0,2026-09-10T16:02:29.286205+00:00
27c845bf0435ce9b,scoringdance,round,scoringdance:268,https://scoring.dance/enUS/events/268/results/3862.html,5e365f7595ae3fb2,live,0,2026-09-10T16:02:29.286205+00:00
778e306e0e5861f9,scoringdance,round,scoringdance:268,https://scoring.dance/enUS/events/268/results/3863.html,5e365f7595ae3fb2,live,0,2026-09-10T16:02:29.286205+00:00
6813c6058223f3da,scoringdance,round,scoringdance:268,https://scoring.dance/enUS/events/268/results/3864.html,5e365f7595ae3fb2,live,0,2026-09-10T16:02:29.286205+00:00
9243676b4cb30820,scoringdance,round,scoringdance:268,https://scoring.dance/enUS/events/268/results/3865.html,5e365f7595ae3fb2,live,0,2026-09-10T16:02:29.286205+00:00
44c287e2e98a2f50,scoringdance,round,scoringdance:268,https://scoring.dance/enUS/events/268/results/3866.html,5e365f7595ae3fb2,live,0,2026-09-10T16:02:29.286205+00:00
7085a4be38ba9aa9,scoringdance,round,scoringdance:268,https://scoring.dance/enUS/events/268/results/3867.html,5e365f7595ae3fb2,live,0,2026-09-10T16:02:29.286205+00:00
0f21dd5f2e826f8a,scoringdance,round,scoringdance:268,https://scoring.dance/enUS/events/268/results/3868.html,5e365f7595ae3fb2,live,0,2026-09-10T16:02:29.286205+00:00
d9cec83d9692c83d,scoringdance,round,scoringdance:268,https://scoring.dance/enUS/events/268/results/3869.html,5e365f7595ae3fb2,live,0,2026-09-10T16:02:29.286205+00:00
e23a18558dcf954c,scoringdance,round,scoringdance:268,https://scoring.dance/enUS/events/268/results/3870.html,5e365f7595ae3fb2,live,0,2026-09-10T16:02:29.286205+00:00
89c3ae8281f52673,scoringdance,round,scoringdance:268,https://scoring.dance/enUS/events/268/results/3871.html,5e365f7595ae3fb2,live,0,2026-09-10T16:02:29.286205+00:00
a870069ab4f68449,scoringdance,round,scoringdance:268,https://scoring.dance/enUS/events/268/results/3892.html,5e365f7595ae3fb2,live,0,2026-09-10T16:02:29.286205+00:00
bdf5de367dd530fb,scoringdance,round,scoringdance:27,https://scoring.dance/enUS/events/27/results/266.html,e002e046ed7c92d9,live,0,2026-09-10T16:02:30.433078+00:00
91a6f73235574b81,scoringdance,round,scoringdance:27,https://scoring.dance/enUS/events/27/results/267.html,e002e046ed7c92d9,live,0,2026-09-10T16:02:30.433078+00:00
ed4528bbdcbe70c3,scoringdance,round,scoringdance:27,https://scoring.dance/enUS/events/27/results/268.html,e002e046ed7c92d9,live,0,2026-09-10T16:02:30.433078+00:00
35907c3c790f413c,scoringdance,round,scoringdance:27,https://scoring.dance/enUS/events/27/results/269.html,e002e046ed7c92d9,live,0,2026-09-10T16:02:30.433078+00:00
c5675d0cad82625b,scoringdance,round,scoringdance:27,https://scoring.dance/enUS/events/27/results/270.html,e002e046ed7c92d9,live,0,2026-09-10T16:02:30.433078+00:00
c6b7d947119c311b,scoringdance,round,scoringdance:27,https://scoring.dance/enUS/events/27/results/271.html,e002e046ed7c92d9,live,0,2026-09-10T16:02:30.433078+00:00
a44660e8914da922,scoringdance,round,scoringdance:27,https://scoring.dance/enUS/events/27/results/272.html,e002e046ed7c92d9,live,0,2026-09-10T16:02:30.433078+00:00
775a1c09eca7d72d,scoringdance,round,scoringdance:27,https://scoring.dance/enUS/events/27/results/273.html,e002e046ed7c92d9,live,0,2026-09-10T16:02:30.433078+00:00
acbb8f5bea64e6a4,scoringdance,round,scoringdance:27,https://scoring.dance/enUS/events/27/results/274.html,e002e046ed7c92d9,live,0,2026-09-10T16:02:30.433078+00:00
b446486db3e9f10a,scoringdance,round,scoringdance:27,https://scoring.dance/enUS/events/27/results/275.html,e002e046ed7c92d9,live,0,2026-09-10T16:02:30.433078+00:00
3f954de215f1f859,scoringdance,round,scoringdance:27,https://scoring.dance/enUS/events/27/results/277.html,e002e046ed7c92d9,live,0,2026-09-10T16:02:30.433078+00:00
ece0883d77a1a78b,scoringdance,round,scoringdance:27,https://scoring.dance/enUS/events/27/results/279.html,e002e046ed7c92d9,live,0,2026-09-10T16:02:30.433078+00:00
1da4e6a9675803e8,scoringdance,round,scoringdance:27,https://scoring.dance/enUS/events/27/results/280.html,e002e046ed7c92d9,live,0,2026-09-10T16:02:30.433078+00:00
bb1c78c6a7f7515d,scoringdance,round,scoringdance:270,https://scoring.dance/enUS/events/270/results/4037.html,b0ab5319c46bb2bc,live,0,2026-09-10T16:02:29.978489+00:00
13b5d2192ef48e5d,scoringdance,round,scoringdance:270,https://scoring.dance/enUS/events/270/results/4038.html,b0ab5319c46bb2bc,live,0,2026-09-10T16:02:29.978489+00:00
0e55f67c1eaff9d6,scoringdance,round,scoringdance:270,https://scoring.dance/enUS/events/270/results/4039.html,b0ab5319c46bb2bc,live,0,2026-09-10T16:02:29.978489+00:00
2fbc2b2e94b8806f,scoringdance,round,scoringdance:270,https://scoring.dance/enUS/events/270/results/4040.html,b0ab5319c46bb2bc,live,0,2026-09-10T16:02:29.978489+00:00
a1131172d41b632f,scoringdance,round,scoringdance:270,https://scoring.dance/enUS/events/270/results/4041.html,b0ab5319c46bb2bc,live,0,2026-09-10T16:02:29.978489+00:00
0cdaa82c6bc69443,scoringdance,round,scoringdance:270,https://scoring.dance/enUS/events/270/results/4042.html,b0ab5319c46bb2bc,live,0,2026-09-10T16:02:29.978489+00:00
30e8187c3bfc9284,scoringdance,round,scoringdance:270,https://scoring.dance/enUS/events/270/results/4043.html,b0ab5319c46bb2bc,live,0,2026-09-10T16:02:29.978489+00:00
99d4304da44e5678,scoringdance,round,scoringdance:270,https://scoring.dance/enUS/events/270/results/4044.html,b0ab5319c46bb2bc,live,0,2026-09-10T16:02:29.978489+00:00
df134caaad8069c1,scoringdance,round,scoringdance:270,https://scoring.dance/enUS/events/270/results/4045.html,b0ab5319c46bb2bc,live,0,2026-09-10T16:02:29.978489+00:00
daf4246e0b2f6cd1,scoringdance,round,scoringdance:270,https://scoring.dance/enUS/events/270/results/4046.html,b0ab5319c46bb2bc,live,0,2026-09-10T16:02:29.978489+00:00
c918cef1fcc621a7,scoringdance,round,scoringdance:270,https://scoring.dance/enUS/events/270/results/4047.html,b0ab5319c46bb2bc,live,0,2026-09-10T16:02:29.978489+00:00
a5912ad2abc1e0a0,scoringdance,round,scoringdance:270,https://scoring.dance/enUS/events/270/results/4048.html,b0ab5319c46bb2bc,live,0,2026-09-10T16:02:29.978489+00:00
10a10c93f8574f7f,scoringdance,round,scoringdance:270,https://scoring.dance/enUS/events/270/results/4049.html,b0ab5319c46bb2bc,live,0,2026-09-10T16:02:29.978489+00:00
09d08095f68d183b,scoringdance,round,scoringdance:270,https://scoring.dance/enUS/events/270/results/4050.html,b0ab5319c46bb2bc,live,0,2026-09-10T16:02:29.978489+00:00
89ef184135ffa5a1,scoringdance,round,scoringdance:270,https://scoring.dance/enUS/events/270/results/4051.html,b0ab5319c46bb2bc,live,0,2026-09-10T16:02:29.978489+00:00
0e9a89ab1d61dbb9,scoringdance,round,scoringdance:270,https://scoring.dance/enUS/events/270/results/4052.html,b0ab5319c46bb2bc,live,0,2026-09-10T16:02:29.978489+00:00
7db5872bb48075a2,scoringdance,round,scoringdance:270,https://scoring.dance/enUS/events/270/results/4053.html,b0ab5319c46bb2bc,live,0,2026-09-10T16:02:29.978489+00:00
c9d90b3c33c33afe,scoringdance,round,scoringdance:270,https://scoring.dance/enUS/events/270/results/4054.html,b0ab5319c46bb2bc,live,0,2026-09-10T16:02:29.978489+00:00
9d300dbc29cf0f00,scoringdance,round,scoringdance:270,https://scoring.dance/enUS/events/270/results/4055.html,b0ab5319c46bb2bc,live,0,2026-09-10T16:02:29.978489+00:00
1826d09f4d824135,scoringdance,round,scoringdance:270,https://scoring.dance/enUS/events/270/results/4056.html,b0ab5319c46bb2bc,live,0,2026-09-10T16:02:29.978489+00:00
d6204677f02c2ce6,scoringdance,round,scoringdance:270,https://scoring.dance/enUS/events/270/results/4057.html,b0ab5319c46bb2bc,live,0,2026-09-10T16:02:29.978489+00:00
5f96d15d316a23dd,scoringdance,round,scoringdance:270,https://scoring.dance/enUS/events/270/results/4058.html,b0ab5319c46bb2bc,live,0,2026-09-10T16:02:29.978489+00:00
a8bde85bd5d7d669,scoringdance,round,scoringdance:272,https://scoring.dance/enUS/events/272/results/4894.html,7bc4893166f07d67,live,0,2026-09-10T16:02:29.515157+00:00
afa8a2477c34002f,scoringdance,round,scoringdance:272,https://scoring.dance/enUS/events/272/results/4896.html,7bc4893166f07d67,live,0,2026-09-10T16:02:29.515157+00:00
aed7a69f1e7f34e9,scoringdance,round,scoringdance:272,https://scoring.dance/enUS/events/272/results/4897.html,7bc4893166f07d67,live,0,2026-09-10T16:02:29.515157+00:00
a217951125a02d1c,scoringdance,round,scoringdance:272,https://scoring.dance/enUS/events/272/results/4898.html,7bc4893166f07d67,live,0,2026-09-10T16:02:29.515157+00:00
e848766662e03880,scoringdance,round,scoringdance:272,https://scoring.dance/enUS/events/272/results/4899.html,7bc4893166f07d67,live,0,2026-09-10T16:02:29.515157+00:00
65527d3c8867ecdd,scoringdance,round,scoringdance:272,https://scoring.dance/enUS/events/272/results/4900.html,7bc4893166f07d67,live,0,2026-09-10T16:02:29.515157+00:00
7ad4b9802f498159,scoringdance,round,scoringdance:272,https://scoring.dance/enUS/events/272/results/4901.html,7bc4893166f07d67,live,0,2026-09-10T16:02:29.515157+00:00
f2cc85b53f093235,scoringdance,round,scoringdance:272,https://scoring.dance/enUS/events/272/results/4903.html,7bc4893166f07d67,live,0,2026-09-10T16:02:29.515157+00:00
014e47a7fb6fbd24,scoringdance,round,scoringdance:272,https://scoring.dance/enUS/events/272/results/4904.html,7bc4893166f07d67,live,0,2026-09-10T16:02:29.515157+00:00
84ac36adadadf9c5,scoringdance,round,scoringdance:272,https://scoring.dance/enUS/events/272/results/4906.html,7bc4893166f07d67,live,0,2026-09-10T16:02:29.515157+00:00
3f8c79c2b837ed14,scoringdance,round,scoringdance:272,https://scoring.dance/enUS/events/272/results/4907.html,7bc4893166f07d67,live,0,2026-09-10T16:02:29.515157+00:00
a05f62dd2d9ce244,scoringdance,round,scoringdance:272,https://scoring.dance/enUS/events/272/results/4908.html,7bc4893166f07d67,live,0,2026-09-10T16:02:29.515157+00:00
826ccde81581e335,scoringdance,round,scoringdance:272,https://scoring.dance/enUS/events/272/results/4909.html,7bc4893166f07d67,live,0,2026-09-10T16:02:29.515157+00:00
55dcf9950722f300,scoringdance,round,scoringdance:272,https://scoring.dance/enUS/events/272/results/4910.html,7bc4893166f07d67,live,0,2026-09-10T16:02:29.515157+00:00
da29ae3350086249,scoringdance,round,scoringdance:272,https://scoring.dance/enUS/events/272/results/4911.html,7bc4893166f07d67,live,0,2026-09-10T16:02:29.515157+00:00
580a3a92349e0a71,scoringdance,round,scoringdance:272,https://scoring.dance/enUS/events/272/results/4912.html,7bc4893166f07d67,live,0,2026-09-10T16:02:29.515157+00:00
b3e1f630b818a7a2,scoringdance,round,scoringdance:272,https://scoring.dance/enUS/events/272/results/4913.html,7bc4893166f07d67,live,0,2026-09-10T16:02:29.515157+00:00
df5f2eb6fcf08778,scoringdance,round,scoringdance:272,https://scoring.dance/enUS/events/272/results/4914.html,7bc4893166f07d67,live,0,2026-09-10T16:02:29.515157+00:00
18b22e4603b26c4a,scoringdance,round,scoringdance:272,https://scoring.dance/enUS/events/272/results/4915.html,7bc4893166f07d67,live,0,2026-09-10T16:02:29.515157+00:00
c7cbfc32298eca53,scoringdance,round,scoringdance:272,https://scoring.dance/enUS/events/272/results/4916.html,7bc4893166f07d67,live,0,2026-09-10T16:02:29.515157+00:00
115c8cd621f5ce0c,scoringdance,round,scoringdance:272,https://scoring.dance/enUS/events/272/results/4918.html,7bc4893166f07d67,live,0,2026-09-10T16:02:29.515157+00:00
f96bfee45535994b,scoringdance,round,scoringdance:272,https://scoring.dance/enUS/events/272/results/4919.html,7bc4893166f07d67,live,0,2026-09-10T16:02:29.515157+00:00
85f1a8544c96a431,scoringdance,round,scoringdance:272,https://scoring.dance/enUS/events/272/results/4920.html,7bc4893166f07d67,live,0,2026-09-10T16:02:29.515157+00:00
a9522cff19b626cf,scoringdance,round,scoringdance:272,https://scoring.dance/enUS/events/272/results/4921.html,7bc4893166f07d67,live,0,2026-09-10T16:02:29.515157+00:00
7909ef45ba4af1a8,scoringdance,round,scoringdance:272,https://scoring.dance/enUS/events/272/results/4922.html,7bc4893166f07d67,live,0,2026-09-10T16:02:29.515157+00:00
721ed559801996ab,scoringdance,round,scoringdance:272,https://scoring.dance/enUS/events/272/results/4923.html,7bc4893166f07d67,live,0,2026-09-10T16:02:29.515157+00:00
7fa21a58330a757d,scoringdance,round,scoringdance:272,https://scoring.dance/enUS/events/272/results/4924.html,7bc4893166f07d67,live,0,2026-09-10T16:02:29.515157+00:00
65f6192f0681fe51,scoringdance,round,scoringdance:272,https://scoring.dance/enUS/events/272/results/4925.html,7bc4893166f07d67,live,0,2026-09-10T16:02:29.515157+00:00
9ba4161a68b14f32,scoringdance,round,scoringdance:272,https://scoring.dance/enUS/events/272/results/4928.html,7bc4893166f07d67,live,0,2026-09-10T16:02:29.515157+00:00
cd3c05288c464fdc,scoringdance,round,scoringdance:272,https://scoring.dance/enUS/events/272/results/4929.html,7bc4893166f07d67,live,0,2026-09-10T16:02:29.515157+00:00
b85a1de97a659e10,scoringdance,round,scoringdance:272,https://scoring.dance/enUS/events/272/results/4930.html,7bc4893166f07d67,live,0,2026-09-10T16:02:29.515157+00:00
9715252e99077d70,scoringdance,round,scoringdance:272,https://scoring.dance/enUS/events/272/results/4931.html,7bc4893166f07d67,live,0,2026-09-10T16:02:29.515157+00:00
fe70346089ff45d3,scoringdance,round,scoringdance:272,https://scoring.dance/enUS/events/272/results/4932.html,7bc4893166f07d67,live,0,2026-09-10T16:02:29.515157+00:00
74a3945324d5375d,scoringdance,round,scoringdance:274,https://scoring.dance/enUS/events/274/results/4597.html,f03f4ffed43ea021,live,0,2026-09-10T16:02:30.589684+00:00
88b1c94d8e80f588,scoringdance,round,scoringdance:274,https://scoring.dance/enUS/events/274/results/4599.html,f03f4ffed43ea021,live,0,2026-09-10T16:02:30.589684+00:00
15767ffabfaa210c,scoringdance,round,scoringdance:274,https://scoring.dance/enUS/events/274/results/4600.html,f03f4ffed43ea021,live,0,2026-09-10T16:02:30.589684+00:00
44c8f77069a7daac,scoringdance,round,scoringdance:274,https://scoring.dance/enUS/events/274/results/4601.html,f03f4ffed43ea021,live,0,2026-09-10T16:02:30.589684+00:00
5021471de2755200,scoringdance,round,scoringdance:274,https://scoring.dance/enUS/events/274/results/4602.html,f03f4ffed43ea021,live,0,2026-09-10T16:02:30.589684+00:00
99e82a1d1c90be71,scoringdance,round,scoringdance:274,https://scoring.dance/enUS/events/274/results/4603.html,f03f4ffed43ea021,live,0,2026-09-10T16:02:30.589684+00:00
e463e0fafe6a8d80,scoringdance,round,scoringdance:274,https://scoring.dance/enUS/events/274/results/4604.html,f03f4ffed43ea021,live,0,2026-09-10T16:02:30.589684+00:00
852cf79405535f5c,scoringdance,round,scoringdance:274,https://scoring.dance/enUS/events/274/results/4605.html,f03f4ffed43ea021,live,0,2026-09-10T16:02:30.589684+00:00
5ae3d736b9bebf47,scoringdance,round,scoringdance:274,https://scoring.dance/enUS/events/274/results/4606.html,f03f4ffed43ea021,live,0,2026-09-10T16:02:30.589684+00:00
14b67590dfb6ded9,scoringdance,round,scoringdance:274,https://scoring.dance/enUS/events/274/results/4607.html,f03f4ffed43ea021,live,0,2026-09-10T16:02:30.589684+00:00
5c35250f628b365e,scoringdance,round,scoringdance:274,https://scoring.dance/enUS/events/274/results/4608.html,f03f4ffed43ea021,live,0,2026-09-10T16:02:30.589684+00:00
2ac9133e62d05114,scoringdance,round,scoringdance:274,https://scoring.dance/enUS/events/274/results/4609.html,f03f4ffed43ea021,live,0,2026-09-10T16:02:30.589684+00:00
1029473a623cbd41,scoringdance,round,scoringdance:274,https://scoring.dance/enUS/events/274/results/4610.html,f03f4ffed43ea021,live,0,2026-09-10T16:02:30.589684+00:00
8ba0af60f82a9b5e,scoringdance,round,scoringdance:274,https://scoring.dance/enUS/events/274/results/4611.html,f03f4ffed43ea021,live,0,2026-09-10T16:02:30.589684+00:00
9443aaf7702805d5,scoringdance,round,scoringdance:274,https://scoring.dance/enUS/events/274/results/4612.html,f03f4ffed43ea021,live,0,2026-09-10T16:02:30.589684+00:00
b0359d701f321e2c,scoringdance,round,scoringdance:274,https://scoring.dance/enUS/events/274/results/4613.html,f03f4ffed43ea021,live,0,2026-09-10T16:02:30.589684+00:00
6e9e7f7ba4909fd9,scoringdance,round,scoringdance:274,https://scoring.dance/enUS/events/274/results/4614.html,f03f4ffed43ea021,live,0,2026-09-10T16:02:30.589684+00:00
42935cde6b5793dd,scoringdance,round,scoringdance:274,https://scoring.dance/enUS/events/274/results/4615.html,f03f4ffed43ea021,live,0,2026-09-10T16:02:30.589684+00:00
89adc00d23286c14,scoringdance,round,scoringdance:274,https://scoring.dance/enUS/events/274/results/4616.html,f03f4ffed43ea021,live,0,2026-09-10T16:02:30.589684+00:00
a0c2d54aca577e16,scoringdance,round,scoringdance:274,https://scoring.dance/enUS/events/274/results/4617.html,f03f4ffed43ea021,live,0,2026-09-10T16:02:30.589684+00:00
48a8ad8cadaea98a,scoringdance,round,scoringdance:274,https://scoring.dance/enUS/events/274/results/4618.html,f03f4ffed43ea021,live,0,2026-09-10T16:02:30.589684+00:00
f93391ad505de53f,scoringdance,round,scoringdance:274,https://scoring.dance/enUS/events/274/results/4619.html,f03f4ffed43ea021,live,0,2026-09-10T16:02:30.589684+00:00
2ae69c3a68c80f71,scoringdance,round,scoringdance:274,https://scoring.dance/enUS/events/274/results/4620.html,f03f4ffed43ea021,live,0,2026-09-10T16:02:30.589684+00:00
c381af1b73f1d310,scoringdance,round,scoringdance:274,https://scoring.dance/enUS/events/274/results/4621.html,f03f4ffed43ea021,live,0,2026-09-10T16:02:30.589684+00:00
97de52b5704743ca,scoringdance,round,scoringdance:274,https://scoring.dance/enUS/events/274/results/4622.html,f03f4ffed43ea021,live,0,2026-09-10T16:02:30.589684+00:00
d130ac96ef59d061,scoringdance,round,scoringdance:274,https://scoring.dance/enUS/events/274/results/4623.html,f03f4ffed43ea021,live,0,2026-09-10T16:02:30.589684+00:00
77dfdd65b55129b5,scoringdance,round,scoringdance:274,https://scoring.dance/enUS/events/274/results/4624.html,f03f4ffed43ea021,live,0,2026-09-10T16:02:30.589684+00:00
4b8a1f3c684e5664,scoringdance,round,scoringdance:274,https://scoring.dance/enUS/events/274/results/4625.html,f03f4ffed43ea021,live,0,2026-09-10T16:02:30.589684+00:00
0c6cd7693bd83f1b,scoringdance,round,scoringdance:274,https://scoring.dance/enUS/events/274/results/4626.html,f03f4ffed43ea021,live,0,2026-09-10T16:02:30.589684+00:00
305e9b9e3328c204,scoringdance,round,scoringdance:274,https://scoring.dance/enUS/events/274/results/4627.html,f03f4ffed43ea021,live,0,2026-09-10T16:02:30.589684+00:00
329f1ebbfb0e9d6c,scoringdance,round,scoringdance:274,https://scoring.dance/enUS/events/274/results/4629.html,f03f4ffed43ea021,live,0,2026-09-10T16:02:30.589684+00:00
3e5bca68fa99e165,scoringdance,round,scoringdance:274,https://scoring.dance/enUS/events/274/results/4630.html,f03f4ffed43ea021,live,0,2026-09-10T16:02:30.589684+00:00
03712e51c66af675,scoringdance,round,scoringdance:274,https://scoring.dance/enUS/events/274/results/4631.html,f03f4ffed43ea021,live,0,2026-09-10T16:02:30.589684+00:00
a703de18e9db21d6,scoringdance,round,scoringdance:274,https://scoring.dance/enUS/events/274/results/4632.html,f03f4ffed43ea021,live,0,2026-09-10T16:02:30.589684+00:00
26eec476ef58bbec,scoringdance,round,scoringdance:274,https://scoring.dance/enUS/events/274/results/4633.html,f03f4ffed43ea021,live,0,2026-09-10T16:02:30.589684+00:00
a6290ab80679ed9a,scoringdance,round,scoringdance:274,https://scoring.dance/enUS/events/274/results/4634.html,f03f4ffed43ea021,live,0,2026-09-10T16:02:30.589684+00:00
7793d63616f96bb1,scoringdance,round,scoringdance:274,https://scoring.dance/enUS/events/274/results/4637.html,f03f4ffed43ea021,live,0,2026-09-10T16:02:30.589684+00:00
dd96e61fca0aca79,scoringdance,round,scoringdance:274,https://scoring.dance/enUS/events/274/results/4638.html,f03f4ffed43ea021,live,0,2026-09-10T16:02:30.589684+00:00
1d1648e299f020ff,scoringdance,round,scoringdance:278,https://scoring.dance/enUS/events/278/results/4059.html,d5ea3e50c845d1c6,live,0,2026-09-10T16:02:30.354906+00:00
9c1ec0351196ba14,scoringdance,round,scoringdance:278,https://scoring.dance/enUS/events/278/results/4060.html,d5ea3e50c845d1c6,live,0,2026-09-10T16:02:30.354906+00:00
6601e6fef8cd94de,scoringdance,round,scoringdance:278,https://scoring.dance/enUS/events/278/results/4061.html,d5ea3e50c845d1c6,live,0,2026-09-10T16:02:30.354906+00:00
b6a4822a9df8e0d0,scoringdance,round,scoringdance:278,https://scoring.dance/enUS/events/278/results/4062.html,d5ea3e50c845d1c6,live,0,2026-09-10T16:02:30.354906+00:00
e85cbe2bfa0012d9,scoringdance,round,scoringdance:278,https://scoring.dance/enUS/events/278/results/4063.html,d5ea3e50c845d1c6,live,0,2026-09-10T16:02:30.354906+00:00
8bbcbc89dd065910,scoringdance,round,scoringdance:278,https://scoring.dance/enUS/events/278/results/4064.html,d5ea3e50c845d1c6,live,0,2026-09-10T16:02:30.354906+00:00
7519559ffc5d0db9,scoringdance,round,scoringdance:278,https://scoring.dance/enUS/events/278/results/4065.html,d5ea3e50c845d1c6,live,0,2026-09-10T16:02:30.354906+00:00
6dd47fa8cbb00fb1,scoringdance,round,scoringdance:278,https://scoring.dance/enUS/events/278/results/4066.html,d5ea3e50c845d1c6,live,0,2026-09-10T16:02:30.354906+00:00
68f7f88e8707026f,scoringdance,round,scoringdance:278,https://scoring.dance/enUS/events/278/results/4067.html,d5ea3e50c845d1c6,live,0,2026-09-10T16:02:30.354906+00:00
8a5c7ff9fdb00867,scoringdance,round,scoringdance:278,https://scoring.dance/enUS/events/278/results/4068.html,d5ea3e50c845d1c6,live,0,2026-09-10T16:02:30.354906+00:00
aaff342ea5155bbd,scoringdance,round,scoringdance:278,https://scoring.dance/enUS/events/278/results/4069.html,d5ea3e50c845d1c6,live,0,2026-09-10T16:02:30.354906+00:00
9e230052e62c28a8,scoringdance,round,scoringdance:278,https://scoring.dance/enUS/events/278/results/4071.html,d5ea3e50c845d1c6,live,0,2026-09-10T16:02:30.354906+00:00
082bf5c99c07e28b,scoringdance,round,scoringdance:278,https://scoring.dance/enUS/events/278/results/4072.html,d5ea3e50c845d1c6,live,0,2026-09-10T16:02:30.354906+00:00
3ee604dfbc914eff,scoringdance,round,scoringdance:280,https://scoring.dance/enUS/events/280/results/4180.html,cba2d95c20767052,live,0,2026-09-10T16:02:30.270165+00:00
b82e5e8c2efd316e,scoringdance,round,scoringdance:280,https://scoring.dance/enUS/events/280/results/4181.html,cba2d95c20767052,live,0,2026-09-10T16:02:30.270165+00:00
d59ab1335e6d4b73,scoringdance,round,scoringdance:280,https://scoring.dance/enUS/events/280/results/4182.html,cba2d95c20767052,live,0,2026-09-10T16:02:30.270165+00:00
232c5616d8edc794,scoringdance,round,scoringdance:280,https://scoring.dance/enUS/events/280/results/4183.html,cba2d95c20767052,live,0,2026-09-10T16:02:30.270165+00:00
e0ce367387d1a0de,scoringdance,round,scoringdance:280,https://scoring.dance/enUS/events/280/results/4184.html,cba2d95c20767052,live,0,2026-09-10T16:02:30.270165+00:00
4a589c7fa3256b14,scoringdance,round,scoringdance:280,https://scoring.dance/enUS/events/280/results/4185.html,cba2d95c20767052,live,0,2026-09-10T16:02:30.270165+00:00
d04672aa66748b55,scoringdance,round,scoringdance:280,https://scoring.dance/enUS/events/280/results/4186.html,cba2d95c20767052,live,0,2026-09-10T16:02:30.270165+00:00
4888e2a5b0ca24c6,scoringdance,round,scoringdance:280,https://scoring.dance/enUS/events/280/results/4189.html,cba2d95c20767052,live,0,2026-09-10T16:02:30.270165+00:00
efe4e759b82c5878,scoringdance,round,scoringdance:280,https://scoring.dance/enUS/events/280/results/4190.html,cba2d95c20767052,live,0,2026-09-10T16:02:30.270165+00:00
a57e5f301907191b,scoringdance,round,scoringdance:280,https://scoring.dance/enUS/events/280/results/4192.html,cba2d95c20767052,live,0,2026-09-10T16:02:30.270165+00:00
05f949227895df3b,scoringdance,round,scoringdance:280,https://scoring.dance/enUS/events/280/results/4194.html,cba2d95c20767052,live,0,2026-09-10T16:02:30.270165+00:00
6cb65195f5c002b0,scoringdance,round,scoringdance:280,https://scoring.dance/enUS/events/280/results/4195.html,cba2d95c20767052,live,0,2026-09-10T16:02:30.270165+00:00
6467159fe19237bd,scoringdance,round,scoringdance:280,https://scoring.dance/enUS/events/280/results/4196.html,cba2d95c20767052,live,0,2026-09-10T16:02:30.270165+00:00
fd155e79fcc8f10e,scoringdance,round,scoringdance:280,https://scoring.dance/enUS/events/280/results/4197.html,cba2d95c20767052,live,0,2026-09-10T16:02:30.270165+00:00
0b6c4e35aee342b7,scoringdance,round,scoringdance:280,https://scoring.dance/enUS/events/280/results/4198.html,cba2d95c20767052,live,0,2026-09-10T16:02:30.270165+00:00
7471339a4db66778,scoringdance,round,scoringdance:280,https://scoring.dance/enUS/events/280/results/4199.html,cba2d95c20767052,live,0,2026-09-10T16:02:30.270165+00:00
aaa89063c901131b,scoringdance,round,scoringdance:280,https://scoring.dance/enUS/events/280/results/4200.html,cba2d95c20767052,live,0,2026-09-10T16:02:30.270165+00:00
0fcb3d8f836f73ec,scoringdance,round,scoringdance:280,https://scoring.dance/enUS/events/280/results/4201.html,cba2d95c20767052,live,0,2026-09-10T16:02:30.270165+00:00
2988324c1fddd42f,scoringdance,round,scoringdance:280,https://scoring.dance/enUS/events/280/results/4202.html,cba2d95c20767052,live,0,2026-09-10T16:02:30.270165+00:00
1a8d294a02b603bc,scoringdance,round,scoringdance:280,https://scoring.dance/enUS/events/280/results/4203.html,cba2d95c20767052,live,0,2026-09-10T16:02:30.270165+00:00
6e6c9566481c0d9e,scoringdance,round,scoringdance:280,https://scoring.dance/enUS/events/280/results/4204.html,cba2d95c20767052,live,0,2026-09-10T16:02:30.270165+00:00
5d9c0ba7ef728dc1,scoringdance,round,scoringdance:280,https://scoring.dance/enUS/events/280/results/4205.html,cba2d95c20767052,live,0,2026-09-10T16:02:30.270165+00:00
823dd32a9549d662,scoringdance,round,scoringdance:280,https://scoring.dance/enUS/events/280/results/4206.html,cba2d95c20767052,live,0,2026-09-10T16:02:30.270165+00:00
81a960c8d87f92ab,scoringdance,round,scoringdance:280,https://scoring.dance/enUS/events/280/results/4207.html,cba2d95c20767052,live,0,2026-09-10T16:02:30.270165+00:00
df56f99b9493e56c,scoringdance,round,scoringdance:280,https://scoring.dance/enUS/events/280/results/4208.html,cba2d95c20767052,live,0,2026-09-10T16:02:30.270165+00:00
ec0dacd7f98e2137,scoringdance,round,scoringdance:280,https://scoring.dance/enUS/events/280/results/4209.html,cba2d95c20767052,live,0,2026-09-10T16:02:30.270165+00:00
80d2398a148a2bcd,scoringdance,round,scoringdance:280,https://scoring.dance/enUS/events/280/results/4210.html,cba2d95c20767052,live,0,2026-09-10T16:02:30.270165+00:00
3751a4c32ce124bc,scoringdance,round,scoringdance:280,https://scoring.dance/enUS/events/280/results/4211.html,cba2d95c20767052,live,0,2026-09-10T16:02:30.270165+00:00
afb78fe459586bf5,scoringdance,round,scoringdance:280,https://scoring.dance/enUS/events/280/results/4212.html,cba2d95c20767052,live,0,2026-09-10T16:02:30.270165+00:00
3569d35eaf7e825f,scoringdance,round,scoringdance:280,https://scoring.dance/enUS/events/280/results/4217.html,cba2d95c20767052,live,0,2026-09-10T16:02:30.270165+00:00
773a0bbf81b20826,scoringdance,round,scoringdance:280,https://scoring.dance/enUS/events/280/results/4218.html,cba2d95c20767052,live,0,2026-09-10T16:02:30.270165+00:00
151c0351195bcc47,scoringdance,round,scoringdance:283,https://scoring.dance/enUS/events/283/results/4673.html,e822441c644c28a1,live,0,2026-09-10T16:02:30.541909+00:00
870f2e4e0cf5861f,scoringdance,round,scoringdance:283,https://scoring.dance/enUS/events/283/results/4674.html,e822441c644c28a1,live,0,2026-09-10T16:02:30.541909+00:00
9587cdc75e0e9801,scoringdance,round,scoringdance:283,https://scoring.dance/enUS/events/283/results/4675.html,e822441c644c28a1,live,0,2026-09-10T16:02:30.541909+00:00
69317f1dcd91e9de,scoringdance,round,scoringdance:283,https://scoring.dance/enUS/events/283/results/4725.html,e822441c644c28a1,live,0,2026-09-10T16:02:30.541909+00:00
fdf03a0fa755e59c,scoringdance,round,scoringdance:283,https://scoring.dance/enUS/events/283/results/4726.html,e822441c644c28a1,live,0,2026-09-10T16:02:30.541909+00:00
5c9b62fff696c0b2,scoringdance,round,scoringdance:285,https://scoring.dance/enUS/events/285/results/4306.html,9bf23477f7d3fc55,live,0,2026-09-10T16:02:29.761242+00:00
561d6497e81728f8,scoringdance,round,scoringdance:285,https://scoring.dance/enUS/events/285/results/4308.html,9bf23477f7d3fc55,live,0,2026-09-10T16:02:29.761242+00:00
d40ba3dfc7fee2ed,scoringdance,round,scoringdance:285,https://scoring.dance/enUS/events/285/results/4309.html,9bf23477f7d3fc55,live,0,2026-09-10T16:02:29.761242+00:00
b5c3599fb86c30f6,scoringdance,round,scoringdance:285,https://scoring.dance/enUS/events/285/results/4312.html,9bf23477f7d3fc55,live,0,2026-09-10T16:02:29.761242+00:00
9ff3ff1cd7ba2489,scoringdance,round,scoringdance:285,https://scoring.dance/enUS/events/285/results/4313.html,9bf23477f7d3fc55,live,0,2026-09-10T16:02:29.761242+00:00
c6fd3f3143706bad,scoringdance,round,scoringdance:285,https://scoring.dance/enUS/events/285/results/4314.html,9bf23477f7d3fc55,live,0,2026-09-10T16:02:29.761242+00:00
065625f308ca9c5d,scoringdance,round,scoringdance:285,https://scoring.dance/enUS/events/285/results/4315.html,9bf23477f7d3fc55,live,0,2026-09-10T16:02:29.761242+00:00
fb2b7c6aaec2b3ac,scoringdance,round,scoringdance:285,https://scoring.dance/enUS/events/285/results/4316.html,9bf23477f7d3fc55,live,0,2026-09-10T16:02:29.761242+00:00
45306eda5dba25b3,scoringdance,round,scoringdance:285,https://scoring.dance/enUS/events/285/results/4318.html,9bf23477f7d3fc55,live,0,2026-09-10T16:02:29.761242+00:00
c1555b6dca77340b,scoringdance,round,scoringdance:285,https://scoring.dance/enUS/events/285/results/4319.html,9bf23477f7d3fc55,live,0,2026-09-10T16:02:29.761242+00:00
8684ace97a3c7578,scoringdance,round,scoringdance:285,https://scoring.dance/enUS/events/285/results/4320.html,9bf23477f7d3fc55,live,0,2026-09-10T16:02:29.761242+00:00
c2d56c77c13e60a8,scoringdance,round,scoringdance:285,https://scoring.dance/enUS/events/285/results/4321.html,9bf23477f7d3fc55,live,0,2026-09-10T16:02:29.761242+00:00
269e3b8ebd3b2d90,scoringdance,round,scoringdance:285,https://scoring.dance/enUS/events/285/results/4322.html,9bf23477f7d3fc55,live,0,2026-09-10T16:02:29.761242+00:00
1d0a8621c802b45c,scoringdance,round,scoringdance:285,https://scoring.dance/enUS/events/285/results/4323.html,9bf23477f7d3fc55,live,0,2026-09-10T16:02:29.761242+00:00
d5d67ac4d714d5a2,scoringdance,round,scoringdance:285,https://scoring.dance/enUS/events/285/results/4324.html,9bf23477f7d3fc55,live,0,2026-09-10T16:02:29.761242+00:00
2de5d0092cc47948,scoringdance,round,scoringdance:285,https://scoring.dance/enUS/events/285/results/4325.html,9bf23477f7d3fc55,live,0,2026-09-10T16:02:29.761242+00:00
7ccdb650042ed547,scoringdance,round,scoringdance:285,https://scoring.dance/enUS/events/285/results/4326.html,9bf23477f7d3fc55,live,0,2026-09-10T16:02:29.761242+00:00
473f737db9f1d9fb,scoringdance,round,scoringdance:285,https://scoring.dance/enUS/events/285/results/4435.html,9bf23477f7d3fc55,live,0,2026-09-10T16:02:29.761242+00:00
41fd3bbeb0b6c09d,scoringdance,round,scoringdance:286,https://scoring.dance/enUS/events/286/results/4241.html,563272ef7f41d7c5,live,0,2026-09-10T16:02:29.222204+00:00
06f4acf4bca298a8,scoringdance,round,scoringdance:286,https://scoring.dance/enUS/events/286/results/4242.html,563272ef7f41d7c5,live,0,2026-09-10T16:02:29.222204+00:00
4cc4ba5b2d2622d2,scoringdance,round,scoringdance:286,https://scoring.dance/enUS/events/286/results/4243.html,563272ef7f41d7c5,live,0,2026-09-10T16:02:29.222204+00:00
fbd24085034d3b17,scoringdance,round,scoringdance:286,https://scoring.dance/enUS/events/286/results/4244.html,563272ef7f41d7c5,live,0,2026-09-10T16:02:29.222204+00:00
4b5244e952f76f02,scoringdance,round,scoringdance:286,https://scoring.dance/enUS/events/286/results/4245.html,563272ef7f41d7c5,live,0,2026-09-10T16:02:29.222204+00:00
7bbe99968661e8b7,scoringdance,round,scoringdance:286,https://scoring.dance/enUS/events/286/results/4246.html,563272ef7f41d7c5,live,0,2026-09-10T16:02:29.222204+00:00
383ca20d36274c27,scoringdance,round,scoringdance:286,https://scoring.dance/enUS/events/286/results/4247.html,563272ef7f41d7c5,live,0,2026-09-10T16:02:29.222204+00:00
6b0a222a36b5d7a8,scoringdance,round,scoringdance:286,https://scoring.dance/enUS/events/286/results/4248.html,563272ef7f41d7c5,live,0,2026-09-10T16:02:29.222204+00:00
ad04d17bd72f5f3e,scoringdance,round,scoringdance:286,https://scoring.dance/enUS/events/286/results/4249.html,563272ef7f41d7c5,live,0,2026-09-10T16:02:29.222204+00:00
42d77d2132b510ee,scoringdance,round,scoringdance:286,https://scoring.dance/enUS/events/286/results/4250.html,563272ef7f41d7c5,live,0,2026-09-10T16:02:29.222204+00:00
4fa378be8251eb22,scoringdance,round,scoringdance:286,https://scoring.dance/enUS/events/286/results/4251.html,563272ef7f41d7c5,live,0,2026-09-10T16:02:29.222204+00:00
5e888e38e3ad76ca,scoringdance,round,scoringdance:286,https://scoring.dance/enUS/events/286/results/4252.html,563272ef7f41d7c5,live,0,2026-09-10T16:02:29.222204+00:00
840cdfa7ea30d039,scoringdance,round,scoringdance:286,https://scoring.dance/enUS/events/286/results/4253.html,563272ef7f41d7c5,live,0,2026-09-10T16:02:29.222204+00:00
d77d4113ffe6a3d6,scoringdance,round,scoringdance:286,https://scoring.dance/enUS/events/286/results/4254.html,563272ef7f41d7c5,live,0,2026-09-10T16:02:29.222204+00:00
01d98a6709a8b6db,scoringdance,round,scoringdance:286,https://scoring.dance/enUS/events/286/results/4255.html,563272ef7f41d7c5,live,0,2026-09-10T16:02:29.222204+00:00
d3aaa2389d9d2a11,scoringdance,round,scoringdance:286,https://scoring.dance/enUS/events/286/results/4257.html,563272ef7f41d7c5,live,0,2026-09-10T16:02:29.222204+00:00
b0d8e6ff159e9064,scoringdance,round,scoringdance:286,https://scoring.dance/enUS/events/286/results/4258.html,563272ef7f41d7c5,live,0,2026-09-10T16:02:29.222204+00:00
8e486f587141d18c,scoringdance,round,scoringdance:286,https://scoring.dance/enUS/events/286/results/4259.html,563272ef7f41d7c5,live,0,2026-09-10T16:02:29.222204+00:00
945944002e26f366,scoringdance,round,scoringdance:286,https://scoring.dance/enUS/events/286/results/4260.html,563272ef7f41d7c5,live,0,2026-09-10T16:02:29.222204+00:00
218047fe284aed08,scoringdance,round,scoringdance:286,https://scoring.dance/enUS/events/286/results/4261.html,563272ef7f41d7c5,live,0,2026-09-10T16:02:29.222204+00:00
3120f421bb999f36,scoringdance,round,scoringdance:286,https://scoring.dance/enUS/events/286/results/4262.html,563272ef7f41d7c5,live,0,2026-09-10T16:02:29.222204+00:00
5799b4ca6797bcf5,scoringdance,round,scoringdance:286,https://scoring.dance/enUS/events/286/results/4263.html,563272ef7f41d7c5,live,0,2026-09-10T16:02:29.222204+00:00
d6946bb55f60e744,scoringdance,round,scoringdance:286,https://scoring.dance/enUS/events/286/results/4265.html,563272ef7f41d7c5,live,0,2026-09-10T16:02:29.222204+00:00
7abb2e4e5ef9c20a,scoringdance,round,scoringdance:287,https://scoring.dance/enUS/events/287/results/4093.html,7b394a25a4fbe1bb,live,0,2026-09-10T16:02:29.509511+00:00
ba4bf18617072185,scoringdance,round,scoringdance:287,https://scoring.dance/enUS/events/287/results/4094.html,7b394a25a4fbe1bb,live,0,2026-09-10T16:02:29.509511+00:00
13bd4a45d57776de,scoringdance,round,scoringdance:287,https://scoring.dance/enUS/events/287/results/4095.html,7b394a25a4fbe1bb,live,0,2026-09-10T16:02:29.509511+00:00
71f8a926483b51db,scoringdance,round,scoringdance:287,https://scoring.dance/enUS/events/287/results/4096.html,7b394a25a4fbe1bb,live,0,2026-09-10T16:02:29.509511+00:00
737f83abe4b4fcf5,scoringdance,round,scoringdance:287,https://scoring.dance/enUS/events/287/results/4097.html,7b394a25a4fbe1bb,live,0,2026-09-10T16:02:29.509511+00:00
bae448f1779ae47f,scoringdance,round,scoringdance:287,https://scoring.dance/enUS/events/287/results/4098.html,7b394a25a4fbe1bb,live,0,2026-09-10T16:02:29.509511+00:00
8af1a13733880668,scoringdance,round,scoringdance:287,https://scoring.dance/enUS/events/287/results/4100.html,7b394a25a4fbe1bb,live,0,2026-09-10T16:02:29.509511+00:00
0e69a3a2f3dbb4c1,scoringdance,round,scoringdance:287,https://scoring.dance/enUS/events/287/results/4101.html,7b394a25a4fbe1bb,live,0,2026-09-10T16:02:29.509511+00:00
b2950770ef8d7e39,scoringdance,round,scoringdance:287,https://scoring.dance/enUS/events/287/results/4102.html,7b394a25a4fbe1bb,live,0,2026-09-10T16:02:29.509511+00:00
cd08d82a1e54f698,scoringdance,round,scoringdance:287,https://scoring.dance/enUS/events/287/results/4103.html,7b394a25a4fbe1bb,live,0,2026-09-10T16:02:29.509511+00:00
690e41919539bf8a,scoringdance,round,scoringdance:287,https://scoring.dance/enUS/events/287/results/4104.html,7b394a25a4fbe1bb,live,0,2026-09-10T16:02:29.509511+00:00
e96f89a28d4117f1,scoringdance,round,scoringdance:287,https://scoring.dance/enUS/events/287/results/4105.html,7b394a25a4fbe1bb,live,0,2026-09-10T16:02:29.509511+00:00
69768114e4ccf7ed,scoringdance,round,scoringdance:29,https://scoring.dance/enUS/events/29/results/331.html,333df6d5cf334ceb,live,0,2026-09-10T16:02:28.844534+00:00
274a45bb95e4c5cc,scoringdance,round,scoringdance:29,https://scoring.dance/enUS/events/29/results/332.html,333df6d5cf334ceb,live,0,2026-09-10T16:02:28.844534+00:00
17b470900667bc0a,scoringdance,round,scoringdance:29,https://scoring.dance/enUS/events/29/results/333.html,333df6d5cf334ceb,live,0,2026-09-10T16:02:28.844534+00:00
9fff62f7a22c82be,scoringdance,round,scoringdance:29,https://scoring.dance/enUS/events/29/results/334.html,333df6d5cf334ceb,live,0,2026-09-10T16:02:28.844534+00:00
120fa0571d4dee58,scoringdance,round,scoringdance:29,https://scoring.dance/enUS/events/29/results/335.html,333df6d5cf334ceb,live,0,2026-09-10T16:02:28.844534+00:00
34babd876157b056,scoringdance,round,scoringdance:29,https://scoring.dance/enUS/events/29/results/336.html,333df6d5cf334ceb,live,0,2026-09-10T16:02:28.844534+00:00
2118d7e7f465d516,scoringdance,round,scoringdance:29,https://scoring.dance/enUS/events/29/results/337.html,333df6d5cf334ceb,live,0,2026-09-10T16:02:28.844534+00:00
dfac54630a581307,scoringdance,round,scoringdance:29,https://scoring.dance/enUS/events/29/results/338.html,333df6d5cf334ceb,live,0,2026-09-10T16:02:28.844534+00:00
ec1292691701e724,scoringdance,round,scoringdance:29,https://scoring.dance/enUS/events/29/results/340.html,333df6d5cf334ceb,live,0,2026-09-10T16:02:28.844534+00:00
70d90653898b3ba7,scoringdance,round,scoringdance:29,https://scoring.dance/enUS/events/29/results/343.html,333df6d5cf334ceb,live,0,2026-09-10T16:02:28.844534+00:00
ba104ddd814f1c5b,scoringdance,round,scoringdance:29,https://scoring.dance/enUS/events/29/results/344.html,333df6d5cf334ceb,live,0,2026-09-10T16:02:28.844534+00:00
dcfbab65f0650cb8,scoringdance,round,scoringdance:290,https://scoring.dance/enUS/events/290/results/4327.html,44c9faedc6439dbf,live,0,2026-09-10T16:02:29.026258+00:00
40d47e129e49a2e1,scoringdance,round,scoringdance:290,https://scoring.dance/enUS/events/290/results/4328.html,44c9faedc6439dbf,live,0,2026-09-10T16:02:29.026258+00:00
1f0828cf2c3a48fd,scoringdance,round,scoringdance:290,https://scoring.dance/enUS/events/290/results/4329.html,44c9faedc6439dbf,live,0,2026-09-10T16:02:29.026258+00:00
66ffeaa8d12cebcc,scoringdance,round,scoringdance:290,https://scoring.dance/enUS/events/290/results/4330.html,44c9faedc6439dbf,live,0,2026-09-10T16:02:29.026258+00:00
4d30fa5c67b6cab4,scoringdance,round,scoringdance:292,https://scoring.dance/enUS/events/292/results/4221.html,2d0ded567ac060cf,live,0,2026-09-10T16:02:28.795902+00:00
d1f30945f71d4ac0,scoringdance,round,scoringdance:292,https://scoring.dance/enUS/events/292/results/4222.html,2d0ded567ac060cf,live,0,2026-09-10T16:02:28.795902+00:00
c07c7471fe4b4e33,scoringdance,round,scoringdance:292,https://scoring.dance/enUS/events/292/results/4223.html,2d0ded567ac060cf,live,0,2026-09-10T16:02:28.795902+00:00
014a505216ca170c,scoringdance,round,scoringdance:292,https://scoring.dance/enUS/events/292/results/4224.html,2d0ded567ac060cf,live,0,2026-09-10T16:02:28.795902+00:00
261c5c6bd86acfe2,scoringdance,round,scoringdance:292,https://scoring.dance/enUS/events/292/results/4225.html,2d0ded567ac060cf,live,0,2026-09-10T16:02:28.795902+00:00
1334796c3386eed2,scoringdance,round,scoringdance:292,https://scoring.dance/enUS/events/292/results/4226.html,2d0ded567ac060cf,live,0,2026-09-10T16:02:28.795902+00:00
be6dc4b1dd2547b7,scoringdance,round,scoringdance:292,https://scoring.dance/enUS/events/292/results/4227.html,2d0ded567ac060cf,live,0,2026-09-10T16:02:28.795902+00:00
e3d1289dcebdebe5,scoringdance,round,scoringdance:292,https://scoring.dance/enUS/events/292/results/4228.html,2d0ded567ac060cf,live,0,2026-09-10T16:02:28.795902+00:00
a0a4126f192fa0cc,scoringdance,round,scoringdance:292,https://scoring.dance/enUS/events/292/results/4229.html,2d0ded567ac060cf,live,0,2026-09-10T16:02:28.795902+00:00
ee4f2b8eca9e8ffb,scoringdance,round,scoringdance:292,https://scoring.dance/enUS/events/292/results/4230.html,2d0ded567ac060cf,live,0,2026-09-10T16:02:28.795902+00:00
1bcee3655ba945f4,scoringdance,round,scoringdance:292,https://scoring.dance/enUS/events/292/results/4231.html,2d0ded567ac060cf,live,0,2026-09-10T16:02:28.795902+00:00
378cef14135f63ef,scoringdance,round,scoringdance:292,https://scoring.dance/enUS/events/292/results/4232.html,2d0ded567ac060cf,live,0,2026-09-10T16:02:28.795902+00:00
b58342e1ce3adca8,scoringdance,round,scoringdance:292,https://scoring.dance/enUS/events/292/results/4233.html,2d0ded567ac060cf,live,0,2026-09-10T16:02:28.795902+00:00
ceb76d7fdc5d90ba,scoringdance,round,scoringdance:292,https://scoring.dance/enUS/events/292/results/4234.html,2d0ded567ac060cf,live,0,2026-09-10T16:02:28.795902+00:00
bee59c69945322c8,scoringdance,round,scoringdance:292,https://scoring.dance/enUS/events/292/results/4235.html,2d0ded567ac060cf,live,0,2026-09-10T16:02:28.795902+00:00
86d8cf641da336bf,scoringdance,round,scoringdance:292,https://scoring.dance/enUS/events/292/results/4236.html,2d0ded567ac060cf,live,0,2026-09-10T16:02:28.795902+00:00
46ae627d66abdd11,scoringdance,round,scoringdance:295,https://scoring.dance/enUS/events/295/results/4411.html,957222c79bd10e4a,live,0,2026-09-10T16:02:29.714398+00:00
2fda65dac2001861,scoringdance,round,scoringdance:295,https://scoring.dance/enUS/events/295/results/4412.html,957222c79bd10e4a,live,0,2026-09-10T16:02:29.714398+00:00
d8668573d143c23b,scoringdance,round,scoringdance:295,https://scoring.dance/enUS/events/295/results/4413.html,957222c79bd10e4a,live,0,2026-09-10T16:02:29.714398+00:00
fdd3824d1fb14c54,scoringdance,round,scoringdance:295,https://scoring.dance/enUS/events/295/results/4414.html,957222c79bd10e4a,live,0,2026-09-10T16:02:29.714398+00:00
e32a355282789aee,scoringdance,round,scoringdance:295,https://scoring.dance/enUS/events/295/results/4415.html,957222c79bd10e4a,live,0,2026-09-10T16:02:29.714398+00:00
a20e0bcafbda8522,scoringdance,round,scoringdance:295,https://scoring.dance/enUS/events/295/results/4416.html,957222c79bd10e4a,live,0,2026-09-10T16:02:29.714398+00:00
87a5f07e1ae1268c,scoringdance,round,scoringdance:295,https://scoring.dance/enUS/events/295/results/4417.html,957222c79bd10e4a,live,0,2026-09-10T16:02:29.714398+00:00
a1d96f8ec57693f5,scoringdance,round,scoringdance:295,https://scoring.dance/enUS/events/295/results/4418.html,957222c79bd10e4a,live,0,2026-09-10T16:02:29.714398+00:00
51299b110fb7157d,scoringdance,round,scoringdance:295,https://scoring.dance/enUS/events/295/results/4419.html,957222c79bd10e4a,live,0,2026-09-10T16:02:29.714398+00:00
7109e66471bc5533,scoringdance,round,scoringdance:295,https://scoring.dance/enUS/events/295/results/4420.html,957222c79bd10e4a,live,0,2026-09-10T16:02:29.714398+00:00
b3d53fabb8dd5f0b,scoringdance,round,scoringdance:295,https://scoring.dance/enUS/events/295/results/4421.html,957222c79bd10e4a,live,0,2026-09-10T16:02:29.714398+00:00
3b14c7a3ca8352ed,scoringdance,round,scoringdance:295,https://scoring.dance/enUS/events/295/results/4422.html,957222c79bd10e4a,live,0,2026-09-10T16:02:29.714398+00:00
a57e46c0b889d63f,scoringdance,round,scoringdance:295,https://scoring.dance/enUS/events/295/results/4423.html,957222c79bd10e4a,live,0,2026-09-10T16:02:29.714398+00:00
b45c86bc3984bc36,scoringdance,round,scoringdance:295,https://scoring.dance/enUS/events/295/results/4424.html,957222c79bd10e4a,live,0,2026-09-10T16:02:29.714398+00:00
21e411ce8d705070,scoringdance,round,scoringdance:295,https://scoring.dance/enUS/events/295/results/4425.html,957222c79bd10e4a,live,0,2026-09-10T16:02:29.714398+00:00
b5568e547017ded5,scoringdance,round,scoringdance:295,https://scoring.dance/enUS/events/295/results/4426.html,957222c79bd10e4a,live,0,2026-09-10T16:02:29.714398+00:00
c1d5ad65f3a1bd3c,scoringdance,round,scoringdance:295,https://scoring.dance/enUS/events/295/results/4427.html,957222c79bd10e4a,live,0,2026-09-10T16:02:29.714398+00:00
f596231d6ea31536,scoringdance,round,scoringdance:295,https://scoring.dance/enUS/events/295/results/4428.html,957222c79bd10e4a,live,0,2026-09-10T16:02:29.714398+00:00
0e6556961d7a47d3,scoringdance,round,scoringdance:295,https://scoring.dance/enUS/events/295/results/4429.html,957222c79bd10e4a,live,0,2026-09-10T16:02:29.714398+00:00
95d3c27dabc578da,scoringdance,round,scoringdance:295,https://scoring.dance/enUS/events/295/results/4430.html,957222c79bd10e4a,live,0,2026-09-10T16:02:29.714398+00:00
eb7ed39870f05c6d,scoringdance,round,scoringdance:295,https://scoring.dance/enUS/events/295/results/4431.html,957222c79bd10e4a,live,0,2026-09-10T16:02:29.714398+00:00
8d9465fbe2d9219d,scoringdance,round,scoringdance:295,https://scoring.dance/enUS/events/295/results/4432.html,957222c79bd10e4a,live,0,2026-09-10T16:02:29.714398+00:00
37a0024fcea8cb0d,scoringdance,round,scoringdance:295,https://scoring.dance/enUS/events/295/results/4433.html,957222c79bd10e4a,live,0,2026-09-10T16:02:29.714398+00:00
e2a03ed469f88de6,scoringdance,round,scoringdance:295,https://scoring.dance/enUS/events/295/results/4434.html,957222c79bd10e4a,live,0,2026-09-10T16:02:29.714398+00:00
9cd93e0d31b85098,scoringdance,round,scoringdance:295,https://scoring.dance/enUS/events/295/results/4515.html,957222c79bd10e4a,live,0,2026-09-10T16:02:29.714398+00:00
b5bbad802813b351,scoringdance,round,scoringdance:296,https://scoring.dance/enUS/events/296/results/4516.html,994f0a9ba21e2a5f,live,0,2026-09-10T16:02:29.749504+00:00
6fb15879c05b2d01,scoringdance,round,scoringdance:296,https://scoring.dance/enUS/events/296/results/4517.html,994f0a9ba21e2a5f,live,0,2026-09-10T16:02:29.749504+00:00
60df304bb92e856d,scoringdance,round,scoringdance:296,https://scoring.dance/enUS/events/296/results/4518.html,994f0a9ba21e2a5f,live,0,2026-09-10T16:02:29.749504+00:00
fb206ded526c3d25,scoringdance,round,scoringdance:296,https://scoring.dance/enUS/events/296/results/4519.html,994f0a9ba21e2a5f,live,0,2026-09-10T16:02:29.749504+00:00
4786018d6f60aa67,scoringdance,round,scoringdance:296,https://scoring.dance/enUS/events/296/results/4520.html,994f0a9ba21e2a5f,live,0,2026-09-10T16:02:29.749504+00:00
3161619ee60fb35c,scoringdance,round,scoringdance:296,https://scoring.dance/enUS/events/296/results/4521.html,994f0a9ba21e2a5f,live,0,2026-09-10T16:02:29.749504+00:00
350fbb47f263cf0f,scoringdance,round,scoringdance:296,https://scoring.dance/enUS/events/296/results/4522.html,994f0a9ba21e2a5f,live,0,2026-09-10T16:02:29.749504+00:00
3bdbe33dd7aa0f60,scoringdance,round,scoringdance:296,https://scoring.dance/enUS/events/296/results/4523.html,994f0a9ba21e2a5f,live,0,2026-09-10T16:02:29.749504+00:00
eade51d76307654a,scoringdance,round,scoringdance:296,https://scoring.dance/enUS/events/296/results/4524.html,994f0a9ba21e2a5f,live,0,2026-09-10T16:02:29.749504+00:00
75a4fdb513f79b3e,scoringdance,round,scoringdance:296,https://scoring.dance/enUS/events/296/results/4525.html,994f0a9ba21e2a5f,live,0,2026-09-10T16:02:29.749504+00:00
9b69f7998d01c4ad,scoringdance,round,scoringdance:296,https://scoring.dance/enUS/events/296/results/4526.html,994f0a9ba21e2a5f,live,0,2026-09-10T16:02:29.749504+00:00
87b4e397a29a6b39,scoringdance,round,scoringdance:296,https://scoring.dance/enUS/events/296/results/4527.html,994f0a9ba21e2a5f,live,0,2026-09-10T16:02:29.749504+00:00
8f658854f46b6b2a,scoringdance,round,scoringdance:297,https://scoring.dance/enUS/events/297/results/5289.html,fd4967b68afcc147,live,0,2026-09-10T16:02:30.675846+00:00
595c8657f6c74e64,scoringdance,round,scoringdance:297,https://scoring.dance/enUS/events/297/results/5290.html,fd4967b68afcc147,live,0,2026-09-10T16:02:30.675846+00:00
ed64163639d2bce3,scoringdance,round,scoringdance:297,https://scoring.dance/enUS/events/297/results/5291.html,fd4967b68afcc147,live,0,2026-09-10T16:02:30.675846+00:00
037884793c5b380b,scoringdance,round,scoringdance:297,https://scoring.dance/enUS/events/297/results/5292.html,fd4967b68afcc147,live,0,2026-09-10T16:02:30.675846+00:00
78d8745c5490bd61,scoringdance,round,scoringdance:297,https://scoring.dance/enUS/events/297/results/5293.html,fd4967b68afcc147,live,0,2026-09-10T16:02:30.675846+00:00
0630dcf5b446639c,scoringdance,round,scoringdance:297,https://scoring.dance/enUS/events/297/results/5294.html,fd4967b68afcc147,live,0,2026-09-10T16:02:30.675846+00:00
21218658449f9eaa,scoringdance,round,scoringdance:297,https://scoring.dance/enUS/events/297/results/5295.html,fd4967b68afcc147,live,0,2026-09-10T16:02:30.675846+00:00
b9760dcedbad7ff1,scoringdance,round,scoringdance:297,https://scoring.dance/enUS/events/297/results/5296.html,fd4967b68afcc147,live,0,2026-09-10T16:02:30.675846+00:00
b97f0927b7132463,scoringdance,round,scoringdance:297,https://scoring.dance/enUS/events/297/results/5297.html,fd4967b68afcc147,live,0,2026-09-10T16:02:30.675846+00:00
64f444579d3ce929,scoringdance,round,scoringdance:297,https://scoring.dance/enUS/events/297/results/5298.html,fd4967b68afcc147,live,0,2026-09-10T16:02:30.675846+00:00
4dae082ed1ed1456,scoringdance,round,scoringdance:297,https://scoring.dance/enUS/events/297/results/5299.html,fd4967b68afcc147,live,0,2026-09-10T16:02:30.675846+00:00
d2c910429e7bb11a,scoringdance,round,scoringdance:297,https://scoring.dance/enUS/events/297/results/5300.html,fd4967b68afcc147,live,0,2026-09-10T16:02:30.675846+00:00
1413f669d1cb0d18,scoringdance,round,scoringdance:297,https://scoring.dance/enUS/events/297/results/5301.html,fd4967b68afcc147,live,0,2026-09-10T16:02:30.675846+00:00
1e2e60874c302254,scoringdance,round,scoringdance:297,https://scoring.dance/enUS/events/297/results/5302.html,fd4967b68afcc147,live,0,2026-09-10T16:02:30.675846+00:00
ba262bd33c95c32b,scoringdance,round,scoringdance:297,https://scoring.dance/enUS/events/297/results/5303.html,fd4967b68afcc147,live,0,2026-09-10T16:02:30.675846+00:00
3e651ab6d6b4ebe9,scoringdance,round,scoringdance:297,https://scoring.dance/enUS/events/297/results/5304.html,fd4967b68afcc147,live,0,2026-09-10T16:02:30.675846+00:00
718c0d8abc9d2df8,scoringdance,round,scoringdance:297,https://scoring.dance/enUS/events/297/results/5305.html,fd4967b68afcc147,live,0,2026-09-10T16:02:30.675846+00:00
08ab8ea964e87541,scoringdance,round,scoringdance:297,https://scoring.dance/enUS/events/297/results/5306.html,fd4967b68afcc147,live,0,2026-09-10T16:02:30.675846+00:00
e7a296019288fb15,scoringdance,round,scoringdance:297,https://scoring.dance/enUS/events/297/results/5307.html,fd4967b68afcc147,live,0,2026-09-10T16:02:30.675846+00:00
c6d85711f898b599,scoringdance,round,scoringdance:297,https://scoring.dance/enUS/events/297/results/5308.html,fd4967b68afcc147,live,0,2026-09-10T16:02:30.675846+00:00
edb33c6b2037945f,scoringdance,round,scoringdance:297,https://scoring.dance/enUS/events/297/results/5309.html,fd4967b68afcc147,live,0,2026-09-10T16:02:30.675846+00:00
27ef797e53fb9410,scoringdance,round,scoringdance:297,https://scoring.dance/enUS/events/297/results/5310.html,fd4967b68afcc147,live,0,2026-09-10T16:02:30.675846+00:00
532f3517917960ee,scoringdance,round,scoringdance:297,https://scoring.dance/enUS/events/297/results/5311.html,fd4967b68afcc147,live,0,2026-09-10T16:02:30.675846+00:00
5917d9c166243d73,scoringdance,round,scoringdance:297,https://scoring.dance/enUS/events/297/results/5312.html,fd4967b68afcc147,live,0,2026-09-10T16:02:30.675846+00:00
aede1dd87743e7b9,scoringdance,round,scoringdance:297,https://scoring.dance/enUS/events/297/results/5313.html,fd4967b68afcc147,live,0,2026-09-10T16:02:30.675846+00:00
cb8ecb3a2df43569,scoringdance,round,scoringdance:297,https://scoring.dance/enUS/events/297/results/5314.html,fd4967b68afcc147,live,0,2026-09-10T16:02:30.675846+00:00
c5f05c72ade791f0,scoringdance,round,scoringdance:297,https://scoring.dance/enUS/events/297/results/5315.html,fd4967b68afcc147,live,0,2026-09-10T16:02:30.675846+00:00
fa857da8254db8a6,scoringdance,round,scoringdance:297,https://scoring.dance/enUS/events/297/results/5316.html,fd4967b68afcc147,live,0,2026-09-10T16:02:30.675846+00:00
e4f4de7985dae429,scoringdance,round,scoringdance:297,https://scoring.dance/enUS/events/297/results/5317.html,fd4967b68afcc147,live,0,2026-09-10T16:02:30.675846+00:00
630a59605e016905,scoringdance,round,scoringdance:302,https://scoring.dance/enUS/events/302/results/4867.html,ebdcce52d1757ee1,live,0,2026-09-10T16:02:30.566510+00:00
906c72b35d0120b1,scoringdance,round,scoringdance:302,https://scoring.dance/enUS/events/302/results/4868.html,ebdcce52d1757ee1,live,0,2026-09-10T16:02:30.566510+00:00
c47c7741dcaf62ad,scoringdance,round,scoringdance:302,https://scoring.dance/enUS/events/302/results/4869.html,ebdcce52d1757ee1,live,0,2026-09-10T16:02:30.566510+00:00
271d03790fe279f5,scoringdance,round,scoringdance:302,https://scoring.dance/enUS/events/302/results/4870.html,ebdcce52d1757ee1,live,0,2026-09-10T16:02:30.566510+00:00
932b14b53fab5732,scoringdance,round,scoringdance:302,https://scoring.dance/enUS/events/302/results/4871.html,ebdcce52d1757ee1,live,0,2026-09-10T16:02:30.566510+00:00
3a50e8f97569a42c,scoringdance,round,scoringdance:302,https://scoring.dance/enUS/events/302/results/4872.html,ebdcce52d1757ee1,live,0,2026-09-10T16:02:30.566510+00:00
df2ec8ae07531f2d,scoringdance,round,scoringdance:304,https://scoring.dance/enUS/events/304/results/4273.html,4bef8fc070a4c497,live,0,2026-09-10T16:02:29.113651+00:00
c7705bd9a4380ccb,scoringdance,round,scoringdance:304,https://scoring.dance/enUS/events/304/results/4274.html,4bef8fc070a4c497,live,0,2026-09-10T16:02:29.113651+00:00
aedd4e333f166759,scoringdance,round,scoringdance:304,https://scoring.dance/enUS/events/304/results/4275.html,4bef8fc070a4c497,live,0,2026-09-10T16:02:29.113651+00:00
b8a94354773016ad,scoringdance,round,scoringdance:304,https://scoring.dance/enUS/events/304/results/4276.html,4bef8fc070a4c497,live,0,2026-09-10T16:02:29.113651+00:00
bf6783cf0b294645,scoringdance,round,scoringdance:304,https://scoring.dance/enUS/events/304/results/4277.html,4bef8fc070a4c497,live,0,2026-09-10T16:02:29.113651+00:00
caf6e15265c01811,scoringdance,round,scoringdance:304,https://scoring.dance/enUS/events/304/results/4278.html,4bef8fc070a4c497,live,0,2026-09-10T16:02:29.113651+00:00
3f8d81c0f4ab400f,scoringdance,round,scoringdance:304,https://scoring.dance/enUS/events/304/results/4279.html,4bef8fc070a4c497,live,0,2026-09-10T16:02:29.113651+00:00
f425656b3944b966,scoringdance,round,scoringdance:304,https://scoring.dance/enUS/events/304/results/4280.html,4bef8fc070a4c497,live,0,2026-09-10T16:02:29.113651+00:00
e938e296d3767b1d,scoringdance,round,scoringdance:304,https://scoring.dance/enUS/events/304/results/4281.html,4bef8fc070a4c497,live,0,2026-09-10T16:02:29.113651+00:00
f43aa379a39e9b86,scoringdance,round,scoringdance:304,https://scoring.dance/enUS/events/304/results/4282.html,4bef8fc070a4c497,live,0,2026-09-10T16:02:29.113651+00:00
da4542d7fc61be8e,scoringdance,round,scoringdance:304,https://scoring.dance/enUS/events/304/results/4283.html,4bef8fc070a4c497,live,0,2026-09-10T16:02:29.113651+00:00
589d03bd986c834f,scoringdance,round,scoringdance:304,https://scoring.dance/enUS/events/304/results/4284.html,4bef8fc070a4c497,live,0,2026-09-10T16:02:29.113651+00:00
33fd513f59f1113a,scoringdance,round,scoringdance:304,https://scoring.dance/enUS/events/304/results/4285.html,4bef8fc070a4c497,live,0,2026-09-10T16:02:29.113651+00:00
f3f3bbd9388029f4,scoringdance,round,scoringdance:304,https://scoring.dance/enUS/events/304/results/4286.html,4bef8fc070a4c497,live,0,2026-09-10T16:02:29.113651+00:00
5c16279d5f343025,scoringdance,round,scoringdance:304,https://scoring.dance/enUS/events/304/results/4287.html,4bef8fc070a4c497,live,0,2026-09-10T16:02:29.113651+00:00
bee3b6c23ba40c43,scoringdance,round,scoringdance:304,https://scoring.dance/enUS/events/304/results/4288.html,4bef8fc070a4c497,live,0,2026-09-10T16:02:29.113651+00:00
e8f12d99821327e6,scoringdance,round,scoringdance:304,https://scoring.dance/enUS/events/304/results/4289.html,4bef8fc070a4c497,live,0,2026-09-10T16:02:29.113651+00:00
1103d6e2d06fb093,scoringdance,round,scoringdance:304,https://scoring.dance/enUS/events/304/results/4290.html,4bef8fc070a4c497,live,0,2026-09-10T16:02:29.113651+00:00
5c274b20c84f449f,scoringdance,round,scoringdance:304,https://scoring.dance/enUS/events/304/results/4291.html,4bef8fc070a4c497,live,0,2026-09-10T16:02:29.113651+00:00
8e96d8963ab14f54,scoringdance,round,scoringdance:304,https://scoring.dance/enUS/events/304/results/4292.html,4bef8fc070a4c497,live,0,2026-09-10T16:02:29.113651+00:00
964a2393a8d18c29,scoringdance,round,scoringdance:304,https://scoring.dance/enUS/events/304/results/4293.html,4bef8fc070a4c497,live,0,2026-09-10T16:02:29.113651+00:00
c18e2c7ddb61bb74,scoringdance,round,scoringdance:304,https://scoring.dance/enUS/events/304/results/4294.html,4bef8fc070a4c497,live,0,2026-09-10T16:02:29.113651+00:00
21adbc750aa4e302,scoringdance,round,scoringdance:304,https://scoring.dance/enUS/events/304/results/4295.html,4bef8fc070a4c497,live,0,2026-09-10T16:02:29.113651+00:00
10bc3466d21ad143,scoringdance,round,scoringdance:304,https://scoring.dance/enUS/events/304/results/4296.html,4bef8fc070a4c497,live,0,2026-09-10T16:02:29.113651+00:00
1c1c5c4d91b5bb52,scoringdance,round,scoringdance:304,https://scoring.dance/enUS/events/304/results/4297.html,4bef8fc070a4c497,live,0,2026-09-10T16:02:29.113651+00:00
3749cb047979243e,scoringdance,round,scoringdance:304,https://scoring.dance/enUS/events/304/results/4298.html,4bef8fc070a4c497,live,0,2026-09-10T16:02:29.113651+00:00
66ba7f55663a5c31,scoringdance,round,scoringdance:304,https://scoring.dance/enUS/events/304/results/4299.html,4bef8fc070a4c497,live,0,2026-09-10T16:02:29.113651+00:00
f2651af08a7f964a,scoringdance,round,scoringdance:304,https://scoring.dance/enUS/events/304/results/4301.html,4bef8fc070a4c497,live,0,2026-09-10T16:02:29.113651+00:00
bb87dff8f89ce6a1,scoringdance,round,scoringdance:304,https://scoring.dance/enUS/events/304/results/4302.html,4bef8fc070a4c497,live,0,2026-09-10T16:02:29.113651+00:00
123c8b963fe83a3d,scoringdance,round,scoringdance:304,https://scoring.dance/enUS/events/304/results/4303.html,4bef8fc070a4c497,live,0,2026-09-10T16:02:29.113651+00:00
f1f6bca28e2acad3,scoringdance,round,scoringdance:304,https://scoring.dance/enUS/events/304/results/4304.html,4bef8fc070a4c497,live,0,2026-09-10T16:02:29.113651+00:00
8d0253a42f3729c7,scoringdance,round,scoringdance:306,https://scoring.dance/enUS/events/306/results/4331.html,628ef997bc075624,live,0,2026-09-10T16:02:29.322887+00:00
605461fb8fc19e20,scoringdance,round,scoringdance:306,https://scoring.dance/enUS/events/306/results/4332.html,628ef997bc075624,live,0,2026-09-10T16:02:29.322887+00:00
c3f533329f2a68c5,scoringdance,round,scoringdance:306,https://scoring.dance/enUS/events/306/results/4333.html,628ef997bc075624,live,0,2026-09-10T16:02:29.322887+00:00
dd483dcac1a9bf8a,scoringdance,round,scoringdance:306,https://scoring.dance/enUS/events/306/results/4334.html,628ef997bc075624,live,0,2026-09-10T16:02:29.322887+00:00
f10e82214ba3488c,scoringdance,round,scoringdance:306,https://scoring.dance/enUS/events/306/results/4335.html,628ef997bc075624,live,0,2026-09-10T16:02:29.322887+00:00
8850ca3f8dd6219d,scoringdance,round,scoringdance:306,https://scoring.dance/enUS/events/306/results/4336.html,628ef997bc075624,live,0,2026-09-10T16:02:29.322887+00:00
a3b9e0acd78c4bb2,scoringdance,round,scoringdance:306,https://scoring.dance/enUS/events/306/results/4337.html,628ef997bc075624,live,0,2026-09-10T16:02:29.322887+00:00
ced3c83abc317268,scoringdance,round,scoringdance:306,https://scoring.dance/enUS/events/306/results/4338.html,628ef997bc075624,live,0,2026-09-10T16:02:29.322887+00:00
8cc67bb24734dae8,scoringdance,round,scoringdance:306,https://scoring.dance/enUS/events/306/results/4339.html,628ef997bc075624,live,0,2026-09-10T16:02:29.322887+00:00
0dac16360a72ee37,scoringdance,round,scoringdance:306,https://scoring.dance/enUS/events/306/results/4341.html,628ef997bc075624,live,0,2026-09-10T16:02:29.322887+00:00
6e5bb1c2870eb8b8,scoringdance,round,scoringdance:306,https://scoring.dance/enUS/events/306/results/4343.html,628ef997bc075624,live,0,2026-09-10T16:02:29.322887+00:00
5ee1fb5530644425,scoringdance,round,scoringdance:306,https://scoring.dance/enUS/events/306/results/4344.html,628ef997bc075624,live,0,2026-09-10T16:02:29.322887+00:00
beb4c90be4c00524,scoringdance,round,scoringdance:306,https://scoring.dance/enUS/events/306/results/4345.html,628ef997bc075624,live,0,2026-09-10T16:02:29.322887+00:00
1274bc3ef5a1bad7,scoringdance,round,scoringdance:306,https://scoring.dance/enUS/events/306/results/4346.html,628ef997bc075624,live,0,2026-09-10T16:02:29.322887+00:00
5f5e7562b9c3fc26,scoringdance,round,scoringdance:306,https://scoring.dance/enUS/events/306/results/4347.html,628ef997bc075624,live,0,2026-09-10T16:02:29.322887+00:00
cdf4de6bc206837a,scoringdance,round,scoringdance:306,https://scoring.dance/enUS/events/306/results/4349.html,628ef997bc075624,live,0,2026-09-10T16:02:29.322887+00:00
284845bd2679d5e7,scoringdance,round,scoringdance:306,https://scoring.dance/enUS/events/306/results/4350.html,628ef997bc075624,live,0,2026-09-10T16:02:29.322887+00:00
1f7c23f07c1c8a1c,scoringdance,round,scoringdance:306,https://scoring.dance/enUS/events/306/results/4351.html,628ef997bc075624,live,0,2026-09-10T16:02:29.322887+00:00
6a80c85c0ade86d2,scoringdance,round,scoringdance:306,https://scoring.dance/enUS/events/306/results/4352.html,628ef997bc075624,live,0,2026-09-10T16:02:29.322887+00:00
a09795f057bffe81,scoringdance,round,scoringdance:306,https://scoring.dance/enUS/events/306/results/4353.html,628ef997bc075624,live,0,2026-09-10T16:02:29.322887+00:00
82958000d767fa4e,scoringdance,round,scoringdance:306,https://scoring.dance/enUS/events/306/results/4355.html,628ef997bc075624,live,0,2026-09-10T16:02:29.322887+00:00
19b5de355e7552dd,scoringdance,round,scoringdance:309,https://scoring.dance/enUS/events/309/results/4378.html,43143bf1881a20c5,live,0,2026-09-10T16:02:29.013925+00:00
fc46f0f64944b945,scoringdance,round,scoringdance:309,https://scoring.dance/enUS/events/309/results/4379.html,43143bf1881a20c5,live,0,2026-09-10T16:02:29.013925+00:00
9f54efce5b00d323,scoringdance,round,scoringdance:309,https://scoring.dance/enUS/events/309/results/4380.html,43143bf1881a20c5,live,0,2026-09-10T16:02:29.013925+00:00
ccf8aec032bbcebe,scoringdance,round,scoringdance:309,https://scoring.dance/enUS/events/309/results/4381.html,43143bf1881a20c5,live,0,2026-09-10T16:02:29.013925+00:00
cf58425a250e885d,scoringdance,round,scoringdance:309,https://scoring.dance/enUS/events/309/results/4382.html,43143bf1881a20c5,live,0,2026-09-10T16:02:29.013925+00:00
d1b1b4d4a75462bb,scoringdance,round,scoringdance:309,https://scoring.dance/enUS/events/309/results/4383.html,43143bf1881a20c5,live,0,2026-09-10T16:02:29.013925+00:00
b4e5c1e6a8119866,scoringdance,round,scoringdance:309,https://scoring.dance/enUS/events/309/results/4384.html,43143bf1881a20c5,live,0,2026-09-10T16:02:29.013925+00:00
df4acb6a5cc1950e,scoringdance,round,scoringdance:309,https://scoring.dance/enUS/events/309/results/4385.html,43143bf1881a20c5,live,0,2026-09-10T16:02:29.013925+00:00
6b1011fb9562217a,scoringdance,round,scoringdance:309,https://scoring.dance/enUS/events/309/results/4386.html,43143bf1881a20c5,live,0,2026-09-10T16:02:29.013925+00:00
4db424270352e43d,scoringdance,round,scoringdance:309,https://scoring.dance/enUS/events/309/results/4387.html,43143bf1881a20c5,live,0,2026-09-10T16:02:29.013925+00:00
2a208fbc8ee81aa1,scoringdance,round,scoringdance:309,https://scoring.dance/enUS/events/309/results/4388.html,43143bf1881a20c5,live,0,2026-09-10T16:02:29.013925+00:00
5d3d4b17fa3a04ad,scoringdance,round,scoringdance:309,https://scoring.dance/enUS/events/309/results/4389.html,43143bf1881a20c5,live,0,2026-09-10T16:02:29.013925+00:00
2ae0c3b10332d5cc,scoringdance,round,scoringdance:309,https://scoring.dance/enUS/events/309/results/4390.html,43143bf1881a20c5,live,0,2026-09-10T16:02:29.013925+00:00
7e4fe760fa986701,scoringdance,round,scoringdance:309,https://scoring.dance/enUS/events/309/results/4391.html,43143bf1881a20c5,live,0,2026-09-10T16:02:29.013925+00:00
a2b334aa05c7fa86,scoringdance,round,scoringdance:309,https://scoring.dance/enUS/events/309/results/4392.html,43143bf1881a20c5,live,0,2026-09-10T16:02:29.013925+00:00
c35707be756a006f,scoringdance,round,scoringdance:309,https://scoring.dance/enUS/events/309/results/4393.html,43143bf1881a20c5,live,0,2026-09-10T16:02:29.013925+00:00
b1c7375d8ed03b37,scoringdance,round,scoringdance:309,https://scoring.dance/enUS/events/309/results/4394.html,43143bf1881a20c5,live,0,2026-09-10T16:02:29.013925+00:00
bb030156c3eda292,scoringdance,round,scoringdance:309,https://scoring.dance/enUS/events/309/results/4395.html,43143bf1881a20c5,live,0,2026-09-10T16:02:29.013925+00:00
224536d88f923883,scoringdance,round,scoringdance:309,https://scoring.dance/enUS/events/309/results/4396.html,43143bf1881a20c5,live,0,2026-09-10T16:02:29.013925+00:00
cff1fda0a60e1774,scoringdance,round,scoringdance:309,https://scoring.dance/enUS/events/309/results/4397.html,43143bf1881a20c5,live,0,2026-09-10T16:02:29.013925+00:00
be225fbb33845557,scoringdance,round,scoringdance:309,https://scoring.dance/enUS/events/309/results/4398.html,43143bf1881a20c5,live,0,2026-09-10T16:02:29.013925+00:00
d38dd0c0fb4c9bc3,scoringdance,round,scoringdance:309,https://scoring.dance/enUS/events/309/results/4436.html,43143bf1881a20c5,live,0,2026-09-10T16:02:29.013925+00:00
138fa160f2c0fdfc,scoringdance,round,scoringdance:309,https://scoring.dance/enUS/events/309/results/4437.html,43143bf1881a20c5,live,0,2026-09-10T16:02:29.013925+00:00
30c63d9c0de06ad1,scoringdance,round,scoringdance:309,https://scoring.dance/enUS/events/309/results/4438.html,43143bf1881a20c5,live,0,2026-09-10T16:02:29.013925+00:00
dacd18d904a87ccd,scoringdance,round,scoringdance:309,https://scoring.dance/enUS/events/309/results/4439.html,43143bf1881a20c5,live,0,2026-09-10T16:02:29.013925+00:00
f65a5e429706f9d3,scoringdance,round,scoringdance:309,https://scoring.dance/enUS/events/309/results/4440.html,43143bf1881a20c5,live,0,2026-09-10T16:02:29.013925+00:00
5bef6c83930949a9,scoringdance,round,scoringdance:310,https://scoring.dance/enUS/events/310/results/4357.html,488a577fc8b200bd,live,0,2026-09-10T16:02:29.070823+00:00
8fc5f193d411272a,scoringdance,round,scoringdance:310,https://scoring.dance/enUS/events/310/results/4358.html,488a577fc8b200bd,live,0,2026-09-10T16:02:29.070823+00:00
25df9fb495d9b6f7,scoringdance,round,scoringdance:310,https://scoring.dance/enUS/events/310/results/4359.html,488a577fc8b200bd,live,0,2026-09-10T16:02:29.070823+00:00
fd62ff0c071b3d25,scoringdance,round,scoringdance:310,https://scoring.dance/enUS/events/310/results/4360.html,488a577fc8b200bd,live,0,2026-09-10T16:02:29.070823+00:00
7c164c2e8845c078,scoringdance,round,scoringdance:310,https://scoring.dance/enUS/events/310/results/4361.html,488a577fc8b200bd,live,0,2026-09-10T16:02:29.070823+00:00
86754514012a1f0e,scoringdance,round,scoringdance:310,https://scoring.dance/enUS/events/310/results/4363.html,488a577fc8b200bd,live,0,2026-09-10T16:02:29.070823+00:00
b78947b5cb63ccf5,scoringdance,round,scoringdance:310,https://scoring.dance/enUS/events/310/results/4364.html,488a577fc8b200bd,live,0,2026-09-10T16:02:29.070823+00:00
568cfdd1fe94a9da,scoringdance,round,scoringdance:310,https://scoring.dance/enUS/events/310/results/4365.html,488a577fc8b200bd,live,0,2026-09-10T16:02:29.070823+00:00
cfdc327c411be409,scoringdance,round,scoringdance:310,https://scoring.dance/enUS/events/310/results/4366.html,488a577fc8b200bd,live,0,2026-09-10T16:02:29.070823+00:00
2dad0c596a12b46e,scoringdance,round,scoringdance:310,https://scoring.dance/enUS/events/310/results/4367.html,488a577fc8b200bd,live,0,2026-09-10T16:02:29.070823+00:00
8b209cccdaec8aa3,scoringdance,round,scoringdance:310,https://scoring.dance/enUS/events/310/results/4369.html,488a577fc8b200bd,live,0,2026-09-10T16:02:29.070823+00:00
ee8abc440801a7c9,scoringdance,round,scoringdance:310,https://scoring.dance/enUS/events/310/results/4370.html,488a577fc8b200bd,live,0,2026-09-10T16:02:29.070823+00:00
1fd79547ae28637e,scoringdance,round,scoringdance:310,https://scoring.dance/enUS/events/310/results/4371.html,488a577fc8b200bd,live,0,2026-09-10T16:02:29.070823+00:00
82258137b8ce96ba,scoringdance,round,scoringdance:310,https://scoring.dance/enUS/events/310/results/4372.html,488a577fc8b200bd,live,0,2026-09-10T16:02:29.070823+00:00
8901f86413d109d3,scoringdance,round,scoringdance:310,https://scoring.dance/enUS/events/310/results/4373.html,488a577fc8b200bd,live,0,2026-09-10T16:02:29.070823+00:00
e1866cd3ff2ac970,scoringdance,round,scoringdance:310,https://scoring.dance/enUS/events/310/results/4375.html,488a577fc8b200bd,live,0,2026-09-10T16:02:29.070823+00:00
787186302d0aeffb,scoringdance,round,scoringdance:310,https://scoring.dance/enUS/events/310/results/4376.html,488a577fc8b200bd,live,0,2026-09-10T16:02:29.070823+00:00
ac36f1e2b1974777,scoringdance,round,scoringdance:310,https://scoring.dance/enUS/events/310/results/4377.html,488a577fc8b200bd,live,0,2026-09-10T16:02:29.070823+00:00
8b35238f5fad7787,scoringdance,round,scoringdance:310,https://scoring.dance/enUS/events/310/results/4670.html,488a577fc8b200bd,live,0,2026-09-10T16:02:29.070823+00:00
bf5a9ebac5a907e8,scoringdance,round,scoringdance:312,https://scoring.dance/enUS/events/312/results/4445.html,cebd5f5813390fde,live,0,2026-09-10T16:02:30.286299+00:00
ecc56a56e245cd3b,scoringdance,round,scoringdance:312,https://scoring.dance/enUS/events/312/results/4446.html,cebd5f5813390fde,live,0,2026-09-10T16:02:30.286299+00:00
41260492734366e5,scoringdance,round,scoringdance:312,https://scoring.dance/enUS/events/312/results/4447.html,cebd5f5813390fde,live,0,2026-09-10T16:02:30.286299+00:00
3e5d428172af4498,scoringdance,round,scoringdance:312,https://scoring.dance/enUS/events/312/results/4448.html,cebd5f5813390fde,live,0,2026-09-10T16:02:30.286299+00:00
0cac642a88eacce5,scoringdance,round,scoringdance:312,https://scoring.dance/enUS/events/312/results/4449.html,cebd5f5813390fde,live,0,2026-09-10T16:02:30.286299+00:00
448763d37dcd8060,scoringdance,round,scoringdance:312,https://scoring.dance/enUS/events/312/results/4450.html,cebd5f5813390fde,live,0,2026-09-10T16:02:30.286299+00:00
969cf73cbcbea206,scoringdance,round,scoringdance:312,https://scoring.dance/enUS/events/312/results/4451.html,cebd5f5813390fde,live,0,2026-09-10T16:02:30.286299+00:00
4e274aaf3dd5bf02,scoringdance,round,scoringdance:312,https://scoring.dance/enUS/events/312/results/4452.html,cebd5f5813390fde,live,0,2026-09-10T16:02:30.286299+00:00
e3f0f5564c065e1e,scoringdance,round,scoringdance:312,https://scoring.dance/enUS/events/312/results/4453.html,cebd5f5813390fde,live,0,2026-09-10T16:02:30.286299+00:00
a7309dce00d0a4d0,scoringdance,round,scoringdance:312,https://scoring.dance/enUS/events/312/results/4454.html,cebd5f5813390fde,live,0,2026-09-10T16:02:30.286299+00:00
f28a269c40bb40ee,scoringdance,round,scoringdance:312,https://scoring.dance/enUS/events/312/results/4455.html,cebd5f5813390fde,live,0,2026-09-10T16:02:30.286299+00:00
d09696cea4303d94,scoringdance,round,scoringdance:312,https://scoring.dance/enUS/events/312/results/4456.html,cebd5f5813390fde,live,0,2026-09-10T16:02:30.286299+00:00
1dca2e2dc3aa2bf1,scoringdance,round,scoringdance:312,https://scoring.dance/enUS/events/312/results/4457.html,cebd5f5813390fde,live,0,2026-09-10T16:02:30.286299+00:00
cd0a6d269e0a8586,scoringdance,round,scoringdance:312,https://scoring.dance/enUS/events/312/results/4458.html,cebd5f5813390fde,live,0,2026-09-10T16:02:30.286299+00:00
5f81a26aad9ffb7c,scoringdance,round,scoringdance:312,https://scoring.dance/enUS/events/312/results/4459.html,cebd5f5813390fde,live,0,2026-09-10T16:02:30.286299+00:00
34507c5dbe6aff44,scoringdance,round,scoringdance:312,https://scoring.dance/enUS/events/312/results/4460.html,cebd5f5813390fde,live,0,2026-09-10T16:02:30.286299+00:00
1aebcbf9b58397cd,scoringdance,round,scoringdance:312,https://scoring.dance/enUS/events/312/results/4461.html,cebd5f5813390fde,live,0,2026-09-10T16:02:30.286299+00:00
cb996cf007e3d194,scoringdance,round,scoringdance:312,https://scoring.dance/enUS/events/312/results/4462.html,cebd5f5813390fde,live,0,2026-09-10T16:02:30.286299+00:00
3bd32a6dfd42144d,scoringdance,round,scoringdance:312,https://scoring.dance/enUS/events/312/results/4463.html,cebd5f5813390fde,live,0,2026-09-10T16:02:30.286299+00:00
795a12bf1780ae95,scoringdance,round,scoringdance:312,https://scoring.dance/enUS/events/312/results/4464.html,cebd5f5813390fde,live,0,2026-09-10T16:02:30.286299+00:00
630d18342b4ddfe9,scoringdance,round,scoringdance:312,https://scoring.dance/enUS/events/312/results/4465.html,cebd5f5813390fde,live,0,2026-09-10T16:02:30.286299+00:00
057ad3b807f64226,scoringdance,round,scoringdance:312,https://scoring.dance/enUS/events/312/results/4466.html,cebd5f5813390fde,live,0,2026-09-10T16:02:30.286299+00:00
6189d1ea4ba57498,scoringdance,round,scoringdance:312,https://scoring.dance/enUS/events/312/results/4639.html,cebd5f5813390fde,live,0,2026-09-10T16:02:30.286299+00:00
42202147d2a866ba,scoringdance,round,scoringdance:312,https://scoring.dance/enUS/events/312/results/4640.html,cebd5f5813390fde,live,0,2026-09-10T16:02:30.286299+00:00
8e2fab039a201a1c,scoringdance,round,scoringdance:314,https://scoring.dance/enUS/events/314/results/4467.html,3a09b7bc5f114f63,live,0,2026-09-10T16:02:28.928326+00:00
11a17630c95a5baf,scoringdance,round,scoringdance:314,https://scoring.dance/enUS/events/314/results/4468.html,3a09b7bc5f114f63,live,0,2026-09-10T16:02:28.928326+00:00
a0e5a7c0d29ddaff,scoringdance,round,scoringdance:314,https://scoring.dance/enUS/events/314/results/4469.html,3a09b7bc5f114f63,live,0,2026-09-10T16:02:28.928326+00:00
1ebc763283107622,scoringdance,round,scoringdance:314,https://scoring.dance/enUS/events/314/results/4470.html,3a09b7bc5f114f63,live,0,2026-09-10T16:02:28.928326+00:00
cd1fe0049e9b3a4c,scoringdance,round,scoringdance:314,https://scoring.dance/enUS/events/314/results/4471.html,3a09b7bc5f114f63,live,0,2026-09-10T16:02:28.928326+00:00
ec4761bf0bb9dfef,scoringdance,round,scoringdance:314,https://scoring.dance/enUS/events/314/results/4472.html,3a09b7bc5f114f63,live,0,2026-09-10T16:02:28.928326+00:00
03e8a89d10082089,scoringdance,round,scoringdance:314,https://scoring.dance/enUS/events/314/results/4473.html,3a09b7bc5f114f63,live,0,2026-09-10T16:02:28.928326+00:00
406864e3b9173d59,scoringdance,round,scoringdance:314,https://scoring.dance/enUS/events/314/results/4474.html,3a09b7bc5f114f63,live,0,2026-09-10T16:02:28.928326+00:00
049e174f0f3d320b,scoringdance,round,scoringdance:314,https://scoring.dance/enUS/events/314/results/4475.html,3a09b7bc5f114f63,live,0,2026-09-10T16:02:28.928326+00:00
25d1ab45bf628147,scoringdance,round,scoringdance:314,https://scoring.dance/enUS/events/314/results/4476.html,3a09b7bc5f114f63,live,0,2026-09-10T16:02:28.928326+00:00
315e40f08db30e4b,scoringdance,round,scoringdance:314,https://scoring.dance/enUS/events/314/results/4477.html,3a09b7bc5f114f63,live,0,2026-09-10T16:02:28.928326+00:00
be16689652da953e,scoringdance,round,scoringdance:314,https://scoring.dance/enUS/events/314/results/4478.html,3a09b7bc5f114f63,live,0,2026-09-10T16:02:28.928326+00:00
5d452ce9f8eec276,scoringdance,round,scoringdance:314,https://scoring.dance/enUS/events/314/results/4479.html,3a09b7bc5f114f63,live,0,2026-09-10T16:02:28.928326+00:00
01c90381cf657282,scoringdance,round,scoringdance:314,https://scoring.dance/enUS/events/314/results/4480.html,3a09b7bc5f114f63,live,0,2026-09-10T16:02:28.928326+00:00
36e501e7f0ff9aea,scoringdance,round,scoringdance:314,https://scoring.dance/enUS/events/314/results/4481.html,3a09b7bc5f114f63,live,0,2026-09-10T16:02:28.928326+00:00
48b8850d038be752,scoringdance,round,scoringdance:314,https://scoring.dance/enUS/events/314/results/4482.html,3a09b7bc5f114f63,live,0,2026-09-10T16:02:28.928326+00:00
427fdddbfc30484c,scoringdance,round,scoringdance:314,https://scoring.dance/enUS/events/314/results/4483.html,3a09b7bc5f114f63,live,0,2026-09-10T16:02:28.928326+00:00
c6d29f7a83837e41,scoringdance,round,scoringdance:314,https://scoring.dance/enUS/events/314/results/4484.html,3a09b7bc5f114f63,live,0,2026-09-10T16:02:28.928326+00:00
4bf83e458f9f8a36,scoringdance,round,scoringdance:314,https://scoring.dance/enUS/events/314/results/4485.html,3a09b7bc5f114f63,live,0,2026-09-10T16:02:28.928326+00:00
988eac6712ca3954,scoringdance,round,scoringdance:314,https://scoring.dance/enUS/events/314/results/4486.html,3a09b7bc5f114f63,live,0,2026-09-10T16:02:28.928326+00:00
4f0f391a533a0541,scoringdance,round,scoringdance:314,https://scoring.dance/enUS/events/314/results/4487.html,3a09b7bc5f114f63,live,0,2026-09-10T16:02:28.928326+00:00
0f53ad5ec1564386,scoringdance,round,scoringdance:314,https://scoring.dance/enUS/events/314/results/4488.html,3a09b7bc5f114f63,live,0,2026-09-10T16:02:28.928326+00:00
4fc1fe43c740cfb7,scoringdance,round,scoringdance:314,https://scoring.dance/enUS/events/314/results/4489.html,3a09b7bc5f114f63,live,0,2026-09-10T16:02:28.928326+00:00
375ce6d42aa07e30,scoringdance,round,scoringdance:314,https://scoring.dance/enUS/events/314/results/4491.html,3a09b7bc5f114f63,live,0,2026-09-10T16:02:28.928326+00:00
e2ad28b12cefecc3,scoringdance,round,scoringdance:314,https://scoring.dance/enUS/events/314/results/4493.html,3a09b7bc5f114f63,live,0,2026-09-10T16:02:28.928326+00:00
297471f4e326a42b,scoringdance,round,scoringdance:314,https://scoring.dance/enUS/events/314/results/4495.html,3a09b7bc5f114f63,live,0,2026-09-10T16:02:28.928326+00:00
7f1b27868bea5225,scoringdance,round,scoringdance:314,https://scoring.dance/enUS/events/314/results/4496.html,3a09b7bc5f114f63,live,0,2026-09-10T16:02:28.928326+00:00
8f434c75e5196fb1,scoringdance,round,scoringdance:316,https://scoring.dance/enUS/events/316/results/4528.html,2f33e15ef1aac472,live,0,2026-09-10T16:02:28.826586+00:00
36396526ee4b111a,scoringdance,round,scoringdance:316,https://scoring.dance/enUS/events/316/results/4529.html,2f33e15ef1aac472,live,0,2026-09-10T16:02:28.826586+00:00
a86b15a3eb9d11bc,scoringdance,round,scoringdance:316,https://scoring.dance/enUS/events/316/results/4530.html,2f33e15ef1aac472,live,0,2026-09-10T16:02:28.826586+00:00
2019a02bf9d055d6,scoringdance,round,scoringdance:316,https://scoring.dance/enUS/events/316/results/4531.html,2f33e15ef1aac472,live,0,2026-09-10T16:02:28.826586+00:00
fbc3227447e6e33c,scoringdance,round,scoringdance:316,https://scoring.dance/enUS/events/316/results/4532.html,2f33e15ef1aac472,live,0,2026-09-10T16:02:28.826586+00:00
207b30f7a344df65,scoringdance,round,scoringdance:316,https://scoring.dance/enUS/events/316/results/4533.html,2f33e15ef1aac472,live,0,2026-09-10T16:02:28.826586+00:00
9023f889efbc1468,scoringdance,round,scoringdance:316,https://scoring.dance/enUS/events/316/results/4534.html,2f33e15ef1aac472,live,0,2026-09-10T16:02:28.826586+00:00
30c43717896fee74,scoringdance,round,scoringdance:316,https://scoring.dance/enUS/events/316/results/4535.html,2f33e15ef1aac472,live,0,2026-09-10T16:02:28.826586+00:00
ebcbc681f27d57b5,scoringdance,round,scoringdance:316,https://scoring.dance/enUS/events/316/results/4536.html,2f33e15ef1aac472,live,0,2026-09-10T16:02:28.826586+00:00
fcf48cc8f8922b93,scoringdance,round,scoringdance:316,https://scoring.dance/enUS/events/316/results/4537.html,2f33e15ef1aac472,live,0,2026-09-10T16:02:28.826586+00:00
a0055ecaf54037e9,scoringdance,round,scoringdance:316,https://scoring.dance/enUS/events/316/results/4538.html,2f33e15ef1aac472,live,0,2026-09-10T16:02:28.826586+00:00
ba5ee288f478d19b,scoringdance,round,scoringdance:316,https://scoring.dance/enUS/events/316/results/4539.html,2f33e15ef1aac472,live,0,2026-09-10T16:02:28.826586+00:00
6b0e3201ccc5e176,scoringdance,round,scoringdance:316,https://scoring.dance/enUS/events/316/results/4540.html,2f33e15ef1aac472,live,0,2026-09-10T16:02:28.826586+00:00
449c46dba0d06cbf,scoringdance,round,scoringdance:316,https://scoring.dance/enUS/events/316/results/4541.html,2f33e15ef1aac472,live,0,2026-09-10T16:02:28.826586+00:00
3cc6192a8ab26411,scoringdance,round,scoringdance:316,https://scoring.dance/enUS/events/316/results/4542.html,2f33e15ef1aac472,live,0,2026-09-10T16:02:28.826586+00:00
6da969109cb44f4f,scoringdance,round,scoringdance:316,https://scoring.dance/enUS/events/316/results/4544.html,2f33e15ef1aac472,live,0,2026-09-10T16:02:28.826586+00:00
29ec1bf810a42b71,scoringdance,round,scoringdance:316,https://scoring.dance/enUS/events/316/results/4545.html,2f33e15ef1aac472,live,0,2026-09-10T16:02:28.826586+00:00
cfd14b31068a5bea,scoringdance,round,scoringdance:316,https://scoring.dance/enUS/events/316/results/4546.html,2f33e15ef1aac472,live,0,2026-09-10T16:02:28.826586+00:00
a6330a9afb199900,scoringdance,round,scoringdance:316,https://scoring.dance/enUS/events/316/results/4547.html,2f33e15ef1aac472,live,0,2026-09-10T16:02:28.826586+00:00
fdb68c77c43efc36,scoringdance,round,scoringdance:316,https://scoring.dance/enUS/events/316/results/4548.html,2f33e15ef1aac472,live,0,2026-09-10T16:02:28.826586+00:00
72416653538660a5,scoringdance,round,scoringdance:317,https://scoring.dance/enUS/events/317/results/4551.html,ed1cbb9068325cc2,live,0,2026-09-10T16:02:30.572408+00:00
45ee50145149dc15,scoringdance,round,scoringdance:317,https://scoring.dance/enUS/events/317/results/4552.html,ed1cbb9068325cc2,live,0,2026-09-10T16:02:30.572408+00:00
1f71f0076270fe87,scoringdance,round,scoringdance:317,https://scoring.dance/enUS/events/317/results/4553.html,ed1cbb9068325cc2,live,0,2026-09-10T16:02:30.572408+00:00
cc827887080e0854,scoringdance,round,scoringdance:317,https://scoring.dance/enUS/events/317/results/4554.html,ed1cbb9068325cc2,live,0,2026-09-10T16:02:30.572408+00:00
f38cc87fc9f0476a,scoringdance,round,scoringdance:317,https://scoring.dance/enUS/events/317/results/4555.html,ed1cbb9068325cc2,live,0,2026-09-10T16:02:30.572408+00:00
a75d4c6976b7adfb,scoringdance,round,scoringdance:317,https://scoring.dance/enUS/events/317/results/4556.html,ed1cbb9068325cc2,live,0,2026-09-10T16:02:30.572408+00:00
80365bd8f4a642fb,scoringdance,round,scoringdance:317,https://scoring.dance/enUS/events/317/results/4558.html,ed1cbb9068325cc2,live,0,2026-09-10T16:02:30.572408+00:00
bd5959ffdf36f519,scoringdance,round,scoringdance:317,https://scoring.dance/enUS/events/317/results/4559.html,ed1cbb9068325cc2,live,0,2026-09-10T16:02:30.572408+00:00
4fd635faae4e552d,scoringdance,round,scoringdance:317,https://scoring.dance/enUS/events/317/results/4560.html,ed1cbb9068325cc2,live,0,2026-09-10T16:02:30.572408+00:00
8e4ecf5993f97c0b,scoringdance,round,scoringdance:317,https://scoring.dance/enUS/events/317/results/4562.html,ed1cbb9068325cc2,live,0,2026-09-10T16:02:30.572408+00:00
eedf378b50afd8ef,scoringdance,round,scoringdance:317,https://scoring.dance/enUS/events/317/results/4563.html,ed1cbb9068325cc2,live,0,2026-09-10T16:02:30.572408+00:00
4062284f72ad821a,scoringdance,round,scoringdance:317,https://scoring.dance/enUS/events/317/results/4565.html,ed1cbb9068325cc2,live,0,2026-09-10T16:02:30.572408+00:00
b42f204d58146889,scoringdance,round,scoringdance:317,https://scoring.dance/enUS/events/317/results/4566.html,ed1cbb9068325cc2,live,0,2026-09-10T16:02:30.572408+00:00
402463fc1ace4a2f,scoringdance,round,scoringdance:317,https://scoring.dance/enUS/events/317/results/4567.html,ed1cbb9068325cc2,live,0,2026-09-10T16:02:30.572408+00:00
08757756775b0164,scoringdance,round,scoringdance:317,https://scoring.dance/enUS/events/317/results/4569.html,ed1cbb9068325cc2,live,0,2026-09-10T16:02:30.572408+00:00
0507e8287bc7edcb,scoringdance,round,scoringdance:317,https://scoring.dance/enUS/events/317/results/4571.html,ed1cbb9068325cc2,live,0,2026-09-10T16:02:30.572408+00:00
222e2bec8f94ea0a,scoringdance,round,scoringdance:318,https://scoring.dance/enUS/events/318/results/4572.html,50676fe28d0e498e,live,0,2026-09-10T16:02:29.138080+00:00
8f017f9ed592214f,scoringdance,round,scoringdance:318,https://scoring.dance/enUS/events/318/results/4573.html,50676fe28d0e498e,live,0,2026-09-10T16:02:29.138080+00:00
33ad5eb6978bdb7f,scoringdance,round,scoringdance:318,https://scoring.dance/enUS/events/318/results/4574.html,50676fe28d0e498e,live,0,2026-09-10T16:02:29.138080+00:00
0284058b6c650f2e,scoringdance,round,scoringdance:318,https://scoring.dance/enUS/events/318/results/4575.html,50676fe28d0e498e,live,0,2026-09-10T16:02:29.138080+00:00
1f6faeb2fce6da45,scoringdance,round,scoringdance:318,https://scoring.dance/enUS/events/318/results/4576.html,50676fe28d0e498e,live,0,2026-09-10T16:02:29.138080+00:00
a16021de1f18028e,scoringdance,round,scoringdance:318,https://scoring.dance/enUS/events/318/results/4577.html,50676fe28d0e498e,live,0,2026-09-10T16:02:29.138080+00:00
4dec5af5630751fd,scoringdance,round,scoringdance:318,https://scoring.dance/enUS/events/318/results/4578.html,50676fe28d0e498e,live,0,2026-09-10T16:02:29.138080+00:00
bc63f8b51b98eb58,scoringdance,round,scoringdance:318,https://scoring.dance/enUS/events/318/results/4579.html,50676fe28d0e498e,live,0,2026-09-10T16:02:29.138080+00:00
9f431b92f6b79179,scoringdance,round,scoringdance:318,https://scoring.dance/enUS/events/318/results/4580.html,50676fe28d0e498e,live,0,2026-09-10T16:02:29.138080+00:00
bce43a06154d2fb0,scoringdance,round,scoringdance:318,https://scoring.dance/enUS/events/318/results/4581.html,50676fe28d0e498e,live,0,2026-09-10T16:02:29.138080+00:00
d36220c959fae205,scoringdance,round,scoringdance:318,https://scoring.dance/enUS/events/318/results/4582.html,50676fe28d0e498e,live,0,2026-09-10T16:02:29.138080+00:00
c11bf7cf79d642b7,scoringdance,round,scoringdance:318,https://scoring.dance/enUS/events/318/results/4583.html,50676fe28d0e498e,live,0,2026-09-10T16:02:29.138080+00:00
f8417d37f292641c,scoringdance,round,scoringdance:318,https://scoring.dance/enUS/events/318/results/4584.html,50676fe28d0e498e,live,0,2026-09-10T16:02:29.138080+00:00
b2986e39ebf7720c,scoringdance,round,scoringdance:318,https://scoring.dance/enUS/events/318/results/4585.html,50676fe28d0e498e,live,0,2026-09-10T16:02:29.138080+00:00
ca3aac53203f8d31,scoringdance,round,scoringdance:318,https://scoring.dance/enUS/events/318/results/4586.html,50676fe28d0e498e,live,0,2026-09-10T16:02:29.138080+00:00
1594e4de7b491356,scoringdance,round,scoringdance:318,https://scoring.dance/enUS/events/318/results/4587.html,50676fe28d0e498e,live,0,2026-09-10T16:02:29.138080+00:00
b3079eecfb2ed873,scoringdance,round,scoringdance:318,https://scoring.dance/enUS/events/318/results/4588.html,50676fe28d0e498e,live,0,2026-09-10T16:02:29.138080+00:00
028fd34b33ecc5a1,scoringdance,round,scoringdance:318,https://scoring.dance/enUS/events/318/results/4589.html,50676fe28d0e498e,live,0,2026-09-10T16:02:29.138080+00:00
39c17045ec7025a4,scoringdance,round,scoringdance:318,https://scoring.dance/enUS/events/318/results/4590.html,50676fe28d0e498e,live,0,2026-09-10T16:02:29.138080+00:00
beee2c84fad196a3,scoringdance,round,scoringdance:318,https://scoring.dance/enUS/events/318/results/4591.html,50676fe28d0e498e,live,0,2026-09-10T16:02:29.138080+00:00
866334bd87141c52,scoringdance,round,scoringdance:318,https://scoring.dance/enUS/events/318/results/4592.html,50676fe28d0e498e,live,0,2026-09-10T16:02:29.138080+00:00
db847d59d2795019,scoringdance,round,scoringdance:318,https://scoring.dance/enUS/events/318/results/4593.html,50676fe28d0e498e,live,0,2026-09-10T16:02:29.138080+00:00
391c2e4b14efde1b,scoringdance,round,scoringdance:318,https://scoring.dance/enUS/events/318/results/4594.html,50676fe28d0e498e,live,0,2026-09-10T16:02:29.138080+00:00
02b0e839fd4fdec5,scoringdance,round,scoringdance:318,https://scoring.dance/enUS/events/318/results/4595.html,50676fe28d0e498e,live,0,2026-09-10T16:02:29.138080+00:00
e8c51b0da5963d99,scoringdance,round,scoringdance:318,https://scoring.dance/enUS/events/318/results/4596.html,50676fe28d0e498e,live,0,2026-09-10T16:02:29.138080+00:00
97acbd466a6ef4be,scoringdance,round,scoringdance:318,https://scoring.dance/enUS/events/318/results/4641.html,50676fe28d0e498e,live,0,2026-09-10T16:02:29.138080+00:00
2199cca75a120ced,scoringdance,round,scoringdance:318,https://scoring.dance/enUS/events/318/results/4642.html,50676fe28d0e498e,live,0,2026-09-10T16:02:29.138080+00:00
b4c4468c60efb3a2,scoringdance,round,scoringdance:319,https://scoring.dance/enUS/events/319/results/4676.html,357bb1c357cabc34,live,0,2026-09-10T16:02:28.862445+00:00
a10a1d8194cb2bd0,scoringdance,round,scoringdance:319,https://scoring.dance/enUS/events/319/results/4677.html,357bb1c357cabc34,live,0,2026-09-10T16:02:28.862445+00:00
280cbb020a06a80c,scoringdance,round,scoringdance:319,https://scoring.dance/enUS/events/319/results/4678.html,357bb1c357cabc34,live,0,2026-09-10T16:02:28.862445+00:00
7cfe76d99231a1cc,scoringdance,round,scoringdance:319,https://scoring.dance/enUS/events/319/results/4679.html,357bb1c357cabc34,live,0,2026-09-10T16:02:28.862445+00:00
9837119e996dd9bd,scoringdance,round,scoringdance:319,https://scoring.dance/enUS/events/319/results/4680.html,357bb1c357cabc34,live,0,2026-09-10T16:02:28.862445+00:00
ab8f7cf77b48709d,scoringdance,round,scoringdance:319,https://scoring.dance/enUS/events/319/results/4681.html,357bb1c357cabc34,live,0,2026-09-10T16:02:28.862445+00:00
eab4e8575a9b0500,scoringdance,round,scoringdance:319,https://scoring.dance/enUS/events/319/results/4682.html,357bb1c357cabc34,live,0,2026-09-10T16:02:28.862445+00:00
791e63c59390e4c4,scoringdance,round,scoringdance:319,https://scoring.dance/enUS/events/319/results/4683.html,357bb1c357cabc34,live,0,2026-09-10T16:02:28.862445+00:00
06a218dfb79ddf2f,scoringdance,round,scoringdance:319,https://scoring.dance/enUS/events/319/results/4684.html,357bb1c357cabc34,live,0,2026-09-10T16:02:28.862445+00:00
369d6dad94c65f9d,scoringdance,round,scoringdance:319,https://scoring.dance/enUS/events/319/results/4685.html,357bb1c357cabc34,live,0,2026-09-10T16:02:28.862445+00:00
2281d90b360db66b,scoringdance,round,scoringdance:319,https://scoring.dance/enUS/events/319/results/4686.html,357bb1c357cabc34,live,0,2026-09-10T16:02:28.862445+00:00
1c65294a6d104134,scoringdance,round,scoringdance:319,https://scoring.dance/enUS/events/319/results/4687.html,357bb1c357cabc34,live,0,2026-09-10T16:02:28.862445+00:00
4d775e5b93ef51bc,scoringdance,round,scoringdance:319,https://scoring.dance/enUS/events/319/results/4688.html,357bb1c357cabc34,live,0,2026-09-10T16:02:28.862445+00:00
da45b06188b7fde8,scoringdance,round,scoringdance:319,https://scoring.dance/enUS/events/319/results/4689.html,357bb1c357cabc34,live,0,2026-09-10T16:02:28.862445+00:00
a9c16c6bc0731cac,scoringdance,round,scoringdance:319,https://scoring.dance/enUS/events/319/results/4690.html,357bb1c357cabc34,live,0,2026-09-10T16:02:28.862445+00:00
84afd251a24835a6,scoringdance,round,scoringdance:319,https://scoring.dance/enUS/events/319/results/4691.html,357bb1c357cabc34,live,0,2026-09-10T16:02:28.862445+00:00
04d4b28de0fa6193,scoringdance,round,scoringdance:319,https://scoring.dance/enUS/events/319/results/4692.html,357bb1c357cabc34,live,0,2026-09-10T16:02:28.862445+00:00
6e3533c3e7a43d90,scoringdance,round,scoringdance:319,https://scoring.dance/enUS/events/319/results/4693.html,357bb1c357cabc34,live,0,2026-09-10T16:02:28.862445+00:00
e5484e7ca10a4ca0,scoringdance,round,scoringdance:319,https://scoring.dance/enUS/events/319/results/4694.html,357bb1c357cabc34,live,0,2026-09-10T16:02:28.862445+00:00
fd3a50a4b3873f57,scoringdance,round,scoringdance:319,https://scoring.dance/enUS/events/319/results/4695.html,357bb1c357cabc34,live,0,2026-09-10T16:02:28.862445+00:00
a9782ec16f78adab,scoringdance,round,scoringdance:319,https://scoring.dance/enUS/events/319/results/4696.html,357bb1c357cabc34,live,0,2026-09-10T16:02:28.862445+00:00
f004a4f3ab8689d4,scoringdance,round,scoringdance:319,https://scoring.dance/enUS/events/319/results/4697.html,357bb1c357cabc34,live,0,2026-09-10T16:02:28.862445+00:00
71b2fe19f3e894a7,scoringdance,round,scoringdance:319,https://scoring.dance/enUS/events/319/results/4698.html,357bb1c357cabc34,live,0,2026-09-10T16:02:28.862445+00:00
769d8114d39e6e1a,scoringdance,round,scoringdance:319,https://scoring.dance/enUS/events/319/results/4699.html,357bb1c357cabc34,live,0,2026-09-10T16:02:28.862445+00:00
b7aef401b21815bd,scoringdance,round,scoringdance:319,https://scoring.dance/enUS/events/319/results/4700.html,357bb1c357cabc34,live,0,2026-09-10T16:02:28.862445+00:00
b186c66603dde18a,scoringdance,round,scoringdance:319,https://scoring.dance/enUS/events/319/results/4701.html,357bb1c357cabc34,live,0,2026-09-10T16:02:28.862445+00:00
40471255f0d3f478,scoringdance,round,scoringdance:319,https://scoring.dance/enUS/events/319/results/4702.html,357bb1c357cabc34,live,0,2026-09-10T16:02:28.862445+00:00
20e6186094b34bd3,scoringdance,round,scoringdance:319,https://scoring.dance/enUS/events/319/results/4703.html,357bb1c357cabc34,live,0,2026-09-10T16:02:28.862445+00:00
66165ef468c6fffc,scoringdance,round,scoringdance:319,https://scoring.dance/enUS/events/319/results/4704.html,357bb1c357cabc34,live,0,2026-09-10T16:02:28.862445+00:00
d98b621041a58442,scoringdance,round,scoringdance:319,https://scoring.dance/enUS/events/319/results/4705.html,357bb1c357cabc34,live,0,2026-09-10T16:02:28.862445+00:00
b9ad75768f147a2d,scoringdance,round,scoringdance:319,https://scoring.dance/enUS/events/319/results/4706.html,357bb1c357cabc34,live,0,2026-09-10T16:02:28.862445+00:00
e49724562a39e1a2,scoringdance,round,scoringdance:319,https://scoring.dance/enUS/events/319/results/4707.html,357bb1c357cabc34,live,0,2026-09-10T16:02:28.862445+00:00
ce4f3f7cb6eff5eb,scoringdance,round,scoringdance:319,https://scoring.dance/enUS/events/319/results/4708.html,357bb1c357cabc34,live,0,2026-09-10T16:02:28.862445+00:00
e42c23bccfc76101,scoringdance,round,scoringdance:319,https://scoring.dance/enUS/events/319/results/4709.html,357bb1c357cabc34,live,0,2026-09-10T16:02:28.862445+00:00
3368dec448541ad4,scoringdance,round,scoringdance:319,https://scoring.dance/enUS/events/319/results/4710.html,357bb1c357cabc34,live,0,2026-09-10T16:02:28.862445+00:00
78f2c21088fc97b4,scoringdance,round,scoringdance:319,https://scoring.dance/enUS/events/319/results/4711.html,357bb1c357cabc34,live,0,2026-09-10T16:02:28.862445+00:00
ae6d3d9ec499ccda,scoringdance,round,scoringdance:319,https://scoring.dance/enUS/events/319/results/4712.html,357bb1c357cabc34,live,0,2026-09-10T16:02:28.862445+00:00
7521652f802de479,scoringdance,round,scoringdance:319,https://scoring.dance/enUS/events/319/results/4713.html,357bb1c357cabc34,live,0,2026-09-10T16:02:28.862445+00:00
93521620a88784d7,scoringdance,round,scoringdance:319,https://scoring.dance/enUS/events/319/results/4714.html,357bb1c357cabc34,live,0,2026-09-10T16:02:28.862445+00:00
ffb5096dd88c346d,scoringdance,round,scoringdance:319,https://scoring.dance/enUS/events/319/results/4715.html,357bb1c357cabc34,live,0,2026-09-10T16:02:28.862445+00:00
6300474ebae42cde,scoringdance,round,scoringdance:319,https://scoring.dance/enUS/events/319/results/4716.html,357bb1c357cabc34,live,0,2026-09-10T16:02:28.862445+00:00
7db28af484d9e86c,scoringdance,round,scoringdance:319,https://scoring.dance/enUS/events/319/results/4717.html,357bb1c357cabc34,live,0,2026-09-10T16:02:28.862445+00:00
3cd071d8599de4a5,scoringdance,round,scoringdance:319,https://scoring.dance/enUS/events/319/results/4718.html,357bb1c357cabc34,live,0,2026-09-10T16:02:28.862445+00:00
a2399ee8b9eaa82d,scoringdance,round,scoringdance:319,https://scoring.dance/enUS/events/319/results/4719.html,357bb1c357cabc34,live,0,2026-09-10T16:02:28.862445+00:00
27b7afca5db6fc3d,scoringdance,round,scoringdance:319,https://scoring.dance/enUS/events/319/results/4720.html,357bb1c357cabc34,live,0,2026-09-10T16:02:28.862445+00:00
a39f420dd09b8681,scoringdance,round,scoringdance:319,https://scoring.dance/enUS/events/319/results/4721.html,357bb1c357cabc34,live,0,2026-09-10T16:02:28.862445+00:00
7e1e69618c18201d,scoringdance,round,scoringdance:319,https://scoring.dance/enUS/events/319/results/4724.html,357bb1c357cabc34,live,0,2026-09-10T16:02:28.862445+00:00
4ca867bee18b0bc2,scoringdance,round,scoringdance:319,https://scoring.dance/enUS/events/319/results/4754.html,357bb1c357cabc34,live,0,2026-09-10T16:02:28.862445+00:00
ce47287bbecbe7cc,scoringdance,round,scoringdance:319,https://scoring.dance/enUS/events/319/results/4755.html,357bb1c357cabc34,live,0,2026-09-10T16:02:28.862445+00:00
5bc2d5224f3fab70,scoringdance,round,scoringdance:319,https://scoring.dance/enUS/events/319/results/4756.html,357bb1c357cabc34,live,0,2026-09-10T16:02:28.862445+00:00
f6fc01893e2342bf,scoringdance,round,scoringdance:319,https://scoring.dance/enUS/events/319/results/4830.html,357bb1c357cabc34,live,0,2026-09-10T16:02:28.862445+00:00
34bbda6de5ce5857,scoringdance,round,scoringdance:319,https://scoring.dance/enUS/events/319/results/4831.html,357bb1c357cabc34,live,0,2026-09-10T16:02:28.862445+00:00
3a29b4b604652da8,scoringdance,round,scoringdance:319,https://scoring.dance/enUS/events/319/results/4832.html,357bb1c357cabc34,live,0,2026-09-10T16:02:28.862445+00:00
304961a5a7833d9f,scoringdance,round,scoringdance:320,https://scoring.dance/enUS/events/320/results/4643.html,7ca83ab404464262,live,0,2026-09-10T16:02:29.521255+00:00
4246c1f24dbfe7d5,scoringdance,round,scoringdance:320,https://scoring.dance/enUS/events/320/results/4644.html,7ca83ab404464262,live,0,2026-09-10T16:02:29.521255+00:00
49719d91d577c0f1,scoringdance,round,scoringdance:320,https://scoring.dance/enUS/events/320/results/4645.html,7ca83ab404464262,live,0,2026-09-10T16:02:29.521255+00:00
43b6ebf7901ab70e,scoringdance,round,scoringdance:320,https://scoring.dance/enUS/events/320/results/4646.html,7ca83ab404464262,live,0,2026-09-10T16:02:29.521255+00:00
b71f7ad385affd0a,scoringdance,round,scoringdance:320,https://scoring.dance/enUS/events/320/results/4647.html,7ca83ab404464262,live,0,2026-09-10T16:02:29.521255+00:00
4e7b396fecd7cd5e,scoringdance,round,scoringdance:320,https://scoring.dance/enUS/events/320/results/4648.html,7ca83ab404464262,live,0,2026-09-10T16:02:29.521255+00:00
bc11471515ce90ca,scoringdance,round,scoringdance:320,https://scoring.dance/enUS/events/320/results/4649.html,7ca83ab404464262,live,0,2026-09-10T16:02:29.521255+00:00
08676b2c546b74f9,scoringdance,round,scoringdance:320,https://scoring.dance/enUS/events/320/results/4650.html,7ca83ab404464262,live,0,2026-09-10T16:02:29.521255+00:00
98d9de38b6690609,scoringdance,round,scoringdance:320,https://scoring.dance/enUS/events/320/results/4651.html,7ca83ab404464262,live,0,2026-09-10T16:02:29.521255+00:00
55c12fdd99d7c159,scoringdance,round,scoringdance:320,https://scoring.dance/enUS/events/320/results/4654.html,7ca83ab404464262,live,0,2026-09-10T16:02:29.521255+00:00
99c408881eb03c87,scoringdance,round,scoringdance:320,https://scoring.dance/enUS/events/320/results/4655.html,7ca83ab404464262,live,0,2026-09-10T16:02:29.521255+00:00
578e51e5b90cc1c1,scoringdance,round,scoringdance:320,https://scoring.dance/enUS/events/320/results/4656.html,7ca83ab404464262,live,0,2026-09-10T16:02:29.521255+00:00
0b387c37cf6bcda5,scoringdance,round,scoringdance:320,https://scoring.dance/enUS/events/320/results/4657.html,7ca83ab404464262,live,0,2026-09-10T16:02:29.521255+00:00
f59d71f60185d48e,scoringdance,round,scoringdance:320,https://scoring.dance/enUS/events/320/results/4658.html,7ca83ab404464262,live,0,2026-09-10T16:02:29.521255+00:00
0389d0e50a0d0bac,scoringdance,round,scoringdance:320,https://scoring.dance/enUS/events/320/results/4659.html,7ca83ab404464262,live,0,2026-09-10T16:02:29.521255+00:00
553ecc95399e1cac,scoringdance,round,scoringdance:320,https://scoring.dance/enUS/events/320/results/4661.html,7ca83ab404464262,live,0,2026-09-10T16:02:29.521255+00:00
5c8370c0328d2884,scoringdance,round,scoringdance:320,https://scoring.dance/enUS/events/320/results/4663.html,7ca83ab404464262,live,0,2026-09-10T16:02:29.521255+00:00
c5d16919d762c77c,scoringdance,round,scoringdance:320,https://scoring.dance/enUS/events/320/results/4665.html,7ca83ab404464262,live,0,2026-09-10T16:02:29.521255+00:00
0371fe27289e1fef,scoringdance,round,scoringdance:320,https://scoring.dance/enUS/events/320/results/4667.html,7ca83ab404464262,live,0,2026-09-10T16:02:29.521255+00:00
62de276e8c6058cf,scoringdance,round,scoringdance:320,https://scoring.dance/enUS/events/320/results/4669.html,7ca83ab404464262,live,0,2026-09-10T16:02:29.521255+00:00
b68c658a1dfa3a21,scoringdance,round,scoringdance:320,https://scoring.dance/enUS/events/320/results/4672.html,7ca83ab404464262,live,0,2026-09-10T16:02:29.521255+00:00
770e701d4f46a550,scoringdance,round,scoringdance:323,https://scoring.dance/enUS/events/323/results/4781.html,6e6edb71575b4f62,live,0,2026-09-10T16:02:29.409763+00:00
b84cfefd64467719,scoringdance,round,scoringdance:323,https://scoring.dance/enUS/events/323/results/4782.html,6e6edb71575b4f62,live,0,2026-09-10T16:02:29.409763+00:00
df5dc6982a4a3b3a,scoringdance,round,scoringdance:323,https://scoring.dance/enUS/events/323/results/4783.html,6e6edb71575b4f62,live,0,2026-09-10T16:02:29.409763+00:00
22e42ab12963462a,scoringdance,round,scoringdance:323,https://scoring.dance/enUS/events/323/results/4784.html,6e6edb71575b4f62,live,0,2026-09-10T16:02:29.409763+00:00
874bf2d5b0be1441,scoringdance,round,scoringdance:323,https://scoring.dance/enUS/events/323/results/4785.html,6e6edb71575b4f62,live,0,2026-09-10T16:02:29.409763+00:00
ddcb110b38b1d78a,scoringdance,round,scoringdance:323,https://scoring.dance/enUS/events/323/results/4786.html,6e6edb71575b4f62,live,0,2026-09-10T16:02:29.409763+00:00
d855c70d2ee794ae,scoringdance,round,scoringdance:323,https://scoring.dance/enUS/events/323/results/4787.html,6e6edb71575b4f62,live,0,2026-09-10T16:02:29.409763+00:00
54e469bfe5fef61d,scoringdance,round,scoringdance:323,https://scoring.dance/enUS/events/323/results/4788.html,6e6edb71575b4f62,live,0,2026-09-10T16:02:29.409763+00:00
ba2f7d31a55fadb2,scoringdance,round,scoringdance:323,https://scoring.dance/enUS/events/323/results/4789.html,6e6edb71575b4f62,live,0,2026-09-10T16:02:29.409763+00:00
9c9badc480adf520,scoringdance,round,scoringdance:323,https://scoring.dance/enUS/events/323/results/4790.html,6e6edb71575b4f62,live,0,2026-09-10T16:02:29.409763+00:00
c1d75b01ec219cea,scoringdance,round,scoringdance:323,https://scoring.dance/enUS/events/323/results/4791.html,6e6edb71575b4f62,live,0,2026-09-10T16:02:29.409763+00:00
820654595e3de395,scoringdance,round,scoringdance:323,https://scoring.dance/enUS/events/323/results/4792.html,6e6edb71575b4f62,live,0,2026-09-10T16:02:29.409763+00:00
39fd61a01e80c940,scoringdance,round,scoringdance:323,https://scoring.dance/enUS/events/323/results/4793.html,6e6edb71575b4f62,live,0,2026-09-10T16:02:29.409763+00:00
64f46906767bb923,scoringdance,round,scoringdance:323,https://scoring.dance/enUS/events/323/results/4794.html,6e6edb71575b4f62,live,0,2026-09-10T16:02:29.409763+00:00
58d65906164463b5,scoringdance,round,scoringdance:323,https://scoring.dance/enUS/events/323/results/4796.html,6e6edb71575b4f62,live,0,2026-09-10T16:02:29.409763+00:00
ce29ea6373bcb0a1,scoringdance,round,scoringdance:323,https://scoring.dance/enUS/events/323/results/4797.html,6e6edb71575b4f62,live,0,2026-09-10T16:02:29.409763+00:00
4b4b465ecaf01680,scoringdance,round,scoringdance:323,https://scoring.dance/enUS/events/323/results/4799.html,6e6edb71575b4f62,live,0,2026-09-10T16:02:29.409763+00:00
a3a809e837e2784b,scoringdance,round,scoringdance:323,https://scoring.dance/enUS/events/323/results/4800.html,6e6edb71575b4f62,live,0,2026-09-10T16:02:29.409763+00:00
3e6bb290592b7470,scoringdance,round,scoringdance:323,https://scoring.dance/enUS/events/323/results/4801.html,6e6edb71575b4f62,live,0,2026-09-10T16:02:29.409763+00:00
fb3703e185e27857,scoringdance,round,scoringdance:323,https://scoring.dance/enUS/events/323/results/4802.html,6e6edb71575b4f62,live,0,2026-09-10T16:02:29.409763+00:00
ab973b6fbb46aac9,scoringdance,round,scoringdance:323,https://scoring.dance/enUS/events/323/results/4803.html,6e6edb71575b4f62,live,0,2026-09-10T16:02:29.409763+00:00
54edf37763e22a35,scoringdance,round,scoringdance:323,https://scoring.dance/enUS/events/323/results/4805.html,6e6edb71575b4f62,live,0,2026-09-10T16:02:29.409763+00:00
bfc86f64ba91847d,scoringdance,round,scoringdance:323,https://scoring.dance/enUS/events/323/results/4806.html,6e6edb71575b4f62,live,0,2026-09-10T16:02:29.409763+00:00
cf504880610fd9f0,scoringdance,round,scoringdance:323,https://scoring.dance/enUS/events/323/results/4807.html,6e6edb71575b4f62,live,0,2026-09-10T16:02:29.409763+00:00
c67b92c99dcae974,scoringdance,round,scoringdance:323,https://scoring.dance/enUS/events/323/results/4808.html,6e6edb71575b4f62,live,0,2026-09-10T16:02:29.409763+00:00
92d516c26455328c,scoringdance,round,scoringdance:323,https://scoring.dance/enUS/events/323/results/4810.html,6e6edb71575b4f62,live,0,2026-09-10T16:02:29.409763+00:00
9aa5676d2c651e90,scoringdance,round,scoringdance:323,https://scoring.dance/enUS/events/323/results/4811.html,6e6edb71575b4f62,live,0,2026-09-10T16:02:29.409763+00:00
f2a258962ef0d614,scoringdance,round,scoringdance:323,https://scoring.dance/enUS/events/323/results/4812.html,6e6edb71575b4f62,live,0,2026-09-10T16:02:29.409763+00:00
ac9c8e1df218296a,scoringdance,round,scoringdance:323,https://scoring.dance/enUS/events/323/results/4813.html,6e6edb71575b4f62,live,0,2026-09-10T16:02:29.409763+00:00
06f183fc0fce1219,scoringdance,round,scoringdance:323,https://scoring.dance/enUS/events/323/results/4933.html,6e6edb71575b4f62,live,0,2026-09-10T16:02:29.409763+00:00
1ad5fca041369e66,scoringdance,round,scoringdance:324,https://scoring.dance/enUS/events/324/results/4727.html,56bbf5c9aefa5fe7,live,0,2026-09-10T16:02:29.228198+00:00
523f9cdcea0d573c,scoringdance,round,scoringdance:324,https://scoring.dance/enUS/events/324/results/4728.html,56bbf5c9aefa5fe7,live,0,2026-09-10T16:02:29.228198+00:00
d57ea4aae971991d,scoringdance,round,scoringdance:324,https://scoring.dance/enUS/events/324/results/4729.html,56bbf5c9aefa5fe7,live,0,2026-09-10T16:02:29.228198+00:00
17235dc51790f313,scoringdance,round,scoringdance:324,https://scoring.dance/enUS/events/324/results/4730.html,56bbf5c9aefa5fe7,live,0,2026-09-10T16:02:29.228198+00:00
a6991ba2c4d36654,scoringdance,round,scoringdance:324,https://scoring.dance/enUS/events/324/results/4731.html,56bbf5c9aefa5fe7,live,0,2026-09-10T16:02:29.228198+00:00
9cdef4d86e7bdb7a,scoringdance,round,scoringdance:324,https://scoring.dance/enUS/events/324/results/4732.html,56bbf5c9aefa5fe7,live,0,2026-09-10T16:02:29.228198+00:00
cf92ff71b8faa6e7,scoringdance,round,scoringdance:324,https://scoring.dance/enUS/events/324/results/4733.html,56bbf5c9aefa5fe7,live,0,2026-09-10T16:02:29.228198+00:00
2812cd5a2338d59d,scoringdance,round,scoringdance:324,https://scoring.dance/enUS/events/324/results/4734.html,56bbf5c9aefa5fe7,live,0,2026-09-10T16:02:29.228198+00:00
9e17fa8b4e2d609b,scoringdance,round,scoringdance:324,https://scoring.dance/enUS/events/324/results/4735.html,56bbf5c9aefa5fe7,live,0,2026-09-10T16:02:29.228198+00:00
acd10dd9ce93ce33,scoringdance,round,scoringdance:324,https://scoring.dance/enUS/events/324/results/4736.html,56bbf5c9aefa5fe7,live,0,2026-09-10T16:02:29.228198+00:00
60d5fd390468baf4,scoringdance,round,scoringdance:324,https://scoring.dance/enUS/events/324/results/4737.html,56bbf5c9aefa5fe7,live,0,2026-09-10T16:02:29.228198+00:00
a901e019bacc908e,scoringdance,round,scoringdance:324,https://scoring.dance/enUS/events/324/results/4738.html,56bbf5c9aefa5fe7,live,0,2026-09-10T16:02:29.228198+00:00
41496f5288ad0fdb,scoringdance,round,scoringdance:324,https://scoring.dance/enUS/events/324/results/4739.html,56bbf5c9aefa5fe7,live,0,2026-09-10T16:02:29.228198+00:00
dd6f59ee43a7f459,scoringdance,round,scoringdance:324,https://scoring.dance/enUS/events/324/results/4741.html,56bbf5c9aefa5fe7,live,0,2026-09-10T16:02:29.228198+00:00
671c3069342ab32c,scoringdance,round,scoringdance:324,https://scoring.dance/enUS/events/324/results/4742.html,56bbf5c9aefa5fe7,live,0,2026-09-10T16:02:29.228198+00:00
8d3a19fb5bc0cefb,scoringdance,round,scoringdance:324,https://scoring.dance/enUS/events/324/results/4744.html,56bbf5c9aefa5fe7,live,0,2026-09-10T16:02:29.228198+00:00
4dd2bb74e43a0b21,scoringdance,round,scoringdance:324,https://scoring.dance/enUS/events/324/results/4745.html,56bbf5c9aefa5fe7,live,0,2026-09-10T16:02:29.228198+00:00
fd5d1870a57c3df8,scoringdance,round,scoringdance:324,https://scoring.dance/enUS/events/324/results/4746.html,56bbf5c9aefa5fe7,live,0,2026-09-10T16:02:29.228198+00:00
59e8e1537bd6f3e8,scoringdance,round,scoringdance:324,https://scoring.dance/enUS/events/324/results/4747.html,56bbf5c9aefa5fe7,live,0,2026-09-10T16:02:29.228198+00:00
cff9e5f6acb43270,scoringdance,round,scoringdance:324,https://scoring.dance/enUS/events/324/results/4748.html,56bbf5c9aefa5fe7,live,0,2026-09-10T16:02:29.228198+00:00
74d5dab25f4411b1,scoringdance,round,scoringdance:324,https://scoring.dance/enUS/events/324/results/4749.html,56bbf5c9aefa5fe7,live,0,2026-09-10T16:02:29.228198+00:00
c67c6ddd65d95ef9,scoringdance,round,scoringdance:324,https://scoring.dance/enUS/events/324/results/4750.html,56bbf5c9aefa5fe7,live,0,2026-09-10T16:02:29.228198+00:00
93c60aadae4466b8,scoringdance,round,scoringdance:324,https://scoring.dance/enUS/events/324/results/4751.html,56bbf5c9aefa5fe7,live,0,2026-09-10T16:02:29.228198+00:00
f8b65d5b7fe1fdb0,scoringdance,round,scoringdance:324,https://scoring.dance/enUS/events/324/results/4757.html,56bbf5c9aefa5fe7,live,0,2026-09-10T16:02:29.228198+00:00
a67013f80e0b64b0,scoringdance,round,scoringdance:324,https://scoring.dance/enUS/events/324/results/4758.html,56bbf5c9aefa5fe7,live,0,2026-09-10T16:02:29.228198+00:00
16ff5f02dd436cf8,scoringdance,round,scoringdance:325,https://scoring.dance/enUS/events/325/results/4759.html,a43b1166f1cee05a,live,0,2026-09-10T16:02:29.891347+00:00
5e8f5fd4b52e7400,scoringdance,round,scoringdance:325,https://scoring.dance/enUS/events/325/results/4760.html,a43b1166f1cee05a,live,0,2026-09-10T16:02:29.891347+00:00
07e36fc4a303af0e,scoringdance,round,scoringdance:325,https://scoring.dance/enUS/events/325/results/4761.html,a43b1166f1cee05a,live,0,2026-09-10T16:02:29.891347+00:00
02a8cb1817d8cc7f,scoringdance,round,scoringdance:325,https://scoring.dance/enUS/events/325/results/4762.html,a43b1166f1cee05a,live,0,2026-09-10T16:02:29.891347+00:00
e9b2db0f3f794a80,scoringdance,round,scoringdance:325,https://scoring.dance/enUS/events/325/results/4763.html,a43b1166f1cee05a,live,0,2026-09-10T16:02:29.891347+00:00
3b8f3b4bcafa3916,scoringdance,round,scoringdance:325,https://scoring.dance/enUS/events/325/results/4764.html,a43b1166f1cee05a,live,0,2026-09-10T16:02:29.891347+00:00
92b618151dd8e8ed,scoringdance,round,scoringdance:325,https://scoring.dance/enUS/events/325/results/4765.html,a43b1166f1cee05a,live,0,2026-09-10T16:02:29.891347+00:00
8ab9ded899a2b34b,scoringdance,round,scoringdance:325,https://scoring.dance/enUS/events/325/results/4766.html,a43b1166f1cee05a,live,0,2026-09-10T16:02:29.891347+00:00
737872f33d26a72a,scoringdance,round,scoringdance:325,https://scoring.dance/enUS/events/325/results/4767.html,a43b1166f1cee05a,live,0,2026-09-10T16:02:29.891347+00:00
cb88e2ea99e29d6e,scoringdance,round,scoringdance:325,https://scoring.dance/enUS/events/325/results/4768.html,a43b1166f1cee05a,live,0,2026-09-10T16:02:29.891347+00:00
75ca3a5d7c6b83fa,scoringdance,round,scoringdance:325,https://scoring.dance/enUS/events/325/results/4769.html,a43b1166f1cee05a,live,0,2026-09-10T16:02:29.891347+00:00
487cb7d2468e593f,scoringdance,round,scoringdance:325,https://scoring.dance/enUS/events/325/results/4770.html,a43b1166f1cee05a,live,0,2026-09-10T16:02:29.891347+00:00
95d5439808de8f1d,scoringdance,round,scoringdance:325,https://scoring.dance/enUS/events/325/results/4771.html,a43b1166f1cee05a,live,0,2026-09-10T16:02:29.891347+00:00
f769e42659bdf3cf,scoringdance,round,scoringdance:325,https://scoring.dance/enUS/events/325/results/4772.html,a43b1166f1cee05a,live,0,2026-09-10T16:02:29.891347+00:00
1edfc7b7261de317,scoringdance,round,scoringdance:325,https://scoring.dance/enUS/events/325/results/4773.html,a43b1166f1cee05a,live,0,2026-09-10T16:02:29.891347+00:00
ec0bb52460452806,scoringdance,round,scoringdance:325,https://scoring.dance/enUS/events/325/results/4774.html,a43b1166f1cee05a,live,0,2026-09-10T16:02:29.891347+00:00
d40b466c13708ff2,scoringdance,round,scoringdance:325,https://scoring.dance/enUS/events/325/results/4775.html,a43b1166f1cee05a,live,0,2026-09-10T16:02:29.891347+00:00
bcbf36794b75a9e6,scoringdance,round,scoringdance:325,https://scoring.dance/enUS/events/325/results/4776.html,a43b1166f1cee05a,live,0,2026-09-10T16:02:29.891347+00:00
0525e2b9526ee197,scoringdance,round,scoringdance:325,https://scoring.dance/enUS/events/325/results/4777.html,a43b1166f1cee05a,live,0,2026-09-10T16:02:29.891347+00:00
4831bb11c901e25b,scoringdance,round,scoringdance:325,https://scoring.dance/enUS/events/325/results/4779.html,a43b1166f1cee05a,live,0,2026-09-10T16:02:29.891347+00:00
582cc8ea0567e15b,scoringdance,round,scoringdance:325,https://scoring.dance/enUS/events/325/results/4780.html,a43b1166f1cee05a,live,0,2026-09-10T16:02:29.891347+00:00
227384efd365936b,scoringdance,round,scoringdance:327,https://scoring.dance/enUS/events/327/results/5602.html,7ffd1fa6bc689118,live,0,2026-09-10T16:02:29.608390+00:00
c583029c0502408e,scoringdance,round,scoringdance:327,https://scoring.dance/enUS/events/327/results/5603.html,7ffd1fa6bc689118,live,0,2026-09-10T16:02:29.608390+00:00
f181bf410a419736,scoringdance,round,scoringdance:327,https://scoring.dance/enUS/events/327/results/5604.html,7ffd1fa6bc689118,live,0,2026-09-10T16:02:29.608390+00:00
2207b494d0266a08,scoringdance,round,scoringdance:327,https://scoring.dance/enUS/events/327/results/5605.html,7ffd1fa6bc689118,live,0,2026-09-10T16:02:29.608390+00:00
5e58b5a4e1e89619,scoringdance,round,scoringdance:327,https://scoring.dance/enUS/events/327/results/5606.html,7ffd1fa6bc689118,live,0,2026-09-10T16:02:29.608390+00:00
29e50bba8513ac17,scoringdance,round,scoringdance:327,https://scoring.dance/enUS/events/327/results/5607.html,7ffd1fa6bc689118,live,0,2026-09-10T16:02:29.608390+00:00
d329d081c78fdf50,scoringdance,round,scoringdance:327,https://scoring.dance/enUS/events/327/results/5608.html,7ffd1fa6bc689118,live,0,2026-09-10T16:02:29.608390+00:00
f04c2cbf03ac71b5,scoringdance,round,scoringdance:327,https://scoring.dance/enUS/events/327/results/5609.html,7ffd1fa6bc689118,live,0,2026-09-10T16:02:29.608390+00:00
01ba4427e0d497f3,scoringdance,round,scoringdance:327,https://scoring.dance/enUS/events/327/results/5610.html,7ffd1fa6bc689118,live,0,2026-09-10T16:02:29.608390+00:00
8f26eae73e96917f,scoringdance,round,scoringdance:327,https://scoring.dance/enUS/events/327/results/5611.html,7ffd1fa6bc689118,live,0,2026-09-10T16:02:29.608390+00:00
9ec3ee4232d72ee7,scoringdance,round,scoringdance:327,https://scoring.dance/enUS/events/327/results/5612.html,7ffd1fa6bc689118,live,0,2026-09-10T16:02:29.608390+00:00
c4853870a2374763,scoringdance,round,scoringdance:327,https://scoring.dance/enUS/events/327/results/5613.html,7ffd1fa6bc689118,live,0,2026-09-10T16:02:29.608390+00:00
ff2244b0dc8b8e98,scoringdance,round,scoringdance:327,https://scoring.dance/enUS/events/327/results/5614.html,7ffd1fa6bc689118,live,0,2026-09-10T16:02:29.608390+00:00
b2742607a170c456,scoringdance,round,scoringdance:327,https://scoring.dance/enUS/events/327/results/5616.html,7ffd1fa6bc689118,live,0,2026-09-10T16:02:29.608390+00:00
a82c2c2257e6090a,scoringdance,round,scoringdance:327,https://scoring.dance/enUS/events/327/results/5617.html,7ffd1fa6bc689118,live,0,2026-09-10T16:02:29.608390+00:00
995eedc3ed34abb4,scoringdance,round,scoringdance:327,https://scoring.dance/enUS/events/327/results/5618.html,7ffd1fa6bc689118,live,0,2026-09-10T16:02:29.608390+00:00
a213403e974611bb,scoringdance,round,scoringdance:327,https://scoring.dance/enUS/events/327/results/5619.html,7ffd1fa6bc689118,live,0,2026-09-10T16:02:29.608390+00:00
c17611552964befa,scoringdance,round,scoringdance:327,https://scoring.dance/enUS/events/327/results/5620.html,7ffd1fa6bc689118,live,0,2026-09-10T16:02:29.608390+00:00
79507666c8cc3d2a,scoringdance,round,scoringdance:327,https://scoring.dance/enUS/events/327/results/5621.html,7ffd1fa6bc689118,live,0,2026-09-10T16:02:29.608390+00:00
89628e199470c740,scoringdance,round,scoringdance:327,https://scoring.dance/enUS/events/327/results/5622.html,7ffd1fa6bc689118,live,0,2026-09-10T16:02:29.608390+00:00
572e01bbe28be7be,scoringdance,round,scoringdance:327,https://scoring.dance/enUS/events/327/results/5623.html,7ffd1fa6bc689118,live,0,2026-09-10T16:02:29.608390+00:00
e0c07339be7dbfc9,scoringdance,round,scoringdance:327,https://scoring.dance/enUS/events/327/results/5624.html,7ffd1fa6bc689118,live,0,2026-09-10T16:02:29.608390+00:00
bfb4087a34500d1c,scoringdance,round,scoringdance:327,https://scoring.dance/enUS/events/327/results/5625.html,7ffd1fa6bc689118,live,0,2026-09-10T16:02:29.608390+00:00
267fbaa02859a52d,scoringdance,round,scoringdance:327,https://scoring.dance/enUS/events/327/results/5626.html,7ffd1fa6bc689118,live,0,2026-09-10T16:02:29.608390+00:00
a22cdd204e26d503,scoringdance,round,scoringdance:327,https://scoring.dance/enUS/events/327/results/5627.html,7ffd1fa6bc689118,live,0,2026-09-10T16:02:29.608390+00:00
f2b3bc87a220fdb9,scoringdance,round,scoringdance:327,https://scoring.dance/enUS/events/327/results/5628.html,7ffd1fa6bc689118,live,0,2026-09-10T16:02:29.608390+00:00
4ba6bca8b8098ccf,scoringdance,round,scoringdance:327,https://scoring.dance/enUS/events/327/results/5629.html,7ffd1fa6bc689118,live,0,2026-09-10T16:02:29.608390+00:00
8c725cbdcd499062,scoringdance,round,scoringdance:327,https://scoring.dance/enUS/events/327/results/5630.html,7ffd1fa6bc689118,live,0,2026-09-10T16:02:29.608390+00:00
6bf73d4ce501a12f,scoringdance,round,scoringdance:328,https://scoring.dance/enUS/events/328/results/4854.html,c3d82aa37fbdad39,live,0,2026-09-10T16:02:30.177637+00:00
89d3f4eccad71c23,scoringdance,round,scoringdance:328,https://scoring.dance/enUS/events/328/results/4855.html,c3d82aa37fbdad39,live,0,2026-09-10T16:02:30.177637+00:00
1507daf078ab9ec4,scoringdance,round,scoringdance:328,https://scoring.dance/enUS/events/328/results/4856.html,c3d82aa37fbdad39,live,0,2026-09-10T16:02:30.177637+00:00
c164434fbf146f9b,scoringdance,round,scoringdance:328,https://scoring.dance/enUS/events/328/results/4857.html,c3d82aa37fbdad39,live,0,2026-09-10T16:02:30.177637+00:00
be3c3c383f6b8e1f,scoringdance,round,scoringdance:328,https://scoring.dance/enUS/events/328/results/4858.html,c3d82aa37fbdad39,live,0,2026-09-10T16:02:30.177637+00:00
d91ff1d30ccd35ee,scoringdance,round,scoringdance:328,https://scoring.dance/enUS/events/328/results/4859.html,c3d82aa37fbdad39,live,0,2026-09-10T16:02:30.177637+00:00
2ba0482decc0b99a,scoringdance,round,scoringdance:328,https://scoring.dance/enUS/events/328/results/4860.html,c3d82aa37fbdad39,live,0,2026-09-10T16:02:30.177637+00:00
d3bc4e2eee6f5a81,scoringdance,round,scoringdance:328,https://scoring.dance/enUS/events/328/results/4861.html,c3d82aa37fbdad39,live,0,2026-09-10T16:02:30.177637+00:00
e1a565410b69e498,scoringdance,round,scoringdance:328,https://scoring.dance/enUS/events/328/results/4863.html,c3d82aa37fbdad39,live,0,2026-09-10T16:02:30.177637+00:00
91bce8b202cb3276,scoringdance,round,scoringdance:328,https://scoring.dance/enUS/events/328/results/4864.html,c3d82aa37fbdad39,live,0,2026-09-10T16:02:30.177637+00:00
ebb6d76324d7fc17,scoringdance,round,scoringdance:328,https://scoring.dance/enUS/events/328/results/4865.html,c3d82aa37fbdad39,live,0,2026-09-10T16:02:30.177637+00:00
0a7439238660110a,scoringdance,round,scoringdance:328,https://scoring.dance/enUS/events/328/results/4866.html,c3d82aa37fbdad39,live,0,2026-09-10T16:02:30.177637+00:00
6be8f8bf1e61c827,scoringdance,round,scoringdance:330,https://scoring.dance/enUS/events/330/results/4817.html,bd44792fe965dca3,live,0,2026-09-10T16:02:30.105803+00:00
5d2230217f6d8099,scoringdance,round,scoringdance:330,https://scoring.dance/enUS/events/330/results/4818.html,bd44792fe965dca3,live,0,2026-09-10T16:02:30.105803+00:00
86bb43ca24dd22af,scoringdance,round,scoringdance:330,https://scoring.dance/enUS/events/330/results/4819.html,bd44792fe965dca3,live,0,2026-09-10T16:02:30.105803+00:00
2282d3c02ea60cd4,scoringdance,round,scoringdance:330,https://scoring.dance/enUS/events/330/results/4820.html,bd44792fe965dca3,live,0,2026-09-10T16:02:30.105803+00:00
a12a44a9647bdad1,scoringdance,round,scoringdance:330,https://scoring.dance/enUS/events/330/results/4821.html,bd44792fe965dca3,live,0,2026-09-10T16:02:30.105803+00:00
c9c6cbc18e961451,scoringdance,round,scoringdance:330,https://scoring.dance/enUS/events/330/results/4822.html,bd44792fe965dca3,live,0,2026-09-10T16:02:30.105803+00:00
262511f0e4547cdb,scoringdance,round,scoringdance:330,https://scoring.dance/enUS/events/330/results/4823.html,bd44792fe965dca3,live,0,2026-09-10T16:02:30.105803+00:00
dd20457771f0ecf6,scoringdance,round,scoringdance:330,https://scoring.dance/enUS/events/330/results/4824.html,bd44792fe965dca3,live,0,2026-09-10T16:02:30.105803+00:00
d86722fab5d85510,scoringdance,round,scoringdance:330,https://scoring.dance/enUS/events/330/results/4825.html,bd44792fe965dca3,live,0,2026-09-10T16:02:30.105803+00:00
85d91fcebac8b775,scoringdance,round,scoringdance:332,https://scoring.dance/enUS/events/332/results/5844.html,89db2c284a0eeef1,live,0,2026-09-10T16:02:29.662521+00:00
0a4e6600938352f2,scoringdance,round,scoringdance:332,https://scoring.dance/enUS/events/332/results/5845.html,89db2c284a0eeef1,live,0,2026-09-10T16:02:29.662521+00:00
2d5b620ab3827361,scoringdance,round,scoringdance:332,https://scoring.dance/enUS/events/332/results/5846.html,89db2c284a0eeef1,live,0,2026-09-10T16:02:29.662521+00:00
32f65d368a582980,scoringdance,round,scoringdance:332,https://scoring.dance/enUS/events/332/results/5847.html,89db2c284a0eeef1,live,0,2026-09-10T16:02:29.662521+00:00
bf2cefb1f06cd52d,scoringdance,round,scoringdance:332,https://scoring.dance/enUS/events/332/results/5848.html,89db2c284a0eeef1,live,0,2026-09-10T16:02:29.662521+00:00
340fe0f5d2e17c89,scoringdance,round,scoringdance:332,https://scoring.dance/enUS/events/332/results/5849.html,89db2c284a0eeef1,live,0,2026-09-10T16:02:29.662521+00:00
02db3dc36e2d0072,scoringdance,round,scoringdance:332,https://scoring.dance/enUS/events/332/results/5850.html,89db2c284a0eeef1,live,0,2026-09-10T16:02:29.662521+00:00
122dcfbe11c8821e,scoringdance,round,scoringdance:332,https://scoring.dance/enUS/events/332/results/5851.html,89db2c284a0eeef1,live,0,2026-09-10T16:02:29.662521+00:00
9517fea2fd2d4ac9,scoringdance,round,scoringdance:332,https://scoring.dance/enUS/events/332/results/5852.html,89db2c284a0eeef1,live,0,2026-09-10T16:02:29.662521+00:00
15e1d5a3aa2d1589,scoringdance,round,scoringdance:332,https://scoring.dance/enUS/events/332/results/5853.html,89db2c284a0eeef1,live,0,2026-09-10T16:02:29.662521+00:00
37e62b5223293dcd,scoringdance,round,scoringdance:332,https://scoring.dance/enUS/events/332/results/5854.html,89db2c284a0eeef1,live,0,2026-09-10T16:02:29.662521+00:00
ad726d6e5e4e5037,scoringdance,round,scoringdance:332,https://scoring.dance/enUS/events/332/results/5855.html,89db2c284a0eeef1,live,0,2026-09-10T16:02:29.662521+00:00
a94e4ef465e965be,scoringdance,round,scoringdance:332,https://scoring.dance/enUS/events/332/results/5856.html,89db2c284a0eeef1,live,0,2026-09-10T16:02:29.662521+00:00
f2ac0b0f7df82f88,scoringdance,round,scoringdance:332,https://scoring.dance/enUS/events/332/results/5857.html,89db2c284a0eeef1,live,0,2026-09-10T16:02:29.662521+00:00
7ef24de9904019b2,scoringdance,round,scoringdance:332,https://scoring.dance/enUS/events/332/results/5858.html,89db2c284a0eeef1,live,0,2026-09-10T16:02:29.662521+00:00
1c69fd90f1f21321,scoringdance,round,scoringdance:332,https://scoring.dance/enUS/events/332/results/5859.html,89db2c284a0eeef1,live,0,2026-09-10T16:02:29.662521+00:00
1c1b899003374821,scoringdance,round,scoringdance:332,https://scoring.dance/enUS/events/332/results/5860.html,89db2c284a0eeef1,live,0,2026-09-10T16:02:29.662521+00:00
5ba29ff732fe242a,scoringdance,round,scoringdance:332,https://scoring.dance/enUS/events/332/results/5861.html,89db2c284a0eeef1,live,0,2026-09-10T16:02:29.662521+00:00
59cb167502583e69,scoringdance,round,scoringdance:332,https://scoring.dance/enUS/events/332/results/5862.html,89db2c284a0eeef1,live,0,2026-09-10T16:02:29.662521+00:00
50a373ecb15485df,scoringdance,round,scoringdance:332,https://scoring.dance/enUS/events/332/results/5863.html,89db2c284a0eeef1,live,0,2026-09-10T16:02:29.662521+00:00
faf7a32daab43374,scoringdance,round,scoringdance:332,https://scoring.dance/enUS/events/332/results/5864.html,89db2c284a0eeef1,live,0,2026-09-10T16:02:29.662521+00:00
9ae4ee6b1bdef39a,scoringdance,round,scoringdance:332,https://scoring.dance/enUS/events/332/results/5865.html,89db2c284a0eeef1,live,0,2026-09-10T16:02:29.662521+00:00
52bc5605b1c63193,scoringdance,round,scoringdance:332,https://scoring.dance/enUS/events/332/results/5867.html,89db2c284a0eeef1,live,0,2026-09-10T16:02:29.662521+00:00
9ac6bb2a1783ecb2,scoringdance,round,scoringdance:332,https://scoring.dance/enUS/events/332/results/5869.html,89db2c284a0eeef1,live,0,2026-09-10T16:02:29.662521+00:00
6fbbc398d5be4ad1,scoringdance,round,scoringdance:332,https://scoring.dance/enUS/events/332/results/5871.html,89db2c284a0eeef1,live,0,2026-09-10T16:02:29.662521+00:00
8961e7712c7e3c45,scoringdance,round,scoringdance:332,https://scoring.dance/enUS/events/332/results/5985.html,89db2c284a0eeef1,live,0,2026-09-10T16:02:29.662521+00:00
9ca77a344a695162,scoringdance,round,scoringdance:332,https://scoring.dance/enUS/events/332/results/5986.html,89db2c284a0eeef1,live,0,2026-09-10T16:02:29.662521+00:00
29ad77fcba886882,scoringdance,round,scoringdance:333,https://scoring.dance/enUS/events/333/results/5651.html,3ded58aba2e7eaca,live,0,2026-09-10T16:02:28.963028+00:00
ad1a082468999af1,scoringdance,round,scoringdance:333,https://scoring.dance/enUS/events/333/results/5653.html,3ded58aba2e7eaca,live,0,2026-09-10T16:02:28.963028+00:00
fd544a7bbf0d7831,scoringdance,round,scoringdance:333,https://scoring.dance/enUS/events/333/results/5654.html,3ded58aba2e7eaca,live,0,2026-09-10T16:02:28.963028+00:00
684644f9ce066d69,scoringdance,round,scoringdance:333,https://scoring.dance/enUS/events/333/results/5655.html,3ded58aba2e7eaca,live,0,2026-09-10T16:02:28.963028+00:00
2020b1601c36132b,scoringdance,round,scoringdance:333,https://scoring.dance/enUS/events/333/results/5656.html,3ded58aba2e7eaca,live,0,2026-09-10T16:02:28.963028+00:00
666174aad1a89bf7,scoringdance,round,scoringdance:333,https://scoring.dance/enUS/events/333/results/5657.html,3ded58aba2e7eaca,live,0,2026-09-10T16:02:28.963028+00:00
134afac67dab32b5,scoringdance,round,scoringdance:333,https://scoring.dance/enUS/events/333/results/5658.html,3ded58aba2e7eaca,live,0,2026-09-10T16:02:28.963028+00:00
0f3e034a7db16785,scoringdance,round,scoringdance:333,https://scoring.dance/enUS/events/333/results/5659.html,3ded58aba2e7eaca,live,0,2026-09-10T16:02:28.963028+00:00
d3d4f1e9a503056c,scoringdance,round,scoringdance:333,https://scoring.dance/enUS/events/333/results/5660.html,3ded58aba2e7eaca,live,0,2026-09-10T16:02:28.963028+00:00
e8e7fbe41b1dc179,scoringdance,round,scoringdance:333,https://scoring.dance/enUS/events/333/results/5661.html,3ded58aba2e7eaca,live,0,2026-09-10T16:02:28.963028+00:00
4490d52a53170547,scoringdance,round,scoringdance:333,https://scoring.dance/enUS/events/333/results/5662.html,3ded58aba2e7eaca,live,0,2026-09-10T16:02:28.963028+00:00
40f92ae6c00a202a,scoringdance,round,scoringdance:333,https://scoring.dance/enUS/events/333/results/5663.html,3ded58aba2e7eaca,live,0,2026-09-10T16:02:28.963028+00:00
b6b66f371eb982db,scoringdance,round,scoringdance:333,https://scoring.dance/enUS/events/333/results/5664.html,3ded58aba2e7eaca,live,0,2026-09-10T16:02:28.963028+00:00
20cc3f61e95c3b14,scoringdance,round,scoringdance:333,https://scoring.dance/enUS/events/333/results/5665.html,3ded58aba2e7eaca,live,0,2026-09-10T16:02:28.963028+00:00
edc6edc8f7ce0aab,scoringdance,round,scoringdance:333,https://scoring.dance/enUS/events/333/results/5666.html,3ded58aba2e7eaca,live,0,2026-09-10T16:02:28.963028+00:00
49790736e0e2e9c3,scoringdance,round,scoringdance:333,https://scoring.dance/enUS/events/333/results/5667.html,3ded58aba2e7eaca,live,0,2026-09-10T16:02:28.963028+00:00
4d3e09387359e5bc,scoringdance,round,scoringdance:333,https://scoring.dance/enUS/events/333/results/5668.html,3ded58aba2e7eaca,live,0,2026-09-10T16:02:28.963028+00:00
73bb594df20768e1,scoringdance,round,scoringdance:333,https://scoring.dance/enUS/events/333/results/5669.html,3ded58aba2e7eaca,live,0,2026-09-10T16:02:28.963028+00:00
dda2392ca98e88d2,scoringdance,round,scoringdance:333,https://scoring.dance/enUS/events/333/results/5670.html,3ded58aba2e7eaca,live,0,2026-09-10T16:02:28.963028+00:00
d6025d8e013ae3f6,scoringdance,round,scoringdance:333,https://scoring.dance/enUS/events/333/results/5759.html,3ded58aba2e7eaca,live,0,2026-09-10T16:02:28.963028+00:00
a8352a0cd55e60db,scoringdance,round,scoringdance:333,https://scoring.dance/enUS/events/333/results/5760.html,3ded58aba2e7eaca,live,0,2026-09-10T16:02:28.963028+00:00
adb444661ddd0935,scoringdance,round,scoringdance:334,https://scoring.dance/enUS/events/334/results/5050.html,3269619f7c54a881,live,0,2026-09-10T16:02:28.838712+00:00
6a63520e80d57d3c,scoringdance,round,scoringdance:334,https://scoring.dance/enUS/events/334/results/5051.html,3269619f7c54a881,live,0,2026-09-10T16:02:28.838712+00:00
9a3a7d0f0c8ea825,scoringdance,round,scoringdance:334,https://scoring.dance/enUS/events/334/results/5052.html,3269619f7c54a881,live,0,2026-09-10T16:02:28.838712+00:00
8859b58c325ce33a,scoringdance,round,scoringdance:334,https://scoring.dance/enUS/events/334/results/5053.html,3269619f7c54a881,live,0,2026-09-10T16:02:28.838712+00:00
e72b00363b9e1186,scoringdance,round,scoringdance:334,https://scoring.dance/enUS/events/334/results/5054.html,3269619f7c54a881,live,0,2026-09-10T16:02:28.838712+00:00
bb5991f1a8b3719d,scoringdance,round,scoringdance:334,https://scoring.dance/enUS/events/334/results/5055.html,3269619f7c54a881,live,0,2026-09-10T16:02:28.838712+00:00
fcd66fdba91c7f81,scoringdance,round,scoringdance:334,https://scoring.dance/enUS/events/334/results/5057.html,3269619f7c54a881,live,0,2026-09-10T16:02:28.838712+00:00
ebd62720892f1ab2,scoringdance,round,scoringdance:334,https://scoring.dance/enUS/events/334/results/5058.html,3269619f7c54a881,live,0,2026-09-10T16:02:28.838712+00:00
d6ba122fe4667e21,scoringdance,round,scoringdance:334,https://scoring.dance/enUS/events/334/results/5059.html,3269619f7c54a881,live,0,2026-09-10T16:02:28.838712+00:00
c84f1125fc86d70a,scoringdance,round,scoringdance:334,https://scoring.dance/enUS/events/334/results/5060.html,3269619f7c54a881,live,0,2026-09-10T16:02:28.838712+00:00
bac1d76fe6fbf5dc,scoringdance,round,scoringdance:334,https://scoring.dance/enUS/events/334/results/5061.html,3269619f7c54a881,live,0,2026-09-10T16:02:28.838712+00:00
71c6130f577b6a56,scoringdance,round,scoringdance:334,https://scoring.dance/enUS/events/334/results/5063.html,3269619f7c54a881,live,0,2026-09-10T16:02:28.838712+00:00
b3a99c74401b7fa1,scoringdance,round,scoringdance:334,https://scoring.dance/enUS/events/334/results/5064.html,3269619f7c54a881,live,0,2026-09-10T16:02:28.838712+00:00
065f9d3f65106c67,scoringdance,round,scoringdance:334,https://scoring.dance/enUS/events/334/results/5065.html,3269619f7c54a881,live,0,2026-09-10T16:02:28.838712+00:00
5bf13d20ee8cd6dd,scoringdance,round,scoringdance:334,https://scoring.dance/enUS/events/334/results/5066.html,3269619f7c54a881,live,0,2026-09-10T16:02:28.838712+00:00
894b79d9c649243e,scoringdance,round,scoringdance:334,https://scoring.dance/enUS/events/334/results/5067.html,3269619f7c54a881,live,0,2026-09-10T16:02:28.838712+00:00
9e9861d9b40f4788,scoringdance,round,scoringdance:334,https://scoring.dance/enUS/events/334/results/5068.html,3269619f7c54a881,live,0,2026-09-10T16:02:28.838712+00:00
cc5b66aa6c2748f4,scoringdance,round,scoringdance:334,https://scoring.dance/enUS/events/334/results/5069.html,3269619f7c54a881,live,0,2026-09-10T16:02:28.838712+00:00
b54d9c6ed2ce75af,scoringdance,round,scoringdance:334,https://scoring.dance/enUS/events/334/results/5070.html,3269619f7c54a881,live,0,2026-09-10T16:02:28.838712+00:00
1cd6f406d1bd8108,scoringdance,round,scoringdance:335,https://scoring.dance/enUS/events/335/results/5205.html,51145c9ee0ccadb3,live,0,2026-09-10T16:02:29.153428+00:00
b9751d62d8e69aad,scoringdance,round,scoringdance:335,https://scoring.dance/enUS/events/335/results/5206.html,51145c9ee0ccadb3,live,0,2026-09-10T16:02:29.153428+00:00
73fc257999dcf97b,scoringdance,round,scoringdance:335,https://scoring.dance/enUS/events/335/results/5207.html,51145c9ee0ccadb3,live,0,2026-09-10T16:02:29.153428+00:00
bf673034e1b987e4,scoringdance,round,scoringdance:335,https://scoring.dance/enUS/events/335/results/5208.html,51145c9ee0ccadb3,live,0,2026-09-10T16:02:29.153428+00:00
2b5d358458946f5f,scoringdance,round,scoringdance:335,https://scoring.dance/enUS/events/335/results/5209.html,51145c9ee0ccadb3,live,0,2026-09-10T16:02:29.153428+00:00
c5b023e57aa8dfa8,scoringdance,round,scoringdance:335,https://scoring.dance/enUS/events/335/results/5210.html,51145c9ee0ccadb3,live,0,2026-09-10T16:02:29.153428+00:00
db6d095a9e0ae15b,scoringdance,round,scoringdance:335,https://scoring.dance/enUS/events/335/results/5211.html,51145c9ee0ccadb3,live,0,2026-09-10T16:02:29.153428+00:00
d6c940444d778f18,scoringdance,round,scoringdance:335,https://scoring.dance/enUS/events/335/results/5212.html,51145c9ee0ccadb3,live,0,2026-09-10T16:02:29.153428+00:00
49d88b804f6a0675,scoringdance,round,scoringdance:335,https://scoring.dance/enUS/events/335/results/5213.html,51145c9ee0ccadb3,live,0,2026-09-10T16:02:29.153428+00:00
2899bbfbf7db71a1,scoringdance,round,scoringdance:335,https://scoring.dance/enUS/events/335/results/5214.html,51145c9ee0ccadb3,live,0,2026-09-10T16:02:29.153428+00:00
b67bf95d2bfe6bf5,scoringdance,round,scoringdance:335,https://scoring.dance/enUS/events/335/results/5215.html,51145c9ee0ccadb3,live,0,2026-09-10T16:02:29.153428+00:00
ba5d67b48ffde80a,scoringdance,round,scoringdance:335,https://scoring.dance/enUS/events/335/results/5216.html,51145c9ee0ccadb3,live,0,2026-09-10T16:02:29.153428+00:00
ac1003de7d3d8377,scoringdance,round,scoringdance:335,https://scoring.dance/enUS/events/335/results/5217.html,51145c9ee0ccadb3,live,0,2026-09-10T16:02:29.153428+00:00
c7abdafdf14deae8,scoringdance,round,scoringdance:335,https://scoring.dance/enUS/events/335/results/5218.html,51145c9ee0ccadb3,live,0,2026-09-10T16:02:29.153428+00:00
d4c88d784b5315a5,scoringdance,round,scoringdance:335,https://scoring.dance/enUS/events/335/results/5219.html,51145c9ee0ccadb3,live,0,2026-09-10T16:02:29.153428+00:00
e8025e8cd528eb55,scoringdance,round,scoringdance:335,https://scoring.dance/enUS/events/335/results/5220.html,51145c9ee0ccadb3,live,0,2026-09-10T16:02:29.153428+00:00
c207f773de7f5bbf,scoringdance,round,scoringdance:336,https://scoring.dance/enUS/events/336/results/5085.html,b9040839f14cfb8b,live,0,2026-09-10T16:02:30.055948+00:00
4dda3dd247b0a705,scoringdance,round,scoringdance:336,https://scoring.dance/enUS/events/336/results/5087.html,b9040839f14cfb8b,live,0,2026-09-10T16:02:30.055948+00:00
0a8faab3e215da45,scoringdance,round,scoringdance:336,https://scoring.dance/enUS/events/336/results/5088.html,b9040839f14cfb8b,live,0,2026-09-10T16:02:30.055948+00:00
e41c43dc7b3379e7,scoringdance,round,scoringdance:336,https://scoring.dance/enUS/events/336/results/5089.html,b9040839f14cfb8b,live,0,2026-09-10T16:02:30.055948+00:00
30cb6a58b4c675dd,scoringdance,round,scoringdance:336,https://scoring.dance/enUS/events/336/results/5090.html,b9040839f14cfb8b,live,0,2026-09-10T16:02:30.055948+00:00
80ee5ec3804221f0,scoringdance,round,scoringdance:336,https://scoring.dance/enUS/events/336/results/5091.html,b9040839f14cfb8b,live,0,2026-09-10T16:02:30.055948+00:00
20d77304c5a97ade,scoringdance,round,scoringdance:336,https://scoring.dance/enUS/events/336/results/5092.html,b9040839f14cfb8b,live,0,2026-09-10T16:02:30.055948+00:00
2542fb7e6dae1279,scoringdance,round,scoringdance:336,https://scoring.dance/enUS/events/336/results/5093.html,b9040839f14cfb8b,live,0,2026-09-10T16:02:30.055948+00:00
3b5e52566fbf3a73,scoringdance,round,scoringdance:336,https://scoring.dance/enUS/events/336/results/5094.html,b9040839f14cfb8b,live,0,2026-09-10T16:02:30.055948+00:00
c51dfd97c8f24f04,scoringdance,round,scoringdance:336,https://scoring.dance/enUS/events/336/results/5096.html,b9040839f14cfb8b,live,0,2026-09-10T16:02:30.055948+00:00
d6dcca2d04989647,scoringdance,round,scoringdance:336,https://scoring.dance/enUS/events/336/results/5097.html,b9040839f14cfb8b,live,0,2026-09-10T16:02:30.055948+00:00
a9b83e152cc97723,scoringdance,round,scoringdance:336,https://scoring.dance/enUS/events/336/results/5098.html,b9040839f14cfb8b,live,0,2026-09-10T16:02:30.055948+00:00
ede9712ba9517d80,scoringdance,round,scoringdance:336,https://scoring.dance/enUS/events/336/results/5099.html,b9040839f14cfb8b,live,0,2026-09-10T16:02:30.055948+00:00
01b684c1488a0577,scoringdance,round,scoringdance:336,https://scoring.dance/enUS/events/336/results/5100.html,b9040839f14cfb8b,live,0,2026-09-10T16:02:30.055948+00:00
1928448be3bec010,scoringdance,round,scoringdance:336,https://scoring.dance/enUS/events/336/results/5101.html,b9040839f14cfb8b,live,0,2026-09-10T16:02:30.055948+00:00
329aa9ae0d323066,scoringdance,round,scoringdance:336,https://scoring.dance/enUS/events/336/results/5102.html,b9040839f14cfb8b,live,0,2026-09-10T16:02:30.055948+00:00
f67c978115b398e7,scoringdance,round,scoringdance:336,https://scoring.dance/enUS/events/336/results/5104.html,b9040839f14cfb8b,live,0,2026-09-10T16:02:30.055948+00:00
78a1dacc0300eaef,scoringdance,round,scoringdance:336,https://scoring.dance/enUS/events/336/results/5105.html,b9040839f14cfb8b,live,0,2026-09-10T16:02:30.055948+00:00
1eecd474ac35bab0,scoringdance,round,scoringdance:336,https://scoring.dance/enUS/events/336/results/5107.html,b9040839f14cfb8b,live,0,2026-09-10T16:02:30.055948+00:00
1bf52c9f4e75a172,scoringdance,round,scoringdance:336,https://scoring.dance/enUS/events/336/results/5108.html,b9040839f14cfb8b,live,0,2026-09-10T16:02:30.055948+00:00
aa098cec30593629,scoringdance,round,scoringdance:336,https://scoring.dance/enUS/events/336/results/5110.html,b9040839f14cfb8b,live,0,2026-09-10T16:02:30.055948+00:00
a0d11169681cb4c9,scoringdance,round,scoringdance:336,https://scoring.dance/enUS/events/336/results/5111.html,b9040839f14cfb8b,live,0,2026-09-10T16:02:30.055948+00:00
a8113483a5142eb1,scoringdance,round,scoringdance:338,https://scoring.dance/enUS/events/338/results/5411.html,c43a0b2e3d1650e1,live,0,2026-09-10T16:02:30.187646+00:00
f6f957368ec6703e,scoringdance,round,scoringdance:338,https://scoring.dance/enUS/events/338/results/5412.html,c43a0b2e3d1650e1,live,0,2026-09-10T16:02:30.187646+00:00
773b117c024b9508,scoringdance,round,scoringdance:338,https://scoring.dance/enUS/events/338/results/5413.html,c43a0b2e3d1650e1,live,0,2026-09-10T16:02:30.187646+00:00
fbb0675701607ca5,scoringdance,round,scoringdance:338,https://scoring.dance/enUS/events/338/results/5414.html,c43a0b2e3d1650e1,live,0,2026-09-10T16:02:30.187646+00:00
3502232474e8e31f,scoringdance,round,scoringdance:338,https://scoring.dance/enUS/events/338/results/5415.html,c43a0b2e3d1650e1,live,0,2026-09-10T16:02:30.187646+00:00
c1772f3f4f5b036a,scoringdance,round,scoringdance:338,https://scoring.dance/enUS/events/338/results/5416.html,c43a0b2e3d1650e1,live,0,2026-09-10T16:02:30.187646+00:00
45df28e43503b3ea,scoringdance,round,scoringdance:338,https://scoring.dance/enUS/events/338/results/5417.html,c43a0b2e3d1650e1,live,0,2026-09-10T16:02:30.187646+00:00
562170431c37d7f1,scoringdance,round,scoringdance:338,https://scoring.dance/enUS/events/338/results/5418.html,c43a0b2e3d1650e1,live,0,2026-09-10T16:02:30.187646+00:00
cfa2d29a69d59253,scoringdance,round,scoringdance:338,https://scoring.dance/enUS/events/338/results/5419.html,c43a0b2e3d1650e1,live,0,2026-09-10T16:02:30.187646+00:00
9240dd376fa55566,scoringdance,round,scoringdance:338,https://scoring.dance/enUS/events/338/results/5420.html,c43a0b2e3d1650e1,live,0,2026-09-10T16:02:30.187646+00:00
276d9f79e53dc58e,scoringdance,round,scoringdance:338,https://scoring.dance/enUS/events/338/results/5421.html,c43a0b2e3d1650e1,live,0,2026-09-10T16:02:30.187646+00:00
aad4570161ddf8ea,scoringdance,round,scoringdance:338,https://scoring.dance/enUS/events/338/results/5423.html,c43a0b2e3d1650e1,live,0,2026-09-10T16:02:30.187646+00:00
c2ca4b6ab9b4d8a9,scoringdance,round,scoringdance:338,https://scoring.dance/enUS/events/338/results/5424.html,c43a0b2e3d1650e1,live,0,2026-09-10T16:02:30.187646+00:00
42d36b28011e79c4,scoringdance,round,scoringdance:338,https://scoring.dance/enUS/events/338/results/5425.html,c43a0b2e3d1650e1,live,0,2026-09-10T16:02:30.187646+00:00
d1635b4d80b89cd3,scoringdance,round,scoringdance:338,https://scoring.dance/enUS/events/338/results/5426.html,c43a0b2e3d1650e1,live,0,2026-09-10T16:02:30.187646+00:00
260de4847f603797,scoringdance,round,scoringdance:338,https://scoring.dance/enUS/events/338/results/5427.html,c43a0b2e3d1650e1,live,0,2026-09-10T16:02:30.187646+00:00
271a928803312791,scoringdance,round,scoringdance:338,https://scoring.dance/enUS/events/338/results/5428.html,c43a0b2e3d1650e1,live,0,2026-09-10T16:02:30.187646+00:00
a290e9335751f585,scoringdance,round,scoringdance:338,https://scoring.dance/enUS/events/338/results/5429.html,c43a0b2e3d1650e1,live,0,2026-09-10T16:02:30.187646+00:00
cf10dc08908d20c8,scoringdance,round,scoringdance:338,https://scoring.dance/enUS/events/338/results/5430.html,c43a0b2e3d1650e1,live,0,2026-09-10T16:02:30.187646+00:00
00a780b942b8346e,scoringdance,round,scoringdance:338,https://scoring.dance/enUS/events/338/results/5431.html,c43a0b2e3d1650e1,live,0,2026-09-10T16:02:30.187646+00:00
ed22f54bba947dbd,scoringdance,round,scoringdance:338,https://scoring.dance/enUS/events/338/results/5432.html,c43a0b2e3d1650e1,live,0,2026-09-10T16:02:30.187646+00:00
a3377df7ccf608c4,scoringdance,round,scoringdance:339,https://scoring.dance/enUS/events/339/results/5019.html,43624a4bb22120c3,live,0,2026-09-10T16:02:29.020483+00:00
ee937a138376df02,scoringdance,round,scoringdance:339,https://scoring.dance/enUS/events/339/results/5022.html,43624a4bb22120c3,live,0,2026-09-10T16:02:29.020483+00:00
688c93d6b2dd2a44,scoringdance,round,scoringdance:339,https://scoring.dance/enUS/events/339/results/5023.html,43624a4bb22120c3,live,0,2026-09-10T16:02:29.020483+00:00
4fb8ad24e843329c,scoringdance,round,scoringdance:339,https://scoring.dance/enUS/events/339/results/5024.html,43624a4bb22120c3,live,0,2026-09-10T16:02:29.020483+00:00
ba12fb4b0340f14a,scoringdance,round,scoringdance:339,https://scoring.dance/enUS/events/339/results/5025.html,43624a4bb22120c3,live,0,2026-09-10T16:02:29.020483+00:00
38e2fd883cc80b38,scoringdance,round,scoringdance:339,https://scoring.dance/enUS/events/339/results/5026.html,43624a4bb22120c3,live,0,2026-09-10T16:02:29.020483+00:00
c27f5e1ea46053c5,scoringdance,round,scoringdance:339,https://scoring.dance/enUS/events/339/results/5027.html,43624a4bb22120c3,live,0,2026-09-10T16:02:29.020483+00:00
4fbe7f1ea1f3e370,scoringdance,round,scoringdance:339,https://scoring.dance/enUS/events/339/results/5028.html,43624a4bb22120c3,live,0,2026-09-10T16:02:29.020483+00:00
b2477ca4f48476f3,scoringdance,round,scoringdance:339,https://scoring.dance/enUS/events/339/results/5030.html,43624a4bb22120c3,live,0,2026-09-10T16:02:29.020483+00:00
2f2d6ecced8bfa1b,scoringdance,round,scoringdance:339,https://scoring.dance/enUS/events/339/results/5031.html,43624a4bb22120c3,live,0,2026-09-10T16:02:29.020483+00:00
d13f70efe5cec762,scoringdance,round,scoringdance:339,https://scoring.dance/enUS/events/339/results/5032.html,43624a4bb22120c3,live,0,2026-09-10T16:02:29.020483+00:00
68e8b70d77052676,scoringdance,round,scoringdance:339,https://scoring.dance/enUS/events/339/results/5033.html,43624a4bb22120c3,live,0,2026-09-10T16:02:29.020483+00:00
dfc4728e507c41c8,scoringdance,round,scoringdance:339,https://scoring.dance/enUS/events/339/results/5034.html,43624a4bb22120c3,live,0,2026-09-10T16:02:29.020483+00:00
fd92627eb527f870,scoringdance,round,scoringdance:339,https://scoring.dance/enUS/events/339/results/5035.html,43624a4bb22120c3,live,0,2026-09-10T16:02:29.020483+00:00
f6096646643ffaf2,scoringdance,round,scoringdance:339,https://scoring.dance/enUS/events/339/results/5036.html,43624a4bb22120c3,live,0,2026-09-10T16:02:29.020483+00:00
d8eb3aab30b376de,scoringdance,round,scoringdance:340,https://scoring.dance/enUS/events/340/results/5471.html,2d7e9cf334555ad9,live,0,2026-09-10T16:02:28.802391+00:00
3ca898f99b85f4c6,scoringdance,round,scoringdance:340,https://scoring.dance/enUS/events/340/results/5472.html,2d7e9cf334555ad9,live,0,2026-09-10T16:02:28.802391+00:00
dfca85f7914a700b,scoringdance,round,scoringdance:340,https://scoring.dance/enUS/events/340/results/5473.html,2d7e9cf334555ad9,live,0,2026-09-10T16:02:28.802391+00:00
e915bcf9f96f79c9,scoringdance,round,scoringdance:340,https://scoring.dance/enUS/events/340/results/5474.html,2d7e9cf334555ad9,live,0,2026-09-10T16:02:28.802391+00:00
c9d4404bdbc3e99e,scoringdance,round,scoringdance:340,https://scoring.dance/enUS/events/340/results/5475.html,2d7e9cf334555ad9,live,0,2026-09-10T16:02:28.802391+00:00
d6845d371a5900c4,scoringdance,round,scoringdance:340,https://scoring.dance/enUS/events/340/results/5476.html,2d7e9cf334555ad9,live,0,2026-09-10T16:02:28.802391+00:00
c13166201aaec897,scoringdance,round,scoringdance:340,https://scoring.dance/enUS/events/340/results/5477.html,2d7e9cf334555ad9,live,0,2026-09-10T16:02:28.802391+00:00
9261831436495393,scoringdance,round,scoringdance:340,https://scoring.dance/enUS/events/340/results/5478.html,2d7e9cf334555ad9,live,0,2026-09-10T16:02:28.802391+00:00
adff3e3d6887abbc,scoringdance,round,scoringdance:340,https://scoring.dance/enUS/events/340/results/5479.html,2d7e9cf334555ad9,live,0,2026-09-10T16:02:28.802391+00:00
007f2adda47ee282,scoringdance,round,scoringdance:340,https://scoring.dance/enUS/events/340/results/5480.html,2d7e9cf334555ad9,live,0,2026-09-10T16:02:28.802391+00:00
fd519fa9fc259888,scoringdance,round,scoringdance:340,https://scoring.dance/enUS/events/340/results/5481.html,2d7e9cf334555ad9,live,0,2026-09-10T16:02:28.802391+00:00
4faa9ef662c04fae,scoringdance,round,scoringdance:340,https://scoring.dance/enUS/events/340/results/5482.html,2d7e9cf334555ad9,live,0,2026-09-10T16:02:28.802391+00:00
88a848fdde1314dd,scoringdance,round,scoringdance:340,https://scoring.dance/enUS/events/340/results/5483.html,2d7e9cf334555ad9,live,0,2026-09-10T16:02:28.802391+00:00
c619d676bc309979,scoringdance,round,scoringdance:340,https://scoring.dance/enUS/events/340/results/5484.html,2d7e9cf334555ad9,live,0,2026-09-10T16:02:28.802391+00:00
bafccbb8c1cfa239,scoringdance,round,scoringdance:340,https://scoring.dance/enUS/events/340/results/5485.html,2d7e9cf334555ad9,live,0,2026-09-10T16:02:28.802391+00:00
1d5bb5dac12055c6,scoringdance,round,scoringdance:340,https://scoring.dance/enUS/events/340/results/5486.html,2d7e9cf334555ad9,live,0,2026-09-10T16:02:28.802391+00:00
c7a86581d9714151,scoringdance,round,scoringdance:340,https://scoring.dance/enUS/events/340/results/5487.html,2d7e9cf334555ad9,live,0,2026-09-10T16:02:28.802391+00:00
f7d912ac2fe02c3b,scoringdance,round,scoringdance:340,https://scoring.dance/enUS/events/340/results/5488.html,2d7e9cf334555ad9,live,0,2026-09-10T16:02:28.802391+00:00
af0c959a168cadb9,scoringdance,round,scoringdance:340,https://scoring.dance/enUS/events/340/results/5489.html,2d7e9cf334555ad9,live,0,2026-09-10T16:02:28.802391+00:00
61ad3417e44bf316,scoringdance,round,scoringdance:340,https://scoring.dance/enUS/events/340/results/5490.html,2d7e9cf334555ad9,live,0,2026-09-10T16:02:28.802391+00:00
86716743409f9293,scoringdance,round,scoringdance:340,https://scoring.dance/enUS/events/340/results/5491.html,2d7e9cf334555ad9,live,0,2026-09-10T16:02:28.802391+00:00
77a47e0551f1ad50,scoringdance,round,scoringdance:340,https://scoring.dance/enUS/events/340/results/5492.html,2d7e9cf334555ad9,live,0,2026-09-10T16:02:28.802391+00:00
2de8153a28b6413d,scoringdance,round,scoringdance:340,https://scoring.dance/enUS/events/340/results/5493.html,2d7e9cf334555ad9,live,0,2026-09-10T16:02:28.802391+00:00
c74a1bd509c945da,scoringdance,round,scoringdance:340,https://scoring.dance/enUS/events/340/results/5494.html,2d7e9cf334555ad9,live,0,2026-09-10T16:02:28.802391+00:00
a5f7b5efd1e9a618,scoringdance,round,scoringdance:340,https://scoring.dance/enUS/events/340/results/5495.html,2d7e9cf334555ad9,live,0,2026-09-10T16:02:28.802391+00:00
d7da3c9b39e5e26a,scoringdance,round,scoringdance:340,https://scoring.dance/enUS/events/340/results/5496.html,2d7e9cf334555ad9,live,0,2026-09-10T16:02:28.802391+00:00
0839c849885de3de,scoringdance,round,scoringdance:340,https://scoring.dance/enUS/events/340/results/5497.html,2d7e9cf334555ad9,live,0,2026-09-10T16:02:28.802391+00:00
62198f3c58d48b0e,scoringdance,round,scoringdance:340,https://scoring.dance/enUS/events/340/results/5498.html,2d7e9cf334555ad9,live,0,2026-09-10T16:02:28.802391+00:00
4ac867f75df75153,scoringdance,round,scoringdance:340,https://scoring.dance/enUS/events/340/results/5499.html,2d7e9cf334555ad9,live,0,2026-09-10T16:02:28.802391+00:00
f8e036a9d61a8746,scoringdance,round,scoringdance:342,https://scoring.dance/enUS/events/342/results/4833.html,359c9db906500a9f,live,0,2026-09-10T16:02:28.869764+00:00
3e3f2ae0fbd30cd4,scoringdance,round,scoringdance:342,https://scoring.dance/enUS/events/342/results/4834.html,359c9db906500a9f,live,0,2026-09-10T16:02:28.869764+00:00
5666e1a06d81f1dc,scoringdance,round,scoringdance:342,https://scoring.dance/enUS/events/342/results/4835.html,359c9db906500a9f,live,0,2026-09-10T16:02:28.869764+00:00
fe68df7968947b96,scoringdance,round,scoringdance:342,https://scoring.dance/enUS/events/342/results/4836.html,359c9db906500a9f,live,0,2026-09-10T16:02:28.869764+00:00
c95eb85a4a7f9282,scoringdance,round,scoringdance:342,https://scoring.dance/enUS/events/342/results/4837.html,359c9db906500a9f,live,0,2026-09-10T16:02:28.869764+00:00
5a0a71faecae2215,scoringdance,round,scoringdance:342,https://scoring.dance/enUS/events/342/results/4838.html,359c9db906500a9f,live,0,2026-09-10T16:02:28.869764+00:00
2105d6df6ee681bd,scoringdance,round,scoringdance:342,https://scoring.dance/enUS/events/342/results/4839.html,359c9db906500a9f,live,0,2026-09-10T16:02:28.869764+00:00
6a7e03244d58a5d2,scoringdance,round,scoringdance:342,https://scoring.dance/enUS/events/342/results/4841.html,359c9db906500a9f,live,0,2026-09-10T16:02:28.869764+00:00
ce24274fa6cc0c38,scoringdance,round,scoringdance:342,https://scoring.dance/enUS/events/342/results/4842.html,359c9db906500a9f,live,0,2026-09-10T16:02:28.869764+00:00
536e2e0a689e5314,scoringdance,round,scoringdance:342,https://scoring.dance/enUS/events/342/results/4843.html,359c9db906500a9f,live,0,2026-09-10T16:02:28.869764+00:00
8d8a27d172327de2,scoringdance,round,scoringdance:342,https://scoring.dance/enUS/events/342/results/4844.html,359c9db906500a9f,live,0,2026-09-10T16:02:28.869764+00:00
5274d84fd1841f8b,scoringdance,round,scoringdance:342,https://scoring.dance/enUS/events/342/results/4845.html,359c9db906500a9f,live,0,2026-09-10T16:02:28.869764+00:00
909dc5214cacd7f3,scoringdance,round,scoringdance:342,https://scoring.dance/enUS/events/342/results/4846.html,359c9db906500a9f,live,0,2026-09-10T16:02:28.869764+00:00
4026a5a0f2b8bc10,scoringdance,round,scoringdance:342,https://scoring.dance/enUS/events/342/results/4847.html,359c9db906500a9f,live,0,2026-09-10T16:02:28.869764+00:00
d4b6ee3ac65acbd8,scoringdance,round,scoringdance:342,https://scoring.dance/enUS/events/342/results/4848.html,359c9db906500a9f,live,0,2026-09-10T16:02:28.869764+00:00
f7538c20fba0cfd4,scoringdance,round,scoringdance:342,https://scoring.dance/enUS/events/342/results/4849.html,359c9db906500a9f,live,0,2026-09-10T16:02:28.869764+00:00
1bd2b2356cd52ee2,scoringdance,round,scoringdance:342,https://scoring.dance/enUS/events/342/results/4850.html,359c9db906500a9f,live,0,2026-09-10T16:02:28.869764+00:00
1740b57d250e7781,scoringdance,round,scoringdance:342,https://scoring.dance/enUS/events/342/results/4851.html,359c9db906500a9f,live,0,2026-09-10T16:02:28.869764+00:00
6e118bfb2fa5e1b2,scoringdance,round,scoringdance:342,https://scoring.dance/enUS/events/342/results/4852.html,359c9db906500a9f,live,0,2026-09-10T16:02:28.869764+00:00
673f977861bc3781,scoringdance,round,scoringdance:342,https://scoring.dance/enUS/events/342/results/4853.html,359c9db906500a9f,live,0,2026-09-10T16:02:28.869764+00:00
464fa47e0ce0154c,scoringdance,round,scoringdance:345,https://scoring.dance/enUS/events/345/results/5318.html,73aeadf17927d3f6,live,0,2026-09-10T16:02:29.452801+00:00
e40a7b2f36cf074c,scoringdance,round,scoringdance:345,https://scoring.dance/enUS/events/345/results/5319.html,73aeadf17927d3f6,live,0,2026-09-10T16:02:29.452801+00:00
aa94120fe61f2805,scoringdance,round,scoringdance:345,https://scoring.dance/enUS/events/345/results/5320.html,73aeadf17927d3f6,live,0,2026-09-10T16:02:29.452801+00:00
13831677c147ec87,scoringdance,round,scoringdance:345,https://scoring.dance/enUS/events/345/results/5321.html,73aeadf17927d3f6,live,0,2026-09-10T16:02:29.452801+00:00
afc39c34921bfad2,scoringdance,round,scoringdance:346,https://scoring.dance/enUS/events/346/results/5147.html,2f24e9aebed688e7,live,0,2026-09-10T16:02:28.820905+00:00
25a98f7f5208b4fa,scoringdance,round,scoringdance:346,https://scoring.dance/enUS/events/346/results/5148.html,2f24e9aebed688e7,live,0,2026-09-10T16:02:28.820905+00:00
1526b4dbce83802b,scoringdance,round,scoringdance:346,https://scoring.dance/enUS/events/346/results/5149.html,2f24e9aebed688e7,live,0,2026-09-10T16:02:28.820905+00:00
71a1c72b4261b249,scoringdance,round,scoringdance:346,https://scoring.dance/enUS/events/346/results/5150.html,2f24e9aebed688e7,live,0,2026-09-10T16:02:28.820905+00:00
1f2e9089921da48a,scoringdance,round,scoringdance:346,https://scoring.dance/enUS/events/346/results/5151.html,2f24e9aebed688e7,live,0,2026-09-10T16:02:28.820905+00:00
ca59990fa216d829,scoringdance,round,scoringdance:347,https://scoring.dance/enUS/events/347/results/4873.html,69d47e0202482569,live,0,2026-09-10T16:02:29.375500+00:00
803ef217895376dd,scoringdance,round,scoringdance:347,https://scoring.dance/enUS/events/347/results/4875.html,69d47e0202482569,live,0,2026-09-10T16:02:29.375500+00:00
f04f0615a44186ba,scoringdance,round,scoringdance:347,https://scoring.dance/enUS/events/347/results/4876.html,69d47e0202482569,live,0,2026-09-10T16:02:29.375500+00:00
d624fb98adddc5c7,scoringdance,round,scoringdance:347,https://scoring.dance/enUS/events/347/results/4877.html,69d47e0202482569,live,0,2026-09-10T16:02:29.375500+00:00
03db30746baef848,scoringdance,round,scoringdance:347,https://scoring.dance/enUS/events/347/results/4879.html,69d47e0202482569,live,0,2026-09-10T16:02:29.375500+00:00
3903178e6dbf2634,scoringdance,round,scoringdance:347,https://scoring.dance/enUS/events/347/results/4880.html,69d47e0202482569,live,0,2026-09-10T16:02:29.375500+00:00
5434657fdb7821f4,scoringdance,round,scoringdance:347,https://scoring.dance/enUS/events/347/results/4882.html,69d47e0202482569,live,0,2026-09-10T16:02:29.375500+00:00
4412f7d83e6e8ac4,scoringdance,round,scoringdance:347,https://scoring.dance/enUS/events/347/results/4883.html,69d47e0202482569,live,0,2026-09-10T16:02:29.375500+00:00
ff96eeb0e1212d40,scoringdance,round,scoringdance:347,https://scoring.dance/enUS/events/347/results/4884.html,69d47e0202482569,live,0,2026-09-10T16:02:29.375500+00:00
0c65990824fe411d,scoringdance,round,scoringdance:347,https://scoring.dance/enUS/events/347/results/4885.html,69d47e0202482569,live,0,2026-09-10T16:02:29.375500+00:00
3140ee3456669bff,scoringdance,round,scoringdance:347,https://scoring.dance/enUS/events/347/results/4886.html,69d47e0202482569,live,0,2026-09-10T16:02:29.375500+00:00
60402ee2a4564c76,scoringdance,round,scoringdance:347,https://scoring.dance/enUS/events/347/results/4888.html,69d47e0202482569,live,0,2026-09-10T16:02:29.375500+00:00
f5d38e5202e1eb31,scoringdance,round,scoringdance:347,https://scoring.dance/enUS/events/347/results/4889.html,69d47e0202482569,live,0,2026-09-10T16:02:29.375500+00:00
5559033ae1e135c6,scoringdance,round,scoringdance:347,https://scoring.dance/enUS/events/347/results/4890.html,69d47e0202482569,live,0,2026-09-10T16:02:29.375500+00:00
e68b2a916f2f0532,scoringdance,round,scoringdance:347,https://scoring.dance/enUS/events/347/results/4893.html,69d47e0202482569,live,0,2026-09-10T16:02:29.375500+00:00
9917eecc84ca70af,scoringdance,round,scoringdance:349,https://scoring.dance/enUS/events/349/results/4953.html,c7f59be8b28702a2,live,0,2026-09-10T16:02:30.234693+00:00
70c4c1e8bf9c4a1e,scoringdance,round,scoringdance:349,https://scoring.dance/enUS/events/349/results/4954.html,c7f59be8b28702a2,live,0,2026-09-10T16:02:30.234693+00:00
4db1cca7431e8ea8,scoringdance,round,scoringdance:349,https://scoring.dance/enUS/events/349/results/4955.html,c7f59be8b28702a2,live,0,2026-09-10T16:02:30.234693+00:00
fe568350ef3d736d,scoringdance,round,scoringdance:349,https://scoring.dance/enUS/events/349/results/4956.html,c7f59be8b28702a2,live,0,2026-09-10T16:02:30.234693+00:00
149074a15e7ec557,scoringdance,round,scoringdance:349,https://scoring.dance/enUS/events/349/results/4957.html,c7f59be8b28702a2,live,0,2026-09-10T16:02:30.234693+00:00
86a3a2a899c1f938,scoringdance,round,scoringdance:349,https://scoring.dance/enUS/events/349/results/4958.html,c7f59be8b28702a2,live,0,2026-09-10T16:02:30.234693+00:00
0ff0799b0e227909,scoringdance,round,scoringdance:349,https://scoring.dance/enUS/events/349/results/4960.html,c7f59be8b28702a2,live,0,2026-09-10T16:02:30.234693+00:00
3cc763b6e92104f6,scoringdance,round,scoringdance:349,https://scoring.dance/enUS/events/349/results/4962.html,c7f59be8b28702a2,live,0,2026-09-10T16:02:30.234693+00:00
77586e70476b62bf,scoringdance,round,scoringdance:349,https://scoring.dance/enUS/events/349/results/4964.html,c7f59be8b28702a2,live,0,2026-09-10T16:02:30.234693+00:00
06497ffdd4223c31,scoringdance,round,scoringdance:349,https://scoring.dance/enUS/events/349/results/4966.html,c7f59be8b28702a2,live,0,2026-09-10T16:02:30.234693+00:00
6b89511aae46109a,scoringdance,round,scoringdance:349,https://scoring.dance/enUS/events/349/results/4967.html,c7f59be8b28702a2,live,0,2026-09-10T16:02:30.234693+00:00
3e1c949908a192a3,scoringdance,round,scoringdance:349,https://scoring.dance/enUS/events/349/results/4968.html,c7f59be8b28702a2,live,0,2026-09-10T16:02:30.234693+00:00
f7580c2b1a1b18be,scoringdance,round,scoringdance:349,https://scoring.dance/enUS/events/349/results/4969.html,c7f59be8b28702a2,live,0,2026-09-10T16:02:30.234693+00:00
049c4b02490cc802,scoringdance,round,scoringdance:349,https://scoring.dance/enUS/events/349/results/4970.html,c7f59be8b28702a2,live,0,2026-09-10T16:02:30.234693+00:00
e8ee8c92783eeb0c,scoringdance,round,scoringdance:349,https://scoring.dance/enUS/events/349/results/4971.html,c7f59be8b28702a2,live,0,2026-09-10T16:02:30.234693+00:00
728bf62859da8a8c,scoringdance,round,scoringdance:349,https://scoring.dance/enUS/events/349/results/4972.html,c7f59be8b28702a2,live,0,2026-09-10T16:02:30.234693+00:00
8e5ea5b788cab438,scoringdance,round,scoringdance:349,https://scoring.dance/enUS/events/349/results/4973.html,c7f59be8b28702a2,live,0,2026-09-10T16:02:30.234693+00:00
332d148261768232,scoringdance,round,scoringdance:349,https://scoring.dance/enUS/events/349/results/4974.html,c7f59be8b28702a2,live,0,2026-09-10T16:02:30.234693+00:00
3cf3205f5a52375d,scoringdance,round,scoringdance:349,https://scoring.dance/enUS/events/349/results/4975.html,c7f59be8b28702a2,live,0,2026-09-10T16:02:30.234693+00:00
592ee9671fe2693d,scoringdance,round,scoringdance:349,https://scoring.dance/enUS/events/349/results/4976.html,c7f59be8b28702a2,live,0,2026-09-10T16:02:30.234693+00:00
8600d9c6ef5d78dd,scoringdance,round,scoringdance:349,https://scoring.dance/enUS/events/349/results/4977.html,c7f59be8b28702a2,live,0,2026-09-10T16:02:30.234693+00:00
6f996e6cb9e2734c,scoringdance,round,scoringdance:349,https://scoring.dance/enUS/events/349/results/4978.html,c7f59be8b28702a2,live,0,2026-09-10T16:02:30.234693+00:00
7b00222bd3153d79,scoringdance,round,scoringdance:349,https://scoring.dance/enUS/events/349/results/4979.html,c7f59be8b28702a2,live,0,2026-09-10T16:02:30.234693+00:00
5ea41aced2a53e98,scoringdance,round,scoringdance:349,https://scoring.dance/enUS/events/349/results/4980.html,c7f59be8b28702a2,live,0,2026-09-10T16:02:30.234693+00:00
343bf0d21480dc92,scoringdance,round,scoringdance:349,https://scoring.dance/enUS/events/349/results/4981.html,c7f59be8b28702a2,live,0,2026-09-10T16:02:30.234693+00:00
7099252630301827,scoringdance,round,scoringdance:349,https://scoring.dance/enUS/events/349/results/4982.html,c7f59be8b28702a2,live,0,2026-09-10T16:02:30.234693+00:00
68eb63da351decbb,scoringdance,round,scoringdance:349,https://scoring.dance/enUS/events/349/results/4983.html,c7f59be8b28702a2,live,0,2026-09-10T16:02:30.234693+00:00
93cbf19bbcddcdbf,scoringdance,round,scoringdance:349,https://scoring.dance/enUS/events/349/results/4984.html,c7f59be8b28702a2,live,0,2026-09-10T16:02:30.234693+00:00
7ee500bdbce9ba03,scoringdance,round,scoringdance:349,https://scoring.dance/enUS/events/349/results/4985.html,c7f59be8b28702a2,live,0,2026-09-10T16:02:30.234693+00:00
336ee6de2045de04,scoringdance,round,scoringdance:349,https://scoring.dance/enUS/events/349/results/4986.html,c7f59be8b28702a2,live,0,2026-09-10T16:02:30.234693+00:00
6a3efabc2cafd51a,scoringdance,round,scoringdance:349,https://scoring.dance/enUS/events/349/results/4987.html,c7f59be8b28702a2,live,0,2026-09-10T16:02:30.234693+00:00
4faf0bd2470f739e,scoringdance,round,scoringdance:349,https://scoring.dance/enUS/events/349/results/4988.html,c7f59be8b28702a2,live,0,2026-09-10T16:02:30.234693+00:00
06ffd980c0366a41,scoringdance,round,scoringdance:349,https://scoring.dance/enUS/events/349/results/4989.html,c7f59be8b28702a2,live,0,2026-09-10T16:02:30.234693+00:00
e9c7fc75a9a20c20,scoringdance,round,scoringdance:349,https://scoring.dance/enUS/events/349/results/4990.html,c7f59be8b28702a2,live,0,2026-09-10T16:02:30.234693+00:00
ef2da03cdc37e3ee,scoringdance,round,scoringdance:349,https://scoring.dance/enUS/events/349/results/5037.html,c7f59be8b28702a2,live,0,2026-09-10T16:02:30.234693+00:00
78d96c974afc61c0,scoringdance,round,scoringdance:349,https://scoring.dance/enUS/events/349/results/5038.html,c7f59be8b28702a2,live,0,2026-09-10T16:02:30.234693+00:00
3b0f35accdc37e6c,scoringdance,round,scoringdance:349,https://scoring.dance/enUS/events/349/results/5039.html,c7f59be8b28702a2,live,0,2026-09-10T16:02:30.234693+00:00
ccc33e45290fffce,scoringdance,round,scoringdance:349,https://scoring.dance/enUS/events/349/results/5040.html,c7f59be8b28702a2,live,0,2026-09-10T16:02:30.234693+00:00
79c344f1edc626f6,scoringdance,round,scoringdance:349,https://scoring.dance/enUS/events/349/results/5041.html,c7f59be8b28702a2,live,0,2026-09-10T16:02:30.234693+00:00
f77987feb14e5f00,scoringdance,round,scoringdance:349,https://scoring.dance/enUS/events/349/results/5042.html,c7f59be8b28702a2,live,0,2026-09-10T16:02:30.234693+00:00
c9a48932cff3a70b,scoringdance,round,scoringdance:349,https://scoring.dance/enUS/events/349/results/5043.html,c7f59be8b28702a2,live,0,2026-09-10T16:02:30.234693+00:00
9bb5087fd60e52b5,scoringdance,round,scoringdance:349,https://scoring.dance/enUS/events/349/results/5044.html,c7f59be8b28702a2,live,0,2026-09-10T16:02:30.234693+00:00
aa94859992bcd585,scoringdance,round,scoringdance:349,https://scoring.dance/enUS/events/349/results/5045.html,c7f59be8b28702a2,live,0,2026-09-10T16:02:30.234693+00:00
bf13d559863b5e90,scoringdance,round,scoringdance:351,https://scoring.dance/enUS/events/351/results/5144.html,6f11254a14656e57,live,0,2026-09-10T16:02:29.421144+00:00
4b030e7798c7b038,scoringdance,round,scoringdance:351,https://scoring.dance/enUS/events/351/results/5145.html,6f11254a14656e57,live,0,2026-09-10T16:02:29.421144+00:00
6e8238480f8bb8e2,scoringdance,round,scoringdance:351,https://scoring.dance/enUS/events/351/results/5146.html,6f11254a14656e57,live,0,2026-09-10T16:02:29.421144+00:00
a717ff1fc00a04df,scoringdance,round,scoringdance:352,https://scoring.dance/enUS/events/352/results/4934.html,3d121dd1b8a38660,live,0,2026-09-10T16:02:28.945983+00:00
7d3090cffebe259a,scoringdance,round,scoringdance:352,https://scoring.dance/enUS/events/352/results/4935.html,3d121dd1b8a38660,live,0,2026-09-10T16:02:28.945983+00:00
cd8455a333efdd25,scoringdance,round,scoringdance:352,https://scoring.dance/enUS/events/352/results/4936.html,3d121dd1b8a38660,live,0,2026-09-10T16:02:28.945983+00:00
372ff209956a0b02,scoringdance,round,scoringdance:352,https://scoring.dance/enUS/events/352/results/4937.html,3d121dd1b8a38660,live,0,2026-09-10T16:02:28.945983+00:00
ad63f0b075385625,scoringdance,round,scoringdance:352,https://scoring.dance/enUS/events/352/results/4938.html,3d121dd1b8a38660,live,0,2026-09-10T16:02:28.945983+00:00
048d7a18d15c4a11,scoringdance,round,scoringdance:352,https://scoring.dance/enUS/events/352/results/4939.html,3d121dd1b8a38660,live,0,2026-09-10T16:02:28.945983+00:00
864f0d41732621d7,scoringdance,round,scoringdance:352,https://scoring.dance/enUS/events/352/results/4940.html,3d121dd1b8a38660,live,0,2026-09-10T16:02:28.945983+00:00
6fc311e224959d01,scoringdance,round,scoringdance:352,https://scoring.dance/enUS/events/352/results/4941.html,3d121dd1b8a38660,live,0,2026-09-10T16:02:28.945983+00:00
6a10c2a7e71f1e3a,scoringdance,round,scoringdance:352,https://scoring.dance/enUS/events/352/results/4942.html,3d121dd1b8a38660,live,0,2026-09-10T16:02:28.945983+00:00
a910f88e958c0281,scoringdance,round,scoringdance:352,https://scoring.dance/enUS/events/352/results/4943.html,3d121dd1b8a38660,live,0,2026-09-10T16:02:28.945983+00:00
eb0fef09bd2063a5,scoringdance,round,scoringdance:352,https://scoring.dance/enUS/events/352/results/4944.html,3d121dd1b8a38660,live,0,2026-09-10T16:02:28.945983+00:00
cee2e2bea3d7f195,scoringdance,round,scoringdance:352,https://scoring.dance/enUS/events/352/results/4945.html,3d121dd1b8a38660,live,0,2026-09-10T16:02:28.945983+00:00
cc99c57c3007e23c,scoringdance,round,scoringdance:352,https://scoring.dance/enUS/events/352/results/4946.html,3d121dd1b8a38660,live,0,2026-09-10T16:02:28.945983+00:00
5d66ad39155aa358,scoringdance,round,scoringdance:352,https://scoring.dance/enUS/events/352/results/4947.html,3d121dd1b8a38660,live,0,2026-09-10T16:02:28.945983+00:00
8f0a5ee87ad6a7a5,scoringdance,round,scoringdance:352,https://scoring.dance/enUS/events/352/results/4948.html,3d121dd1b8a38660,live,0,2026-09-10T16:02:28.945983+00:00
8caf19c31c5cbb8d,scoringdance,round,scoringdance:352,https://scoring.dance/enUS/events/352/results/4949.html,3d121dd1b8a38660,live,0,2026-09-10T16:02:28.945983+00:00
12ee34bd11c0aba0,scoringdance,round,scoringdance:352,https://scoring.dance/enUS/events/352/results/4950.html,3d121dd1b8a38660,live,0,2026-09-10T16:02:28.945983+00:00
3b217bacd4ba1857,scoringdance,round,scoringdance:352,https://scoring.dance/enUS/events/352/results/4951.html,3d121dd1b8a38660,live,0,2026-09-10T16:02:28.945983+00:00
ef579658318c9a82,scoringdance,round,scoringdance:352,https://scoring.dance/enUS/events/352/results/4952.html,3d121dd1b8a38660,live,0,2026-09-10T16:02:28.945983+00:00
a9ef6066bcb0a86f,scoringdance,round,scoringdance:354,https://scoring.dance/enUS/events/354/results/4991.html,4a7c6b68e9cb285d,live,0,2026-09-10T16:02:29.094529+00:00
beaa3cf6255b5d6d,scoringdance,round,scoringdance:354,https://scoring.dance/enUS/events/354/results/4992.html,4a7c6b68e9cb285d,live,0,2026-09-10T16:02:29.094529+00:00
a95fa5833446e831,scoringdance,round,scoringdance:354,https://scoring.dance/enUS/events/354/results/4993.html,4a7c6b68e9cb285d,live,0,2026-09-10T16:02:29.094529+00:00
034dced55e422ca1,scoringdance,round,scoringdance:354,https://scoring.dance/enUS/events/354/results/4994.html,4a7c6b68e9cb285d,live,0,2026-09-10T16:02:29.094529+00:00
ea87bda8583b446a,scoringdance,round,scoringdance:354,https://scoring.dance/enUS/events/354/results/4995.html,4a7c6b68e9cb285d,live,0,2026-09-10T16:02:29.094529+00:00
cfb9a18dc0e40f91,scoringdance,round,scoringdance:354,https://scoring.dance/enUS/events/354/results/4996.html,4a7c6b68e9cb285d,live,0,2026-09-10T16:02:29.094529+00:00
f39a89eba03c2e78,scoringdance,round,scoringdance:354,https://scoring.dance/enUS/events/354/results/4997.html,4a7c6b68e9cb285d,live,0,2026-09-10T16:02:29.094529+00:00
a7036cb292f4ff90,scoringdance,round,scoringdance:354,https://scoring.dance/enUS/events/354/results/4998.html,4a7c6b68e9cb285d,live,0,2026-09-10T16:02:29.094529+00:00
ae9edad1b99cea4a,scoringdance,round,scoringdance:354,https://scoring.dance/enUS/events/354/results/4999.html,4a7c6b68e9cb285d,live,0,2026-09-10T16:02:29.094529+00:00
cfeb3edbc61f68c9,scoringdance,round,scoringdance:354,https://scoring.dance/enUS/events/354/results/5000.html,4a7c6b68e9cb285d,live,0,2026-09-10T16:02:29.094529+00:00
fbece57073941bb9,scoringdance,round,scoringdance:354,https://scoring.dance/enUS/events/354/results/5001.html,4a7c6b68e9cb285d,live,0,2026-09-10T16:02:29.094529+00:00
a99a35ea199983b7,scoringdance,round,scoringdance:354,https://scoring.dance/enUS/events/354/results/5002.html,4a7c6b68e9cb285d,live,0,2026-09-10T16:02:29.094529+00:00
cb65a85ac028c4d0,scoringdance,round,scoringdance:354,https://scoring.dance/enUS/events/354/results/5003.html,4a7c6b68e9cb285d,live,0,2026-09-10T16:02:29.094529+00:00
f417465275c5bb35,scoringdance,round,scoringdance:354,https://scoring.dance/enUS/events/354/results/5004.html,4a7c6b68e9cb285d,live,0,2026-09-10T16:02:29.094529+00:00
decfaf55429cc2ca,scoringdance,round,scoringdance:354,https://scoring.dance/enUS/events/354/results/5005.html,4a7c6b68e9cb285d,live,0,2026-09-10T16:02:29.094529+00:00
3f11d16292a2df7d,scoringdance,round,scoringdance:354,https://scoring.dance/enUS/events/354/results/5006.html,4a7c6b68e9cb285d,live,0,2026-09-10T16:02:29.094529+00:00
ae4bbdc0ab75c93d,scoringdance,round,scoringdance:354,https://scoring.dance/enUS/events/354/results/5007.html,4a7c6b68e9cb285d,live,0,2026-09-10T16:02:29.094529+00:00
cabd7a63ba751b57,scoringdance,round,scoringdance:354,https://scoring.dance/enUS/events/354/results/5008.html,4a7c6b68e9cb285d,live,0,2026-09-10T16:02:29.094529+00:00
130940915bfd9340,scoringdance,round,scoringdance:354,https://scoring.dance/enUS/events/354/results/5009.html,4a7c6b68e9cb285d,live,0,2026-09-10T16:02:29.094529+00:00
4b33eec50f5105d5,scoringdance,round,scoringdance:354,https://scoring.dance/enUS/events/354/results/5010.html,4a7c6b68e9cb285d,live,0,2026-09-10T16:02:29.094529+00:00
f18a8ef89a2f78d8,scoringdance,round,scoringdance:354,https://scoring.dance/enUS/events/354/results/5011.html,4a7c6b68e9cb285d,live,0,2026-09-10T16:02:29.094529+00:00
14fe835f7454d590,scoringdance,round,scoringdance:354,https://scoring.dance/enUS/events/354/results/5012.html,4a7c6b68e9cb285d,live,0,2026-09-10T16:02:29.094529+00:00
f586d9bfb859ddab,scoringdance,round,scoringdance:354,https://scoring.dance/enUS/events/354/results/5013.html,4a7c6b68e9cb285d,live,0,2026-09-10T16:02:29.094529+00:00
a26f4c36b87433e9,scoringdance,round,scoringdance:354,https://scoring.dance/enUS/events/354/results/5014.html,4a7c6b68e9cb285d,live,0,2026-09-10T16:02:29.094529+00:00
01576719f83ee79b,scoringdance,round,scoringdance:354,https://scoring.dance/enUS/events/354/results/5015.html,4a7c6b68e9cb285d,live,0,2026-09-10T16:02:29.094529+00:00
a21ba53a939f0635,scoringdance,round,scoringdance:354,https://scoring.dance/enUS/events/354/results/5016.html,4a7c6b68e9cb285d,live,0,2026-09-10T16:02:29.094529+00:00
c96e64b9e236a950,scoringdance,round,scoringdance:354,https://scoring.dance/enUS/events/354/results/5017.html,4a7c6b68e9cb285d,live,0,2026-09-10T16:02:29.094529+00:00
9a6b5cd1d21a0dd3,scoringdance,round,scoringdance:354,https://scoring.dance/enUS/events/354/results/5018.html,4a7c6b68e9cb285d,live,0,2026-09-10T16:02:29.094529+00:00
c9deab1791e01c58,scoringdance,round,scoringdance:354,https://scoring.dance/enUS/events/354/results/5049.html,4a7c6b68e9cb285d,live,0,2026-09-10T16:02:29.094529+00:00
e34c14f57210c4e0,scoringdance,round,scoringdance:355,https://scoring.dance/enUS/events/355/results/5115.html,cfdbb253770bf4f0,live,0,2026-09-10T16:02:30.308887+00:00
d87d181bc2d0cd5b,scoringdance,round,scoringdance:355,https://scoring.dance/enUS/events/355/results/5116.html,cfdbb253770bf4f0,live,0,2026-09-10T16:02:30.308887+00:00
47f16f16c3972f72,scoringdance,round,scoringdance:355,https://scoring.dance/enUS/events/355/results/5117.html,cfdbb253770bf4f0,live,0,2026-09-10T16:02:30.308887+00:00
094fa918e9b241bb,scoringdance,round,scoringdance:356,https://scoring.dance/enUS/events/356/results/5713.html,7eaadd31f5423963,live,0,2026-09-10T16:02:29.556271+00:00
20c8e0fe9f3b0954,scoringdance,round,scoringdance:356,https://scoring.dance/enUS/events/356/results/5714.html,7eaadd31f5423963,live,0,2026-09-10T16:02:29.556271+00:00
b0a68fc45de51d81,scoringdance,round,scoringdance:356,https://scoring.dance/enUS/events/356/results/5715.html,7eaadd31f5423963,live,0,2026-09-10T16:02:29.556271+00:00
64671bc56f10d222,scoringdance,round,scoringdance:356,https://scoring.dance/enUS/events/356/results/5716.html,7eaadd31f5423963,live,0,2026-09-10T16:02:29.556271+00:00
62a1795e33ec7f6e,scoringdance,round,scoringdance:356,https://scoring.dance/enUS/events/356/results/5717.html,7eaadd31f5423963,live,0,2026-09-10T16:02:29.556271+00:00
eaf6f3a72fa5a207,scoringdance,round,scoringdance:356,https://scoring.dance/enUS/events/356/results/5718.html,7eaadd31f5423963,live,0,2026-09-10T16:02:29.556271+00:00
2b12d206cc2c40b4,scoringdance,round,scoringdance:356,https://scoring.dance/enUS/events/356/results/5719.html,7eaadd31f5423963,live,0,2026-09-10T16:02:29.556271+00:00
01febc2b5248a71d,scoringdance,round,scoringdance:356,https://scoring.dance/enUS/events/356/results/5721.html,7eaadd31f5423963,live,0,2026-09-10T16:02:29.556271+00:00
0914cd2a54def722,scoringdance,round,scoringdance:356,https://scoring.dance/enUS/events/356/results/5722.html,7eaadd31f5423963,live,0,2026-09-10T16:02:29.556271+00:00
647489bf53872870,scoringdance,round,scoringdance:356,https://scoring.dance/enUS/events/356/results/5723.html,7eaadd31f5423963,live,0,2026-09-10T16:02:29.556271+00:00
b18c0bf7320d986b,scoringdance,round,scoringdance:356,https://scoring.dance/enUS/events/356/results/5724.html,7eaadd31f5423963,live,0,2026-09-10T16:02:29.556271+00:00
7fe94be0df6b2298,scoringdance,round,scoringdance:356,https://scoring.dance/enUS/events/356/results/5725.html,7eaadd31f5423963,live,0,2026-09-10T16:02:29.556271+00:00
6e9b5ac46b67c5d5,scoringdance,round,scoringdance:356,https://scoring.dance/enUS/events/356/results/5726.html,7eaadd31f5423963,live,0,2026-09-10T16:02:29.556271+00:00
c5382bd02719295e,scoringdance,round,scoringdance:356,https://scoring.dance/enUS/events/356/results/5727.html,7eaadd31f5423963,live,0,2026-09-10T16:02:29.556271+00:00
b16a1a8722d80745,scoringdance,round,scoringdance:356,https://scoring.dance/enUS/events/356/results/5728.html,7eaadd31f5423963,live,0,2026-09-10T16:02:29.556271+00:00
fa850ff154821808,scoringdance,round,scoringdance:356,https://scoring.dance/enUS/events/356/results/5729.html,7eaadd31f5423963,live,0,2026-09-10T16:02:29.556271+00:00
2d3e967e12f5f5ee,scoringdance,round,scoringdance:357,https://scoring.dance/enUS/events/357/results/5071.html,e114a17bbca007d1,live,0,2026-09-10T16:02:30.456265+00:00
b480249bfd1d7ccb,scoringdance,round,scoringdance:357,https://scoring.dance/enUS/events/357/results/5073.html,e114a17bbca007d1,live,0,2026-09-10T16:02:30.456265+00:00
565f730922c2a46c,scoringdance,round,scoringdance:357,https://scoring.dance/enUS/events/357/results/5074.html,e114a17bbca007d1,live,0,2026-09-10T16:02:30.456265+00:00
76ca44a919f2fe2d,scoringdance,round,scoringdance:357,https://scoring.dance/enUS/events/357/results/5075.html,e114a17bbca007d1,live,0,2026-09-10T16:02:30.456265+00:00
bed572f96ef4b9b9,scoringdance,round,scoringdance:357,https://scoring.dance/enUS/events/357/results/5076.html,e114a17bbca007d1,live,0,2026-09-10T16:02:30.456265+00:00
851ea92774b0b2c3,scoringdance,round,scoringdance:357,https://scoring.dance/enUS/events/357/results/5077.html,e114a17bbca007d1,live,0,2026-09-10T16:02:30.456265+00:00
6d05f66f5874af75,scoringdance,round,scoringdance:357,https://scoring.dance/enUS/events/357/results/5078.html,e114a17bbca007d1,live,0,2026-09-10T16:02:30.456265+00:00
03a6d01620624373,scoringdance,round,scoringdance:357,https://scoring.dance/enUS/events/357/results/5079.html,e114a17bbca007d1,live,0,2026-09-10T16:02:30.456265+00:00
336e99f79d951300,scoringdance,round,scoringdance:357,https://scoring.dance/enUS/events/357/results/5080.html,e114a17bbca007d1,live,0,2026-09-10T16:02:30.456265+00:00
68628ced373b2514,scoringdance,round,scoringdance:357,https://scoring.dance/enUS/events/357/results/5082.html,e114a17bbca007d1,live,0,2026-09-10T16:02:30.456265+00:00
5691b09aa508ebcf,scoringdance,round,scoringdance:357,https://scoring.dance/enUS/events/357/results/5083.html,e114a17bbca007d1,live,0,2026-09-10T16:02:30.456265+00:00
bfa0cfc1679447b1,scoringdance,round,scoringdance:357,https://scoring.dance/enUS/events/357/results/5084.html,e114a17bbca007d1,live,0,2026-09-10T16:02:30.456265+00:00
d0575ea3fc076bdc,scoringdance,round,scoringdance:357,https://scoring.dance/enUS/events/357/results/5118.html,e114a17bbca007d1,live,0,2026-09-10T16:02:30.456265+00:00
287f8089c35a7ccf,scoringdance,round,scoringdance:357,https://scoring.dance/enUS/events/357/results/5119.html,e114a17bbca007d1,live,0,2026-09-10T16:02:30.456265+00:00
325f6d5679781566,scoringdance,round,scoringdance:357,https://scoring.dance/enUS/events/357/results/5120.html,e114a17bbca007d1,live,0,2026-09-10T16:02:30.456265+00:00
0e98d1bb186de14d,scoringdance,round,scoringdance:360,https://scoring.dance/enUS/events/360/results/6250.html,bee521158f41c15f,live,0,2026-09-10T16:02:30.136180+00:00
736dda67d24338e8,scoringdance,round,scoringdance:360,https://scoring.dance/enUS/events/360/results/6251.html,bee521158f41c15f,live,0,2026-09-10T16:02:30.136180+00:00
db208c1513993bd3,scoringdance,round,scoringdance:360,https://scoring.dance/enUS/events/360/results/6252.html,bee521158f41c15f,live,0,2026-09-10T16:02:30.136180+00:00
431e9bf60b52769e,scoringdance,round,scoringdance:360,https://scoring.dance/enUS/events/360/results/6253.html,bee521158f41c15f,live,0,2026-09-10T16:02:30.136180+00:00
1794a1dba42bb871,scoringdance,round,scoringdance:360,https://scoring.dance/enUS/events/360/results/6254.html,bee521158f41c15f,live,0,2026-09-10T16:02:30.136180+00:00
e4a0b8c5d27884ed,scoringdance,round,scoringdance:360,https://scoring.dance/enUS/events/360/results/6255.html,bee521158f41c15f,live,0,2026-09-10T16:02:30.136180+00:00
967cf0755cfa738f,scoringdance,round,scoringdance:360,https://scoring.dance/enUS/events/360/results/6256.html,bee521158f41c15f,live,0,2026-09-10T16:02:30.136180+00:00
7bc6a6fb7cfbd586,scoringdance,round,scoringdance:360,https://scoring.dance/enUS/events/360/results/6257.html,bee521158f41c15f,live,0,2026-09-10T16:02:30.136180+00:00
dff25395328cdf68,scoringdance,round,scoringdance:360,https://scoring.dance/enUS/events/360/results/6258.html,bee521158f41c15f,live,0,2026-09-10T16:02:30.136180+00:00
da101db7bc401463,scoringdance,round,scoringdance:360,https://scoring.dance/enUS/events/360/results/6259.html,bee521158f41c15f,live,0,2026-09-10T16:02:30.136180+00:00
864de0c581a4896d,scoringdance,round,scoringdance:360,https://scoring.dance/enUS/events/360/results/6260.html,bee521158f41c15f,live,0,2026-09-10T16:02:30.136180+00:00
43e5f1a2e885f71e,scoringdance,round,scoringdance:360,https://scoring.dance/enUS/events/360/results/6261.html,bee521158f41c15f,live,0,2026-09-10T16:02:30.136180+00:00
7eb9e2fa45e9b387,scoringdance,round,scoringdance:360,https://scoring.dance/enUS/events/360/results/6262.html,bee521158f41c15f,live,0,2026-09-10T16:02:30.136180+00:00
953442c5f92d8f9e,scoringdance,round,scoringdance:360,https://scoring.dance/enUS/events/360/results/6263.html,bee521158f41c15f,live,0,2026-09-10T16:02:30.136180+00:00
090ab47426348d39,scoringdance,round,scoringdance:360,https://scoring.dance/enUS/events/360/results/6264.html,bee521158f41c15f,live,0,2026-09-10T16:02:30.136180+00:00
1605a1f54b5d5ee7,scoringdance,round,scoringdance:360,https://scoring.dance/enUS/events/360/results/6265.html,bee521158f41c15f,live,0,2026-09-10T16:02:30.136180+00:00
473dd550d943f575,scoringdance,round,scoringdance:360,https://scoring.dance/enUS/events/360/results/6266.html,bee521158f41c15f,live,0,2026-09-10T16:02:30.136180+00:00
b2b7e788eeac02c6,scoringdance,round,scoringdance:361,https://scoring.dance/enUS/events/361/results/5271.html,b4a6f613e0d2ea63,live,0,2026-09-10T16:02:30.030680+00:00
ae5c2094b3b33c55,scoringdance,round,scoringdance:361,https://scoring.dance/enUS/events/361/results/5272.html,b4a6f613e0d2ea63,live,0,2026-09-10T16:02:30.030680+00:00
b3130b925003bb23,scoringdance,round,scoringdance:361,https://scoring.dance/enUS/events/361/results/5273.html,b4a6f613e0d2ea63,live,0,2026-09-10T16:02:30.030680+00:00
6f2743de46399616,scoringdance,round,scoringdance:361,https://scoring.dance/enUS/events/361/results/5274.html,b4a6f613e0d2ea63,live,0,2026-09-10T16:02:30.030680+00:00
1e54ca4befdb24cc,scoringdance,round,scoringdance:361,https://scoring.dance/enUS/events/361/results/5275.html,b4a6f613e0d2ea63,live,0,2026-09-10T16:02:30.030680+00:00
cdb0680b9f1d7738,scoringdance,round,scoringdance:361,https://scoring.dance/enUS/events/361/results/5276.html,b4a6f613e0d2ea63,live,0,2026-09-10T16:02:30.030680+00:00
d93070163909d48c,scoringdance,round,scoringdance:361,https://scoring.dance/enUS/events/361/results/5277.html,b4a6f613e0d2ea63,live,0,2026-09-10T16:02:30.030680+00:00
fbced34c9995b635,scoringdance,round,scoringdance:361,https://scoring.dance/enUS/events/361/results/5278.html,b4a6f613e0d2ea63,live,0,2026-09-10T16:02:30.030680+00:00
9e5720beee2549f7,scoringdance,round,scoringdance:361,https://scoring.dance/enUS/events/361/results/5280.html,b4a6f613e0d2ea63,live,0,2026-09-10T16:02:30.030680+00:00
a8115bda32fd2e1c,scoringdance,round,scoringdance:361,https://scoring.dance/enUS/events/361/results/5281.html,b4a6f613e0d2ea63,live,0,2026-09-10T16:02:30.030680+00:00
5ffd12d97f106f50,scoringdance,round,scoringdance:361,https://scoring.dance/enUS/events/361/results/5282.html,b4a6f613e0d2ea63,live,0,2026-09-10T16:02:30.030680+00:00
cb00f196f504d016,scoringdance,round,scoringdance:361,https://scoring.dance/enUS/events/361/results/5283.html,b4a6f613e0d2ea63,live,0,2026-09-10T16:02:30.030680+00:00
f50fe3bfc57d260d,scoringdance,round,scoringdance:361,https://scoring.dance/enUS/events/361/results/5284.html,b4a6f613e0d2ea63,live,0,2026-09-10T16:02:30.030680+00:00
10a883951d1d6cd5,scoringdance,round,scoringdance:361,https://scoring.dance/enUS/events/361/results/5285.html,b4a6f613e0d2ea63,live,0,2026-09-10T16:02:30.030680+00:00
e1aade0aa1a497e8,scoringdance,round,scoringdance:361,https://scoring.dance/enUS/events/361/results/5286.html,b4a6f613e0d2ea63,live,0,2026-09-10T16:02:30.030680+00:00
547f58011c812fea,scoringdance,round,scoringdance:361,https://scoring.dance/enUS/events/361/results/5287.html,b4a6f613e0d2ea63,live,0,2026-09-10T16:02:30.030680+00:00
985a38b5b4b9d9be,scoringdance,round,scoringdance:361,https://scoring.dance/enUS/events/361/results/5288.html,b4a6f613e0d2ea63,live,0,2026-09-10T16:02:30.030680+00:00
c5f05a7139d9a75b,scoringdance,round,scoringdance:364,https://scoring.dance/enUS/events/364/results/6181.html,b1991b408e91b6eb,live,0,2026-09-10T16:02:29.985488+00:00
b834f5f3ad188f67,scoringdance,round,scoringdance:364,https://scoring.dance/enUS/events/364/results/6182.html,b1991b408e91b6eb,live,0,2026-09-10T16:02:29.985488+00:00
e3ad4d4a6f12a0af,scoringdance,round,scoringdance:364,https://scoring.dance/enUS/events/364/results/6183.html,b1991b408e91b6eb,live,0,2026-09-10T16:02:29.985488+00:00
0abd7f67837eeaba,scoringdance,round,scoringdance:364,https://scoring.dance/enUS/events/364/results/6184.html,b1991b408e91b6eb,live,0,2026-09-10T16:02:29.985488+00:00
a06ddd06bd8fc726,scoringdance,round,scoringdance:364,https://scoring.dance/enUS/events/364/results/6185.html,b1991b408e91b6eb,live,0,2026-09-10T16:02:29.985488+00:00
86a1df746b05588a,scoringdance,round,scoringdance:364,https://scoring.dance/enUS/events/364/results/6186.html,b1991b408e91b6eb,live,0,2026-09-10T16:02:29.985488+00:00
0a221c8e4263ee42,scoringdance,round,scoringdance:364,https://scoring.dance/enUS/events/364/results/6187.html,b1991b408e91b6eb,live,0,2026-09-10T16:02:29.985488+00:00
ce84c4c2734ae2e2,scoringdance,round,scoringdance:364,https://scoring.dance/enUS/events/364/results/6188.html,b1991b408e91b6eb,live,0,2026-09-10T16:02:29.985488+00:00
e0d1a19db3e125f6,scoringdance,round,scoringdance:364,https://scoring.dance/enUS/events/364/results/6191.html,b1991b408e91b6eb,live,0,2026-09-10T16:02:29.985488+00:00
f97b15ec4865ac5e,scoringdance,round,scoringdance:364,https://scoring.dance/enUS/events/364/results/6192.html,b1991b408e91b6eb,live,0,2026-09-10T16:02:29.985488+00:00
49ba6dcb0919f3f1,scoringdance,round,scoringdance:364,https://scoring.dance/enUS/events/364/results/6195.html,b1991b408e91b6eb,live,0,2026-09-10T16:02:29.985488+00:00
a0b22f7961bb078b,scoringdance,round,scoringdance:364,https://scoring.dance/enUS/events/364/results/6196.html,b1991b408e91b6eb,live,0,2026-09-10T16:02:29.985488+00:00
5762788f923a5593,scoringdance,round,scoringdance:364,https://scoring.dance/enUS/events/364/results/6197.html,b1991b408e91b6eb,live,0,2026-09-10T16:02:29.985488+00:00
6c927306cc0a8360,scoringdance,round,scoringdance:364,https://scoring.dance/enUS/events/364/results/6198.html,b1991b408e91b6eb,live,0,2026-09-10T16:02:29.985488+00:00
62b0e71d6d9a389f,scoringdance,round,scoringdance:364,https://scoring.dance/enUS/events/364/results/6200.html,b1991b408e91b6eb,live,0,2026-09-10T16:02:29.985488+00:00
f641db650e1226e2,scoringdance,round,scoringdance:364,https://scoring.dance/enUS/events/364/results/6201.html,b1991b408e91b6eb,live,0,2026-09-10T16:02:29.985488+00:00
b5aa6606ef723ee5,scoringdance,round,scoringdance:364,https://scoring.dance/enUS/events/364/results/6202.html,b1991b408e91b6eb,live,0,2026-09-10T16:02:29.985488+00:00
d0ef08055816a251,scoringdance,round,scoringdance:364,https://scoring.dance/enUS/events/364/results/6203.html,b1991b408e91b6eb,live,0,2026-09-10T16:02:29.985488+00:00
2cb953abe6311003,scoringdance,round,scoringdance:364,https://scoring.dance/enUS/events/364/results/6205.html,b1991b408e91b6eb,live,0,2026-09-10T16:02:29.985488+00:00
1e31fa258ce2a27a,scoringdance,round,scoringdance:364,https://scoring.dance/enUS/events/364/results/6209.html,b1991b408e91b6eb,live,0,2026-09-10T16:02:29.985488+00:00
000d8b071541590f,scoringdance,round,scoringdance:365,https://scoring.dance/enUS/events/365/results/6143.html,e928abaea5a5cc70,live,0,2026-09-10T16:02:30.553524+00:00
75eb4eb38e6f2ce2,scoringdance,round,scoringdance:365,https://scoring.dance/enUS/events/365/results/6144.html,e928abaea5a5cc70,live,0,2026-09-10T16:02:30.553524+00:00
04aba36249b3f1e6,scoringdance,round,scoringdance:365,https://scoring.dance/enUS/events/365/results/6147.html,e928abaea5a5cc70,live,0,2026-09-10T16:02:30.553524+00:00
97254fe2a9f7e8ec,scoringdance,round,scoringdance:365,https://scoring.dance/enUS/events/365/results/6148.html,e928abaea5a5cc70,live,0,2026-09-10T16:02:30.553524+00:00
9c5f526eb22821d4,scoringdance,round,scoringdance:365,https://scoring.dance/enUS/events/365/results/6149.html,e928abaea5a5cc70,live,0,2026-09-10T16:02:30.553524+00:00
8a473fd85fb15971,scoringdance,round,scoringdance:365,https://scoring.dance/enUS/events/365/results/6150.html,e928abaea5a5cc70,live,0,2026-09-10T16:02:30.553524+00:00
80b62aa12d31e4d7,scoringdance,round,scoringdance:365,https://scoring.dance/enUS/events/365/results/6151.html,e928abaea5a5cc70,live,0,2026-09-10T16:02:30.553524+00:00
410a84498624635a,scoringdance,round,scoringdance:365,https://scoring.dance/enUS/events/365/results/6152.html,e928abaea5a5cc70,live,0,2026-09-10T16:02:30.553524+00:00
7618f1b529cc950d,scoringdance,round,scoringdance:365,https://scoring.dance/enUS/events/365/results/6153.html,e928abaea5a5cc70,live,0,2026-09-10T16:02:30.553524+00:00
105ddb3e2945fe8f,scoringdance,round,scoringdance:365,https://scoring.dance/enUS/events/365/results/6154.html,e928abaea5a5cc70,live,0,2026-09-10T16:02:30.553524+00:00
6151d72145f4809a,scoringdance,round,scoringdance:365,https://scoring.dance/enUS/events/365/results/6155.html,e928abaea5a5cc70,live,0,2026-09-10T16:02:30.553524+00:00
6a26f6cbd596ffa1,scoringdance,round,scoringdance:365,https://scoring.dance/enUS/events/365/results/6156.html,e928abaea5a5cc70,live,0,2026-09-10T16:02:30.553524+00:00
c96f1131e45a2099,scoringdance,round,scoringdance:365,https://scoring.dance/enUS/events/365/results/6157.html,e928abaea5a5cc70,live,0,2026-09-10T16:02:30.553524+00:00
f8a546be9bd3d6d5,scoringdance,round,scoringdance:365,https://scoring.dance/enUS/events/365/results/6158.html,e928abaea5a5cc70,live,0,2026-09-10T16:02:30.553524+00:00
3be5c53acc1498f4,scoringdance,round,scoringdance:365,https://scoring.dance/enUS/events/365/results/6160.html,e928abaea5a5cc70,live,0,2026-09-10T16:02:30.553524+00:00
609fbefab08e9fd9,scoringdance,round,scoringdance:365,https://scoring.dance/enUS/events/365/results/6161.html,e928abaea5a5cc70,live,0,2026-09-10T16:02:30.553524+00:00
0d7bc65fbc833e2b,scoringdance,round,scoringdance:365,https://scoring.dance/enUS/events/365/results/6162.html,e928abaea5a5cc70,live,0,2026-09-10T16:02:30.553524+00:00
d32d5ae1e7ed06ac,scoringdance,round,scoringdance:365,https://scoring.dance/enUS/events/365/results/6163.html,e928abaea5a5cc70,live,0,2026-09-10T16:02:30.553524+00:00
2ea8188e29d32260,scoringdance,round,scoringdance:365,https://scoring.dance/enUS/events/365/results/6164.html,e928abaea5a5cc70,live,0,2026-09-10T16:02:30.553524+00:00
b4058e569e339990,scoringdance,round,scoringdance:365,https://scoring.dance/enUS/events/365/results/6165.html,e928abaea5a5cc70,live,0,2026-09-10T16:02:30.553524+00:00
deb52885f66ab665,scoringdance,round,scoringdance:365,https://scoring.dance/enUS/events/365/results/6166.html,e928abaea5a5cc70,live,0,2026-09-10T16:02:30.553524+00:00
1e89709d87ab2bf7,scoringdance,round,scoringdance:366,https://scoring.dance/enUS/events/366/results/5255.html,3b814ae1abf60c3f,live,0,2026-09-10T16:02:28.934489+00:00
b607d05c8cbded25,scoringdance,round,scoringdance:366,https://scoring.dance/enUS/events/366/results/5256.html,3b814ae1abf60c3f,live,0,2026-09-10T16:02:28.934489+00:00
00b2a2639a6e2b0d,scoringdance,round,scoringdance:366,https://scoring.dance/enUS/events/366/results/5257.html,3b814ae1abf60c3f,live,0,2026-09-10T16:02:28.934489+00:00
a9c590fd0bf6976d,scoringdance,round,scoringdance:366,https://scoring.dance/enUS/events/366/results/5258.html,3b814ae1abf60c3f,live,0,2026-09-10T16:02:28.934489+00:00
29d7fd3f481af2fa,scoringdance,round,scoringdance:366,https://scoring.dance/enUS/events/366/results/5259.html,3b814ae1abf60c3f,live,0,2026-09-10T16:02:28.934489+00:00
7fea97ca10c3e12c,scoringdance,round,scoringdance:366,https://scoring.dance/enUS/events/366/results/5260.html,3b814ae1abf60c3f,live,0,2026-09-10T16:02:28.934489+00:00
80d903d7f884208b,scoringdance,round,scoringdance:366,https://scoring.dance/enUS/events/366/results/5261.html,3b814ae1abf60c3f,live,0,2026-09-10T16:02:28.934489+00:00
b74e6567fed61857,scoringdance,round,scoringdance:366,https://scoring.dance/enUS/events/366/results/5262.html,3b814ae1abf60c3f,live,0,2026-09-10T16:02:28.934489+00:00
fec72f17eec55fad,scoringdance,round,scoringdance:366,https://scoring.dance/enUS/events/366/results/5263.html,3b814ae1abf60c3f,live,0,2026-09-10T16:02:28.934489+00:00
f356da0be6c0b52e,scoringdance,round,scoringdance:366,https://scoring.dance/enUS/events/366/results/5264.html,3b814ae1abf60c3f,live,0,2026-09-10T16:02:28.934489+00:00
3475eb4db0e45074,scoringdance,round,scoringdance:366,https://scoring.dance/enUS/events/366/results/5265.html,3b814ae1abf60c3f,live,0,2026-09-10T16:02:28.934489+00:00
5c2fe03fbfa37dde,scoringdance,round,scoringdance:366,https://scoring.dance/enUS/events/366/results/5266.html,3b814ae1abf60c3f,live,0,2026-09-10T16:02:28.934489+00:00
a1bbcf470b0f2ea0,scoringdance,round,scoringdance:366,https://scoring.dance/enUS/events/366/results/5268.html,3b814ae1abf60c3f,live,0,2026-09-10T16:02:28.934489+00:00
117026e058f3434c,scoringdance,round,scoringdance:366,https://scoring.dance/enUS/events/366/results/5269.html,3b814ae1abf60c3f,live,0,2026-09-10T16:02:28.934489+00:00
e8cad8d3de353484,scoringdance,round,scoringdance:366,https://scoring.dance/enUS/events/366/results/5270.html,3b814ae1abf60c3f,live,0,2026-09-10T16:02:28.934489+00:00
837ef7ae06f97d10,scoringdance,round,scoringdance:368,https://scoring.dance/enUS/events/368/results/5221.html,cf079f955469cfd9,live,0,2026-09-10T16:02:30.292283+00:00
54a3c5140f14cb39,scoringdance,round,scoringdance:368,https://scoring.dance/enUS/events/368/results/5222.html,cf079f955469cfd9,live,0,2026-09-10T16:02:30.292283+00:00
e61ebb78bcaa91a1,scoringdance,round,scoringdance:368,https://scoring.dance/enUS/events/368/results/5223.html,cf079f955469cfd9,live,0,2026-09-10T16:02:30.292283+00:00
c5cc7361b40de10a,scoringdance,round,scoringdance:368,https://scoring.dance/enUS/events/368/results/5224.html,cf079f955469cfd9,live,0,2026-09-10T16:02:30.292283+00:00
1555c45a3603203d,scoringdance,round,scoringdance:368,https://scoring.dance/enUS/events/368/results/5225.html,cf079f955469cfd9,live,0,2026-09-10T16:02:30.292283+00:00
778eb83e574236de,scoringdance,round,scoringdance:368,https://scoring.dance/enUS/events/368/results/5226.html,cf079f955469cfd9,live,0,2026-09-10T16:02:30.292283+00:00
6f7c042d2af8b55f,scoringdance,round,scoringdance:368,https://scoring.dance/enUS/events/368/results/5227.html,cf079f955469cfd9,live,0,2026-09-10T16:02:30.292283+00:00
f24cfc1fde0308f3,scoringdance,round,scoringdance:368,https://scoring.dance/enUS/events/368/results/5228.html,cf079f955469cfd9,live,0,2026-09-10T16:02:30.292283+00:00
1cd731f9bce3590d,scoringdance,round,scoringdance:368,https://scoring.dance/enUS/events/368/results/5229.html,cf079f955469cfd9,live,0,2026-09-10T16:02:30.292283+00:00
e4e129feb1284406,scoringdance,round,scoringdance:368,https://scoring.dance/enUS/events/368/results/5231.html,cf079f955469cfd9,live,0,2026-09-10T16:02:30.292283+00:00
342d0a0ea056b668,scoringdance,round,scoringdance:368,https://scoring.dance/enUS/events/368/results/5232.html,cf079f955469cfd9,live,0,2026-09-10T16:02:30.292283+00:00
624651cca6f6e273,scoringdance,round,scoringdance:368,https://scoring.dance/enUS/events/368/results/5233.html,cf079f955469cfd9,live,0,2026-09-10T16:02:30.292283+00:00
b946aad3d399fba3,scoringdance,round,scoringdance:369,https://scoring.dance/enUS/events/369/results/5185.html,a1e4eaca6608c59c,live,0,2026-09-10T16:02:29.865997+00:00
1fa4260860848b35,scoringdance,round,scoringdance:369,https://scoring.dance/enUS/events/369/results/5187.html,a1e4eaca6608c59c,live,0,2026-09-10T16:02:29.865997+00:00
98bae7659ee6ad18,scoringdance,round,scoringdance:369,https://scoring.dance/enUS/events/369/results/5188.html,a1e4eaca6608c59c,live,0,2026-09-10T16:02:29.865997+00:00
b75a9fbc28e327db,scoringdance,round,scoringdance:369,https://scoring.dance/enUS/events/369/results/5189.html,a1e4eaca6608c59c,live,0,2026-09-10T16:02:29.865997+00:00
7a79a19da7eb16f9,scoringdance,round,scoringdance:369,https://scoring.dance/enUS/events/369/results/5190.html,a1e4eaca6608c59c,live,0,2026-09-10T16:02:29.865997+00:00
848535aebcd15b78,scoringdance,round,scoringdance:369,https://scoring.dance/enUS/events/369/results/5191.html,a1e4eaca6608c59c,live,0,2026-09-10T16:02:29.865997+00:00
110831fdad465a0c,scoringdance,round,scoringdance:369,https://scoring.dance/enUS/events/369/results/5193.html,a1e4eaca6608c59c,live,0,2026-09-10T16:02:29.865997+00:00
3ed4c5adef75c0bf,scoringdance,round,scoringdance:369,https://scoring.dance/enUS/events/369/results/5195.html,a1e4eaca6608c59c,live,0,2026-09-10T16:02:29.865997+00:00
47167ca8bcaec1d8,scoringdance,round,scoringdance:369,https://scoring.dance/enUS/events/369/results/5198.html,a1e4eaca6608c59c,live,0,2026-09-10T16:02:29.865997+00:00
9353d61009fb9ba4,scoringdance,round,scoringdance:369,https://scoring.dance/enUS/events/369/results/5200.html,a1e4eaca6608c59c,live,0,2026-09-10T16:02:29.865997+00:00
a82f2665c80f74bf,scoringdance,round,scoringdance:369,https://scoring.dance/enUS/events/369/results/5202.html,a1e4eaca6608c59c,live,0,2026-09-10T16:02:29.865997+00:00
77d455e28aa15501,scoringdance,round,scoringdance:369,https://scoring.dance/enUS/events/369/results/5203.html,a1e4eaca6608c59c,live,0,2026-09-10T16:02:29.865997+00:00
94c025e24db92b8d,scoringdance,round,scoringdance:369,https://scoring.dance/enUS/events/369/results/5204.html,a1e4eaca6608c59c,live,0,2026-09-10T16:02:29.865997+00:00
2651b06817d340d0,scoringdance,round,scoringdance:370,https://scoring.dance/enUS/events/370/results/5152.html,afd72b671c2622cd,live,0,2026-09-10T16:02:29.971793+00:00
8673e401683951ae,scoringdance,round,scoringdance:370,https://scoring.dance/enUS/events/370/results/5154.html,afd72b671c2622cd,live,0,2026-09-10T16:02:29.971793+00:00
74b62a057da53533,scoringdance,round,scoringdance:370,https://scoring.dance/enUS/events/370/results/5155.html,afd72b671c2622cd,live,0,2026-09-10T16:02:29.971793+00:00
1c6f5dbf072ce919,scoringdance,round,scoringdance:370,https://scoring.dance/enUS/events/370/results/5156.html,afd72b671c2622cd,live,0,2026-09-10T16:02:29.971793+00:00
f3a739130f46343c,scoringdance,round,scoringdance:370,https://scoring.dance/enUS/events/370/results/5157.html,afd72b671c2622cd,live,0,2026-09-10T16:02:29.971793+00:00
fde3821055a24c1b,scoringdance,round,scoringdance:370,https://scoring.dance/enUS/events/370/results/5158.html,afd72b671c2622cd,live,0,2026-09-10T16:02:29.971793+00:00
510e9787857b34d7,scoringdance,round,scoringdance:370,https://scoring.dance/enUS/events/370/results/5160.html,afd72b671c2622cd,live,0,2026-09-10T16:02:29.971793+00:00
da1208db6c473640,scoringdance,round,scoringdance:370,https://scoring.dance/enUS/events/370/results/5161.html,afd72b671c2622cd,live,0,2026-09-10T16:02:29.971793+00:00
ffaf3e626026b030,scoringdance,round,scoringdance:370,https://scoring.dance/enUS/events/370/results/5163.html,afd72b671c2622cd,live,0,2026-09-10T16:02:29.971793+00:00
3b155cb7dd1eac69,scoringdance,round,scoringdance:370,https://scoring.dance/enUS/events/370/results/5166.html,afd72b671c2622cd,live,0,2026-09-10T16:02:29.971793+00:00
d6e374d137f0ef1f,scoringdance,round,scoringdance:370,https://scoring.dance/enUS/events/370/results/5167.html,afd72b671c2622cd,live,0,2026-09-10T16:02:29.971793+00:00
805aed5763170e62,scoringdance,round,scoringdance:370,https://scoring.dance/enUS/events/370/results/5169.html,afd72b671c2622cd,live,0,2026-09-10T16:02:29.971793+00:00
3c816077b4342d74,scoringdance,round,scoringdance:370,https://scoring.dance/enUS/events/370/results/5170.html,afd72b671c2622cd,live,0,2026-09-10T16:02:29.971793+00:00
5ccf2d88c6c09e92,scoringdance,round,scoringdance:370,https://scoring.dance/enUS/events/370/results/5172.html,afd72b671c2622cd,live,0,2026-09-10T16:02:29.971793+00:00
5e87f0ce32cb246f,scoringdance,round,scoringdance:370,https://scoring.dance/enUS/events/370/results/5174.html,afd72b671c2622cd,live,0,2026-09-10T16:02:29.971793+00:00
681955ff8e69c5b5,scoringdance,round,scoringdance:370,https://scoring.dance/enUS/events/370/results/6370.html,afd72b671c2622cd,live,0,2026-09-10T16:02:29.971793+00:00
e5d39c1565e6fab6,scoringdance,round,scoringdance:370,https://scoring.dance/enUS/events/370/results/6420.html,afd72b671c2622cd,live,0,2026-09-10T16:02:29.971793+00:00
54ed76bbe5f302d6,scoringdance,round,scoringdance:370,https://scoring.dance/enUS/events/370/results/6421.html,afd72b671c2622cd,live,0,2026-09-10T16:02:29.971793+00:00
bf1d141fe8577f09,scoringdance,round,scoringdance:370,https://scoring.dance/enUS/events/370/results/6422.html,afd72b671c2622cd,live,0,2026-09-10T16:02:29.971793+00:00
bdc4da4633821a6c,scoringdance,round,scoringdance:370,https://scoring.dance/enUS/events/370/results/6423.html,afd72b671c2622cd,live,0,2026-09-10T16:02:29.971793+00:00
fe94d3f69c6f0c5d,scoringdance,round,scoringdance:380,https://scoring.dance/enUS/events/380/results/5573.html,5f508f4a41f9118c,live,0,2026-09-10T16:02:29.299484+00:00
8cdc5ae48b30d4f9,scoringdance,round,scoringdance:380,https://scoring.dance/enUS/events/380/results/5574.html,5f508f4a41f9118c,live,0,2026-09-10T16:02:29.299484+00:00
a3ef33134913b752,scoringdance,round,scoringdance:380,https://scoring.dance/enUS/events/380/results/5575.html,5f508f4a41f9118c,live,0,2026-09-10T16:02:29.299484+00:00
7ec54085200a717c,scoringdance,round,scoringdance:380,https://scoring.dance/enUS/events/380/results/5576.html,5f508f4a41f9118c,live,0,2026-09-10T16:02:29.299484+00:00
465045fcb70cb85b,scoringdance,round,scoringdance:380,https://scoring.dance/enUS/events/380/results/5577.html,5f508f4a41f9118c,live,0,2026-09-10T16:02:29.299484+00:00
3041664664c6ef07,scoringdance,round,scoringdance:380,https://scoring.dance/enUS/events/380/results/5578.html,5f508f4a41f9118c,live,0,2026-09-10T16:02:29.299484+00:00
8f056de87072b384,scoringdance,round,scoringdance:380,https://scoring.dance/enUS/events/380/results/5579.html,5f508f4a41f9118c,live,0,2026-09-10T16:02:29.299484+00:00
1f838fb3ff73d2ba,scoringdance,round,scoringdance:380,https://scoring.dance/enUS/events/380/results/5580.html,5f508f4a41f9118c,live,0,2026-09-10T16:02:29.299484+00:00
77d2d694f730ab03,scoringdance,round,scoringdance:380,https://scoring.dance/enUS/events/380/results/5581.html,5f508f4a41f9118c,live,0,2026-09-10T16:02:29.299484+00:00
98f250afe0fce440,scoringdance,round,scoringdance:380,https://scoring.dance/enUS/events/380/results/5582.html,5f508f4a41f9118c,live,0,2026-09-10T16:02:29.299484+00:00
e0451b213527e1dc,scoringdance,round,scoringdance:380,https://scoring.dance/enUS/events/380/results/5583.html,5f508f4a41f9118c,live,0,2026-09-10T16:02:29.299484+00:00
0337b97d5c3ae642,scoringdance,round,scoringdance:380,https://scoring.dance/enUS/events/380/results/5584.html,5f508f4a41f9118c,live,0,2026-09-10T16:02:29.299484+00:00
569f316101be1d32,scoringdance,round,scoringdance:380,https://scoring.dance/enUS/events/380/results/5585.html,5f508f4a41f9118c,live,0,2026-09-10T16:02:29.299484+00:00
45117d1c1cc2e76a,scoringdance,round,scoringdance:380,https://scoring.dance/enUS/events/380/results/5586.html,5f508f4a41f9118c,live,0,2026-09-10T16:02:29.299484+00:00
fd6d5024497b7beb,scoringdance,round,scoringdance:380,https://scoring.dance/enUS/events/380/results/5587.html,5f508f4a41f9118c,live,0,2026-09-10T16:02:29.299484+00:00
024ff6146b89c8eb,scoringdance,round,scoringdance:380,https://scoring.dance/enUS/events/380/results/5588.html,5f508f4a41f9118c,live,0,2026-09-10T16:02:29.299484+00:00
b8964b2faf070988,scoringdance,round,scoringdance:380,https://scoring.dance/enUS/events/380/results/5589.html,5f508f4a41f9118c,live,0,2026-09-10T16:02:29.299484+00:00
f09fc236f32814dd,scoringdance,round,scoringdance:380,https://scoring.dance/enUS/events/380/results/5591.html,5f508f4a41f9118c,live,0,2026-09-10T16:02:29.299484+00:00
c249ec530f90ecc8,scoringdance,round,scoringdance:380,https://scoring.dance/enUS/events/380/results/5594.html,5f508f4a41f9118c,live,0,2026-09-10T16:02:29.299484+00:00
a6b9e447260b51e4,scoringdance,round,scoringdance:380,https://scoring.dance/enUS/events/380/results/5595.html,5f508f4a41f9118c,live,0,2026-09-10T16:02:29.299484+00:00
dfed257340e97048,scoringdance,round,scoringdance:380,https://scoring.dance/enUS/events/380/results/5596.html,5f508f4a41f9118c,live,0,2026-09-10T16:02:29.299484+00:00
64978708cf98fe47,scoringdance,round,scoringdance:381,https://scoring.dance/enUS/events/381/results/5356.html,410a79258efc8737,live,0,2026-09-10T16:02:29.001424+00:00
4c69639ac018ca4f,scoringdance,round,scoringdance:381,https://scoring.dance/enUS/events/381/results/5357.html,410a79258efc8737,live,0,2026-09-10T16:02:29.001424+00:00
46024efcb37932bf,scoringdance,round,scoringdance:381,https://scoring.dance/enUS/events/381/results/5358.html,410a79258efc8737,live,0,2026-09-10T16:02:29.001424+00:00
0c8e8cdf5daf58f1,scoringdance,round,scoringdance:381,https://scoring.dance/enUS/events/381/results/5359.html,410a79258efc8737,live,0,2026-09-10T16:02:29.001424+00:00
bfadccde2b96d09e,scoringdance,round,scoringdance:381,https://scoring.dance/enUS/events/381/results/5360.html,410a79258efc8737,live,0,2026-09-10T16:02:29.001424+00:00
4ed4da751fb14921,scoringdance,round,scoringdance:381,https://scoring.dance/enUS/events/381/results/5361.html,410a79258efc8737,live,0,2026-09-10T16:02:29.001424+00:00
4e4f54d9851daa5b,scoringdance,round,scoringdance:381,https://scoring.dance/enUS/events/381/results/5363.html,410a79258efc8737,live,0,2026-09-10T16:02:29.001424+00:00
9f266f0b921f78dc,scoringdance,round,scoringdance:381,https://scoring.dance/enUS/events/381/results/5364.html,410a79258efc8737,live,0,2026-09-10T16:02:29.001424+00:00
cd37824b671f0cbe,scoringdance,round,scoringdance:381,https://scoring.dance/enUS/events/381/results/5365.html,410a79258efc8737,live,0,2026-09-10T16:02:29.001424+00:00
746e277e9e036fa6,scoringdance,round,scoringdance:381,https://scoring.dance/enUS/events/381/results/5366.html,410a79258efc8737,live,0,2026-09-10T16:02:29.001424+00:00
8ef752be4db83df8,scoringdance,round,scoringdance:381,https://scoring.dance/enUS/events/381/results/5367.html,410a79258efc8737,live,0,2026-09-10T16:02:29.001424+00:00
50567073ca96b299,scoringdance,round,scoringdance:381,https://scoring.dance/enUS/events/381/results/5368.html,410a79258efc8737,live,0,2026-09-10T16:02:29.001424+00:00
d26b2b0130178eaa,scoringdance,round,scoringdance:381,https://scoring.dance/enUS/events/381/results/5369.html,410a79258efc8737,live,0,2026-09-10T16:02:29.001424+00:00
f3b37186f913632b,scoringdance,round,scoringdance:381,https://scoring.dance/enUS/events/381/results/5370.html,410a79258efc8737,live,0,2026-09-10T16:02:29.001424+00:00
8809f5b04ea18831,scoringdance,round,scoringdance:381,https://scoring.dance/enUS/events/381/results/5371.html,410a79258efc8737,live,0,2026-09-10T16:02:29.001424+00:00
a2ffb18d66253679,scoringdance,round,scoringdance:381,https://scoring.dance/enUS/events/381/results/5372.html,410a79258efc8737,live,0,2026-09-10T16:02:29.001424+00:00
f9cac5cac399032f,scoringdance,round,scoringdance:381,https://scoring.dance/enUS/events/381/results/5373.html,410a79258efc8737,live,0,2026-09-10T16:02:29.001424+00:00
0a6c0f6dfca749e2,scoringdance,round,scoringdance:381,https://scoring.dance/enUS/events/381/results/5374.html,410a79258efc8737,live,0,2026-09-10T16:02:29.001424+00:00
42579c6787b614f3,scoringdance,round,scoringdance:381,https://scoring.dance/enUS/events/381/results/5375.html,410a79258efc8737,live,0,2026-09-10T16:02:29.001424+00:00
9308db7ccf5f04aa,scoringdance,round,scoringdance:381,https://scoring.dance/enUS/events/381/results/5378.html,410a79258efc8737,live,0,2026-09-10T16:02:29.001424+00:00
95c7f283d482c407,scoringdance,round,scoringdance:383,https://scoring.dance/enUS/events/383/results/5764.html,6c87ee9e725f29d6,live,0,2026-09-10T16:02:29.403672+00:00
cfd96d7bde193e97,scoringdance,round,scoringdance:383,https://scoring.dance/enUS/events/383/results/5766.html,6c87ee9e725f29d6,live,0,2026-09-10T16:02:29.403672+00:00
8cb0c40b8eb84232,scoringdance,round,scoringdance:383,https://scoring.dance/enUS/events/383/results/5767.html,6c87ee9e725f29d6,live,0,2026-09-10T16:02:29.403672+00:00
f2fcefc728f9801d,scoringdance,round,scoringdance:383,https://scoring.dance/enUS/events/383/results/5768.html,6c87ee9e725f29d6,live,0,2026-09-10T16:02:29.403672+00:00
1a5f136563545aba,scoringdance,round,scoringdance:383,https://scoring.dance/enUS/events/383/results/5769.html,6c87ee9e725f29d6,live,0,2026-09-10T16:02:29.403672+00:00
ea17dcfbdb8725a9,scoringdance,round,scoringdance:383,https://scoring.dance/enUS/events/383/results/5770.html,6c87ee9e725f29d6,live,0,2026-09-10T16:02:29.403672+00:00
c106c68837e95c7b,scoringdance,round,scoringdance:383,https://scoring.dance/enUS/events/383/results/5771.html,6c87ee9e725f29d6,live,0,2026-09-10T16:02:29.403672+00:00
2af9ea6327af76e2,scoringdance,round,scoringdance:383,https://scoring.dance/enUS/events/383/results/5772.html,6c87ee9e725f29d6,live,0,2026-09-10T16:02:29.403672+00:00
a9492ea52d2854df,scoringdance,round,scoringdance:383,https://scoring.dance/enUS/events/383/results/5773.html,6c87ee9e725f29d6,live,0,2026-09-10T16:02:29.403672+00:00
db9d5735f5e8e54e,scoringdance,round,scoringdance:383,https://scoring.dance/enUS/events/383/results/5775.html,6c87ee9e725f29d6,live,0,2026-09-10T16:02:29.403672+00:00
4f1528bdfd0a8dcc,scoringdance,round,scoringdance:383,https://scoring.dance/enUS/events/383/results/5776.html,6c87ee9e725f29d6,live,0,2026-09-10T16:02:29.403672+00:00
361ca04a9a1b5610,scoringdance,round,scoringdance:383,https://scoring.dance/enUS/events/383/results/5777.html,6c87ee9e725f29d6,live,0,2026-09-10T16:02:29.403672+00:00
73fc442377c939cf,scoringdance,round,scoringdance:383,https://scoring.dance/enUS/events/383/results/5778.html,6c87ee9e725f29d6,live,0,2026-09-10T16:02:29.403672+00:00
98711e634c3dc7a9,scoringdance,round,scoringdance:383,https://scoring.dance/enUS/events/383/results/5779.html,6c87ee9e725f29d6,live,0,2026-09-10T16:02:29.403672+00:00
4f6235a8a18e5784,scoringdance,round,scoringdance:383,https://scoring.dance/enUS/events/383/results/5780.html,6c87ee9e725f29d6,live,0,2026-09-10T16:02:29.403672+00:00
b27a79b7da2c29c9,scoringdance,round,scoringdance:383,https://scoring.dance/enUS/events/383/results/5781.html,6c87ee9e725f29d6,live,0,2026-09-10T16:02:29.403672+00:00
c6c3b86d90bf2163,scoringdance,round,scoringdance:383,https://scoring.dance/enUS/events/383/results/5783.html,6c87ee9e725f29d6,live,0,2026-09-10T16:02:29.403672+00:00
87fcf05b3ebb8100,scoringdance,round,scoringdance:383,https://scoring.dance/enUS/events/383/results/5785.html,6c87ee9e725f29d6,live,0,2026-09-10T16:02:29.403672+00:00
65fe2c4490096255,scoringdance,round,scoringdance:383,https://scoring.dance/enUS/events/383/results/5786.html,6c87ee9e725f29d6,live,0,2026-09-10T16:02:29.403672+00:00
edab1dce71c596b7,scoringdance,round,scoringdance:383,https://scoring.dance/enUS/events/383/results/5788.html,6c87ee9e725f29d6,live,0,2026-09-10T16:02:29.403672+00:00
e365b3869dbc3d0d,scoringdance,round,scoringdance:383,https://scoring.dance/enUS/events/383/results/5789.html,6c87ee9e725f29d6,live,0,2026-09-10T16:02:29.403672+00:00
5ae73db295cb6340,scoringdance,round,scoringdance:383,https://scoring.dance/enUS/events/383/results/5791.html,6c87ee9e725f29d6,live,0,2026-09-10T16:02:29.403672+00:00
d5fd4acb4b26ef52,scoringdance,round,scoringdance:383,https://scoring.dance/enUS/events/383/results/5792.html,6c87ee9e725f29d6,live,0,2026-09-10T16:02:29.403672+00:00
ebf5d046064fe090,scoringdance,round,scoringdance:383,https://scoring.dance/enUS/events/383/results/5793.html,6c87ee9e725f29d6,live,0,2026-09-10T16:02:29.403672+00:00
1b7dad5c6134134d,scoringdance,round,scoringdance:383,https://scoring.dance/enUS/events/383/results/5811.html,6c87ee9e725f29d6,live,0,2026-09-10T16:02:29.403672+00:00
73eb438c52de6b43,scoringdance,round,scoringdance:384,https://scoring.dance/enUS/events/384/results/6106.html,9583252520651795,live,0,2026-09-10T16:02:29.720639+00:00
13a5e233be542dba,scoringdance,round,scoringdance:384,https://scoring.dance/enUS/events/384/results/6107.html,9583252520651795,live,0,2026-09-10T16:02:29.720639+00:00
c4d6603e3f4c63cf,scoringdance,round,scoringdance:384,https://scoring.dance/enUS/events/384/results/6108.html,9583252520651795,live,0,2026-09-10T16:02:29.720639+00:00
0c1ac7965c701f09,scoringdance,round,scoringdance:384,https://scoring.dance/enUS/events/384/results/6109.html,9583252520651795,live,0,2026-09-10T16:02:29.720639+00:00
61a89c80d52089e2,scoringdance,round,scoringdance:384,https://scoring.dance/enUS/events/384/results/6110.html,9583252520651795,live,0,2026-09-10T16:02:29.720639+00:00
da3d851c62f76f50,scoringdance,round,scoringdance:384,https://scoring.dance/enUS/events/384/results/6111.html,9583252520651795,live,0,2026-09-10T16:02:29.720639+00:00
727a11a3b815df7c,scoringdance,round,scoringdance:384,https://scoring.dance/enUS/events/384/results/6112.html,9583252520651795,live,0,2026-09-10T16:02:29.720639+00:00
c595c4909a504310,scoringdance,round,scoringdance:384,https://scoring.dance/enUS/events/384/results/6113.html,9583252520651795,live,0,2026-09-10T16:02:29.720639+00:00
81762bea45557cda,scoringdance,round,scoringdance:384,https://scoring.dance/enUS/events/384/results/6114.html,9583252520651795,live,0,2026-09-10T16:02:29.720639+00:00
f704ae7df93560b5,scoringdance,round,scoringdance:384,https://scoring.dance/enUS/events/384/results/6115.html,9583252520651795,live,0,2026-09-10T16:02:29.720639+00:00
b044fe302b376f1d,scoringdance,round,scoringdance:384,https://scoring.dance/enUS/events/384/results/6116.html,9583252520651795,live,0,2026-09-10T16:02:29.720639+00:00
e40bb2b3bd986318,scoringdance,round,scoringdance:384,https://scoring.dance/enUS/events/384/results/6117.html,9583252520651795,live,0,2026-09-10T16:02:29.720639+00:00
dbb2f5b82e6613ce,scoringdance,round,scoringdance:384,https://scoring.dance/enUS/events/384/results/6119.html,9583252520651795,live,0,2026-09-10T16:02:29.720639+00:00
5a285b835c95ff8a,scoringdance,round,scoringdance:384,https://scoring.dance/enUS/events/384/results/6120.html,9583252520651795,live,0,2026-09-10T16:02:29.720639+00:00
eedc00d53389f31b,scoringdance,round,scoringdance:384,https://scoring.dance/enUS/events/384/results/6121.html,9583252520651795,live,0,2026-09-10T16:02:29.720639+00:00
b54d81d81947802a,scoringdance,round,scoringdance:384,https://scoring.dance/enUS/events/384/results/6123.html,9583252520651795,live,0,2026-09-10T16:02:29.720639+00:00
d2e833e0c30b9c7d,scoringdance,round,scoringdance:384,https://scoring.dance/enUS/events/384/results/6124.html,9583252520651795,live,0,2026-09-10T16:02:29.720639+00:00
b5942ddb0cf3bd6a,scoringdance,round,scoringdance:384,https://scoring.dance/enUS/events/384/results/6125.html,9583252520651795,live,0,2026-09-10T16:02:29.720639+00:00
c416b66f5ff0da54,scoringdance,round,scoringdance:384,https://scoring.dance/enUS/events/384/results/6126.html,9583252520651795,live,0,2026-09-10T16:02:29.720639+00:00
ba046168f48eaa69,scoringdance,round,scoringdance:384,https://scoring.dance/enUS/events/384/results/6127.html,9583252520651795,live,0,2026-09-10T16:02:29.720639+00:00
a2ee07b4459bc065,scoringdance,round,scoringdance:387,https://scoring.dance/enUS/events/387/results/5448.html,7856e778f62781d4,live,0,2026-09-10T16:02:29.480270+00:00
e092abbf4036d565,scoringdance,round,scoringdance:387,https://scoring.dance/enUS/events/387/results/5449.html,7856e778f62781d4,live,0,2026-09-10T16:02:29.480270+00:00
ab25736ef45000e4,scoringdance,round,scoringdance:387,https://scoring.dance/enUS/events/387/results/5450.html,7856e778f62781d4,live,0,2026-09-10T16:02:29.480270+00:00
e5acd24fb6fccd35,scoringdance,round,scoringdance:387,https://scoring.dance/enUS/events/387/results/5451.html,7856e778f62781d4,live,0,2026-09-10T16:02:29.480270+00:00
96d0fc44f00ded47,scoringdance,round,scoringdance:387,https://scoring.dance/enUS/events/387/results/5452.html,7856e778f62781d4,live,0,2026-09-10T16:02:29.480270+00:00
87482e353b113527,scoringdance,round,scoringdance:387,https://scoring.dance/enUS/events/387/results/5453.html,7856e778f62781d4,live,0,2026-09-10T16:02:29.480270+00:00
998f3f6c4685afd4,scoringdance,round,scoringdance:387,https://scoring.dance/enUS/events/387/results/5454.html,7856e778f62781d4,live,0,2026-09-10T16:02:29.480270+00:00
5474c569c4dddeaa,scoringdance,round,scoringdance:387,https://scoring.dance/enUS/events/387/results/5455.html,7856e778f62781d4,live,0,2026-09-10T16:02:29.480270+00:00
52082ab9d4b8dfd4,scoringdance,round,scoringdance:387,https://scoring.dance/enUS/events/387/results/5456.html,7856e778f62781d4,live,0,2026-09-10T16:02:29.480270+00:00
756468ff2b1cf718,scoringdance,round,scoringdance:387,https://scoring.dance/enUS/events/387/results/5457.html,7856e778f62781d4,live,0,2026-09-10T16:02:29.480270+00:00
1af936515037c547,scoringdance,round,scoringdance:387,https://scoring.dance/enUS/events/387/results/5458.html,7856e778f62781d4,live,0,2026-09-10T16:02:29.480270+00:00
8c9f67eb4cb4a2e5,scoringdance,round,scoringdance:387,https://scoring.dance/enUS/events/387/results/5460.html,7856e778f62781d4,live,0,2026-09-10T16:02:29.480270+00:00
a3fbe86a36c21ec3,scoringdance,round,scoringdance:387,https://scoring.dance/enUS/events/387/results/5463.html,7856e778f62781d4,live,0,2026-09-10T16:02:29.480270+00:00
503445bc9cc378c5,scoringdance,round,scoringdance:387,https://scoring.dance/enUS/events/387/results/5464.html,7856e778f62781d4,live,0,2026-09-10T16:02:29.480270+00:00
76e4bdc8f7ac6f2e,scoringdance,round,scoringdance:387,https://scoring.dance/enUS/events/387/results/5465.html,7856e778f62781d4,live,0,2026-09-10T16:02:29.480270+00:00
1a2e0355f562894a,scoringdance,round,scoringdance:387,https://scoring.dance/enUS/events/387/results/5466.html,7856e778f62781d4,live,0,2026-09-10T16:02:29.480270+00:00
5fa2a812b65aac4b,scoringdance,round,scoringdance:387,https://scoring.dance/enUS/events/387/results/5467.html,7856e778f62781d4,live,0,2026-09-10T16:02:29.480270+00:00
0ea07a8dd9d70bb7,scoringdance,round,scoringdance:387,https://scoring.dance/enUS/events/387/results/5468.html,7856e778f62781d4,live,0,2026-09-10T16:02:29.480270+00:00
2a47900b61cd4a76,scoringdance,round,scoringdance:387,https://scoring.dance/enUS/events/387/results/5469.html,7856e778f62781d4,live,0,2026-09-10T16:02:29.480270+00:00
3f2d5033f962cc1d,scoringdance,round,scoringdance:387,https://scoring.dance/enUS/events/387/results/5470.html,7856e778f62781d4,live,0,2026-09-10T16:02:29.480270+00:00
120d36e1b69751c8,scoringdance,round,scoringdance:389,https://scoring.dance/enUS/events/389/results/5731.html,e28363e0ecbe0e52,live,0,2026-09-10T16:02:30.485984+00:00
2ba197eaf94e932a,scoringdance,round,scoringdance:389,https://scoring.dance/enUS/events/389/results/5732.html,e28363e0ecbe0e52,live,0,2026-09-10T16:02:30.485984+00:00
8da4358f5e7221bd,scoringdance,round,scoringdance:389,https://scoring.dance/enUS/events/389/results/5733.html,e28363e0ecbe0e52,live,0,2026-09-10T16:02:30.485984+00:00
f6859451e60a8fc8,scoringdance,round,scoringdance:389,https://scoring.dance/enUS/events/389/results/5734.html,e28363e0ecbe0e52,live,0,2026-09-10T16:02:30.485984+00:00
22f99e9b41bdb466,scoringdance,round,scoringdance:389,https://scoring.dance/enUS/events/389/results/5735.html,e28363e0ecbe0e52,live,0,2026-09-10T16:02:30.485984+00:00
473825e145fa364a,scoringdance,round,scoringdance:389,https://scoring.dance/enUS/events/389/results/5736.html,e28363e0ecbe0e52,live,0,2026-09-10T16:02:30.485984+00:00
7144643c305d3087,scoringdance,round,scoringdance:389,https://scoring.dance/enUS/events/389/results/5737.html,e28363e0ecbe0e52,live,0,2026-09-10T16:02:30.485984+00:00
f690212c07a429f9,scoringdance,round,scoringdance:389,https://scoring.dance/enUS/events/389/results/5738.html,e28363e0ecbe0e52,live,0,2026-09-10T16:02:30.485984+00:00
a729e5a146e4c8b8,scoringdance,round,scoringdance:389,https://scoring.dance/enUS/events/389/results/5739.html,e28363e0ecbe0e52,live,0,2026-09-10T16:02:30.485984+00:00
c7890ca5adfb53c3,scoringdance,round,scoringdance:389,https://scoring.dance/enUS/events/389/results/5740.html,e28363e0ecbe0e52,live,0,2026-09-10T16:02:30.485984+00:00
7d5530cadd297e28,scoringdance,round,scoringdance:389,https://scoring.dance/enUS/events/389/results/5741.html,e28363e0ecbe0e52,live,0,2026-09-10T16:02:30.485984+00:00
76a14727760d85bd,scoringdance,round,scoringdance:389,https://scoring.dance/enUS/events/389/results/5742.html,e28363e0ecbe0e52,live,0,2026-09-10T16:02:30.485984+00:00
9aef612f87fab636,scoringdance,round,scoringdance:389,https://scoring.dance/enUS/events/389/results/5743.html,e28363e0ecbe0e52,live,0,2026-09-10T16:02:30.485984+00:00
9edb40180800bb76,scoringdance,round,scoringdance:389,https://scoring.dance/enUS/events/389/results/5745.html,e28363e0ecbe0e52,live,0,2026-09-10T16:02:30.485984+00:00
cab543e94bbe745f,scoringdance,round,scoringdance:389,https://scoring.dance/enUS/events/389/results/5746.html,e28363e0ecbe0e52,live,0,2026-09-10T16:02:30.485984+00:00
eae883ee01370328,scoringdance,round,scoringdance:389,https://scoring.dance/enUS/events/389/results/5747.html,e28363e0ecbe0e52,live,0,2026-09-10T16:02:30.485984+00:00
3856474aabde13cf,scoringdance,round,scoringdance:389,https://scoring.dance/enUS/events/389/results/5749.html,e28363e0ecbe0e52,live,0,2026-09-10T16:02:30.485984+00:00
34d13789c53fa9ab,scoringdance,round,scoringdance:389,https://scoring.dance/enUS/events/389/results/5751.html,e28363e0ecbe0e52,live,0,2026-09-10T16:02:30.485984+00:00
f27bde5d1fd1fd84,scoringdance,round,scoringdance:389,https://scoring.dance/enUS/events/389/results/5753.html,e28363e0ecbe0e52,live,0,2026-09-10T16:02:30.485984+00:00
b9304b916470f681,scoringdance,round,scoringdance:389,https://scoring.dance/enUS/events/389/results/5754.html,e28363e0ecbe0e52,live,0,2026-09-10T16:02:30.485984+00:00
3e7b13641c37b9a0,scoringdance,round,scoringdance:389,https://scoring.dance/enUS/events/389/results/5755.html,e28363e0ecbe0e52,live,0,2026-09-10T16:02:30.485984+00:00
82979b2b2fab5b87,scoringdance,round,scoringdance:389,https://scoring.dance/enUS/events/389/results/5843.html,e28363e0ecbe0e52,live,0,2026-09-10T16:02:30.485984+00:00
3d8dec86212e497a,scoringdance,round,scoringdance:392,https://scoring.dance/enUS/events/392/results/6503.html,52536698949bcf78,live,0,2026-09-10T16:02:29.176020+00:00
36229b9f0930bc38,scoringdance,round,scoringdance:392,https://scoring.dance/enUS/events/392/results/6504.html,52536698949bcf78,live,0,2026-09-10T16:02:29.176020+00:00
760fd8d4bdbb8566,scoringdance,round,scoringdance:392,https://scoring.dance/enUS/events/392/results/6505.html,52536698949bcf78,live,0,2026-09-10T16:02:29.176020+00:00
f1cf3418abff2c08,scoringdance,round,scoringdance:392,https://scoring.dance/enUS/events/392/results/6506.html,52536698949bcf78,live,0,2026-09-10T16:02:29.176020+00:00
1ce23eefaf1196bb,scoringdance,round,scoringdance:392,https://scoring.dance/enUS/events/392/results/6507.html,52536698949bcf78,live,0,2026-09-10T16:02:29.176020+00:00
3e1c42e776a6f2ac,scoringdance,round,scoringdance:392,https://scoring.dance/enUS/events/392/results/6508.html,52536698949bcf78,live,0,2026-09-10T16:02:29.176020+00:00
1bfc5669e4c7890c,scoringdance,round,scoringdance:392,https://scoring.dance/enUS/events/392/results/6509.html,52536698949bcf78,live,0,2026-09-10T16:02:29.176020+00:00
75ef6d86fdc44952,scoringdance,round,scoringdance:392,https://scoring.dance/enUS/events/392/results/6510.html,52536698949bcf78,live,0,2026-09-10T16:02:29.176020+00:00
3b29b5222e1dfa57,scoringdance,round,scoringdance:392,https://scoring.dance/enUS/events/392/results/6511.html,52536698949bcf78,live,0,2026-09-10T16:02:29.176020+00:00
6ed0b4c4546e01d4,scoringdance,round,scoringdance:392,https://scoring.dance/enUS/events/392/results/6512.html,52536698949bcf78,live,0,2026-09-10T16:02:29.176020+00:00
900db98b0cea8dde,scoringdance,round,scoringdance:392,https://scoring.dance/enUS/events/392/results/6513.html,52536698949bcf78,live,0,2026-09-10T16:02:29.176020+00:00
97bcdd338a58755b,scoringdance,round,scoringdance:392,https://scoring.dance/enUS/events/392/results/6514.html,52536698949bcf78,live,0,2026-09-10T16:02:29.176020+00:00
cc9eda90dc3d957b,scoringdance,round,scoringdance:392,https://scoring.dance/enUS/events/392/results/6515.html,52536698949bcf78,live,0,2026-09-10T16:02:29.176020+00:00
fd2639604a3a53fb,scoringdance,round,scoringdance:392,https://scoring.dance/enUS/events/392/results/6516.html,52536698949bcf78,live,0,2026-09-10T16:02:29.176020+00:00
2ca87c14eb668bdd,scoringdance,round,scoringdance:392,https://scoring.dance/enUS/events/392/results/6517.html,52536698949bcf78,live,0,2026-09-10T16:02:29.176020+00:00
78000435209edff8,scoringdance,round,scoringdance:392,https://scoring.dance/enUS/events/392/results/6518.html,52536698949bcf78,live,0,2026-09-10T16:02:29.176020+00:00
4371715c5660d0fd,scoringdance,round,scoringdance:392,https://scoring.dance/enUS/events/392/results/6519.html,52536698949bcf78,live,0,2026-09-10T16:02:29.176020+00:00
7e92bd89d30c4636,scoringdance,round,scoringdance:392,https://scoring.dance/enUS/events/392/results/6520.html,52536698949bcf78,live,0,2026-09-10T16:02:29.176020+00:00
7e1c16be074378c9,scoringdance,round,scoringdance:392,https://scoring.dance/enUS/events/392/results/6521.html,52536698949bcf78,live,0,2026-09-10T16:02:29.176020+00:00
0803c88f3ff726d0,scoringdance,round,scoringdance:392,https://scoring.dance/enUS/events/392/results/6522.html,52536698949bcf78,live,0,2026-09-10T16:02:29.176020+00:00
5e5371a97471fd5c,scoringdance,round,scoringdance:392,https://scoring.dance/enUS/events/392/results/6523.html,52536698949bcf78,live,0,2026-09-10T16:02:29.176020+00:00
478e001b51bf3e1f,scoringdance,round,scoringdance:392,https://scoring.dance/enUS/events/392/results/6524.html,52536698949bcf78,live,0,2026-09-10T16:02:29.176020+00:00
e9940a5231077212,scoringdance,round,scoringdance:392,https://scoring.dance/enUS/events/392/results/6525.html,52536698949bcf78,live,0,2026-09-10T16:02:29.176020+00:00
ec73641b267a9507,scoringdance,round,scoringdance:392,https://scoring.dance/enUS/events/392/results/6526.html,52536698949bcf78,live,0,2026-09-10T16:02:29.176020+00:00
b7b1610268ede908,scoringdance,round,scoringdance:392,https://scoring.dance/enUS/events/392/results/6527.html,52536698949bcf78,live,0,2026-09-10T16:02:29.176020+00:00
0244be8d7f6d2acb,scoringdance,round,scoringdance:392,https://scoring.dance/enUS/events/392/results/6532.html,52536698949bcf78,live,0,2026-09-10T16:02:29.176020+00:00
b9183beda7206875,scoringdance,round,scoringdance:392,https://scoring.dance/enUS/events/392/results/6533.html,52536698949bcf78,live,0,2026-09-10T16:02:29.176020+00:00
a35292d2ec95aecb,scoringdance,round,scoringdance:392,https://scoring.dance/enUS/events/392/results/6584.html,52536698949bcf78,live,0,2026-09-10T16:02:29.176020+00:00
069de7b4c7c3ab16,scoringdance,round,scoringdance:393,https://scoring.dance/enUS/events/393/results/6457.html,e2187e1df79d8d7c,live,0,2026-09-10T16:02:30.479919+00:00
803c8fa15e1bb9f5,scoringdance,round,scoringdance:393,https://scoring.dance/enUS/events/393/results/6458.html,e2187e1df79d8d7c,live,0,2026-09-10T16:02:30.479919+00:00
66737a0ef5a7671d,scoringdance,round,scoringdance:393,https://scoring.dance/enUS/events/393/results/6459.html,e2187e1df79d8d7c,live,0,2026-09-10T16:02:30.479919+00:00
8da1575507cef9d6,scoringdance,round,scoringdance:393,https://scoring.dance/enUS/events/393/results/6460.html,e2187e1df79d8d7c,live,0,2026-09-10T16:02:30.479919+00:00
a0a21442aab45aed,scoringdance,round,scoringdance:393,https://scoring.dance/enUS/events/393/results/6461.html,e2187e1df79d8d7c,live,0,2026-09-10T16:02:30.479919+00:00
3bc184eaa7e7583d,scoringdance,round,scoringdance:393,https://scoring.dance/enUS/events/393/results/6462.html,e2187e1df79d8d7c,live,0,2026-09-10T16:02:30.479919+00:00
3040e817c615955b,scoringdance,round,scoringdance:393,https://scoring.dance/enUS/events/393/results/6463.html,e2187e1df79d8d7c,live,0,2026-09-10T16:02:30.479919+00:00
fceb01fdba9c6fc9,scoringdance,round,scoringdance:393,https://scoring.dance/enUS/events/393/results/6464.html,e2187e1df79d8d7c,live,0,2026-09-10T16:02:30.479919+00:00
5448c2a79aefe277,scoringdance,round,scoringdance:393,https://scoring.dance/enUS/events/393/results/6466.html,e2187e1df79d8d7c,live,0,2026-09-10T16:02:30.479919+00:00
410a9ef5add5bdee,scoringdance,round,scoringdance:393,https://scoring.dance/enUS/events/393/results/6468.html,e2187e1df79d8d7c,live,0,2026-09-10T16:02:30.479919+00:00
e663460aa1fb11f4,scoringdance,round,scoringdance:393,https://scoring.dance/enUS/events/393/results/6469.html,e2187e1df79d8d7c,live,0,2026-09-10T16:02:30.479919+00:00
efa3aa2329317a71,scoringdance,round,scoringdance:393,https://scoring.dance/enUS/events/393/results/6470.html,e2187e1df79d8d7c,live,0,2026-09-10T16:02:30.479919+00:00
0d5b258e05385576,scoringdance,round,scoringdance:393,https://scoring.dance/enUS/events/393/results/6471.html,e2187e1df79d8d7c,live,0,2026-09-10T16:02:30.479919+00:00
7864745b61372dc6,scoringdance,round,scoringdance:393,https://scoring.dance/enUS/events/393/results/6472.html,e2187e1df79d8d7c,live,0,2026-09-10T16:02:30.479919+00:00
c1b753ddc8d7a2ba,scoringdance,round,scoringdance:393,https://scoring.dance/enUS/events/393/results/6473.html,e2187e1df79d8d7c,live,0,2026-09-10T16:02:30.479919+00:00
3542c16f538c2603,scoringdance,round,scoringdance:393,https://scoring.dance/enUS/events/393/results/6474.html,e2187e1df79d8d7c,live,0,2026-09-10T16:02:30.479919+00:00
20aaee195d53b706,scoringdance,round,scoringdance:393,https://scoring.dance/enUS/events/393/results/6530.html,e2187e1df79d8d7c,live,0,2026-09-10T16:02:30.479919+00:00
2f1a38545594a63d,scoringdance,round,scoringdance:394,https://scoring.dance/enUS/events/394/results/6299.html,86fd4778d3418641,live,0,2026-09-10T16:02:29.644945+00:00
f699dd22255e5fd3,scoringdance,round,scoringdance:394,https://scoring.dance/enUS/events/394/results/6300.html,86fd4778d3418641,live,0,2026-09-10T16:02:29.644945+00:00
135771cd6c7fb747,scoringdance,round,scoringdance:394,https://scoring.dance/enUS/events/394/results/6301.html,86fd4778d3418641,live,0,2026-09-10T16:02:29.644945+00:00
ba50585c81dbcd8f,scoringdance,round,scoringdance:394,https://scoring.dance/enUS/events/394/results/6302.html,86fd4778d3418641,live,0,2026-09-10T16:02:29.644945+00:00
96ac80bd17198393,scoringdance,round,scoringdance:394,https://scoring.dance/enUS/events/394/results/6303.html,86fd4778d3418641,live,0,2026-09-10T16:02:29.644945+00:00
e1df57b3ac00f576,scoringdance,round,scoringdance:394,https://scoring.dance/enUS/events/394/results/6304.html,86fd4778d3418641,live,0,2026-09-10T16:02:29.644945+00:00
4d2c640ddfdc8106,scoringdance,round,scoringdance:394,https://scoring.dance/enUS/events/394/results/6305.html,86fd4778d3418641,live,0,2026-09-10T16:02:29.644945+00:00
e0daa2ea7e0f4739,scoringdance,round,scoringdance:394,https://scoring.dance/enUS/events/394/results/6306.html,86fd4778d3418641,live,0,2026-09-10T16:02:29.644945+00:00
c2adb1964834fa5d,scoringdance,round,scoringdance:394,https://scoring.dance/enUS/events/394/results/6307.html,86fd4778d3418641,live,0,2026-09-10T16:02:29.644945+00:00
0fe976e21654d180,scoringdance,round,scoringdance:394,https://scoring.dance/enUS/events/394/results/6308.html,86fd4778d3418641,live,0,2026-09-10T16:02:29.644945+00:00
ee32d69cf5edc828,scoringdance,round,scoringdance:394,https://scoring.dance/enUS/events/394/results/6310.html,86fd4778d3418641,live,0,2026-09-10T16:02:29.644945+00:00
0bf69f79d51536af,scoringdance,round,scoringdance:394,https://scoring.dance/enUS/events/394/results/6311.html,86fd4778d3418641,live,0,2026-09-10T16:02:29.644945+00:00
9d65263dc6eb9127,scoringdance,round,scoringdance:394,https://scoring.dance/enUS/events/394/results/6313.html,86fd4778d3418641,live,0,2026-09-10T16:02:29.644945+00:00
743b683dbf5c0676,scoringdance,round,scoringdance:394,https://scoring.dance/enUS/events/394/results/6314.html,86fd4778d3418641,live,0,2026-09-10T16:02:29.644945+00:00
cf9b9ffc170fe634,scoringdance,round,scoringdance:394,https://scoring.dance/enUS/events/394/results/6315.html,86fd4778d3418641,live,0,2026-09-10T16:02:29.644945+00:00
0ba1269edf4f7663,scoringdance,round,scoringdance:394,https://scoring.dance/enUS/events/394/results/6317.html,86fd4778d3418641,live,0,2026-09-10T16:02:29.644945+00:00
9a9767ef10c5687d,scoringdance,round,scoringdance:394,https://scoring.dance/enUS/events/394/results/6318.html,86fd4778d3418641,live,0,2026-09-10T16:02:29.644945+00:00
259c82b67ce826be,scoringdance,round,scoringdance:394,https://scoring.dance/enUS/events/394/results/6319.html,86fd4778d3418641,live,0,2026-09-10T16:02:29.644945+00:00
f21b7d98095232c4,scoringdance,round,scoringdance:394,https://scoring.dance/enUS/events/394/results/6321.html,86fd4778d3418641,live,0,2026-09-10T16:02:29.644945+00:00
eb51d7e4d14a0b73,scoringdance,round,scoringdance:395,https://scoring.dance/enUS/events/395/results/5547.html,c4ba3ea729d6d9e2,live,0,2026-09-10T16:02:30.203026+00:00
2c37a8e81411d1ea,scoringdance,round,scoringdance:395,https://scoring.dance/enUS/events/395/results/5548.html,c4ba3ea729d6d9e2,live,0,2026-09-10T16:02:30.203026+00:00
3bb442f82cc67ea9,scoringdance,round,scoringdance:395,https://scoring.dance/enUS/events/395/results/5549.html,c4ba3ea729d6d9e2,live,0,2026-09-10T16:02:30.203026+00:00
3a8520fd4cbb6436,scoringdance,round,scoringdance:395,https://scoring.dance/enUS/events/395/results/5550.html,c4ba3ea729d6d9e2,live,0,2026-09-10T16:02:30.203026+00:00
81cba2ef47746d72,scoringdance,round,scoringdance:395,https://scoring.dance/enUS/events/395/results/5551.html,c4ba3ea729d6d9e2,live,0,2026-09-10T16:02:30.203026+00:00
1da5822b3067d121,scoringdance,round,scoringdance:395,https://scoring.dance/enUS/events/395/results/5552.html,c4ba3ea729d6d9e2,live,0,2026-09-10T16:02:30.203026+00:00
c50c67f2d9c76aa8,scoringdance,round,scoringdance:395,https://scoring.dance/enUS/events/395/results/5553.html,c4ba3ea729d6d9e2,live,0,2026-09-10T16:02:30.203026+00:00
2e6bbc0dbc1f0c32,scoringdance,round,scoringdance:395,https://scoring.dance/enUS/events/395/results/5554.html,c4ba3ea729d6d9e2,live,0,2026-09-10T16:02:30.203026+00:00
ccae6ab6fcec33be,scoringdance,round,scoringdance:395,https://scoring.dance/enUS/events/395/results/5555.html,c4ba3ea729d6d9e2,live,0,2026-09-10T16:02:30.203026+00:00
25aa9aabad591d98,scoringdance,round,scoringdance:395,https://scoring.dance/enUS/events/395/results/5556.html,c4ba3ea729d6d9e2,live,0,2026-09-10T16:02:30.203026+00:00
e080d526cf517934,scoringdance,round,scoringdance:395,https://scoring.dance/enUS/events/395/results/5557.html,c4ba3ea729d6d9e2,live,0,2026-09-10T16:02:30.203026+00:00
dd718d8bd8fd8e9c,scoringdance,round,scoringdance:395,https://scoring.dance/enUS/events/395/results/5562.html,c4ba3ea729d6d9e2,live,0,2026-09-10T16:02:30.203026+00:00
6103871d8f55b311,scoringdance,round,scoringdance:395,https://scoring.dance/enUS/events/395/results/5563.html,c4ba3ea729d6d9e2,live,0,2026-09-10T16:02:30.203026+00:00
85356865ef5ab4df,scoringdance,round,scoringdance:395,https://scoring.dance/enUS/events/395/results/5566.html,c4ba3ea729d6d9e2,live,0,2026-09-10T16:02:30.203026+00:00
9ac617c0a2cfe4c6,scoringdance,round,scoringdance:395,https://scoring.dance/enUS/events/395/results/5567.html,c4ba3ea729d6d9e2,live,0,2026-09-10T16:02:30.203026+00:00
b0d202f56b5e15bf,scoringdance,round,scoringdance:395,https://scoring.dance/enUS/events/395/results/5568.html,c4ba3ea729d6d9e2,live,0,2026-09-10T16:02:30.203026+00:00
596341540f19e08d,scoringdance,round,scoringdance:395,https://scoring.dance/enUS/events/395/results/5569.html,c4ba3ea729d6d9e2,live,0,2026-09-10T16:02:30.203026+00:00
bc414808ca81f02b,scoringdance,round,scoringdance:395,https://scoring.dance/enUS/events/395/results/5570.html,c4ba3ea729d6d9e2,live,0,2026-09-10T16:02:30.203026+00:00
6600ebf3ac22c55f,scoringdance,round,scoringdance:395,https://scoring.dance/enUS/events/395/results/5571.html,c4ba3ea729d6d9e2,live,0,2026-09-10T16:02:30.203026+00:00
b010aa6cda2ae087,scoringdance,round,scoringdance:395,https://scoring.dance/enUS/events/395/results/5925.html,c4ba3ea729d6d9e2,live,0,2026-09-10T16:02:30.203026+00:00
e42f05af40560a8b,scoringdance,round,scoringdance:395,https://scoring.dance/enUS/events/395/results/5930.html,c4ba3ea729d6d9e2,live,0,2026-09-10T16:02:30.203026+00:00
6dde4f89dbbc2f3b,scoringdance,round,scoringdance:396,https://scoring.dance/enUS/events/396/results/6475.html,d6f5e06f00d34e76,live,0,2026-09-10T16:02:30.366632+00:00
67bcd96c4f596e4e,scoringdance,round,scoringdance:396,https://scoring.dance/enUS/events/396/results/6476.html,d6f5e06f00d34e76,live,0,2026-09-10T16:02:30.366632+00:00
17ce223a2fc99b99,scoringdance,round,scoringdance:396,https://scoring.dance/enUS/events/396/results/6477.html,d6f5e06f00d34e76,live,0,2026-09-10T16:02:30.366632+00:00
093052bf92fa4645,scoringdance,round,scoringdance:396,https://scoring.dance/enUS/events/396/results/6478.html,d6f5e06f00d34e76,live,0,2026-09-10T16:02:30.366632+00:00
bb370327d49b448c,scoringdance,round,scoringdance:396,https://scoring.dance/enUS/events/396/results/6479.html,d6f5e06f00d34e76,live,0,2026-09-10T16:02:30.366632+00:00
d1eaab5bce98c9b6,scoringdance,round,scoringdance:396,https://scoring.dance/enUS/events/396/results/6480.html,d6f5e06f00d34e76,live,0,2026-09-10T16:02:30.366632+00:00
1ede3299b8fd2f58,scoringdance,round,scoringdance:396,https://scoring.dance/enUS/events/396/results/6482.html,d6f5e06f00d34e76,live,0,2026-09-10T16:02:30.366632+00:00
c5e3e6505003d63e,scoringdance,round,scoringdance:396,https://scoring.dance/enUS/events/396/results/6483.html,d6f5e06f00d34e76,live,0,2026-09-10T16:02:30.366632+00:00
15f33cec10e5bcbf,scoringdance,round,scoringdance:396,https://scoring.dance/enUS/events/396/results/6484.html,d6f5e06f00d34e76,live,0,2026-09-10T16:02:30.366632+00:00
5c88aa5380bdae9e,scoringdance,round,scoringdance:396,https://scoring.dance/enUS/events/396/results/6486.html,d6f5e06f00d34e76,live,0,2026-09-10T16:02:30.366632+00:00
14bcc9c1b96070f7,scoringdance,round,scoringdance:396,https://scoring.dance/enUS/events/396/results/6487.html,d6f5e06f00d34e76,live,0,2026-09-10T16:02:30.366632+00:00
4cbe85ff11debda2,scoringdance,round,scoringdance:396,https://scoring.dance/enUS/events/396/results/6489.html,d6f5e06f00d34e76,live,0,2026-09-10T16:02:30.366632+00:00
9475a4a68c7f695e,scoringdance,round,scoringdance:396,https://scoring.dance/enUS/events/396/results/6491.html,d6f5e06f00d34e76,live,0,2026-09-10T16:02:30.366632+00:00
6fd48c91c1c3275e,scoringdance,round,scoringdance:396,https://scoring.dance/enUS/events/396/results/6492.html,d6f5e06f00d34e76,live,0,2026-09-10T16:02:30.366632+00:00
768676495a8efdbb,scoringdance,round,scoringdance:396,https://scoring.dance/enUS/events/396/results/6493.html,d6f5e06f00d34e76,live,0,2026-09-10T16:02:30.366632+00:00
cf61f2249c15b763,scoringdance,round,scoringdance:396,https://scoring.dance/enUS/events/396/results/6494.html,d6f5e06f00d34e76,live,0,2026-09-10T16:02:30.366632+00:00
962706ed24eb7022,scoringdance,round,scoringdance:396,https://scoring.dance/enUS/events/396/results/6495.html,d6f5e06f00d34e76,live,0,2026-09-10T16:02:30.366632+00:00
bd619ba5902d47ad,scoringdance,round,scoringdance:396,https://scoring.dance/enUS/events/396/results/6497.html,d6f5e06f00d34e76,live,0,2026-09-10T16:02:30.366632+00:00
70cbc54cdb490676,scoringdance,round,scoringdance:396,https://scoring.dance/enUS/events/396/results/6499.html,d6f5e06f00d34e76,live,0,2026-09-10T16:02:30.366632+00:00
28c5af46ad137435,scoringdance,round,scoringdance:396,https://scoring.dance/enUS/events/396/results/6529.html,d6f5e06f00d34e76,live,0,2026-09-10T16:02:30.366632+00:00
946ccbd75676966d,scoringdance,round,scoringdance:398,https://scoring.dance/enUS/events/398/results/5763.html,a05e6440516aa340,live,0,2026-09-10T16:02:29.846751+00:00
f3afbc58db057dc5,scoringdance,round,scoringdance:398,https://scoring.dance/enUS/events/398/results/5907.html,a05e6440516aa340,live,0,2026-09-10T16:02:29.846751+00:00
5a945672d1613255,scoringdance,round,scoringdance:398,https://scoring.dance/enUS/events/398/results/5908.html,a05e6440516aa340,live,0,2026-09-10T16:02:29.846751+00:00
6561aa5d64826714,scoringdance,round,scoringdance:398,https://scoring.dance/enUS/events/398/results/5909.html,a05e6440516aa340,live,0,2026-09-10T16:02:29.846751+00:00
58a8326d79a11e8e,scoringdance,round,scoringdance:398,https://scoring.dance/enUS/events/398/results/5910.html,a05e6440516aa340,live,0,2026-09-10T16:02:29.846751+00:00
7980993151b0a7da,scoringdance,round,scoringdance:398,https://scoring.dance/enUS/events/398/results/5912.html,a05e6440516aa340,live,0,2026-09-10T16:02:29.846751+00:00
172cfa069dd5cb37,scoringdance,round,scoringdance:398,https://scoring.dance/enUS/events/398/results/5913.html,a05e6440516aa340,live,0,2026-09-10T16:02:29.846751+00:00
054413abf20702bc,scoringdance,round,scoringdance:398,https://scoring.dance/enUS/events/398/results/5914.html,a05e6440516aa340,live,0,2026-09-10T16:02:29.846751+00:00
bf2c2c269c384f36,scoringdance,round,scoringdance:398,https://scoring.dance/enUS/events/398/results/5915.html,a05e6440516aa340,live,0,2026-09-10T16:02:29.846751+00:00
a2673204f548a80a,scoringdance,round,scoringdance:398,https://scoring.dance/enUS/events/398/results/5916.html,a05e6440516aa340,live,0,2026-09-10T16:02:29.846751+00:00
2ca69c48fe617cd1,scoringdance,round,scoringdance:398,https://scoring.dance/enUS/events/398/results/5922.html,a05e6440516aa340,live,0,2026-09-10T16:02:29.846751+00:00
3b45b2eb87addec7,scoringdance,round,scoringdance:398,https://scoring.dance/enUS/events/398/results/5924.html,a05e6440516aa340,live,0,2026-09-10T16:02:29.846751+00:00
978e28ec0400d913,scoringdance,round,scoringdance:399,https://scoring.dance/enUS/events/399/results/6286.html,f4adc1b2cf664e98,live,0,2026-09-10T16:02:30.595854+00:00
1f34c6a9556fbf8b,scoringdance,round,scoringdance:399,https://scoring.dance/enUS/events/399/results/6287.html,f4adc1b2cf664e98,live,0,2026-09-10T16:02:30.595854+00:00
1d4ecb7d2ef77b39,scoringdance,round,scoringdance:399,https://scoring.dance/enUS/events/399/results/6288.html,f4adc1b2cf664e98,live,0,2026-09-10T16:02:30.595854+00:00
fe4e1e2a136c1b83,scoringdance,round,scoringdance:399,https://scoring.dance/enUS/events/399/results/6289.html,f4adc1b2cf664e98,live,0,2026-09-10T16:02:30.595854+00:00
1adfbe8ef2e6a5de,scoringdance,round,scoringdance:399,https://scoring.dance/enUS/events/399/results/6290.html,f4adc1b2cf664e98,live,0,2026-09-10T16:02:30.595854+00:00
406b286b8b64e91f,scoringdance,round,scoringdance:399,https://scoring.dance/enUS/events/399/results/6291.html,f4adc1b2cf664e98,live,0,2026-09-10T16:02:30.595854+00:00
9e69373a3d8ca8c2,scoringdance,round,scoringdance:399,https://scoring.dance/enUS/events/399/results/6292.html,f4adc1b2cf664e98,live,0,2026-09-10T16:02:30.595854+00:00
d60ce5b460984526,scoringdance,round,scoringdance:399,https://scoring.dance/enUS/events/399/results/6293.html,f4adc1b2cf664e98,live,0,2026-09-10T16:02:30.595854+00:00
601952d3da70b050,scoringdance,round,scoringdance:399,https://scoring.dance/enUS/events/399/results/6294.html,f4adc1b2cf664e98,live,0,2026-09-10T16:02:30.595854+00:00
ca6c3894d490141a,scoringdance,round,scoringdance:399,https://scoring.dance/enUS/events/399/results/6295.html,f4adc1b2cf664e98,live,0,2026-09-10T16:02:30.595854+00:00
8f9d1c5cde3add60,scoringdance,round,scoringdance:399,https://scoring.dance/enUS/events/399/results/6296.html,f4adc1b2cf664e98,live,0,2026-09-10T16:02:30.595854+00:00
b25bb2b95293e362,scoringdance,round,scoringdance:399,https://scoring.dance/enUS/events/399/results/6297.html,f4adc1b2cf664e98,live,0,2026-09-10T16:02:30.595854+00:00
fe11ae968e869602,scoringdance,round,scoringdance:399,https://scoring.dance/enUS/events/399/results/6298.html,f4adc1b2cf664e98,live,0,2026-09-10T16:02:30.595854+00:00
97816429cdb46d43,scoringdance,round,scoringdance:404,https://scoring.dance/enUS/events/404/results/5794.html,bb74e820598f0834,live,0,2026-09-10T16:02:30.087170+00:00
7b63395f3ef04f93,scoringdance,round,scoringdance:404,https://scoring.dance/enUS/events/404/results/5795.html,bb74e820598f0834,live,0,2026-09-10T16:02:30.087170+00:00
7192deabb5eb0a68,scoringdance,round,scoringdance:404,https://scoring.dance/enUS/events/404/results/5796.html,bb74e820598f0834,live,0,2026-09-10T16:02:30.087170+00:00
a1d6f4e2f13a8bb1,scoringdance,round,scoringdance:404,https://scoring.dance/enUS/events/404/results/5797.html,bb74e820598f0834,live,0,2026-09-10T16:02:30.087170+00:00
e5a27c6990ce3bed,scoringdance,round,scoringdance:404,https://scoring.dance/enUS/events/404/results/5798.html,bb74e820598f0834,live,0,2026-09-10T16:02:30.087170+00:00
91e190d092432e45,scoringdance,round,scoringdance:404,https://scoring.dance/enUS/events/404/results/5799.html,bb74e820598f0834,live,0,2026-09-10T16:02:30.087170+00:00
6da6a2b1d3345422,scoringdance,round,scoringdance:404,https://scoring.dance/enUS/events/404/results/5800.html,bb74e820598f0834,live,0,2026-09-10T16:02:30.087170+00:00
9083eab524081e85,scoringdance,round,scoringdance:404,https://scoring.dance/enUS/events/404/results/5801.html,bb74e820598f0834,live,0,2026-09-10T16:02:30.087170+00:00
823675733d3f78fc,scoringdance,round,scoringdance:404,https://scoring.dance/enUS/events/404/results/5802.html,bb74e820598f0834,live,0,2026-09-10T16:02:30.087170+00:00
83cbb951cb2e178b,scoringdance,round,scoringdance:404,https://scoring.dance/enUS/events/404/results/5803.html,bb74e820598f0834,live,0,2026-09-10T16:02:30.087170+00:00
3acad06455bfd43e,scoringdance,round,scoringdance:404,https://scoring.dance/enUS/events/404/results/5804.html,bb74e820598f0834,live,0,2026-09-10T16:02:30.087170+00:00
1ac605ad9703b603,scoringdance,round,scoringdance:404,https://scoring.dance/enUS/events/404/results/5805.html,bb74e820598f0834,live,0,2026-09-10T16:02:30.087170+00:00
5c5109e021539c8c,scoringdance,round,scoringdance:404,https://scoring.dance/enUS/events/404/results/5806.html,bb74e820598f0834,live,0,2026-09-10T16:02:30.087170+00:00
789f9bd20ad215eb,scoringdance,round,scoringdance:404,https://scoring.dance/enUS/events/404/results/5807.html,bb74e820598f0834,live,0,2026-09-10T16:02:30.087170+00:00
3def231db0bc0ef6,scoringdance,round,scoringdance:404,https://scoring.dance/enUS/events/404/results/5808.html,bb74e820598f0834,live,0,2026-09-10T16:02:30.087170+00:00
d51d7a20b6110b48,scoringdance,round,scoringdance:404,https://scoring.dance/enUS/events/404/results/5809.html,bb74e820598f0834,live,0,2026-09-10T16:02:30.087170+00:00
10b19476618dc5a9,scoringdance,round,scoringdance:404,https://scoring.dance/enUS/events/404/results/5810.html,bb74e820598f0834,live,0,2026-09-10T16:02:30.087170+00:00
204012a6eb19af59,scoringdance,round,scoringdance:405,https://scoring.dance/enUS/events/405/results/5931.html,fbcaa7a81f44f8ff,live,0,2026-09-10T16:02:30.664792+00:00
6e64277bde329972,scoringdance,round,scoringdance:405,https://scoring.dance/enUS/events/405/results/5932.html,fbcaa7a81f44f8ff,live,0,2026-09-10T16:02:30.664792+00:00
31ca8583e0f2733d,scoringdance,round,scoringdance:405,https://scoring.dance/enUS/events/405/results/5933.html,fbcaa7a81f44f8ff,live,0,2026-09-10T16:02:30.664792+00:00
ceb4925fdb01aa5d,scoringdance,round,scoringdance:405,https://scoring.dance/enUS/events/405/results/5935.html,fbcaa7a81f44f8ff,live,0,2026-09-10T16:02:30.664792+00:00
a71c5734f2f91c07,scoringdance,round,scoringdance:405,https://scoring.dance/enUS/events/405/results/5936.html,fbcaa7a81f44f8ff,live,0,2026-09-10T16:02:30.664792+00:00
d4b78940bcd70fd9,scoringdance,round,scoringdance:405,https://scoring.dance/enUS/events/405/results/5937.html,fbcaa7a81f44f8ff,live,0,2026-09-10T16:02:30.664792+00:00
9a0c900d595c9d86,scoringdance,round,scoringdance:405,https://scoring.dance/enUS/events/405/results/5938.html,fbcaa7a81f44f8ff,live,0,2026-09-10T16:02:30.664792+00:00
ded722b859a8f958,scoringdance,round,scoringdance:405,https://scoring.dance/enUS/events/405/results/5939.html,fbcaa7a81f44f8ff,live,0,2026-09-10T16:02:30.664792+00:00
f2aa7cdf8293a2ae,scoringdance,round,scoringdance:405,https://scoring.dance/enUS/events/405/results/5940.html,fbcaa7a81f44f8ff,live,0,2026-09-10T16:02:30.664792+00:00
66ac6dcd97ee36e4,scoringdance,round,scoringdance:405,https://scoring.dance/enUS/events/405/results/5941.html,fbcaa7a81f44f8ff,live,0,2026-09-10T16:02:30.664792+00:00
0f7ed745747fa4d0,scoringdance,round,scoringdance:405,https://scoring.dance/enUS/events/405/results/5944.html,fbcaa7a81f44f8ff,live,0,2026-09-10T16:02:30.664792+00:00
8b3a1525d639b0d6,scoringdance,round,scoringdance:405,https://scoring.dance/enUS/events/405/results/5945.html,fbcaa7a81f44f8ff,live,0,2026-09-10T16:02:30.664792+00:00
b6d7dee154e345e3,scoringdance,round,scoringdance:405,https://scoring.dance/enUS/events/405/results/5947.html,fbcaa7a81f44f8ff,live,0,2026-09-10T16:02:30.664792+00:00
f777314fb3cf4159,scoringdance,round,scoringdance:405,https://scoring.dance/enUS/events/405/results/5948.html,fbcaa7a81f44f8ff,live,0,2026-09-10T16:02:30.664792+00:00
8703a10f043fc848,scoringdance,round,scoringdance:407,https://scoring.dance/enUS/events/407/results/5812.html,45beeae812bd69fe,live,0,2026-09-10T16:02:29.037972+00:00
9cc54ec2356f15a1,scoringdance,round,scoringdance:407,https://scoring.dance/enUS/events/407/results/5813.html,45beeae812bd69fe,live,0,2026-09-10T16:02:29.037972+00:00
30d161ef686bdad8,scoringdance,round,scoringdance:407,https://scoring.dance/enUS/events/407/results/5814.html,45beeae812bd69fe,live,0,2026-09-10T16:02:29.037972+00:00
f1b34e5703bf7dd4,scoringdance,round,scoringdance:407,https://scoring.dance/enUS/events/407/results/5815.html,45beeae812bd69fe,live,0,2026-09-10T16:02:29.037972+00:00
c2270938d27da801,scoringdance,round,scoringdance:407,https://scoring.dance/enUS/events/407/results/5816.html,45beeae812bd69fe,live,0,2026-09-10T16:02:29.037972+00:00
84110efba64f60d8,scoringdance,round,scoringdance:407,https://scoring.dance/enUS/events/407/results/5817.html,45beeae812bd69fe,live,0,2026-09-10T16:02:29.037972+00:00
f4cec766f0a49813,scoringdance,round,scoringdance:407,https://scoring.dance/enUS/events/407/results/5818.html,45beeae812bd69fe,live,0,2026-09-10T16:02:29.037972+00:00
d34909b2c569dd07,scoringdance,round,scoringdance:407,https://scoring.dance/enUS/events/407/results/5820.html,45beeae812bd69fe,live,0,2026-09-10T16:02:29.037972+00:00
89c04a3d08b5de54,scoringdance,round,scoringdance:407,https://scoring.dance/enUS/events/407/results/5821.html,45beeae812bd69fe,live,0,2026-09-10T16:02:29.037972+00:00
4cc5aa2325c5c96e,scoringdance,round,scoringdance:407,https://scoring.dance/enUS/events/407/results/5822.html,45beeae812bd69fe,live,0,2026-09-10T16:02:29.037972+00:00
7d8e5d4e73d79317,scoringdance,round,scoringdance:407,https://scoring.dance/enUS/events/407/results/5823.html,45beeae812bd69fe,live,0,2026-09-10T16:02:29.037972+00:00
0e4470adf1b3629e,scoringdance,round,scoringdance:407,https://scoring.dance/enUS/events/407/results/5824.html,45beeae812bd69fe,live,0,2026-09-10T16:02:29.037972+00:00
1a7861e121f9b60c,scoringdance,round,scoringdance:407,https://scoring.dance/enUS/events/407/results/5825.html,45beeae812bd69fe,live,0,2026-09-10T16:02:29.037972+00:00
2e6319e6d7217c65,scoringdance,round,scoringdance:407,https://scoring.dance/enUS/events/407/results/5826.html,45beeae812bd69fe,live,0,2026-09-10T16:02:29.037972+00:00
dcabefd5f6202fc8,scoringdance,round,scoringdance:407,https://scoring.dance/enUS/events/407/results/5827.html,45beeae812bd69fe,live,0,2026-09-10T16:02:29.037972+00:00
362fecf18bb3f2c6,scoringdance,round,scoringdance:407,https://scoring.dance/enUS/events/407/results/5828.html,45beeae812bd69fe,live,0,2026-09-10T16:02:29.037972+00:00
2521730022f3ec24,scoringdance,round,scoringdance:407,https://scoring.dance/enUS/events/407/results/5829.html,45beeae812bd69fe,live,0,2026-09-10T16:02:29.037972+00:00
81973456cc0bf203,scoringdance,round,scoringdance:407,https://scoring.dance/enUS/events/407/results/5830.html,45beeae812bd69fe,live,0,2026-09-10T16:02:29.037972+00:00
dbfa5242ce8e082f,scoringdance,round,scoringdance:407,https://scoring.dance/enUS/events/407/results/5831.html,45beeae812bd69fe,live,0,2026-09-10T16:02:29.037972+00:00
d5249807dcb373d9,scoringdance,round,scoringdance:407,https://scoring.dance/enUS/events/407/results/5832.html,45beeae812bd69fe,live,0,2026-09-10T16:02:29.037972+00:00
158625ddfa8feb0d,scoringdance,round,scoringdance:407,https://scoring.dance/enUS/events/407/results/5833.html,45beeae812bd69fe,live,0,2026-09-10T16:02:29.037972+00:00
f1b4837e944c9706,scoringdance,round,scoringdance:407,https://scoring.dance/enUS/events/407/results/5834.html,45beeae812bd69fe,live,0,2026-09-10T16:02:29.037972+00:00
820395190a7a8b9d,scoringdance,round,scoringdance:407,https://scoring.dance/enUS/events/407/results/5835.html,45beeae812bd69fe,live,0,2026-09-10T16:02:29.037972+00:00
12b84219ae990fe8,scoringdance,round,scoringdance:407,https://scoring.dance/enUS/events/407/results/5836.html,45beeae812bd69fe,live,0,2026-09-10T16:02:29.037972+00:00
40c51d350fbc8a27,scoringdance,round,scoringdance:407,https://scoring.dance/enUS/events/407/results/5837.html,45beeae812bd69fe,live,0,2026-09-10T16:02:29.037972+00:00
7d4e11f5acd3c89c,scoringdance,round,scoringdance:407,https://scoring.dance/enUS/events/407/results/5838.html,45beeae812bd69fe,live,0,2026-09-10T16:02:29.037972+00:00
72adbbee7d35e549,scoringdance,round,scoringdance:407,https://scoring.dance/enUS/events/407/results/5839.html,45beeae812bd69fe,live,0,2026-09-10T16:02:29.037972+00:00
e0032573b16d0630,scoringdance,round,scoringdance:407,https://scoring.dance/enUS/events/407/results/5840.html,45beeae812bd69fe,live,0,2026-09-10T16:02:29.037972+00:00
bc16fd970d46277f,scoringdance,round,scoringdance:407,https://scoring.dance/enUS/events/407/results/5841.html,45beeae812bd69fe,live,0,2026-09-10T16:02:29.037972+00:00
7d2a712b2279918e,scoringdance,round,scoringdance:407,https://scoring.dance/enUS/events/407/results/5842.html,45beeae812bd69fe,live,0,2026-09-10T16:02:29.037972+00:00
2e0724893d37a6fb,scoringdance,round,scoringdance:409,https://scoring.dance/enUS/events/409/results/5873.html,8061b22fd7ea1375,live,0,2026-09-10T16:02:29.614637+00:00
529405344f215a73,scoringdance,round,scoringdance:409,https://scoring.dance/enUS/events/409/results/5874.html,8061b22fd7ea1375,live,0,2026-09-10T16:02:29.614637+00:00
2276546a12541e93,scoringdance,round,scoringdance:409,https://scoring.dance/enUS/events/409/results/5875.html,8061b22fd7ea1375,live,0,2026-09-10T16:02:29.614637+00:00
9cf90722003eb42a,scoringdance,round,scoringdance:409,https://scoring.dance/enUS/events/409/results/5876.html,8061b22fd7ea1375,live,0,2026-09-10T16:02:29.614637+00:00
cb475c7548602817,scoringdance,round,scoringdance:409,https://scoring.dance/enUS/events/409/results/5877.html,8061b22fd7ea1375,live,0,2026-09-10T16:02:29.614637+00:00
234bdf791d10526e,scoringdance,round,scoringdance:409,https://scoring.dance/enUS/events/409/results/5878.html,8061b22fd7ea1375,live,0,2026-09-10T16:02:29.614637+00:00
5e1fe944556dbd85,scoringdance,round,scoringdance:409,https://scoring.dance/enUS/events/409/results/5879.html,8061b22fd7ea1375,live,0,2026-09-10T16:02:29.614637+00:00
55d2a061164ec49c,scoringdance,round,scoringdance:409,https://scoring.dance/enUS/events/409/results/5880.html,8061b22fd7ea1375,live,0,2026-09-10T16:02:29.614637+00:00
8536c684011898e0,scoringdance,round,scoringdance:409,https://scoring.dance/enUS/events/409/results/5881.html,8061b22fd7ea1375,live,0,2026-09-10T16:02:29.614637+00:00
319ea1077b4d068e,scoringdance,round,scoringdance:409,https://scoring.dance/enUS/events/409/results/5882.html,8061b22fd7ea1375,live,0,2026-09-10T16:02:29.614637+00:00
c0a8cf30cdcd5dcb,scoringdance,round,scoringdance:409,https://scoring.dance/enUS/events/409/results/5883.html,8061b22fd7ea1375,live,0,2026-09-10T16:02:29.614637+00:00
2e56c2da2e185916,scoringdance,round,scoringdance:409,https://scoring.dance/enUS/events/409/results/5884.html,8061b22fd7ea1375,live,0,2026-09-10T16:02:29.614637+00:00
9d3adefc140e17d4,scoringdance,round,scoringdance:409,https://scoring.dance/enUS/events/409/results/5885.html,8061b22fd7ea1375,live,0,2026-09-10T16:02:29.614637+00:00
c568be75e6d96449,scoringdance,round,scoringdance:409,https://scoring.dance/enUS/events/409/results/5886.html,8061b22fd7ea1375,live,0,2026-09-10T16:02:29.614637+00:00
c707692f1aeca14a,scoringdance,round,scoringdance:409,https://scoring.dance/enUS/events/409/results/5888.html,8061b22fd7ea1375,live,0,2026-09-10T16:02:29.614637+00:00
2fe29e52f2cac21f,scoringdance,round,scoringdance:409,https://scoring.dance/enUS/events/409/results/5889.html,8061b22fd7ea1375,live,0,2026-09-10T16:02:29.614637+00:00
6cf46feafc1471c9,scoringdance,round,scoringdance:409,https://scoring.dance/enUS/events/409/results/5890.html,8061b22fd7ea1375,live,0,2026-09-10T16:02:29.614637+00:00
97f4d5eddc4561b8,scoringdance,round,scoringdance:409,https://scoring.dance/enUS/events/409/results/5891.html,8061b22fd7ea1375,live,0,2026-09-10T16:02:29.614637+00:00
a12645fb303b14cc,scoringdance,round,scoringdance:409,https://scoring.dance/enUS/events/409/results/5892.html,8061b22fd7ea1375,live,0,2026-09-10T16:02:29.614637+00:00
a634df85380a0b9e,scoringdance,round,scoringdance:409,https://scoring.dance/enUS/events/409/results/5894.html,8061b22fd7ea1375,live,0,2026-09-10T16:02:29.614637+00:00
618ce34c2e969d94,scoringdance,round,scoringdance:409,https://scoring.dance/enUS/events/409/results/5928.html,8061b22fd7ea1375,live,0,2026-09-10T16:02:29.614637+00:00
641877100e8393e9,scoringdance,round,scoringdance:409,https://scoring.dance/enUS/events/409/results/5929.html,8061b22fd7ea1375,live,0,2026-09-10T16:02:29.614637+00:00
617ecf97e3fb3e89,scoringdance,round,scoringdance:410,https://scoring.dance/enUS/events/410/results/6206.html,98203afc2f6ada98,live,0,2026-09-10T16:02:29.743697+00:00
38abe68509ae2350,scoringdance,round,scoringdance:410,https://scoring.dance/enUS/events/410/results/6207.html,98203afc2f6ada98,live,0,2026-09-10T16:02:29.743697+00:00
22203301f693ccec,scoringdance,round,scoringdance:410,https://scoring.dance/enUS/events/410/results/6208.html,98203afc2f6ada98,live,0,2026-09-10T16:02:29.743697+00:00
52c76de923ba7e3e,scoringdance,round,scoringdance:410,https://scoring.dance/enUS/events/410/results/6235.html,98203afc2f6ada98,live,0,2026-09-10T16:02:29.743697+00:00
b816fd8750482910,scoringdance,round,scoringdance:410,https://scoring.dance/enUS/events/410/results/6236.html,98203afc2f6ada98,live,0,2026-09-10T16:02:29.743697+00:00
5743111132b7341b,scoringdance,round,scoringdance:410,https://scoring.dance/enUS/events/410/results/6237.html,98203afc2f6ada98,live,0,2026-09-10T16:02:29.743697+00:00
0eac82506456f6b2,scoringdance,round,scoringdance:410,https://scoring.dance/enUS/events/410/results/6238.html,98203afc2f6ada98,live,0,2026-09-10T16:02:29.743697+00:00
9ebf4a8a034ebf0a,scoringdance,round,scoringdance:410,https://scoring.dance/enUS/events/410/results/6239.html,98203afc2f6ada98,live,0,2026-09-10T16:02:29.743697+00:00
eaa1217008b54b18,scoringdance,round,scoringdance:410,https://scoring.dance/enUS/events/410/results/6240.html,98203afc2f6ada98,live,0,2026-09-10T16:02:29.743697+00:00
ef25a974782d5556,scoringdance,round,scoringdance:410,https://scoring.dance/enUS/events/410/results/6241.html,98203afc2f6ada98,live,0,2026-09-10T16:02:29.743697+00:00
a02bdfb9cde5aa9e,scoringdance,round,scoringdance:410,https://scoring.dance/enUS/events/410/results/6242.html,98203afc2f6ada98,live,0,2026-09-10T16:02:29.743697+00:00
8a360373dfc249c0,scoringdance,round,scoringdance:410,https://scoring.dance/enUS/events/410/results/6243.html,98203afc2f6ada98,live,0,2026-09-10T16:02:29.743697+00:00
791222c77c9f7343,scoringdance,round,scoringdance:410,https://scoring.dance/enUS/events/410/results/6244.html,98203afc2f6ada98,live,0,2026-09-10T16:02:29.743697+00:00
c07dba6631dfe1a5,scoringdance,round,scoringdance:410,https://scoring.dance/enUS/events/410/results/6245.html,98203afc2f6ada98,live,0,2026-09-10T16:02:29.743697+00:00
db8582b919792894,scoringdance,round,scoringdance:410,https://scoring.dance/enUS/events/410/results/6247.html,98203afc2f6ada98,live,0,2026-09-10T16:02:29.743697+00:00
48ae0ee7f45a9cb0,scoringdance,round,scoringdance:410,https://scoring.dance/enUS/events/410/results/6267.html,98203afc2f6ada98,live,0,2026-09-10T16:02:29.743697+00:00
6089a3a06fd51406,scoringdance,round,scoringdance:412,https://scoring.dance/enUS/events/412/results/6042.html,6521da602a1b9ad9,live,0,2026-09-10T16:02:29.351714+00:00
5bdfb5932f8d94d6,scoringdance,round,scoringdance:412,https://scoring.dance/enUS/events/412/results/6043.html,6521da602a1b9ad9,live,0,2026-09-10T16:02:29.351714+00:00
7c876d62bf41e9fd,scoringdance,round,scoringdance:412,https://scoring.dance/enUS/events/412/results/6044.html,6521da602a1b9ad9,live,0,2026-09-10T16:02:29.351714+00:00
827622918a1300dc,scoringdance,round,scoringdance:412,https://scoring.dance/enUS/events/412/results/6045.html,6521da602a1b9ad9,live,0,2026-09-10T16:02:29.351714+00:00
e80bdace9171aaec,scoringdance,round,scoringdance:412,https://scoring.dance/enUS/events/412/results/6046.html,6521da602a1b9ad9,live,0,2026-09-10T16:02:29.351714+00:00
7d1b225766ab794f,scoringdance,round,scoringdance:412,https://scoring.dance/enUS/events/412/results/6047.html,6521da602a1b9ad9,live,0,2026-09-10T16:02:29.351714+00:00
539be3c55bc52033,scoringdance,round,scoringdance:412,https://scoring.dance/enUS/events/412/results/6048.html,6521da602a1b9ad9,live,0,2026-09-10T16:02:29.351714+00:00
269344608717925d,scoringdance,round,scoringdance:412,https://scoring.dance/enUS/events/412/results/6049.html,6521da602a1b9ad9,live,0,2026-09-10T16:02:29.351714+00:00
9dba960585ceaaad,scoringdance,round,scoringdance:412,https://scoring.dance/enUS/events/412/results/6050.html,6521da602a1b9ad9,live,0,2026-09-10T16:02:29.351714+00:00
52b00104403e2122,scoringdance,round,scoringdance:412,https://scoring.dance/enUS/events/412/results/6051.html,6521da602a1b9ad9,live,0,2026-09-10T16:02:29.351714+00:00
3f1e7b9d52525a5b,scoringdance,round,scoringdance:412,https://scoring.dance/enUS/events/412/results/6052.html,6521da602a1b9ad9,live,0,2026-09-10T16:02:29.351714+00:00
7f516a7e1f8801cb,scoringdance,round,scoringdance:412,https://scoring.dance/enUS/events/412/results/6053.html,6521da602a1b9ad9,live,0,2026-09-10T16:02:29.351714+00:00
b8a09071d619b349,scoringdance,round,scoringdance:412,https://scoring.dance/enUS/events/412/results/6054.html,6521da602a1b9ad9,live,0,2026-09-10T16:02:29.351714+00:00
e28387170c593255,scoringdance,round,scoringdance:412,https://scoring.dance/enUS/events/412/results/6055.html,6521da602a1b9ad9,live,0,2026-09-10T16:02:29.351714+00:00
77f8e5ee9506e5f3,scoringdance,round,scoringdance:412,https://scoring.dance/enUS/events/412/results/6056.html,6521da602a1b9ad9,live,0,2026-09-10T16:02:29.351714+00:00
4ba031f717f101d5,scoringdance,round,scoringdance:412,https://scoring.dance/enUS/events/412/results/6057.html,6521da602a1b9ad9,live,0,2026-09-10T16:02:29.351714+00:00
bd4ebb6fe0fa2956,scoringdance,round,scoringdance:412,https://scoring.dance/enUS/events/412/results/6058.html,6521da602a1b9ad9,live,0,2026-09-10T16:02:29.351714+00:00
e32736219991b51f,scoringdance,round,scoringdance:412,https://scoring.dance/enUS/events/412/results/6059.html,6521da602a1b9ad9,live,0,2026-09-10T16:02:29.351714+00:00
e17c684efcee766e,scoringdance,round,scoringdance:412,https://scoring.dance/enUS/events/412/results/6060.html,6521da602a1b9ad9,live,0,2026-09-10T16:02:29.351714+00:00
23187430a04c7f7f,scoringdance,round,scoringdance:412,https://scoring.dance/enUS/events/412/results/6061.html,6521da602a1b9ad9,live,0,2026-09-10T16:02:29.351714+00:00
91ea6340bfcf0feb,scoringdance,round,scoringdance:412,https://scoring.dance/enUS/events/412/results/6062.html,6521da602a1b9ad9,live,0,2026-09-10T16:02:29.351714+00:00
e6a367db71b19e1c,scoringdance,round,scoringdance:412,https://scoring.dance/enUS/events/412/results/6101.html,6521da602a1b9ad9,live,0,2026-09-10T16:02:29.351714+00:00
c93dce947e22a033,scoringdance,round,scoringdance:412,https://scoring.dance/enUS/events/412/results/6102.html,6521da602a1b9ad9,live,0,2026-09-10T16:02:29.351714+00:00
c2f7e107541f21a3,scoringdance,round,scoringdance:412,https://scoring.dance/enUS/events/412/results/6103.html,6521da602a1b9ad9,live,0,2026-09-10T16:02:29.351714+00:00
56cee27b1822c5ea,scoringdance,round,scoringdance:412,https://scoring.dance/enUS/events/412/results/6104.html,6521da602a1b9ad9,live,0,2026-09-10T16:02:29.351714+00:00
ae8b8b6dc0205679,scoringdance,round,scoringdance:412,https://scoring.dance/enUS/events/412/results/6105.html,6521da602a1b9ad9,live,0,2026-09-10T16:02:29.351714+00:00
57ba3d3283422a57,scoringdance,round,scoringdance:413,https://scoring.dance/enUS/events/413/results/6170.html,a24c325d846b2147,live,0,2026-09-10T16:02:29.872452+00:00
8bf7151db188522c,scoringdance,round,scoringdance:415,https://scoring.dance/enUS/events/415/results/5949.html,60693feb38061e72,live,0,2026-09-10T16:02:29.305347+00:00
40469a84a393c628,scoringdance,round,scoringdance:415,https://scoring.dance/enUS/events/415/results/5950.html,60693feb38061e72,live,0,2026-09-10T16:02:29.305347+00:00
f2cfc25db930ff71,scoringdance,round,scoringdance:415,https://scoring.dance/enUS/events/415/results/5951.html,60693feb38061e72,live,0,2026-09-10T16:02:29.305347+00:00
24b12c117c7415ca,scoringdance,round,scoringdance:415,https://scoring.dance/enUS/events/415/results/5952.html,60693feb38061e72,live,0,2026-09-10T16:02:29.305347+00:00
26b538a637090605,scoringdance,round,scoringdance:415,https://scoring.dance/enUS/events/415/results/5953.html,60693feb38061e72,live,0,2026-09-10T16:02:29.305347+00:00
56d544f1cd5ce402,scoringdance,round,scoringdance:415,https://scoring.dance/enUS/events/415/results/5954.html,60693feb38061e72,live,0,2026-09-10T16:02:29.305347+00:00
e1d50139fdcbdc0e,scoringdance,round,scoringdance:415,https://scoring.dance/enUS/events/415/results/5955.html,60693feb38061e72,live,0,2026-09-10T16:02:29.305347+00:00
175367c1824b3638,scoringdance,round,scoringdance:415,https://scoring.dance/enUS/events/415/results/5956.html,60693feb38061e72,live,0,2026-09-10T16:02:29.305347+00:00
ee2e38135b2f7003,scoringdance,round,scoringdance:415,https://scoring.dance/enUS/events/415/results/5957.html,60693feb38061e72,live,0,2026-09-10T16:02:29.305347+00:00
eabe3aa06ab058a8,scoringdance,round,scoringdance:415,https://scoring.dance/enUS/events/415/results/5958.html,60693feb38061e72,live,0,2026-09-10T16:02:29.305347+00:00
1f6ecb9b134f85f3,scoringdance,round,scoringdance:415,https://scoring.dance/enUS/events/415/results/5959.html,60693feb38061e72,live,0,2026-09-10T16:02:29.305347+00:00
1a73722e094d8952,scoringdance,round,scoringdance:415,https://scoring.dance/enUS/events/415/results/5960.html,60693feb38061e72,live,0,2026-09-10T16:02:29.305347+00:00
ca315c3b84be3b1b,scoringdance,round,scoringdance:415,https://scoring.dance/enUS/events/415/results/5961.html,60693feb38061e72,live,0,2026-09-10T16:02:29.305347+00:00
a18fbca7201883d6,scoringdance,round,scoringdance:415,https://scoring.dance/enUS/events/415/results/5962.html,60693feb38061e72,live,0,2026-09-10T16:02:29.305347+00:00
49299eab995250df,scoringdance,round,scoringdance:415,https://scoring.dance/enUS/events/415/results/5963.html,60693feb38061e72,live,0,2026-09-10T16:02:29.305347+00:00
57aeb4a618bcea60,scoringdance,round,scoringdance:415,https://scoring.dance/enUS/events/415/results/5964.html,60693feb38061e72,live,0,2026-09-10T16:02:29.305347+00:00
9e3e3b16cf699aa5,scoringdance,round,scoringdance:416,https://scoring.dance/enUS/events/416/results/5991.html,bbe4731a257fb07b,live,0,2026-09-10T16:02:30.093174+00:00
1b1bbacae2b58225,scoringdance,round,scoringdance:416,https://scoring.dance/enUS/events/416/results/5992.html,bbe4731a257fb07b,live,0,2026-09-10T16:02:30.093174+00:00
40fdcaa74f5de655,scoringdance,round,scoringdance:416,https://scoring.dance/enUS/events/416/results/5993.html,bbe4731a257fb07b,live,0,2026-09-10T16:02:30.093174+00:00
702f3a4124433ae2,scoringdance,round,scoringdance:416,https://scoring.dance/enUS/events/416/results/5994.html,bbe4731a257fb07b,live,0,2026-09-10T16:02:30.093174+00:00
595d06782e4f0aa4,scoringdance,round,scoringdance:416,https://scoring.dance/enUS/events/416/results/5995.html,bbe4731a257fb07b,live,0,2026-09-10T16:02:30.093174+00:00
f94776d0af49882e,scoringdance,round,scoringdance:416,https://scoring.dance/enUS/events/416/results/5996.html,bbe4731a257fb07b,live,0,2026-09-10T16:02:30.093174+00:00
d63c0c5297615025,scoringdance,round,scoringdance:416,https://scoring.dance/enUS/events/416/results/5997.html,bbe4731a257fb07b,live,0,2026-09-10T16:02:30.093174+00:00
fb4bef9a88a311f3,scoringdance,round,scoringdance:416,https://scoring.dance/enUS/events/416/results/5998.html,bbe4731a257fb07b,live,0,2026-09-10T16:02:30.093174+00:00
a4f9b342607c2add,scoringdance,round,scoringdance:416,https://scoring.dance/enUS/events/416/results/5999.html,bbe4731a257fb07b,live,0,2026-09-10T16:02:30.093174+00:00
255008a00745553d,scoringdance,round,scoringdance:416,https://scoring.dance/enUS/events/416/results/6001.html,bbe4731a257fb07b,live,0,2026-09-10T16:02:30.093174+00:00
eee0fd9cb22d24a8,scoringdance,round,scoringdance:416,https://scoring.dance/enUS/events/416/results/6002.html,bbe4731a257fb07b,live,0,2026-09-10T16:02:30.093174+00:00
c66f3f286821dd72,scoringdance,round,scoringdance:416,https://scoring.dance/enUS/events/416/results/6003.html,bbe4731a257fb07b,live,0,2026-09-10T16:02:30.093174+00:00
5e3e4d7120ab4c7e,scoringdance,round,scoringdance:416,https://scoring.dance/enUS/events/416/results/6004.html,bbe4731a257fb07b,live,0,2026-09-10T16:02:30.093174+00:00
82fd11627733237a,scoringdance,round,scoringdance:416,https://scoring.dance/enUS/events/416/results/6005.html,bbe4731a257fb07b,live,0,2026-09-10T16:02:30.093174+00:00
a009229af5f76f75,scoringdance,round,scoringdance:416,https://scoring.dance/enUS/events/416/results/6006.html,bbe4731a257fb07b,live,0,2026-09-10T16:02:30.093174+00:00
0030d726eea1ecdf,scoringdance,round,scoringdance:416,https://scoring.dance/enUS/events/416/results/6007.html,bbe4731a257fb07b,live,0,2026-09-10T16:02:30.093174+00:00
861400d734332d98,scoringdance,round,scoringdance:416,https://scoring.dance/enUS/events/416/results/6008.html,bbe4731a257fb07b,live,0,2026-09-10T16:02:30.093174+00:00
f699ab1d417e0bea,scoringdance,round,scoringdance:416,https://scoring.dance/enUS/events/416/results/6009.html,bbe4731a257fb07b,live,0,2026-09-10T16:02:30.093174+00:00
71980c3e7a659af7,scoringdance,round,scoringdance:416,https://scoring.dance/enUS/events/416/results/6026.html,bbe4731a257fb07b,live,0,2026-09-10T16:02:30.093174+00:00
5ecb800a97cf9d71,scoringdance,round,scoringdance:416,https://scoring.dance/enUS/events/416/results/6027.html,bbe4731a257fb07b,live,0,2026-09-10T16:02:30.093174+00:00
b1d57b578400b234,scoringdance,round,scoringdance:419,https://scoring.dance/enUS/events/419/results/6028.html,b45048f41811a12b,live,0,2026-09-10T16:02:30.017746+00:00
fb31f3826ab64f1a,scoringdance,round,scoringdance:419,https://scoring.dance/enUS/events/419/results/6029.html,b45048f41811a12b,live,0,2026-09-10T16:02:30.017746+00:00
617d1b8d271bb8ce,scoringdance,round,scoringdance:419,https://scoring.dance/enUS/events/419/results/6030.html,b45048f41811a12b,live,0,2026-09-10T16:02:30.017746+00:00
caee1afce82d60e3,scoringdance,round,scoringdance:419,https://scoring.dance/enUS/events/419/results/6031.html,b45048f41811a12b,live,0,2026-09-10T16:02:30.017746+00:00
d9edfc700e43e2e1,scoringdance,round,scoringdance:419,https://scoring.dance/enUS/events/419/results/6032.html,b45048f41811a12b,live,0,2026-09-10T16:02:30.017746+00:00
b44842c67adb0766,scoringdance,round,scoringdance:419,https://scoring.dance/enUS/events/419/results/6033.html,b45048f41811a12b,live,0,2026-09-10T16:02:30.017746+00:00
08b51dad0c32b365,scoringdance,round,scoringdance:419,https://scoring.dance/enUS/events/419/results/6034.html,b45048f41811a12b,live,0,2026-09-10T16:02:30.017746+00:00
68d889db4b1a75e4,scoringdance,round,scoringdance:419,https://scoring.dance/enUS/events/419/results/6035.html,b45048f41811a12b,live,0,2026-09-10T16:02:30.017746+00:00
b574054e9648e382,scoringdance,round,scoringdance:419,https://scoring.dance/enUS/events/419/results/6036.html,b45048f41811a12b,live,0,2026-09-10T16:02:30.017746+00:00
0282f37f2e8f25b0,scoringdance,round,scoringdance:419,https://scoring.dance/enUS/events/419/results/6038.html,b45048f41811a12b,live,0,2026-09-10T16:02:30.017746+00:00
c5973ba1ca7ab4af,scoringdance,round,scoringdance:419,https://scoring.dance/enUS/events/419/results/6039.html,b45048f41811a12b,live,0,2026-09-10T16:02:30.017746+00:00
6cfeafb7656f6997,scoringdance,round,scoringdance:419,https://scoring.dance/enUS/events/419/results/6040.html,b45048f41811a12b,live,0,2026-09-10T16:02:30.017746+00:00
c0ecbdbd3389ea86,scoringdance,round,scoringdance:419,https://scoring.dance/enUS/events/419/results/6041.html,b45048f41811a12b,live,0,2026-09-10T16:02:30.017746+00:00
8f07d0f83e50af34,scoringdance,round,scoringdance:419,https://scoring.dance/enUS/events/419/results/6167.html,b45048f41811a12b,live,0,2026-09-10T16:02:30.017746+00:00
e920ec7828a01ea4,scoringdance,round,scoringdance:420,https://scoring.dance/enUS/events/420/results/6128.html,6c564110b4053837,live,0,2026-09-10T16:02:29.398406+00:00
beb09b58ab16a17a,scoringdance,round,scoringdance:420,https://scoring.dance/enUS/events/420/results/6129.html,6c564110b4053837,live,0,2026-09-10T16:02:29.398406+00:00
1f4b5175a1383613,scoringdance,round,scoringdance:420,https://scoring.dance/enUS/events/420/results/6130.html,6c564110b4053837,live,0,2026-09-10T16:02:29.398406+00:00
4e9e58a6254bb6fc,scoringdance,round,scoringdance:420,https://scoring.dance/enUS/events/420/results/6131.html,6c564110b4053837,live,0,2026-09-10T16:02:29.398406+00:00
8961dd5b93c519fd,scoringdance,round,scoringdance:420,https://scoring.dance/enUS/events/420/results/6132.html,6c564110b4053837,live,0,2026-09-10T16:02:29.398406+00:00
e571881770c9b21c,scoringdance,round,scoringdance:420,https://scoring.dance/enUS/events/420/results/6133.html,6c564110b4053837,live,0,2026-09-10T16:02:29.398406+00:00
7d2ee96cbe8e6d67,scoringdance,round,scoringdance:420,https://scoring.dance/enUS/events/420/results/6134.html,6c564110b4053837,live,0,2026-09-10T16:02:29.398406+00:00
88a0f52bb84352c3,scoringdance,round,scoringdance:420,https://scoring.dance/enUS/events/420/results/6135.html,6c564110b4053837,live,0,2026-09-10T16:02:29.398406+00:00
8919a17faddebafa,scoringdance,round,scoringdance:420,https://scoring.dance/enUS/events/420/results/6136.html,6c564110b4053837,live,0,2026-09-10T16:02:29.398406+00:00
ec0c5869ff8a7fd6,scoringdance,round,scoringdance:420,https://scoring.dance/enUS/events/420/results/6138.html,6c564110b4053837,live,0,2026-09-10T16:02:29.398406+00:00
a70c426c0c5884a4,scoringdance,round,scoringdance:420,https://scoring.dance/enUS/events/420/results/6139.html,6c564110b4053837,live,0,2026-09-10T16:02:29.398406+00:00
3c3c162d4fc26684,scoringdance,round,scoringdance:420,https://scoring.dance/enUS/events/420/results/6140.html,6c564110b4053837,live,0,2026-09-10T16:02:29.398406+00:00
74dda143f96e79c9,scoringdance,round,scoringdance:420,https://scoring.dance/enUS/events/420/results/6141.html,6c564110b4053837,live,0,2026-09-10T16:02:29.398406+00:00
9ce0cda85eb137f0,scoringdance,round,scoringdance:420,https://scoring.dance/enUS/events/420/results/6142.html,6c564110b4053837,live,0,2026-09-10T16:02:29.398406+00:00
2bfe0eaea610b60d,scoringdance,round,scoringdance:422,https://scoring.dance/enUS/events/422/results/6220.html,38a7f722f8588385,live,0,2026-09-10T16:02:28.905232+00:00
7ff48643f7db984f,scoringdance,round,scoringdance:422,https://scoring.dance/enUS/events/422/results/6221.html,38a7f722f8588385,live,0,2026-09-10T16:02:28.905232+00:00
37e14dd1b9365916,scoringdance,round,scoringdance:422,https://scoring.dance/enUS/events/422/results/6222.html,38a7f722f8588385,live,0,2026-09-10T16:02:28.905232+00:00
9cdb7fe8ef0ebab5,scoringdance,round,scoringdance:422,https://scoring.dance/enUS/events/422/results/6223.html,38a7f722f8588385,live,0,2026-09-10T16:02:28.905232+00:00
99975d5e3441f7a7,scoringdance,round,scoringdance:422,https://scoring.dance/enUS/events/422/results/6224.html,38a7f722f8588385,live,0,2026-09-10T16:02:28.905232+00:00
9761c6c7c561b821,scoringdance,round,scoringdance:422,https://scoring.dance/enUS/events/422/results/6225.html,38a7f722f8588385,live,0,2026-09-10T16:02:28.905232+00:00
f2e81bc964c7d9c5,scoringdance,round,scoringdance:422,https://scoring.dance/enUS/events/422/results/6226.html,38a7f722f8588385,live,0,2026-09-10T16:02:28.905232+00:00
bfe2790cd77244f5,scoringdance,round,scoringdance:422,https://scoring.dance/enUS/events/422/results/6227.html,38a7f722f8588385,live,0,2026-09-10T16:02:28.905232+00:00
d999889afaa302d4,scoringdance,round,scoringdance:422,https://scoring.dance/enUS/events/422/results/6228.html,38a7f722f8588385,live,0,2026-09-10T16:02:28.905232+00:00
3c7584b5f6111164,scoringdance,round,scoringdance:422,https://scoring.dance/enUS/events/422/results/6230.html,38a7f722f8588385,live,0,2026-09-10T16:02:28.905232+00:00
9253d3aea6d0c549,scoringdance,round,scoringdance:422,https://scoring.dance/enUS/events/422/results/6231.html,38a7f722f8588385,live,0,2026-09-10T16:02:28.905232+00:00
0539b045d3e2af97,scoringdance,round,scoringdance:422,https://scoring.dance/enUS/events/422/results/6232.html,38a7f722f8588385,live,0,2026-09-10T16:02:28.905232+00:00
5cca429a68344559,scoringdance,round,scoringdance:422,https://scoring.dance/enUS/events/422/results/6234.html,38a7f722f8588385,live,0,2026-09-10T16:02:28.905232+00:00
3ae4517c59085605,scoringdance,round,scoringdance:424,https://scoring.dance/enUS/events/424/results/6271.html,799435f57f1494e5,live,0,2026-09-10T16:02:29.498144+00:00
0af287bb3c755bad,scoringdance,round,scoringdance:424,https://scoring.dance/enUS/events/424/results/6272.html,799435f57f1494e5,live,0,2026-09-10T16:02:29.498144+00:00
e9378e2153cc2c3c,scoringdance,round,scoringdance:424,https://scoring.dance/enUS/events/424/results/6273.html,799435f57f1494e5,live,0,2026-09-10T16:02:29.498144+00:00
ab6227d0caef7471,scoringdance,round,scoringdance:424,https://scoring.dance/enUS/events/424/results/6274.html,799435f57f1494e5,live,0,2026-09-10T16:02:29.498144+00:00
4783d59f618ddf78,scoringdance,round,scoringdance:424,https://scoring.dance/enUS/events/424/results/6275.html,799435f57f1494e5,live,0,2026-09-10T16:02:29.498144+00:00
a780ceadeaef527e,scoringdance,round,scoringdance:424,https://scoring.dance/enUS/events/424/results/6276.html,799435f57f1494e5,live,0,2026-09-10T16:02:29.498144+00:00
60369ecb8ecd0d3b,scoringdance,round,scoringdance:424,https://scoring.dance/enUS/events/424/results/6277.html,799435f57f1494e5,live,0,2026-09-10T16:02:29.498144+00:00
cbac31caeca68f20,scoringdance,round,scoringdance:424,https://scoring.dance/enUS/events/424/results/6278.html,799435f57f1494e5,live,0,2026-09-10T16:02:29.498144+00:00
8520bd09f08fa1e1,scoringdance,round,scoringdance:424,https://scoring.dance/enUS/events/424/results/6279.html,799435f57f1494e5,live,0,2026-09-10T16:02:29.498144+00:00
c98f0ec7ced262f8,scoringdance,round,scoringdance:424,https://scoring.dance/enUS/events/424/results/6280.html,799435f57f1494e5,live,0,2026-09-10T16:02:29.498144+00:00
aef5aff8ba21690d,scoringdance,round,scoringdance:424,https://scoring.dance/enUS/events/424/results/6281.html,799435f57f1494e5,live,0,2026-09-10T16:02:29.498144+00:00
721a1f81c6a50315,scoringdance,round,scoringdance:424,https://scoring.dance/enUS/events/424/results/6283.html,799435f57f1494e5,live,0,2026-09-10T16:02:29.498144+00:00
caa98f917a50be48,scoringdance,round,scoringdance:424,https://scoring.dance/enUS/events/424/results/6284.html,799435f57f1494e5,live,0,2026-09-10T16:02:29.498144+00:00
ef02b111bd4abd95,scoringdance,round,scoringdance:424,https://scoring.dance/enUS/events/424/results/6285.html,799435f57f1494e5,live,0,2026-09-10T16:02:29.498144+00:00
45e0b9c418c8b940,scoringdance,round,scoringdance:425,https://scoring.dance/enUS/events/425/results/6327.html,7d90ce7939aa81b7,live,0,2026-09-10T16:02:29.550193+00:00
77299dbbb3f298cd,scoringdance,round,scoringdance:425,https://scoring.dance/enUS/events/425/results/6328.html,7d90ce7939aa81b7,live,0,2026-09-10T16:02:29.550193+00:00
9186f7ec62c6fe7a,scoringdance,round,scoringdance:425,https://scoring.dance/enUS/events/425/results/6329.html,7d90ce7939aa81b7,live,0,2026-09-10T16:02:29.550193+00:00
8fa7bf0064f298b9,scoringdance,round,scoringdance:425,https://scoring.dance/enUS/events/425/results/6330.html,7d90ce7939aa81b7,live,0,2026-09-10T16:02:29.550193+00:00
7ccf6ef0f1002a68,scoringdance,round,scoringdance:425,https://scoring.dance/enUS/events/425/results/6331.html,7d90ce7939aa81b7,live,0,2026-09-10T16:02:29.550193+00:00
a1936107a571acfc,scoringdance,round,scoringdance:425,https://scoring.dance/enUS/events/425/results/6332.html,7d90ce7939aa81b7,live,0,2026-09-10T16:02:29.550193+00:00
9bec1e8c57849fd6,scoringdance,round,scoringdance:425,https://scoring.dance/enUS/events/425/results/6333.html,7d90ce7939aa81b7,live,0,2026-09-10T16:02:29.550193+00:00
640a5e5ff7a67f4f,scoringdance,round,scoringdance:425,https://scoring.dance/enUS/events/425/results/6334.html,7d90ce7939aa81b7,live,0,2026-09-10T16:02:29.550193+00:00
8b0b84cf71239060,scoringdance,round,scoringdance:425,https://scoring.dance/enUS/events/425/results/6335.html,7d90ce7939aa81b7,live,0,2026-09-10T16:02:29.550193+00:00
71157a3d816b352d,scoringdance,round,scoringdance:425,https://scoring.dance/enUS/events/425/results/6336.html,7d90ce7939aa81b7,live,0,2026-09-10T16:02:29.550193+00:00
7981ccdd6c2d3e85,scoringdance,round,scoringdance:425,https://scoring.dance/enUS/events/425/results/6337.html,7d90ce7939aa81b7,live,0,2026-09-10T16:02:29.550193+00:00
ce1b107b9723c0be,scoringdance,round,scoringdance:425,https://scoring.dance/enUS/events/425/results/6339.html,7d90ce7939aa81b7,live,0,2026-09-10T16:02:29.550193+00:00
4dc80c1518faacff,scoringdance,round,scoringdance:425,https://scoring.dance/enUS/events/425/results/6340.html,7d90ce7939aa81b7,live,0,2026-09-10T16:02:29.550193+00:00
1061697f96a8c0aa,scoringdance,round,scoringdance:425,https://scoring.dance/enUS/events/425/results/6341.html,7d90ce7939aa81b7,live,0,2026-09-10T16:02:29.550193+00:00
6396b7a36cf48e01,scoringdance,round,scoringdance:425,https://scoring.dance/enUS/events/425/results/6342.html,7d90ce7939aa81b7,live,0,2026-09-10T16:02:29.550193+00:00
ff2bc7254fba5b8a,scoringdance,round,scoringdance:425,https://scoring.dance/enUS/events/425/results/6344.html,7d90ce7939aa81b7,live,0,2026-09-10T16:02:29.550193+00:00
96e51bb2f8b341ab,scoringdance,round,scoringdance:425,https://scoring.dance/enUS/events/425/results/6345.html,7d90ce7939aa81b7,live,0,2026-09-10T16:02:29.550193+00:00
301cc2464867580a,scoringdance,round,scoringdance:425,https://scoring.dance/enUS/events/425/results/6346.html,7d90ce7939aa81b7,live,0,2026-09-10T16:02:29.550193+00:00
92a3772880777c9a,scoringdance,round,scoringdance:425,https://scoring.dance/enUS/events/425/results/6347.html,7d90ce7939aa81b7,live,0,2026-09-10T16:02:29.550193+00:00
bb110cb78d0d3ff2,scoringdance,round,scoringdance:425,https://scoring.dance/enUS/events/425/results/6349.html,7d90ce7939aa81b7,live,0,2026-09-10T16:02:29.550193+00:00
a834ad5ea19f4759,scoringdance,round,scoringdance:425,https://scoring.dance/enUS/events/425/results/6350.html,7d90ce7939aa81b7,live,0,2026-09-10T16:02:29.550193+00:00
fb89f82f13da736d,scoringdance,round,scoringdance:425,https://scoring.dance/enUS/events/425/results/6351.html,7d90ce7939aa81b7,live,0,2026-09-10T16:02:29.550193+00:00
fdca60d3438f0302,scoringdance,round,scoringdance:425,https://scoring.dance/enUS/events/425/results/6352.html,7d90ce7939aa81b7,live,0,2026-09-10T16:02:29.550193+00:00
ec10b8f0d99328cb,scoringdance,round,scoringdance:425,https://scoring.dance/enUS/events/425/results/6353.html,7d90ce7939aa81b7,live,0,2026-09-10T16:02:29.550193+00:00
88acfe4c5a0695ac,scoringdance,round,scoringdance:425,https://scoring.dance/enUS/events/425/results/6355.html,7d90ce7939aa81b7,live,0,2026-09-10T16:02:29.550193+00:00
de2d76caeeea636e,scoringdance,round,scoringdance:425,https://scoring.dance/enUS/events/425/results/6357.html,7d90ce7939aa81b7,live,0,2026-09-10T16:02:29.550193+00:00
9b5ffca664cbf645,scoringdance,round,scoringdance:425,https://scoring.dance/enUS/events/425/results/6358.html,7d90ce7939aa81b7,live,0,2026-09-10T16:02:29.550193+00:00
246b29dedff7b1c0,scoringdance,round,scoringdance:425,https://scoring.dance/enUS/events/425/results/6359.html,7d90ce7939aa81b7,live,0,2026-09-10T16:02:29.550193+00:00
7d1ab5eba5223279,scoringdance,round,scoringdance:425,https://scoring.dance/enUS/events/425/results/6360.html,7d90ce7939aa81b7,live,0,2026-09-10T16:02:29.550193+00:00
e533154ebad36289,scoringdance,round,scoringdance:425,https://scoring.dance/enUS/events/425/results/6361.html,7d90ce7939aa81b7,live,0,2026-09-10T16:02:29.550193+00:00
4c75c59b015bcdb7,scoringdance,round,scoringdance:425,https://scoring.dance/enUS/events/425/results/6366.html,7d90ce7939aa81b7,live,0,2026-09-10T16:02:29.550193+00:00
75cc70dce8898aec,scoringdance,round,scoringdance:425,https://scoring.dance/enUS/events/425/results/6367.html,7d90ce7939aa81b7,live,0,2026-09-10T16:02:29.550193+00:00
707415aee3cc604f,scoringdance,round,scoringdance:425,https://scoring.dance/enUS/events/425/results/6372.html,7d90ce7939aa81b7,live,0,2026-09-10T16:02:29.550193+00:00
ccee23cf467bbeaa,scoringdance,round,scoringdance:425,https://scoring.dance/enUS/events/425/results/6373.html,7d90ce7939aa81b7,live,0,2026-09-10T16:02:29.550193+00:00
93e6d9120c69e818,scoringdance,round,scoringdance:425,https://scoring.dance/enUS/events/425/results/6374.html,7d90ce7939aa81b7,live,0,2026-09-10T16:02:29.550193+00:00
207c0ff5724f9b8f,scoringdance,round,scoringdance:425,https://scoring.dance/enUS/events/425/results/6375.html,7d90ce7939aa81b7,live,0,2026-09-10T16:02:29.550193+00:00
f194b1bdea0a5d4c,scoringdance,round,scoringdance:425,https://scoring.dance/enUS/events/425/results/6376.html,7d90ce7939aa81b7,live,0,2026-09-10T16:02:29.550193+00:00
a8811a9ddb866113,scoringdance,round,scoringdance:425,https://scoring.dance/enUS/events/425/results/6377.html,7d90ce7939aa81b7,live,0,2026-09-10T16:02:29.550193+00:00
b0e83ddf1e16ba42,scoringdance,round,scoringdance:436,https://scoring.dance/enUS/events/436/results/6378.html,75cd7e78445ba6c8,live,0,2026-09-10T16:02:29.469330+00:00
0b7e213ab7025011,scoringdance,round,scoringdance:436,https://scoring.dance/enUS/events/436/results/6379.html,75cd7e78445ba6c8,live,0,2026-09-10T16:02:29.469330+00:00
a359a82a1fe21396,scoringdance,round,scoringdance:436,https://scoring.dance/enUS/events/436/results/6380.html,75cd7e78445ba6c8,live,0,2026-09-10T16:02:29.469330+00:00
d0c55732e28cfca5,scoringdance,round,scoringdance:436,https://scoring.dance/enUS/events/436/results/6381.html,75cd7e78445ba6c8,live,0,2026-09-10T16:02:29.469330+00:00
979af58f8defbacf,scoringdance,round,scoringdance:436,https://scoring.dance/enUS/events/436/results/6401.html,75cd7e78445ba6c8,live,0,2026-09-10T16:02:29.469330+00:00
4a90c24889bbfa19,scoringdance,round,scoringdance:436,https://scoring.dance/enUS/events/436/results/6402.html,75cd7e78445ba6c8,live,0,2026-09-10T16:02:29.469330+00:00
0fd2342a21b75aaf,scoringdance,round,scoringdance:436,https://scoring.dance/enUS/events/436/results/6403.html,75cd7e78445ba6c8,live,0,2026-09-10T16:02:29.469330+00:00
c35c366ab77e3016,scoringdance,round,scoringdance:436,https://scoring.dance/enUS/events/436/results/6404.html,75cd7e78445ba6c8,live,0,2026-09-10T16:02:29.469330+00:00
abb0d07d4db38e12,scoringdance,round,scoringdance:436,https://scoring.dance/enUS/events/436/results/6405.html,75cd7e78445ba6c8,live,0,2026-09-10T16:02:29.469330+00:00
f3b5126b28545e73,scoringdance,round,scoringdance:436,https://scoring.dance/enUS/events/436/results/6406.html,75cd7e78445ba6c8,live,0,2026-09-10T16:02:29.469330+00:00
6696338ca8d2fa8b,scoringdance,round,scoringdance:436,https://scoring.dance/enUS/events/436/results/6407.html,75cd7e78445ba6c8,live,0,2026-09-10T16:02:29.469330+00:00
d8788dfe1ec8324a,scoringdance,round,scoringdance:436,https://scoring.dance/enUS/events/436/results/6408.html,75cd7e78445ba6c8,live,0,2026-09-10T16:02:29.469330+00:00
edbaf05e07e509a8,scoringdance,round,scoringdance:436,https://scoring.dance/enUS/events/436/results/6409.html,75cd7e78445ba6c8,live,0,2026-09-10T16:02:29.469330+00:00
208936b98989cda4,scoringdance,round,scoringdance:436,https://scoring.dance/enUS/events/436/results/6410.html,75cd7e78445ba6c8,live,0,2026-09-10T16:02:29.469330+00:00
6effc5b57afbdfab,scoringdance,round,scoringdance:436,https://scoring.dance/enUS/events/436/results/6411.html,75cd7e78445ba6c8,live,0,2026-09-10T16:02:29.469330+00:00
3726a64bc37d7b3a,scoringdance,round,scoringdance:436,https://scoring.dance/enUS/events/436/results/6412.html,75cd7e78445ba6c8,live,0,2026-09-10T16:02:29.469330+00:00
c074cd08c92516a6,scoringdance,round,scoringdance:436,https://scoring.dance/enUS/events/436/results/6413.html,75cd7e78445ba6c8,live,0,2026-09-10T16:02:29.469330+00:00
5adfc124466fedff,scoringdance,round,scoringdance:436,https://scoring.dance/enUS/events/436/results/6414.html,75cd7e78445ba6c8,live,0,2026-09-10T16:02:29.469330+00:00
617eba889cd2b4eb,scoringdance,round,scoringdance:436,https://scoring.dance/enUS/events/436/results/6415.html,75cd7e78445ba6c8,live,0,2026-09-10T16:02:29.469330+00:00
9ee5be42722d6ad8,scoringdance,round,scoringdance:436,https://scoring.dance/enUS/events/436/results/6416.html,75cd7e78445ba6c8,live,0,2026-09-10T16:02:29.469330+00:00
3e286adebd7486ec,scoringdance,round,scoringdance:436,https://scoring.dance/enUS/events/436/results/6417.html,75cd7e78445ba6c8,live,0,2026-09-10T16:02:29.469330+00:00
30d02934720d91bd,scoringdance,round,scoringdance:436,https://scoring.dance/enUS/events/436/results/6418.html,75cd7e78445ba6c8,live,0,2026-09-10T16:02:29.469330+00:00
214d1a4bc1990105,scoringdance,round,scoringdance:436,https://scoring.dance/enUS/events/436/results/6419.html,75cd7e78445ba6c8,live,0,2026-09-10T16:02:29.469330+00:00
82439aa4bf5b1417,scoringdance,round,scoringdance:436,https://scoring.dance/enUS/events/436/results/6531.html,75cd7e78445ba6c8,live,0,2026-09-10T16:02:29.469330+00:00
cb516202f2c59754,scoringdance,round,scoringdance:437,https://scoring.dance/enUS/events/437/results/6382.html,c7b4d42bbf9067ef,live,0,2026-09-10T16:02:30.224686+00:00
bb3938512b0c1804,scoringdance,round,scoringdance:437,https://scoring.dance/enUS/events/437/results/6383.html,c7b4d42bbf9067ef,live,0,2026-09-10T16:02:30.224686+00:00
5d53d8d78c75d4d0,scoringdance,round,scoringdance:437,https://scoring.dance/enUS/events/437/results/6384.html,c7b4d42bbf9067ef,live,0,2026-09-10T16:02:30.224686+00:00
ec6ce2ea50e135ff,scoringdance,round,scoringdance:437,https://scoring.dance/enUS/events/437/results/6385.html,c7b4d42bbf9067ef,live,0,2026-09-10T16:02:30.224686+00:00
5b68f51e79e074d5,scoringdance,round,scoringdance:437,https://scoring.dance/enUS/events/437/results/6386.html,c7b4d42bbf9067ef,live,0,2026-09-10T16:02:30.224686+00:00
950e5f2f5b4ed4fb,scoringdance,round,scoringdance:437,https://scoring.dance/enUS/events/437/results/6387.html,c7b4d42bbf9067ef,live,0,2026-09-10T16:02:30.224686+00:00
cbf2b9deea08e47d,scoringdance,round,scoringdance:437,https://scoring.dance/enUS/events/437/results/6388.html,c7b4d42bbf9067ef,live,0,2026-09-10T16:02:30.224686+00:00
ed6e6c879f6e8edb,scoringdance,round,scoringdance:437,https://scoring.dance/enUS/events/437/results/6389.html,c7b4d42bbf9067ef,live,0,2026-09-10T16:02:30.224686+00:00
f8ab73383e8de6ab,scoringdance,round,scoringdance:437,https://scoring.dance/enUS/events/437/results/6390.html,c7b4d42bbf9067ef,live,0,2026-09-10T16:02:30.224686+00:00
ef7f6d803aea7c37,scoringdance,round,scoringdance:437,https://scoring.dance/enUS/events/437/results/6391.html,c7b4d42bbf9067ef,live,0,2026-09-10T16:02:30.224686+00:00
be1355b342bbcf49,scoringdance,round,scoringdance:437,https://scoring.dance/enUS/events/437/results/6392.html,c7b4d42bbf9067ef,live,0,2026-09-10T16:02:30.224686+00:00
0ae06dd0e7a0b7e7,scoringdance,round,scoringdance:437,https://scoring.dance/enUS/events/437/results/6393.html,c7b4d42bbf9067ef,live,0,2026-09-10T16:02:30.224686+00:00
8e08fe3230938f71,scoringdance,round,scoringdance:437,https://scoring.dance/enUS/events/437/results/6394.html,c7b4d42bbf9067ef,live,0,2026-09-10T16:02:30.224686+00:00
1ba7265b3bd7abf7,scoringdance,round,scoringdance:437,https://scoring.dance/enUS/events/437/results/6395.html,c7b4d42bbf9067ef,live,0,2026-09-10T16:02:30.224686+00:00
e4e844b9e6d38838,scoringdance,round,scoringdance:437,https://scoring.dance/enUS/events/437/results/6397.html,c7b4d42bbf9067ef,live,0,2026-09-10T16:02:30.224686+00:00
773b9aecd54ca721,scoringdance,round,scoringdance:437,https://scoring.dance/enUS/events/437/results/6398.html,c7b4d42bbf9067ef,live,0,2026-09-10T16:02:30.224686+00:00
fd763fe64d2d495a,scoringdance,round,scoringdance:437,https://scoring.dance/enUS/events/437/results/6400.html,c7b4d42bbf9067ef,live,0,2026-09-10T16:02:30.224686+00:00
88e1797ca6a6a90f,scoringdance,round,scoringdance:45,https://scoring.dance/enUS/events/45/results/365.html,3d24b94ec45e5dda,live,0,2026-09-10T16:02:28.951738+00:00
bb59c2b8cec38fe2,scoringdance,round,scoringdance:45,https://scoring.dance/enUS/events/45/results/366.html,3d24b94ec45e5dda,live,0,2026-09-10T16:02:28.951738+00:00
66513c5561d520a0,scoringdance,round,scoringdance:45,https://scoring.dance/enUS/events/45/results/367.html,3d24b94ec45e5dda,live,0,2026-09-10T16:02:28.951738+00:00
e0a70db70a54eefd,scoringdance,round,scoringdance:45,https://scoring.dance/enUS/events/45/results/368.html,3d24b94ec45e5dda,live,0,2026-09-10T16:02:28.951738+00:00
f455baf3cda4391a,scoringdance,round,scoringdance:45,https://scoring.dance/enUS/events/45/results/369.html,3d24b94ec45e5dda,live,0,2026-09-10T16:02:28.951738+00:00
bdaba8d577b3784a,scoringdance,round,scoringdance:45,https://scoring.dance/enUS/events/45/results/370.html,3d24b94ec45e5dda,live,0,2026-09-10T16:02:28.951738+00:00
2d3cda393335d4d2,scoringdance,round,scoringdance:45,https://scoring.dance/enUS/events/45/results/374.html,3d24b94ec45e5dda,live,0,2026-09-10T16:02:28.951738+00:00
c93969af28a5a6a9,scoringdance,round,scoringdance:45,https://scoring.dance/enUS/events/45/results/376.html,3d24b94ec45e5dda,live,0,2026-09-10T16:02:28.951738+00:00
5bf0eda715bb17c8,scoringdance,round,scoringdance:45,https://scoring.dance/enUS/events/45/results/378.html,3d24b94ec45e5dda,live,0,2026-09-10T16:02:28.951738+00:00
f14095f909e48cb9,scoringdance,round,scoringdance:45,https://scoring.dance/enUS/events/45/results/379.html,3d24b94ec45e5dda,live,0,2026-09-10T16:02:28.951738+00:00
ec6ea140ef7bf479,scoringdance,round,scoringdance:46,https://scoring.dance/enUS/events/46/results/619.html,65b80562c376a44a,live,0,2026-09-10T16:02:29.357543+00:00
cdf6acf2bc000dfc,scoringdance,round,scoringdance:46,https://scoring.dance/enUS/events/46/results/621.html,65b80562c376a44a,live,0,2026-09-10T16:02:29.357543+00:00
df204ff3d8b5b64b,scoringdance,round,scoringdance:46,https://scoring.dance/enUS/events/46/results/622.html,65b80562c376a44a,live,0,2026-09-10T16:02:29.357543+00:00
180a70aeeef72280,scoringdance,round,scoringdance:46,https://scoring.dance/enUS/events/46/results/623.html,65b80562c376a44a,live,0,2026-09-10T16:02:29.357543+00:00
0fdf78b35dd8384c,scoringdance,round,scoringdance:46,https://scoring.dance/enUS/events/46/results/624.html,65b80562c376a44a,live,0,2026-09-10T16:02:29.357543+00:00
5ff476d076a4a600,scoringdance,round,scoringdance:46,https://scoring.dance/enUS/events/46/results/625.html,65b80562c376a44a,live,0,2026-09-10T16:02:29.357543+00:00
97bffc0547809104,scoringdance,round,scoringdance:46,https://scoring.dance/enUS/events/46/results/626.html,65b80562c376a44a,live,0,2026-09-10T16:02:29.357543+00:00
eea5bd3125f638ef,scoringdance,round,scoringdance:46,https://scoring.dance/enUS/events/46/results/627.html,65b80562c376a44a,live,0,2026-09-10T16:02:29.357543+00:00
dd7e60a024e0dd2b,scoringdance,round,scoringdance:46,https://scoring.dance/enUS/events/46/results/628.html,65b80562c376a44a,live,0,2026-09-10T16:02:29.357543+00:00
33f0b77c4146089b,scoringdance,round,scoringdance:46,https://scoring.dance/enUS/events/46/results/629.html,65b80562c376a44a,live,0,2026-09-10T16:02:29.357543+00:00
f10153638b1252eb,scoringdance,round,scoringdance:46,https://scoring.dance/enUS/events/46/results/630.html,65b80562c376a44a,live,0,2026-09-10T16:02:29.357543+00:00
c25a0f6760ea9812,scoringdance,round,scoringdance:46,https://scoring.dance/enUS/events/46/results/631.html,65b80562c376a44a,live,0,2026-09-10T16:02:29.357543+00:00
57973995ea2bb1a2,scoringdance,round,scoringdance:46,https://scoring.dance/enUS/events/46/results/632.html,65b80562c376a44a,live,0,2026-09-10T16:02:29.357543+00:00
be4748ebb6824297,scoringdance,round,scoringdance:46,https://scoring.dance/enUS/events/46/results/633.html,65b80562c376a44a,live,0,2026-09-10T16:02:29.357543+00:00
b5f2d33112bc4bf6,scoringdance,round,scoringdance:46,https://scoring.dance/enUS/events/46/results/634.html,65b80562c376a44a,live,0,2026-09-10T16:02:29.357543+00:00
c98e32fcc8118db3,scoringdance,round,scoringdance:46,https://scoring.dance/enUS/events/46/results/635.html,65b80562c376a44a,live,0,2026-09-10T16:02:29.357543+00:00
c31f0d9c15549192,scoringdance,round,scoringdance:46,https://scoring.dance/enUS/events/46/results/636.html,65b80562c376a44a,live,0,2026-09-10T16:02:29.357543+00:00
c9360c7843260804,scoringdance,round,scoringdance:46,https://scoring.dance/enUS/events/46/results/637.html,65b80562c376a44a,live,0,2026-09-10T16:02:29.357543+00:00
51ea2006af3afdb3,scoringdance,round,scoringdance:46,https://scoring.dance/enUS/events/46/results/638.html,65b80562c376a44a,live,0,2026-09-10T16:02:29.357543+00:00
aa5b200209e12d6b,scoringdance,round,scoringdance:46,https://scoring.dance/enUS/events/46/results/639.html,65b80562c376a44a,live,0,2026-09-10T16:02:29.357543+00:00
60d93c5ca5f51aeb,scoringdance,round,scoringdance:46,https://scoring.dance/enUS/events/46/results/640.html,65b80562c376a44a,live,0,2026-09-10T16:02:29.357543+00:00
58a9cf75313c3c35,scoringdance,round,scoringdance:46,https://scoring.dance/enUS/events/46/results/641.html,65b80562c376a44a,live,0,2026-09-10T16:02:29.357543+00:00
192ae0eed845bce6,scoringdance,round,scoringdance:46,https://scoring.dance/enUS/events/46/results/642.html,65b80562c376a44a,live,0,2026-09-10T16:02:29.357543+00:00
d7035df36aca4f99,scoringdance,round,scoringdance:46,https://scoring.dance/enUS/events/46/results/643.html,65b80562c376a44a,live,0,2026-09-10T16:02:29.357543+00:00
ada3d9a6df72a1a4,scoringdance,round,scoringdance:46,https://scoring.dance/enUS/events/46/results/644.html,65b80562c376a44a,live,0,2026-09-10T16:02:29.357543+00:00
0daddf1fd42c95f4,scoringdance,round,scoringdance:46,https://scoring.dance/enUS/events/46/results/645.html,65b80562c376a44a,live,0,2026-09-10T16:02:29.357543+00:00
be1902f57a81e638,scoringdance,round,scoringdance:48,https://scoring.dance/enUS/events/48/results/411.html,51d4782453b447f4,live,0,2026-09-10T16:02:29.169811+00:00
0d3b7b7269612c2e,scoringdance,round,scoringdance:48,https://scoring.dance/enUS/events/48/results/413.html,51d4782453b447f4,live,0,2026-09-10T16:02:29.169811+00:00
de4eaea336ef6b4a,scoringdance,round,scoringdance:48,https://scoring.dance/enUS/events/48/results/414.html,51d4782453b447f4,live,0,2026-09-10T16:02:29.169811+00:00
3595bfd5fe67730e,scoringdance,round,scoringdance:48,https://scoring.dance/enUS/events/48/results/416.html,51d4782453b447f4,live,0,2026-09-10T16:02:29.169811+00:00
d21e1e2bce1d000b,scoringdance,round,scoringdance:48,https://scoring.dance/enUS/events/48/results/417.html,51d4782453b447f4,live,0,2026-09-10T16:02:29.169811+00:00
c9221a5ab7fa3477,scoringdance,round,scoringdance:48,https://scoring.dance/enUS/events/48/results/418.html,51d4782453b447f4,live,0,2026-09-10T16:02:29.169811+00:00
97dc1fb1d0acb5c6,scoringdance,round,scoringdance:48,https://scoring.dance/enUS/events/48/results/419.html,51d4782453b447f4,live,0,2026-09-10T16:02:29.169811+00:00
b6ee4d9651f3eb01,scoringdance,round,scoringdance:48,https://scoring.dance/enUS/events/48/results/420.html,51d4782453b447f4,live,0,2026-09-10T16:02:29.169811+00:00
d08418c47cd695d1,scoringdance,round,scoringdance:48,https://scoring.dance/enUS/events/48/results/422.html,51d4782453b447f4,live,0,2026-09-10T16:02:29.169811+00:00
a9301895d029ea15,scoringdance,round,scoringdance:48,https://scoring.dance/enUS/events/48/results/423.html,51d4782453b447f4,live,0,2026-09-10T16:02:29.169811+00:00
d662024f3e67eaab,scoringdance,round,scoringdance:48,https://scoring.dance/enUS/events/48/results/424.html,51d4782453b447f4,live,0,2026-09-10T16:02:29.169811+00:00
9e8b0ffe682e16d0,scoringdance,round,scoringdance:48,https://scoring.dance/enUS/events/48/results/425.html,51d4782453b447f4,live,0,2026-09-10T16:02:29.169811+00:00
1a982cbb560750db,scoringdance,round,scoringdance:50,https://scoring.dance/enUS/events/50/results/382.html,a36dde87ab3e71fc,live,0,2026-09-10T16:02:29.878437+00:00
22c53bae335d9b52,scoringdance,round,scoringdance:50,https://scoring.dance/enUS/events/50/results/384.html,a36dde87ab3e71fc,live,0,2026-09-10T16:02:29.878437+00:00
f6d5feee173fc378,scoringdance,round,scoringdance:50,https://scoring.dance/enUS/events/50/results/385.html,a36dde87ab3e71fc,live,0,2026-09-10T16:02:29.878437+00:00
bca3159abcbbbcf0,scoringdance,round,scoringdance:50,https://scoring.dance/enUS/events/50/results/387.html,a36dde87ab3e71fc,live,0,2026-09-10T16:02:29.878437+00:00
141167743292f5b1,scoringdance,round,scoringdance:50,https://scoring.dance/enUS/events/50/results/388.html,a36dde87ab3e71fc,live,0,2026-09-10T16:02:29.878437+00:00
74c15d470a1d60a4,scoringdance,round,scoringdance:50,https://scoring.dance/enUS/events/50/results/390.html,a36dde87ab3e71fc,live,0,2026-09-10T16:02:29.878437+00:00
d702f06f43fd387a,scoringdance,round,scoringdance:50,https://scoring.dance/enUS/events/50/results/391.html,a36dde87ab3e71fc,live,0,2026-09-10T16:02:29.878437+00:00
922440f6b71dfcd6,scoringdance,round,scoringdance:50,https://scoring.dance/enUS/events/50/results/392.html,a36dde87ab3e71fc,live,0,2026-09-10T16:02:29.878437+00:00
30721e1a732ebf75,scoringdance,round,scoringdance:50,https://scoring.dance/enUS/events/50/results/393.html,a36dde87ab3e71fc,live,0,2026-09-10T16:02:29.878437+00:00
832d396c92432c67,scoringdance,round,scoringdance:50,https://scoring.dance/enUS/events/50/results/394.html,a36dde87ab3e71fc,live,0,2026-09-10T16:02:29.878437+00:00
b3e0d5877cecd05a,scoringdance,round,scoringdance:50,https://scoring.dance/enUS/events/50/results/395.html,a36dde87ab3e71fc,live,0,2026-09-10T16:02:29.878437+00:00
c66ad2752913d866,scoringdance,round,scoringdance:50,https://scoring.dance/enUS/events/50/results/396.html,a36dde87ab3e71fc,live,0,2026-09-10T16:02:29.878437+00:00
099713184d763070,scoringdance,round,scoringdance:50,https://scoring.dance/enUS/events/50/results/397.html,a36dde87ab3e71fc,live,0,2026-09-10T16:02:29.878437+00:00
263bd800e5fcde6d,scoringdance,round,scoringdance:50,https://scoring.dance/enUS/events/50/results/398.html,a36dde87ab3e71fc,live,0,2026-09-10T16:02:29.878437+00:00
aa4cf2158610baec,scoringdance,round,scoringdance:50,https://scoring.dance/enUS/events/50/results/399.html,a36dde87ab3e71fc,live,0,2026-09-10T16:02:29.878437+00:00
df16a718a2bafbbc,scoringdance,round,scoringdance:50,https://scoring.dance/enUS/events/50/results/400.html,a36dde87ab3e71fc,live,0,2026-09-10T16:02:29.878437+00:00
067dcc13bc99bfb9,scoringdance,round,scoringdance:50,https://scoring.dance/enUS/events/50/results/401.html,a36dde87ab3e71fc,live,0,2026-09-10T16:02:29.878437+00:00
cf691fbdae9cc0cd,scoringdance,round,scoringdance:50,https://scoring.dance/enUS/events/50/results/402.html,a36dde87ab3e71fc,live,0,2026-09-10T16:02:29.878437+00:00
72752f790bd3950a,scoringdance,round,scoringdance:50,https://scoring.dance/enUS/events/50/results/405.html,a36dde87ab3e71fc,live,0,2026-09-10T16:02:29.878437+00:00
8a7c8acacc215860,scoringdance,round,scoringdance:50,https://scoring.dance/enUS/events/50/results/406.html,a36dde87ab3e71fc,live,0,2026-09-10T16:02:29.878437+00:00
95112e44daa7965d,scoringdance,round,scoringdance:52,https://scoring.dance/enUS/events/52/results/454.html,79590588ff2b3715,live,0,2026-09-10T16:02:29.492487+00:00
c945939330ced6ce,scoringdance,round,scoringdance:52,https://scoring.dance/enUS/events/52/results/455.html,79590588ff2b3715,live,0,2026-09-10T16:02:29.492487+00:00
c91ae316f5fbc468,scoringdance,round,scoringdance:52,https://scoring.dance/enUS/events/52/results/456.html,79590588ff2b3715,live,0,2026-09-10T16:02:29.492487+00:00
651d17569b5159b6,scoringdance,round,scoringdance:52,https://scoring.dance/enUS/events/52/results/457.html,79590588ff2b3715,live,0,2026-09-10T16:02:29.492487+00:00
5c09bc6d09c768e1,scoringdance,round,scoringdance:52,https://scoring.dance/enUS/events/52/results/458.html,79590588ff2b3715,live,0,2026-09-10T16:02:29.492487+00:00
1de589b4a56fd323,scoringdance,round,scoringdance:52,https://scoring.dance/enUS/events/52/results/459.html,79590588ff2b3715,live,0,2026-09-10T16:02:29.492487+00:00
c705d30821bc280a,scoringdance,round,scoringdance:52,https://scoring.dance/enUS/events/52/results/460.html,79590588ff2b3715,live,0,2026-09-10T16:02:29.492487+00:00
876f450f043283f0,scoringdance,round,scoringdance:52,https://scoring.dance/enUS/events/52/results/461.html,79590588ff2b3715,live,0,2026-09-10T16:02:29.492487+00:00
68d3fb0ab38bd338,scoringdance,round,scoringdance:52,https://scoring.dance/enUS/events/52/results/462.html,79590588ff2b3715,live,0,2026-09-10T16:02:29.492487+00:00
f9952c0e2570d7a8,scoringdance,round,scoringdance:52,https://scoring.dance/enUS/events/52/results/463.html,79590588ff2b3715,live,0,2026-09-10T16:02:29.492487+00:00
fe252b94515adce4,scoringdance,round,scoringdance:52,https://scoring.dance/enUS/events/52/results/464.html,79590588ff2b3715,live,0,2026-09-10T16:02:29.492487+00:00
ce13aae5bc3fb538,scoringdance,round,scoringdance:52,https://scoring.dance/enUS/events/52/results/465.html,79590588ff2b3715,live,0,2026-09-10T16:02:29.492487+00:00
b52b679432b6f5da,scoringdance,round,scoringdance:52,https://scoring.dance/enUS/events/52/results/466.html,79590588ff2b3715,live,0,2026-09-10T16:02:29.492487+00:00
f58b568240add26e,scoringdance,round,scoringdance:52,https://scoring.dance/enUS/events/52/results/467.html,79590588ff2b3715,live,0,2026-09-10T16:02:29.492487+00:00
0996cb068bc8551c,scoringdance,round,scoringdance:53,https://scoring.dance/enUS/events/53/results/585.html,ae107cc8f901977c,live,0,2026-09-10T16:02:29.952836+00:00
c17f6e061adfe555,scoringdance,round,scoringdance:53,https://scoring.dance/enUS/events/53/results/586.html,ae107cc8f901977c,live,0,2026-09-10T16:02:29.952836+00:00
6e12df72ecca634f,scoringdance,round,scoringdance:53,https://scoring.dance/enUS/events/53/results/588.html,ae107cc8f901977c,live,0,2026-09-10T16:02:29.952836+00:00
06fa0d727e931c1d,scoringdance,round,scoringdance:53,https://scoring.dance/enUS/events/53/results/589.html,ae107cc8f901977c,live,0,2026-09-10T16:02:29.952836+00:00
91b4545e54ffdfee,scoringdance,round,scoringdance:53,https://scoring.dance/enUS/events/53/results/590.html,ae107cc8f901977c,live,0,2026-09-10T16:02:29.952836+00:00
4a2e6cac7ee0bcb4,scoringdance,round,scoringdance:53,https://scoring.dance/enUS/events/53/results/592.html,ae107cc8f901977c,live,0,2026-09-10T16:02:29.952836+00:00
db64a2aac3300ba8,scoringdance,round,scoringdance:53,https://scoring.dance/enUS/events/53/results/594.html,ae107cc8f901977c,live,0,2026-09-10T16:02:29.952836+00:00
8e709b7be47dcb13,scoringdance,round,scoringdance:53,https://scoring.dance/enUS/events/53/results/595.html,ae107cc8f901977c,live,0,2026-09-10T16:02:29.952836+00:00
4258b31fbbcec1cd,scoringdance,round,scoringdance:53,https://scoring.dance/enUS/events/53/results/596.html,ae107cc8f901977c,live,0,2026-09-10T16:02:29.952836+00:00
76ac4b8621bd0b71,scoringdance,round,scoringdance:53,https://scoring.dance/enUS/events/53/results/597.html,ae107cc8f901977c,live,0,2026-09-10T16:02:29.952836+00:00
a100240aa84d90fb,scoringdance,round,scoringdance:53,https://scoring.dance/enUS/events/53/results/598.html,ae107cc8f901977c,live,0,2026-09-10T16:02:29.952836+00:00
91c4d87c5dff6b4f,scoringdance,round,scoringdance:53,https://scoring.dance/enUS/events/53/results/600.html,ae107cc8f901977c,live,0,2026-09-10T16:02:29.952836+00:00
764b88fdd93eb7f2,scoringdance,round,scoringdance:53,https://scoring.dance/enUS/events/53/results/601.html,ae107cc8f901977c,live,0,2026-09-10T16:02:29.952836+00:00
b5c4edca580f226e,scoringdance,round,scoringdance:53,https://scoring.dance/enUS/events/53/results/602.html,ae107cc8f901977c,live,0,2026-09-10T16:02:29.952836+00:00
3287016a77191c7e,scoringdance,round,scoringdance:53,https://scoring.dance/enUS/events/53/results/603.html,ae107cc8f901977c,live,0,2026-09-10T16:02:29.952836+00:00
dd368a597fcdc676,scoringdance,round,scoringdance:53,https://scoring.dance/enUS/events/53/results/604.html,ae107cc8f901977c,live,0,2026-09-10T16:02:29.952836+00:00
5ecb1d065f5684f7,scoringdance,round,scoringdance:53,https://scoring.dance/enUS/events/53/results/605.html,ae107cc8f901977c,live,0,2026-09-10T16:02:29.952836+00:00
8e3ccb2c2eb6489d,scoringdance,round,scoringdance:53,https://scoring.dance/enUS/events/53/results/606.html,ae107cc8f901977c,live,0,2026-09-10T16:02:29.952836+00:00
848fd9b644e1dd76,scoringdance,round,scoringdance:54,https://scoring.dance/enUS/events/54/results/689.html,b2c7a4024312d964,live,0,2026-09-10T16:02:29.999747+00:00
4a5ab9743ab41e52,scoringdance,round,scoringdance:54,https://scoring.dance/enUS/events/54/results/690.html,b2c7a4024312d964,live,0,2026-09-10T16:02:29.999747+00:00
b4763be088785468,scoringdance,round,scoringdance:54,https://scoring.dance/enUS/events/54/results/691.html,b2c7a4024312d964,live,0,2026-09-10T16:02:29.999747+00:00
c0800acd87a52743,scoringdance,round,scoringdance:54,https://scoring.dance/enUS/events/54/results/692.html,b2c7a4024312d964,live,0,2026-09-10T16:02:29.999747+00:00
34a36563c0c11acd,scoringdance,round,scoringdance:54,https://scoring.dance/enUS/events/54/results/693.html,b2c7a4024312d964,live,0,2026-09-10T16:02:29.999747+00:00
88c9b5459988264b,scoringdance,round,scoringdance:54,https://scoring.dance/enUS/events/54/results/695.html,b2c7a4024312d964,live,0,2026-09-10T16:02:29.999747+00:00
f06e2c053a05b515,scoringdance,round,scoringdance:54,https://scoring.dance/enUS/events/54/results/696.html,b2c7a4024312d964,live,0,2026-09-10T16:02:29.999747+00:00
e0ce40130fc64cbf,scoringdance,round,scoringdance:54,https://scoring.dance/enUS/events/54/results/697.html,b2c7a4024312d964,live,0,2026-09-10T16:02:29.999747+00:00
3c3126419e2cbba5,scoringdance,round,scoringdance:54,https://scoring.dance/enUS/events/54/results/699.html,b2c7a4024312d964,live,0,2026-09-10T16:02:29.999747+00:00
ba5ea7d07c0ca03e,scoringdance,round,scoringdance:54,https://scoring.dance/enUS/events/54/results/700.html,b2c7a4024312d964,live,0,2026-09-10T16:02:29.999747+00:00
f767db008d00a37a,scoringdance,round,scoringdance:54,https://scoring.dance/enUS/events/54/results/701.html,b2c7a4024312d964,live,0,2026-09-10T16:02:29.999747+00:00
72ea72bbae5e31a0,scoringdance,round,scoringdance:54,https://scoring.dance/enUS/events/54/results/702.html,b2c7a4024312d964,live,0,2026-09-10T16:02:29.999747+00:00
7e69fe87272109a5,scoringdance,round,scoringdance:54,https://scoring.dance/enUS/events/54/results/703.html,b2c7a4024312d964,live,0,2026-09-10T16:02:29.999747+00:00
e267125d5cd01d8e,scoringdance,round,scoringdance:54,https://scoring.dance/enUS/events/54/results/704.html,b2c7a4024312d964,live,0,2026-09-10T16:02:29.999747+00:00
12273b2f60f2c5b9,scoringdance,round,scoringdance:54,https://scoring.dance/enUS/events/54/results/705.html,b2c7a4024312d964,live,0,2026-09-10T16:02:29.999747+00:00
ee58fbf4bc8e9b46,scoringdance,round,scoringdance:55,https://scoring.dance/enUS/events/55/results/731.html,9f282e41231447ba,live,0,2026-09-10T16:02:29.808998+00:00
4cf5130a14b4938f,scoringdance,round,scoringdance:55,https://scoring.dance/enUS/events/55/results/732.html,9f282e41231447ba,live,0,2026-09-10T16:02:29.808998+00:00
9509f9631bf7717a,scoringdance,round,scoringdance:55,https://scoring.dance/enUS/events/55/results/733.html,9f282e41231447ba,live,0,2026-09-10T16:02:29.808998+00:00
a2b0f30bd68f8c39,scoringdance,round,scoringdance:55,https://scoring.dance/enUS/events/55/results/734.html,9f282e41231447ba,live,0,2026-09-10T16:02:29.808998+00:00
740094afbd70771b,scoringdance,round,scoringdance:55,https://scoring.dance/enUS/events/55/results/735.html,9f282e41231447ba,live,0,2026-09-10T16:02:29.808998+00:00
ef2a0bd80e5922a9,scoringdance,round,scoringdance:55,https://scoring.dance/enUS/events/55/results/736.html,9f282e41231447ba,live,0,2026-09-10T16:02:29.808998+00:00
5f89782a07c6d584,scoringdance,round,scoringdance:55,https://scoring.dance/enUS/events/55/results/737.html,9f282e41231447ba,live,0,2026-09-10T16:02:29.808998+00:00
4ebebb7c994dffb0,scoringdance,round,scoringdance:55,https://scoring.dance/enUS/events/55/results/738.html,9f282e41231447ba,live,0,2026-09-10T16:02:29.808998+00:00
bce299b729bef9f4,scoringdance,round,scoringdance:55,https://scoring.dance/enUS/events/55/results/739.html,9f282e41231447ba,live,0,2026-09-10T16:02:29.808998+00:00
846201662187f3c1,scoringdance,round,scoringdance:55,https://scoring.dance/enUS/events/55/results/740.html,9f282e41231447ba,live,0,2026-09-10T16:02:29.808998+00:00
a5e4b1cdd7132c8e,scoringdance,round,scoringdance:55,https://scoring.dance/enUS/events/55/results/741.html,9f282e41231447ba,live,0,2026-09-10T16:02:29.808998+00:00
1bd9100ca616400d,scoringdance,round,scoringdance:55,https://scoring.dance/enUS/events/55/results/742.html,9f282e41231447ba,live,0,2026-09-10T16:02:29.808998+00:00
36d78bab78df41e9,scoringdance,round,scoringdance:55,https://scoring.dance/enUS/events/55/results/743.html,9f282e41231447ba,live,0,2026-09-10T16:02:29.808998+00:00
2173ba48ec7158d2,scoringdance,round,scoringdance:55,https://scoring.dance/enUS/events/55/results/744.html,9f282e41231447ba,live,0,2026-09-10T16:02:29.808998+00:00
f30929fb7ce19c18,scoringdance,round,scoringdance:55,https://scoring.dance/enUS/events/55/results/745.html,9f282e41231447ba,live,0,2026-09-10T16:02:29.808998+00:00
b5c88bb06e429e46,scoringdance,round,scoringdance:55,https://scoring.dance/enUS/events/55/results/746.html,9f282e41231447ba,live,0,2026-09-10T16:02:29.808998+00:00
b4202e822edede64,scoringdance,round,scoringdance:55,https://scoring.dance/enUS/events/55/results/747.html,9f282e41231447ba,live,0,2026-09-10T16:02:29.808998+00:00
c35e71f2360534eb,scoringdance,round,scoringdance:56,https://scoring.dance/enUS/events/56/results/748.html,8bd7ddd271f07c54,live,0,2026-09-10T16:02:29.679580+00:00
14a82ffd5d5a07ca,scoringdance,round,scoringdance:56,https://scoring.dance/enUS/events/56/results/749.html,8bd7ddd271f07c54,live,0,2026-09-10T16:02:29.679580+00:00
381ba3aa0f0ed510,scoringdance,round,scoringdance:56,https://scoring.dance/enUS/events/56/results/750.html,8bd7ddd271f07c54,live,0,2026-09-10T16:02:29.679580+00:00
0dfce29c513076c7,scoringdance,round,scoringdance:56,https://scoring.dance/enUS/events/56/results/752.html,8bd7ddd271f07c54,live,0,2026-09-10T16:02:29.679580+00:00
82e3286a56e5aead,scoringdance,round,scoringdance:56,https://scoring.dance/enUS/events/56/results/753.html,8bd7ddd271f07c54,live,0,2026-09-10T16:02:29.679580+00:00
7e38942210be4c3a,scoringdance,round,scoringdance:56,https://scoring.dance/enUS/events/56/results/755.html,8bd7ddd271f07c54,live,0,2026-09-10T16:02:29.679580+00:00
44dbdf689d7240ef,scoringdance,round,scoringdance:56,https://scoring.dance/enUS/events/56/results/756.html,8bd7ddd271f07c54,live,0,2026-09-10T16:02:29.679580+00:00
c05f2164c4b98793,scoringdance,round,scoringdance:56,https://scoring.dance/enUS/events/56/results/757.html,8bd7ddd271f07c54,live,0,2026-09-10T16:02:29.679580+00:00
98613b22a8ab6b3c,scoringdance,round,scoringdance:56,https://scoring.dance/enUS/events/56/results/758.html,8bd7ddd271f07c54,live,0,2026-09-10T16:02:29.679580+00:00
610a52ef2609e479,scoringdance,round,scoringdance:56,https://scoring.dance/enUS/events/56/results/759.html,8bd7ddd271f07c54,live,0,2026-09-10T16:02:29.679580+00:00
b54a3cdc26f54eaf,scoringdance,round,scoringdance:56,https://scoring.dance/enUS/events/56/results/760.html,8bd7ddd271f07c54,live,0,2026-09-10T16:02:29.679580+00:00
2c3bcdd3bf6a8e4f,scoringdance,round,scoringdance:56,https://scoring.dance/enUS/events/56/results/761.html,8bd7ddd271f07c54,live,0,2026-09-10T16:02:29.679580+00:00
9b43a794e1ec8d4d,scoringdance,round,scoringdance:56,https://scoring.dance/enUS/events/56/results/762.html,8bd7ddd271f07c54,live,0,2026-09-10T16:02:29.679580+00:00
1537405e517a178f,scoringdance,round,scoringdance:56,https://scoring.dance/enUS/events/56/results/764.html,8bd7ddd271f07c54,live,0,2026-09-10T16:02:29.679580+00:00
f39669f052913c43,scoringdance,round,scoringdance:56,https://scoring.dance/enUS/events/56/results/765.html,8bd7ddd271f07c54,live,0,2026-09-10T16:02:29.679580+00:00
2a7f35ab116338b8,scoringdance,round,scoringdance:57,https://scoring.dance/enUS/events/57/results/818.html,72e2e959bf4a9b5a,live,0,2026-09-10T16:02:29.438527+00:00
8c62585ed64b7d92,scoringdance,round,scoringdance:57,https://scoring.dance/enUS/events/57/results/819.html,72e2e959bf4a9b5a,live,0,2026-09-10T16:02:29.438527+00:00
e5c1701c378442c8,scoringdance,round,scoringdance:57,https://scoring.dance/enUS/events/57/results/820.html,72e2e959bf4a9b5a,live,0,2026-09-10T16:02:29.438527+00:00
483b034b88040e11,scoringdance,round,scoringdance:57,https://scoring.dance/enUS/events/57/results/821.html,72e2e959bf4a9b5a,live,0,2026-09-10T16:02:29.438527+00:00
b03a32161d4586a4,scoringdance,round,scoringdance:57,https://scoring.dance/enUS/events/57/results/822.html,72e2e959bf4a9b5a,live,0,2026-09-10T16:02:29.438527+00:00
aee42923ba1cac16,scoringdance,round,scoringdance:57,https://scoring.dance/enUS/events/57/results/823.html,72e2e959bf4a9b5a,live,0,2026-09-10T16:02:29.438527+00:00
f3df45c576811283,scoringdance,round,scoringdance:57,https://scoring.dance/enUS/events/57/results/824.html,72e2e959bf4a9b5a,live,0,2026-09-10T16:02:29.438527+00:00
bbcb11957181c2ba,scoringdance,round,scoringdance:57,https://scoring.dance/enUS/events/57/results/825.html,72e2e959bf4a9b5a,live,0,2026-09-10T16:02:29.438527+00:00
f88d43cbee5bca55,scoringdance,round,scoringdance:57,https://scoring.dance/enUS/events/57/results/827.html,72e2e959bf4a9b5a,live,0,2026-09-10T16:02:29.438527+00:00
a571d5d5f065ec81,scoringdance,round,scoringdance:57,https://scoring.dance/enUS/events/57/results/828.html,72e2e959bf4a9b5a,live,0,2026-09-10T16:02:29.438527+00:00
373922d8cd9008b8,scoringdance,round,scoringdance:57,https://scoring.dance/enUS/events/57/results/829.html,72e2e959bf4a9b5a,live,0,2026-09-10T16:02:29.438527+00:00
da9f26d43bafeca0,scoringdance,round,scoringdance:57,https://scoring.dance/enUS/events/57/results/830.html,72e2e959bf4a9b5a,live,0,2026-09-10T16:02:29.438527+00:00
785600ec4f1c7630,scoringdance,round,scoringdance:57,https://scoring.dance/enUS/events/57/results/831.html,72e2e959bf4a9b5a,live,0,2026-09-10T16:02:29.438527+00:00
cc76512c62e2b17a,scoringdance,round,scoringdance:57,https://scoring.dance/enUS/events/57/results/856.html,72e2e959bf4a9b5a,live,0,2026-09-10T16:02:29.438527+00:00
270b611da7d3d163,scoringdance,round,scoringdance:58,https://scoring.dance/enUS/events/58/results/832.html,88a57ba868b9b1e4,live,0,2026-09-10T16:02:29.651219+00:00
60fa4b2ef67ebe86,scoringdance,round,scoringdance:58,https://scoring.dance/enUS/events/58/results/833.html,88a57ba868b9b1e4,live,0,2026-09-10T16:02:29.651219+00:00
0bf6729577a58309,scoringdance,round,scoringdance:58,https://scoring.dance/enUS/events/58/results/834.html,88a57ba868b9b1e4,live,0,2026-09-10T16:02:29.651219+00:00
e48c52b2e5f4c8d9,scoringdance,round,scoringdance:58,https://scoring.dance/enUS/events/58/results/835.html,88a57ba868b9b1e4,live,0,2026-09-10T16:02:29.651219+00:00
88a0acae4e1601b4,scoringdance,round,scoringdance:58,https://scoring.dance/enUS/events/58/results/836.html,88a57ba868b9b1e4,live,0,2026-09-10T16:02:29.651219+00:00
80066ec36bce291d,scoringdance,round,scoringdance:58,https://scoring.dance/enUS/events/58/results/837.html,88a57ba868b9b1e4,live,0,2026-09-10T16:02:29.651219+00:00
dee7f92451f61d25,scoringdance,round,scoringdance:58,https://scoring.dance/enUS/events/58/results/838.html,88a57ba868b9b1e4,live,0,2026-09-10T16:02:29.651219+00:00
fdf81c25e17d079f,scoringdance,round,scoringdance:58,https://scoring.dance/enUS/events/58/results/839.html,88a57ba868b9b1e4,live,0,2026-09-10T16:02:29.651219+00:00
d806a11d15d09091,scoringdance,round,scoringdance:58,https://scoring.dance/enUS/events/58/results/840.html,88a57ba868b9b1e4,live,0,2026-09-10T16:02:29.651219+00:00
3c480332aae7bc49,scoringdance,round,scoringdance:58,https://scoring.dance/enUS/events/58/results/841.html,88a57ba868b9b1e4,live,0,2026-09-10T16:02:29.651219+00:00
21b101688f6c179a,scoringdance,round,scoringdance:58,https://scoring.dance/enUS/events/58/results/842.html,88a57ba868b9b1e4,live,0,2026-09-10T16:02:29.651219+00:00
cc09bb98e7c081cc,scoringdance,round,scoringdance:58,https://scoring.dance/enUS/events/58/results/843.html,88a57ba868b9b1e4,live,0,2026-09-10T16:02:29.651219+00:00
632210c14e1ebdb8,scoringdance,round,scoringdance:58,https://scoring.dance/enUS/events/58/results/844.html,88a57ba868b9b1e4,live,0,2026-09-10T16:02:29.651219+00:00
9ef58f1a3c91c3df,scoringdance,round,scoringdance:58,https://scoring.dance/enUS/events/58/results/846.html,88a57ba868b9b1e4,live,0,2026-09-10T16:02:29.651219+00:00
0ce8abd03fecf5bf,scoringdance,round,scoringdance:58,https://scoring.dance/enUS/events/58/results/847.html,88a57ba868b9b1e4,live,0,2026-09-10T16:02:29.651219+00:00
869bd11b5175faa9,scoringdance,round,scoringdance:58,https://scoring.dance/enUS/events/58/results/848.html,88a57ba868b9b1e4,live,0,2026-09-10T16:02:29.651219+00:00
d33e66b9d534a526,scoringdance,round,scoringdance:58,https://scoring.dance/enUS/events/58/results/849.html,88a57ba868b9b1e4,live,0,2026-09-10T16:02:29.651219+00:00
2d5da14613ca012c,scoringdance,round,scoringdance:58,https://scoring.dance/enUS/events/58/results/850.html,88a57ba868b9b1e4,live,0,2026-09-10T16:02:29.651219+00:00
1a45a46b565b84b5,scoringdance,round,scoringdance:58,https://scoring.dance/enUS/events/58/results/851.html,88a57ba868b9b1e4,live,0,2026-09-10T16:02:29.651219+00:00
85200f0e9cce7465,scoringdance,round,scoringdance:58,https://scoring.dance/enUS/events/58/results/852.html,88a57ba868b9b1e4,live,0,2026-09-10T16:02:29.651219+00:00
bb30cdd21777242a,scoringdance,round,scoringdance:58,https://scoring.dance/enUS/events/58/results/853.html,88a57ba868b9b1e4,live,0,2026-09-10T16:02:29.651219+00:00
bd316abc7a9a201c,scoringdance,round,scoringdance:58,https://scoring.dance/enUS/events/58/results/854.html,88a57ba868b9b1e4,live,0,2026-09-10T16:02:29.651219+00:00
789c3fc9ebc18053,scoringdance,round,scoringdance:58,https://scoring.dance/enUS/events/58/results/855.html,88a57ba868b9b1e4,live,0,2026-09-10T16:02:29.651219+00:00
18282b88c426d262,scoringdance,round,scoringdance:58,https://scoring.dance/enUS/events/58/results/857.html,88a57ba868b9b1e4,live,0,2026-09-10T16:02:29.651219+00:00
79ad7ba9aa7af939,scoringdance,round,scoringdance:58,https://scoring.dance/enUS/events/58/results/858.html,88a57ba868b9b1e4,live,0,2026-09-10T16:02:29.651219+00:00
5076e6e339604f29,scoringdance,round,scoringdance:59,https://scoring.dance/enUS/events/59/results/468.html,89ed210439d60439,live,0,2026-09-10T16:02:29.657132+00:00
3efd9cf909646657,scoringdance,round,scoringdance:59,https://scoring.dance/enUS/events/59/results/469.html,89ed210439d60439,live,0,2026-09-10T16:02:29.657132+00:00
a2b9bfe9eb6034f5,scoringdance,round,scoringdance:59,https://scoring.dance/enUS/events/59/results/470.html,89ed210439d60439,live,0,2026-09-10T16:02:29.657132+00:00
a070bf7a1206277c,scoringdance,round,scoringdance:59,https://scoring.dance/enUS/events/59/results/471.html,89ed210439d60439,live,0,2026-09-10T16:02:29.657132+00:00
73ee0f95f72e7e28,scoringdance,round,scoringdance:60,https://scoring.dance/enUS/events/60/results/472.html,d5ea86bf5d06e58a,live,0,2026-09-10T16:02:30.360695+00:00
f36a740fbcd87513,scoringdance,round,scoringdance:60,https://scoring.dance/enUS/events/60/results/473.html,d5ea86bf5d06e58a,live,0,2026-09-10T16:02:30.360695+00:00
7d110e6e1788a6a2,scoringdance,round,scoringdance:61,https://scoring.dance/enUS/events/61/results/479.html,b47b97a8aa894113,live,0,2026-09-10T16:02:30.024259+00:00
e49de6d213e88ce6,scoringdance,round,scoringdance:61,https://scoring.dance/enUS/events/61/results/481.html,b47b97a8aa894113,live,0,2026-09-10T16:02:30.024259+00:00
eb26ea8dc3d70cfe,scoringdance,round,scoringdance:61,https://scoring.dance/enUS/events/61/results/482.html,b47b97a8aa894113,live,0,2026-09-10T16:02:30.024259+00:00
1ed46a300f728045,scoringdance,round,scoringdance:61,https://scoring.dance/enUS/events/61/results/484.html,b47b97a8aa894113,live,0,2026-09-10T16:02:30.024259+00:00
5f4407a9986349d4,scoringdance,round,scoringdance:61,https://scoring.dance/enUS/events/61/results/485.html,b47b97a8aa894113,live,0,2026-09-10T16:02:30.024259+00:00
6c17f9b5be21601c,scoringdance,round,scoringdance:61,https://scoring.dance/enUS/events/61/results/486.html,b47b97a8aa894113,live,0,2026-09-10T16:02:30.024259+00:00
8c47c2eb14e7e3bf,scoringdance,round,scoringdance:61,https://scoring.dance/enUS/events/61/results/490.html,b47b97a8aa894113,live,0,2026-09-10T16:02:30.024259+00:00
7f78aa27e06e77ca,scoringdance,round,scoringdance:61,https://scoring.dance/enUS/events/61/results/492.html,b47b97a8aa894113,live,0,2026-09-10T16:02:30.024259+00:00
90ad9444ca097e23,scoringdance,round,scoringdance:61,https://scoring.dance/enUS/events/61/results/493.html,b47b97a8aa894113,live,0,2026-09-10T16:02:30.024259+00:00
e534c1cfa4a4c098,scoringdance,round,scoringdance:61,https://scoring.dance/enUS/events/61/results/494.html,b47b97a8aa894113,live,0,2026-09-10T16:02:30.024259+00:00
1800ca80d8630501,scoringdance,round,scoringdance:61,https://scoring.dance/enUS/events/61/results/496.html,b47b97a8aa894113,live,0,2026-09-10T16:02:30.024259+00:00
c6a2caf2301c8560,scoringdance,round,scoringdance:61,https://scoring.dance/enUS/events/61/results/497.html,b47b97a8aa894113,live,0,2026-09-10T16:02:30.024259+00:00
0633d6980d603c08,scoringdance,round,scoringdance:61,https://scoring.dance/enUS/events/61/results/498.html,b47b97a8aa894113,live,0,2026-09-10T16:02:30.024259+00:00
169447276150634e,scoringdance,round,scoringdance:61,https://scoring.dance/enUS/events/61/results/500.html,b47b97a8aa894113,live,0,2026-09-10T16:02:30.024259+00:00
e6eedc7f0bc65a96,scoringdance,round,scoringdance:61,https://scoring.dance/enUS/events/61/results/501.html,b47b97a8aa894113,live,0,2026-09-10T16:02:30.024259+00:00
d0676fdcdb8cb118,scoringdance,round,scoringdance:62,https://scoring.dance/enUS/events/62/results/507.html,e0499d2c7a1d8f5d,live,0,2026-09-10T16:02:30.438815+00:00
8e603cb93bbcd640,scoringdance,round,scoringdance:62,https://scoring.dance/enUS/events/62/results/508.html,e0499d2c7a1d8f5d,live,0,2026-09-10T16:02:30.438815+00:00
45ab06e4ccaf47e3,scoringdance,round,scoringdance:62,https://scoring.dance/enUS/events/62/results/509.html,e0499d2c7a1d8f5d,live,0,2026-09-10T16:02:30.438815+00:00
55404d569772dd28,scoringdance,round,scoringdance:62,https://scoring.dance/enUS/events/62/results/510.html,e0499d2c7a1d8f5d,live,0,2026-09-10T16:02:30.438815+00:00
c6e7d20e2c94973c,scoringdance,round,scoringdance:62,https://scoring.dance/enUS/events/62/results/511.html,e0499d2c7a1d8f5d,live,0,2026-09-10T16:02:30.438815+00:00
f77a3735915aa376,scoringdance,round,scoringdance:62,https://scoring.dance/enUS/events/62/results/512.html,e0499d2c7a1d8f5d,live,0,2026-09-10T16:02:30.438815+00:00
4cf246fce7534aef,scoringdance,round,scoringdance:62,https://scoring.dance/enUS/events/62/results/513.html,e0499d2c7a1d8f5d,live,0,2026-09-10T16:02:30.438815+00:00
5aa2fcb1cd56798a,scoringdance,round,scoringdance:62,https://scoring.dance/enUS/events/62/results/514.html,e0499d2c7a1d8f5d,live,0,2026-09-10T16:02:30.438815+00:00
934ce8c8aafc9b4b,scoringdance,round,scoringdance:62,https://scoring.dance/enUS/events/62/results/515.html,e0499d2c7a1d8f5d,live,0,2026-09-10T16:02:30.438815+00:00
9c05d5f81d97ea89,scoringdance,round,scoringdance:62,https://scoring.dance/enUS/events/62/results/516.html,e0499d2c7a1d8f5d,live,0,2026-09-10T16:02:30.438815+00:00
443b3c083d136910,scoringdance,round,scoringdance:62,https://scoring.dance/enUS/events/62/results/517.html,e0499d2c7a1d8f5d,live,0,2026-09-10T16:02:30.438815+00:00
f1adbabc9147c356,scoringdance,round,scoringdance:62,https://scoring.dance/enUS/events/62/results/518.html,e0499d2c7a1d8f5d,live,0,2026-09-10T16:02:30.438815+00:00
fae6b329066054b8,scoringdance,round,scoringdance:62,https://scoring.dance/enUS/events/62/results/519.html,e0499d2c7a1d8f5d,live,0,2026-09-10T16:02:30.438815+00:00
194666f6e82adb1a,scoringdance,round,scoringdance:62,https://scoring.dance/enUS/events/62/results/520.html,e0499d2c7a1d8f5d,live,0,2026-09-10T16:02:30.438815+00:00
71a346471007d9a4,scoringdance,round,scoringdance:62,https://scoring.dance/enUS/events/62/results/521.html,e0499d2c7a1d8f5d,live,0,2026-09-10T16:02:30.438815+00:00
c703f922debf5975,scoringdance,round,scoringdance:62,https://scoring.dance/enUS/events/62/results/522.html,e0499d2c7a1d8f5d,live,0,2026-09-10T16:02:30.438815+00:00
d7635918b3120108,scoringdance,round,scoringdance:63,https://scoring.dance/enUS/events/63/results/476.html,c793912f5433a3fb,live,0,2026-09-10T16:02:30.218398+00:00
0664760c9cb646fe,scoringdance,round,scoringdance:63,https://scoring.dance/enUS/events/63/results/502.html,c793912f5433a3fb,live,0,2026-09-10T16:02:30.218398+00:00
a4270653ec6da860,scoringdance,round,scoringdance:63,https://scoring.dance/enUS/events/63/results/503.html,c793912f5433a3fb,live,0,2026-09-10T16:02:30.218398+00:00
bc5e597dfac08f31,scoringdance,round,scoringdance:63,https://scoring.dance/enUS/events/63/results/504.html,c793912f5433a3fb,live,0,2026-09-10T16:02:30.218398+00:00
36d57ef2bfcf3d3f,scoringdance,round,scoringdance:63,https://scoring.dance/enUS/events/63/results/505.html,c793912f5433a3fb,live,0,2026-09-10T16:02:30.218398+00:00
930cf975f5cd7fe3,scoringdance,round,scoringdance:63,https://scoring.dance/enUS/events/63/results/506.html,c793912f5433a3fb,live,0,2026-09-10T16:02:30.218398+00:00
71fe99d8197e0c25,scoringdance,round,scoringdance:65,https://scoring.dance/enUS/events/65/results/554.html,8be66a7b5f6efed6,live,0,2026-09-10T16:02:29.685310+00:00
2dba10a18b0b259f,scoringdance,round,scoringdance:65,https://scoring.dance/enUS/events/65/results/555.html,8be66a7b5f6efed6,live,0,2026-09-10T16:02:29.685310+00:00
1c77fbe545155dc4,scoringdance,round,scoringdance:65,https://scoring.dance/enUS/events/65/results/556.html,8be66a7b5f6efed6,live,0,2026-09-10T16:02:29.685310+00:00
4bd3dd57a301a146,scoringdance,round,scoringdance:65,https://scoring.dance/enUS/events/65/results/557.html,8be66a7b5f6efed6,live,0,2026-09-10T16:02:29.685310+00:00
c34a1a2cc654d8e5,scoringdance,round,scoringdance:65,https://scoring.dance/enUS/events/65/results/558.html,8be66a7b5f6efed6,live,0,2026-09-10T16:02:29.685310+00:00
8c0b57ba7710eec4,scoringdance,round,scoringdance:65,https://scoring.dance/enUS/events/65/results/559.html,8be66a7b5f6efed6,live,0,2026-09-10T16:02:29.685310+00:00
48582729f8df9749,scoringdance,round,scoringdance:65,https://scoring.dance/enUS/events/65/results/560.html,8be66a7b5f6efed6,live,0,2026-09-10T16:02:29.685310+00:00
729d036522d1cc67,scoringdance,round,scoringdance:65,https://scoring.dance/enUS/events/65/results/561.html,8be66a7b5f6efed6,live,0,2026-09-10T16:02:29.685310+00:00
fa47c3ef6f965f02,scoringdance,round,scoringdance:65,https://scoring.dance/enUS/events/65/results/562.html,8be66a7b5f6efed6,live,0,2026-09-10T16:02:29.685310+00:00
13ebeb1a395ea372,scoringdance,round,scoringdance:65,https://scoring.dance/enUS/events/65/results/563.html,8be66a7b5f6efed6,live,0,2026-09-10T16:02:29.685310+00:00
8bcfbe706ce12614,scoringdance,round,scoringdance:65,https://scoring.dance/enUS/events/65/results/564.html,8be66a7b5f6efed6,live,0,2026-09-10T16:02:29.685310+00:00
bac580af1944f2b9,scoringdance,round,scoringdance:65,https://scoring.dance/enUS/events/65/results/565.html,8be66a7b5f6efed6,live,0,2026-09-10T16:02:29.685310+00:00
39ab4bb143a5c65c,scoringdance,round,scoringdance:65,https://scoring.dance/enUS/events/65/results/566.html,8be66a7b5f6efed6,live,0,2026-09-10T16:02:29.685310+00:00
33ba535d10e99a49,scoringdance,round,scoringdance:65,https://scoring.dance/enUS/events/65/results/567.html,8be66a7b5f6efed6,live,0,2026-09-10T16:02:29.685310+00:00
0065690e65fa49e6,scoringdance,round,scoringdance:65,https://scoring.dance/enUS/events/65/results/568.html,8be66a7b5f6efed6,live,0,2026-09-10T16:02:29.685310+00:00
59d1ad8f173bd644,scoringdance,round,scoringdance:65,https://scoring.dance/enUS/events/65/results/569.html,8be66a7b5f6efed6,live,0,2026-09-10T16:02:29.685310+00:00
cae53e765f9b023e,scoringdance,round,scoringdance:65,https://scoring.dance/enUS/events/65/results/570.html,8be66a7b5f6efed6,live,0,2026-09-10T16:02:29.685310+00:00
9e74716dd940cfba,scoringdance,round,scoringdance:65,https://scoring.dance/enUS/events/65/results/571.html,8be66a7b5f6efed6,live,0,2026-09-10T16:02:29.685310+00:00
ae06e4095aa5ff89,scoringdance,round,scoringdance:66,https://scoring.dance/enUS/events/66/results/572.html,8ec12bf69b508be7,live,0,2026-09-10T16:02:29.702095+00:00
790269a8b50aedfb,scoringdance,round,scoringdance:66,https://scoring.dance/enUS/events/66/results/573.html,8ec12bf69b508be7,live,0,2026-09-10T16:02:29.702095+00:00
de8f8db737f05e2f,scoringdance,round,scoringdance:66,https://scoring.dance/enUS/events/66/results/574.html,8ec12bf69b508be7,live,0,2026-09-10T16:02:29.702095+00:00
e9ce321da95381e4,scoringdance,round,scoringdance:66,https://scoring.dance/enUS/events/66/results/575.html,8ec12bf69b508be7,live,0,2026-09-10T16:02:29.702095+00:00
542df403e77865af,scoringdance,round,scoringdance:66,https://scoring.dance/enUS/events/66/results/576.html,8ec12bf69b508be7,live,0,2026-09-10T16:02:29.702095+00:00
2dc12b7578bc98fd,scoringdance,round,scoringdance:66,https://scoring.dance/enUS/events/66/results/577.html,8ec12bf69b508be7,live,0,2026-09-10T16:02:29.702095+00:00
432be8d870c626b9,scoringdance,round,scoringdance:66,https://scoring.dance/enUS/events/66/results/578.html,8ec12bf69b508be7,live,0,2026-09-10T16:02:29.702095+00:00
7ddf4c8a4723b60a,scoringdance,round,scoringdance:66,https://scoring.dance/enUS/events/66/results/579.html,8ec12bf69b508be7,live,0,2026-09-10T16:02:29.702095+00:00
9de6a78d58f968de,scoringdance,round,scoringdance:66,https://scoring.dance/enUS/events/66/results/580.html,8ec12bf69b508be7,live,0,2026-09-10T16:02:29.702095+00:00
71234badb49d58f9,scoringdance,round,scoringdance:66,https://scoring.dance/enUS/events/66/results/581.html,8ec12bf69b508be7,live,0,2026-09-10T16:02:29.702095+00:00
5a142eeed32f697d,scoringdance,round,scoringdance:66,https://scoring.dance/enUS/events/66/results/582.html,8ec12bf69b508be7,live,0,2026-09-10T16:02:29.702095+00:00
8f2ec4f51c6773e4,scoringdance,round,scoringdance:66,https://scoring.dance/enUS/events/66/results/583.html,8ec12bf69b508be7,live,0,2026-09-10T16:02:29.702095+00:00
67c04d6c9606f1e4,scoringdance,round,scoringdance:66,https://scoring.dance/enUS/events/66/results/584.html,8ec12bf69b508be7,live,0,2026-09-10T16:02:29.702095+00:00
4ff8f09fe4e81c0b,scoringdance,round,scoringdance:67,https://scoring.dance/enUS/events/67/results/607.html,6b911938d02df63c,live,0,2026-09-10T16:02:29.392829+00:00
beb1953ec4991d5c,scoringdance,round,scoringdance:67,https://scoring.dance/enUS/events/67/results/608.html,6b911938d02df63c,live,0,2026-09-10T16:02:29.392829+00:00
18b1aad219014f29,scoringdance,round,scoringdance:67,https://scoring.dance/enUS/events/67/results/609.html,6b911938d02df63c,live,0,2026-09-10T16:02:29.392829+00:00
2c1abf9703cc0e45,scoringdance,round,scoringdance:67,https://scoring.dance/enUS/events/67/results/610.html,6b911938d02df63c,live,0,2026-09-10T16:02:29.392829+00:00
3513d9c8ebe62a80,scoringdance,round,scoringdance:67,https://scoring.dance/enUS/events/67/results/611.html,6b911938d02df63c,live,0,2026-09-10T16:02:29.392829+00:00
1467598dca5a4794,scoringdance,round,scoringdance:67,https://scoring.dance/enUS/events/67/results/612.html,6b911938d02df63c,live,0,2026-09-10T16:02:29.392829+00:00
5fb26809e7975908,scoringdance,round,scoringdance:67,https://scoring.dance/enUS/events/67/results/614.html,6b911938d02df63c,live,0,2026-09-10T16:02:29.392829+00:00
128227919ca8e5a1,scoringdance,round,scoringdance:67,https://scoring.dance/enUS/events/67/results/615.html,6b911938d02df63c,live,0,2026-09-10T16:02:29.392829+00:00
0003ca31b842da12,scoringdance,round,scoringdance:67,https://scoring.dance/enUS/events/67/results/616.html,6b911938d02df63c,live,0,2026-09-10T16:02:29.392829+00:00
847d1c4d9912c427,scoringdance,round,scoringdance:67,https://scoring.dance/enUS/events/67/results/618.html,6b911938d02df63c,live,0,2026-09-10T16:02:29.392829+00:00
00c5706fb2ce0da0,scoringdance,round,scoringdance:68,https://scoring.dance/enUS/events/68/results/653.html,82fb4e70fb6affa7,live,0,2026-09-10T16:02:29.627377+00:00
e060d868d910c4ec,scoringdance,round,scoringdance:68,https://scoring.dance/enUS/events/68/results/654.html,82fb4e70fb6affa7,live,0,2026-09-10T16:02:29.627377+00:00
7ecaaacb2835919b,scoringdance,round,scoringdance:68,https://scoring.dance/enUS/events/68/results/655.html,82fb4e70fb6affa7,live,0,2026-09-10T16:02:29.627377+00:00
7597dc83f77ac385,scoringdance,round,scoringdance:68,https://scoring.dance/enUS/events/68/results/656.html,82fb4e70fb6affa7,live,0,2026-09-10T16:02:29.627377+00:00
1a6981ca7cde551c,scoringdance,round,scoringdance:68,https://scoring.dance/enUS/events/68/results/657.html,82fb4e70fb6affa7,live,0,2026-09-10T16:02:29.627377+00:00
38012ec25dc3bc0f,scoringdance,round,scoringdance:68,https://scoring.dance/enUS/events/68/results/658.html,82fb4e70fb6affa7,live,0,2026-09-10T16:02:29.627377+00:00
acc7370371ec5d9b,scoringdance,round,scoringdance:68,https://scoring.dance/enUS/events/68/results/659.html,82fb4e70fb6affa7,live,0,2026-09-10T16:02:29.627377+00:00
6539bae78d56b6df,scoringdance,round,scoringdance:68,https://scoring.dance/enUS/events/68/results/660.html,82fb4e70fb6affa7,live,0,2026-09-10T16:02:29.627377+00:00
07665e5cc836d751,scoringdance,round,scoringdance:68,https://scoring.dance/enUS/events/68/results/661.html,82fb4e70fb6affa7,live,0,2026-09-10T16:02:29.627377+00:00
7cc66b16746358b4,scoringdance,round,scoringdance:68,https://scoring.dance/enUS/events/68/results/663.html,82fb4e70fb6affa7,live,0,2026-09-10T16:02:29.627377+00:00
e68bf2657f618fcc,scoringdance,round,scoringdance:68,https://scoring.dance/enUS/events/68/results/664.html,82fb4e70fb6affa7,live,0,2026-09-10T16:02:29.627377+00:00
77cb63f922a9eee1,scoringdance,round,scoringdance:68,https://scoring.dance/enUS/events/68/results/665.html,82fb4e70fb6affa7,live,0,2026-09-10T16:02:29.627377+00:00
b7d91af3ce18fcf4,scoringdance,round,scoringdance:68,https://scoring.dance/enUS/events/68/results/666.html,82fb4e70fb6affa7,live,0,2026-09-10T16:02:29.627377+00:00
1ed6e83ff3f80cac,scoringdance,round,scoringdance:68,https://scoring.dance/enUS/events/68/results/667.html,82fb4e70fb6affa7,live,0,2026-09-10T16:02:29.627377+00:00
d1c907f3f51e53b3,scoringdance,round,scoringdance:68,https://scoring.dance/enUS/events/68/results/668.html,82fb4e70fb6affa7,live,0,2026-09-10T16:02:29.627377+00:00
cd1a4654db42eff0,scoringdance,round,scoringdance:68,https://scoring.dance/enUS/events/68/results/669.html,82fb4e70fb6affa7,live,0,2026-09-10T16:02:29.627377+00:00
6defe73824f9102f,scoringdance,round,scoringdance:69,https://scoring.dance/enUS/events/69/results/647.html,e375cff149cb15c0,live,0,2026-09-10T16:02:30.492634+00:00
93155241ace52539,scoringdance,round,scoringdance:69,https://scoring.dance/enUS/events/69/results/648.html,e375cff149cb15c0,live,0,2026-09-10T16:02:30.492634+00:00
76d8453fa6246820,scoringdance,round,scoringdance:69,https://scoring.dance/enUS/events/69/results/649.html,e375cff149cb15c0,live,0,2026-09-10T16:02:30.492634+00:00
ef26d86846d3eaa2,scoringdance,round,scoringdance:69,https://scoring.dance/enUS/events/69/results/650.html,e375cff149cb15c0,live,0,2026-09-10T16:02:30.492634+00:00
d521fc5aef5fb866,scoringdance,round,scoringdance:69,https://scoring.dance/enUS/events/69/results/651.html,e375cff149cb15c0,live,0,2026-09-10T16:02:30.492634+00:00
101008092b1c70f0,scoringdance,round,scoringdance:69,https://scoring.dance/enUS/events/69/results/652.html,e375cff149cb15c0,live,0,2026-09-10T16:02:30.492634+00:00
60adf2823317ad31,scoringdance,round,scoringdance:7,https://scoring.dance/enUS/events/7/results/75.html,cf50bf59f5f8f8c3,live,0,2026-09-10T16:02:30.302982+00:00
ae5bb6dced8668aa,scoringdance,round,scoringdance:7,https://scoring.dance/enUS/events/7/results/76.html,cf50bf59f5f8f8c3,live,0,2026-09-10T16:02:30.302982+00:00
59f963c5fc4071a2,scoringdance,round,scoringdance:7,https://scoring.dance/enUS/events/7/results/78.html,cf50bf59f5f8f8c3,live,0,2026-09-10T16:02:30.302982+00:00
6c00b0f801986e6c,scoringdance,round,scoringdance:7,https://scoring.dance/enUS/events/7/results/79.html,cf50bf59f5f8f8c3,live,0,2026-09-10T16:02:30.302982+00:00
8c35e59e870e6dfc,scoringdance,round,scoringdance:7,https://scoring.dance/enUS/events/7/results/80.html,cf50bf59f5f8f8c3,live,0,2026-09-10T16:02:30.302982+00:00
1b2754b634ee12f3,scoringdance,round,scoringdance:7,https://scoring.dance/enUS/events/7/results/83.html,cf50bf59f5f8f8c3,live,0,2026-09-10T16:02:30.302982+00:00
cf899667a84a0c39,scoringdance,round,scoringdance:7,https://scoring.dance/enUS/events/7/results/84.html,cf50bf59f5f8f8c3,live,0,2026-09-10T16:02:30.302982+00:00
ce8a56653ad20739,scoringdance,round,scoringdance:7,https://scoring.dance/enUS/events/7/results/85.html,cf50bf59f5f8f8c3,live,0,2026-09-10T16:02:30.302982+00:00
723115fa35e4ff9d,scoringdance,round,scoringdance:7,https://scoring.dance/enUS/events/7/results/86.html,cf50bf59f5f8f8c3,live,0,2026-09-10T16:02:30.302982+00:00
f19dcd683e5f1771,scoringdance,round,scoringdance:7,https://scoring.dance/enUS/events/7/results/87.html,cf50bf59f5f8f8c3,live,0,2026-09-10T16:02:30.302982+00:00
24e4a698adcc4d30,scoringdance,round,scoringdance:7,https://scoring.dance/enUS/events/7/results/88.html,cf50bf59f5f8f8c3,live,0,2026-09-10T16:02:30.302982+00:00
cb3ffd9b5588fa8a,scoringdance,round,scoringdance:7,https://scoring.dance/enUS/events/7/results/89.html,cf50bf59f5f8f8c3,live,0,2026-09-10T16:02:30.302982+00:00
388350f59758fb6a,scoringdance,round,scoringdance:7,https://scoring.dance/enUS/events/7/results/91.html,cf50bf59f5f8f8c3,live,0,2026-09-10T16:02:30.302982+00:00
b26d7742a598a6fb,scoringdance,round,scoringdance:7,https://scoring.dance/enUS/events/7/results/92.html,cf50bf59f5f8f8c3,live,0,2026-09-10T16:02:30.302982+00:00
cbbe48e9f1affd3b,scoringdance,round,scoringdance:7,https://scoring.dance/enUS/events/7/results/93.html,cf50bf59f5f8f8c3,live,0,2026-09-10T16:02:30.302982+00:00
067bf9a2c937233f,scoringdance,round,scoringdance:7,https://scoring.dance/enUS/events/7/results/94.html,cf50bf59f5f8f8c3,live,0,2026-09-10T16:02:30.302982+00:00
2286ac7a3577d62f,scoringdance,round,scoringdance:7,https://scoring.dance/enUS/events/7/results/95.html,cf50bf59f5f8f8c3,live,0,2026-09-10T16:02:30.302982+00:00
75ccc28f82383fba,scoringdance,round,scoringdance:7,https://scoring.dance/enUS/events/7/results/96.html,cf50bf59f5f8f8c3,live,0,2026-09-10T16:02:30.302982+00:00
69758b63d87c4a9f,scoringdance,round,scoringdance:7,https://scoring.dance/enUS/events/7/results/97.html,cf50bf59f5f8f8c3,live,0,2026-09-10T16:02:30.302982+00:00
9b69c17c3855dda0,scoringdance,round,scoringdance:7,https://scoring.dance/enUS/events/7/results/98.html,cf50bf59f5f8f8c3,live,0,2026-09-10T16:02:30.302982+00:00
f65744df02f15987,scoringdance,round,scoringdance:7,https://scoring.dance/enUS/events/7/results/99.html,cf50bf59f5f8f8c3,live,0,2026-09-10T16:02:30.302982+00:00
12702b5adea5ac03,scoringdance,round,scoringdance:70,https://scoring.dance/enUS/events/70/results/671.html,7f78a5177d697b3f,live,0,2026-09-10T16:02:29.580193+00:00
0073f8524e7ba1d6,scoringdance,round,scoringdance:70,https://scoring.dance/enUS/events/70/results/672.html,7f78a5177d697b3f,live,0,2026-09-10T16:02:29.580193+00:00
1d4d8d62d4a6d302,scoringdance,round,scoringdance:70,https://scoring.dance/enUS/events/70/results/673.html,7f78a5177d697b3f,live,0,2026-09-10T16:02:29.580193+00:00
ddf0d375312d3b7b,scoringdance,round,scoringdance:70,https://scoring.dance/enUS/events/70/results/675.html,7f78a5177d697b3f,live,0,2026-09-10T16:02:29.580193+00:00
0899f92ffc50eb41,scoringdance,round,scoringdance:70,https://scoring.dance/enUS/events/70/results/676.html,7f78a5177d697b3f,live,0,2026-09-10T16:02:29.580193+00:00
a66b1edccfd7cc5c,scoringdance,round,scoringdance:70,https://scoring.dance/enUS/events/70/results/677.html,7f78a5177d697b3f,live,0,2026-09-10T16:02:29.580193+00:00
4712f449ae08ee6c,scoringdance,round,scoringdance:70,https://scoring.dance/enUS/events/70/results/678.html,7f78a5177d697b3f,live,0,2026-09-10T16:02:29.580193+00:00
4675ed3c578cb78f,scoringdance,round,scoringdance:70,https://scoring.dance/enUS/events/70/results/679.html,7f78a5177d697b3f,live,0,2026-09-10T16:02:29.580193+00:00
20711b70778339f6,scoringdance,round,scoringdance:70,https://scoring.dance/enUS/events/70/results/680.html,7f78a5177d697b3f,live,0,2026-09-10T16:02:29.580193+00:00
a788587fbd72bcb3,scoringdance,round,scoringdance:70,https://scoring.dance/enUS/events/70/results/681.html,7f78a5177d697b3f,live,0,2026-09-10T16:02:29.580193+00:00
e1c5b66ce352b852,scoringdance,round,scoringdance:70,https://scoring.dance/enUS/events/70/results/682.html,7f78a5177d697b3f,live,0,2026-09-10T16:02:29.580193+00:00
1a37e3c190a22d34,scoringdance,round,scoringdance:70,https://scoring.dance/enUS/events/70/results/683.html,7f78a5177d697b3f,live,0,2026-09-10T16:02:29.580193+00:00
3889b1521695388b,scoringdance,round,scoringdance:70,https://scoring.dance/enUS/events/70/results/684.html,7f78a5177d697b3f,live,0,2026-09-10T16:02:29.580193+00:00
fcf80e96d3692888,scoringdance,round,scoringdance:70,https://scoring.dance/enUS/events/70/results/685.html,7f78a5177d697b3f,live,0,2026-09-10T16:02:29.580193+00:00
a2cd560387994c20,scoringdance,round,scoringdance:70,https://scoring.dance/enUS/events/70/results/687.html,7f78a5177d697b3f,live,0,2026-09-10T16:02:29.580193+00:00
f111120e5a6fc39f,scoringdance,round,scoringdance:71,https://scoring.dance/enUS/events/71/results/706.html,63380b33ba34050f,live,0,2026-09-10T16:02:29.328579+00:00
587eee3553defdd3,scoringdance,round,scoringdance:71,https://scoring.dance/enUS/events/71/results/708.html,63380b33ba34050f,live,0,2026-09-10T16:02:29.328579+00:00
8b48b2dc62e6645f,scoringdance,round,scoringdance:71,https://scoring.dance/enUS/events/71/results/709.html,63380b33ba34050f,live,0,2026-09-10T16:02:29.328579+00:00
492690c108797948,scoringdance,round,scoringdance:71,https://scoring.dance/enUS/events/71/results/711.html,63380b33ba34050f,live,0,2026-09-10T16:02:29.328579+00:00
1c59abaa7251387c,scoringdance,round,scoringdance:71,https://scoring.dance/enUS/events/71/results/712.html,63380b33ba34050f,live,0,2026-09-10T16:02:29.328579+00:00
b811da3c84cfdc77,scoringdance,round,scoringdance:71,https://scoring.dance/enUS/events/71/results/713.html,63380b33ba34050f,live,0,2026-09-10T16:02:29.328579+00:00
41be2734bdc24c0a,scoringdance,round,scoringdance:71,https://scoring.dance/enUS/events/71/results/714.html,63380b33ba34050f,live,0,2026-09-10T16:02:29.328579+00:00
d2e0c6100df745f7,scoringdance,round,scoringdance:71,https://scoring.dance/enUS/events/71/results/715.html,63380b33ba34050f,live,0,2026-09-10T16:02:29.328579+00:00
546ae7d8820f3ad7,scoringdance,round,scoringdance:71,https://scoring.dance/enUS/events/71/results/716.html,63380b33ba34050f,live,0,2026-09-10T16:02:29.328579+00:00
a135b1a14dcf6cef,scoringdance,round,scoringdance:71,https://scoring.dance/enUS/events/71/results/717.html,63380b33ba34050f,live,0,2026-09-10T16:02:29.328579+00:00
de69c1f3b86ac7fa,scoringdance,round,scoringdance:71,https://scoring.dance/enUS/events/71/results/718.html,63380b33ba34050f,live,0,2026-09-10T16:02:29.328579+00:00
e8d3dbaf3adcf721,scoringdance,round,scoringdance:71,https://scoring.dance/enUS/events/71/results/719.html,63380b33ba34050f,live,0,2026-09-10T16:02:29.328579+00:00
a5b9c24863099141,scoringdance,round,scoringdance:71,https://scoring.dance/enUS/events/71/results/720.html,63380b33ba34050f,live,0,2026-09-10T16:02:29.328579+00:00
bdfced7673a6b517,scoringdance,round,scoringdance:71,https://scoring.dance/enUS/events/71/results/721.html,63380b33ba34050f,live,0,2026-09-10T16:02:29.328579+00:00
990f9a7497be3533,scoringdance,round,scoringdance:71,https://scoring.dance/enUS/events/71/results/722.html,63380b33ba34050f,live,0,2026-09-10T16:02:29.328579+00:00
d97eec97ca5e8c06,scoringdance,round,scoringdance:71,https://scoring.dance/enUS/events/71/results/723.html,63380b33ba34050f,live,0,2026-09-10T16:02:29.328579+00:00
f9adf0d5bf2939a6,scoringdance,round,scoringdance:71,https://scoring.dance/enUS/events/71/results/724.html,63380b33ba34050f,live,0,2026-09-10T16:02:29.328579+00:00
53d1f077e13c4970,scoringdance,round,scoringdance:71,https://scoring.dance/enUS/events/71/results/725.html,63380b33ba34050f,live,0,2026-09-10T16:02:29.328579+00:00
8bd07ac3ae0171f9,scoringdance,round,scoringdance:71,https://scoring.dance/enUS/events/71/results/726.html,63380b33ba34050f,live,0,2026-09-10T16:02:29.328579+00:00
163ba8002e69ad53,scoringdance,round,scoringdance:71,https://scoring.dance/enUS/events/71/results/727.html,63380b33ba34050f,live,0,2026-09-10T16:02:29.328579+00:00
12e4a349d935c33d,scoringdance,round,scoringdance:71,https://scoring.dance/enUS/events/71/results/728.html,63380b33ba34050f,live,0,2026-09-10T16:02:29.328579+00:00
6260303d66c2b3c1,scoringdance,round,scoringdance:71,https://scoring.dance/enUS/events/71/results/730.html,63380b33ba34050f,live,0,2026-09-10T16:02:29.328579+00:00
bc89efd2f0cf8498,scoringdance,round,scoringdance:73,https://scoring.dance/enUS/events/73/results/767.html,a05e0866447dda2f,live,0,2026-09-10T16:02:29.840069+00:00
f7ebbd118c556d24,scoringdance,round,scoringdance:73,https://scoring.dance/enUS/events/73/results/768.html,a05e0866447dda2f,live,0,2026-09-10T16:02:29.840069+00:00
fa4d3a6be943fa4a,scoringdance,round,scoringdance:73,https://scoring.dance/enUS/events/73/results/769.html,a05e0866447dda2f,live,0,2026-09-10T16:02:29.840069+00:00
92454593eb034509,scoringdance,round,scoringdance:73,https://scoring.dance/enUS/events/73/results/770.html,a05e0866447dda2f,live,0,2026-09-10T16:02:29.840069+00:00
9c98ef2fc6bf5636,scoringdance,round,scoringdance:73,https://scoring.dance/enUS/events/73/results/771.html,a05e0866447dda2f,live,0,2026-09-10T16:02:29.840069+00:00
60274b7fca0dda46,scoringdance,round,scoringdance:73,https://scoring.dance/enUS/events/73/results/772.html,a05e0866447dda2f,live,0,2026-09-10T16:02:29.840069+00:00
9f02d0fe0243532c,scoringdance,round,scoringdance:73,https://scoring.dance/enUS/events/73/results/773.html,a05e0866447dda2f,live,0,2026-09-10T16:02:29.840069+00:00
741406dbad78e28d,scoringdance,round,scoringdance:73,https://scoring.dance/enUS/events/73/results/774.html,a05e0866447dda2f,live,0,2026-09-10T16:02:29.840069+00:00
0c50ffc8e8789821,scoringdance,round,scoringdance:73,https://scoring.dance/enUS/events/73/results/775.html,a05e0866447dda2f,live,0,2026-09-10T16:02:29.840069+00:00
88724fd134c74562,scoringdance,round,scoringdance:73,https://scoring.dance/enUS/events/73/results/776.html,a05e0866447dda2f,live,0,2026-09-10T16:02:29.840069+00:00
2f93fd2bff8d5392,scoringdance,round,scoringdance:73,https://scoring.dance/enUS/events/73/results/777.html,a05e0866447dda2f,live,0,2026-09-10T16:02:29.840069+00:00
92fd1011d164c2a9,scoringdance,round,scoringdance:73,https://scoring.dance/enUS/events/73/results/778.html,a05e0866447dda2f,live,0,2026-09-10T16:02:29.840069+00:00
4bec7609fe861278,scoringdance,round,scoringdance:73,https://scoring.dance/enUS/events/73/results/779.html,a05e0866447dda2f,live,0,2026-09-10T16:02:29.840069+00:00
84ae35c803eb892d,scoringdance,round,scoringdance:73,https://scoring.dance/enUS/events/73/results/780.html,a05e0866447dda2f,live,0,2026-09-10T16:02:29.840069+00:00
48b70934f5adee5c,scoringdance,round,scoringdance:73,https://scoring.dance/enUS/events/73/results/781.html,a05e0866447dda2f,live,0,2026-09-10T16:02:29.840069+00:00
c0e1b90b821ab99f,scoringdance,round,scoringdance:73,https://scoring.dance/enUS/events/73/results/782.html,a05e0866447dda2f,live,0,2026-09-10T16:02:29.840069+00:00
1fe6dd83e823f9f1,scoringdance,round,scoringdance:73,https://scoring.dance/enUS/events/73/results/783.html,a05e0866447dda2f,live,0,2026-09-10T16:02:29.840069+00:00
a2dedd79b17a0a3c,scoringdance,round,scoringdance:73,https://scoring.dance/enUS/events/73/results/788.html,a05e0866447dda2f,live,0,2026-09-10T16:02:29.840069+00:00
1bbfc8e5592931e0,scoringdance,round,scoringdance:73,https://scoring.dance/enUS/events/73/results/790.html,a05e0866447dda2f,live,0,2026-09-10T16:02:29.840069+00:00
3d5d63d48f12e492,scoringdance,round,scoringdance:74,https://scoring.dance/enUS/events/74/results/910.html,acd860cbc8315aab,live,0,2026-09-10T16:02:29.934067+00:00
9a40e42c8fc18ce9,scoringdance,round,scoringdance:74,https://scoring.dance/enUS/events/74/results/911.html,acd860cbc8315aab,live,0,2026-09-10T16:02:29.934067+00:00
f320f89368efdd36,scoringdance,round,scoringdance:74,https://scoring.dance/enUS/events/74/results/913.html,acd860cbc8315aab,live,0,2026-09-10T16:02:29.934067+00:00
302d5c3f1b7dfa81,scoringdance,round,scoringdance:74,https://scoring.dance/enUS/events/74/results/914.html,acd860cbc8315aab,live,0,2026-09-10T16:02:29.934067+00:00
f8f46781ddd45846,scoringdance,round,scoringdance:74,https://scoring.dance/enUS/events/74/results/915.html,acd860cbc8315aab,live,0,2026-09-10T16:02:29.934067+00:00
9fba1dfefb09e70e,scoringdance,round,scoringdance:74,https://scoring.dance/enUS/events/74/results/916.html,acd860cbc8315aab,live,0,2026-09-10T16:02:29.934067+00:00
6d9d98e3dfda9ece,scoringdance,round,scoringdance:74,https://scoring.dance/enUS/events/74/results/917.html,acd860cbc8315aab,live,0,2026-09-10T16:02:29.934067+00:00
295659e43425074f,scoringdance,round,scoringdance:74,https://scoring.dance/enUS/events/74/results/919.html,acd860cbc8315aab,live,0,2026-09-10T16:02:29.934067+00:00
d81deba643e03922,scoringdance,round,scoringdance:74,https://scoring.dance/enUS/events/74/results/920.html,acd860cbc8315aab,live,0,2026-09-10T16:02:29.934067+00:00
d0752aafe99c00f6,scoringdance,round,scoringdance:74,https://scoring.dance/enUS/events/74/results/921.html,acd860cbc8315aab,live,0,2026-09-10T16:02:29.934067+00:00
a74a4e3c8c4576c3,scoringdance,round,scoringdance:74,https://scoring.dance/enUS/events/74/results/924.html,acd860cbc8315aab,live,0,2026-09-10T16:02:29.934067+00:00
c6b9d26704f6d4ee,scoringdance,round,scoringdance:74,https://scoring.dance/enUS/events/74/results/925.html,acd860cbc8315aab,live,0,2026-09-10T16:02:29.934067+00:00
6e62c5f33dc790ee,scoringdance,round,scoringdance:74,https://scoring.dance/enUS/events/74/results/926.html,acd860cbc8315aab,live,0,2026-09-10T16:02:29.934067+00:00
437e79b1b037957f,scoringdance,round,scoringdance:74,https://scoring.dance/enUS/events/74/results/927.html,acd860cbc8315aab,live,0,2026-09-10T16:02:29.934067+00:00
2ec8f0983016166e,scoringdance,round,scoringdance:74,https://scoring.dance/enUS/events/74/results/928.html,acd860cbc8315aab,live,0,2026-09-10T16:02:29.934067+00:00
05e6a5c9ee1eb995,scoringdance,round,scoringdance:74,https://scoring.dance/enUS/events/74/results/930.html,acd860cbc8315aab,live,0,2026-09-10T16:02:29.934067+00:00
e1c1c33cc8482cdd,scoringdance,round,scoringdance:74,https://scoring.dance/enUS/events/74/results/931.html,acd860cbc8315aab,live,0,2026-09-10T16:02:29.934067+00:00
29d45683c4aa8db2,scoringdance,round,scoringdance:75,https://scoring.dance/enUS/events/75/results/861.html,a4ace829dad75057,live,0,2026-09-10T16:02:29.897736+00:00
070c5bad16ca0e04,scoringdance,round,scoringdance:75,https://scoring.dance/enUS/events/75/results/862.html,a4ace829dad75057,live,0,2026-09-10T16:02:29.897736+00:00
1cbfecc5aded05c0,scoringdance,round,scoringdance:75,https://scoring.dance/enUS/events/75/results/863.html,a4ace829dad75057,live,0,2026-09-10T16:02:29.897736+00:00
e33203bd96a49211,scoringdance,round,scoringdance:75,https://scoring.dance/enUS/events/75/results/864.html,a4ace829dad75057,live,0,2026-09-10T16:02:29.897736+00:00
3e225139fddea0fd,scoringdance,round,scoringdance:75,https://scoring.dance/enUS/events/75/results/865.html,a4ace829dad75057,live,0,2026-09-10T16:02:29.897736+00:00
0f2364a25d148cd6,scoringdance,round,scoringdance:75,https://scoring.dance/enUS/events/75/results/866.html,a4ace829dad75057,live,0,2026-09-10T16:02:29.897736+00:00
a931058cd980366f,scoringdance,round,scoringdance:75,https://scoring.dance/enUS/events/75/results/867.html,a4ace829dad75057,live,0,2026-09-10T16:02:29.897736+00:00
ca345bd16e63f3a6,scoringdance,round,scoringdance:75,https://scoring.dance/enUS/events/75/results/868.html,a4ace829dad75057,live,0,2026-09-10T16:02:29.897736+00:00
bfebf927a47ddfea,scoringdance,round,scoringdance:75,https://scoring.dance/enUS/events/75/results/870.html,a4ace829dad75057,live,0,2026-09-10T16:02:29.897736+00:00
801b65844b58d757,scoringdance,round,scoringdance:75,https://scoring.dance/enUS/events/75/results/871.html,a4ace829dad75057,live,0,2026-09-10T16:02:29.897736+00:00
369846852200d4b1,scoringdance,round,scoringdance:76,https://scoring.dance/enUS/events/76/results/872.html,add4a05705ebeeca,live,0,2026-09-10T16:02:29.946797+00:00
cfcaa73f34ea255f,scoringdance,round,scoringdance:76,https://scoring.dance/enUS/events/76/results/873.html,add4a05705ebeeca,live,0,2026-09-10T16:02:29.946797+00:00
d25ccf2e121acef3,scoringdance,round,scoringdance:76,https://scoring.dance/enUS/events/76/results/874.html,add4a05705ebeeca,live,0,2026-09-10T16:02:29.946797+00:00
c279f47ba4a55753,scoringdance,round,scoringdance:76,https://scoring.dance/enUS/events/76/results/875.html,add4a05705ebeeca,live,0,2026-09-10T16:02:29.946797+00:00
6702e582f847669f,scoringdance,round,scoringdance:76,https://scoring.dance/enUS/events/76/results/876.html,add4a05705ebeeca,live,0,2026-09-10T16:02:29.946797+00:00
92053f111e13c095,scoringdance,round,scoringdance:76,https://scoring.dance/enUS/events/76/results/877.html,add4a05705ebeeca,live,0,2026-09-10T16:02:29.946797+00:00
611c12e92df3b745,scoringdance,round,scoringdance:76,https://scoring.dance/enUS/events/76/results/878.html,add4a05705ebeeca,live,0,2026-09-10T16:02:29.946797+00:00
621eb1577c8576fd,scoringdance,round,scoringdance:76,https://scoring.dance/enUS/events/76/results/879.html,add4a05705ebeeca,live,0,2026-09-10T16:02:29.946797+00:00
10b2343a60c38c55,scoringdance,round,scoringdance:76,https://scoring.dance/enUS/events/76/results/880.html,add4a05705ebeeca,live,0,2026-09-10T16:02:29.946797+00:00
97f05b3dd40a5bfd,scoringdance,round,scoringdance:76,https://scoring.dance/enUS/events/76/results/881.html,add4a05705ebeeca,live,0,2026-09-10T16:02:29.946797+00:00
3418b33306881c52,scoringdance,round,scoringdance:76,https://scoring.dance/enUS/events/76/results/882.html,add4a05705ebeeca,live,0,2026-09-10T16:02:29.946797+00:00
0fb0235a6421d090,scoringdance,round,scoringdance:76,https://scoring.dance/enUS/events/76/results/883.html,add4a05705ebeeca,live,0,2026-09-10T16:02:29.946797+00:00
3c51294f4512a6ce,scoringdance,round,scoringdance:76,https://scoring.dance/enUS/events/76/results/884.html,add4a05705ebeeca,live,0,2026-09-10T16:02:29.946797+00:00
affb98e11f85c18b,scoringdance,round,scoringdance:76,https://scoring.dance/enUS/events/76/results/885.html,add4a05705ebeeca,live,0,2026-09-10T16:02:29.946797+00:00
02860e0367fa4e71,scoringdance,round,scoringdance:76,https://scoring.dance/enUS/events/76/results/886.html,add4a05705ebeeca,live,0,2026-09-10T16:02:29.946797+00:00
6e9fc129dd21bbb8,scoringdance,round,scoringdance:76,https://scoring.dance/enUS/events/76/results/887.html,add4a05705ebeeca,live,0,2026-09-10T16:02:29.946797+00:00
3275137809a94466,scoringdance,round,scoringdance:76,https://scoring.dance/enUS/events/76/results/888.html,add4a05705ebeeca,live,0,2026-09-10T16:02:29.946797+00:00
42d5486d765382f1,scoringdance,round,scoringdance:76,https://scoring.dance/enUS/events/76/results/889.html,add4a05705ebeeca,live,0,2026-09-10T16:02:29.946797+00:00
369a3fa7af888683,scoringdance,round,scoringdance:76,https://scoring.dance/enUS/events/76/results/890.html,add4a05705ebeeca,live,0,2026-09-10T16:02:29.946797+00:00
318a191ad1f55745,scoringdance,round,scoringdance:76,https://scoring.dance/enUS/events/76/results/891.html,add4a05705ebeeca,live,0,2026-09-10T16:02:29.946797+00:00
ae07e7d076ae7d93,scoringdance,round,scoringdance:78,https://scoring.dance/enUS/events/78/results/892.html,585c572089160b11,live,0,2026-09-10T16:02:29.246534+00:00
476c776753ad5111,scoringdance,round,scoringdance:78,https://scoring.dance/enUS/events/78/results/893.html,585c572089160b11,live,0,2026-09-10T16:02:29.246534+00:00
c9cfa087d890fbb4,scoringdance,round,scoringdance:78,https://scoring.dance/enUS/events/78/results/894.html,585c572089160b11,live,0,2026-09-10T16:02:29.246534+00:00
195557f7f987070f,scoringdance,round,scoringdance:78,https://scoring.dance/enUS/events/78/results/895.html,585c572089160b11,live,0,2026-09-10T16:02:29.246534+00:00
09fc7afa93a38fbf,scoringdance,round,scoringdance:78,https://scoring.dance/enUS/events/78/results/896.html,585c572089160b11,live,0,2026-09-10T16:02:29.246534+00:00
bb74136e3a7da6bd,scoringdance,round,scoringdance:78,https://scoring.dance/enUS/events/78/results/897.html,585c572089160b11,live,0,2026-09-10T16:02:29.246534+00:00
759fe7a6d9d3730c,scoringdance,round,scoringdance:78,https://scoring.dance/enUS/events/78/results/899.html,585c572089160b11,live,0,2026-09-10T16:02:29.246534+00:00
3366a022fbc2c885,scoringdance,round,scoringdance:78,https://scoring.dance/enUS/events/78/results/901.html,585c572089160b11,live,0,2026-09-10T16:02:29.246534+00:00
69a869638f2ede95,scoringdance,round,scoringdance:78,https://scoring.dance/enUS/events/78/results/904.html,585c572089160b11,live,0,2026-09-10T16:02:29.246534+00:00
ae490084f66cea4f,scoringdance,round,scoringdance:78,https://scoring.dance/enUS/events/78/results/906.html,585c572089160b11,live,0,2026-09-10T16:02:29.246534+00:00
c74f73743aa44e44,scoringdance,round,scoringdance:78,https://scoring.dance/enUS/events/78/results/908.html,585c572089160b11,live,0,2026-09-10T16:02:29.246534+00:00
1771b167deab8237,scoringdance,round,scoringdance:78,https://scoring.dance/enUS/events/78/results/933.html,585c572089160b11,live,0,2026-09-10T16:02:29.246534+00:00
e53c7ba1734eded7,scoringdance,round,scoringdance:78,https://scoring.dance/enUS/events/78/results/934.html,585c572089160b11,live,0,2026-09-10T16:02:29.246534+00:00
285acff2a05faf36,scoringdance,round,scoringdance:79,https://scoring.dance/enUS/events/79/results/943.html,394d2b895b5e8fb9,live,0,2026-09-10T16:02:28.910950+00:00
3b69dc9977fa7624,scoringdance,round,scoringdance:79,https://scoring.dance/enUS/events/79/results/944.html,394d2b895b5e8fb9,live,0,2026-09-10T16:02:28.910950+00:00
2fd03d8b58f4b725,scoringdance,round,scoringdance:79,https://scoring.dance/enUS/events/79/results/946.html,394d2b895b5e8fb9,live,0,2026-09-10T16:02:28.910950+00:00
5baaa0a79a712289,scoringdance,round,scoringdance:79,https://scoring.dance/enUS/events/79/results/947.html,394d2b895b5e8fb9,live,0,2026-09-10T16:02:28.910950+00:00
cf98c9fc955d0d9e,scoringdance,round,scoringdance:79,https://scoring.dance/enUS/events/79/results/948.html,394d2b895b5e8fb9,live,0,2026-09-10T16:02:28.910950+00:00
9ad958925fc5ccf4,scoringdance,round,scoringdance:79,https://scoring.dance/enUS/events/79/results/949.html,394d2b895b5e8fb9,live,0,2026-09-10T16:02:28.910950+00:00
4b9917a7ca311bee,scoringdance,round,scoringdance:79,https://scoring.dance/enUS/events/79/results/950.html,394d2b895b5e8fb9,live,0,2026-09-10T16:02:28.910950+00:00
c580900475d4da0b,scoringdance,round,scoringdance:79,https://scoring.dance/enUS/events/79/results/951.html,394d2b895b5e8fb9,live,0,2026-09-10T16:02:28.910950+00:00
dd0c4966baf1b71a,scoringdance,round,scoringdance:79,https://scoring.dance/enUS/events/79/results/952.html,394d2b895b5e8fb9,live,0,2026-09-10T16:02:28.910950+00:00
9a6913ff6fb9ea54,scoringdance,round,scoringdance:79,https://scoring.dance/enUS/events/79/results/955.html,394d2b895b5e8fb9,live,0,2026-09-10T16:02:28.910950+00:00
0756bfd50096485f,scoringdance,round,scoringdance:79,https://scoring.dance/enUS/events/79/results/956.html,394d2b895b5e8fb9,live,0,2026-09-10T16:02:28.910950+00:00
91c60cbe222b2aaa,scoringdance,round,scoringdance:79,https://scoring.dance/enUS/events/79/results/957.html,394d2b895b5e8fb9,live,0,2026-09-10T16:02:28.910950+00:00
bb53de0cda8caea1,scoringdance,round,scoringdance:79,https://scoring.dance/enUS/events/79/results/958.html,394d2b895b5e8fb9,live,0,2026-09-10T16:02:28.910950+00:00
0bf4c812c5bf8834,scoringdance,round,scoringdance:79,https://scoring.dance/enUS/events/79/results/959.html,394d2b895b5e8fb9,live,0,2026-09-10T16:02:28.910950+00:00
b12b8bc6fd35b30f,scoringdance,round,scoringdance:79,https://scoring.dance/enUS/events/79/results/960.html,394d2b895b5e8fb9,live,0,2026-09-10T16:02:28.910950+00:00
822bec0c4ab7833f,scoringdance,round,scoringdance:79,https://scoring.dance/enUS/events/79/results/961.html,394d2b895b5e8fb9,live,0,2026-09-10T16:02:28.910950+00:00
8abe0981c12d2e68,scoringdance,round,scoringdance:79,https://scoring.dance/enUS/events/79/results/962.html,394d2b895b5e8fb9,live,0,2026-09-10T16:02:28.910950+00:00
53602fbb7c1d1166,scoringdance,round,scoringdance:79,https://scoring.dance/enUS/events/79/results/964.html,394d2b895b5e8fb9,live,0,2026-09-10T16:02:28.910950+00:00
8c094274af6d6d99,scoringdance,round,scoringdance:79,https://scoring.dance/enUS/events/79/results/965.html,394d2b895b5e8fb9,live,0,2026-09-10T16:02:28.910950+00:00
0cf6520f53958e45,scoringdance,round,scoringdance:80,https://scoring.dance/enUS/events/80/results/967.html,d0b95c15ebb308e4,live,0,2026-09-10T16:02:30.331923+00:00
12f48f85700c0718,scoringdance,round,scoringdance:80,https://scoring.dance/enUS/events/80/results/969.html,d0b95c15ebb308e4,live,0,2026-09-10T16:02:30.331923+00:00
078d426adfa76706,scoringdance,round,scoringdance:80,https://scoring.dance/enUS/events/80/results/970.html,d0b95c15ebb308e4,live,0,2026-09-10T16:02:30.331923+00:00
91188a383e528b28,scoringdance,round,scoringdance:80,https://scoring.dance/enUS/events/80/results/972.html,d0b95c15ebb308e4,live,0,2026-09-10T16:02:30.331923+00:00
bf3e0070e7ca191a,scoringdance,round,scoringdance:80,https://scoring.dance/enUS/events/80/results/973.html,d0b95c15ebb308e4,live,0,2026-09-10T16:02:30.331923+00:00
4a6919f3be2e9c87,scoringdance,round,scoringdance:80,https://scoring.dance/enUS/events/80/results/974.html,d0b95c15ebb308e4,live,0,2026-09-10T16:02:30.331923+00:00
b02559b0255f6667,scoringdance,round,scoringdance:80,https://scoring.dance/enUS/events/80/results/975.html,d0b95c15ebb308e4,live,0,2026-09-10T16:02:30.331923+00:00
3fc16b0759ed7226,scoringdance,round,scoringdance:80,https://scoring.dance/enUS/events/80/results/976.html,d0b95c15ebb308e4,live,0,2026-09-10T16:02:30.331923+00:00
29d8e8c04800a8e6,scoringdance,round,scoringdance:80,https://scoring.dance/enUS/events/80/results/977.html,d0b95c15ebb308e4,live,0,2026-09-10T16:02:30.331923+00:00
481127e67681b698,scoringdance,round,scoringdance:80,https://scoring.dance/enUS/events/80/results/978.html,d0b95c15ebb308e4,live,0,2026-09-10T16:02:30.331923+00:00
50a8b332e31ddfeb,scoringdance,round,scoringdance:80,https://scoring.dance/enUS/events/80/results/979.html,d0b95c15ebb308e4,live,0,2026-09-10T16:02:30.331923+00:00
4e891bce7c351f69,scoringdance,round,scoringdance:80,https://scoring.dance/enUS/events/80/results/980.html,d0b95c15ebb308e4,live,0,2026-09-10T16:02:30.331923+00:00
17d71b2c0291b741,scoringdance,round,scoringdance:80,https://scoring.dance/enUS/events/80/results/981.html,d0b95c15ebb308e4,live,0,2026-09-10T16:02:30.331923+00:00
3d1a571214fb566d,scoringdance,round,scoringdance:80,https://scoring.dance/enUS/events/80/results/982.html,d0b95c15ebb308e4,live,0,2026-09-10T16:02:30.331923+00:00
633a970fa6e9a6fc,scoringdance,round,scoringdance:80,https://scoring.dance/enUS/events/80/results/983.html,d0b95c15ebb308e4,live,0,2026-09-10T16:02:30.331923+00:00
b041a506774447b8,scoringdance,round,scoringdance:80,https://scoring.dance/enUS/events/80/results/984.html,d0b95c15ebb308e4,live,0,2026-09-10T16:02:30.331923+00:00
bbc8525130d3227b,scoringdance,round,scoringdance:80,https://scoring.dance/enUS/events/80/results/985.html,d0b95c15ebb308e4,live,0,2026-09-10T16:02:30.331923+00:00
e5db89321f68c38a,scoringdance,round,scoringdance:80,https://scoring.dance/enUS/events/80/results/986.html,d0b95c15ebb308e4,live,0,2026-09-10T16:02:30.331923+00:00
d38668f080e83766,scoringdance,round,scoringdance:80,https://scoring.dance/enUS/events/80/results/987.html,d0b95c15ebb308e4,live,0,2026-09-10T16:02:30.331923+00:00
c878a93cbcf1d870,scoringdance,round,scoringdance:81,https://scoring.dance/enUS/events/81/results/935.html,bec834a4bae437b6,live,0,2026-09-10T16:02:30.129952+00:00
3b48ac58798f07b7,scoringdance,round,scoringdance:81,https://scoring.dance/enUS/events/81/results/936.html,bec834a4bae437b6,live,0,2026-09-10T16:02:30.129952+00:00
70a1c8c48b1d2536,scoringdance,round,scoringdance:81,https://scoring.dance/enUS/events/81/results/937.html,bec834a4bae437b6,live,0,2026-09-10T16:02:30.129952+00:00
e2d8162ecbc4358f,scoringdance,round,scoringdance:81,https://scoring.dance/enUS/events/81/results/938.html,bec834a4bae437b6,live,0,2026-09-10T16:02:30.129952+00:00
f18e45a1e7650d16,scoringdance,round,scoringdance:81,https://scoring.dance/enUS/events/81/results/939.html,bec834a4bae437b6,live,0,2026-09-10T16:02:30.129952+00:00
7fc85dedba32cc56,scoringdance,round,scoringdance:81,https://scoring.dance/enUS/events/81/results/942.html,bec834a4bae437b6,live,0,2026-09-10T16:02:30.129952+00:00
5283be673d17f318,scoringdance,round,scoringdance:81,https://scoring.dance/enUS/events/81/results/966.html,bec834a4bae437b6,live,0,2026-09-10T16:02:30.129952+00:00
87381cd9e91bee09,scoringdance,round,scoringdance:82,https://scoring.dance/enUS/events/82/results/1001.html,6b53a7555a48bfcd,live,0,2026-09-10T16:02:29.387140+00:00
ef87e43ceb7ecea0,scoringdance,round,scoringdance:82,https://scoring.dance/enUS/events/82/results/1003.html,6b53a7555a48bfcd,live,0,2026-09-10T16:02:29.387140+00:00
b30acee0363186a9,scoringdance,round,scoringdance:82,https://scoring.dance/enUS/events/82/results/1005.html,6b53a7555a48bfcd,live,0,2026-09-10T16:02:29.387140+00:00
ab7c1a1801aaf7f8,scoringdance,round,scoringdance:82,https://scoring.dance/enUS/events/82/results/1006.html,6b53a7555a48bfcd,live,0,2026-09-10T16:02:29.387140+00:00
0ceebe787f684852,scoringdance,round,scoringdance:82,https://scoring.dance/enUS/events/82/results/1007.html,6b53a7555a48bfcd,live,0,2026-09-10T16:02:29.387140+00:00
f3fd3016badcdf15,scoringdance,round,scoringdance:82,https://scoring.dance/enUS/events/82/results/1008.html,6b53a7555a48bfcd,live,0,2026-09-10T16:02:29.387140+00:00
86b78eebfd8dc244,scoringdance,round,scoringdance:82,https://scoring.dance/enUS/events/82/results/1009.html,6b53a7555a48bfcd,live,0,2026-09-10T16:02:29.387140+00:00
7a45057ca8fadeee,scoringdance,round,scoringdance:82,https://scoring.dance/enUS/events/82/results/988.html,6b53a7555a48bfcd,live,0,2026-09-10T16:02:29.387140+00:00
666960d19141fadc,scoringdance,round,scoringdance:82,https://scoring.dance/enUS/events/82/results/989.html,6b53a7555a48bfcd,live,0,2026-09-10T16:02:29.387140+00:00
288dcba6757aa459,scoringdance,round,scoringdance:82,https://scoring.dance/enUS/events/82/results/990.html,6b53a7555a48bfcd,live,0,2026-09-10T16:02:29.387140+00:00
d18c8097fdf34ad8,scoringdance,round,scoringdance:82,https://scoring.dance/enUS/events/82/results/992.html,6b53a7555a48bfcd,live,0,2026-09-10T16:02:29.387140+00:00
99c849103b26013b,scoringdance,round,scoringdance:82,https://scoring.dance/enUS/events/82/results/993.html,6b53a7555a48bfcd,live,0,2026-09-10T16:02:29.387140+00:00
2fd437f61209306d,scoringdance,round,scoringdance:82,https://scoring.dance/enUS/events/82/results/995.html,6b53a7555a48bfcd,live,0,2026-09-10T16:02:29.387140+00:00
80ca338e88abce9b,scoringdance,round,scoringdance:82,https://scoring.dance/enUS/events/82/results/996.html,6b53a7555a48bfcd,live,0,2026-09-10T16:02:29.387140+00:00
f72f3447f00420e2,scoringdance,round,scoringdance:82,https://scoring.dance/enUS/events/82/results/997.html,6b53a7555a48bfcd,live,0,2026-09-10T16:02:29.387140+00:00
587b67e856fef37b,scoringdance,round,scoringdance:82,https://scoring.dance/enUS/events/82/results/999.html,6b53a7555a48bfcd,live,0,2026-09-10T16:02:29.387140+00:00
145302074202b096,scoringdance,round,scoringdance:83,https://scoring.dance/enUS/events/83/results/1030.html,e0e1b9d8de255fba,live,0,2026-09-10T16:02:30.450383+00:00
1826be049ac3665d,scoringdance,round,scoringdance:83,https://scoring.dance/enUS/events/83/results/1031.html,e0e1b9d8de255fba,live,0,2026-09-10T16:02:30.450383+00:00
b9b8e241157cc537,scoringdance,round,scoringdance:83,https://scoring.dance/enUS/events/83/results/1032.html,e0e1b9d8de255fba,live,0,2026-09-10T16:02:30.450383+00:00
70b9de39390349ab,scoringdance,round,scoringdance:83,https://scoring.dance/enUS/events/83/results/1033.html,e0e1b9d8de255fba,live,0,2026-09-10T16:02:30.450383+00:00
0fab85ee1e43103c,scoringdance,round,scoringdance:83,https://scoring.dance/enUS/events/83/results/1034.html,e0e1b9d8de255fba,live,0,2026-09-10T16:02:30.450383+00:00
26af144ca559bc72,scoringdance,round,scoringdance:83,https://scoring.dance/enUS/events/83/results/1035.html,e0e1b9d8de255fba,live,0,2026-09-10T16:02:30.450383+00:00
4a8c0d67a150b702,scoringdance,round,scoringdance:83,https://scoring.dance/enUS/events/83/results/1036.html,e0e1b9d8de255fba,live,0,2026-09-10T16:02:30.450383+00:00
72e921241e2aaf82,scoringdance,round,scoringdance:83,https://scoring.dance/enUS/events/83/results/1037.html,e0e1b9d8de255fba,live,0,2026-09-10T16:02:30.450383+00:00
a4254b0671406747,scoringdance,round,scoringdance:83,https://scoring.dance/enUS/events/83/results/1038.html,e0e1b9d8de255fba,live,0,2026-09-10T16:02:30.450383+00:00
b503bfad8c61080e,scoringdance,round,scoringdance:83,https://scoring.dance/enUS/events/83/results/1039.html,e0e1b9d8de255fba,live,0,2026-09-10T16:02:30.450383+00:00
09b0aab5cfcc59a9,scoringdance,round,scoringdance:83,https://scoring.dance/enUS/events/83/results/1040.html,e0e1b9d8de255fba,live,0,2026-09-10T16:02:30.450383+00:00
1a47758f37ce019b,scoringdance,round,scoringdance:83,https://scoring.dance/enUS/events/83/results/1041.html,e0e1b9d8de255fba,live,0,2026-09-10T16:02:30.450383+00:00
9693e6e139cb710e,scoringdance,round,scoringdance:83,https://scoring.dance/enUS/events/83/results/1042.html,e0e1b9d8de255fba,live,0,2026-09-10T16:02:30.450383+00:00
2edc5eb64986152a,scoringdance,round,scoringdance:83,https://scoring.dance/enUS/events/83/results/1043.html,e0e1b9d8de255fba,live,0,2026-09-10T16:02:30.450383+00:00
10ffe34da80f6a66,scoringdance,round,scoringdance:83,https://scoring.dance/enUS/events/83/results/1044.html,e0e1b9d8de255fba,live,0,2026-09-10T16:02:30.450383+00:00
843f96b54944f79f,scoringdance,round,scoringdance:83,https://scoring.dance/enUS/events/83/results/1045.html,e0e1b9d8de255fba,live,0,2026-09-10T16:02:30.450383+00:00
7b72af7e10a67746,scoringdance,round,scoringdance:83,https://scoring.dance/enUS/events/83/results/1046.html,e0e1b9d8de255fba,live,0,2026-09-10T16:02:30.450383+00:00
86cb4633f2ff752a,scoringdance,round,scoringdance:83,https://scoring.dance/enUS/events/83/results/1047.html,e0e1b9d8de255fba,live,0,2026-09-10T16:02:30.450383+00:00
dbbe1dfc891c0ac4,scoringdance,round,scoringdance:83,https://scoring.dance/enUS/events/83/results/1048.html,e0e1b9d8de255fba,live,0,2026-09-10T16:02:30.450383+00:00
1eb7c03a3b721a50,scoringdance,round,scoringdance:84,https://scoring.dance/enUS/events/84/results/1050.html,be2059f8d14400ae,live,0,2026-09-10T16:02:30.118410+00:00
f96a005bb4eb99d4,scoringdance,round,scoringdance:84,https://scoring.dance/enUS/events/84/results/1051.html,be2059f8d14400ae,live,0,2026-09-10T16:02:30.118410+00:00
084d56d212686243,scoringdance,round,scoringdance:84,https://scoring.dance/enUS/events/84/results/1052.html,be2059f8d14400ae,live,0,2026-09-10T16:02:30.118410+00:00
b65aca4e3d74ac21,scoringdance,round,scoringdance:84,https://scoring.dance/enUS/events/84/results/1053.html,be2059f8d14400ae,live,0,2026-09-10T16:02:30.118410+00:00
20443211d876ed23,scoringdance,round,scoringdance:84,https://scoring.dance/enUS/events/84/results/1054.html,be2059f8d14400ae,live,0,2026-09-10T16:02:30.118410+00:00
92c411b577ee31e5,scoringdance,round,scoringdance:84,https://scoring.dance/enUS/events/84/results/1055.html,be2059f8d14400ae,live,0,2026-09-10T16:02:30.118410+00:00
137b3e945d473b59,scoringdance,round,scoringdance:84,https://scoring.dance/enUS/events/84/results/1056.html,be2059f8d14400ae,live,0,2026-09-10T16:02:30.118410+00:00
d6e9ac56e435dcc2,scoringdance,round,scoringdance:84,https://scoring.dance/enUS/events/84/results/1058.html,be2059f8d14400ae,live,0,2026-09-10T16:02:30.118410+00:00
580c82fe838361ba,scoringdance,round,scoringdance:84,https://scoring.dance/enUS/events/84/results/1060.html,be2059f8d14400ae,live,0,2026-09-10T16:02:30.118410+00:00
c9ba751e26014ffc,scoringdance,round,scoringdance:84,https://scoring.dance/enUS/events/84/results/1062.html,be2059f8d14400ae,live,0,2026-09-10T16:02:30.118410+00:00
39f14a144964d061,scoringdance,round,scoringdance:84,https://scoring.dance/enUS/events/84/results/1063.html,be2059f8d14400ae,live,0,2026-09-10T16:02:30.118410+00:00
8408e3a3263e0902,scoringdance,round,scoringdance:84,https://scoring.dance/enUS/events/84/results/1064.html,be2059f8d14400ae,live,0,2026-09-10T16:02:30.118410+00:00
94972dec179c1266,scoringdance,round,scoringdance:84,https://scoring.dance/enUS/events/84/results/1065.html,be2059f8d14400ae,live,0,2026-09-10T16:02:30.118410+00:00
4ec5428cfd3245a4,scoringdance,round,scoringdance:84,https://scoring.dance/enUS/events/84/results/1066.html,be2059f8d14400ae,live,0,2026-09-10T16:02:30.118410+00:00
ac155d095d93fcfb,scoringdance,round,scoringdance:84,https://scoring.dance/enUS/events/84/results/1067.html,be2059f8d14400ae,live,0,2026-09-10T16:02:30.118410+00:00
656842ee35c1d3cb,scoringdance,round,scoringdance:84,https://scoring.dance/enUS/events/84/results/1068.html,be2059f8d14400ae,live,0,2026-09-10T16:02:30.118410+00:00
1268c1e5fe6a9217,scoringdance,round,scoringdance:84,https://scoring.dance/enUS/events/84/results/1069.html,be2059f8d14400ae,live,0,2026-09-10T16:02:30.118410+00:00
840fbaee2b51d44c,scoringdance,round,scoringdance:84,https://scoring.dance/enUS/events/84/results/1070.html,be2059f8d14400ae,live,0,2026-09-10T16:02:30.118410+00:00
9f35805a487a54fb,scoringdance,round,scoringdance:84,https://scoring.dance/enUS/events/84/results/1071.html,be2059f8d14400ae,live,0,2026-09-10T16:02:30.118410+00:00
b959fcf66102fa34,scoringdance,round,scoringdance:84,https://scoring.dance/enUS/events/84/results/1072.html,be2059f8d14400ae,live,0,2026-09-10T16:02:30.118410+00:00
3bfafc5ac43f5c9f,scoringdance,round,scoringdance:84,https://scoring.dance/enUS/events/84/results/1073.html,be2059f8d14400ae,live,0,2026-09-10T16:02:30.118410+00:00
20dfd86be4088f32,scoringdance,round,scoringdance:84,https://scoring.dance/enUS/events/84/results/1074.html,be2059f8d14400ae,live,0,2026-09-10T16:02:30.118410+00:00
dea97f5ce4d6f50e,scoringdance,round,scoringdance:84,https://scoring.dance/enUS/events/84/results/1075.html,be2059f8d14400ae,live,0,2026-09-10T16:02:30.118410+00:00
17f480d961838e62,scoringdance,round,scoringdance:84,https://scoring.dance/enUS/events/84/results/1076.html,be2059f8d14400ae,live,0,2026-09-10T16:02:30.118410+00:00
45cca49b155f08fd,scoringdance,round,scoringdance:84,https://scoring.dance/enUS/events/84/results/1077.html,be2059f8d14400ae,live,0,2026-09-10T16:02:30.118410+00:00
9dc377243ef64480,scoringdance,round,scoringdance:84,https://scoring.dance/enUS/events/84/results/1078.html,be2059f8d14400ae,live,0,2026-09-10T16:02:30.118410+00:00
fc8a49d5a05e5f22,scoringdance,round,scoringdance:84,https://scoring.dance/enUS/events/84/results/1079.html,be2059f8d14400ae,live,0,2026-09-10T16:02:30.118410+00:00
5f7cba0b2f75dfe0,scoringdance,round,scoringdance:84,https://scoring.dance/enUS/events/84/results/1080.html,be2059f8d14400ae,live,0,2026-09-10T16:02:30.118410+00:00
d4f285f50c3a311a,scoringdance,round,scoringdance:84,https://scoring.dance/enUS/events/84/results/1082.html,be2059f8d14400ae,live,0,2026-09-10T16:02:30.118410+00:00
47cbd1f70a58e5c1,scoringdance,round,scoringdance:84,https://scoring.dance/enUS/events/84/results/1083.html,be2059f8d14400ae,live,0,2026-09-10T16:02:30.118410+00:00
d31ca1b3d6fe07d4,scoringdance,round,scoringdance:85,https://scoring.dance/enUS/events/85/results/1084.html,9fccc924bc180e88,live,0,2026-09-10T16:02:29.833846+00:00
28e0ef8bdba77ef4,scoringdance,round,scoringdance:85,https://scoring.dance/enUS/events/85/results/1085.html,9fccc924bc180e88,live,0,2026-09-10T16:02:29.833846+00:00
9a9dc919ea72d2ab,scoringdance,round,scoringdance:85,https://scoring.dance/enUS/events/85/results/1086.html,9fccc924bc180e88,live,0,2026-09-10T16:02:29.833846+00:00
f6c998ac38dc97db,scoringdance,round,scoringdance:85,https://scoring.dance/enUS/events/85/results/1088.html,9fccc924bc180e88,live,0,2026-09-10T16:02:29.833846+00:00
5e5fd17ac11e42ce,scoringdance,round,scoringdance:85,https://scoring.dance/enUS/events/85/results/1089.html,9fccc924bc180e88,live,0,2026-09-10T16:02:29.833846+00:00
192c28ed3fa36eab,scoringdance,round,scoringdance:85,https://scoring.dance/enUS/events/85/results/1090.html,9fccc924bc180e88,live,0,2026-09-10T16:02:29.833846+00:00
b8a3f1301ec13dfa,scoringdance,round,scoringdance:85,https://scoring.dance/enUS/events/85/results/1091.html,9fccc924bc180e88,live,0,2026-09-10T16:02:29.833846+00:00
438bfe7e246d20c1,scoringdance,round,scoringdance:85,https://scoring.dance/enUS/events/85/results/1092.html,9fccc924bc180e88,live,0,2026-09-10T16:02:29.833846+00:00
1dbec38c16e7bc6c,scoringdance,round,scoringdance:85,https://scoring.dance/enUS/events/85/results/1093.html,9fccc924bc180e88,live,0,2026-09-10T16:02:29.833846+00:00
78a87f3c4ce77c24,scoringdance,round,scoringdance:85,https://scoring.dance/enUS/events/85/results/1094.html,9fccc924bc180e88,live,0,2026-09-10T16:02:29.833846+00:00
d6d67cd0ae30c344,scoringdance,round,scoringdance:85,https://scoring.dance/enUS/events/85/results/1095.html,9fccc924bc180e88,live,0,2026-09-10T16:02:29.833846+00:00
ae99a623c9903a58,scoringdance,round,scoringdance:85,https://scoring.dance/enUS/events/85/results/1097.html,9fccc924bc180e88,live,0,2026-09-10T16:02:29.833846+00:00
b0f3225569501ade,scoringdance,round,scoringdance:85,https://scoring.dance/enUS/events/85/results/1099.html,9fccc924bc180e88,live,0,2026-09-10T16:02:29.833846+00:00
7bf4c90b4ef8db94,scoringdance,round,scoringdance:85,https://scoring.dance/enUS/events/85/results/1100.html,9fccc924bc180e88,live,0,2026-09-10T16:02:29.833846+00:00
56287f54d0a90386,scoringdance,round,scoringdance:88,https://scoring.dance/enUS/events/88/results/1114.html,f7b423eff86e238a,live,0,2026-09-10T16:02:30.613575+00:00
a5c4157ba9f2b078,scoringdance,round,scoringdance:88,https://scoring.dance/enUS/events/88/results/1115.html,f7b423eff86e238a,live,0,2026-09-10T16:02:30.613575+00:00
819adbfa5306184d,scoringdance,round,scoringdance:88,https://scoring.dance/enUS/events/88/results/1116.html,f7b423eff86e238a,live,0,2026-09-10T16:02:30.613575+00:00
701a6982e1e9f585,scoringdance,round,scoringdance:88,https://scoring.dance/enUS/events/88/results/1117.html,f7b423eff86e238a,live,0,2026-09-10T16:02:30.613575+00:00
1601c75665bf3d1c,scoringdance,round,scoringdance:88,https://scoring.dance/enUS/events/88/results/1118.html,f7b423eff86e238a,live,0,2026-09-10T16:02:30.613575+00:00
c52d1fdc32ea62ed,scoringdance,round,scoringdance:88,https://scoring.dance/enUS/events/88/results/1119.html,f7b423eff86e238a,live,0,2026-09-10T16:02:30.613575+00:00
9e2cb30dffc63aeb,scoringdance,round,scoringdance:88,https://scoring.dance/enUS/events/88/results/1120.html,f7b423eff86e238a,live,0,2026-09-10T16:02:30.613575+00:00
4e33bb83b05180f8,scoringdance,round,scoringdance:88,https://scoring.dance/enUS/events/88/results/1121.html,f7b423eff86e238a,live,0,2026-09-10T16:02:30.613575+00:00
ab332be48f4a426a,scoringdance,round,scoringdance:88,https://scoring.dance/enUS/events/88/results/1122.html,f7b423eff86e238a,live,0,2026-09-10T16:02:30.613575+00:00
9f6e6c5868b7b78e,scoringdance,round,scoringdance:88,https://scoring.dance/enUS/events/88/results/1123.html,f7b423eff86e238a,live,0,2026-09-10T16:02:30.613575+00:00
a4265ea16fd669ac,scoringdance,round,scoringdance:88,https://scoring.dance/enUS/events/88/results/1124.html,f7b423eff86e238a,live,0,2026-09-10T16:02:30.613575+00:00
a570a9976233d7d3,scoringdance,round,scoringdance:88,https://scoring.dance/enUS/events/88/results/1125.html,f7b423eff86e238a,live,0,2026-09-10T16:02:30.613575+00:00
e8e9e96065b47508,scoringdance,round,scoringdance:88,https://scoring.dance/enUS/events/88/results/1126.html,f7b423eff86e238a,live,0,2026-09-10T16:02:30.613575+00:00
d53f732ccce0c51d,scoringdance,round,scoringdance:88,https://scoring.dance/enUS/events/88/results/1127.html,f7b423eff86e238a,live,0,2026-09-10T16:02:30.613575+00:00
60f636fa804ef219,scoringdance,round,scoringdance:88,https://scoring.dance/enUS/events/88/results/1128.html,f7b423eff86e238a,live,0,2026-09-10T16:02:30.613575+00:00
efb8440f277b4313,scoringdance,round,scoringdance:88,https://scoring.dance/enUS/events/88/results/1129.html,f7b423eff86e238a,live,0,2026-09-10T16:02:30.613575+00:00
746953e1caf70b1c,scoringdance,round,scoringdance:88,https://scoring.dance/enUS/events/88/results/1130.html,f7b423eff86e238a,live,0,2026-09-10T16:02:30.613575+00:00
7c8cb3fb514664ae,scoringdance,round,scoringdance:88,https://scoring.dance/enUS/events/88/results/1131.html,f7b423eff86e238a,live,0,2026-09-10T16:02:30.613575+00:00
29a3d838be8821f5,scoringdance,round,scoringdance:88,https://scoring.dance/enUS/events/88/results/1132.html,f7b423eff86e238a,live,0,2026-09-10T16:02:30.613575+00:00
284a100b7f6fe7cc,scoringdance,round,scoringdance:88,https://scoring.dance/enUS/events/88/results/1133.html,f7b423eff86e238a,live,0,2026-09-10T16:02:30.613575+00:00
8b8c2ec17ee2265b,scoringdance,round,scoringdance:88,https://scoring.dance/enUS/events/88/results/1134.html,f7b423eff86e238a,live,0,2026-09-10T16:02:30.613575+00:00
aa34ffc1860b98ef,scoringdance,round,scoringdance:88,https://scoring.dance/enUS/events/88/results/1135.html,f7b423eff86e238a,live,0,2026-09-10T16:02:30.613575+00:00
3d9b0ef685ebd802,scoringdance,round,scoringdance:88,https://scoring.dance/enUS/events/88/results/1137.html,f7b423eff86e238a,live,0,2026-09-10T16:02:30.613575+00:00
3988e2be8c5f582c,scoringdance,round,scoringdance:88,https://scoring.dance/enUS/events/88/results/1139.html,f7b423eff86e238a,live,0,2026-09-10T16:02:30.613575+00:00
3a269af4dcafd0b9,scoringdance,round,scoringdance:88,https://scoring.dance/enUS/events/88/results/1140.html,f7b423eff86e238a,live,0,2026-09-10T16:02:30.613575+00:00
c6532991c0a18e54,scoringdance,round,scoringdance:88,https://scoring.dance/enUS/events/88/results/1141.html,f7b423eff86e238a,live,0,2026-09-10T16:02:30.613575+00:00
7b41004efad369ba,scoringdance,round,scoringdance:9,https://scoring.dance/enUS/events/9/results/69.html,39d4cfcd1eb7bd88,live,0,2026-09-10T16:02:28.922745+00:00
754807c69d7d040b,scoringdance,round,scoringdance:9,https://scoring.dance/enUS/events/9/results/70.html,39d4cfcd1eb7bd88,live,0,2026-09-10T16:02:28.922745+00:00
0dc68af919d4a62e,scoringdance,round,scoringdance:9,https://scoring.dance/enUS/events/9/results/71.html,39d4cfcd1eb7bd88,live,0,2026-09-10T16:02:28.922745+00:00
8498365fd1c63ebe,scoringdance,round,scoringdance:9,https://scoring.dance/enUS/events/9/results/72.html,39d4cfcd1eb7bd88,live,0,2026-09-10T16:02:28.922745+00:00
9596e59598f45012,scoringdance,round,scoringdance:9,https://scoring.dance/enUS/events/9/results/74.html,39d4cfcd1eb7bd88,live,0,2026-09-10T16:02:28.922745+00:00
ed51df3cf3830076,scoringdance,round,scoringdance:90,https://scoring.dance/enUS/events/90/results/1142.html,dedf18b0957b4dba,live,0,2026-09-10T16:02:30.427238+00:00
304366729284f1ab,scoringdance,round,scoringdance:90,https://scoring.dance/enUS/events/90/results/1143.html,dedf18b0957b4dba,live,0,2026-09-10T16:02:30.427238+00:00
f29fa3a9fe269639,scoringdance,round,scoringdance:90,https://scoring.dance/enUS/events/90/results/1144.html,dedf18b0957b4dba,live,0,2026-09-10T16:02:30.427238+00:00
5f7fdfe98963f464,scoringdance,round,scoringdance:90,https://scoring.dance/enUS/events/90/results/1145.html,dedf18b0957b4dba,live,0,2026-09-10T16:02:30.427238+00:00
40d026f7c164e2fd,scoringdance,round,scoringdance:90,https://scoring.dance/enUS/events/90/results/1146.html,dedf18b0957b4dba,live,0,2026-09-10T16:02:30.427238+00:00
28fe30ad54b6c9bf,scoringdance,round,scoringdance:90,https://scoring.dance/enUS/events/90/results/1147.html,dedf18b0957b4dba,live,0,2026-09-10T16:02:30.427238+00:00
114c97091f14ef6b,scoringdance,round,scoringdance:90,https://scoring.dance/enUS/events/90/results/1148.html,dedf18b0957b4dba,live,0,2026-09-10T16:02:30.427238+00:00
afcd95a3707bfe38,scoringdance,round,scoringdance:90,https://scoring.dance/enUS/events/90/results/1149.html,dedf18b0957b4dba,live,0,2026-09-10T16:02:30.427238+00:00
ddaa62c65f7ee9d8,scoringdance,round,scoringdance:90,https://scoring.dance/enUS/events/90/results/1150.html,dedf18b0957b4dba,live,0,2026-09-10T16:02:30.427238+00:00
8aecca1df7b4e750,scoringdance,round,scoringdance:90,https://scoring.dance/enUS/events/90/results/1151.html,dedf18b0957b4dba,live,0,2026-09-10T16:02:30.427238+00:00
3db6540ad8eedb7f,scoringdance,round,scoringdance:90,https://scoring.dance/enUS/events/90/results/1152.html,dedf18b0957b4dba,live,0,2026-09-10T16:02:30.427238+00:00
c51048939623e78b,scoringdance,round,scoringdance:90,https://scoring.dance/enUS/events/90/results/1153.html,dedf18b0957b4dba,live,0,2026-09-10T16:02:30.427238+00:00
1c5fadc29eedef4f,scoringdance,round,scoringdance:90,https://scoring.dance/enUS/events/90/results/1154.html,dedf18b0957b4dba,live,0,2026-09-10T16:02:30.427238+00:00
645ed33090370e46,scoringdance,round,scoringdance:90,https://scoring.dance/enUS/events/90/results/1159.html,dedf18b0957b4dba,live,0,2026-09-10T16:02:30.427238+00:00
72cf94846e9ae7f2,scoringdance,round,scoringdance:90,https://scoring.dance/enUS/events/90/results/1160.html,dedf18b0957b4dba,live,0,2026-09-10T16:02:30.427238+00:00
f88d5ad057934f00,scoringdance,round,scoringdance:91,https://scoring.dance/enUS/events/91/results/1161.html,78d561568f3045e3,live,0,2026-09-10T16:02:29.486535+00:00
0e5c62961f239c63,scoringdance,round,scoringdance:91,https://scoring.dance/enUS/events/91/results/1162.html,78d561568f3045e3,live,0,2026-09-10T16:02:29.486535+00:00
723e53768f1705ce,scoringdance,round,scoringdance:91,https://scoring.dance/enUS/events/91/results/1163.html,78d561568f3045e3,live,0,2026-09-10T16:02:29.486535+00:00
6404b676d3a95ef1,scoringdance,round,scoringdance:91,https://scoring.dance/enUS/events/91/results/1164.html,78d561568f3045e3,live,0,2026-09-10T16:02:29.486535+00:00
15e2c1af1954652b,scoringdance,round,scoringdance:91,https://scoring.dance/enUS/events/91/results/1165.html,78d561568f3045e3,live,0,2026-09-10T16:02:29.486535+00:00
220c8f1fa8cb5205,scoringdance,round,scoringdance:91,https://scoring.dance/enUS/events/91/results/1166.html,78d561568f3045e3,live,0,2026-09-10T16:02:29.486535+00:00
963c4ad45200c109,scoringdance,round,scoringdance:91,https://scoring.dance/enUS/events/91/results/1167.html,78d561568f3045e3,live,0,2026-09-10T16:02:29.486535+00:00
c47eb6b244ec85bb,scoringdance,round,scoringdance:91,https://scoring.dance/enUS/events/91/results/1168.html,78d561568f3045e3,live,0,2026-09-10T16:02:29.486535+00:00
e9a38f8d4b4f6a50,scoringdance,round,scoringdance:91,https://scoring.dance/enUS/events/91/results/1169.html,78d561568f3045e3,live,0,2026-09-10T16:02:29.486535+00:00
123e4f23f8b1282f,scoringdance,round,scoringdance:91,https://scoring.dance/enUS/events/91/results/1170.html,78d561568f3045e3,live,0,2026-09-10T16:02:29.486535+00:00
b735747771108775,scoringdance,round,scoringdance:91,https://scoring.dance/enUS/events/91/results/1171.html,78d561568f3045e3,live,0,2026-09-10T16:02:29.486535+00:00
d2f871b01f8e9637,scoringdance,round,scoringdance:91,https://scoring.dance/enUS/events/91/results/1172.html,78d561568f3045e3,live,0,2026-09-10T16:02:29.486535+00:00
feb1dcd0eab5a674,scoringdance,round,scoringdance:91,https://scoring.dance/enUS/events/91/results/1174.html,78d561568f3045e3,live,0,2026-09-10T16:02:29.486535+00:00
43d7345720d0363c,scoringdance,round,scoringdance:91,https://scoring.dance/enUS/events/91/results/1175.html,78d561568f3045e3,live,0,2026-09-10T16:02:29.486535+00:00
e0a51b8b1bf8a098,scoringdance,round,scoringdance:91,https://scoring.dance/enUS/events/91/results/1177.html,78d561568f3045e3,live,0,2026-09-10T16:02:29.486535+00:00
2690578722491d07,scoringdance,round,scoringdance:91,https://scoring.dance/enUS/events/91/results/1178.html,78d561568f3045e3,live,0,2026-09-10T16:02:29.486535+00:00
39b31e36abe51398,scoringdance,round,scoringdance:91,https://scoring.dance/enUS/events/91/results/1179.html,78d561568f3045e3,live,0,2026-09-10T16:02:29.486535+00:00
fcae56c6d187ff58,scoringdance,round,scoringdance:91,https://scoring.dance/enUS/events/91/results/1181.html,78d561568f3045e3,live,0,2026-09-10T16:02:29.486535+00:00
420ba222a9aa3fc6,scoringdance,round,scoringdance:91,https://scoring.dance/enUS/events/91/results/1182.html,78d561568f3045e3,live,0,2026-09-10T16:02:29.486535+00:00
b306dc709b4ff802,scoringdance,round,scoringdance:91,https://scoring.dance/enUS/events/91/results/1183.html,78d561568f3045e3,live,0,2026-09-10T16:02:29.486535+00:00
da9b449781e39600,scoringdance,round,scoringdance:91,https://scoring.dance/enUS/events/91/results/1184.html,78d561568f3045e3,live,0,2026-09-10T16:02:29.486535+00:00
7e5043607f5ea585,scoringdance,round,scoringdance:91,https://scoring.dance/enUS/events/91/results/1185.html,78d561568f3045e3,live,0,2026-09-10T16:02:29.486535+00:00
1fa934c1f0046dd7,scoringdance,round,scoringdance:91,https://scoring.dance/enUS/events/91/results/1186.html,78d561568f3045e3,live,0,2026-09-10T16:02:29.486535+00:00
f86730e8b5045e8b,scoringdance,round,scoringdance:91,https://scoring.dance/enUS/events/91/results/1187.html,78d561568f3045e3,live,0,2026-09-10T16:02:29.486535+00:00
c79b000104d1f740,scoringdance,round,scoringdance:91,https://scoring.dance/enUS/events/91/results/1191.html,78d561568f3045e3,live,0,2026-09-10T16:02:29.486535+00:00
e0dff420a3ee8e63,scoringdance,round,scoringdance:92,https://scoring.dance/enUS/events/92/results/1199.html,4936d4c4b1387c84,live,0,2026-09-10T16:02:29.088671+00:00
ec308e65b0d5d98a,scoringdance,round,scoringdance:92,https://scoring.dance/enUS/events/92/results/1200.html,4936d4c4b1387c84,live,0,2026-09-10T16:02:29.088671+00:00
e5b00986fb8e5b08,scoringdance,round,scoringdance:92,https://scoring.dance/enUS/events/92/results/1201.html,4936d4c4b1387c84,live,0,2026-09-10T16:02:29.088671+00:00
c2b50c97fd41c136,scoringdance,round,scoringdance:92,https://scoring.dance/enUS/events/92/results/1202.html,4936d4c4b1387c84,live,0,2026-09-10T16:02:29.088671+00:00
010f71d5e8d70239,scoringdance,round,scoringdance:92,https://scoring.dance/enUS/events/92/results/1203.html,4936d4c4b1387c84,live,0,2026-09-10T16:02:29.088671+00:00
98cc80c4fe8926ed,scoringdance,round,scoringdance:92,https://scoring.dance/enUS/events/92/results/1204.html,4936d4c4b1387c84,live,0,2026-09-10T16:02:29.088671+00:00
5a0bdabd90c3ec0d,scoringdance,round,scoringdance:92,https://scoring.dance/enUS/events/92/results/1205.html,4936d4c4b1387c84,live,0,2026-09-10T16:02:29.088671+00:00
f90ee45b4d1fe1c5,scoringdance,round,scoringdance:92,https://scoring.dance/enUS/events/92/results/1206.html,4936d4c4b1387c84,live,0,2026-09-10T16:02:29.088671+00:00
c7750df307639404,scoringdance,round,scoringdance:92,https://scoring.dance/enUS/events/92/results/1207.html,4936d4c4b1387c84,live,0,2026-09-10T16:02:29.088671+00:00
0429dc561f77418c,scoringdance,round,scoringdance:92,https://scoring.dance/enUS/events/92/results/1209.html,4936d4c4b1387c84,live,0,2026-09-10T16:02:29.088671+00:00
deea8ba85c370a65,scoringdance,round,scoringdance:92,https://scoring.dance/enUS/events/92/results/1210.html,4936d4c4b1387c84,live,0,2026-09-10T16:02:29.088671+00:00
9d7fa005490e7010,scoringdance,round,scoringdance:92,https://scoring.dance/enUS/events/92/results/1212.html,4936d4c4b1387c84,live,0,2026-09-10T16:02:29.088671+00:00
01e33bf6b2ef5df8,scoringdance,round,scoringdance:92,https://scoring.dance/enUS/events/92/results/1213.html,4936d4c4b1387c84,live,0,2026-09-10T16:02:29.088671+00:00
d26662b38cbf14e9,scoringdance,round,scoringdance:92,https://scoring.dance/enUS/events/92/results/1214.html,4936d4c4b1387c84,live,0,2026-09-10T16:02:29.088671+00:00
f85d7244f47bf36b,scoringdance,round,scoringdance:92,https://scoring.dance/enUS/events/92/results/1215.html,4936d4c4b1387c84,live,0,2026-09-10T16:02:29.088671+00:00
114734cacc9aacdc,scoringdance,round,scoringdance:92,https://scoring.dance/enUS/events/92/results/1216.html,4936d4c4b1387c84,live,0,2026-09-10T16:02:29.088671+00:00
bd78dae7fa0499db,scoringdance,round,scoringdance:92,https://scoring.dance/enUS/events/92/results/1217.html,4936d4c4b1387c84,live,0,2026-09-10T16:02:29.088671+00:00
c6325a3f1e89f130,scoringdance,round,scoringdance:92,https://scoring.dance/enUS/events/92/results/1218.html,4936d4c4b1387c84,live,0,2026-09-10T16:02:29.088671+00:00
a6d1fa3acc5cd8ae,scoringdance,round,scoringdance:92,https://scoring.dance/enUS/events/92/results/1219.html,4936d4c4b1387c84,live,0,2026-09-10T16:02:29.088671+00:00
c06124f79f301b36,scoringdance,round,scoringdance:92,https://scoring.dance/enUS/events/92/results/1237.html,4936d4c4b1387c84,live,0,2026-09-10T16:02:29.088671+00:00
434258d86e141308,scoringdance,round,scoringdance:92,https://scoring.dance/enUS/events/92/results/1238.html,4936d4c4b1387c84,live,0,2026-09-10T16:02:29.088671+00:00
a5b2600ff6f413be,scoringdance,round,scoringdance:94,https://scoring.dance/enUS/events/94/results/1246.html,c885f9872c4229da,live,0,2026-09-10T16:02:30.239848+00:00
e22536e47dd59767,scoringdance,round,scoringdance:94,https://scoring.dance/enUS/events/94/results/1247.html,c885f9872c4229da,live,0,2026-09-10T16:02:30.239848+00:00
cc459aa4469a2f3c,scoringdance,round,scoringdance:94,https://scoring.dance/enUS/events/94/results/1248.html,c885f9872c4229da,live,0,2026-09-10T16:02:30.239848+00:00
06ecb26e93a04eab,scoringdance,round,scoringdance:94,https://scoring.dance/enUS/events/94/results/1249.html,c885f9872c4229da,live,0,2026-09-10T16:02:30.239848+00:00
ffd703332a40b288,scoringdance,round,scoringdance:94,https://scoring.dance/enUS/events/94/results/1250.html,c885f9872c4229da,live,0,2026-09-10T16:02:30.239848+00:00
445fa482599b858f,scoringdance,round,scoringdance:94,https://scoring.dance/enUS/events/94/results/1251.html,c885f9872c4229da,live,0,2026-09-10T16:02:30.239848+00:00
9f9d5298d780422d,scoringdance,round,scoringdance:94,https://scoring.dance/enUS/events/94/results/1252.html,c885f9872c4229da,live,0,2026-09-10T16:02:30.239848+00:00
9b7adcbb304fe91b,scoringdance,round,scoringdance:94,https://scoring.dance/enUS/events/94/results/1253.html,c885f9872c4229da,live,0,2026-09-10T16:02:30.239848+00:00
283e221928f19c0c,scoringdance,round,scoringdance:94,https://scoring.dance/enUS/events/94/results/1254.html,c885f9872c4229da,live,0,2026-09-10T16:02:30.239848+00:00
b0c7f35b14ed7400,scoringdance,round,scoringdance:94,https://scoring.dance/enUS/events/94/results/1255.html,c885f9872c4229da,live,0,2026-09-10T16:02:30.239848+00:00
afc7dd36def6ef18,scoringdance,round,scoringdance:94,https://scoring.dance/enUS/events/94/results/1256.html,c885f9872c4229da,live,0,2026-09-10T16:02:30.239848+00:00
e6fc66d0e255a0a7,scoringdance,round,scoringdance:94,https://scoring.dance/enUS/events/94/results/1257.html,c885f9872c4229da,live,0,2026-09-10T16:02:30.239848+00:00
6c9223bb4d833030,scoringdance,round,scoringdance:94,https://scoring.dance/enUS/events/94/results/1258.html,c885f9872c4229da,live,0,2026-09-10T16:02:30.239848+00:00
5c657a71cafb5199,scoringdance,round,scoringdance:94,https://scoring.dance/enUS/events/94/results/1259.html,c885f9872c4229da,live,0,2026-09-10T16:02:30.239848+00:00
50d03a586c20166b,scoringdance,round,scoringdance:94,https://scoring.dance/enUS/events/94/results/1260.html,c885f9872c4229da,live,0,2026-09-10T16:02:30.239848+00:00
10369df1827fca85,scoringdance,round,scoringdance:94,https://scoring.dance/enUS/events/94/results/1261.html,c885f9872c4229da,live,0,2026-09-10T16:02:30.239848+00:00
6fbcdcf0b13c30b2,scoringdance,round,scoringdance:94,https://scoring.dance/enUS/events/94/results/1262.html,c885f9872c4229da,live,0,2026-09-10T16:02:30.239848+00:00
4e83631f15bd272f,scoringdance,round,scoringdance:94,https://scoring.dance/enUS/events/94/results/1271.html,c885f9872c4229da,live,0,2026-09-10T16:02:30.239848+00:00
6abe9b43ed37f39d,scoringdance,round,scoringdance:95,https://scoring.dance/enUS/events/95/results/1272.html,ae8242c599eaab14,live,0,2026-09-10T16:02:29.959007+00:00
e19d1dd0dbf3ff17,scoringdance,round,scoringdance:95,https://scoring.dance/enUS/events/95/results/1274.html,ae8242c599eaab14,live,0,2026-09-10T16:02:29.959007+00:00
8ac453be92bd7ab5,scoringdance,round,scoringdance:95,https://scoring.dance/enUS/events/95/results/1275.html,ae8242c599eaab14,live,0,2026-09-10T16:02:29.959007+00:00
20e50bb33dc2661e,scoringdance,round,scoringdance:95,https://scoring.dance/enUS/events/95/results/1277.html,ae8242c599eaab14,live,0,2026-09-10T16:02:29.959007+00:00
93604aecc0b6a5d9,scoringdance,round,scoringdance:95,https://scoring.dance/enUS/events/95/results/1278.html,ae8242c599eaab14,live,0,2026-09-10T16:02:29.959007+00:00
8a33ce38d71a282b,scoringdance,round,scoringdance:95,https://scoring.dance/enUS/events/95/results/1279.html,ae8242c599eaab14,live,0,2026-09-10T16:02:29.959007+00:00
197b689040296b0e,scoringdance,round,scoringdance:95,https://scoring.dance/enUS/events/95/results/1280.html,ae8242c599eaab14,live,0,2026-09-10T16:02:29.959007+00:00
48f88357210d8386,scoringdance,round,scoringdance:95,https://scoring.dance/enUS/events/95/results/1281.html,ae8242c599eaab14,live,0,2026-09-10T16:02:29.959007+00:00
1d2d1e45238b1fe5,scoringdance,round,scoringdance:95,https://scoring.dance/enUS/events/95/results/1282.html,ae8242c599eaab14,live,0,2026-09-10T16:02:29.959007+00:00
b0ad1581b64b305e,scoringdance,round,scoringdance:95,https://scoring.dance/enUS/events/95/results/1283.html,ae8242c599eaab14,live,0,2026-09-10T16:02:29.959007+00:00
891e59a2598d48a8,scoringdance,round,scoringdance:95,https://scoring.dance/enUS/events/95/results/1284.html,ae8242c599eaab14,live,0,2026-09-10T16:02:29.959007+00:00
32c73fca8a98a7be,scoringdance,round,scoringdance:95,https://scoring.dance/enUS/events/95/results/1285.html,ae8242c599eaab14,live,0,2026-09-10T16:02:29.959007+00:00
80432eba5a6852e0,scoringdance,round,scoringdance:95,https://scoring.dance/enUS/events/95/results/1286.html,ae8242c599eaab14,live,0,2026-09-10T16:02:29.959007+00:00
d449c36cc379e78c,scoringdance,round,scoringdance:95,https://scoring.dance/enUS/events/95/results/1287.html,ae8242c599eaab14,live,0,2026-09-10T16:02:29.959007+00:00
a1c027819f034930,scoringdance,round,scoringdance:95,https://scoring.dance/enUS/events/95/results/1288.html,ae8242c599eaab14,live,0,2026-09-10T16:02:29.959007+00:00
c77cfa6073c12061,scoringdance,round,scoringdance:95,https://scoring.dance/enUS/events/95/results/1289.html,ae8242c599eaab14,live,0,2026-09-10T16:02:29.959007+00:00
f44a70c559a4012c,scoringdance,round,scoringdance:95,https://scoring.dance/enUS/events/95/results/1290.html,ae8242c599eaab14,live,0,2026-09-10T16:02:29.959007+00:00
9daf1ccec772dc5c,scoringdance,round,scoringdance:95,https://scoring.dance/enUS/events/95/results/1291.html,ae8242c599eaab14,live,0,2026-09-10T16:02:29.959007+00:00
8215588d05ffe628,scoringdance,round,scoringdance:95,https://scoring.dance/enUS/events/95/results/1292.html,ae8242c599eaab14,live,0,2026-09-10T16:02:29.959007+00:00
d0a93f4a990cca69,scoringdance,round,scoringdance:95,https://scoring.dance/enUS/events/95/results/1293.html,ae8242c599eaab14,live,0,2026-09-10T16:02:29.959007+00:00
4ac992e0a75d29ac,scoringdance,round,scoringdance:95,https://scoring.dance/enUS/events/95/results/1294.html,ae8242c599eaab14,live,0,2026-09-10T16:02:29.959007+00:00
628c22f46b4e5dca,scoringdance,round,scoringdance:95,https://scoring.dance/enUS/events/95/results/1295.html,ae8242c599eaab14,live,0,2026-09-10T16:02:29.959007+00:00
0b0d71353c2fee03,scoringdance,round,scoringdance:96,https://scoring.dance/enUS/events/96/results/1296.html,70642d37daade9d1,live,0,2026-09-10T16:02:29.432559+00:00
41bea0c5ee64141e,scoringdance,round,scoringdance:96,https://scoring.dance/enUS/events/96/results/1298.html,70642d37daade9d1,live,0,2026-09-10T16:02:29.432559+00:00
55c205ef2519dc0c,scoringdance,round,scoringdance:96,https://scoring.dance/enUS/events/96/results/1299.html,70642d37daade9d1,live,0,2026-09-10T16:02:29.432559+00:00
df73bb4af13d416b,scoringdance,round,scoringdance:96,https://scoring.dance/enUS/events/96/results/1300.html,70642d37daade9d1,live,0,2026-09-10T16:02:29.432559+00:00
970d798193ea6c6f,scoringdance,round,scoringdance:96,https://scoring.dance/enUS/events/96/results/1301.html,70642d37daade9d1,live,0,2026-09-10T16:02:29.432559+00:00
5e1d185b9fe169b6,scoringdance,round,scoringdance:96,https://scoring.dance/enUS/events/96/results/1302.html,70642d37daade9d1,live,0,2026-09-10T16:02:29.432559+00:00
eff52cd395425b1d,scoringdance,round,scoringdance:96,https://scoring.dance/enUS/events/96/results/1303.html,70642d37daade9d1,live,0,2026-09-10T16:02:29.432559+00:00
9f28f90122580943,scoringdance,round,scoringdance:96,https://scoring.dance/enUS/events/96/results/1304.html,70642d37daade9d1,live,0,2026-09-10T16:02:29.432559+00:00
64a6e462f811d656,scoringdance,round,scoringdance:96,https://scoring.dance/enUS/events/96/results/1305.html,70642d37daade9d1,live,0,2026-09-10T16:02:29.432559+00:00
c103d57318b9abf2,scoringdance,round,scoringdance:96,https://scoring.dance/enUS/events/96/results/1306.html,70642d37daade9d1,live,0,2026-09-10T16:02:29.432559+00:00
fcb0f60bee093583,scoringdance,round,scoringdance:96,https://scoring.dance/enUS/events/96/results/1307.html,70642d37daade9d1,live,0,2026-09-10T16:02:29.432559+00:00
68dd339c65c36af7,scoringdance,round,scoringdance:96,https://scoring.dance/enUS/events/96/results/1308.html,70642d37daade9d1,live,0,2026-09-10T16:02:29.432559+00:00
fcdfccb6f34b977f,scoringdance,round,scoringdance:96,https://scoring.dance/enUS/events/96/results/1309.html,70642d37daade9d1,live,0,2026-09-10T16:02:29.432559+00:00
6fa57c360c712bdf,scoringdance,round,scoringdance:96,https://scoring.dance/enUS/events/96/results/1310.html,70642d37daade9d1,live,0,2026-09-10T16:02:29.432559+00:00
096728939d8afb5b,scoringdance,round,scoringdance:96,https://scoring.dance/enUS/events/96/results/1312.html,70642d37daade9d1,live,0,2026-09-10T16:02:29.432559+00:00
6c2de2ebdbb4fa05,scoringdance,round,scoringdance:96,https://scoring.dance/enUS/events/96/results/1313.html,70642d37daade9d1,live,0,2026-09-10T16:02:29.432559+00:00
3c6e25de559502de,scoringdance,round,scoringdance:96,https://scoring.dance/enUS/events/96/results/1314.html,70642d37daade9d1,live,0,2026-09-10T16:02:29.432559+00:00
34458a79dfb3ea80,scoringdance,round,scoringdance:96,https://scoring.dance/enUS/events/96/results/1315.html,70642d37daade9d1,live,0,2026-09-10T16:02:29.432559+00:00
5952f27bd902442e,scoringdance,round,scoringdance:96,https://scoring.dance/enUS/events/96/results/1316.html,70642d37daade9d1,live,0,2026-09-10T16:02:29.432559+00:00
13e70cf22180588d,scoringdance,round,scoringdance:96,https://scoring.dance/enUS/events/96/results/1317.html,70642d37daade9d1,live,0,2026-09-10T16:02:29.432559+00:00
33fb57f2d838e6ea,scoringdance,round,scoringdance:96,https://scoring.dance/enUS/events/96/results/1318.html,70642d37daade9d1,live,0,2026-09-10T16:02:29.432559+00:00
a48ca936119f7521,scoringdance,round,scoringdance:96,https://scoring.dance/enUS/events/96/results/1319.html,70642d37daade9d1,live,0,2026-09-10T16:02:29.432559+00:00
6d03b42093bf95f4,scoringdance,round,scoringdance:96,https://scoring.dance/enUS/events/96/results/1320.html,70642d37daade9d1,live,0,2026-09-10T16:02:29.432559+00:00
e66a888c6a788c13,scoringdance,round,scoringdance:97,https://scoring.dance/enUS/events/97/results/1193.html,cb4c051e437c6f8c,live,0,2026-09-10T16:02:30.260484+00:00
b1a54030508be380,scoringdance,round,scoringdance:97,https://scoring.dance/enUS/events/97/results/1194.html,cb4c051e437c6f8c,live,0,2026-09-10T16:02:30.260484+00:00
04220729d58fc9ad,scoringdance,round,scoringdance:97,https://scoring.dance/enUS/events/97/results/1195.html,cb4c051e437c6f8c,live,0,2026-09-10T16:02:30.260484+00:00
20a8932142c47b35,scoringdance,round,scoringdance:97,https://scoring.dance/enUS/events/97/results/1196.html,cb4c051e437c6f8c,live,0,2026-09-10T16:02:30.260484+00:00
8aa2959b3e61d049,scoringdance,round,scoringdance:97,https://scoring.dance/enUS/events/97/results/1197.html,cb4c051e437c6f8c,live,0,2026-09-10T16:02:30.260484+00:00
0e79353e54402eb1,scoringdance,round,scoringdance:97,https://scoring.dance/enUS/events/97/results/1198.html,cb4c051e437c6f8c,live,0,2026-09-10T16:02:30.260484+00:00
e48cef47987140f9,scoringdance,round,scoringdance:98,https://scoring.dance/enUS/events/98/results/1379.html,2c5508a78140dbb0,live,0,2026-09-10T16:02:28.788884+00:00
