date_precision,end_date,event_id,event_month,held,history_source,name,series_id,snapshot_id,source,start_date,wsdc_status,year
month,,2010-01-americas-classic,2010-01,held,"[""registry""]",Americas Classic,wsdc-67,snap_20260911T170120Z_19c4d78f0396,wsdc_registry,,registry,2010
month,,2010-01-floorplay-new-years-swing-vacation,2010-01,held,"[""registry""]",Floorplay New Years Swing Vacation,wsdc-42,snap_20260911T163317Z_d8fab4329407,wsdc_registry,,registry,2010
day,2010-01-18,2010-01-monterey-swingfest,2010-01,held,"[""registry"", ""swingdancecouncil""]",Monterey SwingFest,wsdc-62,snap_20260913T050433Z_b749ee48056f,swingdancecouncil,2010-01-14,registry,2010
month,,2010-01-new-year-s-dance-camp,2010-01,held,"[""registry""]",New Year's Dance Camp,wsdc-37,snap_20260911T163329Z_3fb7e1c66a9b,wsdc_registry,,registry,2010
month,,2010-01-new-year-s-dancin-eve,2010-01,held,"[""registry""]",New Year's Dancin' Eve,wsdc-139,snap_20260911T163259Z_305b849f1e1a,wsdc_registry,,registry,2010
month,,2010-01-spotlight-dance-challenge,2010-01,held,"[""registry""]",Spotlight Dance Challenge,wsdc-141,snap_20260911T163408Z_28fd17e5414d,wsdc_registry,,registry,2010
day,2010-01-10,2010-01-worlds-ucwdc,2010-01,held,"[""registry"", ""swingdancecouncil""]",Worlds UCWDC,wsdc-75,snap_20260913T050433Z_b749ee48056f,swingdancecouncil,2010-01-04,registry,2010
month,,2010-02-capital-swing-dance-convention,2010-02,held,"[""registry""]",Capital Swing Dance Convention,wsdc-12,snap_20260911T163502Z_9ecaaf937d50,wsdc_registry,,registry,2010
month,,2010-02-da-dance-camp,2010-02,held,"[""registry""]",Da Dance Camp,wsdc-115,snap_20260911T163526Z_34c547745b57,wsdc_registry,,registry,2010
day,2010-02-21,2010-02-dance-camp-chicago,2010-02,listed,"[""swingdancecouncil""]",Dance Camp Chicago,wsdc-169,snap_20260913T050453Z_417adb76ce1c,swingdancecouncil,2010-02-19,registry,2010
day,2010-02-14,2010-02-sweetheart-swing-classic,2010-02,listed,"[""swingdancecouncil""]",Sweetheart Swing Classic,wsdc-185,snap_20260913T050443Z_6a757e752fa4,swingdancecouncil,2010-02-11,trial,2010
day,2010-03-28,2010-03-boston-tea-party,2010-03,held,"[""registry"", ""swingdancecouncil""]",Boston Tea Party,wsdc-9,snap_20260913T050503Z_1dc9d7a88150,swingdancecouncil,2010-03-25,registry,2010
day,2010-03-14,2010-03-chicago-classic,2010-03,held,"[""registry"", ""swingdancecouncil""]",Chicago Classic,wsdc-13,snap_20260913T050453Z_417adb76ce1c,swingdancecouncil,2010-03-12,registry,2010
day,2010-03-14,2010-03-high-desert-dance-classic,2010-03,held,"[""registry"", ""swingdancecouncil""]",High Desert Dance Classic,wsdc-143,snap_20260913T050453Z_417adb76ce1c,swingdancecouncil,2010-03-12,registry,2010
day,2010-03-07,2010-03-mid-atlantic-dance-jam,2010-03,held,"[""registry"", ""swingdancecouncil""]",Mid-Atlantic Dance Jam,wsdc-92,snap_20260913T050453Z_417adb76ce1c,swingdancecouncil,2010-03-04,registry,2010
day,2010-03-21,2010-03-novice-invitational,2010-03,held,"[""registry"", ""swingdancecouncil""]",Novice Invitational,wsdc-153,snap_20260913T050453Z_417adb76ce1c,swingdancecouncil,2010-03-19,registry,2010
month,,2010-03-reno-dance-sensation,2010-03,held,"[""registry""]",Reno Dance Sensation,wsdc-91,snap_20260911T170043Z_136504e751da,wsdc_registry,,registry,2010
day,2010-03-21,2010-03-russian-open-wcs-championship,2010-03,listed,"[""swingdancecouncil""]",Russian Open WCS Championship,wsdc-170,snap_20260913T050443Z_6a757e752fa4,swingdancecouncil,2010-03-18,trial,2010
month,,2010-03-tulsa-spring-swing,2010-03,held,"[""registry""]",Tulsa Spring Swing,wsdc-132,snap_20260911T170357Z_bc69583f2bdf,wsdc_registry,,registry,2010
day,2010-04-18,2010-04-calgary-dance-stampede,2010-04,held,"[""registry"", ""swingdancecouncil""]",Calgary Dance Stampede,wsdc-116,snap_20260913T050503Z_1dc9d7a88150,swingdancecouncil,2010-04-16,registry,2010
month,,2010-04-los-angeles-premiere-dance-classic,2010-04,held,"[""registry""]",Los Angeles Premiere Dance Classic,wsdc-104,snap_20260911T165748Z_0633b7671ae3,wsdc_registry,,registry,2010
day,2010-04-18,2010-04-reno-dance-sensation,2010-04,listed,"[""swingdancecouncil""]",Reno Dance Sensation,wsdc-91,snap_20260913T050503Z_1dc9d7a88150,swingdancecouncil,2010-04-15,registry,2010
month,,2010-04-seattle-s-easter-swing,2010-04,held,"[""registry""]",Seattle's Easter Swing,wsdc-18,snap_20260911T165752Z_d30e6520a5ab,wsdc_registry,,registry,2010
day,2010-04-25,2010-04-swing-dance-america,2010-04,held,"[""registry"", ""swingdancecouncil""]",Swing Dance America,wsdc-134,snap_20260913T050503Z_1dc9d7a88150,swingdancecouncil,2010-04-22,registry,2010
day,2010-04-04,2010-04-tulsa-spring-swing,2010-04,listed,"[""swingdancecouncil""]",Tulsa Spring Swing,wsdc-132,snap_20260913T050503Z_1dc9d7a88150,swingdancecouncil,2010-04-01,registry,2010
month,,2010-04-uk-wcs-dance-championships,2010-04,held,"[""registry""]",UK WCS Dance Championships,wsdc-154,snap_20260911T170854Z_36a4f4148fa8,wsdc_registry,,registry,2010
month,,2010-04-usa-jack-jill-championships,2010-04,held,"[""registry""]",USA Jack & Jill Championships,wsdc-161,snap_20260911T172722Z_b6540ce53db2,wsdc_registry,,registry,2010
day,2010-05-24,2010-05-canadian-swing-championships,2010-05,held,"[""registry"", ""swingdancecouncil""]",Canadian Swing Championships,wsdc-105,snap_20260913T050503Z_1dc9d7a88150,swingdancecouncil,2010-05-21,registry,2010
month,,2010-05-come-rain-come-shine,2010-05,held,"[""registry"", ""swingdancecouncil""]",Come Rain Come Shine,wsdc-145,snap_20260913T050433Z_b749ee48056f,swingdancecouncil,,registry,2010
month,,2010-05-dfw-pro-am-jam,2010-05,held,"[""registry""]",DFW Pro Am Jam,wsdc-163,snap_20260911T170459Z_ca1eeeab33b7,wsdc_registry,,registry,2010
month,,2010-05-eastern-washington-dance-challenge,2010-05,held,"[""registry""]",Eastern/Washington Dance Challenge,wsdc-19,snap_20260911T170055Z_14a3fb6368e2,wsdc_registry,,registry,2010
day,2010-05-24,2010-05-french-open-west-coast-swing,2010-05,listed,"[""swingdancecouncil""]",French Open West Coast Swing,wsdc-175,snap_20260913T050443Z_6a757e752fa4,swingdancecouncil,2010-05-21,trial,2010
month,,2010-05-frezno-dance-classic,2010-05,held,"[""registry""]",FreZno Dance Classic,wsdc-20,snap_20260911T170202Z_a5d1da233e00,wsdc_registry,,registry,2010
day,2010-05-23,2010-05-swingapalooza,2010-05,held,"[""registry"", ""swingdancecouncil""]",Swingapalooza,wsdc-162,snap_20260913T050503Z_1dc9d7a88150,swingdancecouncil,2010-05-21,registry,2010
day,2010-05-09,2010-05-swingdiego,2010-05,held,"[""registry"", ""swingdancecouncil""]",SwingDiego,wsdc-61,snap_20260913T050503Z_1dc9d7a88150,swingdancecouncil,2010-05-06,registry,2010
day,2010-05-02,2010-05-swingin-into-spring,2010-05,held,"[""registry"", ""swingdancecouncil""]",Swingin' Into Spring,wsdc-144,snap_20260913T050503Z_1dc9d7a88150,swingdancecouncil,2010-04-29,registry,2010
day,2010-05-23,2010-05-the-texas-classic,2010-05,held,"[""registry"", ""swingdancecouncil""]",The Texas Classic,wsdc-121,snap_20260913T050503Z_1dc9d7a88150,swingdancecouncil,2010-05-21,registry,2010
month,,2010-05-usa-grand-nationals,2010-05,held,"[""registry""]",USA Grand Nationals,wsdc-22,snap_20260911T170224Z_453f156bca2f,wsdc_registry,,registry,2010
month,,2010-05-world-swing-dance-championships,2010-05,held,"[""registry""]",World Swing Dance Championships,wsdc-73,snap_20260911T170646Z_c0e95776060f,wsdc_registry,,registry,2010
day,2010-06-27,2010-06-colorado-country-classic,2010-06,held,"[""registry"", ""swingdancecouncil""]",Colorado Country Classic,wsdc-109,snap_20260913T050503Z_1dc9d7a88150,swingdancecouncil,2010-06-25,registry,2010
day,2010-06-06,2010-06-come-rain-come-shine,2010-06,listed,"[""swingdancecouncil""]",Come Rain Come Shine,wsdc-145,snap_20260913T050503Z_1dc9d7a88150,swingdancecouncil,2010-06-04,registry,2010
day,2010-06-13,2010-06-j-j-o-rama,2010-06,held,"[""registry"", ""swingdancecouncil""]",J&J O'Rama,wsdc-25,snap_20260913T050503Z_1dc9d7a88150,swingdancecouncil,2010-06-10,registry,2010
month,,2010-06-liberty-swing-dance-championships,2010-06,held,"[""registry""]",Liberty Swing Dance Championships,wsdc-96,snap_20260911T170405Z_6444d117313a,wsdc_registry,,registry,2010
day,2010-06-13,2010-06-orange-blossom-dance-festival,2010-06,held,"[""registry"", ""swingdancecouncil""]",Orange Blossom Dance Festival,wsdc-117,snap_20260913T050503Z_1dc9d7a88150,swingdancecouncil,2010-06-11,registry,2010
month,,2010-06-portland-dance-festival,2010-06,held,"[""registry""]",Portland Dance Festival,wsdc-44,snap_20260911T170258Z_dbd248f716df,wsdc_registry,,registry,2010
month,,2010-07-big-apple-dance-festival,2010-07,held,"[""registry""]",Big Apple Dance Festival,wsdc-156,snap_20260911T170606Z_9a9e9eb5ab25,wsdc_registry,,registry,2010
day,2010-07-11,2010-07-boston-dance-challenge,2010-07,listed,"[""swingdancecouncil""]",Boston Dance Challenge,wsdc-146,snap_20260913T050503Z_1dc9d7a88150,swingdancecouncil,2010-07-09,registry,2010
month,,2010-07-florida-dance-magic,2010-07,held,"[""registry""]",Florida Dance Magic,wsdc-149,snap_20260911T170632Z_6f74f59cd270,wsdc_registry,,registry,2010
month,,2010-07-grand-prix-of-swing,2010-07,held,"[""registry""]",Grand Prix of Swing,wsdc-97,snap_20260911T170815Z_22f115e0ba69,wsdc_registry,,registry,2010
day,2010-06-06,2010-07-michigan-dance-classic,2010-07,held,"[""registry"", ""swingdancecouncil""]",Michigan Dance Classic,wsdc-76,snap_20260913T050503Z_1dc9d7a88150,swingdancecouncil,2010-06-03,registry,2010
month,,2010-07-new-orleans-dance-mardi-gras,2010-07,held,"[""registry""]",New Orleans Dance Mardi Gras,wsdc-148,snap_20260911T170602Z_9513322f33db,wsdc_registry,,registry,2010
month,,2010-07-of-july-convention,2010-07,held,"[""registry""]",4TH of July Convention,wsdc-1,snap_20260911T170535Z_cac44b271a7d,wsdc_registry,,registry,2010
day,2010-07-11,2010-07-portland-dance-festival,2010-07,listed,"[""swingdancecouncil""]",Portland Dance Festival,wsdc-44,snap_20260913T050503Z_1dc9d7a88150,swingdancecouncil,2010-07-09,registry,2010
month,,2010-07-swing-fling,2010-07,held,"[""registry""]",Swing Fling,wsdc-59,snap_20260911T170753Z_753a3b5280fe,wsdc_registry,,registry,2010
month,,2010-07-the-city-of-light,2010-07,held,"[""registry""]",The City of Light,wsdc-155,snap_20260911T170521Z_55efdbe7037a,wsdc_registry,,registry,2010
day,2010-07-25,2010-07-toronto-open-swing-hustle-championships,2010-07,held,"[""registry"", ""swingdancecouncil""]",Toronto Open Swing & Hustle Championships,wsdc-147,snap_20260913T050503Z_1dc9d7a88150,swingdancecouncil,2010-07-23,registry,2010
month,,2010-07-wisconsin-dance-challenge-midwest-area-swing-dance-challenge,2010-07,held,"[""registry""]",Wisconsin Dance Challenge/Midwest Area Swing Dance Challenge,wsdc-84,snap_20260911T170706Z_3035a35711b9,wsdc_registry,,registry,2010
month,,2010-08-arizona-dance-classic,2010-08,held,"[""registry"", ""swingdancecouncil""]",Arizona Dance Classic,wsdc-77,snap_20260913T050503Z_1dc9d7a88150,swingdancecouncil,,registry,2010
day,2010-08-22,2010-08-chicagoland-country-swing-dance-festival,2010-08,listed,"[""swingdancecouncil""]",Chicagoland Country & Swing Dance Festival,wsdc-99,snap_20260913T050503Z_1dc9d7a88150,swingdancecouncil,2010-08-20,registry,2010
month,,2010-08-chicagoland-dance-festival,2010-08,held,"[""registry""]",Chicagoland Dance Festival,wsdc-119,snap_20260911T171010Z_d014c7a38ee0,wsdc_registry,,registry,2010
day,2010-08-08,2010-08-grand-prix-of-swing,2010-08,listed,"[""swingdancecouncil""]",Grand Prix of Swing,wsdc-97,snap_20260913T050503Z_1dc9d7a88150,swingdancecouncil,2010-08-05,registry,2010
day,2010-08-15,2010-08-lone-star-invitational,2010-08,held,"[""registry"", ""swingdancecouncil""]",Lone Star Invitational,wsdc-120,snap_20260913T050503Z_1dc9d7a88150,swingdancecouncil,2010-08-13,registry,2010
month,,2010-08-new-england-dance-festival,2010-08,held,"[""registry"", ""swingdancecouncil""]",New England Dance Festival,wsdc-157,snap_20260913T050503Z_1dc9d7a88150,swingdancecouncil,,registry,2010
month,,2010-08-sea-sun-and-swing,2010-08,held,"[""registry""]",Sea Sun and Swing,wsdc-164,snap_20260911T170927Z_85f63c09a1a0,wsdc_registry,,registry,2010
month,,2010-08-south-bay-cw-dance-festival,2010-08,held,"[""registry""]",South Bay CW Dance Festival,wsdc-48,snap_20260911T171041Z_a203d75023df,wsdc_registry,,registry,2010
month,,2010-08-summer-hummer,2010-08,held,"[""registry"", ""swingdancecouncil""]",Summer Hummer,wsdc-53,snap_20260913T050503Z_1dc9d7a88150,swingdancecouncil,,registry,2010
day,2010-08-15,2010-08-summer-swing-classic,2010-08,listed,"[""swingdancecouncil""]",Summer Swing Classic,wsdc-228,snap_20260913T050443Z_6a757e752fa4,swingdancecouncil,2010-08-12,trial,2010
day,2010-08-08,2010-08-swing-fling,2010-08,listed,"[""swingdancecouncil""]",Swing Fling,wsdc-59,snap_20260913T050503Z_1dc9d7a88150,swingdancecouncil,2010-08-05,registry,2010
month,,2010-08-swingtime-in-the-rockies,2010-08,held,"[""registry""]",Swingtime in the Rockies,wsdc-66,snap_20260911T170753Z_753a3b5280fe,wsdc_registry,,registry,2010
month,,2010-08-world-swing-masters,2010-08,held,"[""registry""]",World Swing Masters,wsdc-159,snap_20260911T171159Z_af1918ffe2e3,wsdc_registry,,registry,2010
day,2010-09-19,2010-09-bridgetown-swing-boogie,2010-09,held,"[""registry"", ""swingdancecouncil""]",Bridgetown Swing Boogie,wsdc-10,snap_20260913T050503Z_1dc9d7a88150,swingdancecouncil,2010-09-16,registry,2010
day,2010-09-05,2010-09-dallas-d-a-n-c-e,2010-09,held,"[""registry"", ""swingdancecouncil""]",Dallas D.A.N.C.E.,wsdc-15,snap_20260913T050503Z_1dc9d7a88150,swingdancecouncil,2010-09-02,registry,2010
day,2010-09-12,2010-09-desert-city-swing,2010-09,held,"[""registry"", ""swingdancecouncil""]",Desert City Swing,wsdc-135,snap_20260913T050503Z_1dc9d7a88150,swingdancecouncil,2010-09-10,registry,2010
day,2010-09-19,2010-09-meet-me-in-st-louis,2010-09,held,"[""registry"", ""swingdancecouncil""]",Meet Me In St Louis,wsdc-131,snap_20260913T050503Z_1dc9d7a88150,swingdancecouncil,2010-09-16,registry,2010
day,2010-09-19,2010-09-midland-swing-open,2010-09,held,"[""registry"", ""swingdancecouncil""]",Midland Swing Open,wsdc-165,snap_20260913T050503Z_1dc9d7a88150,swingdancecouncil,2010-09-17,registry,2010
month,,2010-09-new-mexico-dance-fiesta,2010-09,held,"[""registry""]",New Mexico Dance Fiesta,wsdc-100,snap_20260911T171533Z_0dc7b1090bb7,wsdc_registry,,registry,2010
month,,2010-09-palm-springs-summer-dance-classic,2010-09,held,"[""registry""]",Palm Springs Summer Dance Classic,wsdc-51,snap_20260912T123936Z_fdd9474a1fbb,wsdc_registry,,registry,2010
month,,2010-09-river-city-dance-festival,2010-09,held,"[""registry"", ""swingdancecouncil""]",River City Dance Festival,wsdc-130,snap_20260913T050503Z_1dc9d7a88150,swingdancecouncil,,registry,2010
month,,2010-09-sea-to-sky,2010-09,held,"[""registry""]",Sea to Sky,wsdc-79,snap_20260911T171259Z_0a40028c19b8,wsdc_registry,,registry,2010
day,2010-09-06,2010-09-south-bay-dance-fling,2010-09,listed,"[""swingdancecouncil""]",South Bay Dance Fling,wsdc-48,snap_20260913T050503Z_1dc9d7a88150,swingdancecouncil,2010-09-02,registry,2010
day,2010-09-26,2010-09-swing-niagara-dance-championships,2010-09,held,"[""registry"", ""swingdancecouncil""]",Swing Niagara Dance Championships,wsdc-95,snap_20260913T050503Z_1dc9d7a88150,swingdancecouncil,2010-09-23,registry,2010
day,2010-10-10,2010-10-boogie-by-the-bay,2010-10,held,"[""registry"", ""swingdancecouncil""]",Boogie By The Bay,wsdc-8,snap_20260913T050503Z_1dc9d7a88150,swingdancecouncil,2010-10-07,registry,2010
day,2010-10-31,2010-10-halloween-swingthing,2010-10,held,"[""registry"", ""swingdancecouncil""]",Halloween SwingThing,wsdc-65,snap_20260913T050503Z_1dc9d7a88150,swingdancecouncil,2010-10-28,registry,2010
day,2010-10-17,2010-10-paradise-country-dance-festival,2010-10,held,"[""registry"", ""swingdancecouncil""]",Paradise Country Dance Festival,wsdc-43,snap_20260913T050503Z_1dc9d7a88150,swingdancecouncil,2010-10-15,registry,2010
day,2010-10-31,2010-10-swing-city-chicago,2010-10,held,"[""registry"", ""swingdancecouncil""]",Swing City Chicago,wsdc-125,snap_20260913T050503Z_1dc9d7a88150,swingdancecouncil,2010-10-29,registry,2010
day,2010-11-28,2010-11-c-a-s-h-bash-weekend,2010-11,held,"[""registry"", ""swingdancecouncil""]",C.A.S.H. Bash Weekend,wsdc-87,snap_20260913T050503Z_1dc9d7a88150,swingdancecouncil,2010-11-26,registry,2010
month,,2010-11-london-swingvitational,2010-11,held,"[""registry"", ""swingdancecouncil""]",London SWINGvitational,wsdc-166,snap_20260913T050443Z_6a757e752fa4,swingdancecouncil,,registry,2010
day,2010-11-08,2010-11-mountain-magic,2010-11,held,"[""registry"", ""swingdancecouncil""]",Mountain Magic,wsdc-31,snap_20260913T050503Z_1dc9d7a88150,swingdancecouncil,2010-11-04,registry,2010
day,2010-11-28,2010-11-sunshine-state-dance-challenge,2010-11,held,"[""registry"", ""swingdancecouncil""]",Sunshine State Dance Challenge,wsdc-151,snap_20260913T050503Z_1dc9d7a88150,swingdancecouncil,2010-11-25,registry,2010
day,2010-11-14,2010-11-swingin-new-england-dance-festival,2010-11,held,"[""registry"", ""swingdancecouncil""]",Swingin' New England Dance Festival,wsdc-63,snap_20260913T050503Z_1dc9d7a88150,swingdancecouncil,2010-11-12,registry,2010
day,2010-11-14,2010-11-tampa-bay-classic,2010-11,held,"[""registry"", ""swingdancecouncil""]",Tampa Bay Classic,wsdc-137,snap_20260913T050503Z_1dc9d7a88150,swingdancecouncil,2010-11-11,registry,2010
day,2010-11-28,2010-11-us-open-swing-dance-championships,2010-11,held,"[""registry"", ""swingdancecouncil""]",US Open Swing Dance Championships,wsdc-68,snap_20260913T050503Z_1dc9d7a88150,swingdancecouncil,2010-11-25,registry,2010
month,,2010-11-virginia-state-open,2010-11,held,"[""registry""]",Virginia State Open,wsdc-70,snap_20260911T171525Z_1256dfd978c2,wsdc_registry,,registry,2010
day,2010-12-05,2010-12-chico-dance-sensation,2010-12,held,"[""registry"", ""swingdancecouncil""]",Chico Dance Sensation,wsdc-126,snap_20260913T050503Z_1dc9d7a88150,swingdancecouncil,2010-12-02,registry,2010
month,,2011-01-americas-classic,2011-01,held,"[""registry""]",Americas Classic,wsdc-67,snap_20260911T171223Z_a45b4067f9dd,wsdc_registry,,registry,2011
month,,2011-01-floorplay-new-years-swing-vacation,2011-01,held,"[""registry""]",Floorplay New Years Swing Vacation,wsdc-42,snap_20260911T175227Z_ef329a3334ba,wsdc_registry,,registry,2011
month,,2011-01-monterey-swingfest,2011-01,held,"[""registry""]",Monterey SwingFest,wsdc-62,snap_20260911T171706Z_ea7d619568bd,wsdc_registry,,registry,2011
month,,2011-01-new-year-s-dance-camp,2011-01,held,"[""registry""]",New Year's Dance Camp,wsdc-37,snap_20260911T171650Z_307efbe1714d,wsdc_registry,,registry,2011
month,,2011-01-new-year-s-dancin-eve,2011-01,held,"[""registry""]",New Year's Dancin' Eve,wsdc-139,snap_20260911T171633Z_7f80456975ca,wsdc_registry,,registry,2011
month,,2011-02-best-of-the-best,2011-02,held,"[""registry""]",Best of the Best,wsdc-167,snap_20260911T171830Z_1238aa656dc0,wsdc_registry,,registry,2011
month,,2011-02-capital-swing-dance-convention,2011-02,held,"[""registry""]",Capital Swing Dance Convention,wsdc-12,snap_20260911T171935Z_5d5109af7586,wsdc_registry,,registry,2011
month,,2011-02-dance-camp-chicago,2011-02,held,"[""registry""]",Dance Camp Chicago,wsdc-169,snap_20260911T172138Z_6af55c2f551d,wsdc_registry,,registry,2011
month,,2011-02-scottish-wcs-dance-championships,2011-02,held,"[""registry""]",Scottish WCS Dance Championships,wsdc-168,snap_20260911T171820Z_62adcb2200cd,wsdc_registry,,registry,2011
month,,2011-02-toronto-international-swing-dance,2011-02,held,"[""registry""]",Toronto International Swing Dance,wsdc-171,snap_20260911T172359Z_32565b3b7d70,wsdc_registry,,registry,2011
month,,2011-03-boston-tea-party,2011-03,held,"[""registry""]",Boston Tea Party,wsdc-9,snap_20260911T175056Z_ef8713eef7bb,wsdc_registry,,registry,2011
month,,2011-03-high-desert-dance-classic,2011-03,held,"[""registry""]",High Desert Dance Classic,wsdc-143,snap_20260911T171955Z_c46bcef0b6bc,wsdc_registry,,registry,2011
month,,2011-03-mid-atlantic-dance-jam,2011-03,held,"[""registry""]",Mid-Atlantic Dance Jam,wsdc-92,snap_20260911T172052Z_c5f2acd9061e,wsdc_registry,,registry,2011
month,,2011-03-novice-invitational,2011-03,held,"[""registry""]",Novice Invitational,wsdc-153,snap_20260911T172132Z_ddbcdab32b04,wsdc_registry,,registry,2011
month,,2011-03-the-chicago-classic,2011-03,held,"[""registry""]",The Chicago Classic,wsdc-142,snap_20260911T172120Z_82c69dc8f0a2,wsdc_registry,,registry,2011
month,,2011-04-international-hustle-salsa-congress,2011-04,held,"[""registry""]",International Hustle & Salsa Congress,wsdc-172,snap_20260911T175227Z_ef329a3334ba,wsdc_registry,,registry,2011
month,,2011-04-los-angeles-premiere-dance-classic,2011-04,held,"[""registry""]",Los Angeles Premiere Dance Classic,wsdc-104,snap_20260911T172257Z_0a9cf862d47d,wsdc_registry,,registry,2011
month,,2011-04-reno-dance-sensation,2011-04,held,"[""registry""]",Reno Dance Sensation,wsdc-91,snap_20260911T172523Z_58034b627efe,wsdc_registry,,registry,2011
month,,2011-04-russian-open-wcs-championships,2011-04,held,"[""registry""]",Russian Open WCS Championships,wsdc-170,snap_20260911T172212Z_4e20ee77cb38,wsdc_registry,,registry,2011
month,,2011-04-seattle-s-easter-swing,2011-04,held,"[""registry""]",Seattle's Easter Swing,wsdc-18,snap_20260911T175120Z_ba112dbefff8,wsdc_registry,,registry,2011
month,,2011-04-tulsa-spring-swing,2011-04,held,"[""registry""]",Tulsa Spring Swing,wsdc-132,snap_20260911T172442Z_65cdd79cb717,wsdc_registry,,registry,2011
month,,2011-04-uk-wcs-dance-championships,2011-04,held,"[""registry""]",UK WCS Dance Championships,wsdc-154,snap_20260911T173657Z_8d66c8453efb,wsdc_registry,,registry,2011
month,,2011-04-usa-jack-jill-championships,2011-04,held,"[""registry""]",USA Jack & Jill Championships,wsdc-161,snap_20260911T172722Z_b6540ce53db2,wsdc_registry,,registry,2011
month,,2011-05-austrian-open,2011-05,held,"[""registry""]",Austrian Open,wsdc-173,snap_20260911T172716Z_00129d4f71cb,wsdc_registry,,registry,2011
month,,2011-05-canadian-swing-championships,2011-05,held,"[""registry""]",Canadian Swing Championships,wsdc-105,snap_20260911T173008Z_1549153c05b8,wsdc_registry,,registry,2011
month,,2011-05-dfw-pro-am-jam,2011-05,held,"[""registry""]",DFW Pro Am Jam,wsdc-163,snap_20260911T172440Z_6a400e4a1a60,wsdc_registry,,registry,2011
month,,2011-05-frezno-dance-classic,2011-05,held,"[""registry""]",FreZno Dance Classic,wsdc-20,snap_20260911T172519Z_be95a02a032a,wsdc_registry,,registry,2011
month,,2011-05-swing-dance-america,2011-05,held,"[""registry""]",Swing Dance America,wsdc-134,snap_20260911T172529Z_1d9b44f0ffcd,wsdc_registry,,registry,2011
month,,2011-05-swingapalooza,2011-05,held,"[""registry""]",Swingapalooza,wsdc-162,snap_20260911T172720Z_0f1ed39747b4,wsdc_registry,,registry,2011
month,,2011-05-swingdiego,2011-05,held,"[""registry""]",SwingDiego,wsdc-61,snap_20260911T172549Z_19524d7a624f,wsdc_registry,,registry,2011
month,,2011-05-swingin-into-spring,2011-05,held,"[""registry""]",Swingin' Into Spring,wsdc-144,snap_20260911T172630Z_9b926132aab9,wsdc_registry,,registry,2011
month,,2011-05-swingsation,2011-05,held,"[""registry""]",Swingsation,wsdc-174,snap_20260911T172754Z_57cd82f6f0d1,wsdc_registry,,registry,2011
month,,2011-05-usa-grand-nationals,2011-05,held,"[""registry""]",USA Grand Nationals,wsdc-22,snap_20260911T172553Z_057a37fc3b03,wsdc_registry,,registry,2011
month,,2011-06-colorado-country-classic,2011-06,held,"[""registry""]",Colorado Country Classic,wsdc-109,snap_20260911T173717Z_75835524b90f,wsdc_registry,,registry,2011
month,,2011-06-french-open-west-coast-swing,2011-06,held,"[""registry""]",French Open West Coast Swing,wsdc-175,snap_20260911T172909Z_e2e6b424ade1,wsdc_registry,,registry,2011
month,,2011-06-j-j-o-rama,2011-06,held,"[""registry""]",J&J O'Rama,wsdc-25,snap_20260911T172919Z_9fa4255454ba,wsdc_registry,,registry,2011
month,,2011-06-liberty-swing-dance-championships,2011-06,held,"[""registry""]",Liberty Swing Dance Championships,wsdc-96,snap_20260911T173038Z_57bf596af3cf,wsdc_registry,,registry,2011
month,,2011-06-michigan-dance-classic,2011-06,held,"[""registry""]",Michigan Dance Classic,wsdc-76,snap_20260911T173010Z_767962864a82,wsdc_registry,,registry,2011
month,,2011-06-orange-blossom-dance-festival,2011-06,held,"[""registry""]",Orange Blossom Dance Festival,wsdc-117,snap_20260911T172911Z_948b8586472d,wsdc_registry,,registry,2011
month,,2011-07-big-apple-dance-festival-world-hustle-championships,2011-07,held,"[""registry""]",Big Apple Dance Festival/World Hustle Championships,wsdc-156,snap_20260911T173040Z_c55d87ad3a93,wsdc_registry,,registry,2011
month,,2011-07-boston-dance-challenge,2011-07,held,"[""registry""]",Boston Dance Challenge,wsdc-146,snap_20260911T173313Z_12399070bb06,wsdc_registry,,registry,2011
month,,2011-07-florida-dance-magic,2011-07,held,"[""registry""]",Florida Dance Magic,wsdc-149,snap_20260911T181735Z_08b26ec5b5c2,wsdc_registry,,registry,2011
day,2011-07-17,2011-07-new-orleans-dance-mardi-gras,2011-07,held,"[""registry"", ""swingdancecouncil""]",New Orleans Dance Mardi Gras,wsdc-148,snap_20260913T050513Z_91f15ae62698,swingdancecouncil,2011-07-14,registry,2011
month,,2011-07-of-july-convention,2011-07,held,"[""registry""]",4TH of July Convention,wsdc-1,snap_20260911T173102Z_0a5685a255eb,wsdc_registry,,registry,2011
month,,2011-07-portland-dance-festival,2011-07,held,"[""registry""]",Portland Dance Festival,wsdc-44,snap_20260911T173150Z_760e9dc14a84,wsdc_registry,,registry,2011
month,,2011-07-swingtime-in-the-rockies,2011-07,held,"[""registry""]",Swingtime in the Rockies,wsdc-47,snap_20260911T173253Z_424d69ca135e,wsdc_registry,,registry,2011
month,,2011-07-the-city-of-light,2011-07,held,"[""registry""]",The City of Light,wsdc-155,snap_20260911T173122Z_803c0bddaed8,wsdc_registry,,registry,2011
day,2011-07-24,2011-07-toronto-open-swing-hustle-championships,2011-07,held,"[""registry"", ""swingdancecouncil""]",Toronto Open Swing & Hustle Championships,wsdc-147,snap_20260913T050523Z_599faad414ce,swingdancecouncil,2011-07-22,registry,2011
month,,2011-07-wisconsin-dance-challenge-midwest-area-swing-dance-challenge,2011-07,held,"[""registry""]",Wisconsin Dance Challenge/Midwest Area Swing Dance Challenge,wsdc-84,snap_20260911T173221Z_dcf2df67324c,wsdc_registry,,registry,2011
month,,2011-07-world-swing-dance-championships,2011-07,held,"[""registry""]",World Swing Dance Championships,wsdc-73,snap_20260911T173048Z_58bdcf515da9,wsdc_registry,,registry,2011
day,2011-08-07,2011-08-arizona-dance-classic,2011-08,held,"[""registry"", ""swingdancecouncil""]",Arizona Dance Classic,wsdc-77,snap_20260913T050523Z_599faad414ce,swingdancecouncil,2011-08-05,registry,2011
day,2011-08-23,2011-08-chicagoland-country-swing-dance-festival,2011-08,listed,"[""swingdancecouncil""]",Chicagoland Country & Swing Dance Festival,wsdc-99,snap_20260913T050523Z_599faad414ce,swingdancecouncil,2011-08-21,registry,2011
month,,2011-08-chicagoland-dance-festival,2011-08,held,"[""registry""]",Chicagoland Dance Festival,wsdc-119,snap_20260911T173603Z_d8094707d38d,wsdc_registry,,registry,2011
day,2011-08-07,2011-08-grand-prix-of-swing,2011-08,held,"[""registry"", ""swingdancecouncil""]",Grand Prix of Swing,wsdc-97,snap_20260913T050523Z_599faad414ce,swingdancecouncil,2011-08-04,registry,2011
month,,2011-08-lone-star-invitational,2011-08,held,"[""registry"", ""swingdancecouncil""]",Lone Star Invitational,wsdc-120,snap_20260913T050523Z_599faad414ce,swingdancecouncil,,registry,2011
day,2011-08-14,2011-08-new-england-dance-festival,2011-08,held,"[""registry"", ""swingdancecouncil""]",New England Dance Festival,wsdc-157,snap_20260913T050523Z_599faad414ce,swingdancecouncil,2011-08-11,registry,2011
day,2011-08-06,2011-08-sea-sun-and-swing,2011-08,held,"[""registry"", ""swingdancecouncil""]",Sea Sun and Swing,wsdc-164,snap_20260913T050523Z_599faad414ce,swingdancecouncil,2011-07-30,registry,2011
day,2011-08-28,2011-08-summer-hummer,2011-08,held,"[""registry"", ""swingdancecouncil""]",Summer Hummer,wsdc-53,snap_20260913T050523Z_599faad414ce,swingdancecouncil,2011-08-25,registry,2011
day,2011-08-07,2011-08-swing-fling,2011-08,held,"[""registry"", ""swingdancecouncil""]",Swing Fling,wsdc-59,snap_20260913T050523Z_599faad414ce,swingdancecouncil,2011-08-04,registry,2011
month,,2011-08-world-swing-masters,2011-08,held,"[""registry""]",World Swing Masters,wsdc-159,snap_20260911T173516Z_6c1c362ee4af,wsdc_registry,,registry,2011
day,2011-09-25,2011-09-bridgetown-swing-boogie,2011-09,held,"[""registry"", ""swingdancecouncil""]",Bridgetown Swing Boogie,wsdc-10,snap_20260913T050523Z_599faad414ce,swingdancecouncil,2011-09-22,registry,2011
day,2011-09-04,2011-09-dallas-d-a-n-c-e,2011-09,held,"[""registry"", ""swingdancecouncil""]",Dallas D.A.N.C.E.,wsdc-15,snap_20260913T050523Z_599faad414ce,swingdancecouncil,2011-09-01,registry,2011
day,2011-09-11,2011-09-desert-city-swing,2011-09,held,"[""registry"", ""swingdancecouncil""]",Desert City Swing,wsdc-135,snap_20260913T050523Z_599faad414ce,swingdancecouncil,2011-09-09,registry,2011
day,2011-09-25,2011-09-meet-me-in-st-louis,2011-09,held,"[""registry"", ""swingdancecouncil""]",Meet Me In St Louis,wsdc-131,snap_20260913T050523Z_599faad414ce,swingdancecouncil,2011-09-22,registry,2011
month,,2011-09-palm-springs-summer-dance-classic,2011-09,held,"[""registry""]",Palm Springs Summer Dance Classic,wsdc-51,snap_20260911T173538Z_3e80f9dc957a,wsdc_registry,,registry,2011
month,,2011-09-river-city-swing,2011-09,held,"[""registry""]",River City Swing,wsdc-177,snap_20260911T173802Z_b36cb732758a,wsdc_registry,,registry,2011
month,,2011-09-south-bay-cw-dance-festival,2011-09,held,"[""registry"", ""swingdancecouncil""]",South Bay CW Dance Festival,wsdc-48,snap_20260913T050523Z_599faad414ce,swingdancecouncil,,registry,2011
day,2011-09-25,2011-09-swing-niagara-dance-championships,2011-09,held,"[""registry"", ""swingdancecouncil""]",Swing Niagara Dance Championships,wsdc-95,snap_20260913T050523Z_599faad414ce,swingdancecouncil,2011-09-22,registry,2011
month,,2011-10-australian-open-swing-dance-championships,2011-10,held,"[""registry""]",Australian Open Swing Dance Championships,wsdc-180,snap_20260911T174150Z_0fac5f75b0c5,wsdc_registry,,registry,2011
day,2011-10-09,2011-10-boogie-by-the-bay,2011-10,held,"[""registry"", ""swingdancecouncil""]",Boogie By The Bay,wsdc-8,snap_20260913T050533Z_9b70788c5a8a,swingdancecouncil,2011-10-06,registry,2011
day,2011-10-30,2011-10-halloween-swingthing,2011-10,held,"[""registry"", ""swingdancecouncil""]",Halloween SwingThing,wsdc-65,snap_20260913T050533Z_9b70788c5a8a,swingdancecouncil,2011-10-27,registry,2011
day,2011-10-02,2011-10-midland-swing-open,2011-10,held,"[""registry"", ""swingdancecouncil""]",Midland Swing Open,wsdc-165,snap_20260913T050523Z_599faad414ce,swingdancecouncil,2011-09-30,registry,2011
day,2011-10-16,2011-10-montreal-wcs-fest,2011-10,held,"[""registry"", ""swingdancecouncil""]",Montreal WCS Fest,wsdc-178,snap_20260913T050533Z_9b70788c5a8a,swingdancecouncil,2011-10-13,registry,2011
month,,2011-10-new-zealand-open-swing-dance-championships,2011-10,held,"[""registry""]",New Zealand Open Swing Dance Championships,wsdc-179,snap_20260911T174054Z_a124685cfd39,wsdc_registry,,registry,2011
day,2011-10-16,2011-10-paradise-country-dance-festival,2011-10,held,"[""registry"", ""swingdancecouncil""]",Paradise Country Dance Festival,wsdc-43,snap_20260913T050533Z_9b70788c5a8a,swingdancecouncil,2011-10-14,registry,2011
month,,2011-10-sea-to-sky,2011-10,held,"[""registry""]",Sea to Sky,wsdc-79,snap_20260911T174003Z_2b719c37720a,wsdc_registry,,registry,2011
day,2011-10-30,2011-10-swing-city-chicago,2011-10,held,"[""registry"", ""swingdancecouncil""]",Swing City Chicago,wsdc-125,snap_20260913T050533Z_9b70788c5a8a,swingdancecouncil,2011-10-27,registry,2011
day,2011-11-27,2011-11-c-a-s-h-bash-weekend,2011-11,held,"[""registry"", ""swingdancecouncil""]",C.A.S.H. Bash Weekend,wsdc-87,snap_20260913T050543Z_7c61405112ac,swingdancecouncil,2011-11-25,registry,2011
day,2011-11-20,2011-11-dc-swing-experience,2011-11,held,"[""registry"", ""swingdancecouncil""]",DC Swing eXperience,wsdc-181,snap_20260913T050543Z_7c61405112ac,swingdancecouncil,2011-11-17,registry,2011
day,2011-11-21,2011-11-london-swingvitational,2011-11,held,"[""registry"", ""swingdancecouncil""]",London SWINGvitational,wsdc-166,snap_20260913T050543Z_7c61405112ac,swingdancecouncil,2011-11-18,registry,2011
day,2011-11-06,2011-11-mountain-magic,2011-11,held,"[""registry"", ""swingdancecouncil""]",Mountain Magic,wsdc-31,snap_20260913T050543Z_7c61405112ac,swingdancecouncil,2011-11-03,registry,2011
day,2011-11-27,2011-11-sunshine-state-dance-challenge,2011-11,held,"[""registry"", ""swingdancecouncil""]",Sunshine State Dance Challenge,wsdc-151,snap_20260913T050543Z_7c61405112ac,swingdancecouncil,2011-11-24,registry,2011
day,2011-11-13,2011-11-swingin-new-england-dance-festival,2011-11,held,"[""registry"", ""swingdancecouncil""]",Swingin' New England Dance Festival,wsdc-63,snap_20260913T050543Z_7c61405112ac,swingdancecouncil,2011-11-11,registry,2011
day,2011-11-13,2011-11-tampa-bay-classic,2011-11,held,"[""registry"", ""swingdancecouncil""]",Tampa Bay Classic,wsdc-137,snap_20260913T050543Z_7c61405112ac,swingdancecouncil,2011-11-10,registry,2011
day,2011-11-27,2011-11-us-open-swing-dance-championships,2011-11,held,"[""registry"", ""swingdancecouncil""]",US Open Swing Dance Championships,wsdc-68,snap_20260913T050543Z_7c61405112ac,swingdancecouncil,2011-11-24,registry,2011
day,2011-11-20,2011-11-virginia-state-open,2011-11,listed,"[""swingdancecouncil""]",Virginia State Open,wsdc-70,snap_20260913T050523Z_599faad414ce,swingdancecouncil,2011-11-17,registry,2011
day,2011-12-04,2011-12-chico-dance-sensation,2011-12,held,"[""registry"", ""swingdancecouncil""]",Chico Dance Sensation,wsdc-126,snap_20260913T050543Z_7c61405112ac,swingdancecouncil,2011-12-01,registry,2011
month,,2012-01-americas-classic,2012-01,held,"[""registry""]",Americas Classic,wsdc-67,snap_20260911T174603Z_802bf4fdd8be,wsdc_registry,,registry,2012
day,2012-01-29,2012-01-best-of-the-best,2012-01,held,"[""registry"", ""swingdancecouncil""]",Best of the Best,wsdc-167,snap_20260913T050613Z_a7106c385749,swingdancecouncil,2012-01-26,registry,2012
month,,2012-01-budafest-open-wcs-championships,2012-01,held,"[""registry""]",BudaFest Open WCS Championships,wsdc-184,snap_20260911T174800Z_46cfbf039225,wsdc_registry,,registry,2012
day,2012-01-07,2012-01-country-dance-world-championships,2012-01,listed,"[""swingdancecouncil""]",Country Dance World Championships,wsdc-75,snap_20260913T050603Z_94f4a330dd97,swingdancecouncil,2011-12-30,registry,2012
month,,2012-01-floorplay-new-years-swing-vacation,2012-01,held,"[""registry""]",Floorplay New Years Swing Vacation,wsdc-42,snap_20260911T174617Z_b08440fa03cc,wsdc_registry,,registry,2012
day,2012-01-29,2012-01-freedom-swing-dance-challenge,2012-01,held,"[""registry"", ""swingdancecouncil""]",Freedom Swing Dance Challenge,wsdc-183,snap_20260913T050613Z_a7106c385749,swingdancecouncil,2012-01-27,registry,2012
day,2012-01-16,2012-01-monterey-swingfest,2012-01,held,"[""registry"", ""swingdancecouncil""]",Monterey SwingFest,wsdc-62,snap_20260913T050613Z_a7106c385749,swingdancecouncil,2012-01-12,registry,2012
month,,2012-01-new-year-s-dance-camp,2012-01,held,"[""registry""]",New Year's Dance Camp,wsdc-37,snap_20260911T174502Z_2d00539aaead,wsdc_registry,,registry,2012
month,,2012-01-new-year-s-dance-extravaganza,2012-01,held,"[""registry""]",New Year's Dance Extravaganza,wsdc-39,snap_20260911T174415Z_1c2dc797bc9e,wsdc_registry,,registry,2012
month,,2012-01-spotlight-dance-challenge,2012-01,held,"[""registry""]",Spotlight Dance Challenge,wsdc-141,snap_20260911T174524Z_86da118bfbb4,wsdc_registry,,registry,2012
day,2012-01-22,2012-01-swingcouver,2012-01,listed,"[""swingdancecouncil""]",SwingCouver,wsdc-196,snap_20260913T050553Z_63f77fe501d5,swingdancecouncil,2012-01-19,trial,2012
month,,2012-01-worlds-ucwdc,2012-01,held,"[""registry""]",Worlds UCWDC,wsdc-152,snap_20260911T184449Z_68bc18662b06,wsdc_registry,,registry,2012
month,,2012-02-capital-swing-dance-convention,2012-02,held,"[""registry""]",Capital Swing Dance Convention,wsdc-12,snap_20260911T175034Z_9222bed22407,wsdc_registry,,registry,2012
day,2012-02-26,2012-02-dance-camp-chicago,2012-02,held,"[""registry"", ""swingdancecouncil""]",Dance Camp Chicago,wsdc-169,snap_20260913T050613Z_a7106c385749,swingdancecouncil,2012-02-24,registry,2012
day,2012-02-13,2012-02-scottish-wcs-dance-championships,2012-02,held,"[""registry"", ""swingdancecouncil""]",Scottish WCS Dance Championships,wsdc-168,snap_20260913T050613Z_a7106c385749,swingdancecouncil,2012-02-10,registry,2012
day,2012-02-05,2012-02-sweetheart-swing-classic,2012-02,held,"[""registry"", ""swingdancecouncil""]",Sweetheart Swing Classic,wsdc-185,snap_20260913T050613Z_a7106c385749,swingdancecouncil,2012-02-03,registry,2012
day,2012-03-25,2012-03-boston-tea-party,2012-03,held,"[""registry"", ""swingdancecouncil""]",Boston Tea Party,wsdc-9,snap_20260913T050613Z_a7106c385749,swingdancecouncil,2012-03-22,registry,2012
month,,2012-03-chicago-classic,2012-03,held,"[""registry""]",Chicago Classic,wsdc-13,snap_20260911T174931Z_5df7d79ea363,wsdc_registry,,registry,2012
day,2012-03-11,2012-03-high-desert-dance-classic,2012-03,held,"[""registry"", ""swingdancecouncil""]",High Desert Dance Classic,wsdc-143,snap_20260913T050613Z_a7106c385749,swingdancecouncil,2012-03-09,registry,2012
day,2012-03-04,2012-03-mid-atlantic-dance-jam,2012-03,held,"[""registry"", ""swingdancecouncil""]",Mid-Atlantic Dance Jam,wsdc-92,snap_20260913T050613Z_a7106c385749,swingdancecouncil,2012-03-01,registry,2012
day,2012-03-18,2012-03-novice-invitational,2012-03,held,"[""registry"", ""swingdancecouncil""]",Novice Invitational,wsdc-153,snap_20260913T050613Z_a7106c385749,swingdancecouncil,2012-03-16,registry,2012
day,2012-03-25,2012-03-russian-open-wcs-championships,2012-03,held,"[""registry"", ""swingdancecouncil""]",Russian Open WCS Championships,wsdc-170,snap_20260913T050613Z_a7106c385749,swingdancecouncil,2012-03-23,registry,2012
day,2012-03-11,2012-03-the-chicago-classic,2012-03,listed,"[""swingdancecouncil""]",The Chicago Classic,wsdc-142,snap_20260913T050613Z_a7106c385749,swingdancecouncil,2012-03-09,registry,2012
day,2012-03-18,2012-03-west-in-lyon,2012-03,held,"[""registry"", ""swingdancecouncil""]",West In Lyon,wsdc-186,snap_20260913T050613Z_a7106c385749,swingdancecouncil,2012-03-16,registry,2012
day,2012-04-22,2012-04-austin-swing-dance-championships,2012-04,listed,"[""swingdancecouncil""]",Austin Swing Dance Championships,wsdc-200,snap_20260913T050623Z_d97f842d3cbc,swingdancecouncil,2012-04-20,trial,2012
month,,2012-04-city-of-angels,2012-04,held,"[""registry""]",City of Angels,wsdc-187,snap_20260911T175118Z_0071250121b8,wsdc_registry,,registry,2012
day,2012-04-22,2012-04-detonation-dance,2012-04,listed,"[""swingdancecouncil""]",Detonation Dance,wsdc-203,snap_20260913T050623Z_d97f842d3cbc,swingdancecouncil,2012-04-20,trial,2012
month,,2012-04-international-hustle-salsa-congress,2012-04,held,"[""registry""]",International Hustle & Salsa Congress,wsdc-172,snap_20260911T175231Z_3e5624ba8d0d,wsdc_registry,,registry,2012
day,2012-04-15,2012-04-san-francisco-dance-sensation,2012-04,listed,"[""swingdancecouncil""]",San Francisco Dance Sensation,wsdc-199,snap_20260913T050613Z_a7106c385749,swingdancecouncil,2012-04-12,registry,2012
month,,2012-04-seattle-s-easter-swing,2012-04,held,"[""registry""]",Seattle's Easter Swing,wsdc-18,snap_20260911T175159Z_eb610a9ce90e,wsdc_registry,,registry,2012
day,2012-04-29,2012-04-swing-dance-america,2012-04,held,"[""registry"", ""swingdancecouncil""]",Swing Dance America,wsdc-134,snap_20260913T050633Z_04b39eb0707f,swingdancecouncil,2012-04-26,registry,2012
day,2012-04-08,2012-04-tulsa-spring-swing,2012-04,held,"[""registry"", ""swingdancecouncil""]",Tulsa Spring Swing,wsdc-132,snap_20260913T050613Z_a7106c385749,swingdancecouncil,2012-04-05,registry,2012
day,2012-04-02,2012-04-u-k-european-wcs-championships,2012-04,listed,"[""swingdancecouncil""]",U.K. & European WCS Championships,wsdc-198,snap_20260913T050613Z_a7106c385749,swingdancecouncil,2012-03-30,registry,2012
month,,2012-04-uk-wcs-dance-championships,2012-04,held,"[""registry""]",UK WCS Dance Championships,wsdc-154,snap_20260911T175251Z_2529f7752f12,wsdc_registry,,registry,2012
day,2012-05-21,2012-05-canadian-swing-championships,2012-05,held,"[""registry"", ""swingdancecouncil""]",Canadian Swing Championships,wsdc-105,snap_20260913T050633Z_04b39eb0707f,swingdancecouncil,2012-05-18,registry,2012
month,,2012-05-dfw-pro-am-jam,2012-05,held,"[""registry""]",DFW Pro Am Jam,wsdc-163,snap_20260911T175740Z_6472a7b9fee8,wsdc_registry,,registry,2012
day,2012-05-20,2012-05-french-open-west-coast-swing,2012-05,held,"[""registry"", ""swingdancecouncil""]",French Open West Coast Swing,wsdc-175,snap_20260913T050633Z_04b39eb0707f,swingdancecouncil,2012-05-17,registry,2012
day,2012-05-28,2012-05-frezno-dance-classic,2012-05,held,"[""registry"", ""swingdancecouncil""]",FreZno Dance Classic,wsdc-20,snap_20260913T050633Z_04b39eb0707f,swingdancecouncil,2012-05-24,registry,2012
day,2012-05-06,2012-05-swingapalooza,2012-05,held,"[""registry"", ""swingdancecouncil""]",Swingapalooza,wsdc-162,snap_20260913T050633Z_04b39eb0707f,swingdancecouncil,2012-05-04,registry,2012
day,2012-05-13,2012-05-swingdiego,2012-05,held,"[""registry"", ""swingdancecouncil""]",SwingDiego,wsdc-61,snap_20260913T050633Z_04b39eb0707f,swingdancecouncil,2012-05-10,registry,2012
day,2012-05-06,2012-05-swingin-into-spring,2012-05,held,"[""registry"", ""swingdancecouncil""]",Swingin' Into Spring,wsdc-144,snap_20260913T050633Z_04b39eb0707f,swingdancecouncil,2012-05-03,registry,2012
day,2012-05-20,2012-05-swingsation,2012-05,held,"[""registry"", ""swingdancecouncil""]",Swingsation,wsdc-174,snap_20260913T050633Z_04b39eb0707f,swingdancecouncil,2012-05-18,registry,2012
day,2012-05-20,2012-05-the-texas-classic,2012-05,held,"[""registry"", ""swingdancecouncil""]",The Texas Classic,wsdc-121,snap_20260913T050633Z_04b39eb0707f,swingdancecouncil,2012-05-17,registry,2012
month,,2012-05-usa-grand-nationals,2012-05,held,"[""registry""]",USA Grand Nationals,wsdc-22,snap_20260911T184449Z_68bc18662b06,wsdc_registry,,registry,2012
day,2012-06-24,2012-06-colorado-country-classic,2012-06,held,"[""registry"", ""swingdancecouncil""]",Colorado Country Classic,wsdc-109,snap_20260913T050633Z_04b39eb0707f,swingdancecouncil,2012-06-21,registry,2012
day,2012-06-17,2012-06-j-j-o-rama,2012-06,held,"[""registry"", ""swingdancecouncil""]",J&J O'Rama,wsdc-25,snap_20260913T050633Z_04b39eb0707f,swingdancecouncil,2012-06-14,registry,2012
month,,2012-06-liberty-swing-dance-championships,2012-06,held,"[""registry""]",Liberty Swing Dance Championships,wsdc-96,snap_20260911T175858Z_bc794535c573,wsdc_registry,,registry,2012
day,2012-06-03,2012-06-michigan-dance-classic,2012-06,held,"[""registry"", ""swingdancecouncil""]",Michigan Dance Classic,wsdc-76,snap_20260913T050633Z_04b39eb0707f,swingdancecouncil,2012-05-31,registry,2012
day,2012-06-10,2012-06-nsw-west-coast-swing-dance-championships,2012-06,held,"[""registry"", ""swingdancecouncil""]",NSW West Coast Swing Dance Championships,wsdc-188,snap_20260913T050633Z_04b39eb0707f,swingdancecouncil,2012-06-08,registry,2012
day,2012-06-12,2012-06-orange-blossom-dance-festival,2012-06,held,"[""registry"", ""swingdancecouncil""]",Orange Blossom Dance Festival,wsdc-117,snap_20260913T050633Z_04b39eb0707f,swingdancecouncil,2012-06-08,registry,2012
month,,2012-07-big-apple-dance-festival,2012-07,held,"[""registry""]",Big Apple Dance Festival,wsdc-156,snap_20260911T180845Z_0e03795612e1,wsdc_registry,,registry,2012
day,2012-07-08,2012-07-boston-dance-challenge,2012-07,held,"[""registry"", ""swingdancecouncil""]",Boston Dance Challenge,wsdc-146,snap_20260913T050643Z_3b5c53c6d4d5,swingdancecouncil,2012-07-05,registry,2012
month,,2012-07-florida-dance-magic,2012-07,held,"[""registry""]",Florida Dance Magic,wsdc-149,snap_20260911T180115Z_b46969f8ee14,wsdc_registry,,registry,2012
day,2012-07-29,2012-07-new-orleans-dance-mardi-gras,2012-07,held,"[""registry"", ""swingdancecouncil""]",New Orleans Dance Mardi Gras,wsdc-148,snap_20260913T050643Z_3b5c53c6d4d5,swingdancecouncil,2012-07-26,registry,2012
month,,2012-07-of-july-convention,2012-07,held,"[""registry""]",4TH of July Convention,wsdc-1,snap_20260911T175949Z_a0f9f23f0109,wsdc_registry,,registry,2012
day,2012-07-15,2012-07-portland-dance-festival,2012-07,held,"[""registry"", ""swingdancecouncil""]",Portland Dance Festival,wsdc-44,snap_20260913T050643Z_3b5c53c6d4d5,swingdancecouncil,2012-07-13,registry,2012
day,2012-07-15,2012-07-sincity-swing,2012-07,listed,"[""swingdancecouncil""]",SinCity Swing,wsdc-209,snap_20260913T050653Z_5cf4ae4e6585,swingdancecouncil,2012-07-12,trial,2012
day,2012-07-08,2012-07-swingin-in-the-valley,2012-07,held,"[""registry"", ""swingdancecouncil""]",Swingin in the Valley,wsdc-189,snap_20260913T050643Z_3b5c53c6d4d5,swingdancecouncil,2012-07-06,registry,2012
month,,2012-07-swingtime-in-the-rockies,2012-07,held,"[""registry""]",Swingtime in the Rockies,wsdc-47,snap_20260911T180043Z_e9c0b009a475,wsdc_registry,,registry,2012
day,2012-07-22,2012-07-toronto-open-swing-hustle-championships,2012-07,held,"[""registry"", ""swingdancecouncil""]",Toronto Open Swing & Hustle Championships,wsdc-147,snap_20260913T050643Z_3b5c53c6d4d5,swingdancecouncil,2012-07-20,registry,2012
month,,2012-07-wisconsin-dance-challenge-midwest-area-swing-dance-challenge,2012-07,held,"[""registry""]",Wisconsin Dance Challenge/Midwest Area Swing Dance Challenge,wsdc-84,snap_20260911T180031Z_b6643cad9228,wsdc_registry,,registry,2012
month,,2012-08-arizona-dance-classic,2012-08,held,"[""registry"", ""swingdancecouncil""]",Arizona Dance Classic,wsdc-77,snap_20260913T050643Z_3b5c53c6d4d5,swingdancecouncil,,registry,2012
day,2012-08-19,2012-08-chicagoland,2012-08,held,"[""registry"", ""swingdancecouncil""]",Chicagoland,wsdc-99,snap_20260913T050643Z_3b5c53c6d4d5,swingdancecouncil,2012-08-17,registry,2012
month,,2012-08-grand-prix-of-swing,2012-08,listed,"[""swingdancecouncil""]",Grand Prix of Swing,wsdc-97,snap_20260913T050643Z_3b5c53c6d4d5,swingdancecouncil,,registry,2012
day,2012-08-12,2012-08-lone-star-invitational,2012-08,held,"[""registry"", ""swingdancecouncil""]",Lone Star Invitational,wsdc-120,snap_20260913T050643Z_3b5c53c6d4d5,swingdancecouncil,2012-08-10,registry,2012
day,2012-08-12,2012-08-new-england-dance-festival,2012-08,held,"[""registry"", ""swingdancecouncil""]",New England Dance Festival,wsdc-157,snap_20260913T050643Z_3b5c53c6d4d5,swingdancecouncil,2012-08-09,registry,2012
month,,2012-08-palm-springs-summer-dance-classic,2012-08,held,"[""registry""]",Palm Springs Summer Dance Classic,wsdc-51,snap_20260911T180435Z_cd6bb92555cc,wsdc_registry,,registry,2012
day,2012-08-10,2012-08-sea-sun-and-swing,2012-08,held,"[""registry"", ""swingdancecouncil""]",Sea Sun and Swing,wsdc-164,snap_20260913T050643Z_3b5c53c6d4d5,swingdancecouncil,2012-07-28,registry,2012
day,2012-08-26,2012-08-summer-hummer,2012-08,held,"[""registry"", ""swingdancecouncil""]",Summer Hummer,wsdc-53,snap_20260913T050703Z_0dc4bfe1a4a1,swingdancecouncil,2012-08-23,registry,2012
day,2012-08-12,2012-08-summer-swing-classic,2012-08,listed,"[""swingdancecouncil""]",Summer Swing Classic,wsdc-228,snap_20260913T050653Z_5cf4ae4e6585,swingdancecouncil,2012-08-10,trial,2012
day,2012-08-05,2012-08-swing-fling,2012-08,held,"[""registry"", ""swingdancecouncil""]",Swing Fling,wsdc-59,snap_20260913T050643Z_3b5c53c6d4d5,swingdancecouncil,2012-08-02,registry,2012
month,,2012-08-world-swing-masters,2012-08,held,"[""registry""]",World Swing Masters,wsdc-159,snap_20260911T180617Z_6d4595a89b5b,wsdc_registry,,registry,2012
month,,2012-09-bridgetown-swing-boogie,2012-09,held,"[""registry""]",Bridgetown Swing Boogie,wsdc-10,snap_20260911T180730Z_d8d1f06e90cb,wsdc_registry,,registry,2012
day,2012-09-02,2012-09-dallas-d-a-n-c-e,2012-09,held,"[""registry"", ""swingdancecouncil""]",Dallas D.A.N.C.E.,wsdc-15,snap_20260913T050703Z_0dc4bfe1a4a1,swingdancecouncil,2012-08-30,registry,2012
day,2012-09-09,2012-09-desert-city-swing,2012-09,held,"[""registry"", ""swingdancecouncil""]",Desert City Swing,wsdc-135,snap_20260913T050703Z_0dc4bfe1a4a1,swingdancecouncil,2012-09-07,registry,2012
day,2012-09-30,2012-09-meet-me-in-st-louis,2012-09,held,"[""registry"", ""swingdancecouncil""]",Meet Me In St Louis,wsdc-131,snap_20260913T050703Z_0dc4bfe1a4a1,swingdancecouncil,2012-09-27,registry,2012
month,,2012-09-midland-swing-open,2012-09,held,"[""registry""]",Midland Swing Open,wsdc-165,snap_20260911T180804Z_35196c56fc54,wsdc_registry,,registry,2012
month,,2012-09-river-city-swing,2012-09,held,"[""registry""]",River City Swing,wsdc-177,snap_20260911T180557Z_0f2f6dbbb53a,wsdc_registry,,registry,2012
day,2012-09-03,2012-09-south-bay-cw-dance-festival,2012-09,held,"[""registry"", ""swingdancecouncil""]",South Bay CW Dance Festival,wsdc-48,snap_20260913T050703Z_0dc4bfe1a4a1,swingdancecouncil,2012-08-30,registry,2012
month,,2012-09-sunny-side-dance-camp,2012-09,held,"[""registry""]",Sunny Side Dance Camp,wsdc-191,snap_20260911T180716Z_b94357acad9c,wsdc_registry,,registry,2012
day,2012-09-23,2012-09-swing-niagara-dance-championships,2012-09,held,"[""registry"", ""swingdancecouncil""]",Swing Niagara Dance Championships,wsdc-95,snap_20260913T050703Z_0dc4bfe1a4a1,swingdancecouncil,2012-09-20,registry,2012
month,,2012-09-vermont-swing-dance-championships,2012-09,held,"[""registry""]",Vermont Swing Dance Championships,wsdc-190,snap_20260911T180642Z_96f0129df174,wsdc_registry,,registry,2012
month,,2012-10-australian-open-swing-dance-championships,2012-10,held,"[""registry""]",Australian Open Swing Dance Championships,wsdc-180,snap_20260911T180955Z_c503e44b0062,wsdc_registry,,registry,2012
day,2012-10-07,2012-10-boogie-by-the-bay,2012-10,held,"[""registry"", ""swingdancecouncil""]",Boogie By The Bay,wsdc-8,snap_20260913T050703Z_0dc4bfe1a4a1,swingdancecouncil,2012-10-04,registry,2012
day,2012-10-28,2012-10-halloween-swingthing,2012-10,held,"[""registry"", ""swingdancecouncil""]",Halloween SwingThing,wsdc-65,snap_20260913T050703Z_0dc4bfe1a4a1,swingdancecouncil,2012-10-25,registry,2012
day,2012-10-01,2012-10-midland-swing-open,2012-10,listed,"[""swingdancecouncil""]",Midland Swing Open,wsdc-165,snap_20260913T050703Z_0dc4bfe1a4a1,swingdancecouncil,2012-09-28,registry,2012
month,,2012-10-montreal-wcs-fest,2012-10,held,"[""registry"", ""swingdancecouncil""]",Montreal WCS Fest,wsdc-178,snap_20260913T050613Z_a7106c385749,swingdancecouncil,,registry,2012
month,,2012-10-new-zealand-open-swing-dance-championships,2012-10,held,"[""registry""]",New Zealand Open Swing Dance Championships,wsdc-179,snap_20260911T180907Z_5daac9e8ccc1,wsdc_registry,,registry,2012
day,2012-10-14,2012-10-paradise-country-dance-festival,2012-10,held,"[""registry"", ""swingdancecouncil""]",Paradise Country Dance Festival,wsdc-43,snap_20260913T050703Z_0dc4bfe1a4a1,swingdancecouncil,2012-10-11,registry,2012
day,2012-10-28,2012-10-swing-city-chicago,2012-10,held,"[""registry"", ""swingdancecouncil""]",Swing City Chicago,wsdc-125,snap_20260913T050703Z_0dc4bfe1a4a1,swingdancecouncil,2012-10-26,registry,2012
day,2012-10-29,2012-10-swing-generation,2012-10,held,"[""registry"", ""swingdancecouncil""]",Swing Generation,wsdc-192,snap_20260913T050703Z_0dc4bfe1a4a1,swingdancecouncil,2012-10-26,registry,2012
day,2012-10-21,2012-10-warsaw-swing,2012-10,held,"[""registry"", ""swingdancecouncil""]",Warsaw Swing,wsdc-193,snap_20260913T050703Z_0dc4bfe1a4a1,swingdancecouncil,2012-10-18,registry,2012
day,2012-11-25,2012-11-c-a-s-h-bash-weekend,2012-11,held,"[""registry"", ""swingdancecouncil""]",C.A.S.H. Bash Weekend,wsdc-87,snap_20260913T050703Z_0dc4bfe1a4a1,swingdancecouncil,2012-11-23,registry,2012
day,2012-11-11,2012-11-dc-swing-experience,2012-11,held,"[""registry"", ""swingdancecouncil""]",DC Swing eXperience,wsdc-181,snap_20260913T050703Z_0dc4bfe1a4a1,swingdancecouncil,2012-11-08,registry,2012
day,2012-11-18,2012-11-london-swingvitational,2012-11,held,"[""registry"", ""swingdancecouncil""]",London SWINGvitational,wsdc-166,snap_20260913T050703Z_0dc4bfe1a4a1,swingdancecouncil,2012-11-16,registry,2012
day,2012-11-05,2012-11-moscow-westie-dance-fest,2012-11,held,"[""registry"", ""swingdancecouncil""]",Moscow Westie Dance Fest,wsdc-194,snap_20260913T050703Z_0dc4bfe1a4a1,swingdancecouncil,2012-11-02,registry,2012
day,2012-11-04,2012-11-mountain-magic,2012-11,held,"[""registry"", ""swingdancecouncil""]",Mountain Magic,wsdc-31,snap_20260913T050703Z_0dc4bfe1a4a1,swingdancecouncil,2012-11-01,registry,2012
month,,2012-11-sea-to-sky,2012-11,held,"[""registry""]",Sea to Sky,wsdc-79,snap_20260911T181458Z_1125c7e958aa,wsdc_registry,,registry,2012
day,2012-11-18,2012-11-swingin-new-england-dance-festival,2012-11,held,"[""registry"", ""swingdancecouncil""]",Swingin' New England Dance Festival,wsdc-63,snap_20260913T050703Z_0dc4bfe1a4a1,swingdancecouncil,2012-11-15,registry,2012
day,2012-11-05,2012-11-tampa-bay-classic,2012-11,held,"[""registry"", ""swingdancecouncil""]",Tampa Bay Classic,wsdc-137,snap_20260913T050703Z_0dc4bfe1a4a1,swingdancecouncil,2012-11-01,registry,2012
day,2012-11-25,2012-11-us-open-swing-dance-championships,2012-11,held,"[""registry"", ""swingdancecouncil""]",US Open Swing Dance Championships,wsdc-68,snap_20260913T050703Z_0dc4bfe1a4a1,swingdancecouncil,2012-11-22,registry,2012
day,2012-11-18,2012-11-virginia-state-open,2012-11,listed,"[""swingdancecouncil""]",Virginia State Open,wsdc-70,snap_20260913T050523Z_599faad414ce,swingdancecouncil,2012-11-15,registry,2012
day,2012-12-02,2012-12-chico-dance-sensation,2012-12,held,"[""registry"", ""swingdancecouncil""]",Chico Dance Sensation,wsdc-126,snap_20260913T050703Z_0dc4bfe1a4a1,swingdancecouncil,2012-11-29,registry,2012
day,2012-12-02,2012-12-sunshine-state-dance-challenge,2012-12,listed,"[""swingdancecouncil""]",Sunshine State Dance Challenge,wsdc-151,snap_20260913T050703Z_0dc4bfe1a4a1,swingdancecouncil,2012-11-30,registry,2012
month,,2013-01-americas-classic,2013-01,held,"[""registry""]",Americas Classic,wsdc-67,snap_20260911T181830Z_ccfee8599dec,wsdc_registry,,registry,2013
day,2013-01-28,2013-01-best-of-the-best,2013-01,held,"[""registry"", ""swingdancecouncil""]",Best of the Best,wsdc-167,snap_20260913T050713Z_532a13011352,swingdancecouncil,2013-01-25,registry,2013
month,,2013-01-budafest-open-wcs-championships,2013-01,held,"[""registry""]",BudaFest Open WCS Championships,wsdc-184,snap_20260911T181936Z_b90d5e7517d5,wsdc_registry,,registry,2013
month,,2013-01-floorplay-new-years-swing-vacation,2013-01,held,"[""registry""]",Floorplay New Years Swing Vacation,wsdc-42,snap_20260911T181741Z_aee6a7b3cf80,wsdc_registry,,registry,2013
day,2013-01-27,2013-01-freedom-swing-dance-challenge,2013-01,held,"[""registry"", ""swingdancecouncil""]",Freedom Swing Dance Challenge,wsdc-183,snap_20260913T050713Z_532a13011352,swingdancecouncil,2013-01-25,registry,2013
day,2013-01-21,2013-01-monterey-swingfest,2013-01,held,"[""registry"", ""swingdancecouncil""]",Monterey SwingFest,wsdc-62,snap_20260913T050713Z_532a13011352,swingdancecouncil,2013-01-17,registry,2013
month,,2013-01-new-year-s-dance-extravaganza,2013-01,held,"[""registry""]",New Year's Dance Extravaganza,wsdc-39,snap_20260911T181655Z_2d220a3fe111,wsdc_registry,,registry,2013
day,2013-01-01,2013-01-new-year-s-swing-fling,2013-01,listed,"[""swingdancecouncil""]",New Year's Swing Fling,wsdc-214,snap_20260913T050724Z_6ddaacedd7ed,swingdancecouncil,2012-12-28,registry,2013
month,,2013-01-palm-springs-new-years-swing-dance-classic,2013-01,held,"[""registry""]",Palm Springs New Years Swing Dance Classic,wsdc-195,snap_20260911T181733Z_8caa1d0c8a1e,wsdc_registry,,registry,2013
month,,2013-01-spotlight-dance-challenge,2013-01,held,"[""registry""]",Spotlight Dance Challenge,wsdc-141,snap_20260911T182041Z_ed640681546f,wsdc_registry,,registry,2013
day,2013-01-27,2013-01-swingcouver,2013-01,held,"[""registry"", ""swingdancecouncil""]",SwingCouver,wsdc-196,snap_20260913T050713Z_532a13011352,swingdancecouncil,2013-01-25,registry,2013
day,2013-01-05,2013-01-worlds-ucwdc,2013-01,held,"[""registry"", ""swingdancecouncil""]",Worlds UCWDC,wsdc-75,snap_20260913T050724Z_6ddaacedd7ed,swingdancecouncil,2012-12-30,registry,2013
month,,2013-02-capital-swing-dance-convention,2013-02,held,"[""registry""]",Capital Swing Dance Convention,wsdc-12,snap_20260911T183626Z_a41c6240f100,wsdc_registry,,registry,2013
day,2013-02-24,2013-02-dance-camp-chicago,2013-02,held,"[""registry"", ""swingdancecouncil""]",Dance Camp Chicago,wsdc-169,snap_20260913T050713Z_532a13011352,swingdancecouncil,2013-02-22,registry,2013
day,2013-02-11,2013-02-scottish-wcs-dance-championships,2013-02,held,"[""registry"", ""swingdancecouncil""]",Scottish WCS Dance Championships,wsdc-168,snap_20260913T050713Z_532a13011352,swingdancecouncil,2013-02-08,registry,2013
day,2013-03-17,2013-03-5280-swing-dance-championships,2013-03,held,"[""registry"", ""swingdancecouncil""]",5280 Swing Dance Championships,wsdc-197,snap_20260913T050713Z_532a13011352,swingdancecouncil,2013-03-14,registry,2013
day,2013-03-24,2013-03-boston-tea-party,2013-03,held,"[""registry"", ""swingdancecouncil""]",Boston Tea Party,wsdc-9,snap_20260913T050713Z_532a13011352,swingdancecouncil,2013-03-21,registry,2013
day,2013-03-10,2013-03-high-desert-dance-classic,2013-03,held,"[""registry"", ""swingdancecouncil""]",High Desert Dance Classic,wsdc-143,snap_20260913T050713Z_532a13011352,swingdancecouncil,2013-03-08,registry,2013
day,2013-03-03,2013-03-mid-atlantic-dance-jam,2013-03,held,"[""registry"", ""swingdancecouncil""]",Mid-Atlantic Dance Jam,wsdc-92,snap_20260913T050713Z_532a13011352,swingdancecouncil,2013-02-28,registry,2013
day,2013-03-17,2013-03-novice-invitational,2013-03,held,"[""registry"", ""swingdancecouncil""]",Novice Invitational,wsdc-153,snap_20260913T050713Z_532a13011352,swingdancecouncil,2013-03-15,registry,2013
day,2013-03-31,2013-03-russian-open-wcs-championships,2013-03,held,"[""registry"", ""swingdancecouncil""]",Russian Open WCS Championships,wsdc-170,snap_20260913T050713Z_532a13011352,swingdancecouncil,2013-03-28,registry,2013
month,,2013-03-seattle-s-easter-swing,2013-03,held,"[""registry""]",Seattle's Easter Swing,wsdc-18,snap_20260911T182634Z_2fc37f334619,wsdc_registry,,registry,2013
day,2013-03-10,2013-03-the-chicago-classic,2013-03,held,"[""registry"", ""swingdancecouncil""]",The Chicago Classic,wsdc-142,snap_20260913T050713Z_532a13011352,swingdancecouncil,2013-03-07,registry,2013
day,2013-03-31,2013-03-tulsa-spring-swing,2013-03,held,"[""registry"", ""swingdancecouncil""]",Tulsa Spring Swing,wsdc-132,snap_20260913T050713Z_532a13011352,swingdancecouncil,2013-03-28,registry,2013
day,2013-03-17,2013-03-west-in-lyon,2013-03,held,"[""registry"", ""swingdancecouncil""]",West In Lyon,wsdc-186,snap_20260913T050713Z_532a13011352,swingdancecouncil,2013-03-15,registry,2013
month,,2013-04-asian-wcs-open-swingvitation,2013-04,held,"[""registry""]",Asian WCS Open Swingvitation,wsdc-202,snap_20260911T182843Z_66af40832e4d,wsdc_registry,,registry,2013
day,2013-04-21,2013-04-austin-swing-dance-championships,2013-04,held,"[""registry"", ""swingdancecouncil""]",Austin Swing Dance Championships,wsdc-200,snap_20260913T050713Z_532a13011352,swingdancecouncil,2013-04-19,registry,2013
month,,2013-04-city-of-angels,2013-04,held,"[""registry""]",City of Angels,wsdc-187,snap_20260911T182645Z_e5bea9fd9947,wsdc_registry,,registry,2013
month,,2013-04-detonation-dance,2013-04,held,"[""registry""]",Detonation Dance ,wsdc-203,snap_20260911T182942Z_475bf97c805d,wsdc_registry,,registry,2013
month,,2013-04-international-hustle-salsa-congress,2013-04,held,"[""registry""]",International Hustle & Salsa Congress,wsdc-172,snap_20260911T183039Z_301c00c7e152,wsdc_registry,,registry,2013
month,,2013-04-midatlantic-dance-classic,2013-04,held,"[""registry""]",MidAtlantic Dance Classic,wsdc-201,snap_20260911T182713Z_86242f1d7410,wsdc_registry,,registry,2013
day,2013-04-14,2013-04-reno-dance-sensation,2013-04,listed,"[""swingdancecouncil""]",Reno Dance Sensation,wsdc-91,snap_20260913T050703Z_0dc4bfe1a4a1,swingdancecouncil,2013-04-11,registry,2013
day,2013-04-14,2013-04-san-francisco-dance-sensation,2013-04,held,"[""registry"", ""swingdancecouncil""]",San Francisco Dance Sensation,wsdc-199,snap_20260913T050713Z_532a13011352,swingdancecouncil,2013-04-11,registry,2013
day,2013-04-29,2013-04-swing-dance-america,2013-04,held,"[""registry"", ""swingdancecouncil""]",Swing Dance America,wsdc-134,snap_20260913T050713Z_532a13011352,swingdancecouncil,2013-04-25,registry,2013
day,2013-04-08,2013-04-uk-european-wcs-championships,2013-04,held,"[""registry"", ""swingdancecouncil""]",UK & European WCS Championships,wsdc-198,snap_20260913T050713Z_532a13011352,swingdancecouncil,2013-04-05,registry,2013
day,2013-05-20,2013-05-canadian-swing-championships,2013-05,held,"[""registry"", ""swingdancecouncil""]",Canadian Swing Championships,wsdc-105,snap_20260913T050713Z_532a13011352,swingdancecouncil,2013-05-17,registry,2013
month,,2013-05-dfw-pro-am-jam,2013-05,held,"[""registry""]",DFW Pro Am Jam,wsdc-163,snap_20260911T183321Z_b37a82711de9,wsdc_registry,,registry,2013
month,,2013-05-french-open-west-coast-swing,2013-05,held,"[""registry""]",French Open West Coast Swing,wsdc-175,snap_20260911T183323Z_2512d23b33d5,wsdc_registry,,registry,2013
day,2013-05-27,2013-05-frezno-dance-classic,2013-05,held,"[""registry"", ""swingdancecouncil""]",FreZno Dance Classic,wsdc-20,snap_20260913T050713Z_532a13011352,swingdancecouncil,2013-05-23,registry,2013
month,,2013-05-soswing,2013-05,held,"[""registry""]",SOswing,wsdc-205,snap_20260911T183135Z_83092ec978a6,wsdc_registry,,registry,2013
month,,2013-05-spring-swing,2013-05,held,"[""registry""]",Spring Swing,wsdc-204,snap_20260911T182956Z_205b4d16a490,wsdc_registry,,registry,2013
day,2013-05-12,2013-05-sweetheart-swing-classic,2013-05,held,"[""registry"", ""swingdancecouncil""]",Sweetheart Swing Classic,wsdc-185,snap_20260913T050713Z_532a13011352,swingdancecouncil,2013-05-09,registry,2013
day,2013-05-05,2013-05-swingapalooza,2013-05,held,"[""registry"", ""swingdancecouncil""]",Swingapalooza,wsdc-162,snap_20260913T050713Z_532a13011352,swingdancecouncil,2013-05-03,registry,2013
day,2013-05-12,2013-05-swingdiego,2013-05,held,"[""registry"", ""swingdancecouncil""]",SwingDiego,wsdc-61,snap_20260913T050713Z_532a13011352,swingdancecouncil,2013-05-09,registry,2013
day,2013-05-05,2013-05-swingin-into-spring,2013-05,held,"[""registry"", ""swingdancecouncil""]",Swingin' Into Spring,wsdc-144,snap_20260913T050713Z_532a13011352,swingdancecouncil,2013-05-02,registry,2013
day,2013-05-19,2013-05-swingsation,2013-05,held,"[""registry"", ""swingdancecouncil""]",Swingsation,wsdc-174,snap_20260913T050713Z_532a13011352,swingdancecouncil,2013-05-17,registry,2013
day,2013-05-19,2013-05-the-texas-classic,2013-05,held,"[""registry"", ""swingdancecouncil""]",The Texas Classic,wsdc-121,snap_20260913T050713Z_532a13011352,swingdancecouncil,2013-05-16,registry,2013
month,,2013-05-usa-grand-nationals,2013-05,held,"[""registry""]",USA Grand Nationals,wsdc-22,snap_20260911T183506Z_ed2e3c523afa,wsdc_registry,,registry,2013
day,2013-06-30,2013-06-colorado-country-classic,2013-06,held,"[""registry"", ""swingdancecouncil""]",Colorado Country Classic,wsdc-109,snap_20260913T050713Z_532a13011352,swingdancecouncil,2013-06-27,registry,2013
month,,2013-06-dance-n-play,2013-06,held,"[""registry""]",Dance N Play,wsdc-207,snap_20260911T183528Z_3e9c1d9e705e,wsdc_registry,,registry,2013
month,,2013-06-hungarian-open,2013-06,held,"[""registry""]",Hungarian Open,wsdc-206,snap_20260911T183351Z_1d0912b6fccf,wsdc_registry,,registry,2013
day,2013-06-09,2013-06-j-j-o-rama,2013-06,held,"[""registry"", ""swingdancecouncil""]",J&J O'Rama,wsdc-25,snap_20260913T050713Z_532a13011352,swingdancecouncil,2013-06-06,registry,2013
month,,2013-06-liberty-swing-dance-championships,2013-06,held,"[""registry""]",Liberty Swing Dance Championships,wsdc-96,snap_20260911T184134Z_7435eac1ef11,wsdc_registry,,registry,2013
day,2013-06-02,2013-06-michigan-dance-classic,2013-06,held,"[""registry"", ""swingdancecouncil""]",Michigan Dance Classic,wsdc-76,snap_20260913T050713Z_532a13011352,swingdancecouncil,2013-05-30,registry,2013
day,2013-06-09,2013-06-nsw-west-coast-swing-dance-championships,2013-06,held,"[""registry"", ""swingdancecouncil""]",NSW West Coast Swing Dance Championships,wsdc-188,snap_20260913T050713Z_532a13011352,swingdancecouncil,2013-06-07,registry,2013
day,2013-06-09,2013-06-orange-blossom-dance-festival,2013-06,held,"[""registry"", ""swingdancecouncil""]",Orange Blossom Dance Festival,wsdc-117,snap_20260913T050713Z_532a13011352,swingdancecouncil,2013-06-07,registry,2013
month,,2013-07-boston-dance-challenge,2013-07,listed,"[""swingdancecouncil""]",Boston Dance Challenge,wsdc-146,snap_20260913T050713Z_532a13011352,swingdancecouncil,,registry,2013
month,,2013-07-florida-dance-magic,2013-07,held,"[""registry""]",Florida Dance Magic,wsdc-149,snap_20260911T183749Z_6721e90c218b,wsdc_registry,,registry,2013
day,2013-07-21,2013-07-new-orleans-dance-mardi-gras,2013-07,held,"[""registry"", ""swingdancecouncil""]",New Orleans Dance Mardi Gras,wsdc-148,snap_20260913T050713Z_532a13011352,swingdancecouncil,2013-07-18,registry,2013
month,,2013-07-of-july-convention,2013-07,held,"[""registry""]",4TH of July Convention,wsdc-1,snap_20260911T183645Z_674b4195bd62,wsdc_registry,,registry,2013
day,2013-07-14,2013-07-portland-dance-festival,2013-07,held,"[""registry"", ""swingdancecouncil""]",Portland Dance Festival,wsdc-44,snap_20260913T050713Z_532a13011352,swingdancecouncil,2013-07-12,registry,2013
day,2013-07-14,2013-07-sincity-swing,2013-07,held,"[""registry"", ""swingdancecouncil""]",SinCity Swing,wsdc-209,snap_20260913T050713Z_532a13011352,swingdancecouncil,2013-07-11,registry,2013
month,,2013-07-swingin-in-the-valley,2013-07,cancelled,"[""swingdancecouncil""]",Swingin In the Valley (ON HIATUS),wsdc-189,snap_20260913T050713Z_532a13011352,swingdancecouncil,,registry,2013
month,,2013-07-swingtime-in-the-rockies,2013-07,held,"[""registry""]",Swingtime in the Rockies,wsdc-47,snap_20260911T183944Z_3dd1d33574a9,wsdc_registry,,registry,2013
day,2013-07-21,2013-07-toronto-open-swing-hustle-championships,2013-07,held,"[""registry"", ""swingdancecouncil""]",Toronto Open Swing & Hustle Championships,wsdc-147,snap_20260913T050713Z_532a13011352,swingdancecouncil,2013-07-19,registry,2013
day,2013-07-07,2013-07-wcs-idb,2013-07,held,"[""registry"", ""swingdancecouncil""]",WCS@IDB,wsdc-208,snap_20260913T050713Z_532a13011352,swingdancecouncil,2013-07-05,registry,2013
month,,2013-08-arizona-dance-classic,2013-08,held,"[""registry"", ""swingdancecouncil""]",Arizona Dance Classic,wsdc-77,snap_20260913T050713Z_532a13011352,swingdancecouncil,,registry,2013
month,,2013-08-chicagoland-country-swing-dance-festival,2013-08,listed,"[""swingdancecouncil""]",Chicagoland Country & Swing Dance Festival,wsdc-99,snap_20260913T050713Z_532a13011352,swingdancecouncil,,registry,2013
month,,2013-08-chicagoland-dance-festival,2013-08,held,"[""registry""]",Chicagoland Dance Festival,wsdc-119,snap_20260911T184027Z_18627bb306c5,wsdc_registry,,registry,2013
month,,2013-08-grand-prix-of-swing,2013-08,listed,"[""swingdancecouncil""]",Grand Prix of Swing,wsdc-97,snap_20260913T050713Z_532a13011352,swingdancecouncil,,registry,2013
day,2013-08-11,2013-08-lone-star-invitational,2013-08,held,"[""registry"", ""swingdancecouncil""]",Lone Star Invitational,wsdc-120,snap_20260913T050713Z_532a13011352,swingdancecouncil,2013-08-09,registry,2013
day,2013-08-11,2013-08-new-england-dance-festival,2013-08,held,"[""registry"", ""swingdancecouncil""]",New England Dance Festival,wsdc-157,snap_20260913T050713Z_532a13011352,swingdancecouncil,2013-08-08,registry,2013
month,,2013-08-palm-springs-summer-dance-classic,2013-08,held,"[""registry""]",Palm Springs Summer Dance Classic,wsdc-51,snap_20260911T184338Z_3313aad051fa,wsdc_registry,,registry,2013
day,2013-08-09,2013-08-sea-sun-and-swing,2013-08,held,"[""registry"", ""swingdancecouncil""]",Sea Sun and Swing,wsdc-164,snap_20260913T050713Z_532a13011352,swingdancecouncil,2013-07-27,registry,2013
day,2013-08-25,2013-08-summer-hummer,2013-08,held,"[""registry"", ""swingdancecouncil""]",Summer Hummer,wsdc-53,snap_20260913T050713Z_532a13011352,swingdancecouncil,2013-08-22,registry,2013
day,2013-08-04,2013-08-swing-fling,2013-08,held,"[""registry"", ""swingdancecouncil""]",Swing Fling,wsdc-59,snap_20260913T050713Z_532a13011352,swingdancecouncil,2013-08-01,registry,2013
day,2013-08-18,2013-08-world-swing-masters,2013-08,held,"[""registry"", ""swingdancecouncil""]",World Swing Masters,wsdc-159,snap_20260913T050713Z_532a13011352,swingdancecouncil,2013-08-16,registry,2013
month,,2013-09-bridgetown-swing-boogie,2013-09,held,"[""registry"", ""swingdancecouncil""]",Bridgetown Swing Boogie,wsdc-10,snap_20260913T050713Z_532a13011352,swingdancecouncil,,registry,2013
day,2013-09-01,2013-09-dallas-d-a-n-c-e,2013-09,held,"[""registry"", ""swingdancecouncil""]",Dallas D.A.N.C.E.,wsdc-15,snap_20260913T050713Z_532a13011352,swingdancecouncil,2013-08-29,registry,2013
day,2013-09-09,2013-09-desert-city-swing,2013-09,held,"[""registry"", ""swingdancecouncil""]",Desert City Swing,wsdc-135,snap_20260913T050713Z_532a13011352,swingdancecouncil,2013-09-05,registry,2013
day,2013-09-29,2013-09-meet-me-in-st-louis,2013-09,held,"[""registry"", ""swingdancecouncil""]",Meet Me In St Louis,wsdc-131,snap_20260913T050724Z_6ddaacedd7ed,swingdancecouncil,2013-09-26,registry,2013
day,2013-09-30,2013-09-midland-swing-open,2013-09,held,"[""registry"", ""swingdancecouncil""]",Midland Swing Open,wsdc-165,snap_20260913T050724Z_6ddaacedd7ed,swingdancecouncil,2013-09-27,registry,2013
day,2013-09-29,2013-09-new-mexico-dance-fiesta,2013-09,held,"[""registry"", ""swingdancecouncil""]",New Mexico Dance Fiesta,wsdc-100,snap_20260913T050724Z_6ddaacedd7ed,swingdancecouncil,2013-09-26,registry,2013
day,2013-09-08,2013-09-river-city-swing,2013-09,held,"[""registry"", ""swingdancecouncil""]",River City Swing,wsdc-177,snap_20260913T050713Z_532a13011352,swingdancecouncil,2013-09-05,registry,2013
day,2013-09-02,2013-09-south-bay-cw-dance-festival,2013-09,held,"[""registry"", ""swingdancecouncil""]",South Bay CW Dance Festival,wsdc-48,snap_20260913T050703Z_0dc4bfe1a4a1,swingdancecouncil,2013-08-29,registry,2013
month,,2013-09-sunny-side-dance-camp,2013-09,held,"[""registry""]",Sunny Side Dance Camp,wsdc-191,snap_20260911T184245Z_1eea0518327d,wsdc_registry,,registry,2013
day,2013-09-23,2013-09-swing-niagara-dance-championships,2013-09,listed,"[""swingdancecouncil""]",Swing Niagara Dance Championships,wsdc-95,snap_20260913T050713Z_532a13011352,swingdancecouncil,2013-09-20,registry,2013
month,,2013-09-vermont-swing-dance-championships,2013-09,held,"[""registry""]",Vermont Swing Dance Championships,wsdc-190,snap_20260911T184336Z_d7e3f6d9b6d5,wsdc_registry,,registry,2013
day,2013-10-20,2013-10-atlanta-swing-classic,2013-10,held,"[""registry"", ""swingdancecouncil""]",Atlanta Swing Classic,wsdc-211,snap_20260913T050724Z_6ddaacedd7ed,swingdancecouncil,2013-10-17,registry,2013
month,,2013-10-australian-open-swing-dance-championships,2013-10,held,"[""registry""]",Australian Open Swing Dance Championships,wsdc-180,snap_20260911T184934Z_22fe7a56d9a0,wsdc_registry,,registry,2013
day,2013-10-13,2013-10-boogie-by-the-bay,2013-10,held,"[""registry"", ""swingdancecouncil""]",Boogie By The Bay,wsdc-8,snap_20260913T050724Z_6ddaacedd7ed,swingdancecouncil,2013-10-10,registry,2013
day,2013-10-27,2013-10-halloween-swingthing,2013-10,held,"[""registry"", ""swingdancecouncil""]",Halloween SwingThing,wsdc-65,snap_20260913T050724Z_6ddaacedd7ed,swingdancecouncil,2013-10-24,registry,2013
month,,2013-10-korean-open-swing-dance-championships,2013-10,held,"[""registry""]",Korean Open Swing Dance Championships,wsdc-210,snap_20260911T184424Z_dd9ed4a1614e,wsdc_registry,,registry,2013
month,,2013-10-montreal-wcs-fest,2013-10,held,"[""registry""]",Montreal WCS Fest,wsdc-178,snap_20260911T184751Z_96f7fddcc256,wsdc_registry,,registry,2013
month,,2013-10-new-zealand-open-swing-dance-championships,2013-10,held,"[""registry""]",New Zealand Open Swing Dance Championships,wsdc-179,snap_20260911T184438Z_2267f1498d71,wsdc_registry,,registry,2013
day,2013-10-20,2013-10-paradise-country-dance-festival,2013-10,held,"[""registry"", ""swingdancecouncil""]",Paradise Country Dance Festival,wsdc-43,snap_20260913T050724Z_6ddaacedd7ed,swingdancecouncil,2013-10-17,registry,2013
day,2013-10-27,2013-10-swing-city-chicago,2013-10,held,"[""registry"", ""swingdancecouncil""]",Swing City Chicago,wsdc-125,snap_20260913T050724Z_6ddaacedd7ed,swingdancecouncil,2013-10-24,registry,2013
month,,2013-10-swing-generation,2013-10,held,"[""registry""]",Swing Generation,wsdc-192,snap_20260911T184551Z_5ebb5216ca1d,wsdc_registry,,registry,2013
day,2013-10-10,2013-10-warsaw-swing,2013-10,held,"[""registry"", ""swingdancecouncil""]",Warsaw Swing,wsdc-193,snap_20260913T050724Z_6ddaacedd7ed,swingdancecouncil,2013-10-06,registry,2013
day,2013-11-17,2013-11-dc-swing-experience,2013-11,held,"[""registry"", ""swingdancecouncil""]",DC Swing eXperience,wsdc-181,snap_20260913T050724Z_6ddaacedd7ed,swingdancecouncil,2013-11-14,registry,2013
day,2013-11-18,2013-11-london-swingvitational,2013-11,held,"[""registry"", ""swingdancecouncil""]",London SWINGvitational,wsdc-166,snap_20260913T050724Z_6ddaacedd7ed,swingdancecouncil,2013-11-15,registry,2013
day,2013-11-04,2013-11-moscow-westie-dance-fest,2013-11,held,"[""registry"", ""swingdancecouncil""]",Moscow Westie Dance Fest,wsdc-194,snap_20260913T050724Z_6ddaacedd7ed,swingdancecouncil,2013-11-01,registry,2013
day,2013-11-03,2013-11-mountain-magic,2013-11,held,"[""registry"", ""swingdancecouncil""]",Mountain Magic,wsdc-31,snap_20260913T050724Z_6ddaacedd7ed,swingdancecouncil,2013-10-31,registry,2013
day,2013-11-10,2013-11-sea-to-sky,2013-11,held,"[""registry"", ""swingdancecouncil""]",Sea to Sky,wsdc-79,snap_20260913T050724Z_6ddaacedd7ed,swingdancecouncil,2013-11-08,registry,2013
day,2013-11-10,2013-11-swingin-new-england-dance-festival,2013-11,held,"[""registry"", ""swingdancecouncil""]",Swingin' New England Dance Festival,wsdc-63,snap_20260913T050724Z_6ddaacedd7ed,swingdancecouncil,2013-11-07,registry,2013
day,2013-11-10,2013-11-tampa-bay-classic,2013-11,held,"[""registry"", ""swingdancecouncil""]",Tampa Bay Classic,wsdc-137,snap_20260913T050724Z_6ddaacedd7ed,swingdancecouncil,2013-11-07,registry,2013
day,2013-12-01,2013-12-c-a-s-h-bash-weekend,2013-12,held,"[""registry"", ""swingdancecouncil""]",C.A.S.H. Bash Weekend,wsdc-87,snap_20260913T050724Z_6ddaacedd7ed,swingdancecouncil,2013-11-29,registry,2013
day,2013-12-08,2013-12-chico-dance-sensation,2013-12,listed,"[""swingdancecouncil""]",Chico Dance Sensation,wsdc-126,snap_20260913T050724Z_6ddaacedd7ed,swingdancecouncil,2013-12-06,registry,2013
month,,2013-12-floorplay-new-years-swing-vacation,2013-12,held,"[""registry""]",Floorplay New Years Swing Vacation,wsdc-42,snap_20260911T185302Z_922f8ff37131,wsdc_registry,,registry,2013
month,,2013-12-new-year-s-dance-extravaganza,2013-12,held,"[""registry""]",New Year's Dance Extravaganza,wsdc-39,snap_20260911T185335Z_1b9aa9978ec9,wsdc_registry,,registry,2013
month,,2013-12-spotlight-dance-challenge,2013-12,held,"[""registry""]",Spotlight Dance Challenge,wsdc-141,snap_20260911T185319Z_306620ba6c45,wsdc_registry,,registry,2013
day,2013-12-15,2013-12-swingtimate,2013-12,held,"[""registry"", ""swingdancecouncil""]",Swingtimate,wsdc-213,snap_20260913T050724Z_6ddaacedd7ed,swingdancecouncil,2013-12-13,registry,2013
month,,2013-12-the-after-party,2013-12,held,"[""registry""]",The After Party,wsdc-212,snap_20260911T184801Z_bef89694bc6b,wsdc_registry,,registry,2013
day,2013-12-01,2013-12-us-open-swing-dance-championships,2013-12,held,"[""registry"", ""swingdancecouncil""]",US Open Swing Dance Championships,wsdc-68,snap_20260913T050724Z_6ddaacedd7ed,swingdancecouncil,2013-11-28,registry,2013
month,,2014-01-americas-classic,2014-01,held,"[""registry""]",Americas Classic,wsdc-67,snap_20260911T185805Z_1fde7f692fae,wsdc_registry,,registry,2014
month,,2014-01-budafest-open-wcs-championships,2014-01,held,"[""registry""]",BudaFest Open WCS Championships,wsdc-184,snap_20260911T185608Z_c3c240e0f7f4,wsdc_registry,,registry,2014
day,2014-01-26,2014-01-freedom-swing-dance-challenge,2014-01,held,"[""registry"", ""swingdancecouncil""]",Freedom Swing Dance Challenge,wsdc-183,snap_20260913T050724Z_6ddaacedd7ed,swingdancecouncil,2014-01-24,registry,2014
day,2014-01-20,2014-01-monterey-swingfest,2014-01,held,"[""registry"", ""swingdancecouncil""]",Monterey SwingFest,wsdc-62,snap_20260913T050724Z_6ddaacedd7ed,swingdancecouncil,2014-01-16,registry,2014
day,2014-01-01,2014-01-new-year-s-swing-fling,2014-01,held,"[""registry"", ""swingdancecouncil""]",New Year's Swing Fling,wsdc-214,snap_20260913T050733Z_35c526f5b7e9,swingdancecouncil,2013-12-27,registry,2014
month,,2014-01-palm-springs-new-years-swing-dance-classic,2014-01,held,"[""registry""]",Palm Springs New Years Swing Dance Classic,wsdc-195,snap_20260911T185403Z_19b6c0b594e3,wsdc_registry,,registry,2014
month,,2014-01-swingcouver,2014-01,held,"[""registry""]",SwingCouver,wsdc-196,snap_20260911T185846Z_043b8cdb0bea,wsdc_registry,,registry,2014
month,,2014-01-worlds-ucwdc,2014-01,held,"[""registry""]",Worlds UCWDC,wsdc-75,snap_20260911T185924Z_c80b56f541d6,wsdc_registry,,registry,2014
month,,2014-02-5280-swing-dance-championships,2014-02,held,"[""registry""]",5280 Swing Dance Championships,wsdc-197,snap_20260911T190003Z_c50a2827d233,wsdc_registry,,registry,2014
day,2014-02-02,2014-02-best-of-the-best,2014-02,held,"[""registry"", ""swingdancecouncil""]",Best of the Best,wsdc-167,snap_20260913T050724Z_6ddaacedd7ed,swingdancecouncil,2014-01-29,registry,2014
month,,2014-02-capital-swing-dance-convention,2014-02,held,"[""registry""]",Capital Swing Dance Convention,wsdc-12,snap_20260911T185918Z_006efdf41cd8,wsdc_registry,,registry,2014
day,2014-02-10,2014-02-scottish-wcs-dance-championships,2014-02,held,"[""registry"", ""swingdancecouncil""]",Scottish WCS Dance Championships,wsdc-168,snap_20260913T050724Z_6ddaacedd7ed,swingdancecouncil,2014-02-07,registry,2014
day,2014-02-16,2014-02-sweetheart-swing-classic,2014-02,held,"[""registry"", ""swingdancecouncil""]",Sweetheart Swing Classic,wsdc-185,snap_20260913T050724Z_6ddaacedd7ed,swingdancecouncil,2014-02-14,registry,2014
month,,2014-02-swing-snow,2014-02,held,"[""registry""]",Swing & Snow,wsdc-215,snap_20260911T185753Z_0c69c7d18e36,wsdc_registry,,registry,2014
month,,2014-03-5280-swing-dance-championships,2014-03,listed,"[""swingdancecouncil""]",5280 Swing Dance Championships,wsdc-197,snap_20260913T050724Z_6ddaacedd7ed,swingdancecouncil,,registry,2014
day,2014-03-23,2014-03-boston-tea-party,2014-03,held,"[""registry"", ""swingdancecouncil""]",Boston Tea Party,wsdc-9,snap_20260913T050724Z_6ddaacedd7ed,swingdancecouncil,2014-03-20,registry,2014
day,2014-03-02,2014-03-dance-camp-chicago,2014-03,held,"[""registry"", ""swingdancecouncil""]",Dance Camp Chicago,wsdc-169,snap_20260913T050724Z_6ddaacedd7ed,swingdancecouncil,2014-02-28,registry,2014
day,2014-03-16,2014-03-high-desert-dance-classic,2014-03,held,"[""registry"", ""swingdancecouncil""]",High Desert Dance Classic,wsdc-143,snap_20260913T050724Z_6ddaacedd7ed,swingdancecouncil,2014-03-14,registry,2014
day,2014-03-09,2014-03-mid-atlantic-dance-jam,2014-03,held,"[""registry"", ""swingdancecouncil""]",Mid-Atlantic Dance Jam,wsdc-92,snap_20260913T050724Z_6ddaacedd7ed,swingdancecouncil,2014-03-06,registry,2014
month,,2014-03-novice-invitational,2014-03,held,"[""registry""]",Novice Invitational,wsdc-153,snap_20260911T190254Z_11c9f60865f2,wsdc_registry,,registry,2014
day,2014-03-30,2014-03-russian-open-wcs-championships,2014-03,held,"[""registry"", ""swingdancecouncil""]",Russian Open WCS Championships,wsdc-170,snap_20260913T050724Z_6ddaacedd7ed,swingdancecouncil,2014-03-27,registry,2014
month,,2014-03-the-brazilian-open-championships,2014-03,held,"[""registry""]",The Brazilian Open Championships,wsdc-216,snap_20260912T031820Z_c5b63ba91cce,wsdc_registry,,registry,2014
day,2014-03-16,2014-03-the-chicago-classic,2014-03,held,"[""registry"", ""swingdancecouncil""]",The Chicago Classic,wsdc-142,snap_20260913T050724Z_6ddaacedd7ed,swingdancecouncil,2014-03-13,registry,2014
month,,2014-03-west-in-lyon,2014-03,held,"[""registry""]",West In Lyon,wsdc-186,snap_20260911T190220Z_58205bca5fdc,wsdc_registry,,registry,2014
month,,2014-04-asia-west-coast-swing-open,2014-04,held,"[""registry""]",Asia West Coast Swing Open,wsdc-218,snap_20260912T030652Z_fabc38989fac,wsdc_registry,,registry,2014
day,2014-04-13,2014-04-austin-swing-dance-championships,2014-04,held,"[""registry"", ""swingdancecouncil""]",Austin Swing Dance Championships,wsdc-200,snap_20260913T050724Z_6ddaacedd7ed,swingdancecouncil,2014-04-11,registry,2014
month,,2014-04-city-of-angels,2014-04,held,"[""registry""]",City of Angels,wsdc-187,snap_20260912T030436Z_2793abd46f63,wsdc_registry,,registry,2014
month,,2014-04-detonation-dance,2014-04,held,"[""registry""]",Detonation Dance ,wsdc-203,snap_20260912T030738Z_227c8c2fc94c,wsdc_registry,,registry,2014
month,,2014-04-kiwi-fest,2014-04,held,"[""registry""]",KIWI Fest,wsdc-219,snap_20260912T030821Z_09bf42f89faa,wsdc_registry,,registry,2014
month,,2014-04-san-diego-dance-festival,2014-04,held,"[""registry""]",San Diego Dance Festival,wsdc-217,snap_20260912T030531Z_bdacfed7ad1c,wsdc_registry,,registry,2014
month,,2014-04-seattle-s-easter-swing,2014-04,held,"[""registry""]",Seattle's Easter Swing,wsdc-18,snap_20260912T030547Z_a70fb85d6757,wsdc_registry,,registry,2014
day,2014-04-28,2014-04-swing-dance-america,2014-04,held,"[""registry"", ""swingdancecouncil""]",Swing Dance America,wsdc-134,snap_20260913T050724Z_6ddaacedd7ed,swingdancecouncil,2014-04-24,registry,2014
month,,2014-04-tulsa-spring-swing,2014-04,held,"[""registry""]",Tulsa Spring Swing,wsdc-132,snap_20260912T030712Z_ceda640ef502,wsdc_registry,,registry,2014
day,2014-04-14,2014-04-uk-european-wcs-championships,2014-04,held,"[""registry"", ""swingdancecouncil""]",UK & European WCS Championships,wsdc-198,snap_20260913T050724Z_6ddaacedd7ed,swingdancecouncil,2014-04-10,registry,2014
day,2014-05-18,2014-05-canadian-swing-championships,2014-05,held,"[""registry"", ""swingdancecouncil""]",Canadian Swing Championships,wsdc-105,snap_20260913T050803Z_89757c41ead1,swingdancecouncil,2014-05-15,registry,2014
month,,2014-05-d-townswing,2014-05,held,"[""registry""]",D-Townswing,wsdc-220,snap_20260912T031232Z_d69e04893e83,wsdc_registry,,registry,2014
month,,2014-05-dfw-pro-am-jam,2014-05,held,"[""registry""]",DFW Pro Am Jam,wsdc-163,snap_20260912T054829Z_0255c81659ef,wsdc_registry,,registry,2014
day,2014-05-26,2014-05-frezno-dance-classic,2014-05,held,"[""registry"", ""swingdancecouncil""]",FreZno Dance Classic,wsdc-20,snap_20260913T050724Z_6ddaacedd7ed,swingdancecouncil,2014-05-22,registry,2014
day,2014-05-18,2014-05-hungarian-open,2014-05,held,"[""registry"", ""swingdancecouncil""]",Hungarian Open,wsdc-206,snap_20260913T050724Z_6ddaacedd7ed,swingdancecouncil,2014-05-16,registry,2014
month,,2014-05-international-hustle-salsa-congress,2014-05,held,"[""registry""]",International Hustle & Salsa Congress,wsdc-172,snap_20260912T031029Z_3ebf73815f68,wsdc_registry,,registry,2014
day,2014-05-11,2014-05-midatlantic-dance-classic,2014-05,held,"[""registry"", ""swingdancecouncil""]",MidAtlantic Dance Classic,wsdc-201,snap_20260913T050724Z_6ddaacedd7ed,swingdancecouncil,2014-05-08,registry,2014
month,,2014-05-show-me-showdown,2014-05,held,"[""registry""]",Show-Me Showdown,wsdc-221,snap_20260912T031436Z_8a3a728cf156,wsdc_registry,,registry,2014
month,,2014-05-soswing,2014-05,held,"[""registry""]",SOswing,wsdc-205,snap_20260912T031303Z_7b9d740f7400,wsdc_registry,,registry,2014
day,2014-05-04,2014-05-spring-swing,2014-05,held,"[""registry"", ""swingdancecouncil""]",Spring Swing,wsdc-204,snap_20260913T050724Z_6ddaacedd7ed,swingdancecouncil,2014-05-01,registry,2014
day,2014-05-04,2014-05-swingapalooza,2014-05,held,"[""registry"", ""swingdancecouncil""]",Swingapalooza,wsdc-162,snap_20260913T050724Z_6ddaacedd7ed,swingdancecouncil,2014-05-02,registry,2014
day,2014-05-12,2014-05-swingdiego,2014-05,held,"[""registry"", ""swingdancecouncil""]",SwingDiego,wsdc-61,snap_20260913T050724Z_6ddaacedd7ed,swingdancecouncil,2014-05-05,registry,2014
day,2014-05-04,2014-05-swingin-into-spring,2014-05,held,"[""registry"", ""swingdancecouncil""]",Swingin' Into Spring,wsdc-144,snap_20260913T050724Z_6ddaacedd7ed,swingdancecouncil,2014-05-01,registry,2014
day,2014-05-18,2014-05-swingsation,2014-05,held,"[""registry"", ""swingdancecouncil""]",Swingsation,wsdc-174,snap_20260913T050724Z_6ddaacedd7ed,swingdancecouncil,2014-05-15,registry,2014
day,2014-05-20,2014-05-the-texas-classic,2014-05,held,"[""registry"", ""swingdancecouncil""]",The Texas Classic,wsdc-121,snap_20260913T050724Z_6ddaacedd7ed,swingdancecouncil,2014-05-17,registry,2014
month,,2014-05-usa-grand-nationals,2014-05,held,"[""registry""]",USA Grand Nationals,wsdc-22,snap_20260912T031900Z_de0dcd9bff94,wsdc_registry,,registry,2014
month,,2014-06-baltic-swing,2014-06,held,"[""registry""]",Baltic Swing,wsdc-222,snap_20260912T031602Z_682b60434c99,wsdc_registry,,registry,2014
day,2014-06-29,2014-06-colorado-country-classic,2014-06,held,"[""registry"", ""swingdancecouncil""]",Colorado Country Classic,wsdc-109,snap_20260913T050724Z_6ddaacedd7ed,swingdancecouncil,2014-06-26,registry,2014
month,,2014-06-dance-n-play,2014-06,held,"[""registry""]",Dance N Play,wsdc-207,snap_20260912T031750Z_d89cc4896c5f,wsdc_registry,,registry,2014
month,,2014-06-french-open-west-coast-swing,2014-06,held,"[""registry""]",French Open West Coast Swing,wsdc-175,snap_20260912T032501Z_af034c4dd66b,wsdc_registry,,registry,2014
day,2014-06-15,2014-06-j-j-o-rama,2014-06,held,"[""registry"", ""swingdancecouncil""]",J&J O'Rama,wsdc-25,snap_20260913T050724Z_6ddaacedd7ed,swingdancecouncil,2014-06-12,registry,2014
month,,2014-06-liberty-swing-dance-championships,2014-06,held,"[""registry""]",Liberty Swing Dance Championships,wsdc-96,snap_20260912T032601Z_88088bd984fc,wsdc_registry,,registry,2014
day,2014-06-01,2014-06-michigan-dance-classic,2014-06,held,"[""registry"", ""swingdancecouncil""]",Michigan Dance Classic,wsdc-76,snap_20260913T050724Z_6ddaacedd7ed,swingdancecouncil,2014-05-29,registry,2014
month,,2014-06-midwest-westie-fest,2014-06,held,"[""registry""]",Midwest Westie Fest,wsdc-224,snap_20260912T031712Z_27c63397b837,wsdc_registry,,registry,2014
day,2014-06-08,2014-06-nsw-west-coast-swing-dance-championships,2014-06,held,"[""registry"", ""swingdancecouncil""]",NSW West Coast Swing Dance Championships,wsdc-188,snap_20260913T050724Z_6ddaacedd7ed,swingdancecouncil,2014-06-06,registry,2014
day,2014-06-15,2014-06-orange-blossom-dance-festival,2014-06,held,"[""registry"", ""swingdancecouncil""]",Orange Blossom Dance Festival,wsdc-117,snap_20260913T050724Z_6ddaacedd7ed,swingdancecouncil,2014-06-13,registry,2014
month,,2014-06-slingshot-swing,2014-06,held,"[""registry""]",Slingshot Swing,wsdc-223,snap_20260912T031638Z_44744f61e086,wsdc_registry,,registry,2014
month,,2014-07-big-apple-dance-festival,2014-07,held,"[""registry""]",Big Apple Dance Festival,wsdc-156,snap_20260912T032601Z_88088bd984fc,wsdc_registry,,registry,2014
month,,2014-07-florida-dance-magic,2014-07,held,"[""registry""]",Florida Dance Magic,wsdc-149,snap_20260912T031941Z_beeb590c07c8,wsdc_registry,,registry,2014
month,,2014-07-ft-lauderdale-swing-shag-beach-bash,2014-07,held,"[""registry""]",Ft. Lauderdale Swing & Shag Beach Bash,wsdc-226,snap_20260912T031919Z_a26f82fc7d1c,wsdc_registry,,registry,2014
day,2014-07-27,2014-07-new-orleans-dance-mardi-gras,2014-07,held,"[""registry"", ""swingdancecouncil""]",New Orleans Dance Mardi Gras,wsdc-148,snap_20260913T050724Z_6ddaacedd7ed,swingdancecouncil,2014-07-24,registry,2014
month,,2014-07-of-july-convention,2014-07,held,"[""registry""]",4TH of July Convention,wsdc-1,snap_20260912T031756Z_a20bcbaeaf62,wsdc_registry,,registry,2014
day,2014-07-13,2014-07-portland-dance-festival,2014-07,held,"[""registry"", ""swingdancecouncil""]",Portland Dance Festival,wsdc-44,snap_20260913T050724Z_6ddaacedd7ed,swingdancecouncil,2014-07-11,registry,2014
day,2014-07-13,2014-07-sincity-swing,2014-07,held,"[""registry"", ""swingdancecouncil""]",SinCity Swing,wsdc-209,snap_20260913T050724Z_6ddaacedd7ed,swingdancecouncil,2014-07-10,registry,2014
month,,2014-07-swingtime-in-the-rockies,2014-07,held,"[""registry""]",Swingtime in the Rockies,wsdc-66,snap_20260912T032016Z_289070b58da6,wsdc_registry,,registry,2014
day,2014-07-20,2014-07-toronto-open-swing-hustle-championships,2014-07,held,"[""registry"", ""swingdancecouncil""]",Toronto Open Swing & Hustle Championships,wsdc-147,snap_20260913T050724Z_6ddaacedd7ed,swingdancecouncil,2014-07-17,registry,2014
day,2014-07-06,2014-07-wcs-idb,2014-07,listed,"[""swingdancecouncil""]",WCS@IDB,wsdc-208,snap_20260913T050724Z_6ddaacedd7ed,swingdancecouncil,2014-07-04,registry,2014
month,,2014-07-wild-wild-westie,2014-07,held,"[""registry""]",Wild Wild Westie,wsdc-225,snap_20260912T054829Z_0255c81659ef,wsdc_registry,,registry,2014
month,,2014-08-arizona-dance-classic,2014-08,held,"[""registry"", ""swingdancecouncil""]",Arizona Dance Classic,wsdc-77,snap_20260913T050724Z_6ddaacedd7ed,swingdancecouncil,,registry,2014
day,2014-08-17,2014-08-chicagoland-country-swing-dance-festival,2014-08,listed,"[""swingdancecouncil""]",Chicagoland Country & Swing Dance Festival,wsdc-99,snap_20260913T050724Z_6ddaacedd7ed,swingdancecouncil,2014-08-15,registry,2014
month,,2014-08-chicagoland-dance-festival,2014-08,held,"[""registry""]",Chicagoland Dance Festival,wsdc-119,snap_20260912T032357Z_96330aaf4332,wsdc_registry,,registry,2014
month,,2014-08-grand-prix-of-swing,2014-08,listed,"[""swingdancecouncil""]",Grand Prix of Swing,wsdc-97,snap_20260913T050724Z_6ddaacedd7ed,swingdancecouncil,,registry,2014
day,2014-08-10,2014-08-lone-star-invitational,2014-08,held,"[""registry"", ""swingdancecouncil""]",Lone Star Invitational,wsdc-120,snap_20260913T050724Z_6ddaacedd7ed,swingdancecouncil,2014-08-08,registry,2014
day,2014-08-10,2014-08-new-england-dance-festival,2014-08,held,"[""registry"", ""swingdancecouncil""]",New England Dance Festival,wsdc-157,snap_20260913T050724Z_6ddaacedd7ed,swingdancecouncil,2014-08-07,registry,2014
month,,2014-08-palm-springs-summer-dance-classic,2014-08,held,"[""registry""]",Palm Springs Summer Dance Classic,wsdc-51,snap_20260912T044959Z_8e116cd68ad3,wsdc_registry,,registry,2014
month,,2014-08-river-city-swing,2014-08,held,"[""registry""]",River City Swing,wsdc-177,snap_20260912T032655Z_ef6c6534a3bb,wsdc_registry,,registry,2014
month,,2014-08-scandinavian-open,2014-08,held,"[""registry""]",Scandinavian Open,wsdc-229,snap_20260912T033626Z_22367a0e2d80,wsdc_registry,,registry,2014
day,2014-08-08,2014-08-sea-sun-and-swing,2014-08,held,"[""registry"", ""swingdancecouncil""]",Sea Sun and Swing,wsdc-164,snap_20260913T050724Z_6ddaacedd7ed,swingdancecouncil,2014-07-26,registry,2014
month,,2014-08-south-bay-cw-dance-festival,2014-08,held,"[""registry""]",South Bay CW Dance Festival,wsdc-48,snap_20260912T032633Z_2ed59d785440,wsdc_registry,,registry,2014
month,,2014-08-summer-hummer,2014-08,held,"[""registry"", ""swingdancecouncil""]",Summer Hummer,wsdc-53,snap_20260913T050724Z_6ddaacedd7ed,swingdancecouncil,,registry,2014
month,,2014-08-summer-swing-classic,2014-08,held,"[""registry""]",Summer Swing Classic,wsdc-228,snap_20260912T032337Z_0fbf60ba6ea7,wsdc_registry,,registry,2014
day,2014-08-03,2014-08-swing-fling,2014-08,held,"[""registry"", ""swingdancecouncil""]",Swing Fling,wsdc-59,snap_20260913T050724Z_6ddaacedd7ed,swingdancecouncil,2014-07-31,registry,2014
month,,2014-08-swingtacular,2014-08,held,"[""registry""]",Swingtacular,wsdc-227,snap_20260912T032135Z_2c39d673533b,wsdc_registry,,registry,2014
day,2014-08-10,2014-08-warsaw-swing,2014-08,listed,"[""swingdancecouncil""]",Warsaw Swing,wsdc-193,snap_20260913T050724Z_6ddaacedd7ed,swingdancecouncil,2014-08-07,registry,2014
month,,2014-08-world-swing-masters,2014-08,held,"[""registry""]",World Swing Masters,wsdc-159,snap_20260912T032817Z_c2d86a7d593d,wsdc_registry,,registry,2014
month,,2014-09-bavarian-open,2014-09,held,"[""registry""]",Bavarian Open,wsdc-233,snap_20260912T033045Z_0c6c11005322,wsdc_registry,,registry,2014
month,,2014-09-bridgetown-swing-boogie,2014-09,held,"[""registry""]",Bridgetown Swing Boogie,wsdc-10,snap_20260912T033312Z_10ac9772998c,wsdc_registry,,registry,2014
day,2014-08-31,2014-09-dallas-d-a-n-c-e,2014-09,held,"[""registry"", ""swingdancecouncil""]",Dallas D.A.N.C.E.,wsdc-15,snap_20260913T050724Z_6ddaacedd7ed,swingdancecouncil,2014-08-28,registry,2014
day,2014-09-07,2014-09-desert-city-swing,2014-09,held,"[""registry"", ""swingdancecouncil""]",Desert City Swing,wsdc-135,snap_20260913T050724Z_6ddaacedd7ed,swingdancecouncil,2014-09-04,registry,2014
month,,2014-09-meet-me-in-st-louis,2014-09,held,"[""registry"", ""swingdancecouncil""]",Meet Me In St Louis,wsdc-131,snap_20260913T050724Z_6ddaacedd7ed,swingdancecouncil,,registry,2014
month,,2014-09-midland-swing-open,2014-09,held,"[""registry""]",Midland Swing Open,wsdc-165,snap_20260912T033151Z_59a3958e9643,wsdc_registry,,registry,2014
month,,2014-09-new-mexico-dance-fiesta,2014-09,held,"[""registry""]",New Mexico Dance Fiesta,wsdc-100,snap_20260912T033329Z_78ff78bda025,wsdc_registry,,registry,2014
month,,2014-09-norway-westie-fest,2014-09,held,"[""registry""]",Norway Westie Fest,wsdc-232,snap_20260912T032813Z_1fbb528fdd00,wsdc_registry,,registry,2014
month,,2014-09-philly-swing-classic,2014-09,held,"[""registry""]",Philly Swing Classic,wsdc-234,snap_20260912T033018Z_b02bd136edca,wsdc_registry,,registry,2014
day,2014-09-07,2014-09-river-city-swing,2014-09,listed,"[""swingdancecouncil""]",River City Swing,wsdc-177,snap_20260913T050724Z_6ddaacedd7ed,swingdancecouncil,2014-09-04,registry,2014
day,2014-09-01,2014-09-south-bay-dance-fling,2014-09,listed,"[""swingdancecouncil""]",South Bay Dance Fling,wsdc-48,snap_20260913T050724Z_6ddaacedd7ed,swingdancecouncil,2014-08-28,registry,2014
month,,2014-09-sunny-side-dance-camp,2014-09,held,"[""registry""]",Sunny Side Dance Camp,wsdc-230,snap_20260912T032716Z_5cfd69be2248,wsdc_registry,,registry,2014
month,,2014-09-swing-trilogy,2014-09,held,"[""registry""]",Swing Trilogy,wsdc-231,snap_20260912T032938Z_57dee117976f,wsdc_registry,,registry,2014
month,,2014-09-vermont-swing-dance-championships,2014-09,held,"[""registry""]",Vermont Swing Dance Championships,wsdc-190,snap_20260912T032956Z_377731010fb1,wsdc_registry,,registry,2014
day,2014-10-19,2014-10-atlanta-swing-classic,2014-10,held,"[""registry"", ""swingdancecouncil""]",Atlanta Swing Classic,wsdc-211,snap_20260913T050724Z_6ddaacedd7ed,swingdancecouncil,2014-10-16,registry,2014
month,,2014-10-australian-open-swing-dance-championships,2014-10,held,"[""registry""]",Australian Open Swing Dance Championships,wsdc-180,snap_20260912T033720Z_a80e54cef8dd,wsdc_registry,,registry,2014
day,2014-10-12,2014-10-boogie-by-the-bay,2014-10,held,"[""registry"", ""swingdancecouncil""]",Boogie By The Bay,wsdc-8,snap_20260913T050724Z_6ddaacedd7ed,swingdancecouncil,2014-10-09,registry,2014
day,2014-10-26,2014-10-halloween-swingthing,2014-10,held,"[""registry"", ""swingdancecouncil""]",Halloween SwingThing,wsdc-65,snap_20260913T050724Z_6ddaacedd7ed,swingdancecouncil,2014-10-23,registry,2014
month,,2014-10-new-zealand-open-swing-dance-championships,2014-10,held,"[""registry""]",New Zealand Open Swing Dance Championships,wsdc-179,snap_20260912T033206Z_fc599290d574,wsdc_registry,,registry,2014
month,,2014-10-paradise-country-dance-festival,2014-10,held,"[""registry"", ""swingdancecouncil""]",Paradise Country Dance Festival,wsdc-43,snap_20260913T050724Z_6ddaacedd7ed,swingdancecouncil,,registry,2014
day,2014-10-26,2014-10-swing-city-chicago,2014-10,held,"[""registry"", ""swingdancecouncil""]",Swing City Chicago,wsdc-125,snap_20260913T050724Z_6ddaacedd7ed,swingdancecouncil,2014-10-23,registry,2014
month,,2014-10-wcs-helsinki,2014-10,held,"[""registry""]",WCS Helsinki,wsdc-237,snap_20260912T033741Z_3ff9a889763e,wsdc_registry,,registry,2014
day,2014-11-30,2014-11-c-a-s-h-bash-weekend,2014-11,held,"[""registry"", ""swingdancecouncil""]",C.A.S.H. Bash Weekend,wsdc-87,snap_20260913T050733Z_35c526f5b7e9,swingdancecouncil,2014-11-28,registry,2014
day,2014-11-16,2014-11-dc-swing-experience,2014-11,held,"[""registry"", ""swingdancecouncil""]",DC Swing eXperience,wsdc-181,snap_20260913T050733Z_35c526f5b7e9,swingdancecouncil,2014-11-13,registry,2014
day,2014-11-17,2014-11-london-swingvitational,2014-11,listed,"[""swingdancecouncil""]",London SWINGvitational,wsdc-166,snap_20260913T050724Z_6ddaacedd7ed,swingdancecouncil,2014-11-13,registry,2014
month,,2014-11-moscow-westie-dance-fest,2014-11,held,"[""registry"", ""swingdancecouncil""]",Moscow Westie Dance Fest,wsdc-194,snap_20260913T050724Z_6ddaacedd7ed,swingdancecouncil,,registry,2014
month,,2014-11-mountain-magic,2014-11,held,"[""registry""]",Mountain Magic,wsdc-31,snap_20260912T033458Z_1e1f7cb8c7bc,wsdc_registry,,registry,2014
month,,2014-11-sea-to-sky,2014-11,held,"[""registry""]",Sea to Sky,wsdc-79,snap_20260912T033506Z_2ed4bd1acd3f,wsdc_registry,,registry,2014
day,2014-11-16,2014-11-swingin-new-england-dance-festival,2014-11,held,"[""registry"", ""swingdancecouncil""]",Swingin' New England Dance Festival,wsdc-63,snap_20260913T050733Z_35c526f5b7e9,swingdancecouncil,2014-11-13,registry,2014
day,2014-11-10,2014-11-tampa-bay-classic,2014-11,held,"[""registry"", ""swingdancecouncil""]",Tampa Bay Classic,wsdc-137,snap_20260913T050724Z_6ddaacedd7ed,swingdancecouncil,2014-11-05,registry,2014
day,2014-11-30,2014-11-us-open-swing-dance-championships,2014-11,held,"[""registry"", ""swingdancecouncil""]",US Open Swing Dance Championships,wsdc-68,snap_20260913T050733Z_35c526f5b7e9,swingdancecouncil,2014-11-27,registry,2014
month,,2014-11-warsaw-halloween-swing,2014-11,held,"[""registry""]",Warsaw Halloween Swing,wsdc-236,snap_20260912T033656Z_4a3560f31881,wsdc_registry,,registry,2014
month,,2014-12-swingtimate,2014-12,held,"[""registry"", ""swingdancecouncil""]",Swingtimate,wsdc-213,snap_20260913T050724Z_6ddaacedd7ed,swingdancecouncil,,registry,2014
month,,2014-12-the-after-party,2014-12,held,"[""registry""]",The After Party,wsdc-212,snap_20260912T033953Z_9ed2d89f5e8f,wsdc_registry,,registry,2014
day,2014-12-07,2014-12-the-challenge,2014-12,held,"[""registry"", ""swingdancecouncil""]",The Challenge,wsdc-239,snap_20260913T050733Z_35c526f5b7e9,swingdancecouncil,2014-12-05,registry,2014
day,2014-12-07,2014-12-winter-white,2014-12,held,"[""registry"", ""swingdancecouncil""]",Winter White,wsdc-238,snap_20260913T050733Z_35c526f5b7e9,swingdancecouncil,2014-12-04,registry,2014
day,2015-01-18,2015-01-austin-swing-dance-championships,2015-01,held,"[""registry"", ""swingdancecouncil""]",Austin Swing Dance Championships,wsdc-200,snap_20260913T050733Z_35c526f5b7e9,swingdancecouncil,2015-01-16,registry,2015
month,,2015-01-budafest-open-wcs-championships,2015-01,held,"[""registry""]",BudaFest Open WCS Championships,wsdc-184,snap_20260912T034434Z_413236b1cc0b,wsdc_registry,,registry,2015
month,,2015-01-floorplay-new-years-swing-vacation,2015-01,held,"[""registry""]",Floorplay New Years Swing Vacation,wsdc-42,snap_20260912T034218Z_0dab5d26ae97,wsdc_registry,,registry,2015
day,2015-01-25,2015-01-freedom-swing-dance-challenge,2015-01,held,"[""registry"", ""swingdancecouncil""]",Freedom Swing Dance Challenge,wsdc-183,snap_20260913T050733Z_35c526f5b7e9,swingdancecouncil,2015-01-23,registry,2015
day,2015-01-19,2015-01-monterey-swingfest,2015-01,held,"[""registry"", ""swingdancecouncil""]",Monterey SwingFest,wsdc-62,snap_20260913T050733Z_35c526f5b7e9,swingdancecouncil,2015-01-15,registry,2015
month,,2015-01-moscow-xmas-dance-camp,2015-01,held,"[""registry""]",Moscow Xmas Dance Camp,wsdc-241,snap_20260912T034203Z_928a547df5d2,wsdc_registry,,registry,2015
month,,2015-01-new-year-s-dance-extravaganza,2015-01,held,"[""registry""]",New Year's Dance Extravaganza,wsdc-39,snap_20260912T034037Z_3d6fd4d9c62f,wsdc_registry,,registry,2015
day,2015-01-03,2015-01-new-year-s-swing-fling,2015-01,held,"[""registry"", ""swingdancecouncil""]",New Year's Swing Fling,wsdc-214,snap_20260913T051004Z_e0f6b15c7de4,swingdancecouncil,2014-12-30,registry,2015
month,,2015-01-palm-springs-new-years-swing-dance-classic,2015-01,held,"[""registry""]",Palm Springs New Years Swing Dance Classic,wsdc-195,snap_20260912T041323Z_b7f813b4415c,wsdc_registry,,registry,2015
month,,2015-01-spotlight-dance-challenge,2015-01,held,"[""registry""]",Spotlight Dance Challenge,wsdc-141,snap_20260912T054908Z_6423572d9e69,wsdc_registry,,registry,2015
day,2015-01-06,2015-01-sweden-westie-gala,2015-01,held,"[""registry"", ""swingdancecouncil""]",Sweden Westie Gala,wsdc-240,snap_20260913T050733Z_35c526f5b7e9,swingdancecouncil,2015-01-03,registry,2015
day,2015-01-25,2015-01-swingcouver,2015-01,held,"[""registry"", ""swingdancecouncil""]",SwingCouver,wsdc-196,snap_20260913T050733Z_35c526f5b7e9,swingdancecouncil,2015-01-22,registry,2015
day,2015-01-04,2015-01-ucwdc-country-dance-world-championships,2015-01,listed,"[""swingdancecouncil""]",UCWDC Country Dance World Championships,wsdc-75,snap_20260913T050733Z_35c526f5b7e9,swingdancecouncil,2014-12-28,registry,2015
month,,2015-01-worlds-ucwdc,2015-01,held,"[""registry""]",Worlds UCWDC,wsdc-152,snap_20260912T081406Z_b2cb834fd6f2,wsdc_registry,,registry,2015
month,,2015-02-anti-valentines,2015-02,held,"[""registry""]",Anti Valentines,wsdc-243,snap_20260912T034743Z_8267339eb0e9,wsdc_registry,,registry,2015
month,,2015-02-capital-swing-dance-convention,2015-02,held,"[""registry""]",Capital Swing Dance Convention,wsdc-12,snap_20260912T034627Z_198160e8df49,wsdc_registry,,registry,2015
day,2015-02-01,2015-02-derby-city-swing,2015-02,held,"[""registry"", ""swingdancecouncil""]",Derby City Swing,wsdc-242,snap_20260913T050733Z_35c526f5b7e9,swingdancecouncil,2015-01-29,registry,2015
month,,2015-02-sweetheart-swing-classic,2015-02,held,"[""registry""]",Sweetheart Swing Classic,wsdc-185,snap_20260912T034908Z_0a8713c5f399,wsdc_registry,,registry,2015
day,2015-02-08,2015-02-swing-snow,2015-02,held,"[""registry"", ""swingdancecouncil""]",Swing & Snow,wsdc-215,snap_20260913T050733Z_35c526f5b7e9,swingdancecouncil,2015-02-05,registry,2015
month,,2015-03-5280-swing-dance-championships,2015-03,held,"[""registry""]",5280 Swing Dance Championships,wsdc-197,snap_20260912T035252Z_2b6907ba7acd,wsdc_registry,,registry,2015
day,2015-03-22,2015-03-boston-tea-party,2015-03,held,"[""registry"", ""swingdancecouncil""]",Boston Tea Party,wsdc-9,snap_20260913T050743Z_aa7582b60497,swingdancecouncil,2015-03-19,registry,2015
day,2015-03-01,2015-03-dance-camp-chicago,2015-03,held,"[""registry"", ""swingdancecouncil""]",Dance Camp Chicago,wsdc-169,snap_20260913T050743Z_aa7582b60497,swingdancecouncil,2015-02-27,registry,2015
day,2015-03-15,2015-03-high-desert-dance-classic,2015-03,held,"[""registry"", ""swingdancecouncil""]",High Desert Dance Classic,wsdc-143,snap_20260913T050743Z_aa7582b60497,swingdancecouncil,2015-03-13,registry,2015
day,2015-03-01,2015-03-holy-land-open,2015-03,held,"[""registry"", ""swingdancecouncil""]",Holy Land Open,wsdc-245,snap_20260913T050743Z_aa7582b60497,swingdancecouncil,2015-02-27,registry,2015
day,2015-03-08,2015-03-mid-atlantic-dance-jam,2015-03,held,"[""registry"", ""swingdancecouncil""]",Mid-Atlantic Dance Jam,wsdc-92,snap_20260913T050743Z_aa7582b60497,swingdancecouncil,2015-03-05,registry,2015
day,2015-03-22,2015-03-novice-invitational,2015-03,held,"[""registry"", ""swingdancecouncil""]",Novice Invitational,wsdc-153,snap_20260913T050743Z_aa7582b60497,swingdancecouncil,2015-03-20,registry,2015
day,2015-03-01,2015-03-rose-city-swing,2015-03,held,"[""registry"", ""swingdancecouncil""]",Rose City Swing,wsdc-244,snap_20260913T050743Z_aa7582b60497,swingdancecouncil,2015-02-26,registry,2015
day,2015-03-29,2015-03-russian-open-wcs-championships,2015-03,held,"[""registry"", ""swingdancecouncil""]",Russian Open WCS Championships,wsdc-170,snap_20260913T050743Z_aa7582b60497,swingdancecouncil,2015-03-26,registry,2015
month,,2015-03-swing-escape,2015-03,held,"[""registry""]",Swing Escape,wsdc-246,snap_20260912T035232Z_61fbbf0c39d8,wsdc_registry,,registry,2015
day,2015-03-29,2015-03-swing-over-orlando,2015-03,listed,"[""swingdancecouncil""]",Swing Over Orlando,wsdc-259,snap_20260913T050753Z_59521f9c75b2,swingdancecouncil,2015-03-27,trial,2015
day,2015-03-22,2015-03-the-brazilian-open-championships,2015-03,held,"[""registry"", ""swingdancecouncil""]",The Brazilian Open Championships,wsdc-216,snap_20260913T050743Z_aa7582b60497,swingdancecouncil,2015-03-20,registry,2015
day,2015-03-15,2015-03-the-chicago-classic,2015-03,held,"[""registry"", ""swingdancecouncil""]",The Chicago Classic,wsdc-142,snap_20260913T050743Z_aa7582b60497,swingdancecouncil,2015-03-12,registry,2015
day,2015-03-15,2015-03-west-in-lyon,2015-03,held,"[""registry"", ""swingdancecouncil""]",West In Lyon,wsdc-186,snap_20260913T050743Z_aa7582b60497,swingdancecouncil,2015-03-12,registry,2015
month,,2015-04-asia-west-coast-swing-open,2015-04,held,"[""registry""]",Asia West Coast Swing Open,wsdc-218,snap_20260912T035812Z_c26eb2abbc46,wsdc_registry,,registry,2015
day,2015-04-05,2015-04-austrian-wcs-spectacle,2015-04,held,"[""registry"", ""swingdancecouncil""]",Austrian WCS Spectacle,wsdc-247,snap_20260913T050803Z_89757c41ead1,swingdancecouncil,2015-04-03,registry,2015
month,,2015-04-city-of-angels,2015-04,held,"[""registry""]",City of Angels,wsdc-187,snap_20260912T044959Z_8e116cd68ad3,wsdc_registry,,registry,2015
day,2015-04-26,2015-04-detonation-dance,2015-04,held,"[""registry"", ""swingdancecouncil""]",Detonation Dance ,wsdc-203,snap_20260913T050803Z_89757c41ead1,swingdancecouncil,2015-04-24,registry,2015
day,2015-04-05,2015-04-san-diego-dance-festival,2015-04,held,"[""registry"", ""swingdancecouncil""]",San Diego Dance Festival,wsdc-217,snap_20260913T050803Z_89757c41ead1,swingdancecouncil,2015-04-02,registry,2015
month,,2015-04-seattle-s-easter-swing,2015-04,held,"[""registry""]",Seattle's Easter Swing,wsdc-18,snap_20260912T035349Z_4ba6d04971e3,wsdc_registry,,registry,2015
day,2015-04-27,2015-04-swing-dance-america,2015-04,held,"[""registry"", ""swingdancecouncil""]",Swing Dance America,wsdc-134,snap_20260913T050803Z_89757c41ead1,swingdancecouncil,2015-04-23,registry,2015
day,2015-04-05,2015-04-tulsa-spring-swing,2015-04,held,"[""registry"", ""swingdancecouncil""]",Tulsa Spring Swing,wsdc-132,snap_20260913T050803Z_89757c41ead1,swingdancecouncil,2015-04-02,registry,2015
day,2015-04-13,2015-04-uk-european-wcs-championships,2015-04,held,"[""registry"", ""swingdancecouncil""]",UK & European WCS Championships,wsdc-198,snap_20260913T050803Z_89757c41ead1,swingdancecouncil,2015-04-09,registry,2015
month,,2015-05-canadian-swing-championships,2015-05,held,"[""registry""]",Canadian Swing Championships,wsdc-105,snap_20260912T035832Z_66a42311208f,wsdc_registry,,registry,2015
day,2015-05-17,2015-05-french-open-west-coast-swing,2015-05,held,"[""registry"", ""swingdancecouncil""]",French Open West Coast Swing,wsdc-175,snap_20260913T050803Z_89757c41ead1,swingdancecouncil,2015-05-14,registry,2015
day,2015-05-25,2015-05-frezno-dance-classic,2015-05,held,"[""registry"", ""swingdancecouncil""]",FreZno Dance Classic,wsdc-20,snap_20260913T050803Z_89757c41ead1,swingdancecouncil,2015-05-21,registry,2015
day,2015-05-31,2015-05-hungarian-open,2015-05,held,"[""registry"", ""swingdancecouncil""]",Hungarian Open,wsdc-206,snap_20260913T050803Z_89757c41ead1,swingdancecouncil,2015-05-29,registry,2015
day,2015-05-03,2015-05-kiwi-fest,2015-05,held,"[""registry"", ""swingdancecouncil""]",KIWI Fest,wsdc-219,snap_20260913T050803Z_89757c41ead1,swingdancecouncil,2015-05-01,registry,2015
day,2015-05-31,2015-05-michigan-dance-classic,2015-05,held,"[""registry"", ""swingdancecouncil""]",Michigan Dance Classic,wsdc-76,snap_20260913T050803Z_89757c41ead1,swingdancecouncil,2015-05-29,registry,2015
day,2015-05-03,2015-05-midatlantic-dance-classic,2015-05,held,"[""registry"", ""swingdancecouncil""]",MidAtlantic Dance Classic,wsdc-201,snap_20260913T050803Z_89757c41ead1,swingdancecouncil,2015-04-30,registry,2015
month,,2015-05-nordic-wcs-championships,2015-05,held,"[""registry""]",Nordic WCS Championships,wsdc-253,snap_20260912T035621Z_e7959b08d7a7,wsdc_registry,,registry,2015
day,2015-05-25,2015-05-show-me-showdown,2015-05,held,"[""registry"", ""swingdancecouncil""]",Show-Me Showdown,wsdc-221,snap_20260913T050803Z_89757c41ead1,swingdancecouncil,2015-05-21,registry,2015
day,2015-05-10,2015-05-swingdiego,2015-05,held,"[""registry"", ""swingdancecouncil""]",SwingDiego,wsdc-61,snap_20260913T050803Z_89757c41ead1,swingdancecouncil,2015-05-07,registry,2015
day,2015-05-03,2015-05-swingin-into-spring,2015-05,held,"[""registry"", ""swingdancecouncil""]",Swingin' Into Spring,wsdc-144,snap_20260913T050803Z_89757c41ead1,swingdancecouncil,2015-04-30,registry,2015
day,2015-05-17,2015-05-swingsation,2015-05,held,"[""registry"", ""swingdancecouncil""]",Swingsation,wsdc-174,snap_20260913T050803Z_89757c41ead1,swingdancecouncil,2015-05-14,registry,2015
day,2015-05-17,2015-05-the-texas-classic,2015-05,held,"[""registry"", ""swingdancecouncil""]",The Texas Classic,wsdc-121,snap_20260913T050803Z_89757c41ead1,swingdancecouncil,2015-05-14,registry,2015
month,,2015-05-usa-grand-nationals,2015-05,held,"[""registry""]",USA Grand Nationals,wsdc-22,snap_20260912T035903Z_99bb9b5a9af5,wsdc_registry,,registry,2015
day,2015-06-07,2015-06-baltic-swing,2015-06,held,"[""registry"", ""swingdancecouncil""]",Baltic Swing,wsdc-222,snap_20260913T050803Z_89757c41ead1,swingdancecouncil,2015-06-05,registry,2015
day,2015-06-28,2015-06-colorado-country-classic,2015-06,held,"[""registry"", ""swingdancecouncil""]",Colorado Country Classic,wsdc-109,snap_20260913T050803Z_89757c41ead1,swingdancecouncil,2015-06-25,registry,2015
day,2015-06-21,2015-06-d-townswing,2015-06,held,"[""registry"", ""swingdancecouncil""]",D-Townswing,wsdc-220,snap_20260913T050803Z_89757c41ead1,swingdancecouncil,2015-06-18,registry,2015
day,2015-06-21,2015-06-dance-n-play,2015-06,held,"[""registry"", ""swingdancecouncil""]",Dance N Play,wsdc-207,snap_20260913T050803Z_89757c41ead1,swingdancecouncil,2015-06-18,registry,2015
day,2015-06-14,2015-06-finnfest,2015-06,held,"[""registry"", ""swingdancecouncil""]",Finnfest,wsdc-254,snap_20260913T050803Z_89757c41ead1,swingdancecouncil,2015-06-12,registry,2015
day,2015-06-14,2015-06-j-j-o-rama,2015-06,held,"[""registry"", ""swingdancecouncil""]",J&J O'Rama,wsdc-25,snap_20260913T050803Z_89757c41ead1,swingdancecouncil,2015-06-11,registry,2015
month,,2015-06-korea-westival,2015-06,listed,"[""swingdancecouncil""]",Korea Westival,wsdc-268,snap_20260913T050813Z_f30944bfb2a3,swingdancecouncil,,trial,2015
month,,2015-06-liberty-swing-dance-championships,2015-06,held,"[""registry""]",Liberty Swing Dance Championships,wsdc-96,snap_20260912T040727Z_3b9579dfc952,wsdc_registry,,registry,2015
day,2015-06-08,2015-06-nsw-west-coast-swing-dance-championships,2015-06,held,"[""registry"", ""swingdancecouncil""]",NSW West Coast Swing Dance Championships,wsdc-188,snap_20260913T050803Z_89757c41ead1,swingdancecouncil,2015-06-05,registry,2015
day,2015-06-07,2015-06-orange-blossom-dance-festival,2015-06,held,"[""registry"", ""swingdancecouncil""]",Orange Blossom Dance Festival,wsdc-117,snap_20260913T050803Z_89757c41ead1,swingdancecouncil,2015-06-05,registry,2015
day,2015-06-14,2015-06-slingshot-swing,2015-06,cancelled,"[""swingdancecouncil""]",Slingshot Swing (ON HIATUS),wsdc-223,snap_20260913T050803Z_89757c41ead1,swingdancecouncil,2015-06-12,registry,2015
day,2015-06-21,2015-06-swingapalooza,2015-06,held,"[""registry"", ""swingdancecouncil""]",Swingapalooza,wsdc-162,snap_20260913T050803Z_89757c41ead1,swingdancecouncil,2015-06-19,registry,2015
month,,2015-07-big-apple-dance-festival,2015-07,held,"[""registry""]",Big Apple Dance Festival,wsdc-156,snap_20260912T033011Z_6c3e8eb8707f,wsdc_registry,,registry,2015
day,2015-07-19,2015-07-florida-dance-magic,2015-07,held,"[""registry"", ""swingdancecouncil""]",Florida Dance Magic,wsdc-149,snap_20260913T050824Z_b47e1d7bdc49,swingdancecouncil,2015-07-16,registry,2015
day,2015-07-06,2015-07-ft-lauderdale-swing-shag-beach-bash,2015-07,held,"[""registry"", ""swingdancecouncil""]",Ft. Lauderdale Swing & Shag Beach Bash,wsdc-226,snap_20260913T050824Z_b47e1d7bdc49,swingdancecouncil,2015-07-02,registry,2015
day,2015-07-05,2015-07-indy-dance-explosion,2015-07,held,"[""registry"", ""swingdancecouncil""]",Indy Dance Explosion,wsdc-255,snap_20260913T050824Z_b47e1d7bdc49,swingdancecouncil,2015-07-02,registry,2015
day,2015-07-19,2015-07-new-orleans-dance-mardi-gras,2015-07,held,"[""registry"", ""swingdancecouncil""]",New Orleans Dance Mardi Gras,wsdc-148,snap_20260913T050824Z_b47e1d7bdc49,swingdancecouncil,2015-07-16,registry,2015
month,,2015-07-of-july-convention,2015-07,held,"[""registry""]",4TH of July Convention,wsdc-1,snap_20260912T053627Z_a80ed1c186ab,wsdc_registry,,registry,2015
day,2015-07-12,2015-07-portland-dance-festival,2015-07,held,"[""registry"", ""swingdancecouncil""]",Portland Dance Festival,wsdc-44,snap_20260913T050824Z_b47e1d7bdc49,swingdancecouncil,2015-07-10,registry,2015
day,2015-07-19,2015-07-rock-the-barn,2015-07,held,"[""registry"", ""swingdancecouncil""]",Rock The Barn,wsdc-256,snap_20260913T050824Z_b47e1d7bdc49,swingdancecouncil,2015-07-17,registry,2015
month,,2015-07-sea-sun-swing-camp,2015-07,listed,"[""swingdancecouncil""]",Sea Sun & Swing Camp,wsdc-164,snap_20260913T050824Z_b47e1d7bdc49,swingdancecouncil,,registry,2015
day,2015-07-12,2015-07-sincity-swing,2015-07,held,"[""registry"", ""swingdancecouncil""]",SinCity Swing,wsdc-209,snap_20260913T050824Z_b47e1d7bdc49,swingdancecouncil,2015-07-09,registry,2015
month,,2015-07-swingtime-in-the-rockies,2015-07,held,"[""registry""]",Swingtime in the Rockies,wsdc-66,snap_20260912T041129Z_12f1d6db01f8,wsdc_registry,,registry,2015
month,,2015-07-toronto-open-swing-hustle-championships,2015-07,listed,"[""swingdancecouncil""]",Toronto Open Swing/Hustle Championships,wsdc-147,snap_20260913T050803Z_89757c41ead1,swingdancecouncil,,registry,2015
day,2015-07-05,2015-07-wild-wild-westie,2015-07,held,"[""registry"", ""swingdancecouncil""]",Wild Wild Westie,wsdc-225,snap_20260913T050824Z_b47e1d7bdc49,swingdancecouncil,2015-07-02,registry,2015
month,,2015-08-arizona-dance-classic,2015-08,held,"[""registry"", ""swingdancecouncil""]",Arizona Dance Classic,wsdc-77,snap_20260913T050824Z_b47e1d7bdc49,swingdancecouncil,,registry,2015
day,2015-08-23,2015-08-chicagoland-country-swing-dance-festival,2015-08,listed,"[""swingdancecouncil""]",Chicagoland Country & Swing Dance Festival,wsdc-99,snap_20260913T050843Z_ac31baa840e2,swingdancecouncil,2015-08-21,registry,2015
month,,2015-08-chicagoland-dance-festival,2015-08,held,"[""registry""]",Chicagoland Dance Festival,wsdc-119,snap_20260912T041426Z_88097957d463,wsdc_registry,,registry,2015
day,2015-08-09,2015-08-lone-star-invitational,2015-08,held,"[""registry"", ""swingdancecouncil""]",Lone Star Invitational,wsdc-120,snap_20260913T050824Z_b47e1d7bdc49,swingdancecouncil,2015-08-07,registry,2015
day,2015-08-15,2015-08-midwest-westie-fest,2015-08,listed,"[""swingdancecouncil""]",Midwest Westie Fest,wsdc-224,snap_20260913T050824Z_b47e1d7bdc49,swingdancecouncil,2015-08-14,registry,2015
day,2015-08-16,2015-08-new-england-dance-festival,2015-08,held,"[""registry"", ""swingdancecouncil""]",New England Dance Festival,wsdc-157,snap_20260913T050824Z_b47e1d7bdc49,swingdancecouncil,2015-08-14,registry,2015
day,2015-08-16,2015-08-palm-springs-summer-dance-classic,2015-08,held,"[""registry"", ""swingdancecouncil""]",Palm Springs Summer Dance Classic,wsdc-51,snap_20260913T050824Z_b47e1d7bdc49,swingdancecouncil,2015-08-13,registry,2015
day,2015-08-30,2015-08-summer-hummer,2015-08,held,"[""registry"", ""swingdancecouncil""]",Summer Hummer,wsdc-53,snap_20260913T050843Z_ac31baa840e2,swingdancecouncil,2015-08-27,registry,2015
day,2015-08-08,2015-08-summer-swing-classic,2015-08,held,"[""registry"", ""swingdancecouncil""]",Summer Swing Classic,wsdc-228,snap_20260913T050824Z_b47e1d7bdc49,swingdancecouncil,2015-08-06,registry,2015
day,2015-08-02,2015-08-swing-fling,2015-08,held,"[""registry"", ""swingdancecouncil""]",Swing Fling,wsdc-59,snap_20260913T050824Z_b47e1d7bdc49,swingdancecouncil,2015-07-30,registry,2015
day,2015-08-10,2015-08-swingtacular,2015-08,held,"[""registry"", ""swingdancecouncil""]",Swingtacular,wsdc-227,snap_20260913T050824Z_b47e1d7bdc49,swingdancecouncil,2015-08-07,registry,2015
day,2015-08-16,2015-08-swingtzerland,2015-08,listed,"[""swingdancecouncil""]",Swingtzerland,wsdc-258,snap_20260913T050813Z_f30944bfb2a3,swingdancecouncil,2015-08-14,trial,2015
day,2015-08-16,2015-08-world-swing-masters,2015-08,held,"[""registry"", ""swingdancecouncil""]",World Swing Masters,wsdc-159,snap_20260913T050824Z_b47e1d7bdc49,swingdancecouncil,2015-08-14,registry,2015
day,2015-09-12,2015-09-bavarian-open,2015-09,held,"[""registry"", ""swingdancecouncil""]",Bavarian Open,wsdc-233,snap_20260913T051023Z_de41000bfa60,swingdancecouncil,2015-09-09,registry,2015
day,2015-09-13,2015-09-best-of-the-best,2015-09,held,"[""registry"", ""swingdancecouncil""]",Best of the Best,wsdc-167,snap_20260913T050913Z_e6ad854e9c1e,swingdancecouncil,2015-09-10,registry,2015
day,2015-09-27,2015-09-bridgetown-swing-boogie,2015-09,held,"[""registry"", ""swingdancecouncil""]",Bridgetown Swing Boogie,wsdc-10,snap_20260913T050924Z_9afed1efc963,swingdancecouncil,2015-09-24,registry,2015
day,2015-09-06,2015-09-dallas-d-a-n-c-e,2015-09,held,"[""registry"", ""swingdancecouncil""]",Dallas D.A.N.C.E.,wsdc-15,snap_20260913T050853Z_6c71e8f58945,swingdancecouncil,2015-09-03,registry,2015
day,2015-09-06,2015-09-desert-city-swing,2015-09,held,"[""registry"", ""swingdancecouncil""]",Desert City Swing,wsdc-135,snap_20260913T050853Z_6c71e8f58945,swingdancecouncil,2015-09-03,registry,2015
day,2015-09-27,2015-09-meet-me-in-st-louis,2015-09,held,"[""registry"", ""swingdancecouncil""]",Meet Me In St Louis,wsdc-131,snap_20260913T050924Z_9afed1efc963,swingdancecouncil,2015-09-24,registry,2015
day,2015-09-27,2015-09-midland-swing-open,2015-09,held,"[""registry"", ""swingdancecouncil""]",Midland Swing Open,wsdc-165,snap_20260913T050924Z_9afed1efc963,swingdancecouncil,2015-09-24,registry,2015
day,2015-09-27,2015-09-new-mexico-dance-fiesta,2015-09,listed,"[""swingdancecouncil""]",New Mexico Dance Fiesta,wsdc-100,snap_20260913T050924Z_9afed1efc963,swingdancecouncil,2015-09-24,registry,2015
day,2015-09-14,2015-09-norway-westie-fest,2015-09,held,"[""registry"", ""swingdancecouncil""]",Norway Westie Fest,wsdc-232,snap_20260913T050913Z_e6ad854e9c1e,swingdancecouncil,2015-09-10,registry,2015
day,2015-09-07,2015-09-river-city-swing,2015-09,held,"[""registry"", ""swingdancecouncil""]",River City Swing,wsdc-177,snap_20260913T050853Z_6c71e8f58945,swingdancecouncil,2015-09-03,registry,2015
day,2015-09-07,2015-09-south-bay-cw-dance-festival,2015-09,held,"[""registry"", ""swingdancecouncil""]",South Bay CW Dance Festival,wsdc-48,snap_20260913T050853Z_6c71e8f58945,swingdancecouncil,2015-09-03,registry,2015
month,,2015-09-sunny-side-dance-camp,2015-09,held,"[""registry""]",Sunny Side Dance Camp,wsdc-230,snap_20260912T041605Z_76efc734aa92,wsdc_registry,,registry,2015
day,2015-09-13,2015-09-swing-trilogy,2015-09,listed,"[""swingdancecouncil""]",Swing Trilogy,wsdc-231,snap_20260913T050913Z_e6ad854e9c1e,swingdancecouncil,2015-09-10,registry,2015
day,2015-09-20,2015-09-tampa-bay-classic,2015-09,held,"[""registry"", ""swingdancecouncil""]",Tampa Bay Classic,wsdc-137,snap_20260913T050913Z_e6ad854e9c1e,swingdancecouncil,2015-09-17,registry,2015
month,,2015-09-vermont-swing-dance-championships,2015-09,held,"[""registry""]",Vermont Swing Dance Championships,wsdc-190,snap_20260912T041642Z_00c34b50af7f,wsdc_registry,,registry,2015
day,2015-10-04,2015-10-atlanta-swing-classic,2015-10,held,"[""registry"", ""swingdancecouncil""]",Atlanta Swing Classic,wsdc-211,snap_20260913T050933Z_8684c9031883,swingdancecouncil,2015-10-01,registry,2015
month,,2015-10-australian-open-swing-dance-championships,2015-10,held,"[""registry""]",Australian Open Swing Dance Championships,wsdc-180,snap_20260912T042317Z_3ab65c5b7dc9,wsdc_registry,,registry,2015
day,2015-10-11,2015-10-boogie-by-the-bay,2015-10,held,"[""registry"", ""swingdancecouncil""]",Boogie By The Bay,wsdc-8,snap_20260913T050933Z_8684c9031883,swingdancecouncil,2015-10-08,registry,2015
month,,2015-10-italian-open,2015-10,held,"[""registry""]",Italian Open,wsdc-257,snap_20260912T054551Z_9fec7006cee0,wsdc_registry,,registry,2015
day,2015-10-18,2015-10-montreal-wcs-fest,2015-10,held,"[""registry"", ""swingdancecouncil""]",Montreal WCS Fest,wsdc-178,snap_20260913T050933Z_8684c9031883,swingdancecouncil,2015-10-16,registry,2015
day,2015-10-19,2015-10-new-zealand-open-swing-dance-championships,2015-10,held,"[""registry"", ""swingdancecouncil""]",New Zealand Open Swing Dance Championships,wsdc-179,snap_20260913T050933Z_8684c9031883,swingdancecouncil,2015-10-16,registry,2015
day,2015-10-25,2015-10-paradise-country-dance-festival,2015-10,held,"[""registry"", ""swingdancecouncil""]",Paradise Country Dance Festival,wsdc-43,snap_20260913T050933Z_8684c9031883,swingdancecouncil,2015-10-22,registry,2015
day,2015-10-04,2015-10-philly-swing-classic,2015-10,held,"[""registry"", ""swingdancecouncil""]",Philly Swing Classic,wsdc-234,snap_20260913T050933Z_8684c9031883,swingdancecouncil,2015-10-02,registry,2015
day,2015-10-25,2015-10-scandinavian-open,2015-10,held,"[""registry"", ""swingdancecouncil""]",Scandinavian Open,wsdc-229,snap_20260913T050933Z_8684c9031883,swingdancecouncil,2015-10-23,registry,2015
day,2015-10-25,2015-10-swing-generation,2015-10,listed,"[""swingdancecouncil""]",Swing Generation,wsdc-192,snap_20260913T050933Z_8684c9031883,swingdancecouncil,2015-10-23,registry,2015
month,,2015-10-swustlicious,2015-10,listed,"[""swingdancecouncil""]",Swustlicious,wsdc-267,snap_20260913T050903Z_eeca76f57b94,swingdancecouncil,,trial,2015
month,,2015-10-wcs-helsinki,2015-10,held,"[""registry""]",WCS Helsinki,wsdc-237,snap_20260912T042118Z_1619c8fb31f4,wsdc_registry,,registry,2015
day,2015-11-29,2015-11-c-a-s-h-bash-weekend,2015-11,held,"[""registry"", ""swingdancecouncil""]",C.A.S.H. Bash Weekend,wsdc-87,snap_20260913T051004Z_e0f6b15c7de4,swingdancecouncil,2015-11-27,registry,2015
day,2015-11-22,2015-11-dc-swing-experience,2015-11,held,"[""registry"", ""swingdancecouncil""]",DC Swing eXperience,wsdc-181,snap_20260913T050953Z_c20b6db81ff5,swingdancecouncil,2015-11-19,registry,2015
day,2015-11-01,2015-11-halloween-swingthing,2015-11,held,"[""registry"", ""swingdancecouncil""]",Halloween SwingThing,wsdc-65,snap_20260913T050933Z_8684c9031883,swingdancecouncil,2015-10-29,registry,2015
day,2015-11-23,2015-11-london-swingvitational,2015-11,held,"[""registry"", ""swingdancecouncil""]",London SWINGvitational,wsdc-166,snap_20260913T050953Z_c20b6db81ff5,swingdancecouncil,2015-11-19,registry,2015
day,2015-11-15,2015-11-moscow-westie-dance-fest,2015-11,held,"[""registry"", ""swingdancecouncil""]",Moscow Westie Dance Fest,wsdc-194,snap_20260913T050953Z_c20b6db81ff5,swingdancecouncil,2015-11-13,registry,2015
day,2015-11-08,2015-11-mountain-magic,2015-11,held,"[""registry"", ""swingdancecouncil""]",Mountain Magic,wsdc-31,snap_20260913T050953Z_c20b6db81ff5,swingdancecouncil,2015-11-05,registry,2015
day,2015-11-09,2015-11-sea-to-sky,2015-11,held,"[""registry"", ""swingdancecouncil""]",Sea to Sky,wsdc-79,snap_20260913T050953Z_c20b6db81ff5,swingdancecouncil,2015-11-05,registry,2015
month,,2015-11-swing-city-chicago,2015-11,held,"[""registry""]",Swing City Chicago,wsdc-125,snap_20260912T042704Z_aa722b243bc8,wsdc_registry,,registry,2015
day,2015-11-15,2015-11-swingin-new-england-dance-festival,2015-11,held,"[""registry"", ""swingdancecouncil""]",Swingin' New England Dance Festival,wsdc-63,snap_20260913T050953Z_c20b6db81ff5,swingdancecouncil,2015-11-12,registry,2015
month,,2015-11-tampa-bay-classic,2015-11,listed,"[""swingdancecouncil""]",Tampa Bay Classic,wsdc-137,snap_20260913T050743Z_aa7582b60497,swingdancecouncil,,registry,2015
day,2015-11-29,2015-11-us-open-swing-dance-championships,2015-11,held,"[""registry"", ""swingdancecouncil""]",US Open Swing Dance Championships,wsdc-68,snap_20260913T051004Z_e0f6b15c7de4,swingdancecouncil,2015-11-26,registry,2015
month,,2015-11-warsaw-halloween-swing,2015-11,held,"[""registry""]",Warsaw Halloween Swing,wsdc-236,snap_20260912T042446Z_ed0c8814a095,wsdc_registry,,registry,2015
day,2015-11-22,2015-11-westie-s-angels,2015-11,listed,"[""swingdancecouncil""]",Westie's Angels,wsdc-270,snap_20260913T050943Z_63c65573e873,swingdancecouncil,2015-11-20,trial,2015
day,2015-12-13,2015-12-swingtimate,2015-12,listed,"[""swingdancecouncil""]",Swingtimate,wsdc-213,snap_20260913T051004Z_e0f6b15c7de4,swingdancecouncil,2015-12-11,registry,2015
day,2015-12-06,2015-12-the-after-party,2015-12,held,"[""registry"", ""swingdancecouncil""]",The After Party,wsdc-212,snap_20260913T051004Z_e0f6b15c7de4,swingdancecouncil,2015-12-03,registry,2015
day,2015-12-13,2015-12-the-challenge,2015-12,held,"[""registry"", ""swingdancecouncil""]",The Challenge,wsdc-239,snap_20260913T051004Z_e0f6b15c7de4,swingdancecouncil,2015-12-11,registry,2015
day,2015-12-06,2015-12-winter-white,2015-12,held,"[""registry"", ""swingdancecouncil""]",Winter White,wsdc-238,snap_20260913T051004Z_e0f6b15c7de4,swingdancecouncil,2015-12-04,registry,2015
month,,2016-01-floorplay-new-years-swing-vacation,2016-01,held,"[""registry"", ""swingdancecouncil""]",Floorplay New Years Swing Vacation,wsdc-42,snap_20260913T050824Z_b47e1d7bdc49,swingdancecouncil,,registry,2015
day,2016-01-17,2016-01-austin-swing-dance-championships,2016-01,held,"[""registry"", ""swingdancecouncil""]",Austin Swing Dance Championships,wsdc-200,snap_20260913T051004Z_e0f6b15c7de4,swingdancecouncil,2016-01-15,registry,2016
month,,2016-01-budafest-open-wcs-championships,2016-01,held,"[""registry""]",BudaFest Open WCS Championships,wsdc-184,snap_20260912T043113Z_318ccf7fe57a,wsdc_registry,,registry,2016
day,2016-01-31,2016-01-derby-city-swing,2016-01,held,"[""registry"", ""swingdancecouncil""]",Derby City Swing,wsdc-242,snap_20260913T051013Z_7d7d97809363,swingdancecouncil,2016-01-28,registry,2016
day,2016-01-24,2016-01-freedom-swing-dance-challenge,2016-01,held,"[""registry"", ""swingdancecouncil""]",Freedom Swing Dance Challenge,wsdc-183,snap_20260913T051004Z_e0f6b15c7de4,swingdancecouncil,2016-01-22,registry,2016
month,,2016-01-monterey-swingfest,2016-01,held,"[""registry"", ""swingdancecouncil""]",Monterey SwingFest,wsdc-62,snap_20260913T051004Z_e0f6b15c7de4,swingdancecouncil,,registry,2016
month,,2016-01-moscow-xmas-dance-camp,2016-01,held,"[""registry""]",Moscow Xmas Dance Camp,wsdc-241,snap_20260912T042930Z_1caf494b6561,wsdc_registry,,registry,2016
month,,2016-01-new-year-s-dance-extravaganza,2016-01,held,"[""registry""]",New Year's Dance Extravaganza,wsdc-39,snap_20260912T042920Z_a48c24c99cc6,wsdc_registry,,registry,2016
day,2016-01-02,2016-01-new-year-s-swing-fling,2016-01,held,"[""registry"", ""swingdancecouncil""]",New Year's Swing Fling,wsdc-214,snap_20260913T051023Z_de41000bfa60,swingdancecouncil,2015-12-28,registry,2016
month,,2016-01-palm-springs-new-years-swing-dance-classic,2016-01,held,"[""registry""]",Palm Springs New Years Swing Dance Classic,wsdc-195,snap_20260912T044431Z_4a49206b350f,wsdc_registry,,registry,2016
month,,2016-01-spotlight-dance-challenge,2016-01,held,"[""registry""]",Spotlight Dance Challenge,wsdc-141,snap_20260912T042950Z_0f4ccde0bda9,wsdc_registry,,registry,2016
day,2016-01-10,2016-01-sweden-westie-gala,2016-01,held,"[""registry"", ""swingdancecouncil""]",Sweden Westie Gala,wsdc-240,snap_20260913T051004Z_e0f6b15c7de4,swingdancecouncil,2016-01-06,registry,2016
day,2016-01-24,2016-01-swingcouver,2016-01,held,"[""registry"", ""swingdancecouncil""]",SwingCouver,wsdc-196,snap_20260913T051004Z_e0f6b15c7de4,swingdancecouncil,2016-01-21,registry,2016
month,,2016-01-worlds-ucwdc,2016-01,held,"[""registry""]",Worlds UCWDC,wsdc-75,snap_20260912T043552Z_3302988659fb,wsdc_registry,,registry,2016
month,,2016-02-5280-swing-dance-championships,2016-02,held,"[""registry""]",5280 Swing Dance Championships,wsdc-197,snap_20260912T043610Z_e9aa8e1b026f,wsdc_registry,,registry,2016
month,,2016-02-capital-swing-dance-convention,2016-02,held,"[""registry""]",Capital Swing Dance Convention,wsdc-12,snap_20260912T044334Z_5358766a98a9,wsdc_registry,,registry,2016
day,2016-02-07,2016-02-charlotte-westie-fest,2016-02,listed,"[""swingdancecouncil""]",Charlotte Westie Fest,wsdc-273,snap_20260913T050943Z_63c65573e873,swingdancecouncil,2016-02-05,trial,2016
day,2016-02-28,2016-02-dance-camp-chicago,2016-02,held,"[""registry"", ""swingdancecouncil""]",Dance Camp Chicago,wsdc-169,snap_20260913T051023Z_de41000bfa60,swingdancecouncil,2016-02-26,registry,2016
day,2016-02-22,2016-02-holy-land-open,2016-02,held,"[""registry"", ""swingdancecouncil""]",Holy Land Open,wsdc-245,snap_20260913T051023Z_de41000bfa60,swingdancecouncil,2016-02-18,registry,2016
day,2016-02-28,2016-02-rose-city-swing,2016-02,held,"[""registry"", ""swingdancecouncil""]",Rose City Swing,wsdc-244,snap_20260913T051023Z_de41000bfa60,swingdancecouncil,2016-02-25,registry,2016
day,2016-02-14,2016-02-sweetheart-swing-classic,2016-02,held,"[""registry"", ""swingdancecouncil""]",Sweetheart Swing Classic,wsdc-185,snap_20260913T051023Z_de41000bfa60,swingdancecouncil,2016-02-11,registry,2016
day,2016-02-07,2016-02-swing-snow,2016-02,held,"[""registry"", ""swingdancecouncil""]",Swing & Snow,wsdc-215,snap_20260913T051023Z_de41000bfa60,swingdancecouncil,2016-02-04,registry,2016
day,2016-02-07,2016-02-swingtzerland,2016-02,held,"[""registry"", ""swingdancecouncil""]",Swingtzerland,wsdc-258,snap_20260913T050943Z_63c65573e873,swingdancecouncil,2016-02-05,registry,2016
day,2016-03-20,2016-03-boston-tea-party,2016-03,held,"[""registry"", ""swingdancecouncil""]",Boston Tea Party,wsdc-9,snap_20260913T051023Z_de41000bfa60,swingdancecouncil,2016-03-17,registry,2016
day,2016-03-13,2016-03-high-desert-dance-classic,2016-03,held,"[""registry"", ""swingdancecouncil""]",High Desert Dance Classic,wsdc-143,snap_20260913T051023Z_de41000bfa60,swingdancecouncil,2016-03-11,registry,2016
day,2016-03-09,2016-03-mid-atlantic-dance-jam,2016-03,held,"[""registry"", ""swingdancecouncil""]",Mid-Atlantic Dance Jam,wsdc-92,snap_20260913T051023Z_de41000bfa60,swingdancecouncil,2016-03-03,registry,2016
day,2016-03-20,2016-03-novice-invitational,2016-03,held,"[""registry"", ""swingdancecouncil""]",Novice Invitational,wsdc-153,snap_20260913T051023Z_de41000bfa60,swingdancecouncil,2016-03-18,registry,2016
day,2016-03-27,2016-03-russian-open-wcs-championships,2016-03,held,"[""registry"", ""swingdancecouncil""]",Russian Open WCS Championships,wsdc-170,snap_20260913T051023Z_de41000bfa60,swingdancecouncil,2016-03-24,registry,2016
day,2016-03-27,2016-03-san-diego-dance-festival,2016-03,held,"[""registry"", ""swingdancecouncil""]",San Diego Dance Festival,wsdc-217,snap_20260913T051023Z_de41000bfa60,swingdancecouncil,2016-03-24,registry,2016
month,,2016-03-seattle-s-easter-swing,2016-03,held,"[""registry""]",Seattle's Easter Swing,wsdc-18,snap_20260912T044136Z_3a5a90f87234,wsdc_registry,,registry,2016
day,2016-03-27,2016-03-swing-over-orlando,2016-03,held,"[""registry"", ""swingdancecouncil""]",Swing Over Orlando,wsdc-259,snap_20260913T051023Z_de41000bfa60,swingdancecouncil,2016-03-25,registry,2016
day,2016-03-20,2016-03-the-brazilian-open-championships,2016-03,held,"[""registry"", ""swingdancecouncil""]",The Brazilian Open Championships,wsdc-216,snap_20260913T051023Z_de41000bfa60,swingdancecouncil,2016-03-18,registry,2016
day,2016-03-13,2016-03-the-chicago-classic,2016-03,held,"[""registry"", ""swingdancecouncil""]",The Chicago Classic,wsdc-142,snap_20260913T051023Z_de41000bfa60,swingdancecouncil,2016-03-10,registry,2016
month,,2016-03-west-in-lyon,2016-03,held,"[""registry"", ""swingdancecouncil""]",West In Lyon,wsdc-186,snap_20260913T051023Z_de41000bfa60,swingdancecouncil,,registry,2016
day,2016-04-24,2016-04-asia-west-coast-swing-open,2016-04,held,"[""registry"", ""swingdancecouncil""]",Asia West Coast Swing Open,wsdc-218,snap_20260913T051023Z_de41000bfa60,swingdancecouncil,2016-04-21,registry,2016
day,2016-04-10,2016-04-austrian-wcs-spectacle,2016-04,held,"[""registry"", ""swingdancecouncil""]",Austrian WCS Spectacle,wsdc-247,snap_20260913T051023Z_de41000bfa60,swingdancecouncil,2016-04-08,registry,2016
month,,2016-04-city-of-angels,2016-04,held,"[""registry""]",City of Angels,wsdc-187,snap_20260912T053155Z_96110be05476,wsdc_registry,,registry,2016
day,2016-04-24,2016-04-detonation-dance,2016-04,held,"[""registry"", ""swingdancecouncil""]",Detonation Dance ,wsdc-203,snap_20260913T051023Z_de41000bfa60,swingdancecouncil,2016-04-21,registry,2016
month,,2016-04-san-diego-dance-festival,2016-04,listed,"[""swingdancecouncil""]",San Diego Dance Festival,wsdc-217,snap_20260913T050843Z_ac31baa840e2,swingdancecouncil,,registry,2016
month,,2016-04-swing-escape,2016-04,held,"[""registry""]",Swing Escape,wsdc-246,snap_20260912T044401Z_274b28b3d5be,wsdc_registry,,registry,2016
month,,2016-04-tulsa-spring-swing,2016-04,held,"[""registry""]",Tulsa Spring Swing,wsdc-132,snap_20260912T044418Z_996435f4ee1e,wsdc_registry,,registry,2016
day,2016-04-04,2016-04-uk-european-wcs-championships,2016-04,held,"[""registry"", ""swingdancecouncil""]",UK & European WCS Championships,wsdc-198,snap_20260913T051023Z_de41000bfa60,swingdancecouncil,2016-03-31,registry,2016
month,,2016-05-canadian-swing-championships,2016-05,held,"[""registry""]",Canadian Swing Championships,wsdc-105,snap_20260912T045404Z_d983080e0f18,wsdc_registry,,registry,2016
day,2016-05-08,2016-05-french-open-west-coast-swing,2016-05,held,"[""registry"", ""swingdancecouncil""]",French Open West Coast Swing,wsdc-175,snap_20260913T051023Z_de41000bfa60,swingdancecouncil,2016-05-05,registry,2016
day,2016-05-30,2016-05-frezno-dance-classic,2016-05,held,"[""registry"", ""swingdancecouncil""]",FreZno Dance Classic,wsdc-20,snap_20260913T051023Z_de41000bfa60,swingdancecouncil,2016-05-26,registry,2016
day,2016-05-29,2016-05-hungarian-open,2016-05,held,"[""registry"", ""swingdancecouncil""]",Hungarian Open,wsdc-206,snap_20260913T051023Z_de41000bfa60,swingdancecouncil,2016-05-27,registry,2016
day,2016-05-09,2016-05-kiwi-fest,2016-05,held,"[""registry"", ""swingdancecouncil""]",KIWI Fest,wsdc-219,snap_20260913T051023Z_de41000bfa60,swingdancecouncil,2016-05-06,registry,2016
day,2016-05-01,2016-05-midatlantic-dance-classic,2016-05,held,"[""registry"", ""swingdancecouncil""]",MidAtlantic Dance Classic,wsdc-201,snap_20260913T051023Z_de41000bfa60,swingdancecouncil,2016-04-28,registry,2016
month,,2016-05-nordic-wcs-championships,2016-05,held,"[""registry""]",Nordic WCS Championships,wsdc-253,snap_20260912T044739Z_be4a63bc17bf,wsdc_registry,,registry,2016
day,2016-05-30,2016-05-show-me-showdown,2016-05,held,"[""registry"", ""swingdancecouncil""]",Show-Me Showdown,wsdc-221,snap_20260913T051023Z_de41000bfa60,swingdancecouncil,2016-05-27,registry,2016
month,,2016-05-soswing,2016-05,held,"[""registry""]",SOswing,wsdc-205,snap_20260912T055147Z_1ec2eee63189,wsdc_registry,,registry,2016
day,2016-05-02,2016-05-swing-dance-america,2016-05,held,"[""registry"", ""swingdancecouncil""]",Swing Dance America,wsdc-134,snap_20260913T051023Z_de41000bfa60,swingdancecouncil,2016-04-28,registry,2016
day,2016-05-15,2016-05-swingdiego,2016-05,held,"[""registry"", ""swingdancecouncil""]",SwingDiego,wsdc-61,snap_20260913T051023Z_de41000bfa60,swingdancecouncil,2016-05-12,registry,2016
day,2016-05-01,2016-05-swingin-into-spring,2016-05,held,"[""registry"", ""swingdancecouncil""]",Swingin' Into Spring,wsdc-144,snap_20260913T051023Z_de41000bfa60,swingdancecouncil,2016-04-28,registry,2016
day,2016-05-22,2016-05-swingsation,2016-05,held,"[""registry"", ""swingdancecouncil""]",Swingsation,wsdc-174,snap_20260913T051023Z_de41000bfa60,swingdancecouncil,2016-05-19,registry,2016
day,2016-05-22,2016-05-the-texas-classic,2016-05,held,"[""registry"", ""swingdancecouncil""]",The Texas Classic,wsdc-121,snap_20260913T051023Z_de41000bfa60,swingdancecouncil,2016-05-19,registry,2016
month,,2016-05-usa-grand-nationals,2016-05,held,"[""registry""]",USA Grand Nationals,wsdc-22,snap_20260912T045009Z_ac66fce6d2ab,wsdc_registry,,registry,2016
day,2016-06-05,2016-06-baltic-swing,2016-06,held,"[""calendar"", ""registry"", ""swingdancecouncil""]",Baltic Swing,wsdc-222,snap_20260913T051244Z_a3c08b0b73ee,wsdc_calendar,2016-06-03,registry,2016
day,2016-06-26,2016-06-colorado-country-classic,2016-06,held,"[""calendar"", ""registry"", ""swingdancecouncil""]",Colorado Country Classic,wsdc-109,snap_20260913T051244Z_a3c08b0b73ee,wsdc_calendar,2016-06-23,registry,2016
day,2016-06-19,2016-06-d-townswing,2016-06,held,"[""calendar"", ""registry"", ""swingdancecouncil""]",D-Townswing,wsdc-220,snap_20260913T051244Z_a3c08b0b73ee,wsdc_calendar,2016-06-16,registry,2016
day,2016-06-20,2016-06-dance-n-play,2016-06,held,"[""registry"", ""swingdancecouncil""]",Dance N Play,wsdc-207,snap_20260913T051023Z_de41000bfa60,swingdancecouncil,2016-06-16,registry,2016
day,2016-06-20,2016-06-finnfest,2016-06,held,"[""calendar"", ""registry"", ""swingdancecouncil""]",Finnfest,wsdc-254,snap_20260913T051244Z_a3c08b0b73ee,wsdc_calendar,2016-06-16,registry,2016
month,,2016-06-j-j-o-rama,2016-06,held,"[""registry"", ""swingdancecouncil""]",J&J O'Rama,wsdc-25,snap_20260913T051023Z_de41000bfa60,swingdancecouncil,,registry,2016
month,,2016-06-liberty-swing-dance-championships,2016-06,held,"[""registry""]",Liberty Swing Dance Championships,wsdc-96,snap_20260912T045533Z_d2ff20c67921,wsdc_registry,,registry,2016
day,2016-06-05,2016-06-michigan-dance-classic,2016-06,held,"[""calendar"", ""registry"", ""swingdancecouncil""]",Michigan Dance Classic,wsdc-76,snap_20260913T051244Z_a3c08b0b73ee,wsdc_calendar,2016-06-02,registry,2016
month,,2016-06-neverland-swing,2016-06,held,"[""registry""]",Neverland Swing,wsdc-261,snap_20260912T045916Z_0e1e408168e0,wsdc_registry,,registry,2016
month,,2016-06-nsw-west-coast-swing-dance-championships,2016-06,held,"[""registry""]",NSW West Coast Swing Dance Championships,wsdc-188,snap_20260912T045410Z_ce9dd73583a4,wsdc_registry,,registry,2016
day,2016-06-12,2016-06-orange-blossom-dance-festival,2016-06,held,"[""calendar"", ""registry"", ""swingdancecouncil""]",Orange Blossom Dance Festival,wsdc-117,snap_20260913T051244Z_a3c08b0b73ee,wsdc_calendar,2016-06-10,registry,2016
day,2016-06-05,2016-06-slingshot-swing,2016-06,held,"[""calendar"", ""registry"", ""swingdancecouncil""]",Slingshot Swing,wsdc-223,snap_20260913T051244Z_a3c08b0b73ee,wsdc_calendar,2016-06-03,registry,2016
day,2016-06-19,2016-06-swingapalooza,2016-06,held,"[""calendar"", ""registry"", ""swingdancecouncil""]",Swingapalooza,wsdc-162,snap_20260913T051244Z_a3c08b0b73ee,wsdc_calendar,2016-06-17,registry,2016
day,2016-07-31,2016-07-arizona-dance-classic,2016-07,held,"[""calendar"", ""registry""]",Arizona Dance Classic,wsdc-77,snap_20260913T051323Z_5eacfc6206a3,wsdc_calendar,2016-07-28,registry,2016
month,,2016-07-big-apple-dance-festival,2016-07,held,"[""registry""]",Big Apple Dance Festival,wsdc-156,snap_20260912T081406Z_b2cb834fd6f2,wsdc_registry,,registry,2016
day,2016-07-17,2016-07-florida-dance-magic,2016-07,held,"[""calendar"", ""registry"", ""swingdancecouncil""]",Florida Dance Magic,wsdc-149,snap_20260913T051323Z_5eacfc6206a3,wsdc_calendar,2016-07-14,registry,2016
day,2016-07-04,2016-07-ft-lauderdale-swing-shag-beach-bash,2016-07,held,"[""calendar"", ""registry"", ""swingdancecouncil""]",Ft. Lauderdale Swing & Shag Beach Bash,wsdc-226,snap_20260913T051244Z_a3c08b0b73ee,wsdc_calendar,2016-06-30,registry,2016
day,2016-07-03,2016-07-indy-dance-explosion,2016-07,held,"[""calendar"", ""registry""]",Indy Dance Explosion,wsdc-255,snap_20260913T051244Z_a3c08b0b73ee,wsdc_calendar,2016-06-30,registry,2016
day,2016-07-03,2016-07-neverland-swing,2016-07,listed,"[""calendar""]",Neverland Swing ,wsdc-261,snap_20260913T051244Z_a3c08b0b73ee,wsdc_calendar,2016-07-01,registry,2016
day,2016-07-24,2016-07-new-orleans-dance-mardi-gras,2016-07,held,"[""calendar"", ""registry"", ""swingdancecouncil""]",New Orleans Dance Mardi Gras,wsdc-148,snap_20260913T051323Z_5eacfc6206a3,wsdc_calendar,2016-07-21,registry,2016
month,,2016-07-of-july-convention,2016-07,held,"[""registry""]",4TH of July Convention,wsdc-1,snap_20260912T053149Z_a83d0c220784,wsdc_registry,,registry,2016
day,2016-07-10,2016-07-portland-dance-festival,2016-07,held,"[""calendar"", ""registry"", ""swingdancecouncil""]",Portland Dance Festival,wsdc-44,snap_20260913T051244Z_a3c08b0b73ee,wsdc_calendar,2016-07-08,registry,2016
day,2016-07-24,2016-07-rock-the-barn,2016-07,held,"[""calendar"", ""registry"", ""swingdancecouncil""]",Rock The Barn,wsdc-256,snap_20260913T051323Z_5eacfc6206a3,wsdc_calendar,2016-07-21,registry,2016
day,2016-07-24,2016-07-sacramento-all-swing,2016-07,listed,"[""calendar""]",Sacramento All Swing,wsdc-281,snap_20260913T051244Z_a3c08b0b73ee,wsdc_calendar,2016-07-21,unknown,2016
day,2016-07-03,2016-07-sao-paulo-swing-dance-championships,2016-07,held,"[""calendar"", ""registry"", ""swingdancecouncil""]",Sao Paulo Swing Dance Championships,wsdc-260,snap_20260913T051244Z_a3c08b0b73ee,wsdc_calendar,2016-07-01,registry,2016
day,2016-07-18,2016-07-sincity-swing,2016-07,listed,"[""calendar"", ""swingdancecouncil""]",SinCity Swing,wsdc-209,snap_20260913T051244Z_a3c08b0b73ee,wsdc_calendar,2016-07-14,registry,2016
day,2016-07-24,2016-07-swing-it-like-it-s-hot,2016-07,held,"[""calendar"", ""registry""]",Swing It Like It's Hot,wsdc-262,snap_20260913T051323Z_5eacfc6206a3,wsdc_calendar,2016-07-21,registry,2016
day,2016-07-16,2016-07-swing-snow,2016-07,listed,"[""calendar""]",Swing & Snow,wsdc-215,snap_20260913T051244Z_a3c08b0b73ee,wsdc_calendar,2016-07-13,registry,2016
month,,2016-07-swingtime-in-the-rockies,2016-07,held,"[""registry""]",Swingtime in the Rockies,wsdc-66,snap_20260912T050012Z_1b214d5d8577,wsdc_registry,,registry,2016
day,2016-07-18,2016-07-toronto-open-swing-hustle-championships,2016-07,held,"[""calendar"", ""registry"", ""swingdancecouncil""]",Toronto Open Swing & Hustle Championships,wsdc-147,snap_20260913T051244Z_a3c08b0b73ee,wsdc_calendar,2016-07-14,registry,2016
day,2016-07-03,2016-07-wild-wild-westie,2016-07,held,"[""calendar"", ""registry"", ""swingdancecouncil""]",Wild Wild Westie,wsdc-225,snap_20260913T051244Z_a3c08b0b73ee,wsdc_calendar,2016-06-30,registry,2016
day,2016-08-21,2016-08-chicagoland-country-swing-dance-festival,2016-08,listed,"[""calendar"", ""swingdancecouncil""]",Chicagoland Country & Swing Dance Festival,wsdc-99,snap_20260913T051244Z_a3c08b0b73ee,wsdc_calendar,2016-08-19,registry,2016
day,2016-08-21,2016-08-chicagoland-dance-festival,2016-08,held,"[""calendar"", ""registry""]",Chicagoland Dance Festival,wsdc-119,snap_20260913T051323Z_5eacfc6206a3,wsdc_calendar,2016-08-19,registry,2016
day,2016-08-14,2016-08-german-open-wcs-championships,2016-08,listed,"[""calendar""]",German Open WCS Championships,wsdc-282,snap_20260913T051323Z_5eacfc6206a3,wsdc_calendar,2016-08-11,registry,2016
day,2016-08-14,2016-08-lone-star-invitational,2016-08,held,"[""calendar"", ""registry"", ""swingdancecouncil""]",Lone Star Invitational,wsdc-120,snap_20260913T051323Z_5eacfc6206a3,wsdc_calendar,2016-08-12,registry,2016
day,2016-08-07,2016-08-midwest-westie-fest,2016-08,held,"[""calendar"", ""registry""]",Midwest Westie Fest,wsdc-224,snap_20260913T051323Z_5eacfc6206a3,wsdc_calendar,2016-08-05,registry,2016
day,2016-08-14,2016-08-new-england-dance-festival,2016-08,held,"[""calendar"", ""registry""]",New England Dance Festival,wsdc-157,snap_20260913T051323Z_5eacfc6206a3,wsdc_calendar,2016-08-11,registry,2016
day,2016-08-15,2016-08-palm-springs-summer-dance-classic,2016-08,held,"[""calendar"", ""registry"", ""swingdancecouncil""]",Palm Springs Summer Dance Classic,wsdc-51,snap_20260913T051323Z_5eacfc6206a3,wsdc_calendar,2016-08-11,registry,2016
day,2016-08-14,2016-08-riga-summer-swing,2016-08,held,"[""calendar"", ""registry""]",Riga Summer Swing,wsdc-263,snap_20260913T051323Z_5eacfc6206a3,wsdc_calendar,2016-08-11,registry,2016
month,,2016-08-sea-sun-and-swing,2016-08,held,"[""registry""]",Sea Sun and Swing,wsdc-164,snap_20260912T050506Z_65ed0aac02ff,wsdc_registry,,registry,2016
day,2016-08-28,2016-08-summer-hummer,2016-08,held,"[""calendar"", ""registry"", ""swingdancecouncil""]",Summer Hummer,wsdc-53,snap_20260913T051323Z_5eacfc6206a3,wsdc_calendar,2016-08-25,registry,2016
day,2016-08-04,2016-08-summer-swing-classic,2016-08,listed,"[""calendar"", ""swingdancecouncil""]",Summer Swing Classic,wsdc-228,snap_20260913T051244Z_a3c08b0b73ee,wsdc_calendar,2016-08-01,registry,2016
day,2016-08-21,2016-08-swedish-swing-summer-camp,2016-08,held,"[""calendar"", ""registry""]",Swedish Swing Summer Camp,wsdc-264,snap_20260913T051323Z_5eacfc6206a3,wsdc_calendar,2016-08-19,registry,2016
day,2016-08-14,2016-08-swing-fling,2016-08,held,"[""calendar"", ""registry"", ""swingdancecouncil""]",Swing Fling,wsdc-59,snap_20260913T051323Z_5eacfc6206a3,wsdc_calendar,2016-08-11,registry,2016
day,2016-08-07,2016-08-swingtacular,2016-08,held,"[""calendar"", ""registry"", ""swingdancecouncil""]",Swingtacular,wsdc-227,snap_20260913T051323Z_5eacfc6206a3,wsdc_calendar,2016-08-05,registry,2016
day,2016-08-07,2016-08-tampa-bay-classic,2016-08,held,"[""calendar"", ""registry""]",Tampa Bay Classic,wsdc-137,snap_20260913T051323Z_5eacfc6206a3,wsdc_calendar,2016-08-04,registry,2016
day,2016-09-11,2016-09-bavarian-open,2016-09,held,"[""calendar"", ""registry""]",Bavarian Open,wsdc-233,snap_20260913T051323Z_5eacfc6206a3,wsdc_calendar,2016-09-08,registry,2016
day,2016-09-18,2016-09-best-of-the-best,2016-09,held,"[""calendar"", ""registry"", ""swingdancecouncil""]",Best of the Best,wsdc-167,snap_20260913T051323Z_5eacfc6206a3,wsdc_calendar,2016-09-15,registry,2016
day,2016-09-04,2016-09-dallas-d-a-n-c-e,2016-09,held,"[""calendar"", ""registry"", ""swingdancecouncil""]",Dallas D.A.N.C.E.,wsdc-15,snap_20260913T051323Z_5eacfc6206a3,wsdc_calendar,2016-09-02,registry,2016
day,2016-09-04,2016-09-desert-city-swing,2016-09,held,"[""calendar"", ""registry"", ""swingdancecouncil""]",Desert City Swing,wsdc-135,snap_20260913T051323Z_5eacfc6206a3,wsdc_calendar,2016-09-02,registry,2016
day,2016-09-25,2016-09-meet-me-in-st-louis,2016-09,held,"[""calendar"", ""registry"", ""swingdancecouncil""]",Meet Me In St Louis,wsdc-131,snap_20260913T051323Z_5eacfc6206a3,wsdc_calendar,2016-09-22,registry,2016
day,2016-09-18,2016-09-norway-westie-fest,2016-09,held,"[""calendar"", ""registry"", ""swingdancecouncil""]",Norway Westie Fest,wsdc-232,snap_20260913T051323Z_5eacfc6206a3,wsdc_calendar,2016-09-15,registry,2016
day,2016-09-25,2016-09-philly-swing-classic,2016-09,held,"[""calendar"", ""registry""]",Philly Swing Classic,wsdc-234,snap_20260913T051323Z_5eacfc6206a3,wsdc_calendar,2016-09-23,registry,2016
day,2016-09-04,2016-09-river-city-swing,2016-09,held,"[""calendar"", ""registry"", ""swingdancecouncil""]",River City Swing,wsdc-177,snap_20260913T051323Z_5eacfc6206a3,wsdc_calendar,2016-09-02,registry,2016
day,2016-09-18,2016-09-rocky-mountain-5-dance,2016-09,held,"[""calendar"", ""registry""]",Rocky Mountain 5 Dance,wsdc-266,snap_20260913T051323Z_5eacfc6206a3,wsdc_calendar,2016-09-16,registry,2016
day,2016-09-04,2016-09-south-bay-cw-dance-festival,2016-09,held,"[""calendar"", ""registry"", ""swingdancecouncil""]",South Bay CW Dance Festival,wsdc-48,snap_20260913T051323Z_5eacfc6206a3,wsdc_calendar,2016-09-01,registry,2016
month,,2016-09-sunny-side-dance-camp,2016-09,held,"[""registry""]",Sunny Side Dance Camp,wsdc-230,snap_20260912T050906Z_bbfada74644a,wsdc_registry,,registry,2016
day,2016-09-11,2016-09-swing-fling,2016-09,listed,"[""swingdancecouncil""]",Swing Fling,wsdc-59,snap_20260913T050843Z_ac31baa840e2,swingdancecouncil,2016-09-08,registry,2016
day,2016-09-11,2016-09-swing-trilogy,2016-09,held,"[""calendar"", ""registry"", ""swingdancecouncil""]",Swing Trilogy,wsdc-231,snap_20260913T051323Z_5eacfc6206a3,wsdc_calendar,2016-09-08,registry,2016
day,2016-09-18,2016-09-tampa-bay-classic,2016-09,listed,"[""swingdancecouncil""]",Tampa Bay Classic,wsdc-137,snap_20260913T051023Z_de41000bfa60,swingdancecouncil,2016-09-15,registry,2016
day,2016-09-11,2016-09-upstate-dance-challenge,2016-09,held,"[""calendar"", ""registry"", ""swingdancecouncil""]",Upstate Dance Challenge,wsdc-265,snap_20260913T051323Z_5eacfc6206a3,wsdc_calendar,2016-09-09,registry,2016
day,2016-10-02,2016-10-atlanta-swing-classic,2016-10,held,"[""calendar"", ""registry"", ""swingdancecouncil""]",Atlanta Swing Classic,wsdc-211,snap_20260913T051323Z_5eacfc6206a3,wsdc_calendar,2016-09-30,registry,2016
day,2016-10-09,2016-10-boogie-by-the-bay,2016-10,held,"[""calendar"", ""registry"", ""swingdancecouncil""]",Boogie By The Bay,wsdc-8,snap_20260913T051323Z_5eacfc6206a3,wsdc_calendar,2016-10-06,registry,2016
month,,2016-10-bridgetown-swing-boogie,2016-10,held,"[""registry""]",Bridgetown Swing Boogie,wsdc-10,snap_20260912T051255Z_bd3b52f2e9b3,wsdc_registry,,registry,2016
day,2016-10-30,2016-10-halloween-swingthing,2016-10,held,"[""calendar"", ""registry"", ""swingdancecouncil""]",Halloween SwingThing,wsdc-65,snap_20260913T051323Z_5eacfc6206a3,wsdc_calendar,2016-10-28,registry,2016
day,2016-10-16,2016-10-italian-open,2016-10,held,"[""calendar"", ""registry""]",Italian Open,wsdc-257,snap_20260913T051323Z_5eacfc6206a3,wsdc_calendar,2016-10-13,registry,2016
day,2016-10-23,2016-10-korea-westival,2016-10,held,"[""calendar"", ""registry""]",Korea Westival,wsdc-268,snap_20260913T051323Z_5eacfc6206a3,wsdc_calendar,2016-10-21,registry,2016
month,,2016-10-midland-swing-open,2016-10,held,"[""registry""]",Midland Swing Open,wsdc-165,snap_20260912T051136Z_48af421ebc73,wsdc_registry,,registry,2016
day,2016-10-16,2016-10-montreal-wcs-fest,2016-10,held,"[""calendar"", ""registry"", ""swingdancecouncil""]",Montreal WCS Fest,wsdc-178,snap_20260913T051323Z_5eacfc6206a3,wsdc_calendar,2016-10-14,registry,2016
day,2016-10-16,2016-10-new-zealand-open-swing-dance-championships,2016-10,held,"[""calendar"", ""registry"", ""swingdancecouncil""]",New Zealand Open Swing Dance Championships,wsdc-179,snap_20260913T051323Z_5eacfc6206a3,wsdc_calendar,2016-10-14,registry,2016
day,2016-10-02,2016-10-old-town-swing,2016-10,listed,"[""calendar""]",Old Town Swing,wsdc-285,snap_20260913T051244Z_a3c08b0b73ee,wsdc_calendar,2016-09-30,unknown,2016
day,2016-10-23,2016-10-paradise-country-dance-festival,2016-10,held,"[""calendar"", ""registry"", ""swingdancecouncil""]",Paradise Country Dance Festival,wsdc-43,snap_20260913T051323Z_5eacfc6206a3,wsdc_calendar,2016-10-21,registry,2016
month,,2016-10-philly-swing-classic,2016-10,listed,"[""swingdancecouncil""]",Philly Swing Classic,wsdc-234,snap_20260913T051023Z_de41000bfa60,swingdancecouncil,,registry,2016
day,2016-10-30,2016-10-swing-city-chicago,2016-10,held,"[""calendar"", ""registry"", ""swingdancecouncil""]",Swing City Chicago,wsdc-125,snap_20260913T051323Z_5eacfc6206a3,wsdc_calendar,2016-10-28,registry,2016
day,2016-10-16,2016-10-swustlicious,2016-10,held,"[""calendar"", ""registry""]",Swustlicious,wsdc-267,snap_20260913T051323Z_5eacfc6206a3,wsdc_calendar,2016-10-14,registry,2016
day,2016-10-30,2016-10-warsaw-halloween-swing,2016-10,held,"[""calendar"", ""registry"", ""swingdancecouncil""]",Warsaw Halloween Swing,wsdc-236,snap_20260913T051323Z_5eacfc6206a3,wsdc_calendar,2016-10-28,registry,2016
day,2016-10-22,2016-10-wcs-festival,2016-10,listed,"[""calendar""]",WCS Festival,wsdc-286,snap_20260913T051323Z_5eacfc6206a3,wsdc_calendar,2016-10-20,registry,2016
day,2016-11-13,2016-11-autumn-swing-challenge,2016-11,held,"[""calendar"", ""registry""]",Autumn Swing Challenge,wsdc-269,snap_20260913T051323Z_5eacfc6206a3,wsdc_calendar,2016-11-11,registry,2016
day,2016-11-27,2016-11-c-a-s-h-bash-weekend,2016-11,held,"[""calendar"", ""registry"", ""swingdancecouncil""]",C.A.S.H. Bash Weekend,wsdc-87,snap_20260913T051323Z_5eacfc6206a3,wsdc_calendar,2016-11-25,registry,2016
day,2016-11-20,2016-11-dc-swing-experience,2016-11,held,"[""calendar"", ""registry"", ""swingdancecouncil""]",DC Swing eXperience,wsdc-181,snap_20260913T051323Z_5eacfc6206a3,wsdc_calendar,2016-11-17,registry,2016
day,2016-11-19,2016-11-london-swingvitational,2016-11,cancelled,"[""calendar"", ""swingdancecouncil""]",London SWINGvitational (On Hiatus),wsdc-166,snap_20260913T051203Z_a0219560bfe8,wsdc_calendar,2016-11-18,registry,2016
day,2016-11-06,2016-11-moscow-westie-dance-fest,2016-11,held,"[""calendar"", ""registry"", ""swingdancecouncil""]",Moscow Westie Dance Fest,wsdc-194,snap_20260913T051323Z_5eacfc6206a3,wsdc_calendar,2016-11-03,registry,2016
day,2016-11-06,2016-11-mountain-magic,2016-11,held,"[""calendar"", ""registry"", ""swingdancecouncil""]",Mountain Magic,wsdc-31,snap_20260913T051323Z_5eacfc6206a3,wsdc_calendar,2016-11-03,registry,2016
day,2016-11-06,2016-11-scandinavian-open,2016-11,held,"[""calendar"", ""registry""]",Scandinavian Open,wsdc-229,snap_20260913T051323Z_5eacfc6206a3,wsdc_calendar,2016-11-04,registry,2016
day,2016-11-06,2016-11-sea-to-sky,2016-11,held,"[""calendar"", ""registry"", ""swingdancecouncil""]",Sea to Sky,wsdc-79,snap_20260913T051323Z_5eacfc6206a3,wsdc_calendar,2016-11-04,registry,2016
day,2016-11-13,2016-11-swingin-new-england-dance-festival,2016-11,held,"[""calendar"", ""registry"", ""swingdancecouncil""]",Swingin' New England Dance Festival,wsdc-63,snap_20260913T051323Z_5eacfc6206a3,wsdc_calendar,2016-11-11,registry,2016
day,2016-11-27,2016-11-us-open-swing-dance-championships,2016-11,held,"[""calendar"", ""registry"", ""swingdancecouncil""]",US Open Swing Dance Championships,wsdc-68,snap_20260913T051323Z_5eacfc6206a3,wsdc_calendar,2016-11-24,registry,2016
day,2016-11-03,2016-11-warsaw-halloween-swing,2016-11,listed,"[""calendar""]",Warsaw Halloween Swing,wsdc-236,snap_20260913T051244Z_a3c08b0b73ee,wsdc_calendar,2016-10-28,registry,2016
day,2016-11-06,2016-11-wcs-helsinki,2016-11,held,"[""calendar"", ""registry""]",WCS Helsinki,wsdc-237,snap_20260913T051323Z_5eacfc6206a3,wsdc_calendar,2016-11-04,registry,2016
day,2016-11-13,2016-11-westie-s-angels,2016-11,held,"[""calendar"", ""registry""]",Westie's Angels,wsdc-270,snap_20260913T051323Z_5eacfc6206a3,wsdc_calendar,2016-11-10,registry,2016
day,2016-12-11,2016-12-berlin-swing-revolution,2016-12,held,"[""calendar"", ""newsletter"", ""registry""]",Berlin Swing Revolution,wsdc-271,snap_20260913T052910Z_44c788523cf4,wsdc_newsletter,2016-12-09,registry,2016
day,2016-12-11,2016-12-swingtimate,2016-12,held,"[""calendar"", ""newsletter"", ""registry"", ""swingdancecouncil""]",Swingtimate,wsdc-213,snap_20260913T052910Z_44c788523cf4,wsdc_newsletter,2016-12-09,registry,2016
day,2016-12-04,2016-12-the-after-party,2016-12,held,"[""calendar"", ""newsletter"", ""registry"", ""swingdancecouncil""]",The After Party,wsdc-212,snap_20260913T052910Z_44c788523cf4,wsdc_newsletter,2016-12-01,registry,2016
day,2016-12-11,2016-12-the-challenge,2016-12,listed,"[""calendar"", ""swingdancecouncil""]",The Challenge,wsdc-239,snap_20260913T051203Z_a0219560bfe8,wsdc_calendar,2016-12-09,registry,2016
day,2016-12-04,2016-12-winter-white,2016-12,held,"[""calendar"", ""newsletter"", ""registry"", ""swingdancecouncil""]",Winter White,wsdc-238,snap_20260913T052910Z_44c788523cf4,wsdc_newsletter,2016-12-02,registry,2016
day,2017-01-15,2017-01-austin-swing-dance-championships,2017-01,held,"[""calendar"", ""newsletter"", ""registry""]",Austin Swing Dance Championships,wsdc-200,snap_20260913T052910Z_44c788523cf4,wsdc_newsletter,2017-01-12,registry,2017
day,2017-01-08,2017-01-budafest-open-wcs-championships,2017-01,held,"[""calendar"", ""registry""]",BudaFest Open WCS Championships,wsdc-184,snap_20260913T051323Z_5eacfc6206a3,wsdc_calendar,2017-01-06,registry,2017
day,2017-01-29,2017-01-derby-city-swing,2017-01,held,"[""calendar"", ""newsletter"", ""registry""]",Derby City Swing,wsdc-242,snap_20260913T052910Z_44c788523cf4,wsdc_newsletter,2017-01-26,registry,2017
month,,2017-01-floorplay-new-years-swing-vacation,2017-01,held,"[""registry""]",Floorplay New Years Swing Vacation,wsdc-42,snap_20260912T052148Z_a3266789cac5,wsdc_registry,,registry,2017
day,2017-01-15,2017-01-freedom-swing-dance-challenge,2017-01,held,"[""calendar"", ""newsletter"", ""registry""]",Freedom Swing Dance Challenge,wsdc-183,snap_20260913T052910Z_44c788523cf4,wsdc_newsletter,2017-01-13,registry,2017
day,2017-01-15,2017-01-monterey-swingfest,2017-01,held,"[""calendar"", ""newsletter"", ""registry""]",Monterey SwingFest,wsdc-62,snap_20260913T052910Z_44c788523cf4,wsdc_newsletter,2017-01-11,registry,2017
day,2017-01-08,2017-01-moscow-xmas-dance-camp,2017-01,held,"[""calendar"", ""registry""]",Moscow Xmas Dance Camp,wsdc-241,snap_20260913T051323Z_5eacfc6206a3,wsdc_calendar,2017-01-06,registry,2017
day,2017-01-01,2017-01-new-year-s-dance-extravaganza,2017-01,held,"[""calendar"", ""newsletter"", ""registry""]",New Year's Dance Extravaganza,wsdc-39,snap_20260913T052910Z_44c788523cf4,wsdc_newsletter,2016-12-29,registry,2017
day,2017-01-02,2017-01-new-year-s-swing-fling,2017-01,held,"[""calendar"", ""newsletter"", ""registry""]",New Year's Swing Fling,wsdc-214,snap_20260913T052910Z_44c788523cf4,wsdc_newsletter,2016-12-29,registry,2017
day,2017-01-02,2017-01-palm-springs-new-years-swing-dance-classic,2017-01,held,"[""calendar"", ""newsletter"", ""registry""]",Palm Springs New Years Swing Dance Classic,wsdc-195,snap_20260913T052910Z_44c788523cf4,wsdc_newsletter,2016-12-29,registry,2017
month,,2017-01-paris-westie-fest,2017-01,held,"[""registry""]",Paris Westie Fest,wsdc-272,snap_20260912T052557Z_6653fc34862c,wsdc_registry,,registry,2017
day,2017-01-02,2017-01-spotlight-dance-challenge,2017-01,held,"[""calendar"", ""registry""]",Spotlight Dance Challenge,wsdc-141,snap_20260913T051323Z_5eacfc6206a3,wsdc_calendar,2016-12-30,registry,2017
day,2017-01-08,2017-01-sweden-westie-gala,2017-01,held,"[""calendar"", ""newsletter"", ""registry""]",Sweden Westie Gala,wsdc-240,snap_20260913T052910Z_44c788523cf4,wsdc_newsletter,2017-01-06,registry,2017
day,2017-01-21,2017-01-swingcouver,2017-01,held,"[""calendar"", ""newsletter"", ""registry""]",SwingCouver,wsdc-196,snap_20260913T052930Z_9938b86a7094,wsdc_newsletter,2017-01-18,registry,2017
day,2017-01-08,2017-01-worlds-ucwdc,2017-01,held,"[""calendar"", ""registry""]",Worlds UCWDC,wsdc-75,snap_20260913T051244Z_a3c08b0b73ee,wsdc_calendar,2017-01-01,registry,2017
day,2017-02-26,2017-02-5280-swing-dance-championships,2017-02,held,"[""calendar"", ""newsletter"", ""registry""]",5280 Swing Dance Championships,wsdc-197,snap_20260913T052910Z_44c788523cf4,wsdc_newsletter,2017-02-23,registry,2017
day,2017-02-27,2017-02-australasian-wcs-zouk-champs,2017-02,held,"[""calendar"", ""registry""]",Australasian WCS & Zouk Champs,wsdc-274,snap_20260913T051453Z_95fea3aa9b9b,wsdc_calendar,2017-02-23,registry,2017
day,2017-02-19,2017-02-capital-swing-dance-convention,2017-02,held,"[""calendar"", ""registry""]",Capital Swing Dance Convention,wsdc-12,snap_20260913T051453Z_95fea3aa9b9b,wsdc_calendar,2017-02-17,registry,2017
day,2017-02-05,2017-02-charlotte-westie-fest,2017-02,held,"[""calendar"", ""newsletter"", ""registry""]",Charlotte Westie Fest,wsdc-273,snap_20260913T052910Z_44c788523cf4,wsdc_newsletter,2017-02-02,registry,2017
day,2017-02-12,2017-02-dance-camp-chicago,2017-02,held,"[""calendar"", ""newsletter"", ""registry""]",Dance Camp Chicago,wsdc-169,snap_20260913T052910Z_44c788523cf4,wsdc_newsletter,2017-02-10,registry,2017
day,2017-02-23,2017-02-holy-land-open,2017-02,listed,"[""calendar""]",Holy Land Open,wsdc-245,snap_20260913T051234Z_f0158d065885,wsdc_calendar,2017-02-23,unknown,2017
day,2017-02-19,2017-02-rose-city-swing,2017-02,held,"[""calendar"", ""newsletter"", ""registry""]",Rose City Swing,wsdc-244,snap_20260913T052910Z_44c788523cf4,wsdc_newsletter,2017-02-16,registry,2017
day,2017-02-19,2017-02-sweetheart-swing-classic,2017-02,held,"[""calendar"", ""newsletter"", ""registry""]",Sweetheart Swing Classic,wsdc-185,snap_20260913T052910Z_44c788523cf4,wsdc_newsletter,2017-02-16,registry,2017
day,2017-02-05,2017-02-swing-snow,2017-02,held,"[""calendar"", ""newsletter"", ""registry""]",Swing & Snow,wsdc-215,snap_20260913T052910Z_44c788523cf4,wsdc_newsletter,2017-02-02,registry,2017
day,2017-02-12,2017-02-swingtzerland,2017-02,held,"[""calendar"", ""newsletter"", ""registry""]",Swingtzerland,wsdc-258,snap_20260913T052910Z_44c788523cf4,wsdc_newsletter,2017-02-09,registry,2017
day,2017-03-26,2017-03-austrian-wcs-spectacle,2017-03,held,"[""calendar"", ""registry""]",Austrian WCS Spectacle,wsdc-247,snap_20260913T051453Z_95fea3aa9b9b,wsdc_calendar,2017-03-23,registry,2017
day,2017-03-26,2017-03-boston-tea-party,2017-03,held,"[""calendar"", ""newsletter"", ""registry""]",Boston Tea Party,wsdc-9,snap_20260913T052910Z_44c788523cf4,wsdc_newsletter,2017-03-23,registry,2017
day,2017-03-19,2017-03-dutch-open-west-coast-swing,2017-03,held,"[""calendar"", ""newsletter"", ""registry""]",Dutch Open West Coast Swing,wsdc-275,snap_20260913T052910Z_44c788523cf4,wsdc_newsletter,2017-03-16,registry,2017
day,2017-03-12,2017-03-high-desert-dance-classic,2017-03,held,"[""calendar"", ""newsletter"", ""registry""]",High Desert Dance Classic,wsdc-143,snap_20260913T052910Z_44c788523cf4,wsdc_newsletter,2017-03-10,registry,2017
day,2017-03-05,2017-03-mid-atlantic-dance-jam,2017-03,held,"[""calendar"", ""registry""]",Mid-Atlantic Dance Jam,wsdc-92,snap_20260913T051453Z_95fea3aa9b9b,wsdc_calendar,2017-03-02,registry,2017
day,2017-03-26,2017-03-novice-invitational,2017-03,held,"[""calendar"", ""newsletter"", ""registry""]",Novice Invitational,wsdc-153,snap_20260913T052910Z_44c788523cf4,wsdc_newsletter,2017-03-24,registry,2017
day,2017-03-26,2017-03-rose-city-swing,2017-03,listed,"[""calendar""]",Rose City Swing,wsdc-244,snap_20260913T051453Z_95fea3aa9b9b,wsdc_calendar,2017-02-24,unknown,2017
day,2017-03-19,2017-03-swing-escape,2017-03,held,"[""calendar"", ""registry""]",Swing Escape,wsdc-246,snap_20260913T051453Z_95fea3aa9b9b,wsdc_calendar,2017-03-17,registry,2017
day,2017-03-26,2017-03-swing-over-orlando,2017-03,held,"[""calendar"", ""newsletter"", ""registry""]",Swing Over Orlando,wsdc-259,snap_20260913T052910Z_44c788523cf4,wsdc_newsletter,2017-03-24,registry,2017
day,2017-03-15,2017-03-the-brazilian-open,2017-03,listed,"[""calendar"", ""newsletter""]",THE BRAZILIAN OPEN,wsdc-216,snap_20260913T052910Z_44c788523cf4,wsdc_newsletter,2017-03-15,registry,2017
day,2017-03-12,2017-03-west-in-lyon,2017-03,held,"[""calendar"", ""registry""]",West In Lyon,wsdc-186,snap_20260913T051453Z_95fea3aa9b9b,wsdc_calendar,2017-03-09,registry,2017
day,2017-04-02,2017-04-anchor-festival,2017-04,held,"[""calendar"", ""newsletter"", ""registry""]",Anchor Festival,wsdc-276,snap_20260913T052940Z_0177184cf9eb,wsdc_newsletter,2017-03-30,registry,2017
day,2017-04-23,2017-04-asia-west-coast-swing-open,2017-04,held,"[""calendar"", ""registry""]",Asia West Coast Swing Open,wsdc-218,snap_20260913T051534Z_6215b83725cd,wsdc_calendar,2017-04-20,registry,2017
day,2017-04-02,2017-04-city-of-angels,2017-04,held,"[""calendar"", ""newsletter"", ""registry""]",City of Angels,wsdc-187,snap_20260913T052910Z_44c788523cf4,wsdc_newsletter,2017-03-30,registry,2017
day,2017-04-23,2017-04-detonation-dance,2017-04,held,"[""calendar"", ""newsletter"", ""registry""]",Detonation Dance ,wsdc-203,snap_20260913T052940Z_0177184cf9eb,wsdc_newsletter,2017-04-20,registry,2017
day,2017-04-30,2017-04-nordic-wcs-championships,2017-04,held,"[""calendar"", ""registry""]",Nordic WCS Championships,wsdc-253,snap_20260913T051534Z_6215b83725cd,wsdc_calendar,2017-04-27,registry,2017
day,2017-04-02,2017-04-russian-open-wcs-championships,2017-04,held,"[""calendar"", ""newsletter"", ""registry""]",Russian Open WCS Championships,wsdc-170,snap_20260913T052940Z_0177184cf9eb,wsdc_newsletter,2017-03-30,registry,2017
day,2017-04-16,2017-04-san-diego-dance-festival,2017-04,held,"[""calendar"", ""newsletter"", ""registry""]",San Diego Dance Festival,wsdc-217,snap_20260913T052940Z_0177184cf9eb,wsdc_newsletter,2017-04-13,registry,2017
day,2017-04-16,2017-04-seattle-s-easter-swing,2017-04,held,"[""calendar"", ""registry""]",Seattle's Easter Swing,wsdc-18,snap_20260913T051534Z_6215b83725cd,wsdc_calendar,2017-04-14,registry,2017
day,2017-04-30,2017-04-swing-dance-america,2017-04,held,"[""calendar"", ""registry""]",Swing Dance America,wsdc-134,snap_20260913T051534Z_6215b83725cd,wsdc_calendar,2017-04-27,registry,2017
day,2017-04-16,2017-04-tulsa-spring-swing,2017-04,held,"[""calendar"", ""newsletter"", ""registry""]",Tulsa Spring Swing,wsdc-132,snap_20260913T052940Z_0177184cf9eb,wsdc_newsletter,2017-04-14,registry,2017
day,2017-04-10,2017-04-uk-european-wcs-championships,2017-04,held,"[""calendar"", ""newsletter"", ""registry""]",UK & European WCS Championships,wsdc-198,snap_20260913T052940Z_0177184cf9eb,wsdc_newsletter,2017-04-06,registry,2017
day,2017-05-21,2017-05-canadian-swing-championships,2017-05,held,"[""calendar"", ""registry""]",Canadian Swing Championships,wsdc-105,snap_20260913T051613Z_30a786674feb,wsdc_calendar,2017-05-19,registry,2017
day,2017-05-28,2017-05-french-open-west-coast-swing,2017-05,held,"[""calendar"", ""newsletter"", ""registry""]",French Open West Coast Swing,wsdc-175,snap_20260913T052940Z_0177184cf9eb,wsdc_newsletter,2017-05-25,registry,2017
day,2017-05-29,2017-05-frezno-dance-classic,2017-05,held,"[""calendar"", ""newsletter"", ""registry""]",FreZno Dance Classic,wsdc-20,snap_20260913T052940Z_0177184cf9eb,wsdc_newsletter,2017-05-25,registry,2017
day,2017-05-28,2017-05-hungarian-open,2017-05,held,"[""calendar"", ""newsletter"", ""registry""]",Hungarian Open,wsdc-206,snap_20260913T052940Z_0177184cf9eb,wsdc_newsletter,2017-05-26,registry,2017
day,2017-05-07,2017-05-kiwi-fest,2017-05,held,"[""calendar"", ""registry""]",KIWI Fest,wsdc-219,snap_20260913T051613Z_30a786674feb,wsdc_calendar,2017-05-05,registry,2017
day,2017-05-07,2017-05-scotland-swing-classic,2017-05,held,"[""calendar"", ""newsletter"", ""registry""]",Scotland Swing Classic,wsdc-277,snap_20260913T052940Z_0177184cf9eb,wsdc_newsletter,2017-05-05,registry,2017
day,2017-05-30,2017-05-show-me-showdown,2017-05,held,"[""calendar"", ""newsletter"", ""registry""]",Show-Me Showdown,wsdc-221,snap_20260913T052940Z_0177184cf9eb,wsdc_newsletter,2017-05-26,registry,2017
day,2017-05-21,2017-05-soswing,2017-05,held,"[""calendar"", ""registry""]",SOswing,wsdc-205,snap_20260913T051623Z_d09c995ab708,wsdc_calendar,2017-05-19,registry,2017
day,2017-05-01,2017-05-swing-dance-america,2017-05,listed,"[""calendar"", ""newsletter""]",SWING DANCE AMERICA,wsdc-134,snap_20260913T052940Z_0177184cf9eb,wsdc_newsletter,2017-04-27,registry,2017
day,2017-05-07,2017-05-swingdiego,2017-05,held,"[""calendar"", ""registry""]",SwingDiego,wsdc-61,snap_20260913T051613Z_30a786674feb,wsdc_calendar,2017-05-05,registry,2017
day,2017-05-07,2017-05-swingin-into-spring,2017-05,held,"[""calendar"", ""registry""]",Swingin' Into Spring,wsdc-144,snap_20260913T051534Z_6215b83725cd,wsdc_calendar,2017-05-04,registry,2017
day,2017-05-21,2017-05-swingsation,2017-05,held,"[""calendar"", ""newsletter"", ""registry""]",Swingsation,wsdc-174,snap_20260913T052940Z_0177184cf9eb,wsdc_newsletter,2017-05-19,registry,2017
day,2017-05-21,2017-05-the-texas-classic,2017-05,held,"[""calendar"", ""newsletter"", ""registry""]",The Texas Classic,wsdc-121,snap_20260913T052940Z_0177184cf9eb,wsdc_newsletter,2017-05-18,registry,2017
day,2017-05-28,2017-05-usa-grand-nationals,2017-05,held,"[""calendar"", ""registry""]",USA Grand Nationals,wsdc-22,snap_20260913T051623Z_d09c995ab708,wsdc_calendar,2017-05-25,registry,2017
day,2017-06-11,2017-06-baltic-swing,2017-06,held,"[""calendar"", ""newsletter"", ""registry""]",Baltic Swing,wsdc-222,snap_20260913T052940Z_0177184cf9eb,wsdc_newsletter,2017-06-08,registry,2017
day,2017-06-25,2017-06-colorado-country-classic,2017-06,held,"[""calendar"", ""newsletter"", ""registry""]",Colorado Country Classic,wsdc-109,snap_20260913T052940Z_0177184cf9eb,wsdc_newsletter,2017-06-22,registry,2017
day,2017-06-18,2017-06-d-townswing,2017-06,held,"[""calendar"", ""newsletter"", ""registry""]",D-Townswing,wsdc-220,snap_20260913T052940Z_0177184cf9eb,wsdc_newsletter,2017-06-15,registry,2017
day,2017-06-18,2017-06-dance-n-play,2017-06,held,"[""calendar"", ""newsletter"", ""registry""]",Dance N Play,wsdc-207,snap_20260913T052940Z_0177184cf9eb,wsdc_newsletter,2017-06-15,registry,2017
day,2017-06-19,2017-06-finnfest,2017-06,held,"[""calendar"", ""newsletter"", ""registry""]",Finnfest,wsdc-254,snap_20260913T052940Z_0177184cf9eb,wsdc_newsletter,2017-06-15,registry,2017
day,2017-06-12,2017-06-j-j-o-rama,2017-06,held,"[""calendar"", ""newsletter"", ""registry""]",J&J O'Rama,wsdc-25,snap_20260913T052940Z_0177184cf9eb,wsdc_newsletter,2017-06-08,registry,2017
day,2017-06-25,2017-06-korea-westival,2017-06,held,"[""calendar"", ""newsletter"", ""registry""]",Korea Westival,wsdc-268,snap_20260913T052940Z_0177184cf9eb,wsdc_newsletter,2017-06-23,registry,2017
day,2017-06-04,2017-06-michigan-dance-classic,2017-06,held,"[""calendar"", ""newsletter"", ""registry""]",Michigan Dance Classic,wsdc-76,snap_20260913T052940Z_0177184cf9eb,wsdc_newsletter,2017-06-01,registry,2017
day,2017-06-04,2017-06-nsw-west-coast-swing-dance-championships,2017-06,held,"[""calendar"", ""registry""]",NSW West Coast Swing Dance Championships,wsdc-188,snap_20260913T051623Z_d09c995ab708,wsdc_calendar,2017-06-02,registry,2017
day,2017-06-04,2017-06-orange-blossom-dance-festival,2017-06,held,"[""calendar"", ""newsletter"", ""registry""]",Orange Blossom Dance Festival,wsdc-117,snap_20260913T052940Z_0177184cf9eb,wsdc_newsletter,2017-06-01,registry,2017
day,2017-06-07,2017-06-slingshot-swing,2017-06,listed,"[""calendar""]",Slingshot Swing,wsdc-223,snap_20260913T051244Z_a3c08b0b73ee,wsdc_calendar,2017-06-07,registry,2017
day,2017-06-12,2017-06-swing-open-kazan,2017-06,held,"[""calendar"", ""newsletter"", ""registry""]",Swing Open Kazan,wsdc-279,snap_20260913T052940Z_0177184cf9eb,wsdc_newsletter,2017-06-09,registry,2017
day,2017-06-18,2017-06-swingapalooza,2017-06,held,"[""calendar"", ""newsletter"", ""registry""]",Swingapalooza,wsdc-162,snap_20260913T052940Z_0177184cf9eb,wsdc_newsletter,2017-06-16,registry,2017
day,2017-07-02,2017-07-americano-dance-camp,2017-07,held,"[""calendar"", ""registry""]",Americano Dance Camp,wsdc-278,snap_20260913T051623Z_d09c995ab708,wsdc_calendar,2017-06-29,registry,2017
day,2017-07-30,2017-07-arizona-dance-classic,2017-07,held,"[""calendar"", ""newsletter"", ""registry""]",Arizona Dance Classic,wsdc-77,snap_20260913T052919Z_08ef5aac2666,wsdc_newsletter,2017-07-27,registry,2017
day,2017-07-09,2017-07-big-apple-dance-festival,2017-07,held,"[""calendar"", ""registry""]",Big Apple Dance Festival,wsdc-156,snap_20260913T051623Z_d09c995ab708,wsdc_calendar,2017-07-07,registry,2017
day,2017-07-16,2017-07-florida-dance-magic,2017-07,held,"[""calendar"", ""registry""]",Florida Dance Magic,wsdc-149,snap_20260913T051734Z_2512163ed68e,wsdc_calendar,2017-07-14,registry,2017
day,2017-07-03,2017-07-ft-lauderdale-swing-shag-beach-bash,2017-07,held,"[""calendar"", ""newsletter"", ""registry""]",Ft. Lauderdale Swing & Shag Beach Bash,wsdc-226,snap_20260913T052940Z_0177184cf9eb,wsdc_newsletter,2017-06-29,registry,2017
day,2017-07-02,2017-07-indy-dance-explosion,2017-07,held,"[""calendar"", ""newsletter"", ""registry""]",Indy Dance Explosion,wsdc-255,snap_20260913T052940Z_0177184cf9eb,wsdc_newsletter,2017-06-30,registry,2017
day,2017-07-02,2017-07-liberty-swing-dance-championships,2017-07,held,"[""calendar"", ""registry""]",Liberty Swing Dance Championships,wsdc-96,snap_20260913T051623Z_d09c995ab708,wsdc_calendar,2017-06-29,registry,2017
day,2017-07-02,2017-07-neverland-swing,2017-07,held,"[""calendar"", ""newsletter"", ""registry""]",Neverland Swing,wsdc-261,snap_20260913T052940Z_0177184cf9eb,wsdc_newsletter,2017-06-30,registry,2017
day,2017-07-23,2017-07-new-orleans-dance-mardi-gras,2017-07,held,"[""calendar"", ""newsletter"", ""registry""]",New Orleans Dance Mardi Gras,wsdc-148,snap_20260913T052919Z_08ef5aac2666,wsdc_newsletter,2017-07-20,registry,2017
day,2017-07-02,2017-07-new-zealand-open-swing-dance-championships,2017-07,held,"[""calendar"", ""newsletter"", ""registry""]",New Zealand Open Swing Dance Championships,wsdc-179,snap_20260913T052940Z_0177184cf9eb,wsdc_newsletter,2017-06-30,registry,2017
day,2017-07-09,2017-07-of-july-convention,2017-07,held,"[""calendar"", ""registry""]",4TH of July Convention,wsdc-1,snap_20260913T051623Z_d09c995ab708,wsdc_calendar,2017-07-07,registry,2017
day,2017-07-30,2017-07-palm-springs-summer-dance-classic,2017-07,held,"[""calendar"", ""newsletter"", ""registry""]",Palm Springs Summer Dance Classic,wsdc-51,snap_20260913T052919Z_08ef5aac2666,wsdc_newsletter,2017-07-27,registry,2017
day,2017-07-09,2017-07-portland-dance-festival,2017-07,held,"[""calendar"", ""newsletter"", ""registry""]",Portland Dance Festival,wsdc-44,snap_20260913T052919Z_08ef5aac2666,wsdc_newsletter,2017-07-06,registry,2017
day,2017-07-23,2017-07-rock-the-barn,2017-07,held,"[""calendar"", ""newsletter"", ""registry""]",Rock The Barn,wsdc-256,snap_20260913T052919Z_08ef5aac2666,wsdc_newsletter,2017-07-20,registry,2017
day,2017-07-23,2017-07-sacramento-all-swing,2017-07,held,"[""calendar"", ""newsletter"", ""registry""]",Sacramento All Swing,wsdc-281,snap_20260913T052919Z_08ef5aac2666,wsdc_newsletter,2017-07-20,registry,2017
day,2017-07-16,2017-07-saint-petersburg-wcs-nights,2017-07,held,"[""calendar"", ""registry""]",Saint Petersburg WCS Nights,wsdc-280,snap_20260913T051623Z_d09c995ab708,wsdc_calendar,2017-07-13,registry,2017
day,2017-07-05,2017-07-sao-paulo-swing-dance-championships,2017-07,listed,"[""calendar""]",Sao Paulo Swing Dance Championships,wsdc-260,snap_20260913T051244Z_a3c08b0b73ee,wsdc_calendar,2017-07-05,registry,2017
day,2017-07-31,2017-07-sea-sun-and-swing,2017-07,held,"[""calendar"", ""registry""]",Sea Sun and Swing,wsdc-164,snap_20260913T051734Z_2512163ed68e,wsdc_calendar,2017-07-28,registry,2017
day,2017-07-23,2017-07-swing-it-like-it-s-hot,2017-07,held,"[""calendar"", ""newsletter"", ""registry""]",Swing It Like It's Hot,wsdc-262,snap_20260913T052919Z_08ef5aac2666,wsdc_newsletter,2017-07-20,registry,2017
month,,2017-07-swingtime-in-the-rockies,2017-07,held,"[""registry""]",Swingtime in the Rockies,wsdc-66,snap_20260912T055723Z_a875a44a5856,wsdc_registry,,registry,2017
day,2017-07-16,2017-07-toronto-open-swing-hustle-championships,2017-07,held,"[""calendar"", ""newsletter"", ""registry""]",Toronto Open Swing & Hustle Championships,wsdc-147,snap_20260913T052919Z_08ef5aac2666,wsdc_newsletter,2017-07-13,registry,2017
day,2017-07-09,2017-07-wild-wild-westie,2017-07,held,"[""calendar"", ""newsletter"", ""registry""]",Wild Wild Westie,wsdc-225,snap_20260913T052919Z_08ef5aac2666,wsdc_newsletter,2017-07-06,registry,2017
day,2017-08-02,2017-08-arizona-dance-classic,2017-08,listed,"[""calendar""]",Arizona Dance Classic,wsdc-77,snap_20260913T051244Z_a3c08b0b73ee,wsdc_calendar,2017-08-02,registry,2017
day,2017-08-20,2017-08-chicagoland-country-swing-dance-festival,2017-08,listed,"[""calendar""]",Chicagoland Country & Swing Dance Festival,wsdc-99,snap_20260913T051244Z_a3c08b0b73ee,wsdc_calendar,2017-08-18,registry,2017
day,2017-08-20,2017-08-chicagoland-dance-festival,2017-08,held,"[""calendar"", ""registry""]",Chicagoland Dance Festival,wsdc-119,snap_20260913T051734Z_2512163ed68e,wsdc_calendar,2017-08-18,registry,2017
day,2017-08-13,2017-08-german-open,2017-08,held,"[""calendar"", ""registry""]",German Open,wsdc-282,snap_20260913T051734Z_2512163ed68e,wsdc_calendar,2017-08-11,registry,2017
month,,2017-08-kazan-el-fest,2017-08,held,"[""registry""]",Kazan EL Fest,wsdc-283,snap_20260912T055624Z_de9e0d13553a,wsdc_registry,,registry,2017
day,2017-08-13,2017-08-lone-star-invitational,2017-08,held,"[""calendar"", ""registry""]",Lone Star Invitational,wsdc-120,snap_20260913T051734Z_2512163ed68e,wsdc_calendar,2017-08-11,registry,2017
day,2017-08-06,2017-08-midwest-westie-fest,2017-08,held,"[""calendar"", ""newsletter"", ""registry""]",Midwest Westie Fest,wsdc-224,snap_20260913T052919Z_08ef5aac2666,wsdc_newsletter,2017-08-03,registry,2017
day,2017-08-06,2017-08-new-england-dance-festival,2017-08,held,"[""calendar"", ""newsletter"", ""registry""]",New England Dance Festival,wsdc-157,snap_20260913T052919Z_08ef5aac2666,wsdc_newsletter,2017-08-03,registry,2017
day,2017-08-13,2017-08-of-july-convention,2017-08,listed,"[""calendar""]",4TH of July Convention,wsdc-1,snap_20260913T051734Z_2512163ed68e,wsdc_calendar,2017-08-10,unknown,2017
day,2017-08-14,2017-08-riga-summer-swing,2017-08,held,"[""calendar"", ""newsletter"", ""registry""]",Riga Summer Swing,wsdc-263,snap_20260913T052919Z_08ef5aac2666,wsdc_newsletter,2017-08-10,registry,2017
day,2017-08-06,2017-08-sea-sun-swing-camp,2017-08,listed,"[""calendar"", ""newsletter""]",SEA SUN & SWING CAMP,wsdc-164,snap_20260913T052919Z_08ef5aac2666,wsdc_newsletter,2017-07-28,registry,2017
day,2017-08-27,2017-08-summer-hummer,2017-08,held,"[""calendar"", ""registry""]",Summer Hummer,wsdc-53,snap_20260913T051734Z_2512163ed68e,wsdc_calendar,2017-08-24,registry,2017
day,2017-08-20,2017-08-swedish-swing-summer-camp,2017-08,held,"[""calendar"", ""newsletter"", ""registry""]",Swedish Swing Summer Camp,wsdc-264,snap_20260913T052919Z_08ef5aac2666,wsdc_newsletter,2017-08-18,registry,2017
day,2017-08-13,2017-08-swing-fling,2017-08,held,"[""calendar"", ""newsletter"", ""registry""]",Swing Fling,wsdc-59,snap_20260913T052919Z_08ef5aac2666,wsdc_newsletter,2017-08-10,registry,2017
day,2017-08-06,2017-08-swingtacular,2017-08,held,"[""calendar"", ""newsletter"", ""registry""]",Swingtacular,wsdc-227,snap_20260913T052919Z_08ef5aac2666,wsdc_newsletter,2017-08-04,registry,2017
day,2017-08-06,2017-08-tampa-bay-classic,2017-08,held,"[""calendar"", ""registry""]",Tampa Bay Classic,wsdc-137,snap_20260913T051734Z_2512163ed68e,wsdc_calendar,2017-08-04,registry,2017
day,2017-09-10,2017-09-bavarian-open,2017-09,held,"[""calendar"", ""newsletter"", ""registry""]",Bavarian Open,wsdc-233,snap_20260913T052919Z_08ef5aac2666,wsdc_newsletter,2017-09-07,registry,2017
day,2017-09-24,2017-09-bridgetown-swing-boogie,2017-09,held,"[""calendar"", ""registry""]",Bridgetown Swing Boogie,wsdc-10,snap_20260913T051734Z_2512163ed68e,wsdc_calendar,2017-09-22,registry,2017
day,2017-09-24,2017-09-citadel-swing,2017-09,held,"[""calendar"", ""newsletter"", ""registry""]",Citadel Swing,wsdc-284,snap_20260913T052919Z_08ef5aac2666,wsdc_newsletter,2017-09-22,registry,2017
day,2017-09-03,2017-09-dallas-d-a-n-c-e,2017-09,held,"[""calendar"", ""newsletter"", ""registry""]",Dallas D.A.N.C.E.,wsdc-15,snap_20260913T052919Z_08ef5aac2666,wsdc_newsletter,2017-09-01,registry,2017
day,2017-09-04,2017-09-desert-city-swing,2017-09,held,"[""calendar"", ""newsletter"", ""registry""]",Desert City Swing,wsdc-135,snap_20260913T052919Z_08ef5aac2666,wsdc_newsletter,2017-08-31,registry,2017
day,2017-09-24,2017-09-meet-me-in-st-louis,2017-09,held,"[""calendar"", ""newsletter"", ""registry""]",Meet Me In St Louis,wsdc-131,snap_20260913T052919Z_08ef5aac2666,wsdc_newsletter,2017-09-21,registry,2017
day,2017-09-17,2017-09-norway-westie-fest,2017-09,held,"[""calendar"", ""newsletter"", ""registry""]",Norway Westie Fest,wsdc-232,snap_20260913T052919Z_08ef5aac2666,wsdc_newsletter,2017-09-14,registry,2017
day,2017-09-24,2017-09-philly-swing-classic,2017-09,held,"[""calendar"", ""newsletter"", ""registry""]",Philly Swing Classic,wsdc-234,snap_20260913T052919Z_08ef5aac2666,wsdc_newsletter,2017-09-22,registry,2017
day,2017-09-03,2017-09-river-city-swing,2017-09,held,"[""calendar"", ""newsletter"", ""registry""]",River City Swing,wsdc-177,snap_20260913T052919Z_08ef5aac2666,wsdc_newsletter,2017-08-31,registry,2017
day,2017-09-17,2017-09-rocky-mountain-five-dance-rm5,2017-09,listed,"[""calendar"", ""newsletter""]",ROCKY MOUNTAIN FIVE DANCE (RM5),wsdc-266,snap_20260913T052919Z_08ef5aac2666,wsdc_newsletter,2017-09-15,registry,2017
day,2017-09-04,2017-09-south-bay-cw-dance-festival,2017-09,held,"[""calendar"", ""newsletter"", ""registry""]",South Bay CW Dance Festival,wsdc-48,snap_20260913T052919Z_08ef5aac2666,wsdc_newsletter,2017-08-31,registry,2017
day,2017-09-10,2017-09-swing-trilogy,2017-09,held,"[""calendar"", ""newsletter"", ""registry""]",Swing Trilogy,wsdc-231,snap_20260913T052919Z_08ef5aac2666,wsdc_newsletter,2017-09-07,registry,2017
day,2017-09-10,2017-09-upstate-dance-challenge,2017-09,held,"[""calendar"", ""newsletter"", ""registry""]",Upstate Dance Challenge,wsdc-265,snap_20260913T052919Z_08ef5aac2666,wsdc_newsletter,2017-09-07,registry,2017
day,2017-10-01,2017-10-atlanta-swing-classic,2017-10,held,"[""calendar"", ""newsletter"", ""registry""]",Atlanta Swing Classic,wsdc-211,snap_20260913T052919Z_08ef5aac2666,wsdc_newsletter,2017-09-28,registry,2017
month,,2017-10-best-of-the-best,2017-10,held,"[""registry""]",Best of the Best,wsdc-167,snap_20260912T060640Z_ad890be53508,wsdc_registry,,registry,2017
day,2017-10-08,2017-10-boogie-by-the-bay,2017-10,held,"[""calendar"", ""registry""]",Boogie By The Bay,wsdc-8,snap_20260913T051734Z_2512163ed68e,wsdc_calendar,2017-10-06,registry,2017
day,2017-10-23,2017-10-european-swing-challenge,2017-10,listed,"[""calendar"", ""newsletter""]",EUROPEAN SWING CHALLENGE,wsdc-294,snap_20260913T052950Z_43d0406b9025,wsdc_newsletter,2017-10-20,registry,2017
day,2017-10-29,2017-10-halloween-swingthing,2017-10,held,"[""calendar"", ""newsletter"", ""registry""]",Halloween SwingThing,wsdc-65,snap_20260913T052950Z_43d0406b9025,wsdc_newsletter,2017-10-26,registry,2017
day,2017-10-15,2017-10-italian-open,2017-10,held,"[""calendar"", ""registry""]",Italian Open,wsdc-257,snap_20260913T051734Z_2512163ed68e,wsdc_calendar,2017-10-13,registry,2017
day,2017-10-22,2017-10-korea-westival,2017-10,listed,"[""calendar""]",Korea Westival,wsdc-268,snap_20260913T051203Z_a0219560bfe8,wsdc_calendar,2017-10-20,registry,2017
day,2017-10-03,2017-10-midland-swing-open,2017-10,held,"[""calendar"", ""newsletter"", ""registry""]",Midland Swing Open,wsdc-165,snap_20260913T052919Z_08ef5aac2666,wsdc_newsletter,2017-09-29,registry,2017
day,2017-10-15,2017-10-montreal-wcs-fest,2017-10,held,"[""calendar"", ""newsletter"", ""registry""]",Montreal WCS Fest,wsdc-178,snap_20260913T052950Z_43d0406b9025,wsdc_newsletter,2017-10-13,registry,2017
day,2017-10-15,2017-10-new-zealand-open-swing-dance-championships,2017-10,listed,"[""calendar""]",New Zealand Open Swing Dance Championships,wsdc-179,snap_20260913T051234Z_f0158d065885,wsdc_calendar,2017-10-13,unknown,2017
day,2017-10-02,2017-10-old-town-swing,2017-10,held,"[""calendar"", ""newsletter"", ""registry""]",Old Town Swing,wsdc-285,snap_20260913T052919Z_08ef5aac2666,wsdc_newsletter,2017-09-28,registry,2017
day,2017-10-22,2017-10-paradise-country-dance-festival,2017-10,held,"[""calendar"", ""registry""]",Paradise Country Dance Festival,wsdc-43,snap_20260913T051734Z_2512163ed68e,wsdc_calendar,2017-10-19,registry,2017
day,2017-10-29,2017-10-swing-city-chicago,2017-10,held,"[""calendar"", ""newsletter"", ""registry""]",Swing City Chicago,wsdc-125,snap_20260913T052950Z_43d0406b9025,wsdc_newsletter,2017-10-26,registry,2017
day,2017-10-22,2017-10-swustlicious,2017-10,held,"[""calendar"", ""registry""]",Swustlicious,wsdc-267,snap_20260913T051734Z_2512163ed68e,wsdc_calendar,2017-10-20,registry,2017
day,2017-10-29,2017-10-warsaw-halloween-swing,2017-10,held,"[""calendar"", ""newsletter"", ""registry""]",Warsaw Halloween Swing,wsdc-236,snap_20260913T052950Z_43d0406b9025,wsdc_newsletter,2017-10-26,registry,2017
day,2017-10-23,2017-10-wcs-festival,2017-10,held,"[""calendar"", ""newsletter"", ""registry""]",WCS Festival,wsdc-286,snap_20260913T052950Z_43d0406b9025,wsdc_newsletter,2017-10-20,registry,2017
day,2017-11-12,2017-11-autumn-swing-challenge,2017-11,held,"[""calendar"", ""newsletter"", ""registry""]",Autumn Swing Challenge,wsdc-269,snap_20260913T052950Z_43d0406b9025,wsdc_newsletter,2017-11-10,registry,2017
day,2017-11-26,2017-11-c-a-s-h-bash-weekend,2017-11,held,"[""calendar"", ""newsletter"", ""registry""]",C.A.S.H. Bash Weekend,wsdc-87,snap_20260913T052950Z_43d0406b9025,wsdc_newsletter,2017-11-23,registry,2017
day,2017-11-19,2017-11-dc-swing-experience,2017-11,held,"[""calendar"", ""newsletter"", ""registry""]",DC Swing eXperience,wsdc-181,snap_20260913T052950Z_43d0406b9025,wsdc_newsletter,2017-11-16,registry,2017
day,2017-11-05,2017-11-florida-westie-fest,2017-11,held,"[""calendar"", ""newsletter"", ""registry""]",Florida Westie Fest,wsdc-287,snap_20260913T052950Z_43d0406b9025,wsdc_newsletter,2017-11-03,registry,2017
day,2017-11-20,2017-11-london-swingvitational,2017-11,held,"[""calendar"", ""newsletter"", ""registry""]",London SWINGvitational,wsdc-166,snap_20260913T052950Z_43d0406b9025,wsdc_newsletter,2017-11-16,registry,2017
day,2017-11-12,2017-11-midnight-madness,2017-11,held,"[""calendar"", ""newsletter"", ""registry""]",Midnight Madness,wsdc-288,snap_20260913T052950Z_43d0406b9025,wsdc_newsletter,2017-11-10,registry,2017
day,2017-11-05,2017-11-moscow-westie-dance-fest,2017-11,held,"[""calendar"", ""newsletter"", ""registry""]",Moscow Westie Dance Fest,wsdc-194,snap_20260913T052950Z_43d0406b9025,wsdc_newsletter,2017-11-02,registry,2017
day,2017-11-05,2017-11-mountain-magic,2017-11,held,"[""calendar"", ""newsletter"", ""registry""]",Mountain Magic,wsdc-31,snap_20260913T052950Z_43d0406b9025,wsdc_newsletter,2017-11-02,registry,2017
month,,2017-11-scandinavian-open,2017-11,held,"[""registry""]",Scandinavian Open,wsdc-229,snap_20260912T061026Z_eda689ae983e,wsdc_registry,,registry,2017
day,2017-11-12,2017-11-sea-to-sky,2017-11,held,"[""calendar"", ""newsletter"", ""registry""]",Sea to Sky,wsdc-79,snap_20260913T052950Z_43d0406b9025,wsdc_newsletter,2017-11-09,registry,2017
day,2017-11-12,2017-11-swingin-new-england-dance-festival,2017-11,held,"[""calendar"", ""newsletter"", ""registry""]",Swingin' New England Dance Festival,wsdc-63,snap_20260913T052950Z_43d0406b9025,wsdc_newsletter,2017-11-09,registry,2017
day,2017-11-26,2017-11-us-open-swing-dance-championships,2017-11,held,"[""calendar"", ""registry""]",US Open Swing Dance Championships,wsdc-68,snap_20260913T051734Z_2512163ed68e,wsdc_calendar,2017-11-24,registry,2017
day,2017-11-30,2017-11-warsaw-halloween-swing,2017-11,listed,"[""calendar""]",Warsaw Halloween Swing,wsdc-236,snap_20260913T051244Z_a3c08b0b73ee,wsdc_calendar,2017-10-26,registry,2017
day,2017-11-05,2017-11-wcs-helsinki,2017-11,held,"[""calendar"", ""registry""]",WCS Helsinki,wsdc-237,snap_20260913T051734Z_2512163ed68e,wsdc_calendar,2017-11-03,registry,2017
day,2017-11-05,2017-11-westie-s-angels,2017-11,held,"[""calendar"", ""registry""]",Westie's Angels,wsdc-270,snap_20260913T051734Z_2512163ed68e,wsdc_calendar,2017-11-03,registry,2017
day,2017-12-10,2017-12-berlin-swing-revolution,2017-12,held,"[""calendar"", ""newsletter"", ""registry""]",Berlin Swing Revolution,wsdc-271,snap_20260913T052950Z_43d0406b9025,wsdc_newsletter,2017-12-07,registry,2017
day,2017-12-31,2017-12-floorplay-new-years-swing-vacation,2017-12,held,"[""calendar"", ""registry""]",Floorplay New Years Swing Vacation,wsdc-42,snap_20260913T051813Z_28c29ec53c50,wsdc_calendar,2017-12-28,registry,2017
day,2017-12-31,2017-12-new-year-s-swing-fling,2017-12,held,"[""calendar"", ""registry""]",New Year's Swing Fling,wsdc-214,snap_20260913T051813Z_28c29ec53c50,wsdc_calendar,2017-12-28,registry,2017
day,2017-12-31,2017-12-spotlight-dance-challenge,2017-12,held,"[""calendar"", ""registry""]",Spotlight Dance Challenge,wsdc-141,snap_20260913T051813Z_28c29ec53c50,wsdc_calendar,2017-12-28,registry,2017
day,2017-12-10,2017-12-swingtimate,2017-12,held,"[""calendar"", ""newsletter"", ""registry""]",Swingtimate,wsdc-213,snap_20260913T052950Z_43d0406b9025,wsdc_newsletter,2017-12-08,registry,2017
day,2017-12-03,2017-12-the-after-party,2017-12,held,"[""calendar"", ""newsletter"", ""registry""]",The After Party,wsdc-212,snap_20260913T052950Z_43d0406b9025,wsdc_newsletter,2017-11-30,registry,2017
day,2017-12-03,2017-12-winter-white,2017-12,held,"[""calendar"", ""newsletter"", ""registry""]",Winter White,wsdc-238,snap_20260913T052950Z_43d0406b9025,wsdc_newsletter,2017-12-01,registry,2017
day,2018-01-14,2018-01-austin-swing-dance-championships,2018-01,held,"[""calendar"", ""newsletter"", ""registry""]",Austin Swing Dance Championships,wsdc-200,snap_20260913T052930Z_9938b86a7094,wsdc_newsletter,2018-01-11,registry,2018
day,2018-01-14,2018-01-budafest-open-wcs-championships,2018-01,held,"[""calendar"", ""registry""]",BudaFest Open WCS Championships,wsdc-184,snap_20260913T051854Z_0f29c1d7c737,wsdc_calendar,2018-01-12,registry,2018
day,2018-01-28,2018-01-derby-city-swing,2018-01,held,"[""calendar"", ""newsletter"", ""registry""]",Derby City Swing,wsdc-242,snap_20260913T052930Z_9938b86a7094,wsdc_newsletter,2018-01-25,registry,2018
day,2018-01-01,2018-01-floorplay-new-years-swing-vacation,2018-01,listed,"[""calendar""]",FloorPlay New Years Swing Vacation,wsdc-42,snap_20260913T051244Z_a3c08b0b73ee,wsdc_calendar,2017-12-28,registry,2018
day,2018-01-14,2018-01-freedom-swing-dance-challenge,2018-01,held,"[""calendar"", ""newsletter"", ""registry""]",Freedom Swing Dance Challenge,wsdc-183,snap_20260913T052930Z_9938b86a7094,wsdc_newsletter,2018-01-12,registry,2018
day,2018-01-14,2018-01-monterey-swingfest,2018-01,held,"[""calendar"", ""newsletter"", ""registry""]",Monterey SwingFest,wsdc-62,snap_20260913T052930Z_9938b86a7094,wsdc_newsletter,2018-01-11,registry,2018
day,2018-01-28,2018-01-municorn-swing,2018-01,held,"[""calendar"", ""newsletter"", ""registry""]",Municorn Swing,wsdc-291,snap_20260913T052930Z_9938b86a7094,wsdc_newsletter,2018-01-26,registry,2018
day,2018-01-01,2018-01-new-year-s-dance-extravaganza,2018-01,held,"[""calendar"", ""newsletter"", ""registry""]",New Year's Dance Extravaganza,wsdc-39,snap_20260913T052950Z_43d0406b9025,wsdc_newsletter,2017-12-29,registry,2018
day,2018-01-01,2018-01-new-year-s-swing-fling,2018-01,listed,"[""calendar"", ""newsletter""]",NEW YEAR’S SWING FLING,wsdc-214,snap_20260913T052950Z_43d0406b9025,wsdc_newsletter,2017-12-28,registry,2018
day,2018-01-01,2018-01-palm-springs-new-years-swing-dance-classic,2018-01,held,"[""calendar"", ""registry""]",Palm Springs New Years Swing Dance Classic,wsdc-195,snap_20260913T051854Z_0f29c1d7c737,wsdc_calendar,2017-12-29,registry,2018
month,,2018-01-paris-westie-fest,2018-01,held,"[""registry""]",Paris Westie Fest,wsdc-272,snap_20260912T062123Z_5d5f0e4d9de5,wsdc_registry,,registry,2018
day,2018-01-07,2018-01-shooba-dooba-swing,2018-01,held,"[""calendar"", ""registry""]",Shooba Dooba Swing,wsdc-290,snap_20260913T051854Z_0f29c1d7c737,wsdc_calendar,2018-01-05,registry,2018
day,2018-01-01,2018-01-spotlight-new-year-s-celebration,2018-01,listed,"[""newsletter""]",SPOTLIGHT NEW YEAR’S CELEBRATION,wsdc-141,snap_20260913T052950Z_43d0406b9025,wsdc_newsletter,2017-12-28,registry,2018
day,2018-01-08,2018-01-sweden-westie-gala,2018-01,held,"[""calendar"", ""newsletter"", ""registry""]",Sweden Westie Gala,wsdc-240,snap_20260913T052930Z_9938b86a7094,wsdc_newsletter,2018-01-04,registry,2018
day,2018-01-21,2018-01-swingcouver,2018-01,held,"[""calendar"", ""registry""]",SwingCouver,wsdc-196,snap_20260913T051854Z_0f29c1d7c737,wsdc_calendar,2018-01-19,registry,2018
day,2018-01-01,2018-01-swingvester,2018-01,held,"[""calendar"", ""newsletter"", ""registry""]",Swingvester,wsdc-289,snap_20260913T052930Z_9938b86a7094,wsdc_newsletter,2017-12-29,registry,2018
day,2018-01-15,2018-01-westy-nantes,2018-01,listed,"[""newsletter""]",Westy Nantes,wsdc-293,snap_20260913T052919Z_08ef5aac2666,wsdc_newsletter,2018-01-13,registry,2018
month,,2018-01-worlds-ucwdc,2018-01,held,"[""registry""]",Worlds UCWDC,wsdc-75,snap_20260912T061824Z_dac1e0b08889,wsdc_registry,,registry,2018
day,2018-02-18,2018-02-capital-swing-dance-convention,2018-02,held,"[""calendar"", ""registry""]",Capital Swing Dance Convention,wsdc-12,snap_20260913T051854Z_0f29c1d7c737,wsdc_calendar,2018-02-16,registry,2018
day,2018-02-03,2018-02-carnival-swing,2018-02,listed,[],Carnival Swing 2018,slug-carnival-swing,snap_20260910T032911Z_34e948f7fea1,scoringdance,2018-02-03,unknown,2018
day,2018-02-05,2018-02-charlotte-westie-fest,2018-02,held,"[""calendar"", ""newsletter"", ""registry""]",Charlotte Westie Fest,wsdc-273,snap_20260913T052930Z_9938b86a7094,wsdc_newsletter,2018-02-01,registry,2018
day,2018-02-11,2018-02-dance-camp-chicago,2018-02,held,"[""calendar"", ""newsletter"", ""registry""]",Dance Camp Chicago,wsdc-169,snap_20260913T052930Z_9938b86a7094,wsdc_newsletter,2018-02-09,registry,2018
day,2018-02-25,2018-02-rose-city-swing,2018-02,held,"[""calendar"", ""newsletter"", ""registry""]",Rose City Swing,wsdc-244,snap_20260913T052930Z_9938b86a7094,wsdc_newsletter,2018-02-22,registry,2018
day,2018-02-18,2018-02-sweetheart-swing-classic,2018-02,held,"[""calendar"", ""newsletter"", ""registry""]",Sweetheart Swing Classic,wsdc-185,snap_20260913T052930Z_9938b86a7094,wsdc_newsletter,2018-02-16,registry,2018
day,2018-02-04,2018-02-swing-snow,2018-02,held,"[""calendar"", ""newsletter"", ""registry""]",Swing & Snow,wsdc-215,snap_20260913T052930Z_9938b86a7094,wsdc_newsletter,2018-02-01,registry,2018
day,2018-02-11,2018-02-swingtzerland,2018-02,held,"[""calendar"", ""newsletter"", ""registry""]",Swingtzerland,wsdc-258,snap_20260913T052930Z_9938b86a7094,wsdc_newsletter,2018-02-08,registry,2018
day,2018-02-25,2018-02-westeroz-swing,2018-02,listed,"[""newsletter""]",WESTEROZ SWING,wsdc-302,snap_20260913T052930Z_9938b86a7094,wsdc_newsletter,2018-02-23,registry,2018
day,2018-03-26,2018-03-5280-swing-dance-championships,2018-03,held,"[""calendar"", ""newsletter"", ""registry""]",5280 Swing Dance Championships,wsdc-197,snap_20260913T052930Z_9938b86a7094,wsdc_newsletter,2018-03-22,registry,2018
day,2018-03-25,2018-03-boston-tea-party,2018-03,held,"[""calendar"", ""newsletter"", ""registry""]",Boston Tea Party,wsdc-9,snap_20260913T052930Z_9938b86a7094,wsdc_newsletter,2018-03-22,registry,2018
day,2018-03-18,2018-03-dutch-open-west-coast-swing,2018-03,held,"[""calendar"", ""newsletter"", ""registry""]",Dutch Open West Coast Swing,wsdc-275,snap_20260913T052930Z_9938b86a7094,wsdc_newsletter,2018-03-15,registry,2018
day,2018-03-11,2018-03-high-desert-dance-classic,2018-03,held,"[""calendar"", ""newsletter"", ""registry""]",High Desert Dance Classic,wsdc-143,snap_20260913T052930Z_9938b86a7094,wsdc_newsletter,2018-03-09,registry,2018
day,2018-03-26,2018-03-king-swing,2018-03,held,"[""calendar"", ""newsletter"", ""registry""]",King Swing,wsdc-292,snap_20260913T052919Z_08ef5aac2666,wsdc_newsletter,2018-03-22,registry,2018
day,2018-03-04,2018-03-mid-atlantic-dance-jam,2018-03,held,"[""calendar"", ""registry""]",Mid-Atlantic Dance Jam,wsdc-92,snap_20260913T052013Z_cc235a2797cc,wsdc_calendar,2018-03-01,registry,2018
day,2018-03-25,2018-03-novice-invitational,2018-03,held,"[""calendar"", ""newsletter"", ""registry""]",Novice Invitational,wsdc-153,snap_20260913T052930Z_9938b86a7094,wsdc_newsletter,2018-03-23,registry,2018
day,2018-03-04,2018-03-russian-open-wcs-championships,2018-03,held,"[""calendar"", ""newsletter"", ""registry""]",Russian Open WCS Championships,wsdc-170,snap_20260913T052930Z_9938b86a7094,wsdc_newsletter,2018-03-01,registry,2018
day,2018-03-18,2018-03-swing-escape,2018-03,held,"[""calendar"", ""newsletter"", ""registry""]",Swing Escape,wsdc-246,snap_20260913T052930Z_9938b86a7094,wsdc_newsletter,2018-03-16,registry,2018
day,2018-03-25,2018-03-swing-over-orlando,2018-03,held,"[""calendar"", ""newsletter"", ""registry""]",Swing Over Orlando,wsdc-259,snap_20260913T052930Z_9938b86a7094,wsdc_newsletter,2018-03-23,registry,2018
day,2018-03-11,2018-03-the-chicago-classic,2018-03,held,"[""calendar"", ""registry""]",The Chicago Classic,wsdc-142,snap_20260913T052054Z_f2004ad7080a,wsdc_calendar,2018-03-08,registry,2018
day,2018-03-11,2018-03-west-in-lyon,2018-03,held,"[""calendar"", ""newsletter"", ""registry""]",West In Lyon,wsdc-186,snap_20260913T052930Z_9938b86a7094,wsdc_newsletter,2018-03-08,registry,2018
day,2018-04-02,2018-04-anchor-festival,2018-04,held,"[""calendar"", ""newsletter"", ""registry""]",Anchor Festival,wsdc-276,snap_20260913T052930Z_9938b86a7094,wsdc_newsletter,2018-03-29,registry,2018
day,2018-04-22,2018-04-asia-west-coast-swing-open,2018-04,held,"[""calendar"", ""registry""]",Asia West Coast Swing Open,wsdc-218,snap_20260913T052136Z_96fa1c8a5cb3,wsdc_calendar,2018-04-20,registry,2018
day,2018-04-15,2018-04-city-of-angels,2018-04,held,"[""calendar"", ""registry""]",City of Angels,wsdc-187,snap_20260913T052136Z_96fa1c8a5cb3,wsdc_calendar,2018-04-13,registry,2018
day,2018-04-23,2018-04-detonation-dance,2018-04,held,"[""calendar"", ""newsletter"", ""registry""]",Detonation Dance ,wsdc-203,snap_20260913T035045Z_008aaf4c6933,wsdc_newsletter,2018-04-20,registry,2018
day,2018-04-29,2018-04-go-west-swing-fest,2018-04,listed,"[""newsletter""]",GO WEST SWING FEST,wsdc-306,snap_20260913T035045Z_008aaf4c6933,wsdc_newsletter,2018-04-27,registry,2018
day,2018-04-30,2018-04-nordic-wcs-championships,2018-04,held,"[""calendar"", ""newsletter"", ""registry""]",Nordic WCS Championships,wsdc-253,snap_20260913T035045Z_008aaf4c6933,wsdc_newsletter,2018-04-26,registry,2018
day,2018-04-01,2018-04-san-diego-dance-festival,2018-04,held,"[""calendar"", ""registry""]",San Diego Dance Festival,wsdc-217,snap_20260913T052136Z_96fa1c8a5cb3,wsdc_calendar,2018-03-29,registry,2018
day,2018-04-01,2018-04-seattle-s-easter-swing,2018-04,held,"[""calendar"", ""registry""]",Seattle's Easter Swing,wsdc-18,snap_20260913T052136Z_96fa1c8a5cb3,wsdc_calendar,2018-03-29,registry,2018
day,2018-04-29,2018-04-soswing,2018-04,held,"[""calendar"", ""registry""]",SOswing,wsdc-205,snap_20260913T052136Z_96fa1c8a5cb3,wsdc_calendar,2018-04-27,registry,2018
day,2018-04-30,2018-04-swing-dance-america,2018-04,held,"[""calendar"", ""newsletter"", ""registry""]",Swing Dance America,wsdc-134,snap_20260913T035045Z_008aaf4c6933,wsdc_newsletter,2018-04-26,registry,2018
day,2018-04-22,2018-04-swing-in-capital,2018-04,listed,"[""newsletter""]",SWING IN CAPITAL,wsdc-304,snap_20260913T035045Z_008aaf4c6933,wsdc_newsletter,2018-04-20,registry,2018
day,2018-04-09,2018-04-uk-european-wcs-championships,2018-04,held,"[""calendar"", ""newsletter"", ""registry""]",UK & European WCS Championships,wsdc-198,snap_20260913T035045Z_008aaf4c6933,wsdc_newsletter,2018-04-05,registry,2018
day,2018-04-16,2018-04-westy-nantes,2018-04,held,"[""calendar"", ""newsletter"", ""registry""]",Westy Nantes,wsdc-293,snap_20260913T035045Z_008aaf4c6933,wsdc_newsletter,2018-04-13,registry,2018
day,2018-05-21,2018-05-canadian-swing-championships,2018-05,held,"[""calendar"", ""newsletter"", ""registry""]",Canadian Swing Championships,wsdc-105,snap_20260913T035045Z_008aaf4c6933,wsdc_newsletter,2018-05-18,registry,2018
day,2018-05-12,2018-05-cologne-zouk-festival,2018-05,listed,[],Cologne Zouk Festival,slug-cologne-zouk-festival,snap_20260910T032911Z_34e948f7fea1,scoringdance,2018-05-12,unknown,2018
day,2018-05-21,2018-05-french-open-west-coast-swing,2018-05,held,"[""calendar"", ""newsletter"", ""registry""]",French Open West Coast Swing,wsdc-175,snap_20260913T035045Z_008aaf4c6933,wsdc_newsletter,2018-05-18,registry,2018
day,2018-05-28,2018-05-frezno-dance-classic,2018-05,held,"[""calendar"", ""newsletter"", ""registry""]",FreZno Dance Classic,wsdc-20,snap_20260913T035045Z_008aaf4c6933,wsdc_newsletter,2018-05-24,registry,2018
day,2018-05-27,2018-05-hungarian-open,2018-05,held,"[""calendar"", ""newsletter"", ""registry""]",Hungarian Open,wsdc-206,snap_20260913T035045Z_008aaf4c6933,wsdc_newsletter,2018-05-24,registry,2018
day,2018-05-06,2018-05-kiwi-fest,2018-05,held,"[""calendar"", ""registry""]",KIWI Fest,wsdc-219,snap_20260913T052136Z_96fa1c8a5cb3,wsdc_calendar,2018-05-04,registry,2018
day,2018-05-13,2018-05-scotland-swing-classic,2018-05,held,"[""calendar"", ""registry""]",Scotland Swing Classic,wsdc-277,snap_20260913T052136Z_96fa1c8a5cb3,wsdc_calendar,2018-05-11,registry,2018
day,2018-05-27,2018-05-show-me-showdown,2018-05,held,"[""calendar"", ""newsletter"", ""registry""]",Show-Me Showdown,wsdc-221,snap_20260913T035045Z_008aaf4c6933,wsdc_newsletter,2018-05-25,registry,2018
day,2018-05-13,2018-05-swingdiego,2018-05,held,"[""calendar"", ""registry""]",SwingDiego,wsdc-61,snap_20260913T052136Z_96fa1c8a5cb3,wsdc_calendar,2018-05-11,registry,2018
day,2018-05-06,2018-05-swingin-into-spring,2018-05,held,"[""calendar"", ""newsletter"", ""registry""]",Swingin' Into Spring,wsdc-144,snap_20260913T035045Z_008aaf4c6933,wsdc_newsletter,2018-05-03,registry,2018
day,2018-05-27,2018-05-swingsation,2018-05,held,"[""calendar"", ""newsletter"", ""registry""]",Swingsation,wsdc-174,snap_20260913T035045Z_008aaf4c6933,wsdc_newsletter,2018-05-24,registry,2018
day,2018-05-21,2018-05-the-texas-classic,2018-05,held,"[""calendar"", ""newsletter"", ""registry""]",The Texas Classic,wsdc-121,snap_20260913T035045Z_008aaf4c6933,wsdc_newsletter,2018-05-18,registry,2018
day,2018-05-27,2018-05-usa-grand-nationals,2018-05,held,"[""calendar"", ""registry""]",USA Grand Nationals,wsdc-22,snap_20260913T052136Z_96fa1c8a5cb3,wsdc_calendar,2018-05-25,registry,2018
day,2018-06-11,2018-06-baltic-swing,2018-06,held,"[""calendar"", ""newsletter"", ""registry""]",Baltic Swing,wsdc-222,snap_20260913T035045Z_008aaf4c6933,wsdc_newsletter,2018-06-08,registry,2018
day,2018-06-24,2018-06-colorado-country-classic,2018-06,listed,"[""calendar"", ""newsletter""]",COLORADO COUNTRY CLASSIC **,wsdc-109,snap_20260913T035045Z_008aaf4c6933,wsdc_newsletter,2018-06-21,registry,2018
day,2018-06-17,2018-06-d-townswing,2018-06,held,"[""calendar"", ""newsletter"", ""registry""]",D-Townswing,wsdc-220,snap_20260913T035045Z_008aaf4c6933,wsdc_newsletter,2018-06-14,registry,2018
day,2018-06-17,2018-06-dance-n-play,2018-06,held,"[""calendar"", ""newsletter"", ""registry""]",Dance N Play,wsdc-207,snap_20260913T035045Z_008aaf4c6933,wsdc_newsletter,2018-06-14,registry,2018
day,2018-06-18,2018-06-finnfest,2018-06,held,"[""calendar"", ""newsletter"", ""registry""]",Finnfest,wsdc-254,snap_20260913T035045Z_008aaf4c6933,wsdc_newsletter,2018-06-14,registry,2018
day,2018-06-11,2018-06-j-j-o-rama,2018-06,held,"[""calendar"", ""newsletter"", ""registry""]",J&J O'Rama,wsdc-25,snap_20260913T035045Z_008aaf4c6933,wsdc_newsletter,2018-06-07,registry,2018
day,2018-06-24,2018-06-korea-westival,2018-06,held,"[""calendar"", ""newsletter"", ""registry""]",Korea Westival,wsdc-268,snap_20260913T035045Z_008aaf4c6933,wsdc_newsletter,2018-06-21,registry,2018
day,2018-06-03,2018-06-michigan-dance-classic,2018-06,held,"[""calendar"", ""newsletter"", ""registry""]",Michigan Dance Classic,wsdc-76,snap_20260913T035045Z_008aaf4c6933,wsdc_newsletter,2018-05-31,registry,2018
day,2018-06-24,2018-06-new-zealand-open-swing-dance-championships,2018-06,held,"[""calendar"", ""newsletter"", ""registry""]",New Zealand Open Swing Dance Championships,wsdc-179,snap_20260913T035045Z_008aaf4c6933,wsdc_newsletter,2018-06-22,registry,2018
day,2018-06-17,2018-06-nsw-west-coast-swing-dance-championships,2018-06,held,"[""calendar"", ""registry""]",NSW West Coast Swing Dance Championships,wsdc-188,snap_20260913T052203Z_cd67a4f2a5bd,wsdc_calendar,2018-06-15,registry,2018
day,2018-06-03,2018-06-orange-blossom-dance-festival,2018-06,held,"[""calendar"", ""newsletter"", ""registry""]",Orange Blossom Dance Festival,wsdc-117,snap_20260913T035045Z_008aaf4c6933,wsdc_newsletter,2018-05-31,registry,2018
day,2018-06-17,2018-06-swingapalooza,2018-06,held,"[""calendar"", ""newsletter"", ""registry""]",Swingapalooza,wsdc-162,snap_20260913T035045Z_008aaf4c6933,wsdc_newsletter,2018-06-15,registry,2018
day,2018-07-02,2018-07-americano-dance-camp,2018-07,held,"[""calendar"", ""newsletter"", ""registry""]",Americano Dance Camp,wsdc-278,snap_20260913T035045Z_008aaf4c6933,wsdc_newsletter,2018-06-28,registry,2018
day,2018-07-15,2018-07-big-apple-dance-festival,2018-07,held,"[""calendar"", ""registry""]",Big Apple Dance Festival,wsdc-156,snap_20260913T052203Z_cd67a4f2a5bd,wsdc_calendar,2018-07-13,registry,2018
day,2018-07-22,2018-07-florida-dance-magic,2018-07,held,"[""calendar"", ""registry""]",Florida Dance Magic,wsdc-149,snap_20260913T052203Z_cd67a4f2a5bd,wsdc_calendar,2018-07-19,registry,2018
day,2018-07-08,2018-07-ft-lauderdale-swing-shag-beach-bash,2018-07,held,"[""calendar"", ""registry""]",Ft. Lauderdale Swing & Shag Beach Bash,wsdc-226,snap_20260913T052203Z_cd67a4f2a5bd,wsdc_calendar,2018-07-05,registry,2018
day,2018-07-08,2018-07-indy-dance-explosion,2018-07,held,"[""calendar"", ""newsletter"", ""registry""]",Indy Dance Explosion,wsdc-255,snap_20260913T053243Z_3347ef6a3141,wsdc_newsletter,2018-07-05,registry,2018
day,2018-07-01,2018-07-liberty-swing-dance-championships,2018-07,held,"[""calendar"", ""registry""]",Liberty Swing Dance Championships,wsdc-96,snap_20260913T052203Z_cd67a4f2a5bd,wsdc_calendar,2018-06-29,registry,2018
day,2018-07-01,2018-07-neverland-swing,2018-07,held,"[""calendar"", ""newsletter"", ""registry""]",Neverland Swing,wsdc-261,snap_20260913T035045Z_008aaf4c6933,wsdc_newsletter,2018-06-29,registry,2018
day,2018-07-22,2018-07-new-orleans-dance-mardi-gras,2018-07,held,"[""calendar"", ""newsletter"", ""registry""]",New Orleans Dance Mardi Gras,wsdc-148,snap_20260913T053243Z_3347ef6a3141,wsdc_newsletter,2018-07-19,registry,2018
day,2018-07-29,2018-07-odyssey-west-coast-swing,2018-07,held,"[""calendar"", ""newsletter"", ""registry""]",Odyssey West Coast Swing,wsdc-303,snap_20260913T053243Z_3347ef6a3141,wsdc_newsletter,2018-07-27,registry,2018
day,2018-07-08,2018-07-of-july-convention,2018-07,held,"[""calendar"", ""registry""]",4TH of July Convention,wsdc-1,snap_20260913T052203Z_cd67a4f2a5bd,wsdc_calendar,2018-07-06,registry,2018
day,2018-07-15,2018-07-portland-dance-festival,2018-07,held,"[""calendar"", ""newsletter"", ""registry""]",Portland Dance Festival,wsdc-44,snap_20260913T053243Z_3347ef6a3141,wsdc_newsletter,2018-07-12,registry,2018
day,2018-07-28,2018-07-pure-bachata-summer-festival-cologne,2018-07,listed,[],Pure Bachata Summer Festival Cologne,slug-pure-bachata-summer-festival-cologne,snap_20260910T032911Z_34e948f7fea1,scoringdance,2018-07-28,unknown,2018
day,2018-07-22,2018-07-rock-the-barn,2018-07,held,"[""calendar"", ""newsletter"", ""registry""]",Rock The Barn,wsdc-256,snap_20260913T053243Z_3347ef6a3141,wsdc_newsletter,2018-07-19,registry,2018
day,2018-07-15,2018-07-saint-petersburg-wcs-nights,2018-07,held,"[""calendar"", ""newsletter"", ""registry""]",Saint Petersburg WCS Nights,wsdc-280,snap_20260913T053243Z_3347ef6a3141,wsdc_newsletter,2018-07-12,registry,2018
day,2018-07-22,2018-07-swing-it-like-it-s-hot,2018-07,held,"[""calendar"", ""newsletter"", ""registry""]",Swing It Like It's Hot,wsdc-262,snap_20260913T053243Z_3347ef6a3141,wsdc_newsletter,2018-07-19,registry,2018
day,2018-07-29,2018-07-swingtime-in-the-rockies,2018-07,held,"[""newsletter"", ""registry""]",Swingtime in the Rockies,wsdc-47,snap_20260913T053243Z_3347ef6a3141,wsdc_newsletter,2018-07-26,registry,2018
day,2018-07-15,2018-07-toronto-open-swing-hustle-championships,2018-07,held,"[""calendar"", ""newsletter"", ""registry""]",Toronto Open Swing & Hustle Championships,wsdc-147,snap_20260913T053243Z_3347ef6a3141,wsdc_newsletter,2018-07-12,registry,2018
day,2018-07-08,2018-07-wild-wild-westie,2018-07,held,"[""calendar"", ""newsletter"", ""registry""]",Wild Wild Westie,wsdc-225,snap_20260913T053243Z_3347ef6a3141,wsdc_newsletter,2018-07-05,registry,2018
day,2018-08-05,2018-08-arizona-dance-classic,2018-08,held,"[""calendar"", ""newsletter"", ""registry""]",Arizona Dance Classic,wsdc-77,snap_20260913T053243Z_3347ef6a3141,wsdc_newsletter,2018-08-02,registry,2018
day,2018-08-19,2018-08-chicagoland-country-swing-dance-festival,2018-08,held,"[""calendar"", ""newsletter"", ""registry""]",Chicagoland Country & Swing Dance Festival,wsdc-99,snap_20260913T053243Z_3347ef6a3141,wsdc_newsletter,2018-08-17,registry,2018
day,2018-08-19,2018-08-chicagoland-dance-festival,2018-08,listed,"[""calendar""]",Chicagoland Dance Festival,wsdc-119,snap_20260913T052314Z_cd0f43b0da24,wsdc_calendar,2018-08-16,registry,2018
day,2018-08-12,2018-08-german-open-wcs-championships,2018-08,held,"[""calendar"", ""newsletter"", ""registry""]",German Open WCS Championships,wsdc-282,snap_20260913T053243Z_3347ef6a3141,wsdc_newsletter,2018-08-09,registry,2018
day,2018-08-12,2018-08-lonestar-invitational,2018-08,held,"[""calendar"", ""newsletter"", ""registry""]",LoneStar Invitational,wsdc-120,snap_20260913T053243Z_3347ef6a3141,wsdc_newsletter,2018-08-09,registry,2018
day,2018-08-05,2018-08-midwest-westie-fest,2018-08,held,"[""calendar"", ""newsletter"", ""registry""]",Midwest Westie Fest,wsdc-224,snap_20260913T053243Z_3347ef6a3141,wsdc_newsletter,2018-08-02,registry,2018
day,2018-08-05,2018-08-new-england-dance-festival,2018-08,held,"[""calendar"", ""newsletter"", ""registry""]",New England Dance Festival,wsdc-157,snap_20260913T053243Z_3347ef6a3141,wsdc_newsletter,2018-08-02,registry,2018
day,2018-08-19,2018-08-palm-springs-summer-dance-camp-classic,2018-08,held,"[""calendar"", ""newsletter"", ""registry""]",Palm Springs Summer Dance Camp Classic,wsdc-51,snap_20260913T053243Z_3347ef6a3141,wsdc_newsletter,2018-08-16,registry,2018
day,2018-08-13,2018-08-riga-summer-swing,2018-08,held,"[""calendar"", ""newsletter"", ""registry""]",Riga Summer Swing,wsdc-263,snap_20260913T053243Z_3347ef6a3141,wsdc_newsletter,2018-08-09,registry,2018
day,2018-08-26,2018-08-shakedown-swing,2018-08,held,"[""calendar"", ""newsletter"", ""registry""]",Shakedown Swing,wsdc-298,snap_20260913T053243Z_3347ef6a3141,wsdc_newsletter,2018-08-24,registry,2018
day,2018-08-26,2018-08-summer-hummer,2018-08,held,"[""calendar"", ""registry""]",Summer Hummer,wsdc-53,snap_20260913T052314Z_cd0f43b0da24,wsdc_calendar,2018-08-23,registry,2018
day,2018-08-20,2018-08-swedish-swing-summer-camp,2018-08,held,"[""calendar"", ""registry""]",Swedish Swing Summer Camp,wsdc-264,snap_20260913T052314Z_cd0f43b0da24,wsdc_calendar,2018-08-17,registry,2018
day,2018-08-12,2018-08-swing-fling,2018-08,held,"[""calendar"", ""newsletter"", ""registry""]",Swing Fling,wsdc-59,snap_20260913T053243Z_3347ef6a3141,wsdc_newsletter,2018-08-09,registry,2018
day,2018-08-05,2018-08-swingtacular,2018-08,held,"[""calendar"", ""newsletter"", ""registry""]",Swingtacular,wsdc-227,snap_20260913T053243Z_3347ef6a3141,wsdc_newsletter,2018-08-02,registry,2018
day,2018-08-05,2018-08-tampa-bay-classic,2018-08,held,"[""calendar"", ""registry""]",Tampa Bay Classic,wsdc-137,snap_20260913T052314Z_cd0f43b0da24,wsdc_calendar,2018-08-02,registry,2018
day,2018-09-09,2018-09-austin-rocks,2018-09,held,"[""calendar"", ""newsletter"", ""registry""]",Austin Rocks,wsdc-300,snap_20260913T052930Z_9938b86a7094,wsdc_newsletter,2018-09-07,registry,2018
day,2018-09-09,2018-09-bavarian-open-wcs,2018-09,held,"[""calendar"", ""registry""]",Bavarian Open WCS,wsdc-233,snap_20260913T052353Z_ca327a4a9b2a,wsdc_calendar,2018-09-06,registry,2018
day,2018-09-23,2018-09-best-of-the-best,2018-09,held,"[""calendar"", ""registry""]",Best of the Best,wsdc-167,snap_20260913T052353Z_ca327a4a9b2a,wsdc_calendar,2018-09-20,registry,2018
day,2018-09-30,2018-09-bridgetown-swing,2018-09,held,"[""calendar"", ""registry""]",BridgeTown Swing,wsdc-10,snap_20260913T052353Z_ca327a4a9b2a,wsdc_calendar,2018-09-27,registry,2018
day,2018-09-23,2018-09-citadel-swing,2018-09,held,"[""calendar"", ""newsletter"", ""registry""]",Citadel Swing,wsdc-284,snap_20260913T053243Z_3347ef6a3141,wsdc_newsletter,2018-09-21,registry,2018
day,2018-09-03,2018-09-dallas-d-a-n-c-e,2018-09,held,"[""calendar"", ""registry""]",Dallas D.A.N.C.E.,wsdc-15,snap_20260913T052353Z_ca327a4a9b2a,wsdc_calendar,2018-08-31,registry,2018
day,2018-09-02,2018-09-desert-city-swing,2018-09,held,"[""calendar"", ""registry""]",Desert City Swing,wsdc-135,snap_20260913T052314Z_cd0f43b0da24,wsdc_calendar,2018-08-30,registry,2018
day,2018-09-09,2018-09-fall-fall-in-swing,2018-09,held,"[""calendar"", ""registry""]",Fall Fall in Swing,wsdc-296,snap_20260913T052353Z_ca327a4a9b2a,wsdc_calendar,2018-09-07,registry,2018
day,2018-09-23,2018-09-meet-me-in-st-louis-swing-dance-championships,2018-09,held,"[""calendar"", ""registry""]",Meet Me in St. Louis Swing Dance Championships,wsdc-131,snap_20260913T052353Z_ca327a4a9b2a,wsdc_calendar,2018-09-20,registry,2018
day,2018-09-30,2018-09-midland-swing-open,2018-09,held,"[""calendar"", ""registry""]",Midland Swing Open,wsdc-165,snap_20260913T052353Z_ca327a4a9b2a,wsdc_calendar,2018-09-27,registry,2018
day,2018-09-16,2018-09-norway-westie-fest,2018-09,held,"[""calendar"", ""newsletter"", ""registry""]",Norway Westie Fest,wsdc-232,snap_20260913T053243Z_3347ef6a3141,wsdc_newsletter,2018-09-13,registry,2018
day,2018-09-23,2018-09-philly-swing-classic,2018-09,held,"[""calendar"", ""registry""]",Philly Swing Classic,wsdc-234,snap_20260913T052353Z_ca327a4a9b2a,wsdc_calendar,2018-09-21,registry,2018
day,2018-09-02,2018-09-river-city-swing,2018-09,held,"[""calendar"", ""newsletter"", ""registry""]",River City Swing,wsdc-177,snap_20260913T053243Z_3347ef6a3141,wsdc_newsletter,2018-08-30,registry,2018
day,2018-09-16,2018-09-rocky-mountain-five-dance-rm5,2018-09,held,"[""calendar"", ""registry""]",Rocky Mountain Five Dance (RM5),wsdc-266,snap_20260913T052353Z_ca327a4a9b2a,wsdc_calendar,2018-09-14,registry,2018
day,2018-09-03,2018-09-south-bay-dance-fling,2018-09,held,"[""calendar"", ""registry""]",South Bay Dance Fling,wsdc-48,snap_20260913T052314Z_cd0f43b0da24,wsdc_calendar,2018-08-30,registry,2018
day,2018-09-30,2018-09-the-brazilian-open,2018-09,held,"[""calendar"", ""registry""]",The Brazilian Open,wsdc-216,snap_20260913T052353Z_ca327a4a9b2a,wsdc_calendar,2018-09-28,registry,2018
day,2018-09-09,2018-09-trilogy-swing,2018-09,held,"[""calendar"", ""registry""]",Trilogy Swing,wsdc-231,snap_20260913T052353Z_ca327a4a9b2a,wsdc_calendar,2018-09-06,registry,2018
day,2018-09-16,2018-09-ukrainian-open,2018-09,held,"[""calendar"", ""newsletter"", ""registry""]",Ukrainian Open,wsdc-299,snap_20260913T035045Z_008aaf4c6933,wsdc_newsletter,2018-09-14,registry,2018
day,2018-10-01,2018-10-atlanta-swing-classic,2018-10,held,"[""calendar"", ""registry""]",Atlanta Swing Classic,wsdc-211,snap_20260913T052353Z_ca327a4a9b2a,wsdc_calendar,2018-09-27,registry,2018
day,2018-10-08,2018-10-boogie-by-the-bay,2018-10,held,"[""calendar"", ""registry""]",Boogie By The Bay,wsdc-8,snap_20260913T052353Z_ca327a4a9b2a,wsdc_calendar,2018-10-04,registry,2018
day,2018-10-22,2018-10-european-swing-challenge,2018-10,held,"[""calendar"", ""newsletter"", ""registry""]",European Swing Challenge,wsdc-294,snap_20260913T053253Z_e19d60bb1ba4,wsdc_newsletter,2018-10-19,registry,2018
day,2018-10-28,2018-10-halloween-swingthing,2018-10,held,"[""calendar"", ""newsletter"", ""registry""]",Halloween Swingthing,wsdc-65,snap_20260913T053253Z_e19d60bb1ba4,wsdc_newsletter,2018-10-25,registry,2018
day,2018-10-14,2018-10-montreal-westie-fest,2018-10,held,"[""calendar"", ""newsletter"", ""registry""]",Montreal Westie Fest,wsdc-178,snap_20260913T053253Z_e19d60bb1ba4,wsdc_newsletter,2018-10-12,registry,2018
day,2018-10-01,2018-10-old-town-swing,2018-10,held,"[""calendar"", ""registry""]",Old Town Swing,wsdc-285,snap_20260913T052353Z_ca327a4a9b2a,wsdc_calendar,2018-09-27,registry,2018
day,2018-10-21,2018-10-paradise-country-swing-dance-festival,2018-10,held,"[""calendar"", ""newsletter"", ""registry""]",Paradise Country & Swing Dance Festival,wsdc-43,snap_20260913T053253Z_e19d60bb1ba4,wsdc_newsletter,2018-10-18,registry,2018
day,2018-10-28,2018-10-paris-swing-classic,2018-10,listed,"[""calendar"", ""newsletter""]",PARIS SWING CLASSIC,wsdc-307,snap_20260913T053253Z_e19d60bb1ba4,wsdc_newsletter,2018-10-26,registry,2018
day,2018-10-28,2018-10-swing-city-chicago,2018-10,held,"[""calendar"", ""newsletter"", ""registry""]",Swing City Chicago,wsdc-125,snap_20260913T053253Z_e19d60bb1ba4,wsdc_newsletter,2018-10-25,registry,2018
day,2018-10-21,2018-10-swustlicious,2018-10,held,"[""calendar"", ""newsletter"", ""registry""]",Swustlicious,wsdc-267,snap_20260913T053253Z_e19d60bb1ba4,wsdc_newsletter,2018-10-19,registry,2018
day,2018-10-21,2018-10-wcs-festival,2018-10,held,"[""calendar"", ""newsletter"", ""registry""]",WCS Festival,wsdc-286,snap_20260913T053253Z_e19d60bb1ba4,wsdc_newsletter,2018-10-19,registry,2018
day,2018-11-11,2018-11-autumn-swing-challenge,2018-11,held,"[""calendar"", ""newsletter"", ""registry""]",Autumn Swing Challenge,wsdc-269,snap_20260913T053253Z_e19d60bb1ba4,wsdc_newsletter,2018-11-09,registry,2018
day,2018-11-25,2018-11-c-a-s-h-bash-weekend,2018-11,held,"[""calendar"", ""newsletter"", ""registry""]",C.A.S.H. Bash Weekend,wsdc-87,snap_20260913T053253Z_e19d60bb1ba4,wsdc_newsletter,2018-11-22,registry,2018
day,2018-11-30,2018-11-cozyswing,2018-11,listed,[],CozySwing 2018,slug-cozyswing,snap_20260910T053314Z_138de2f6f759,scoringdance,2018-11-30,unknown,2018
day,2018-11-18,2018-11-dc-swing-experience-dcsx,2018-11,held,"[""calendar"", ""newsletter"", ""registry""]",DC Swing Experience (DCSX),wsdc-181,snap_20260913T053253Z_e19d60bb1ba4,wsdc_newsletter,2018-11-15,registry,2018
day,2018-11-04,2018-11-florida-westie-fest,2018-11,held,"[""calendar"", ""newsletter"", ""registry""]",Florida Westie Fest,wsdc-287,snap_20260913T053253Z_e19d60bb1ba4,wsdc_newsletter,2018-11-02,registry,2018
day,2018-11-19,2018-11-london-swingvitational,2018-11,held,"[""calendar"", ""newsletter"", ""registry""]",London SWINGvitational,wsdc-166,snap_20260913T053253Z_e19d60bb1ba4,wsdc_newsletter,2018-11-15,registry,2018
day,2018-11-11,2018-11-midnight-madness,2018-11,held,"[""calendar"", ""newsletter"", ""registry""]",Midnight Madness,wsdc-288,snap_20260913T053253Z_e19d60bb1ba4,wsdc_newsletter,2018-11-09,registry,2018
day,2018-11-04,2018-11-moscow-westie-fest,2018-11,held,"[""calendar"", ""newsletter"", ""registry""]",Moscow Westie Fest,wsdc-194,snap_20260913T053253Z_e19d60bb1ba4,wsdc_newsletter,2018-11-01,registry,2018
day,2018-11-04,2018-11-mountain-magic-dance-convention,2018-11,held,"[""calendar"", ""newsletter"", ""registry""]",Mountain Magic Dance Convention,wsdc-31,snap_20260913T053253Z_e19d60bb1ba4,wsdc_newsletter,2018-11-01,registry,2018
day,2018-11-04,2018-11-scandinavian-open-wcs,2018-11,held,"[""calendar"", ""newsletter"", ""registry""]",Scandinavian Open WCS,wsdc-229,snap_20260913T053253Z_e19d60bb1ba4,wsdc_newsletter,2018-11-01,registry,2018
day,2018-11-12,2018-11-sea-to-sky-seattle,2018-11,held,"[""calendar"", ""newsletter"", ""registry""]",Sea To Sky - Seattle,wsdc-79,snap_20260913T053253Z_e19d60bb1ba4,wsdc_newsletter,2018-11-08,registry,2018
day,2018-11-11,2018-11-swingin-new-england,2018-11,held,"[""calendar"", ""newsletter"", ""registry""]",Swingin' New England,wsdc-63,snap_20260913T053253Z_e19d60bb1ba4,wsdc_newsletter,2018-11-08,registry,2018
day,2018-11-25,2018-11-us-open-swing-dance-championships,2018-11,held,"[""calendar"", ""registry""]",US Open Swing Dance Championships,wsdc-68,snap_20260913T052503Z_8d6dd61630dd,wsdc_calendar,2018-11-22,registry,2018
day,2018-11-05,2018-11-warsaw-halloween-swing,2018-11,held,"[""calendar"", ""newsletter"", ""registry""]",Warsaw Halloween Swing,wsdc-236,snap_20260913T053253Z_e19d60bb1ba4,wsdc_newsletter,2018-11-01,registry,2018
day,2018-11-18,2018-11-westie-pink-city,2018-11,held,"[""calendar"", ""newsletter"", ""registry""]",Westie Pink City,wsdc-312,snap_20260913T053253Z_e19d60bb1ba4,wsdc_newsletter,2018-11-16,registry,2018
day,2018-11-04,2018-11-westie-s-angels,2018-11,held,"[""calendar"", ""registry""]",Westie's Angels,wsdc-270,snap_20260913T052433Z_eef32629ef72,wsdc_calendar,2018-11-01,registry,2018
day,2018-12-09,2018-12-berlin-swing-revolution,2018-12,held,"[""calendar"", ""newsletter"", ""registry""]",Berlin Swing Revolution,wsdc-271,snap_20260913T053253Z_e19d60bb1ba4,wsdc_newsletter,2018-12-06,registry,2018
day,2018-12-09,2018-12-swingtimate,2018-12,held,"[""calendar"", ""newsletter"", ""registry""]",Swingtimate,wsdc-213,snap_20260913T053253Z_e19d60bb1ba4,wsdc_newsletter,2018-12-07,registry,2018
day,2018-12-02,2018-12-the-after-party-tap,2018-12,held,"[""calendar"", ""newsletter"", ""registry""]",The After Party (TAP),wsdc-212,snap_20260913T053253Z_e19d60bb1ba4,wsdc_newsletter,2018-11-29,registry,2018
day,2018-12-09,2018-12-upstate-dance-challenge,2018-12,held,"[""calendar"", ""newsletter"", ""registry""]",Upstate Dance Challenge,wsdc-265,snap_20260913T053253Z_e19d60bb1ba4,wsdc_newsletter,2018-12-06,registry,2018
day,2018-12-02,2018-12-winter-white-wcs,2018-12,held,"[""calendar"", ""newsletter"", ""registry""]",Winter White WCS,wsdc-238,snap_20260913T053253Z_e19d60bb1ba4,wsdc_newsletter,2018-11-29,registry,2018
day,2018-12-28,2018-12-swingvester,2019-01,held,[],SwingVester 2018,wsdc-289,snap_20260910T032911Z_34e948f7fea1,scoringdance,2018-12-28,unknown,2018
day,2019-01-20,2019-01-austin-swing-dance-championships,2019-01,held,"[""calendar"", ""newsletter"", ""registry""]",Austin Swing Dance Championships,wsdc-200,snap_20260913T053010Z_478d7ddb5edd,wsdc_newsletter,2019-01-17,registry,2019
day,2019-01-20,2019-01-avignon-city-swing,2019-01,listed,"[""calendar"", ""newsletter""]",AVIGNON CITY SWING *,wsdc-309,snap_20260913T053010Z_478d7ddb5edd,wsdc_newsletter,2019-01-18,registry,2019
day,2019-01-06,2019-01-budafest-open-wcs-championships,2019-01,held,"[""calendar"", ""newsletter"", ""registry""]",BudaFest Open WCS Championships,wsdc-184,snap_20260913T053010Z_478d7ddb5edd,wsdc_newsletter,2019-01-04,registry,2019
day,2019-01-27,2019-01-derby-city-swing,2019-01,held,"[""calendar"", ""newsletter"", ""registry""]",Derby City Swing,wsdc-242,snap_20260913T053010Z_478d7ddb5edd,wsdc_newsletter,2019-01-24,registry,2019
day,2019-01-01,2019-01-floorplay-new-years-swing-vacation,2019-01,held,"[""calendar"", ""registry""]",FloorPlay New Years Swing Vacation,wsdc-42,snap_20260913T052503Z_8d6dd61630dd,wsdc_calendar,2018-12-28,registry,2019
day,2019-01-20,2019-01-freedom-swing-dance-challenge,2019-01,held,"[""calendar"", ""newsletter"", ""registry""]",Freedom Swing Dance Challenge,wsdc-183,snap_20260913T053010Z_478d7ddb5edd,wsdc_newsletter,2019-01-18,registry,2019
day,2019-01-13,2019-01-monterey-swingfest,2019-01,held,"[""calendar"", ""newsletter"", ""registry""]",Monterey Swingfest,wsdc-62,snap_20260913T053010Z_478d7ddb5edd,wsdc_newsletter,2019-01-10,registry,2019
day,2019-01-27,2019-01-municorn-swing,2019-01,held,"[""calendar"", ""newsletter"", ""registry""]",Municorn Swing,wsdc-291,snap_20260913T053010Z_478d7ddb5edd,wsdc_newsletter,2019-01-25,registry,2019
month,,2019-01-new-year-s-dance-extravaganza,2019-01,held,"[""registry""]",New Year's Dance Extravaganza,wsdc-39,snap_20260912T070342Z_2e59b48da67f,wsdc_registry,,registry,2019
day,2019-01-01,2019-01-new-year-s-swing-fling,2019-01,held,"[""calendar"", ""newsletter"", ""registry""]",New Year's Swing Fling,wsdc-214,snap_20260913T053253Z_e19d60bb1ba4,wsdc_newsletter,2018-12-27,registry,2019
day,2019-01-01,2019-01-palm-springs-new-year,2019-01,held,"[""calendar"", ""registry""]",Palm Springs New Year,wsdc-195,snap_20260913T052503Z_8d6dd61630dd,wsdc_calendar,2018-12-28,registry,2019
day,2019-01-04,2019-01-shooba-dooba-swing,2019-01,held,"[""calendar"", ""newsletter"", ""registry""]",Shooba Dooba Swing,wsdc-290,snap_20260913T053010Z_478d7ddb5edd,wsdc_newsletter,2019-01-02,registry,2019
day,2019-01-01,2019-01-spotlight-dance-challenge,2019-01,held,"[""calendar"", ""newsletter"", ""registry""]",Spotlight Dance Challenge,wsdc-141,snap_20260913T053253Z_e19d60bb1ba4,wsdc_newsletter,2018-12-28,registry,2019
day,2019-01-06,2019-01-sweden-westie-gala,2019-01,listed,"[""calendar"", ""newsletter""]",SWEDEN WESTIE GALA,wsdc-240,snap_20260913T053010Z_478d7ddb5edd,wsdc_newsletter,2019-01-05,registry,2019
day,2019-01-21,2019-01-swing-resolution,2019-01,held,"[""calendar"", ""newsletter"", ""registry""]",Swing Resolution,wsdc-301,snap_20260913T053010Z_478d7ddb5edd,wsdc_newsletter,2019-01-18,registry,2019
day,2019-01-27,2019-01-swingcouver,2019-01,held,"[""calendar"", ""newsletter"", ""registry""]",SwingCouver,wsdc-196,snap_20260913T053010Z_478d7ddb5edd,wsdc_newsletter,2019-01-24,registry,2019
day,2019-01-19,2019-01-workshopweekend-heidelberg-jan2019,2019-01,listed,[],Workshopweekend Heidelberg Jan2019,slug-workshopweekend-heidelberg-jan2019,snap_20260910T032911Z_34e948f7fea1,scoringdance,2019-01-19,unknown,2019
month,,2019-01-worlds-ucwdc,2019-01,held,"[""registry""]",Worlds UCWDC,wsdc-75,snap_20260912T070535Z_0a611073f7de,wsdc_registry,,registry,2019
day,2019-02-17,2019-02-capital-swing-dance-convention,2019-02,held,"[""calendar"", ""registry""]",Capital Swing Dance Convention,wsdc-12,snap_20260913T052533Z_4c25eb640a6a,wsdc_calendar,2019-02-14,registry,2019
day,2019-02-23,2019-02-carnival-swing-cologne,2019-02,listed,[],Carnival Swing Cologne 2019,slug-carnival-swing-cologne,snap_20260910T053721Z_be05513ccc06,scoringdance,2019-02-23,unknown,2019
day,2019-02-03,2019-02-charlotte-westie-fest,2019-02,held,"[""calendar"", ""newsletter"", ""registry""]",Charlotte Westie Fest,wsdc-273,snap_20260913T053010Z_478d7ddb5edd,wsdc_newsletter,2019-01-31,registry,2019
day,2019-02-10,2019-02-dance-camp-chicago,2019-02,held,"[""calendar"", ""newsletter"", ""registry""]",Dance Camp Chicago,wsdc-169,snap_20260913T053010Z_478d7ddb5edd,wsdc_newsletter,2019-02-08,registry,2019
month,,2019-02-paris-westie-fest,2019-02,held,"[""registry""]",Paris Westie Fest,wsdc-272,snap_20260912T070907Z_7b062eaa1792,wsdc_registry,,registry,2019
day,2019-02-24,2019-02-rose-city-swing,2019-02,held,"[""calendar"", ""newsletter"", ""registry""]",Rose City Swing ,wsdc-244,snap_20260913T053010Z_478d7ddb5edd,wsdc_newsletter,2019-02-21,registry,2019
day,2019-02-03,2019-02-swing-snow,2019-02,held,"[""calendar"", ""newsletter"", ""registry""]",Swing & Snow,wsdc-215,snap_20260913T053010Z_478d7ddb5edd,wsdc_newsletter,2019-01-31,registry,2019
day,2019-02-10,2019-02-swingtzerland,2019-02,held,"[""calendar"", ""newsletter"", ""registry""]",Swingtzerland,wsdc-258,snap_20260913T053010Z_478d7ddb5edd,wsdc_newsletter,2019-02-07,registry,2019
day,2019-02-17,2019-02-valentine-swing,2019-02,held,"[""calendar"", ""newsletter"", ""registry""]",Valentine Swing,wsdc-310,snap_20260913T053010Z_478d7ddb5edd,wsdc_newsletter,2019-02-15,registry,2019
day,2019-02-17,2019-02-westeroz-swing,2019-02,held,"[""calendar"", ""newsletter"", ""registry""]",WesterOz Swing,wsdc-302,snap_20260913T053010Z_478d7ddb5edd,wsdc_newsletter,2019-02-15,registry,2019
day,2019-02-25,2019-02-winter-coast-swing,2019-02,held,"[""calendar"", ""newsletter"", ""registry""]",Winter Coast Swing,wsdc-297,snap_20260913T053010Z_478d7ddb5edd,wsdc_newsletter,2019-02-21,registry,2019
day,2019-03-25,2019-03-5280-swing-dance-championships,2019-03,held,"[""calendar"", ""newsletter"", ""registry""]",5280 Swing Dance Championships,wsdc-197,snap_20260913T053010Z_478d7ddb5edd,wsdc_newsletter,2019-03-21,registry,2019
day,2019-03-17,2019-03-all-star-swingjam,2019-03,listed,"[""calendar""]",All Star SwingJam,wsdc-318,snap_20260913T052610Z_9b5425eda664,wsdc_calendar,2019-03-14,trial,2019
day,2019-03-31,2019-03-anchor-festival,2019-03,held,"[""calendar"", ""newsletter"", ""registry""]",Anchor Festival,wsdc-276,snap_20260913T053010Z_478d7ddb5edd,wsdc_newsletter,2019-03-28,registry,2019
day,2019-03-24,2019-03-dutch-open-west-coast-swing,2019-03,held,"[""calendar"", ""newsletter"", ""registry""]",Dutch Open West Coast Swing,wsdc-275,snap_20260913T053010Z_478d7ddb5edd,wsdc_newsletter,2019-03-21,registry,2019
day,2019-03-10,2019-03-high-desert-dance-classic,2019-03,held,"[""calendar"", ""newsletter"", ""registry""]",High Desert Dance Classic,wsdc-143,snap_20260913T053010Z_478d7ddb5edd,wsdc_newsletter,2019-03-08,registry,2019
day,2019-03-25,2019-03-king-swing,2019-03,held,"[""calendar"", ""newsletter"", ""registry""]",King Swing,wsdc-292,snap_20260913T053010Z_478d7ddb5edd,wsdc_newsletter,2019-03-21,registry,2019
day,2019-03-03,2019-03-mid-atlantic-dance-jam-madjam,2019-03,held,"[""calendar"", ""registry""]",Mid Atlantic Dance Jam (MADjam),wsdc-92,snap_20260913T052533Z_4c25eb640a6a,wsdc_calendar,2019-02-28,registry,2019
day,2019-03-24,2019-03-novice-invitational,2019-03,held,"[""calendar"", ""newsletter"", ""registry""]",Novice Invitational,wsdc-153,snap_20260913T053010Z_478d7ddb5edd,wsdc_newsletter,2019-03-22,registry,2019
day,2019-03-31,2019-03-russian-open-wcs-championships,2019-03,held,"[""calendar"", ""newsletter"", ""registry""]",Russian Open WCS Championships,wsdc-170,snap_20260913T053010Z_478d7ddb5edd,wsdc_newsletter,2019-03-28,registry,2019
day,2019-03-17,2019-03-swing-escape,2019-03,held,"[""calendar"", ""newsletter"", ""registry""]",Swing Escape,wsdc-246,snap_20260913T053010Z_478d7ddb5edd,wsdc_newsletter,2019-03-15,registry,2019
day,2019-03-31,2019-03-swing-over,2019-03,held,"[""calendar"", ""newsletter"", ""registry""]",Swing Over,wsdc-259,snap_20260913T053010Z_478d7ddb5edd,wsdc_newsletter,2019-03-28,registry,2019
day,2019-03-24,2019-03-the-boston-tea-party,2019-03,held,"[""calendar"", ""newsletter"", ""registry""]",The Boston Tea Party,wsdc-9,snap_20260913T053010Z_478d7ddb5edd,wsdc_newsletter,2019-03-21,registry,2019
day,2019-03-11,2019-03-the-chicago-classic,2019-03,held,"[""calendar"", ""registry""]",The Chicago Classic,wsdc-142,snap_20260913T052610Z_9b5425eda664,wsdc_calendar,2019-03-07,registry,2019
day,2019-03-17,2019-03-west-in-lyon,2019-03,held,"[""calendar"",""newsletter"",""platform"",""registry""]",West in Lyon 2019,wsdc-186,snap_20260913T053010Z_478d7ddb5edd,wsdc_newsletter,2019-03-14,unknown,2019
day,2019-03-17,2019-03-westie-spring-thing,2019-03,held,"[""calendar"", ""registry""]",Westie Spring Thing,wsdc-314,snap_20260913T052610Z_9b5425eda664,wsdc_calendar,2019-03-15,registry,2019
day,2019-04-21,2019-04-asia-west-coast-swing-open,2019-04,held,"[""calendar"", ""registry""]",Asia West Coast Swing Open,wsdc-218,snap_20260913T052610Z_9b5425eda664,wsdc_calendar,2019-04-18,registry,2019
day,2019-04-14,2019-04-calgary-dance-stampede,2019-04,listed,"[""calendar"", ""newsletter""]",CALGARY DANCE STAMPEDE,wsdc-116,snap_20260913T053000Z_11d8e6dbdaab,wsdc_newsletter,2019-04-11,registry,2019
day,2019-04-14,2019-04-city-of-angels,2019-04,held,"[""calendar"", ""registry""]",City of Angels,wsdc-187,snap_20260913T052610Z_9b5425eda664,wsdc_calendar,2019-04-11,registry,2019
day,2019-04-29,2019-04-detonation-dance,2019-04,held,"[""calendar"", ""newsletter"", ""registry""]",Detonation Dance,wsdc-203,snap_20260913T053000Z_11d8e6dbdaab,wsdc_newsletter,2019-04-26,registry,2019
day,2019-04-22,2019-04-easter-swing,2019-04,held,"[""calendar"", ""registry""]",Easter Swing,wsdc-18,snap_20260913T052610Z_9b5425eda664,wsdc_calendar,2019-04-18,registry,2019
day,2019-04-28,2019-04-go-west-swing-fest,2019-04,held,"[""calendar"", ""newsletter"", ""registry""]",Go West Swing Fest,wsdc-306,snap_20260913T053000Z_11d8e6dbdaab,wsdc_newsletter,2019-04-25,registry,2019
day,2019-04-29,2019-04-nordic-wcs-championships,2019-04,held,"[""calendar"", ""newsletter"", ""registry""]",Nordic WCS Championships,wsdc-253,snap_20260913T053000Z_11d8e6dbdaab,wsdc_newsletter,2019-04-25,registry,2019
day,2019-04-21,2019-04-san-diego-dance-festival,2019-04,held,"[""calendar"", ""newsletter"", ""registry""]",San Diego Dance Festival,wsdc-217,snap_20260913T053000Z_11d8e6dbdaab,wsdc_newsletter,2019-04-18,registry,2019
day,2019-04-29,2019-04-swing-dance-america,2019-04,held,"[""calendar"", ""newsletter"", ""registry""]",Swing Dance America,wsdc-134,snap_20260913T053000Z_11d8e6dbdaab,wsdc_newsletter,2019-04-25,registry,2019
day,2019-04-21,2019-04-swing-in-capital,2019-04,held,"[""calendar"", ""newsletter"", ""registry""]",Swing In Capital,wsdc-304,snap_20260913T053000Z_11d8e6dbdaab,wsdc_newsletter,2019-04-18,registry,2019
day,2019-04-21,2019-04-tulsa-spring-swing,2019-04,held,"[""calendar"", ""newsletter"", ""registry""]",Tulsa Spring Swing,wsdc-132,snap_20260913T053000Z_11d8e6dbdaab,wsdc_newsletter,2019-04-18,registry,2019
day,2019-04-15,2019-04-u-k-european-wcs-championships,2019-04,held,"[""calendar"", ""newsletter"", ""registry""]",U.K. & European WCS Championships ,wsdc-198,snap_20260913T053000Z_11d8e6dbdaab,wsdc_newsletter,2019-04-11,registry,2019
day,2019-04-07,2019-04-westy-nantes,2019-04,held,"[""calendar"", ""newsletter"", ""registry""]",Westy Nantes,wsdc-293,snap_20260913T053000Z_11d8e6dbdaab,wsdc_newsletter,2019-04-05,registry,2019
day,2019-04-19,2019-04-zouk-german-open-championship,2019-04,listed,[],Zouk 1st German Open Championship 2019,slug-zouk-german-open-championship,snap_20260910T054026Z_da863051bc1e,scoringdance,2019-04-19,unknown,2019
day,2019-05-11,2019-05-3-taf-schleswig-cup-west-coast-swing,2019-05,listed,[],3.TAF Schleswig Cup West Coast Swing 2019,slug-3-taf-schleswig-cup-west-coast-swing,snap_20260910T032911Z_34e948f7fea1,scoringdance,2019-05-11,unknown,2019
day,2019-05-20,2019-05-canadian-swing-championships-csc,2019-05,held,"[""calendar"", ""newsletter"", ""registry""]",Canadian Swing Championships (CSC),wsdc-105,snap_20260913T053000Z_11d8e6dbdaab,wsdc_newsletter,2019-05-17,registry,2019
day,2019-05-27,2019-05-frezno-dance-classic,2019-05,held,"[""calendar"", ""newsletter"", ""registry""]",FreZno Dance Classic,wsdc-20,snap_20260913T053000Z_11d8e6dbdaab,wsdc_newsletter,2019-05-23,registry,2019
day,2019-05-26,2019-05-hungarian-open,2019-05,held,"[""calendar"", ""registry""]",Hungarian Open,wsdc-206,snap_20260913T052610Z_9b5425eda664,wsdc_calendar,2019-05-24,registry,2019
day,2019-05-05,2019-05-kiwi-fest,2019-05,held,"[""calendar"", ""registry""]",KIWI Fest,wsdc-219,snap_20260913T052610Z_9b5425eda664,wsdc_calendar,2019-05-03,registry,2019
day,2019-05-20,2019-05-scotland-swing-classic,2019-05,held,"[""calendar"", ""registry""]",Scotland Swing Classic,wsdc-277,snap_20260913T052610Z_9b5425eda664,wsdc_calendar,2019-05-17,registry,2019
day,2019-05-27,2019-05-show-me-showdown,2019-05,held,"[""calendar"", ""newsletter"", ""registry""]",Show Me Showdown,wsdc-221,snap_20260913T053000Z_11d8e6dbdaab,wsdc_newsletter,2019-05-24,registry,2019
day,2019-05-19,2019-05-soswing,2019-05,held,"[""calendar"", ""registry""]",SOswing,wsdc-205,snap_20260913T052610Z_9b5425eda664,wsdc_calendar,2019-05-16,registry,2019
day,2019-05-13,2019-05-swingdiego-the-superbowl-of-swing,2019-05,held,"[""calendar"", ""registry""]",SwingDiego (The Superbowl of Swing),wsdc-61,snap_20260913T052610Z_9b5425eda664,wsdc_calendar,2019-05-10,registry,2019
day,2019-05-05,2019-05-swingin-into-spring,2019-05,held,"[""calendar"", ""newsletter"", ""registry""]",Swingin' Into Spring,wsdc-144,snap_20260913T053000Z_11d8e6dbdaab,wsdc_newsletter,2019-05-02,registry,2019
day,2019-05-19,2019-05-swingsation,2019-05,held,"[""calendar"", ""newsletter"", ""registry""]",Swingsation,wsdc-174,snap_20260913T053000Z_11d8e6dbdaab,wsdc_newsletter,2019-05-16,registry,2019
day,2019-05-25,2019-05-taf-german-masters-west,2019-05,listed,[],TAF German Masters West 2019,slug-taf-german-masters-west,snap_20260910T060132Z_dbf18a1fc59b,scoringdance,2019-05-25,unknown,2019
day,2019-05-19,2019-05-the-texas-classic,2019-05,held,"[""calendar"", ""registry""]",The Texas Classic,wsdc-121,snap_20260913T052610Z_9b5425eda664,wsdc_calendar,2019-05-17,registry,2019
day,2019-05-05,2019-05-tlv-swingfest,2019-05,held,"[""calendar"", ""newsletter"", ""registry""]",TLV SwingFest,wsdc-311,snap_20260913T053000Z_11d8e6dbdaab,wsdc_newsletter,2019-05-03,registry,2019
day,2019-05-27,2019-05-usa-grand-nationals-dance-championships,2019-05,held,"[""calendar"", ""registry""]",USA Grand Nationals Dance Championships,wsdc-22,snap_20260913T052610Z_9b5425eda664,wsdc_calendar,2019-05-23,registry,2019
day,2019-06-10,2019-06-baltic-swing,2019-06,held,"[""calendar"", ""newsletter"", ""registry""]",Baltic Swing,wsdc-222,snap_20260913T053000Z_11d8e6dbdaab,wsdc_newsletter,2019-06-06,registry,2019
day,2019-06-16,2019-06-d-townswing,2019-06,held,"[""calendar"", ""newsletter"", ""registry""]",D-Townswing,wsdc-220,snap_20260913T053000Z_11d8e6dbdaab,wsdc_newsletter,2019-06-13,registry,2019
day,2019-06-16,2019-06-dance-n-play,2019-06,held,"[""calendar"", ""newsletter"", ""registry""]",Dance N Play,wsdc-207,snap_20260913T053000Z_11d8e6dbdaab,wsdc_newsletter,2019-06-13,registry,2019
day,2019-06-17,2019-06-finnfest,2019-06,held,"[""calendar"", ""newsletter"", ""registry""]",Finnfest,wsdc-254,snap_20260913T053000Z_11d8e6dbdaab,wsdc_newsletter,2019-06-13,registry,2019
day,2019-06-02,2019-06-french-open-west-coast-swing,2019-06,held,"[""calendar"", ""newsletter"", ""registry""]",French Open West Coast Swing,wsdc-175,snap_20260913T053000Z_11d8e6dbdaab,wsdc_newsletter,2019-05-30,registry,2019
day,2019-06-30,2019-06-indy-dance-explosion,2019-06,held,"[""calendar"", ""newsletter"", ""registry""]",Indy Dance Explosion,wsdc-255,snap_20260913T053000Z_11d8e6dbdaab,wsdc_newsletter,2019-06-27,registry,2019
day,2019-06-09,2019-06-jack-jill-o-rama,2019-06,held,"[""calendar"", ""newsletter"", ""registry""]",Jack & Jill O'Rama,wsdc-25,snap_20260913T053000Z_11d8e6dbdaab,wsdc_newsletter,2019-06-06,registry,2019
day,2019-06-23,2019-06-korea-westival,2019-06,held,"[""calendar"", ""newsletter"", ""registry""]",Korea Westival,wsdc-268,snap_20260913T053000Z_11d8e6dbdaab,wsdc_newsletter,2019-06-21,registry,2019
day,2019-06-30,2019-06-liberty-swing-dance-championships,2019-06,held,"[""calendar"", ""registry""]",Liberty Swing Dance Championships,wsdc-96,snap_20260913T052653Z_4309094e8fb4,wsdc_calendar,2019-06-27,registry,2019
day,2019-06-02,2019-06-michigan-dance-classic,2019-06,held,"[""calendar"", ""newsletter"", ""registry""]",Michigan Dance Classic,wsdc-76,snap_20260913T053000Z_11d8e6dbdaab,wsdc_newsletter,2019-05-30,registry,2019
day,2019-06-27,2019-06-neverlandswing,2019-06,listed,[],NeverlandSwing 2019,slug-neverlandswing,snap_20260910T063247Z_bd977d974255,scoringdance,2019-06-27,unknown,2019
day,2019-06-02,2019-06-nsw-west-coast-swing-dance-championships,2019-06,held,"[""calendar"", ""registry""]",NSW West Coast Swing Dance Championships,wsdc-188,snap_20260913T052610Z_9b5425eda664,wsdc_calendar,2019-05-31,registry,2019
day,2019-06-02,2019-06-orange-blossom-dance-festival,2019-06,held,"[""calendar"", ""newsletter"", ""registry""]",Orange Blossom Dance Festival,wsdc-117,snap_20260913T053000Z_11d8e6dbdaab,wsdc_newsletter,2019-05-30,registry,2019
day,2019-06-16,2019-06-swingapalooza,2019-06,held,"[""calendar"", ""newsletter"", ""registry""]",Swingapalooza,wsdc-162,snap_20260913T053000Z_11d8e6dbdaab,wsdc_newsletter,2019-06-14,registry,2019
day,2019-07-01,2019-07-americano-dance-camp,2019-07,held,"[""calendar"", ""newsletter"", ""registry""]",Americano Dance Camp,wsdc-278,snap_20260913T053000Z_11d8e6dbdaab,wsdc_newsletter,2019-06-27,registry,2019
day,2019-07-14,2019-07-big-apple-dance-festival,2019-07,held,"[""calendar"", ""registry""]",Big Apple Dance Festival,wsdc-156,snap_20260913T052653Z_4309094e8fb4,wsdc_calendar,2019-07-11,registry,2019
day,2019-07-07,2019-07-colorado-country-classic,2019-07,held,"[""calendar"", ""newsletter"", ""registry""]",Colorado Country Classic,wsdc-109,snap_20260913T053153Z_b3d4d7e4936b,wsdc_newsletter,2019-07-04,registry,2019
day,2019-07-21,2019-07-dance-mardi-gras,2019-07,cancelled,"[""calendar""]",Dance Mardi Gras (On Hiatus),wsdc-148,snap_20260913T052653Z_4309094e8fb4,wsdc_calendar,2019-07-19,registry,2019
day,2019-07-22,2019-07-florida-dance-magic,2019-07,held,"[""calendar"", ""registry""]",Florida Dance Magic,wsdc-149,snap_20260913T052653Z_4309094e8fb4,wsdc_calendar,2019-07-18,registry,2019
day,2019-07-21,2019-07-midwest-westie-fest,2019-07,held,"[""calendar"", ""newsletter"", ""registry""]",Midwest Westie Fest,wsdc-224,snap_20260913T053153Z_b3d4d7e4936b,wsdc_newsletter,2019-07-18,registry,2019
day,2019-06-27,2019-07-neverland-swing,2019-07,held,"[""platform"", ""registry""]",Neverland Swing,wsdc-261,snap_20260910T063247Z_bd977d974255,scoringdance,2019-06-27,registry,2019
day,2019-07-28,2019-07-odyssey-west-coast-swing,2019-07,held,"[""calendar"", ""newsletter"", ""registry""]",Odyssey West Coast Swing,wsdc-303,snap_20260913T053153Z_b3d4d7e4936b,wsdc_newsletter,2019-07-26,registry,2019
day,2019-07-07,2019-07-phoenix-of-july,2019-07,held,"[""calendar"", ""registry""]",Phoenix 4th of July,wsdc-1,snap_20260913T052653Z_4309094e8fb4,wsdc_calendar,2019-07-03,registry,2019
day,2019-07-14,2019-07-portland-dance-festival,2019-07,held,"[""calendar"", ""newsletter"", ""registry""]",Portland Dance Festival,wsdc-44,snap_20260913T053153Z_b3d4d7e4936b,wsdc_newsletter,2019-07-11,registry,2019
day,2019-07-21,2019-07-rock-the-barn,2019-07,held,"[""calendar"", ""newsletter"", ""registry""]",Rock the Barn,wsdc-256,snap_20260913T053153Z_b3d4d7e4936b,wsdc_newsletter,2019-07-18,registry,2019
day,2019-07-21,2019-07-saint-petersburg-wcs-nights,2019-07,held,"[""calendar"", ""newsletter"", ""registry""]",Saint Petersburg WCS Nights,wsdc-280,snap_20260913T053153Z_b3d4d7e4936b,wsdc_newsletter,2019-07-18,registry,2019
day,2019-07-28,2019-07-sea-sun-swing-camp,2019-07,held,"[""calendar"", ""newsletter"", ""registry""]",Sea Sun & Swing Camp,wsdc-164,snap_20260913T053153Z_b3d4d7e4936b,wsdc_newsletter,2019-07-25,registry,2019
day,2019-07-22,2019-07-swing-it-like-it-s-hot,2019-07,cancelled,"[""calendar""]",Swing It Like It's Hot (On Hiatus),wsdc-262,snap_20260913T052653Z_4309094e8fb4,wsdc_calendar,2019-07-18,registry,2019
day,2019-07-28,2019-07-swingtime,2019-07,held,"[""calendar"", ""newsletter"", ""registry""]",SwingTime,wsdc-47,snap_20260913T053153Z_b3d4d7e4936b,wsdc_newsletter,2019-07-25,registry,2019
day,2019-07-14,2019-07-toronto-open-swing-hustle-championships,2019-07,held,"[""calendar"", ""newsletter"", ""registry""]",Toronto Open Swing & Hustle Championships,wsdc-147,snap_20260913T053153Z_b3d4d7e4936b,wsdc_newsletter,2019-07-11,registry,2019
day,2019-07-07,2019-07-wild-wild-westie,2019-07,held,"[""calendar"", ""newsletter"", ""registry""]",Wild Wild Westie,wsdc-225,snap_20260913T053153Z_b3d4d7e4936b,wsdc_newsletter,2019-07-04,registry,2019
day,2019-08-04,2019-08-arizona-dance-classic-cancelled-due-to-covid-19,2019-08,held,"[""calendar"", ""newsletter"", ""registry""]",Arizona Dance Classic (Cancelled due to Covid-19),wsdc-77,snap_20260913T053153Z_b3d4d7e4936b,wsdc_newsletter,2019-08-01,registry,2019
day,2019-08-18,2019-08-chicagoland-country-and-swing-dance-festival,2019-08,held,"[""calendar"", ""registry""]",Chicagoland Country and Swing Dance Festival,wsdc-119,snap_20260913T052653Z_4309094e8fb4,wsdc_calendar,2019-08-16,registry,2019
day,2019-08-18,2019-08-chicagoland-country-swing-dance-festival,2019-08,listed,"[""newsletter""]",CHICAGOLAND COUNTRY & SWING DANCE FESTIVAL,wsdc-99,snap_20260913T053153Z_b3d4d7e4936b,wsdc_newsletter,2019-08-16,registry,2019
day,2019-08-08,2019-08-german-open,2019-08,listed,[],German Open 2019,slug-german-open,snap_20260910T063648Z_59340403691f,scoringdance,2019-08-08,unknown,2019
day,2019-08-11,2019-08-german-open-wcs-championships,2019-08,held,"[""calendar"", ""newsletter"", ""platform"", ""registry""]",German Open WCS Championships,wsdc-282,snap_20260913T053153Z_b3d4d7e4936b,wsdc_newsletter,2019-08-08,registry,2019
month,,2019-08-kazan-el-fest,2019-08,held,"[""registry""]",Kazan EL Fest,wsdc-283,snap_20260912T073703Z_7b9016bdec42,wsdc_registry,,registry,2019
day,2019-08-11,2019-08-lonestar-invitational,2019-08,held,"[""calendar"", ""newsletter"", ""registry""]",LoneStar Invitational,wsdc-120,snap_20260913T053153Z_b3d4d7e4936b,wsdc_newsletter,2019-08-08,registry,2019
day,2019-08-04,2019-08-new-england-dance-festival,2019-08,held,"[""calendar"", ""newsletter"", ""registry""]",New England Dance Festival,wsdc-157,snap_20260913T053153Z_b3d4d7e4936b,wsdc_newsletter,2019-08-01,registry,2019
day,2019-08-18,2019-08-palm-springs-swing-dance-classic,2019-08,held,"[""calendar"", ""newsletter"", ""registry""]",Palm Springs Swing Dance Classic,wsdc-51,snap_20260913T053153Z_b3d4d7e4936b,wsdc_newsletter,2019-08-15,registry,2019
day,2019-08-05,2019-08-riga-summer-swing,2019-08,held,"[""calendar"", ""newsletter"", ""registry""]",Riga Summer Swing,wsdc-263,snap_20260913T053153Z_b3d4d7e4936b,wsdc_newsletter,2019-08-01,registry,2019
day,2019-08-26,2019-08-shakedown-swing,2019-08,held,"[""calendar"", ""newsletter"", ""registry""]",Shakedown Swing,wsdc-298,snap_20260913T053153Z_b3d4d7e4936b,wsdc_newsletter,2019-08-23,registry,2019
day,2019-08-25,2019-08-summer-hummer,2019-08,held,"[""calendar"", ""registry""]",Summer Hummer,wsdc-53,snap_20260913T052653Z_4309094e8fb4,wsdc_calendar,2019-08-22,registry,2019
day,2019-08-11,2019-08-swing-fling,2019-08,held,"[""calendar"", ""newsletter"", ""registry""]",Swing Fling,wsdc-59,snap_20260913T053153Z_b3d4d7e4936b,wsdc_newsletter,2019-08-08,registry,2019
day,2019-08-04,2019-08-swingtacular-the-galactic-open,2019-08,held,"[""calendar"", ""newsletter"", ""registry""]",Swingtacular: The Galactic Open,wsdc-227,snap_20260913T053153Z_b3d4d7e4936b,wsdc_newsletter,2019-08-01,registry,2019
day,2019-08-25,2019-08-ukrainian-open,2019-08,held,"[""calendar"", ""newsletter"", ""registry""]",Ukrainian Open,wsdc-299,snap_20260913T053153Z_b3d4d7e4936b,wsdc_newsletter,2019-08-23,registry,2019
day,2019-08-19,2019-08-uptown-swing,2019-08,held,"[""calendar"", ""newsletter"", ""registry""]",UpTown Swing ,wsdc-264,snap_20260913T053153Z_b3d4d7e4936b,wsdc_newsletter,2019-08-16,registry,2019
day,2019-09-15,2019-09-austin-rocks,2019-09,held,"[""calendar"", ""registry""]",Austin Rocks,wsdc-300,snap_20260913T052653Z_4309094e8fb4,wsdc_calendar,2019-09-13,registry,2019
day,2019-09-12,2019-09-bavarian-open,2019-09,listed,[],Bavarian Open 2019,slug-bavarian-open,snap_20260910T063623Z_dbf789b558a3,scoringdance,2019-09-12,unknown,2019
day,2019-09-12,2019-09-bavarian-open-wcs,2019-09,held,"[""calendar"", ""platform"", ""registry""]",Bavarian Open WCS,wsdc-233,snap_20260910T063623Z_dbf789b558a3,scoringdance,2019-09-12,registry,2019
day,2019-09-22,2019-09-best-of-the-best,2019-09,held,"[""calendar"", ""registry""]",Best of the Best,wsdc-167,snap_20260913T052653Z_4309094e8fb4,wsdc_calendar,2019-09-19,registry,2019
day,2019-09-29,2019-09-bridgetown-swing,2019-09,held,"[""calendar"", ""registry""]",BridgeTown Swing,wsdc-10,snap_20260913T052653Z_4309094e8fb4,wsdc_calendar,2019-09-26,registry,2019
day,2019-09-22,2019-09-citadel-swing-cancelled-due-to-covid-19,2019-09,held,"[""calendar"", ""registry""]",Citadel Swing (Cancelled due to Covid-19),wsdc-284,snap_20260913T052653Z_4309094e8fb4,wsdc_calendar,2019-09-20,registry,2019
day,2019-09-01,2019-09-dallas-d-a-n-c-e,2019-09,cancelled,"[""calendar""]",Dallas D.A.N.C.E. (On Hiatus),wsdc-15,snap_20260913T052653Z_4309094e8fb4,wsdc_calendar,2019-08-29,registry,2019
day,2019-09-02,2019-09-desert-city-swing,2019-09,held,"[""calendar"", ""registry""]",Desert City Swing,wsdc-135,snap_20260913T052653Z_4309094e8fb4,wsdc_calendar,2019-08-29,registry,2019
day,2019-09-29,2019-09-meet-me-in-st-louis-swing-dance-championships,2019-09,held,"[""calendar"", ""newsletter"", ""registry""]",Meet Me in St. Louis Swing Dance Championships,wsdc-131,snap_20260913T053153Z_b3d4d7e4936b,wsdc_newsletter,2019-09-26,registry,2019
day,2019-09-30,2019-09-midland-swing-open,2019-09,held,"[""calendar"", ""registry""]",Midland Swing Open,wsdc-165,snap_20260913T052653Z_4309094e8fb4,wsdc_calendar,2019-09-26,registry,2019
day,2019-09-15,2019-09-norway-westie-fest,2019-09,held,"[""calendar"", ""registry""]",Norway Westie Fest,wsdc-232,snap_20260913T052653Z_4309094e8fb4,wsdc_calendar,2019-09-12,registry,2019
day,2019-09-29,2019-09-philly-swing-classic,2019-09,held,"[""calendar"", ""newsletter"", ""registry""]",Philly Swing Classic,wsdc-234,snap_20260913T053153Z_b3d4d7e4936b,wsdc_newsletter,2019-09-27,registry,2019
day,2019-09-02,2019-09-river-city-swing,2019-09,held,"[""calendar"", ""registry""]",River City Swing,wsdc-177,snap_20260913T052653Z_4309094e8fb4,wsdc_calendar,2019-08-29,registry,2019
day,2019-09-15,2019-09-rocky-mountain-five-dance-rm5,2019-09,listed,"[""calendar""]",Rocky Mountain Five Dance (RM5),wsdc-266,snap_20260913T052653Z_4309094e8fb4,wsdc_calendar,2019-09-13,registry,2019
day,2019-09-02,2019-09-rolling-swing,2019-09,held,"[""calendar"", ""registry""]",Rolling Swing,wsdc-313,snap_20260913T052653Z_4309094e8fb4,wsdc_calendar,2019-08-30,registry,2019
day,2019-09-02,2019-09-south-bay-dance-fling,2019-09,cancelled,"[""calendar""]","South Bay Dance Fling ""On Hiatus""",wsdc-48,snap_20260913T052653Z_4309094e8fb4,wsdc_calendar,2019-08-29,registry,2019
day,2019-09-07,2019-09-taf-german-masters-west-coast-swing-nord,2019-09,listed,[],TAF German Masters West Coast Swing Nord 2019,slug-taf-german-masters-west-coast-swing-nord,snap_20260910T032911Z_34e948f7fea1,scoringdance,2019-09-07,unknown,2019
day,2019-09-29,2019-09-the-brazilian-open-championships-cancelled-due-to-coronavirus,2019-09,held,"[""calendar"", ""newsletter"", ""registry""]",The Brazilian Open Championships (Cancelled due to Coronavirus),wsdc-216,snap_20260913T053153Z_b3d4d7e4936b,wsdc_newsletter,2019-09-27,registry,2019
day,2019-09-08,2019-09-trilogy-swing,2019-09,held,"[""calendar"", ""registry""]",Trilogy Swing,wsdc-231,snap_20260913T052653Z_4309094e8fb4,wsdc_calendar,2019-09-05,registry,2019
day,2019-10-13,2019-10-atlanta-swing-classic,2019-10,held,"[""calendar"", ""newsletter"", ""registry""]",Atlanta Swing Classic,wsdc-211,snap_20260913T053204Z_ea0a1cfa6f68,wsdc_newsletter,2019-10-10,registry,2019
day,2019-10-06,2019-10-boogie-by-the-bay,2019-10,held,"[""calendar"", ""registry""]",Boogie by the Bay,wsdc-8,snap_20260913T052653Z_4309094e8fb4,wsdc_calendar,2019-10-03,registry,2019
day,2019-10-21,2019-10-european-swing-challenge,2019-10,held,"[""calendar"", ""newsletter"", ""registry""]",European Swing Challenge,wsdc-294,snap_20260913T053204Z_ea0a1cfa6f68,wsdc_newsletter,2019-10-18,registry,2019
day,2019-10-27,2019-10-halloween-swingthing,2019-10,held,"[""calendar"", ""newsletter"", ""registry""]",Halloween Swingthing,wsdc-65,snap_20260913T053204Z_ea0a1cfa6f68,wsdc_newsletter,2019-10-24,registry,2019
day,2019-10-14,2019-10-milan-modern-swing,2019-10,held,"[""calendar"", ""newsletter"", ""registry""]",Milan Modern Swing,wsdc-322,snap_20260913T053204Z_ea0a1cfa6f68,wsdc_newsletter,2019-10-11,registry,2019
day,2019-10-20,2019-10-montreal-westie-fest,2019-10,held,"[""calendar"", ""newsletter"", ""registry""]",Montreal Westie Fest,wsdc-178,snap_20260913T053204Z_ea0a1cfa6f68,wsdc_newsletter,2019-10-18,registry,2019
day,2019-10-27,2019-10-new-zealand-open-swing-dance-championships,2019-10,held,"[""calendar"", ""newsletter"", ""registry""]",New Zealand Open Swing Dance Championships,wsdc-179,snap_20260913T053204Z_ea0a1cfa6f68,wsdc_newsletter,2019-10-25,registry,2019
day,2019-10-20,2019-10-paradise-country-and-swing-dance-festival,2019-10,held,"[""calendar"", ""newsletter"", ""registry""]",Paradise Country and Swing Dance Festival,wsdc-43,snap_20260913T053204Z_ea0a1cfa6f68,wsdc_newsletter,2019-10-17,registry,2019
day,2019-10-27,2019-10-swing-city-chicago,2019-10,held,"[""calendar"", ""newsletter"", ""registry""]",Swing City Chicago,wsdc-125,snap_20260913T053204Z_ea0a1cfa6f68,wsdc_newsletter,2019-10-24,registry,2019
day,2019-10-20,2019-10-swustlicious,2019-10,held,"[""calendar"", ""newsletter"", ""registry""]",Swustlicious,wsdc-267,snap_20260913T053204Z_ea0a1cfa6f68,wsdc_newsletter,2019-10-18,registry,2019
day,2019-10-13,2019-10-wcs-festival,2019-10,held,"[""calendar"", ""newsletter"", ""registry""]",WCS Festival,wsdc-286,snap_20260913T053204Z_ea0a1cfa6f68,wsdc_newsletter,2019-10-11,registry,2019
day,2019-10-31,2019-10-warsaw-halloween-swing,2019-11,held,[],Warsaw Halloween Swing 2019,wsdc-236,snap_20260910T060413Z_941582b00781,scoringdance,2019-10-31,unknown,2019
day,2019-11-10,2019-11-autumn-swing-challenge,2019-11,held,"[""calendar"", ""registry""]",Autumn Swing Challenge,wsdc-269,snap_20260913T052653Z_4309094e8fb4,wsdc_calendar,2019-11-08,registry,2019
day,2019-11-17,2019-11-dc-swing-experience-dcsx,2019-11,held,"[""calendar"", ""newsletter"", ""registry""]",DC Swing eXperience (DCSX),wsdc-181,snap_20260913T053204Z_ea0a1cfa6f68,wsdc_newsletter,2019-11-14,registry,2019
day,2019-11-18,2019-11-london-swingvitational,2019-11,held,"[""calendar"", ""newsletter"", ""registry""]",London SwingVitational,wsdc-166,snap_20260913T053204Z_ea0a1cfa6f68,wsdc_newsletter,2019-11-14,registry,2019
day,2019-11-10,2019-11-midnight-madness,2019-11,held,"[""calendar"", ""newsletter"", ""registry""]",Midnight Madness,wsdc-288,snap_20260913T053204Z_ea0a1cfa6f68,wsdc_newsletter,2019-11-08,registry,2019
day,2019-11-04,2019-11-moscow-westie-fest,2019-11,held,"[""calendar"", ""newsletter"", ""registry""]",Moscow Westie Fest,wsdc-194,snap_20260913T053204Z_ea0a1cfa6f68,wsdc_newsletter,2019-11-01,registry,2019
day,2019-11-03,2019-11-mountain-magic-dance-convention,2019-11,held,"[""calendar"", ""newsletter"", ""registry""]",Mountain Magic Dance Convention,wsdc-31,snap_20260913T053204Z_ea0a1cfa6f68,wsdc_newsletter,2019-10-31,registry,2019
day,2019-11-03,2019-11-scandinavian-open,2019-11,held,"[""calendar"", ""newsletter"", ""registry""]",Scandinavian Open,wsdc-229,snap_20260913T053204Z_ea0a1cfa6f68,wsdc_newsletter,2019-10-31,registry,2019
day,2019-11-11,2019-11-sea-to-sky-seattle,2019-11,held,"[""calendar"", ""newsletter"", ""registry""]",Sea To Sky - Seattle,wsdc-79,snap_20260913T053204Z_ea0a1cfa6f68,wsdc_newsletter,2019-11-07,registry,2019
day,2019-11-16,2019-11-taf-deutsche-meisterschaft-west-coast-swing,2019-11,listed,[],TAF Deutsche Meisterschaft West Coast Swing 2019,slug-taf-deutsche-meisterschaft-west-coast-swing,snap_20260910T060446Z_9e025464dbfa,scoringdance,2019-11-16,unknown,2019
day,2019-11-03,2019-11-tampa-bay-classic,2019-11,held,"[""calendar"", ""registry""]",Tampa Bay Classic,wsdc-137,snap_20260913T052653Z_4309094e8fb4,wsdc_calendar,2019-10-31,registry,2019
day,2019-11-24,2019-11-westie-pink-city,2019-11,held,"[""calendar"", ""newsletter"", ""registry""]",Westie Pink City,wsdc-312,snap_20260913T053204Z_ea0a1cfa6f68,wsdc_newsletter,2019-11-22,registry,2019
day,2019-11-03,2019-11-westie-s-angels,2019-11,held,"[""calendar"", ""registry""]",Westie's Angels,wsdc-270,snap_20260913T052653Z_4309094e8fb4,wsdc_calendar,2019-10-31,registry,2019
day,2019-11-10,2019-11-westies-on-the-water,2019-11,listed,"[""calendar"", ""newsletter""]",WESTIES ON THE WATER,wsdc-323,snap_20260913T053204Z_ea0a1cfa6f68,wsdc_newsletter,2019-11-08,registry,2019
day,2019-12-15,2019-12-berlin-swing-revolution,2019-12,held,"[""calendar"",""newsletter"",""platform"",""registry""]",Berlin Swing Revolution 2019,wsdc-271,snap_20260913T053204Z_ea0a1cfa6f68,wsdc_newsletter,2019-12-12,unknown,2019
day,2019-12-01,2019-12-c-a-s-h-bash-weekend,2019-12,held,"[""calendar"", ""newsletter"", ""registry""]",C.A.S.H. Bash Weekend,wsdc-87,snap_20260913T053204Z_ea0a1cfa6f68,wsdc_newsletter,2019-11-28,registry,2019
day,2019-12-30,2019-12-floor-play-swing-vacation,2019-12,held,"[""calendar"", ""registry""]",Floor Play Swing Vacation,wsdc-42,snap_20260913T052653Z_4309094e8fb4,wsdc_calendar,2019-12-27,registry,2019
day,2019-12-22,2019-12-shooba-dooba-swing,2019-12,held,"[""calendar"", ""registry""]",Shooba Dooba Swing,wsdc-290,snap_20260913T052653Z_4309094e8fb4,wsdc_calendar,2019-12-20,registry,2019
day,2019-12-15,2019-12-swingtimate,2019-12,held,"[""calendar"", ""newsletter"", ""registry""]",Swingtimate,wsdc-213,snap_20260913T053204Z_ea0a1cfa6f68,wsdc_newsletter,2019-12-13,registry,2019
day,2019-12-08,2019-12-the-after-party,2019-12,held,"[""calendar"", ""newsletter"", ""registry""]",The After Party,wsdc-212,snap_20260913T053204Z_ea0a1cfa6f68,wsdc_newsletter,2019-12-05,registry,2019
day,2019-12-08,2019-12-upstate-dance-challenge,2019-12,held,"[""calendar"", ""newsletter"", ""registry""]",Upstate Dance Challenge,wsdc-265,snap_20260913T053204Z_ea0a1cfa6f68,wsdc_newsletter,2019-12-05,registry,2019
day,2019-12-01,2019-12-us-open-swing-dance-championships,2019-12,held,"[""calendar"", ""registry""]",US Open Swing Dance Championships,wsdc-68,snap_20260913T052653Z_4309094e8fb4,wsdc_calendar,2019-11-28,registry,2019
day,2019-12-15,2019-12-winter-white-wcs,2019-12,held,"[""calendar"", ""newsletter"", ""registry""]",Winter White WCS,wsdc-238,snap_20260913T053204Z_ea0a1cfa6f68,wsdc_newsletter,2019-12-12,registry,2019
day,2020-01-19,2020-01-austin-swing-dance-championships,2020-01,held,"[""calendar"", ""newsletter"", ""registry""]",Austin Swing Dance Championships,wsdc-200,snap_20260913T053303Z_220a0f22f0f6,wsdc_newsletter,2020-01-16,registry,2020
day,2020-01-19,2020-01-avignon-city-swing,2020-01,held,"[""calendar"", ""newsletter"", ""registry""]",Avignon City Swing,wsdc-309,snap_20260913T053303Z_220a0f22f0f6,wsdc_newsletter,2020-01-17,registry,2020
day,2020-01-02,2020-01-budafest,2020-01,listed,[],Budafest 2020,slug-budafest,snap_20260910T053516Z_7e10395e88b5,scoringdance,2020-01-02,unknown,2020
day,2020-01-05,2020-01-budafest-open-wcs-championships,2020-01,held,"[""calendar"", ""newsletter"", ""registry""]",BudaFest Open WCS Championships,wsdc-184,snap_20260913T053303Z_220a0f22f0f6,wsdc_newsletter,2020-01-02,registry,2020
month,,2020-01-countdown-swing-boston,2020-01,held,"[""registry""]",Countdown Swing Boston,wsdc-39,snap_20260912T093511Z_2b87b6e24d57,wsdc_registry,,registry,2020
day,2020-01-05,2020-01-country-dance-world-championships,2020-01,held,"[""calendar"", ""newsletter"", ""registry""]",Country Dance World Championships,wsdc-75,snap_20260913T053303Z_220a0f22f0f6,wsdc_newsletter,2020-01-01,registry,2020
day,2020-01-26,2020-01-derby-city-swing,2020-01,held,"[""calendar"", ""newsletter"", ""registry""]",Derby City Swing,wsdc-242,snap_20260913T053303Z_220a0f22f0f6,wsdc_newsletter,2020-01-23,registry,2020
day,2020-01-20,2020-01-freedom-swing-dance-challenge,2020-01,held,"[""calendar"", ""newsletter"", ""registry""]",Freedom Swing Dance Challenge,wsdc-183,snap_20260913T053303Z_220a0f22f0f6,wsdc_newsletter,2020-01-17,registry,2020
day,2020-01-20,2020-01-monterey-swingfest-cancelled-due-to-covid-19,2020-01,held,"[""calendar"", ""newsletter"", ""registry""]",Monterey Swingfest (Cancelled due to Covid-19),wsdc-62,snap_20260913T053303Z_220a0f22f0f6,wsdc_newsletter,2020-01-16,registry,2020
day,2020-01-26,2020-01-municorn-swing,2020-01,held,"[""calendar"",""newsletter"",""platform"",""registry""]",Municorn Swing 2020,wsdc-291,snap_20260913T053303Z_220a0f22f0f6,wsdc_newsletter,2020-01-23,unknown,2020
day,2020-01-01,2020-01-new-year-s-swing-fling,2020-01,held,"[""calendar"", ""newsletter"", ""registry""]",New Year's Swing Fling,wsdc-214,snap_20260913T053204Z_ea0a1cfa6f68,wsdc_newsletter,2019-12-27,registry,2020
day,2020-01-01,2020-01-palm-springs-new-years-swing-dance-classic,2020-01,held,"[""calendar"", ""registry""]",Palm Springs New Years Swing Dance Classic,wsdc-195,snap_20260913T052653Z_4309094e8fb4,wsdc_calendar,2019-12-27,registry,2020
day,2020-01-01,2020-01-spotlight-new-year-s-celebration,2020-01,held,"[""calendar"", ""newsletter"", ""registry""]",Spotlight New Year's Celebration ,wsdc-141,snap_20260913T053204Z_ea0a1cfa6f68,wsdc_newsletter,2019-12-28,registry,2020
day,2020-01-19,2020-01-swing-resolution,2020-01,held,"[""calendar"", ""newsletter"", ""registry""]",Swing Resolution,wsdc-301,snap_20260913T053303Z_220a0f22f0f6,wsdc_newsletter,2020-01-17,registry,2020
day,2020-01-12,2020-01-swingcouver-the-episode,2020-01,held,"[""calendar"", ""newsletter"", ""registry""]",SwingCouver 2020 - The 10th Episode,wsdc-196,snap_20260913T053303Z_220a0f22f0f6,wsdc_newsletter,2020-01-09,registry,2020
day,2020-01-01,2020-01-swingvester,2020-01,held,"[""calendar"", ""newsletter"", ""registry""]",Swingvester,wsdc-289,snap_20260913T053204Z_ea0a1cfa6f68,wsdc_newsletter,2019-12-27,registry,2020
day,2020-01-13,2020-01-westie-gala,2020-01,held,"[""calendar"", ""newsletter"", ""registry""]",Westie Gala,wsdc-240,snap_20260913T053303Z_220a0f22f0f6,wsdc_newsletter,2020-01-10,registry,2020
day,2020-02-16,2020-02-capital-swing-presidents-day-convention,2020-02,held,"[""calendar"", ""registry""]",Capital Swing Presidents' Day Convention ,wsdc-12,snap_20260913T052653Z_4309094e8fb4,wsdc_calendar,2020-02-13,registry,2020
day,2020-02-14,2020-02-carnival-swing-cologne,2020-02,listed,[],Carnival Swing Cologne 2020,slug-carnival-swing-cologne,snap_20260910T053449Z_31593ec0a25c,scoringdance,2020-02-14,unknown,2020
day,2020-02-02,2020-02-charlotte-westie-fest,2020-02,held,"[""calendar"", ""newsletter"", ""registry""]",Charlotte Westie Fest,wsdc-273,snap_20260913T053303Z_220a0f22f0f6,wsdc_newsletter,2020-01-30,registry,2020
day,2020-02-09,2020-02-dance-camp-chicago,2020-02,cancelled,"[""calendar""]","Dance Camp Chicago ""On Hiatus""",wsdc-169,snap_20260913T052314Z_cd0f43b0da24,wsdc_calendar,2020-02-07,registry,2020
month,,2020-02-paris-westie-fest,2020-02,held,"[""registry""]",Paris Westie Fest,wsdc-307,snap_20260912T075914Z_a51fa2d55c6d,wsdc_registry,,registry,2020
day,2020-02-23,2020-02-rose-city-swing,2020-02,held,"[""calendar"", ""newsletter"", ""registry""]",Rose City Swing,wsdc-244,snap_20260913T053303Z_220a0f22f0f6,wsdc_newsletter,2020-02-20,registry,2020
day,2020-02-03,2020-02-swing-snow,2020-02,held,"[""calendar"", ""newsletter"", ""registry""]",Swing & Snow,wsdc-215,snap_20260913T053303Z_220a0f22f0f6,wsdc_newsletter,2020-01-30,registry,2020
day,2020-02-09,2020-02-swingtzerland,2020-02,held,"[""calendar"", ""newsletter"", ""registry""]",Swingtzerland,wsdc-258,snap_20260913T053303Z_220a0f22f0f6,wsdc_newsletter,2020-02-06,registry,2020
day,2020-02-16,2020-02-valentine-swing,2020-02,held,"[""calendar"", ""newsletter"", ""registry""]",Valentine Swing,wsdc-310,snap_20260913T053303Z_220a0f22f0f6,wsdc_newsletter,2020-02-14,registry,2020
day,2020-02-09,2020-02-westeroz-swing,2020-02,held,"[""calendar"", ""newsletter"", ""registry""]",WesterOz Swing,wsdc-302,snap_20260913T053303Z_220a0f22f0f6,wsdc_newsletter,2020-02-07,registry,2020
day,2020-02-23,2020-02-winter-coast-swing,2020-02,held,"[""calendar"", ""newsletter"", ""registry""]",Winter Coast Swing,wsdc-297,snap_20260913T053303Z_220a0f22f0f6,wsdc_newsletter,2020-02-21,registry,2020
day,2020-03-30,2020-03-5280-swing-dance-championships,2020-03,listed,"[""newsletter""]",5280 SWING DANCE CHAMPIONSHIPS,wsdc-197,snap_20260913T053303Z_220a0f22f0f6,wsdc_newsletter,2020-03-26,registry,2020
day,2020-03-15,2020-03-all-star-swingjam,2020-03,listed,"[""calendar""]",All Star SwingJam,wsdc-318,snap_20260913T051734Z_2512163ed68e,wsdc_calendar,2020-03-13,registry,2020
day,2020-03-29,2020-03-anchor-festival,2020-03,cancelled,"[""calendar""]",Anchor Festival 2020 (On Hiatus),wsdc-276,snap_20260913T052653Z_4309094e8fb4,wsdc_calendar,2020-03-26,registry,2020
day,2020-03-22,2020-03-boston-tea-party,2020-03,listed,"[""calendar"", ""newsletter""]",BOSTON TEA PARTY,wsdc-9,snap_20260913T053303Z_220a0f22f0f6,wsdc_newsletter,2020-03-19,registry,2020
day,2020-03-22,2020-03-chicago-classic,2020-03,listed,"[""calendar""]",Chicago Classic,wsdc-13,snap_20260913T051734Z_2512163ed68e,wsdc_calendar,2020-03-19,registry,2020
day,2020-03-29,2020-03-dutch-open-west-coast-swing,2020-03,listed,"[""calendar"", ""newsletter""]",DUTCH OPEN WEST COAST SWING,wsdc-275,snap_20260913T053303Z_220a0f22f0f6,wsdc_newsletter,2020-03-26,registry,2020
day,2020-03-08,2020-03-fall-fall-in-swing,2020-03,listed,"[""calendar"", ""newsletter""]","FALL, FALL IN SWING",wsdc-296,snap_20260913T053303Z_220a0f22f0f6,wsdc_newsletter,2020-03-06,registry,2020
day,2020-03-22,2020-03-high-desert-dance-classic,2020-03,listed,"[""calendar"", ""newsletter""]",HIGH DESERT DANCE CLASSIC,wsdc-143,snap_20260913T053303Z_220a0f22f0f6,wsdc_newsletter,2020-03-20,registry,2020
day,2020-03-23,2020-03-king-swing,2020-03,listed,"[""calendar"", ""newsletter""]",KING SWING,wsdc-292,snap_20260913T053303Z_220a0f22f0f6,wsdc_newsletter,2020-03-19,registry,2020
day,2020-03-08,2020-03-madjam-mid-atlantic-dance-jam,2020-03,held,"[""calendar"", ""registry""]",MADjam (Mid Atlantic Dance Jam),wsdc-92,snap_20260913T052653Z_4309094e8fb4,wsdc_calendar,2020-03-05,registry,2020
day,2020-03-29,2020-03-novice-invitational,2020-03,listed,"[""calendar"", ""newsletter""]",NOVICE INVITATIONAL,wsdc-153,snap_20260913T053303Z_220a0f22f0f6,wsdc_newsletter,2020-03-27,registry,2020
day,2020-03-22,2020-03-swing-escape,2020-03,listed,"[""calendar"", ""newsletter""]",SWING ESCAPE,wsdc-246,snap_20260913T053303Z_220a0f22f0f6,wsdc_newsletter,2020-03-20,registry,2020
day,2020-03-15,2020-03-west-in-lyon,2020-03,listed,"[""calendar"", ""newsletter""]",WEST IN LYON,wsdc-186,snap_20260913T053303Z_220a0f22f0f6,wsdc_newsletter,2020-03-12,registry,2020
day,2020-03-15,2020-03-westie-spring-thing,2020-03,listed,"[""calendar"", ""newsletter""]",WESTIE SPRING THING,wsdc-314,snap_20260913T053303Z_220a0f22f0f6,wsdc_newsletter,2020-03-13,registry,2020
day,2020-04-12,2020-04-asia-west-coast-swing-open,2020-04,listed,"[""calendar""]",Asia West Coast Swing Open,wsdc-218,snap_20260913T051734Z_2512163ed68e,wsdc_calendar,2020-04-09,registry,2020
day,2020-04-19,2020-04-city-of-angels,2020-04,listed,"[""calendar""]",City of Angels,wsdc-187,snap_20260913T051734Z_2512163ed68e,wsdc_calendar,2020-04-16,registry,2020
day,2020-04-26,2020-04-detonation-dance,2020-04,listed,"[""calendar""]",Detonation Dance,wsdc-203,snap_20260913T051734Z_2512163ed68e,wsdc_calendar,2020-04-24,registry,2020
day,2020-04-12,2020-04-easter-swing,2020-04,listed,"[""calendar""]",Easter Swing,wsdc-18,snap_20260913T051734Z_2512163ed68e,wsdc_calendar,2020-04-09,registry,2020
day,2020-04-19,2020-04-go-west-swing-fest,2020-04,listed,"[""calendar""]",Go West Swing Fest,wsdc-306,snap_20260913T051734Z_2512163ed68e,wsdc_calendar,2020-04-17,registry,2020
day,2020-04-05,2020-04-russian-open-wcs-championship,2020-04,listed,"[""calendar""]",Russian Open WCS Championship 2020,wsdc-170,snap_20260913T051734Z_2512163ed68e,wsdc_calendar,2020-04-02,registry,2020
day,2020-04-12,2020-04-san-diego-dance-festival,2020-04,listed,"[""calendar""]",San Diego Dance Festival,wsdc-217,snap_20260913T051734Z_2512163ed68e,wsdc_calendar,2020-04-09,registry,2020
day,2020-04-27,2020-04-swing-dance-america,2020-04,listed,"[""calendar""]",Swing Dance America,wsdc-134,snap_20260913T051734Z_2512163ed68e,wsdc_calendar,2020-04-23,registry,2020
day,2020-04-19,2020-04-swing-in-capital,2020-04,listed,"[""calendar""]",Swing In Capital,wsdc-304,snap_20260913T051734Z_2512163ed68e,wsdc_calendar,2020-04-16,registry,2020
day,2020-04-05,2020-04-swing-over,2020-04,listed,"[""calendar""]",Swing Over,wsdc-259,snap_20260913T051734Z_2512163ed68e,wsdc_calendar,2020-04-03,registry,2020
day,2020-04-11,2020-04-tulsa-spring-swing,2020-04,listed,"[""calendar""]",Tulsa Spring Swing,wsdc-132,snap_20260913T051734Z_2512163ed68e,wsdc_calendar,2020-04-10,registry,2020
day,2020-04-13,2020-04-uk-european-wcs-championships,2020-04,listed,"[""calendar""]",UK & European WCS Championships,wsdc-198,snap_20260913T051734Z_2512163ed68e,wsdc_calendar,2020-04-09,registry,2020
day,2020-04-05,2020-04-westy-nantes,2020-04,listed,"[""calendar""]",Westy Nantes,wsdc-293,snap_20260913T051734Z_2512163ed68e,wsdc_calendar,2020-04-03,registry,2020
day,2020-05-18,2020-05-canadian-swing-championships,2020-05,listed,"[""calendar""]",Canadian Swing Championships,wsdc-105,snap_20260913T051734Z_2512163ed68e,wsdc_calendar,2020-05-15,registry,2020
day,2020-05-24,2020-05-french-open-wcs,2020-05,listed,"[""calendar""]",French Open WCS,wsdc-175,snap_20260913T051734Z_2512163ed68e,wsdc_calendar,2020-05-21,registry,2020
day,2020-05-10,2020-05-hungarian-open,2020-05,listed,"[""calendar""]",Hungarian Open,wsdc-206,snap_20260913T051734Z_2512163ed68e,wsdc_calendar,2020-05-08,registry,2020
day,2020-05-03,2020-05-kiwi-fest,2020-05,listed,"[""calendar""]",KIWI Fest,wsdc-219,snap_20260913T051734Z_2512163ed68e,wsdc_calendar,2020-05-01,registry,2020
day,2020-05-31,2020-05-michigan-classic,2020-05,listed,"[""calendar""]",Michigan Classic,wsdc-76,snap_20260913T051734Z_2512163ed68e,wsdc_calendar,2020-05-28,registry,2020
day,2020-05-25,2020-05-show-me-showdown,2020-05,listed,"[""calendar""]",Show Me Showdown,wsdc-221,snap_20260913T051734Z_2512163ed68e,wsdc_calendar,2020-05-22,registry,2020
day,2020-05-17,2020-05-soswing,2020-05,listed,"[""calendar""]",SOswing,wsdc-205,snap_20260913T051734Z_2512163ed68e,wsdc_calendar,2020-05-14,registry,2020
day,2020-05-11,2020-05-swingdiego,2020-05,cancelled,"[""calendar""]","SwingDiego 2020 ""On Hiatus""",wsdc-61,snap_20260913T051734Z_2512163ed68e,wsdc_calendar,2020-05-07,registry,2020
day,2020-05-03,2020-05-swingin-into-spring,2020-05,listed,"[""calendar""]",Swingin' Into Spring,wsdc-144,snap_20260913T051734Z_2512163ed68e,wsdc_calendar,2020-04-30,registry,2020
day,2020-05-17,2020-05-swingsation,2020-05,listed,"[""calendar""]",Swingsation,wsdc-174,snap_20260913T051734Z_2512163ed68e,wsdc_calendar,2020-05-14,registry,2020
day,2020-05-10,2020-05-the-texas-classic,2020-05,listed,"[""calendar""]",The Texas Classic,wsdc-121,snap_20260913T051734Z_2512163ed68e,wsdc_calendar,2020-05-08,registry,2020
day,2020-05-10,2020-05-tlv-swingfest,2020-05,listed,"[""calendar""]",TLV SwingFest,wsdc-311,snap_20260913T051734Z_2512163ed68e,wsdc_calendar,2020-05-08,registry,2020
day,2020-06-15,2020-06-baltic-swing,2020-06,listed,"[""calendar""]",Baltic Swing,wsdc-222,snap_20260913T051734Z_2512163ed68e,wsdc_calendar,2020-06-11,registry,2020
day,2020-06-07,2020-06-d-townswing,2020-06,listed,"[""calendar""]",D-Townswing,wsdc-220,snap_20260913T051734Z_2512163ed68e,wsdc_calendar,2020-06-05,registry,2020
day,2020-06-14,2020-06-jack-jill-o-rama,2020-06,listed,"[""calendar""]",Jack & Jill O'Rama ,wsdc-25,snap_20260913T052653Z_4309094e8fb4,wsdc_calendar,2020-06-11,registry,2020
day,2020-06-21,2020-06-korea-westival,2020-06,listed,"[""calendar""]",Korea Westival 2020,wsdc-268,snap_20260913T052653Z_4309094e8fb4,wsdc_calendar,2020-06-19,registry,2020
day,2020-06-28,2020-06-liberty-swing-dance-championships,2020-06,listed,"[""calendar""]",Liberty Swing Dance Championships,wsdc-96,snap_20260913T051734Z_2512163ed68e,wsdc_calendar,2020-06-25,registry,2020
day,2020-06-22,2020-06-neverland-swing,2020-06,listed,"[""calendar""]",Neverland Swing,wsdc-261,snap_20260913T051734Z_2512163ed68e,wsdc_calendar,2020-06-18,registry,2020
day,2020-06-07,2020-06-orange-blossom-dance-festival,2020-06,listed,"[""calendar""]",Orange Blossom Dance Festival,wsdc-117,snap_20260913T051734Z_2512163ed68e,wsdc_calendar,2020-06-04,registry,2020
day,2020-06-21,2020-06-swingapalooza,2020-06,listed,"[""calendar""]",Swingapalooza,wsdc-162,snap_20260913T051734Z_2512163ed68e,wsdc_calendar,2020-06-19,registry,2020
day,2020-07-20,2020-07-florida-dance-magic,2020-07,listed,"[""calendar""]",Florida Dance Magic,wsdc-149,snap_20260913T051734Z_2512163ed68e,wsdc_calendar,2020-07-16,registry,2020
day,2020-07-19,2020-07-midwest-westie-fest,2020-07,listed,"[""calendar""]",Midwest Westie Fest,wsdc-224,snap_20260913T051734Z_2512163ed68e,wsdc_calendar,2020-07-16,registry,2020
day,2020-07-05,2020-07-phoenix-of-july,2020-07,listed,"[""calendar""]",Phoenix 4th of July,wsdc-1,snap_20260913T051734Z_2512163ed68e,wsdc_calendar,2020-07-01,registry,2020
day,2020-07-12,2020-07-portland-dance-festival,2020-07,listed,"[""calendar""]",Portland Dance Festival,wsdc-44,snap_20260913T051734Z_2512163ed68e,wsdc_calendar,2020-07-09,registry,2020
day,2020-07-12,2020-07-toronto-open-swing-hustle-championships,2020-07,listed,"[""calendar""]",Toronto Open Swing & Hustle Championships,wsdc-147,snap_20260913T051734Z_2512163ed68e,wsdc_calendar,2020-07-09,registry,2020
day,2020-07-05,2020-07-wild-wild-westie,2020-07,listed,"[""calendar""]",Wild Wild Westie,wsdc-225,snap_20260913T051734Z_2512163ed68e,wsdc_calendar,2020-07-02,registry,2020
day,2020-08-09,2020-08-new-england-dance-festival,2020-08,listed,"[""calendar""]",New England Dance Festival,wsdc-157,snap_20260913T051734Z_2512163ed68e,wsdc_calendar,2020-08-06,registry,2020
day,2020-08-03,2020-08-riga-summer-swing,2020-08,listed,"[""calendar""]",Riga Summer Swing,wsdc-263,snap_20260913T051734Z_2512163ed68e,wsdc_calendar,2020-07-30,registry,2020
day,2020-08-09,2020-08-swing-fling,2020-08,listed,"[""calendar""]",Swing Fling,wsdc-59,snap_20260913T051734Z_2512163ed68e,wsdc_calendar,2020-08-06,registry,2020
day,2020-09-27,2020-09-atlanta-swing-classic,2020-09,listed,"[""calendar""]",Atlanta Swing Classic,wsdc-211,snap_20260913T051813Z_28c29ec53c50,wsdc_calendar,2020-09-24,registry,2020
day,2020-09-20,2020-09-austin-rocks,2020-09,listed,"[""calendar""]",Austin Rocks 2020,wsdc-300,snap_20260913T051734Z_2512163ed68e,wsdc_calendar,2020-09-18,registry,2020
day,2020-09-13,2020-09-bavarian-open,2020-09,listed,"[""calendar""]",Bavarian Open,wsdc-233,snap_20260913T051734Z_2512163ed68e,wsdc_calendar,2020-09-10,registry,2020
day,2020-09-20,2020-09-best-of-the-best,2020-09,listed,"[""calendar""]",Best of the Best,wsdc-167,snap_20260913T051813Z_28c29ec53c50,wsdc_calendar,2020-09-17,registry,2020
day,2020-09-27,2020-09-bridgetown-swing,2020-09,listed,"[""calendar""]",BridgeTown Swing,wsdc-10,snap_20260913T051734Z_2512163ed68e,wsdc_calendar,2020-09-24,registry,2020
day,2020-09-06,2020-09-desert-city-swing-dance-championships,2020-09,listed,"[""calendar""]",Desert City Swing Dance Championships,wsdc-135,snap_20260913T051734Z_2512163ed68e,wsdc_calendar,2020-09-03,registry,2020
day,2020-09-20,2020-09-meet-me-in-st-louis-swing-dance-championships,2020-09,listed,"[""calendar""]",Meet Me in St. Louis Swing Dance Championships,wsdc-131,snap_20260913T051734Z_2512163ed68e,wsdc_calendar,2020-09-17,registry,2020
day,2020-09-07,2020-09-river-city-swing,2020-09,listed,"[""calendar""]",River City Swing,wsdc-177,snap_20260913T051734Z_2512163ed68e,wsdc_calendar,2020-09-04,registry,2020
day,2020-10-12,2020-10-boogie-by-the-bay,2020-10,listed,"[""calendar""]",Boogie By The Bay,wsdc-8,snap_20260913T051813Z_28c29ec53c50,wsdc_calendar,2020-10-08,registry,2020
day,2020-10-19,2020-10-milan-modern-swing,2020-10,listed,"[""calendar""]",Milan Modern Swing,wsdc-322,snap_20260913T051813Z_28c29ec53c50,wsdc_calendar,2020-10-16,registry,2020
day,2020-10-18,2020-10-montreal-westie-fest,2020-10,listed,"[""calendar""]",Montreal Westie Fest,wsdc-178,snap_20260913T051734Z_2512163ed68e,wsdc_calendar,2020-10-16,registry,2020
day,2020-10-18,2020-10-new-zealand-open,2020-10,held,"[""calendar"", ""registry""]",New Zealand Open,wsdc-179,snap_20260913T052653Z_4309094e8fb4,wsdc_calendar,2020-10-16,registry,2020
day,2020-10-18,2020-10-swustlicious,2020-10,listed,"[""calendar""]",Swustlicious,wsdc-267,snap_20260913T051813Z_28c29ec53c50,wsdc_calendar,2020-10-16,registry,2020
day,2020-10-18,2020-10-wcs-festival,2020-10,listed,"[""calendar""]",WCS Festival,wsdc-286,snap_20260913T051813Z_28c29ec53c50,wsdc_calendar,2020-10-16,registry,2020
day,2020-11-09,2020-11-5280-westival,2020-11,listed,"[""calendar""]",5280 Westival,wsdc-197,snap_20260913T051854Z_0f29c1d7c737,wsdc_calendar,2020-11-05,registry,2020
day,2020-11-01,2020-11-halloween-swingthing,2020-11,listed,"[""calendar""]",Halloween SwingThing,wsdc-65,snap_20260913T051813Z_28c29ec53c50,wsdc_calendar,2020-10-29,registry,2020
day,2020-11-16,2020-11-london-swingvitational,2020-11,listed,"[""calendar""]",London SWINGvitational,wsdc-166,snap_20260913T051854Z_0f29c1d7c737,wsdc_calendar,2020-11-12,registry,2020
day,2020-11-01,2020-11-moscow-westie-fest,2020-11,held,"[""calendar"", ""registry""]",Moscow Westie Fest,wsdc-194,snap_20260913T052653Z_4309094e8fb4,wsdc_calendar,2020-10-29,registry,2020
day,2020-11-08,2020-11-mountain-magic-dance-convention,2020-11,listed,"[""calendar""]",Mountain Magic Dance Convention 2020,wsdc-31,snap_20260913T051813Z_28c29ec53c50,wsdc_calendar,2020-11-05,registry,2020
day,2020-11-09,2020-11-sea-to-sky,2020-11,listed,"[""calendar""]",Sea to Sky,wsdc-79,snap_20260913T051813Z_28c29ec53c50,wsdc_calendar,2020-11-05,registry,2020
month,,2020-11-simply-adelaide-west-coast-swing,2020-11,held,"[""registry""]",Simply Adelaide West Coast Swing,wsdc-325,snap_20260912T080216Z_c754b0a7f0c6,wsdc_registry,,registry,2020
day,2020-11-01,2020-11-swing-city-chicago,2020-11,listed,"[""calendar""]",Swing City Chicago,wsdc-125,snap_20260913T051734Z_2512163ed68e,wsdc_calendar,2020-10-29,registry,2020
day,2020-11-08,2020-11-tampa-bay-classic,2020-11,listed,"[""calendar""]",Tampa Bay Classic,wsdc-137,snap_20260913T051813Z_28c29ec53c50,wsdc_calendar,2020-11-06,registry,2020
day,2020-11-02,2020-11-warsaw-halloween-swing,2020-11,listed,"[""calendar""]",Warsaw Halloween Swing,wsdc-236,snap_20260913T051813Z_28c29ec53c50,wsdc_calendar,2020-10-29,registry,2020
day,2020-11-15,2020-11-westies-on-the-water,2020-11,listed,"[""calendar""]",Westies on The Water 2020,wsdc-323,snap_20260913T052653Z_4309094e8fb4,wsdc_calendar,2020-11-13,registry,2020
day,2020-12-13,2020-12-berlin-swing-revolution,2020-12,listed,"[""calendar""]",Berlin Swing Revolution,wsdc-271,snap_20260913T051813Z_28c29ec53c50,wsdc_calendar,2020-12-10,registry,2020
day,2020-12-27,2020-12-shooba-dooba-swing,2020-12,held,"[""calendar"", ""registry""]",Shooba Dooba Swing,wsdc-290,snap_20260913T052653Z_4309094e8fb4,wsdc_calendar,2020-12-25,registry,2020
day,2020-12-13,2020-12-swingtimate,2020-12,held,"[""calendar"", ""registry""]",Swingtimate 2020,wsdc-213,snap_20260913T052653Z_4309094e8fb4,wsdc_calendar,2020-12-11,registry,2020
day,2020-12-06,2020-12-upstate-dance-challenge,2020-12,listed,"[""calendar""]",Upstate Dance Challenge,wsdc-265,snap_20260913T051734Z_2512163ed68e,wsdc_calendar,2020-12-03,registry,2020
day,2020-12-06,2020-12-winter-white,2020-12,listed,"[""calendar""]",Winter White,wsdc-238,snap_20260913T051854Z_0f29c1d7c737,wsdc_calendar,2020-12-03,registry,2020
day,2021-01-24,2021-01-derby-city-swing,2021-01,listed,"[""calendar""]",Derby City Swing,wsdc-242,snap_20260913T052653Z_4309094e8fb4,wsdc_calendar,2021-01-21,registry,2021
day,2021-01-03,2021-01-floor-play-swing-vacation,2021-01,listed,"[""calendar""]",Floor Play Swing Vacation,wsdc-42,snap_20260913T051813Z_28c29ec53c50,wsdc_calendar,2020-12-30,registry,2021
day,2021-01-17,2021-01-freedom-swing-dance-challenge,2021-01,listed,"[""calendar""]",Freedom Swing Dance Challenge,wsdc-183,snap_20260913T051923Z_7d945789f8e8,wsdc_calendar,2021-01-15,registry,2021
day,2021-01-18,2021-01-monterey-swingfest,2021-01,listed,"[""calendar""]",Monterey SwingFest,wsdc-62,snap_20260913T052013Z_cc235a2797cc,wsdc_calendar,2021-01-13,registry,2021
day,2021-01-18,2021-01-monterey-swingfest-cancelled-due-to-covid-19,2021-01,cancelled,"[""calendar""]",Monterey Swingfest (Cancelled due to Covid-19),wsdc-62,snap_20260913T052653Z_4309094e8fb4,wsdc_calendar,2021-01-13,registry,2021
day,2021-01-24,2021-01-municorn-swing,2021-01,listed,"[""calendar""]",Municorn Swing,wsdc-291,snap_20260913T052013Z_cc235a2797cc,wsdc_calendar,2021-01-21,registry,2021
day,2021-01-04,2021-01-new-year-s-swing-fling,2021-01,listed,"[""calendar""]",New Year's Swing Fling 2020,wsdc-214,snap_20260913T051923Z_7d945789f8e8,wsdc_calendar,2020-12-31,registry,2021
day,2021-01-18,2021-01-swing-resolution,2021-01,listed,"[""calendar""]",Swing Resolution,wsdc-301,snap_20260913T052013Z_cc235a2797cc,wsdc_calendar,2021-01-14,registry,2021
day,2021-01-03,2021-01-swingvester,2021-01,listed,"[""calendar""]",Swingvester,wsdc-289,snap_20260913T051933Z_024f4f5a9a7d,wsdc_calendar,2020-12-31,registry,2021
day,2021-02-07,2021-02-charlotte-westie-fest,2021-02,listed,"[""calendar""]",Charlotte Westie Fest,wsdc-273,snap_20260913T051933Z_024f4f5a9a7d,wsdc_calendar,2021-02-04,registry,2021
day,2021-02-07,2021-02-swing-snow,2021-02,held,"[""calendar"", ""registry""]",Swing & Snow,wsdc-215,snap_20260913T052653Z_4309094e8fb4,wsdc_calendar,2021-02-04,registry,2021
day,2021-02-14,2021-02-swingtzerland,2021-02,listed,"[""calendar""]",Swingtzerland,wsdc-258,snap_20260913T051813Z_28c29ec53c50,wsdc_calendar,2021-02-11,registry,2021
day,2021-03-14,2021-03-high-desert-dance-classic,2021-03,listed,"[""calendar""]",High Desert Dance Classic,wsdc-143,snap_20260913T052013Z_cc235a2797cc,wsdc_calendar,2021-03-12,registry,2021
day,2021-03-07,2021-03-mid-atlantic-dance-jam-madjam,2021-03,listed,"[""calendar""]",MId Atlantic Dance Jam (MADjam),wsdc-92,snap_20260913T052013Z_cc235a2797cc,wsdc_calendar,2021-03-04,registry,2021
day,2021-03-14,2021-03-the-chicago-classic,2021-03,listed,"[""calendar""]",The Chicago Classic,wsdc-142,snap_20260913T052013Z_cc235a2797cc,wsdc_calendar,2021-03-11,registry,2021
day,2021-04-04,2021-04-bto-open,2021-04,listed,"[""calendar""]",BTO Open,wsdc-324,snap_20260913T052136Z_96fa1c8a5cb3,wsdc_calendar,2021-04-02,registry,2021
day,2021-04-25,2021-04-calgary-dance-stampede,2021-04,listed,"[""calendar""]",Calgary Dance Stampede,wsdc-116,snap_20260913T052054Z_f2004ad7080a,wsdc_calendar,2021-04-22,trial,2021
day,2021-04-25,2021-04-russian-open-wcs-championship,2021-04,held,"[""calendar"", ""registry""]",Russian Open WCS Championship,wsdc-170,snap_20260913T052653Z_4309094e8fb4,wsdc_calendar,2021-04-23,registry,2021
day,2021-04-26,2021-04-swing-dance-america,2021-04,listed,"[""calendar""]",Swing Dance America,wsdc-134,snap_20260913T052136Z_96fa1c8a5cb3,wsdc_calendar,2021-04-22,registry,2021
day,2021-04-12,2021-04-uk-european-wcs-championships,2021-04,listed,"[""calendar""]",UK & European WCS Championships,wsdc-198,snap_20260913T052054Z_f2004ad7080a,wsdc_calendar,2021-04-08,registry,2021
day,2021-04-11,2021-04-westy-nantes,2021-04,listed,"[""calendar""]",Westy Nantes,wsdc-293,snap_20260913T052136Z_96fa1c8a5cb3,wsdc_calendar,2021-04-09,registry,2021
day,2021-05-16,2021-05-the-texas-classic,2021-05,listed,"[""calendar""]",The Texas Classic ,wsdc-121,snap_20260913T052653Z_4309094e8fb4,wsdc_calendar,2021-05-14,unknown,2021
day,2021-06-13,2021-06-baltic-swing,2021-06,listed,"[""calendar""]",Baltic Swing,wsdc-222,snap_20260913T052136Z_96fa1c8a5cb3,wsdc_calendar,2021-06-10,registry,2021
day,2021-06-20,2021-06-d-townswing,2021-06,listed,"[""calendar""]",D-Townswing,wsdc-220,snap_20260913T052224Z_5b17fbec0e51,wsdc_calendar,2021-06-17,registry,2021
day,2021-06-13,2021-06-jack-jill-o-rama,2021-06,listed,"[""calendar""]",Jack & Jill O'Rama,wsdc-25,snap_20260913T052213Z_71ab3ca1b717,wsdc_calendar,2021-06-10,registry,2021
day,2021-06-27,2021-06-liberty-swing-dance-championships,2021-06,listed,"[""calendar""]",Liberty Swing Dance Championships,wsdc-96,snap_20260913T052213Z_71ab3ca1b717,wsdc_calendar,2021-06-24,registry,2021
day,2021-06-06,2021-06-orange-blossom-dance-festival,2021-06,held,"[""calendar"", ""registry""]",Orange Blossom Dance Festival,wsdc-117,snap_20260913T052653Z_4309094e8fb4,wsdc_calendar,2021-06-03,registry,2021
day,2021-06-06,2021-06-swingsation,2021-06,held,"[""calendar"", ""registry""]",Swingsation,wsdc-174,snap_20260913T052653Z_4309094e8fb4,wsdc_calendar,2021-06-04,registry,2021
day,2021-07-04,2021-07-americano-dance-camp,2021-07,held,"[""calendar"", ""registry""]",Americano Dance Camp,wsdc-278,snap_20260913T052653Z_4309094e8fb4,wsdc_calendar,2021-06-30,registry,2021
day,2021-07-11,2021-07-big-apple-dance-festival,2021-07,held,"[""calendar"", ""registry""]",Big Apple Dance Festival,wsdc-156,snap_20260913T052653Z_4309094e8fb4,wsdc_calendar,2021-07-08,registry,2021
day,2021-07-19,2021-07-florida-dance-magic,2021-07,listed,"[""calendar""]",Florida Dance Magic,wsdc-149,snap_20260913T052224Z_5b17fbec0e51,wsdc_calendar,2021-07-15,registry,2021
day,2021-07-04,2021-07-phoenix-of-july,2021-07,listed,"[""calendar""]",Phoenix 4th of July,wsdc-1,snap_20260913T052213Z_71ab3ca1b717,wsdc_calendar,2021-07-01,registry,2021
day,2021-07-25,2021-07-rock-the-barn,2021-07,listed,"[""calendar""]",Rock The Barn,wsdc-256,snap_20260913T052303Z_4f87ca4f430c,wsdc_calendar,2021-07-22,registry,2021
day,2021-07-18,2021-07-saint-petersburg-wcs-nights,2021-07,held,"[""calendar"", ""registry""]",Saint Petersburg WCS Nights,wsdc-280,snap_20260913T052653Z_4309094e8fb4,wsdc_calendar,2021-07-15,registry,2021
day,2021-07-04,2021-07-wild-wild-westie,2021-07,held,"[""calendar"", ""registry""]",Wild Wild Westie,wsdc-225,snap_20260913T052653Z_4309094e8fb4,wsdc_calendar,2021-07-01,registry,2021
day,2021-08-08,2021-08-arizona-dance-classic,2021-08,held,"[""calendar"", ""registry""]",Arizona Dance Classic,wsdc-77,snap_20260913T052653Z_4309094e8fb4,wsdc_calendar,2021-08-05,registry,2021
day,2021-08-22,2021-08-chicagoland-country-and-swing-dance-festival,2021-08,held,"[""calendar"", ""registry""]",Chicagoland Country and Swing Dance Festival,wsdc-119,snap_20260913T052653Z_4309094e8fb4,wsdc_calendar,2021-08-20,registry,2021
day,2021-08-15,2021-08-lone-star-invitational,2021-08,held,"[""calendar"", ""registry""]",Lone Star Invitational,wsdc-120,snap_20260913T052653Z_4309094e8fb4,wsdc_calendar,2021-08-13,registry,2021
day,2021-08-02,2021-08-riga-summer-swing,2021-08,listed,"[""calendar""]",Riga Summer Swing,wsdc-263,snap_20260913T052303Z_4f87ca4f430c,wsdc_calendar,2021-07-29,registry,2021
day,2021-08-02,2021-08-sea-sun-and-swing,2021-08,listed,"[""calendar""]",Sea Sun and Swing,wsdc-164,snap_20260913T052324Z_2608f92141b3,wsdc_calendar,2021-07-29,registry,2021
day,2021-08-15,2021-08-swing-fling,2021-08,listed,"[""calendar""]",Swing Fling,wsdc-59,snap_20260913T052324Z_2608f92141b3,wsdc_calendar,2021-08-12,registry,2021
day,2021-08-08,2021-08-swingtacular-the-galactic-open,2021-08,listed,"[""calendar""]",Swingtacular: The Galactic Open 2021,wsdc-227,snap_20260913T052224Z_5b17fbec0e51,wsdc_calendar,2021-08-05,registry,2021
day,2021-09-19,2021-09-austin-rocks,2021-09,listed,"[""calendar""]",Austin Rocks 2021,wsdc-300,snap_20260913T052324Z_2608f92141b3,wsdc_calendar,2021-09-17,registry,2021
day,2021-09-12,2021-09-bavarian-open,2021-09,listed,"[""calendar""]",Bavarian Open,wsdc-233,snap_20260913T052303Z_4f87ca4f430c,wsdc_calendar,2021-09-09,registry,2021
day,2021-09-19,2021-09-best-of-the-best,2021-09,listed,"[""calendar""]",Best of the Best,wsdc-167,snap_20260913T052324Z_2608f92141b3,wsdc_calendar,2021-09-16,registry,2021
day,2021-09-26,2021-09-bridgetown-swing-boogie,2021-09,listed,"[""calendar""]",Bridgetown Swing Boogie,wsdc-10,snap_20260913T052136Z_96fa1c8a5cb3,wsdc_calendar,2021-09-23,registry,2021
day,2021-09-05,2021-09-desert-city-swing-dance-championships,2021-09,held,"[""calendar"", ""registry""]",Desert City Swing Dance Championships,wsdc-135,snap_20260913T052653Z_4309094e8fb4,wsdc_calendar,2021-09-02,registry,2021
day,2021-09-23,2021-09-midland-swing-open,2021-09,held,"[""calendar"",""platform"",""registry""]",Midland Swing Open 2021,wsdc-165,snap_20260910T053746Z_1f5de8152084,scoringdance,2021-09-23,unknown,2021
day,2021-09-19,2021-09-philly-swing-classic,2021-09,held,"[""calendar"", ""registry""]",Philly Swing Classic,wsdc-234,snap_20260913T052653Z_4309094e8fb4,wsdc_calendar,2021-09-17,registry,2021
day,2021-09-06,2021-09-rolling-swing,2021-09,held,"[""calendar"", ""registry""]",Rolling Swing,wsdc-313,snap_20260913T052653Z_4309094e8fb4,wsdc_calendar,2021-09-02,registry,2021
day,2021-09-06,2021-09-south-bay-dance-fling,2021-09,listed,"[""calendar""]",South Bay Dance Fling,wsdc-48,snap_20260913T052653Z_4309094e8fb4,wsdc_calendar,2021-09-02,registry,2021
day,2021-09-12,2021-09-trilogy-swing,2021-09,listed,"[""calendar""]",Trilogy Swing,wsdc-231,snap_20260913T052303Z_4f87ca4f430c,wsdc_calendar,2021-09-09,registry,2021
day,2021-10-03,2021-10-atlanta-swing-classic,2021-10,held,"[""calendar"", ""registry""]",Atlanta Swing Classic,wsdc-211,snap_20260913T052653Z_4309094e8fb4,wsdc_calendar,2021-09-30,registry,2021
day,2021-10-10,2021-10-boogie-by-the-bay,2021-10,listed,"[""calendar""]",Boogie by the Bay,wsdc-8,snap_20260913T052303Z_4f87ca4f430c,wsdc_calendar,2021-10-07,registry,2021
day,2021-10-31,2021-10-halloween-swingthing,2021-10,listed,"[""calendar""]",Halloween Swingthing,wsdc-65,snap_20260913T052224Z_5b17fbec0e51,wsdc_calendar,2021-10-28,registry,2021
day,2021-10-04,2021-10-moscow-westie-dance-fest,2021-10,held,"[""calendar"", ""registry""]",Moscow Westie Dance Fest,wsdc-194,snap_20260913T052653Z_4309094e8fb4,wsdc_calendar,2021-10-01,registry,2021
day,2021-10-10,2021-10-new-zealand-open,2021-10,listed,"[""calendar""]",New Zealand Open,wsdc-179,snap_20260913T052653Z_4309094e8fb4,wsdc_calendar,2021-10-08,registry,2021
day,2021-10-24,2021-10-paradise-country-dance-festival,2021-10,listed,"[""calendar""]",Paradise Country Dance Festival,wsdc-43,snap_20260913T052403Z_9f16e086052c,wsdc_calendar,2021-10-21,registry,2021
day,2021-10-31,2021-10-swing-city-chicago,2021-10,listed,"[""calendar""]",Swing City Chicago,wsdc-125,snap_20260913T052324Z_2608f92141b3,wsdc_calendar,2021-10-28,registry,2021
day,2021-10-17,2021-10-swustlicious,2021-10,listed,"[""calendar""]",Swustlicious,wsdc-267,snap_20260913T052324Z_2608f92141b3,wsdc_calendar,2021-10-15,registry,2021
day,2021-10-17,2021-10-wcs-festival,2021-10,listed,"[""calendar""]",WCS Festival,wsdc-286,snap_20260913T052324Z_2608f92141b3,wsdc_calendar,2021-10-15,registry,2021
day,2021-10-28,2021-10-warsaw-halloween-swing,2021-11,held,[],Warsaw Halloween Swing 2021,wsdc-236,snap_20260910T060743Z_00a4f1519de9,scoringdance,2021-10-28,unknown,2021
day,2021-11-15,2021-11-5280-westival,2021-11,held,"[""calendar"", ""registry""]",5280 Westival,wsdc-197,snap_20260913T052653Z_4309094e8fb4,wsdc_calendar,2021-11-11,registry,2021
day,2021-11-21,2021-11-dc-swing-experience-dcsx,2021-11,listed,"[""calendar""]",DC Swing eXperience (DCSX),wsdc-181,snap_20260913T052324Z_2608f92141b3,wsdc_calendar,2021-11-18,registry,2021
day,2021-11-07,2021-11-midnight-madness,2021-11,held,"[""calendar"", ""registry""]",Midnight Madness,wsdc-288,snap_20260913T052653Z_4309094e8fb4,wsdc_calendar,2021-11-05,registry,2021
day,2021-11-07,2021-11-scandinavian-open-wcs,2021-11,listed,"[""calendar""]",Scandinavian Open WCS,wsdc-229,snap_20260913T052324Z_2608f92141b3,wsdc_calendar,2021-11-05,registry,2021
month,,2021-11-simply-adelaide-west-coast-swing,2021-11,held,"[""registry""]",Simply Adelaide West Coast Swing,wsdc-325,snap_20260912T081020Z_6c01f71e6864,wsdc_registry,,registry,2021
day,2021-11-14,2021-11-westie-pink-city,2021-11,held,"[""calendar"", ""registry""]",Westie Pink City,wsdc-312,snap_20260913T052653Z_4309094e8fb4,wsdc_calendar,2021-11-11,registry,2021
day,2021-11-14,2021-11-westie-s-angels,2021-11,held,"[""calendar"", ""registry""]",Westie's Angels,wsdc-270,snap_20260913T052653Z_4309094e8fb4,wsdc_calendar,2021-11-11,registry,2021
day,2021-11-14,2021-11-westies-on-the-water,2021-11,held,"[""calendar"", ""registry""]",Westies on the Water,wsdc-323,snap_20260913T052653Z_4309094e8fb4,wsdc_calendar,2021-11-11,registry,2021
day,2021-12-09,2021-12-berlin-swing-revolution,2021-12,listed,"[""calendar"",""platform""]",Berlin Swing Revolution 2021,slug-berlin-swing-revolution,snap_20260910T054048Z_0fd8d091e400,scoringdance,2021-12-09,registry,2021
day,2021-12-26,2021-12-shooba-dooba-swing,2021-12,held,"[""calendar"", ""registry""]",Shooba Dooba Swing,wsdc-290,snap_20260913T052653Z_4309094e8fb4,wsdc_calendar,2021-12-24,registry,2021
day,2021-12-05,2021-12-the-after-party,2021-12,held,"[""calendar"", ""registry""]",The After Party,wsdc-212,snap_20260913T052653Z_4309094e8fb4,wsdc_calendar,2021-12-02,registry,2021
day,2021-12-05,2021-12-upstate-dance-challenge,2021-12,listed,"[""calendar""]",Upstate Dance Challenge,wsdc-265,snap_20260913T052224Z_5b17fbec0e51,wsdc_calendar,2021-12-02,registry,2021
day,2021-12-12,2021-12-winter-white-wcs,2021-12,listed,"[""calendar""]",Winter White WCS,wsdc-238,snap_20260913T052444Z_b8bf6145753d,wsdc_calendar,2021-12-09,registry,2021
day,2022-01-15,2022-01-avignon-city-swing,2022-01,listed,"[""calendar""]",Avignon City Swing,wsdc-309,snap_20260913T052444Z_b8bf6145753d,wsdc_calendar,2022-01-13,registry,2022
day,2022-01-05,2022-01-budafest,2022-01,listed,[],Budafest 2022,slug-budafest,snap_20260910T053409Z_523d0ad03994,scoringdance,2022-01-05,unknown,2022
day,2022-01-09,2022-01-budafest-open-wcs-championships,2022-01,held,"[""calendar"", ""registry""]",BudaFest Open WCS Championships,wsdc-184,snap_20260913T052653Z_4309094e8fb4,wsdc_calendar,2022-01-05,registry,2022
month,,2022-01-countdown-swing-boston,2022-01,held,"[""registry""]",Countdown Swing Boston,wsdc-334,snap_20260912T081147Z_8df71029a0a9,wsdc_registry,,registry,2022
day,2022-01-30,2022-01-derby-city-swing,2022-01,listed,"[""calendar""]",Derby City Swing,wsdc-242,snap_20260913T052444Z_b8bf6145753d,wsdc_calendar,2022-01-27,registry,2022
day,2022-01-02,2022-01-floorplay-new-years-swing-vacation,2022-01,held,"[""calendar"", ""registry""]",Floorplay New Years Swing Vacation,wsdc-42,snap_20260913T052653Z_4309094e8fb4,wsdc_calendar,2021-12-30,registry,2022
day,2022-01-23,2022-01-freedom-swing-dance-challenge,2022-01,held,"[""calendar"", ""registry""]",Freedom Swing Dance Challenge,wsdc-183,snap_20260913T052653Z_4309094e8fb4,wsdc_calendar,2022-01-21,registry,2022
day,2022-01-17,2022-01-monterey-swingfest,2022-01,held,"[""calendar"", ""registry""]",Monterey SwingFest,wsdc-62,snap_20260913T052653Z_4309094e8fb4,wsdc_calendar,2022-01-13,registry,2022
day,2022-01-23,2022-01-municorn-swing,2022-01,listed,"[""calendar""]",Municorn Swing,wsdc-291,snap_20260913T052444Z_b8bf6145753d,wsdc_calendar,2022-01-20,registry,2022
day,2022-01-17,2022-01-swing-resolution,2022-01,listed,"[""calendar""]",Swing Resolution,wsdc-301,snap_20260913T052653Z_4309094e8fb4,wsdc_calendar,2022-01-14,registry,2022
day,2022-01-09,2022-01-ucwdc-country-dance-world-championships,2022-01,held,"[""calendar"", ""registry""]",UCWDC Country Dance World Championships,wsdc-75,snap_20260913T052653Z_4309094e8fb4,wsdc_calendar,2022-01-02,registry,2022
day,2022-02-20,2022-02-capital-swing-dance-convention,2022-02,listed,"[""calendar""]",Capital Swing Dance Convention,wsdc-12,snap_20260913T052444Z_b8bf6145753d,wsdc_calendar,2022-02-17,registry,2022
day,2022-02-06,2022-02-charlotte-westie-fest,2022-02,held,"[""calendar"", ""registry""]",Charlotte Westie Fest,wsdc-273,snap_20260913T052653Z_4309094e8fb4,wsdc_calendar,2022-02-03,registry,2022
day,2022-02-06,2022-02-paris-swing-classic,2022-02,listed,"[""calendar""]",Paris Swing Classic,wsdc-307,snap_20260913T052513Z_2072492fddd0,wsdc_calendar,2022-02-04,registry,2022
day,2022-02-27,2022-02-rose-city-swing,2022-02,held,"[""calendar"", ""registry""]",Rose City Swing,wsdc-244,snap_20260913T052653Z_4309094e8fb4,wsdc_calendar,2022-02-24,registry,2022
day,2022-02-06,2022-02-swing-snow,2022-02,held,"[""calendar"", ""registry""]",Swing&Snow,wsdc-215,snap_20260913T052653Z_4309094e8fb4,wsdc_calendar,2022-02-03,registry,2022
day,2022-02-13,2022-02-swingtzerland,2022-02,listed,"[""calendar""]",Swingtzerland,wsdc-258,snap_20260913T052324Z_2608f92141b3,wsdc_calendar,2022-02-10,registry,2022
day,2022-02-13,2022-02-westeroz-swing,2022-02,listed,"[""calendar""]",WesterOz Swing,wsdc-302,snap_20260913T052424Z_2bdced4e0650,wsdc_calendar,2022-02-11,registry,2022
day,2022-02-27,2022-02-winter-coast-swing,2022-02,listed,"[""calendar""]",Winter Coast Swing,wsdc-297,snap_20260913T052444Z_b8bf6145753d,wsdc_calendar,2022-02-24,registry,2022
day,2022-03-28,2022-03-5280-westival,2022-03,held,"[""calendar"", ""registry""]",5280 Westival,wsdc-197,snap_20260913T052653Z_4309094e8fb4,wsdc_calendar,2022-03-24,registry,2022
day,2022-03-20,2022-03-all-star-swingjam,2022-03,held,"[""calendar"", ""registry""]",All Star SwingJam,wsdc-318,snap_20260913T052653Z_4309094e8fb4,wsdc_calendar,2022-03-17,registry,2022
day,2022-03-20,2022-03-dutch-open-west-coast-swing,2022-03,listed,"[""calendar""]",Dutch Open West Coast Swing,wsdc-275,snap_20260913T052533Z_4c25eb640a6a,wsdc_calendar,2022-03-17,registry,2022
day,2022-03-21,2022-03-king-swing,2022-03,held,"[""calendar"", ""registry""]",King Swing,wsdc-292,snap_20260913T052653Z_4309094e8fb4,wsdc_calendar,2022-03-17,registry,2022
day,2022-03-07,2022-03-mid-atlantic-dance-jam,2022-03,held,"[""calendar"", ""registry""]",Mid-Atlantic Dance Jam,wsdc-92,snap_20260913T052653Z_4309094e8fb4,wsdc_calendar,2022-03-03,registry,2022
day,2022-03-26,2022-03-normandie-on-west,2022-03,listed,[],Normandie On West,slug-normandie-on-west,snap_20260910T060440Z_0528f9c34bc7,scoringdance,2022-03-26,unknown,2022
day,2022-03-27,2022-03-novice-invitational,2022-03,held,"[""calendar"", ""registry""]",Novice Invitational ,wsdc-153,snap_20260913T052653Z_4309094e8fb4,wsdc_calendar,2022-03-25,registry,2022
day,2022-03-20,2022-03-the-chicago-classic,2022-03,held,"[""calendar"", ""registry""]",The Chicago Classic,wsdc-142,snap_20260913T052653Z_4309094e8fb4,wsdc_calendar,2022-03-17,registry,2022
day,2022-03-13,2022-03-west-in-lyon,2022-03,held,"[""calendar"", ""registry""]",West In Lyon,wsdc-186,snap_20260913T052653Z_4309094e8fb4,wsdc_calendar,2022-03-10,registry,2022
day,2022-03-10,2022-03-westie-spring-thing,2022-03,held,"[""calendar"",""platform"",""registry""]",Westie Spring Thing 2022,wsdc-314,snap_20260910T060217Z_45794bf00869,scoringdance,2022-03-10,unknown,2022
day,2022-04-10,2022-04-calgary-dance-stampede,2022-04,listed,"[""calendar""]",Calgary Dance Stampede,wsdc-116,snap_20260913T052653Z_4309094e8fb4,wsdc_calendar,2022-04-07,trial,2022
day,2022-04-03,2022-04-city-of-angels-swing-event,2022-04,held,"[""calendar"", ""registry""]",City of Angels Swing Event,wsdc-187,snap_20260913T052653Z_4309094e8fb4,wsdc_calendar,2022-03-31,registry,2022
day,2022-04-21,2022-04-detonation-dance,2022-04,held,"[""calendar"",""platform"",""registry""]",Detonation Dance 2022,wsdc-203,snap_20260910T060939Z_a82cf47ef5c8,scoringdance,2022-04-21,unknown,2022
day,2022-04-17,2022-04-easter-swing,2022-04,held,"[""calendar"", ""registry""]",Easter Swing,wsdc-18,snap_20260913T052653Z_4309094e8fb4,wsdc_calendar,2022-04-14,registry,2022
day,2022-04-17,2022-04-san-diego-dance-festival,2022-04,listed,"[""calendar""]",San Diego Dance Festival,wsdc-217,snap_20260913T052554Z_9d33672cd3e2,wsdc_calendar,2022-04-15,registry,2022
day,2022-04-15,2022-04-south-westie-swing,2022-04,listed,[],South Westie Swing 2022,slug-south-westie-swing,snap_20260910T063227Z_c9ce662f41e2,scoringdance,2022-04-15,unknown,2022
day,2022-04-22,2022-04-swingin-festival,2022-04,listed,"[""platform""]",SwingIn - Festival 2022,slug-swingin-festival,snap_20260910T061220Z_ea3a68dfb969,scoringdance,2022-04-22,registry,2022
day,2022-04-10,2022-04-swingover,2022-04,held,"[""calendar"", ""registry""]",Swingover,wsdc-259,snap_20260913T052653Z_4309094e8fb4,wsdc_calendar,2022-04-08,registry,2022
day,2022-04-10,2022-04-westy-nantes,2022-04,held,"[""calendar"", ""registry""]",Westy Nantes,wsdc-293,snap_20260913T052653Z_4309094e8fb4,wsdc_calendar,2022-04-08,registry,2022
day,2022-05-23,2022-05-canadian-swing-championships,2022-05,listed,"[""calendar""]",Canadian Swing Championships,wsdc-105,snap_20260913T052653Z_4309094e8fb4,wsdc_calendar,2022-05-20,registry,2022
day,2022-05-30,2022-05-french-open-west-coast-swing,2022-05,held,"[""calendar"", ""registry""]",French Open West Coast Swing,wsdc-175,snap_20260913T052653Z_4309094e8fb4,wsdc_calendar,2022-05-26,registry,2022
day,2022-05-01,2022-05-kiwi-fest,2022-05,listed,"[""calendar""]",KIWI Fest,wsdc-219,snap_20260913T052653Z_4309094e8fb4,wsdc_calendar,2022-04-29,registry,2022
day,2022-05-06,2022-05-nordic-wcs-championships,2022-05,held,"[""calendar"",""platform"",""registry""]",Nordic WCS Championships 2022,wsdc-253,snap_20260910T063337Z_f593f674833e,scoringdance,2022-05-06,unknown,2022
day,2022-05-22,2022-05-soswing,2022-05,held,"[""calendar"", ""registry""]",SOswing 2022,wsdc-205,snap_20260913T052653Z_4309094e8fb4,wsdc_calendar,2022-05-19,registry,2022
day,2022-05-02,2022-05-swing-dance-america,2022-05,held,"[""calendar"", ""registry""]",Swing Dance America,wsdc-134,snap_20260913T052653Z_4309094e8fb4,wsdc_calendar,2022-04-28,registry,2022
day,2022-05-01,2022-05-swingin-into-spring,2022-05,held,"[""calendar"", ""registry""]",Swingin' Into Spring,wsdc-144,snap_20260913T052653Z_4309094e8fb4,wsdc_calendar,2022-04-28,registry,2022
day,2022-05-29,2022-05-texas-classic,2022-05,held,"[""calendar"", ""registry""]",Texas Classic ,wsdc-121,snap_20260913T052653Z_4309094e8fb4,wsdc_calendar,2022-05-27,registry,2022
day,2022-06-27,2022-06-baltic-swing,2022-06,held,"[""calendar"",""newsletter"",""platform"",""registry""]",Baltic Swing 2022,wsdc-222,snap_20260913T053404Z_622d98a01fec,wsdc_newsletter,2022-06-23,unknown,2022
day,2022-06-26,2022-06-colorado-country-classic,2022-06,held,"[""calendar"", ""newsletter"", ""registry""]",Colorado Country Classic,wsdc-109,snap_20260913T053404Z_622d98a01fec,wsdc_newsletter,2022-06-23,registry,2022
day,2022-06-19,2022-06-d-town-swing,2022-06,held,"[""calendar"",""newsletter"",""platform"",""registry""]",D-Town Swing 2022,wsdc-220,snap_20260913T053404Z_622d98a01fec,wsdc_newsletter,2022-06-17,unknown,2022
day,2022-06-12,2022-06-dance-n-play,2022-06,listed,"[""calendar""]",Dance N Play,wsdc-207,snap_20260913T052613Z_ff9e15518853,wsdc_calendar,2022-06-09,registry,2022
day,2022-06-26,2022-06-indy-dance-explosion,2022-06,held,"[""calendar"", ""newsletter"", ""registry""]",Indy Dance Explosion,wsdc-255,snap_20260913T053404Z_622d98a01fec,wsdc_newsletter,2022-06-23,registry,2022
day,2022-06-27,2022-06-liberty-swing-dance-championships,2022-06,held,"[""calendar"", ""registry""]",Liberty Swing Dance Championships,wsdc-96,snap_20260913T052653Z_4309094e8fb4,wsdc_calendar,2022-06-23,registry,2022
day,2022-06-30,2022-06-neverlandswing,2022-06,listed,[],NeverlandSwing 2022,slug-neverlandswing,snap_20260910T060516Z_8637cad7b1eb,scoringdance,2022-06-30,unknown,2022
day,2022-06-05,2022-06-orange-blossom-dance-festival,2022-06,held,"[""calendar"", ""registry""]",Orange Blossom Dance Festival,wsdc-117,snap_20260913T052653Z_4309094e8fb4,wsdc_calendar,2022-06-03,registry,2022
day,2022-06-19,2022-06-swingapalooza,2022-06,held,"[""calendar"", ""newsletter"", ""registry""]",Swingapalooza,wsdc-162,snap_20260913T053404Z_622d98a01fec,wsdc_newsletter,2022-06-17,registry,2022
day,2022-07-10,2022-07-americano-dance-camp,2022-07,held,"[""calendar"", ""newsletter"", ""registry""]",Americano Dance Camp,wsdc-278,snap_20260913T053404Z_622d98a01fec,wsdc_newsletter,2022-07-06,registry,2022
day,2022-07-10,2022-07-big-apple-dance-festival,2022-07,held,"[""calendar"", ""registry""]",Big Apple Dance Festival,wsdc-156,snap_20260913T052653Z_4309094e8fb4,wsdc_calendar,2022-07-07,registry,2022
day,2022-07-24,2022-07-dance-mardi-gras,2022-07,held,"[""calendar"", ""newsletter"", ""registry""]",Dance Mardi Gras,wsdc-148,snap_20260913T053404Z_622d98a01fec,wsdc_newsletter,2022-07-21,registry,2022
day,2022-07-18,2022-07-florida-dance-magic,2022-07,held,"[""calendar"", ""registry""]",Florida Dance Magic,wsdc-149,snap_20260913T052653Z_4309094e8fb4,wsdc_calendar,2022-07-14,registry,2022
day,2022-06-30,2022-07-neverland-swing,2022-07,held,"[""platform"", ""registry""]",Neverland Swing,wsdc-261,snap_20260910T060516Z_8637cad7b1eb,scoringdance,2022-06-30,registry,2022
day,2022-07-04,2022-07-phoenix-of-july,2022-07,held,"[""calendar"", ""registry""]",Phoenix 4th of July,wsdc-1,snap_20260913T052653Z_4309094e8fb4,wsdc_calendar,2022-06-30,registry,2022
day,2022-07-24,2022-07-st-petersburg-wcs-nights,2022-07,held,"[""calendar"", ""newsletter"", ""registry""]",St.Petersburg WCS Nights,wsdc-280,snap_20260913T053404Z_622d98a01fec,wsdc_newsletter,2022-07-21,registry,2022
day,2022-07-24,2022-07-swingtime,2022-07,held,"[""calendar"", ""newsletter"", ""registry""]",SwingTime,wsdc-47,snap_20260913T053404Z_622d98a01fec,wsdc_newsletter,2022-07-22,registry,2022
day,2022-07-04,2022-07-wild-wild-westie,2022-07,held,"[""calendar"", ""newsletter"", ""registry""]",Wild Wild Westie,wsdc-225,snap_20260913T053404Z_622d98a01fec,wsdc_newsletter,2022-06-30,registry,2022
day,2022-08-07,2022-08-arizona-dance-classic,2022-08,held,"[""calendar"", ""newsletter"", ""registry""]",Arizona Dance Classic,wsdc-77,snap_20260913T053404Z_622d98a01fec,wsdc_newsletter,2022-08-04,registry,2022
day,2022-08-21,2022-08-chicagoland-country-and-swing-dance-festival,2022-08,held,"[""calendar"", ""registry""]",Chicagoland Country and Swing Dance Festival,wsdc-119,snap_20260913T052653Z_4309094e8fb4,wsdc_calendar,2022-08-19,registry,2022
day,2022-08-04,2022-08-german-open,2022-08,listed,[],German Open 2022,slug-german-open,snap_20260910T060845Z_f4b4bf8c4b49,scoringdance,2022-08-04,unknown,2022
day,2022-08-07,2022-08-german-open-championships,2022-08,held,"[""calendar"", ""newsletter"", ""platform"", ""registry""]",German Open Championships,wsdc-282,snap_20260913T053404Z_622d98a01fec,wsdc_newsletter,2022-08-04,registry,2022
month,,2022-08-kazan-el-fest,2022-08,held,"[""registry""]",Kazan EL Fest,wsdc-283,snap_20260912T082902Z_fb84c725dd3f,wsdc_registry,,registry,2022
day,2022-08-14,2022-08-lonestar-invitational,2022-08,held,"[""calendar"", ""newsletter"", ""registry""]",LoneStar Invitational,wsdc-120,snap_20260913T053404Z_622d98a01fec,wsdc_newsletter,2022-08-11,registry,2022
day,2022-08-07,2022-08-new-england-dance-festival,2022-08,held,"[""calendar"", ""newsletter"", ""registry""]",New England Dance Festival,wsdc-157,snap_20260913T053404Z_622d98a01fec,wsdc_newsletter,2022-08-04,registry,2022
day,2022-08-07,2022-08-rock-the-barn,2022-08,held,"[""calendar"", ""newsletter"", ""registry""]",Rock The Barn,wsdc-256,snap_20260913T053404Z_622d98a01fec,wsdc_newsletter,2022-08-04,registry,2022
day,2022-08-15,2022-08-swing-fling,2022-08,held,"[""calendar"", ""newsletter"", ""registry""]",Swing Fling,wsdc-59,snap_20260913T053404Z_622d98a01fec,wsdc_newsletter,2022-08-11,registry,2022
day,2022-08-07,2022-08-swingtacular-the-galactic-open,2022-08,held,"[""calendar"", ""newsletter"", ""registry""]",Swingtacular: The Galactic Open 2022,wsdc-227,snap_20260913T053404Z_622d98a01fec,wsdc_newsletter,2022-08-04,registry,2022
day,2022-08-15,2022-08-uptown-swing,2022-08,held,"[""calendar"",""newsletter"",""platform"",""registry""]",UpTown Swing 2022,wsdc-264,snap_20260913T053404Z_622d98a01fec,wsdc_newsletter,2022-08-12,unknown,2022
day,2022-09-18,2022-09-austin-rocks,2022-09,listed,"[""calendar""]",Austin Rocks 2022,wsdc-300,snap_20260913T052554Z_9d33672cd3e2,wsdc_calendar,2022-09-16,registry,2022
day,2022-09-11,2022-09-bavarian-open,2022-09,held,"[""calendar"",""newsletter"",""platform"",""registry""]",Bavarian Open 2022,wsdc-233,snap_20260913T053414Z_e2920d5d80be,wsdc_newsletter,2022-09-08,unknown,2022
day,2022-09-25,2022-09-best-of-the-best-wcs,2022-09,held,"[""calendar"", ""newsletter"", ""registry""]",Best of the Best WCS,wsdc-167,snap_20260913T053414Z_e2920d5d80be,wsdc_newsletter,2022-09-22,registry,2022
day,2022-09-25,2022-09-bridgetown-swing,2022-09,held,"[""calendar"", ""newsletter"", ""registry""]",BridgeTown Swing,wsdc-10,snap_20260913T053414Z_e2920d5d80be,wsdc_newsletter,2022-09-22,registry,2022
day,2022-09-23,2022-09-cologne-swing-weekend,2022-09,listed,[],Cologne Swing Weekend 2022,slug-cologne-swing-weekend,snap_20260910T063423Z_613bca345f94,scoringdance,2022-09-23,unknown,2022
day,2022-09-05,2022-09-desert-city-swing,2022-09,held,"[""calendar"", ""registry""]",Desert City Swing,wsdc-135,snap_20260913T052653Z_4309094e8fb4,wsdc_calendar,2022-09-01,registry,2022
day,2022-09-25,2022-09-finnfest,2022-09,held,"[""calendar"",""newsletter"",""platform"",""registry""]",Finnfest 2022,wsdc-254,snap_20260913T053414Z_e2920d5d80be,wsdc_newsletter,2022-09-23,unknown,2022
day,2022-09-25,2022-09-meet-me-in-st-louis-swing-dance-championships,2022-09,held,"[""calendar"", ""newsletter"", ""registry""]",Meet Me in St Louis Swing Dance Championships,wsdc-131,snap_20260913T053414Z_e2920d5d80be,wsdc_newsletter,2022-09-22,registry,2022
day,2022-09-18,2022-09-philly-swing-classic,2022-09,held,"[""calendar"", ""newsletter"", ""registry""]",Philly Swing Classic ,wsdc-234,snap_20260913T053414Z_e2920d5d80be,wsdc_newsletter,2022-09-16,registry,2022
day,2022-09-04,2022-09-rolling-swing,2022-09,held,"[""calendar"", ""registry""]",Rolling Swing,wsdc-313,snap_20260913T052653Z_4309094e8fb4,wsdc_calendar,2022-09-02,registry,2022
day,2022-09-05,2022-09-south-bay-dance-fling,2022-09,held,"[""calendar"", ""registry""]",South Bay Dance Fling,wsdc-48,snap_20260913T052653Z_4309094e8fb4,wsdc_calendar,2022-09-01,registry,2022
day,2022-09-11,2022-09-trilogy-swing,2022-09,held,"[""calendar"", ""newsletter"", ""registry""]",Trilogy Swing,wsdc-231,snap_20260913T053414Z_e2920d5d80be,wsdc_newsletter,2022-09-08,registry,2022
day,2022-09-30,2022-09-midland-swing-open,2022-10,held,[],Midland Swing Open 2022,wsdc-165,snap_20260910T060332Z_1f8d016abd73,scoringdance,2022-09-30,unknown,2022
day,2022-10-02,2022-10-atlanta-swing-classic,2022-10,held,"[""calendar"", ""newsletter"", ""registry""]",Atlanta Swing Classic,wsdc-211,snap_20260913T053414Z_e2920d5d80be,wsdc_newsletter,2022-09-29,registry,2022
day,2022-10-09,2022-10-boogie-by-the-bay,2022-10,held,"[""calendar"", ""registry""]",Boogie By The Bay,wsdc-8,snap_20260913T052714Z_05fca591cbac,wsdc_calendar,2022-10-06,registry,2022
day,2022-10-30,2022-10-halloween-swingthing,2022-10,held,"[""calendar"", ""newsletter"", ""registry""]",Halloween SwingThing,wsdc-65,snap_20260913T053414Z_e2920d5d80be,wsdc_newsletter,2022-10-27,registry,2022
day,2022-10-16,2022-10-milan-modern-swing,2022-10,held,"[""calendar"", ""newsletter"", ""registry""]",Milan Modern Swing,wsdc-322,snap_20260913T053414Z_e2920d5d80be,wsdc_newsletter,2022-10-13,registry,2022
day,2022-10-22,2022-10-montreal-westie-fest,2022-10,listed,"[""newsletter""]",Montreal Westie Fest,wsdc-178,snap_20260913T053414Z_e2920d5d80be,wsdc_newsletter,2022-10-15,registry,2022
day,2022-10-23,2022-10-paradise-country-dance-festival,2022-10,held,"[""calendar"", ""newsletter"", ""registry""]",Paradise Country Dance Festival,wsdc-43,snap_20260913T053414Z_e2920d5d80be,wsdc_newsletter,2022-10-20,registry,2022
day,2022-10-23,2022-10-swing-city-chicago,2022-10,held,"[""calendar"", ""newsletter"", ""registry""]",Swing City Chicago,wsdc-125,snap_20260913T053414Z_e2920d5d80be,wsdc_newsletter,2022-10-20,registry,2022
day,2022-10-16,2022-10-swustlicious,2022-10,held,"[""calendar"", ""newsletter"", ""registry""]",Swustlicious,wsdc-267,snap_20260913T053414Z_e2920d5d80be,wsdc_newsletter,2022-10-14,registry,2022
day,2022-10-16,2022-10-the-new-zealand-open,2022-10,held,"[""calendar"", ""newsletter"", ""registry""]",The New Zealand Open,wsdc-179,snap_20260913T053414Z_e2920d5d80be,wsdc_newsletter,2022-10-14,registry,2022
day,2022-10-31,2022-10-warsaw-halloween-swing,2022-10,held,"[""calendar"",""newsletter"",""platform"",""registry""]",Warsaw Halloween Swing 2022,wsdc-236,snap_20260913T053414Z_e2920d5d80be,wsdc_newsletter,2022-10-27,unknown,2022
day,2022-10-16,2022-10-wcs-festival,2022-10,held,"[""calendar"", ""newsletter"", ""registry""]",WCS Festival,wsdc-286,snap_20260913T053414Z_e2920d5d80be,wsdc_newsletter,2022-10-14,registry,2022
day,2022-10-14,2022-10-wcs-festival-dusseldorf,2022-10,listed,[],WCS Festival Düsseldorf 2022,slug-wcs-festival-dusseldorf,snap_20260910T060917Z_f97aa1239e52,scoringdance,2022-10-14,unknown,2022
day,2022-11-13,2022-11-autumn-swing-challenge,2022-11,held,"[""calendar"", ""newsletter"", ""registry""]",Autumn Swing Challenge,wsdc-269,snap_20260913T053414Z_e2920d5d80be,wsdc_newsletter,2022-11-11,registry,2022
day,2022-11-27,2022-11-cash-bash,2022-11,held,"[""calendar"", ""newsletter"", ""registry""]",CASH Bash,wsdc-87,snap_20260913T053414Z_e2920d5d80be,wsdc_newsletter,2022-11-24,registry,2022
day,2022-11-21,2022-11-dc-swing-experience-dcsx,2022-11,held,"[""calendar"", ""newsletter"", ""registry""]",DC Swing eXperience (DCSX),wsdc-181,snap_20260913T053414Z_e2920d5d80be,wsdc_newsletter,2022-11-17,registry,2022
day,2022-11-06,2022-11-midnight-madness,2022-11,held,"[""calendar"", ""newsletter"", ""registry""]",Midnight Madness,wsdc-288,snap_20260913T053414Z_e2920d5d80be,wsdc_newsletter,2022-11-04,registry,2022
day,2022-11-16,2022-11-moscow-westie-fest,2022-11,held,"[""calendar"", ""newsletter"", ""registry""]",Moscow Westie Fest,wsdc-194,snap_20260913T053414Z_e2920d5d80be,wsdc_newsletter,2022-11-04,registry,2022
day,2022-11-06,2022-11-mountain-magic-dance-convention,2022-11,held,"[""calendar"", ""newsletter"", ""registry""]",Mountain Magic Dance Convention,wsdc-31,snap_20260913T053414Z_e2920d5d80be,wsdc_newsletter,2022-11-03,registry,2022
day,2022-11-06,2022-11-scandinavian-open-wcs,2022-11,held,"[""calendar"", ""newsletter"", ""platform"", ""registry""]",Scandinavian Open WCS 2022,wsdc-229,snap_20260913T053414Z_e2920d5d80be,wsdc_newsletter,2022-11-03,registry,2022
day,2022-11-03,2022-11-scandinavian-open-wcs-snow,2022-11,listed,[],Scandinavian Open WCS 2022 [SNOW 2022],slug-scandinavian-open-wcs-snow,snap_20260910T060646Z_394e3cd00d79,scoringdance,2022-11-03,unknown,2022
month,,2022-11-simply-adelaide-west-coast-swing,2022-11,held,"[""registry""]",Simply Adelaide West Coast Swing 2022,wsdc-330,snap_20260912T083810Z_98f85440f1dc,wsdc_registry,,registry,2022
day,2022-11-27,2022-11-upstate-dance-challenge,2022-11,listed,"[""calendar""]",Upstate Dance Challenge,wsdc-265,snap_20260913T052444Z_b8bf6145753d,wsdc_calendar,2022-11-24,registry,2022
day,2022-11-27,2022-11-us-open-swing-dance-championships,2022-11,held,"[""calendar"", ""registry""]",US Open Swing Dance Championships,wsdc-68,snap_20260913T052724Z_bb46247b2fe3,wsdc_calendar,2022-11-23,registry,2022
day,2022-11-20,2022-11-westie-pink-city,2022-11,held,"[""calendar"", ""newsletter"", ""registry""]",Westie Pink City,wsdc-312,snap_20260913T053414Z_e2920d5d80be,wsdc_newsletter,2022-11-18,registry,2022
day,2022-11-14,2022-11-westie-s-angels,2022-11,held,"[""calendar"", ""registry""]",Westie's Angels,wsdc-270,snap_20260913T052714Z_05fca591cbac,wsdc_calendar,2022-11-10,registry,2022
day,2022-11-13,2022-11-westies-on-the-water,2022-11,held,"[""calendar"", ""newsletter"", ""registry""]",Westies on The Water,wsdc-323,snap_20260913T053414Z_e2920d5d80be,wsdc_newsletter,2022-11-10,registry,2022
day,2022-12-11,2022-12-berlin-swing-revolution,2022-12,held,"[""calendar"",""newsletter"",""platform"",""registry""]",Berlin Swing Revolution 2022,wsdc-271,snap_20260913T053414Z_e2920d5d80be,wsdc_newsletter,2022-12-08,unknown,2022
day,2022-12-15,2022-12-global-grand-prix-swing-dance-championships,2022-12,listed,[],Global Grand Prix Swing Dance Championships 2022,slug-global-grand-prix-swing-dance-championships,snap_20260910T060711Z_64718517441b,scoringdance,2022-12-15,unknown,2022
day,2022-12-25,2022-12-shooba-dooba-swing,2022-12,held,"[""calendar"", ""registry""]",Shooba Dooba Swing,wsdc-290,snap_20260913T052753Z_9fefc779c3b2,wsdc_calendar,2022-12-23,registry,2022
day,2022-12-11,2022-12-swingtimate,2022-12,held,"[""calendar"", ""newsletter"", ""registry""]",Swingtimate,wsdc-213,snap_20260913T053414Z_e2920d5d80be,wsdc_newsletter,2022-12-09,registry,2022
day,2022-12-04,2022-12-the-after-party-tap,2022-12,held,"[""calendar"", ""newsletter"", ""registry""]",The After Party - TAP,wsdc-212,snap_20260913T053414Z_e2920d5d80be,wsdc_newsletter,2022-12-01,registry,2022
day,2022-12-04,2022-12-upstate-dance-challenge,2022-12,listed,"[""calendar"", ""newsletter""]",Upstate Dance Challenge,wsdc-265,snap_20260913T053414Z_e2920d5d80be,wsdc_newsletter,2022-12-02,registry,2022
day,2022-12-05,2022-12-winter-white-west-coast-swing,2022-12,held,"[""calendar"", ""newsletter"", ""registry""]",Winter White West Coast Swing,wsdc-238,snap_20260913T053414Z_e2920d5d80be,wsdc_newsletter,2022-12-01,registry,2022
day,2023-01-08,2023-01-avignon-city-swing,2023-01,held,"[""calendar"", ""newsletter"", ""registry""]",Avignon City Swing,wsdc-309,snap_20260913T053423Z_68c1360eb9f6,wsdc_newsletter,2023-01-06,registry,2023
day,2023-01-11,2023-01-budafest,2023-01,listed,[],Budafest 2023,slug-budafest,snap_20260910T060428Z_adf6f0c9888a,scoringdance,2023-01-11,unknown,2023
day,2023-01-15,2023-01-budafest-open-wcs-championships,2023-01,held,"[""calendar"", ""newsletter"", ""registry""]",BudaFest Open WCS Championships,wsdc-184,snap_20260913T053423Z_68c1360eb9f6,wsdc_newsletter,2023-01-11,registry,2023
month,,2023-01-countdown-swing-boston,2023-01,held,"[""registry""]",Countdown Swing Boston,wsdc-334,snap_20260912T084442Z_77da609123f5,wsdc_registry,,registry,2023
day,2023-01-08,2023-01-country-dance-world-championships,2023-01,held,"[""calendar"", ""registry""]",Country Dance World Championships,wsdc-75,snap_20260913T052753Z_9fefc779c3b2,wsdc_calendar,2023-01-01,registry,2023
day,2023-01-22,2023-01-derby-city-swing,2023-01,held,"[""calendar"", ""newsletter"", ""registry""]",Derby City Swing,wsdc-242,snap_20260913T053423Z_68c1360eb9f6,wsdc_newsletter,2023-01-19,registry,2023
day,2023-01-01,2023-01-floor-play-swing-vacation,2023-01,held,"[""calendar"", ""registry""]",Floor Play Swing Vacation,wsdc-42,snap_20260913T052753Z_9fefc779c3b2,wsdc_calendar,2022-12-29,registry,2023
day,2023-01-22,2023-01-freedom-swing-dance-challenge,2023-01,held,"[""calendar"", ""newsletter"", ""registry""]",Freedom Swing Dance Challenge,wsdc-183,snap_20260913T053423Z_68c1360eb9f6,wsdc_newsletter,2023-01-20,registry,2023
day,2023-01-16,2023-01-monterey-swing-fest,2023-01,held,"[""calendar"", ""newsletter"", ""registry""]",Monterey Swing Fest,wsdc-62,snap_20260913T053423Z_68c1360eb9f6,wsdc_newsletter,2023-01-11,registry,2023
day,2023-01-29,2023-01-municorn-swing,2023-01,listed,"[""calendar""]",Municorn Swing,wsdc-291,snap_20260913T052724Z_bb46247b2fe3,wsdc_calendar,2023-01-26,registry,2023
day,2023-01-23,2023-01-swing-resolution,2023-01,held,"[""calendar"", ""newsletter"", ""registry""]",Swing Resolution,wsdc-301,snap_20260913T053423Z_68c1360eb9f6,wsdc_newsletter,2023-01-20,registry,2023
day,2023-01-01,2023-01-swingcouver,2023-01,held,"[""calendar"", ""registry""]",SwingCouver,wsdc-196,snap_20260913T052753Z_9fefc779c3b2,wsdc_calendar,2022-12-29,registry,2023
day,2023-01-02,2023-01-swingvester,2023-01,held,"[""calendar"", ""newsletter"", ""registry""]",Swingvester,wsdc-289,snap_20260913T053414Z_e2920d5d80be,wsdc_newsletter,2022-12-29,registry,2023
day,2023-01-09,2023-01-westie-gala,2023-01,held,"[""calendar"",""newsletter"",""platform"",""registry""]",Westie Gala 2023,wsdc-240,snap_20260913T053423Z_68c1360eb9f6,wsdc_newsletter,2023-01-06,unknown,2023
day,2023-02-19,2023-02-capital-swing-dancers-president-s-day,2023-02,held,"[""calendar"", ""newsletter"", ""registry""]",Capital Swing Dancers' President's Day,wsdc-12,snap_20260913T053423Z_68c1360eb9f6,wsdc_newsletter,2023-02-16,registry,2023
day,2023-02-05,2023-02-charlotte-westiefest,2023-02,held,"[""calendar"", ""newsletter"", ""registry""]",Charlotte WestieFest,wsdc-273,snap_20260913T053423Z_68c1360eb9f6,wsdc_newsletter,2023-02-02,registry,2023
day,2023-02-05,2023-02-paris-swing-classic,2023-02,held,"[""calendar"", ""newsletter"", ""registry""]",Paris Swing Classic,wsdc-307,snap_20260913T053423Z_68c1360eb9f6,wsdc_newsletter,2023-02-03,registry,2023
day,2023-02-26,2023-02-rose-city-swing,2023-02,held,"[""calendar"", ""newsletter"", ""registry""]",Rose City Swing,wsdc-244,snap_20260913T053423Z_68c1360eb9f6,wsdc_newsletter,2023-02-23,registry,2023
day,2023-02-05,2023-02-swing-snow,2023-02,held,"[""calendar"", ""newsletter"", ""registry""]",Swing & Snow,wsdc-215,snap_20260913T053423Z_68c1360eb9f6,wsdc_newsletter,2023-02-02,registry,2023
day,2023-02-12,2023-02-swingtzerland,2023-02,listed,"[""calendar""]",Swingtzerland,wsdc-258,snap_20260913T052714Z_05fca591cbac,wsdc_calendar,2023-02-09,registry,2023
day,2023-02-19,2023-02-valentine-swing,2023-02,held,"[""calendar"",""newsletter"",""platform"",""registry""]",Valentine Swing 2023,wsdc-310,snap_20260913T053423Z_68c1360eb9f6,wsdc_newsletter,2023-02-17,unknown,2023
day,2023-02-12,2023-02-westeroz-swing,2023-02,held,"[""calendar"", ""newsletter"", ""registry""]",WesterOz Swing,wsdc-302,snap_20260913T053423Z_68c1360eb9f6,wsdc_newsletter,2023-02-10,registry,2023
day,2023-02-26,2023-02-winter-coast-swing,2023-02,held,"[""calendar"", ""newsletter"", ""registry""]",Winter Coast Swing,wsdc-297,snap_20260913T053423Z_68c1360eb9f6,wsdc_newsletter,2023-02-23,registry,2023
day,2023-03-27,2023-03-5280-westival,2023-03,held,"[""calendar"",""newsletter"",""platform"",""registry""]",5280 Westival 2023,wsdc-197,snap_20260913T053423Z_68c1360eb9f6,wsdc_newsletter,2023-03-23,unknown,2023
day,2023-03-19,2023-03-all-star-swingjam,2023-03,held,"[""calendar"", ""registry""]",All Star SwingJam,wsdc-318,snap_20260913T052804Z_e1e669041068,wsdc_calendar,2023-03-16,registry,2023
day,2023-03-19,2023-03-chicago-classic,2023-03,listed,"[""newsletter""]",Chicago Classic,wsdc-13,snap_20260913T053423Z_68c1360eb9f6,wsdc_newsletter,2023-03-16,registry,2023
day,2023-03-26,2023-03-dowcs,2023-03,held,"[""calendar"", ""newsletter"", ""registry""]",DOWCS,wsdc-275,snap_20260913T053423Z_68c1360eb9f6,wsdc_newsletter,2023-03-23,registry,2023
day,2023-03-23,2023-03-dutch-open,2023-03,listed,[],Dutch Open 2023,slug-dutch-open,snap_20260910T054148Z_d7e4d3f9ec1e,scoringdance,2023-03-23,unknown,2023
day,2023-03-12,2023-03-high-desert-dance-classic,2023-03,listed,"[""calendar""]",High Desert Dance Classic,wsdc-143,snap_20260913T052753Z_9fefc779c3b2,wsdc_calendar,2023-03-10,registry,2023
day,2023-03-19,2023-03-king-swing,2023-03,held,"[""calendar"", ""newsletter"", ""registry""]",King Swing,wsdc-292,snap_20260913T053423Z_68c1360eb9f6,wsdc_newsletter,2023-03-16,registry,2023
day,2023-03-06,2023-03-madjam-mid-atlantic-dance-jam,2023-03,held,"[""calendar"", ""newsletter"", ""registry""]",MADjam (Mid Atlantic Dance Jam),wsdc-92,snap_20260913T053423Z_68c1360eb9f6,wsdc_newsletter,2023-03-02,registry,2023
day,2023-03-26,2023-03-novice-invitational,2023-03,held,"[""calendar"", ""newsletter"", ""registry""]",Novice Invitational,wsdc-153,snap_20260913T053423Z_68c1360eb9f6,wsdc_newsletter,2023-03-24,registry,2023
day,2023-03-12,2023-03-swingvasion,2023-03,listed,"[""calendar"", ""newsletter""]",Swingvasion,wsdc-333,snap_20260913T053423Z_68c1360eb9f6,wsdc_newsletter,2023-03-10,registry,2023
day,2023-03-19,2023-03-the-chicago-classic,2023-03,held,"[""calendar"", ""registry""]",The Chicago Classic,wsdc-142,snap_20260913T052804Z_e1e669041068,wsdc_calendar,2023-03-16,registry,2023
day,2023-03-12,2023-03-west-in-lyon,2023-03,held,"[""calendar"", ""newsletter"", ""registry""]",West In Lyon,wsdc-186,snap_20260913T053423Z_68c1360eb9f6,wsdc_newsletter,2023-03-09,registry,2023
day,2023-03-12,2023-03-westie-spring-thing,2023-03,held,"[""calendar"",""newsletter"",""platform"",""registry""]",Westie Spring Thing 2023,wsdc-314,snap_20260913T053423Z_68c1360eb9f6,wsdc_newsletter,2023-03-10,unknown,2023
day,2023-04-23,2023-04-asia-wcs-open-anniversary,2023-04,held,"[""calendar"", ""newsletter"", ""registry""]",Asia WCS Open - 10th Anniversary,wsdc-218,snap_20260913T053450Z_ce3c79f4aa99,wsdc_newsletter,2023-04-20,registry,2023
day,2023-04-02,2023-04-bto-open,2023-04,held,"[""calendar"", ""newsletter"", ""registry""]",BTO Open,wsdc-324,snap_20260913T053423Z_68c1360eb9f6,wsdc_newsletter,2023-03-30,registry,2023
day,2023-04-23,2023-04-calgary-dance-stampede,2023-04,listed,"[""calendar"", ""newsletter""]",Calgary Dance Stampede,wsdc-116,snap_20260913T053450Z_ce3c79f4aa99,wsdc_newsletter,2023-04-20,registry,2023
day,2023-04-02,2023-04-city-of-angels-swing-event,2023-04,held,"[""calendar"", ""newsletter"", ""registry""]",City of Angels Swing Event,wsdc-187,snap_20260913T053423Z_68c1360eb9f6,wsdc_newsletter,2023-03-30,registry,2023
day,2023-04-23,2023-04-detonation-dance,2023-04,held,"[""calendar"",""newsletter"",""platform"",""registry""]",Detonation Dance 2023,wsdc-203,snap_20260913T053450Z_ce3c79f4aa99,wsdc_newsletter,2023-04-20,unknown,2023
day,2023-04-09,2023-04-easter-swing,2023-04,held,"[""calendar"", ""registry""]",Easter Swing,wsdc-18,snap_20260913T052824Z_0ea63567e442,wsdc_calendar,2023-04-06,registry,2023
day,2023-04-23,2023-04-honey-fest,2023-04,listed,"[""calendar"", ""newsletter""]",Honey Fest,wsdc-345,snap_20260913T053450Z_ce3c79f4aa99,wsdc_newsletter,2023-04-21,registry,2023
day,2023-04-16,2023-04-korean-open-wcs-championsips,2023-04,held,"[""calendar"", ""newsletter"", ""registry""]",Korean Open WCS Championsips,wsdc-210,snap_20260913T053450Z_ce3c79f4aa99,wsdc_newsletter,2023-04-14,registry,2023
day,2023-04-09,2023-04-san-diego-dance-festival,2023-04,listed,"[""calendar"", ""newsletter""]",San Diego Dance Festival,wsdc-217,snap_20260913T053450Z_ce3c79f4aa99,wsdc_newsletter,2023-04-06,registry,2023
day,2023-04-23,2023-04-swing-in-capital,2023-04,listed,"[""newsletter""]",Swing in capital**,wsdc-304,snap_20260913T053450Z_ce3c79f4aa99,wsdc_newsletter,2023-04-20,registry,2023
day,2023-04-21,2023-04-swingin-festival,2023-04,listed,"[""platform""]",SwingIn - Festival 2023,slug-swingin-festival,snap_20260910T061103Z_01c41931c645,scoringdance,2023-04-21,registry,2023
day,2023-04-16,2023-04-swingover,2023-04,held,"[""calendar"", ""newsletter"", ""registry""]",Swingover,wsdc-259,snap_20260913T053450Z_ce3c79f4aa99,wsdc_newsletter,2023-04-14,registry,2023
day,2023-04-09,2023-04-tulsa-spring-swing,2023-04,cancelled,"[""calendar""]",Tulsa Spring Swing (On Hiatus),wsdc-132,snap_20260913T052824Z_0ea63567e442,wsdc_calendar,2023-04-07,registry,2023
day,2023-04-16,2023-04-westy-nantes,2023-04,held,"[""calendar"", ""newsletter"", ""registry""]",WESTY NANTES,wsdc-293,snap_20260913T053450Z_ce3c79f4aa99,wsdc_newsletter,2023-04-14,registry,2023
day,2023-04-28,2023-04-nordic-wcs-championships,2023-05,held,[],Nordic WCS Championships 2023,wsdc-253,snap_20260910T063202Z_3c2a7ad6ddc1,scoringdance,2023-04-28,unknown,2023
day,2023-05-22,2023-05-canadian-swing-championships,2023-05,held,"[""calendar"", ""newsletter"", ""registry""]",Canadian Swing Championships,wsdc-105,snap_20260913T053450Z_ce3c79f4aa99,wsdc_newsletter,2023-05-19,registry,2023
day,2023-05-22,2023-05-french-open-west-coast-swing,2023-05,held,"[""calendar"", ""newsletter"", ""registry""]",French Open West Coast Swing,wsdc-175,snap_20260913T053450Z_ce3c79f4aa99,wsdc_newsletter,2023-05-18,registry,2023
day,2023-05-01,2023-05-go-west-swing-fest,2023-05,cancelled,"[""calendar""]",Go West Swing Fest (On Hiatus),wsdc-306,snap_20260913T052834Z_980218abecff,wsdc_calendar,2023-04-27,registry,2023
day,2023-05-01,2023-05-go-west-swingfest,2023-05,listed,"[""calendar""]",Go West Swingfest,wsdc-367,snap_20260913T052744Z_6206c331a747,wsdc_calendar,2023-04-27,registry,2023
day,2023-05-28,2023-05-show-me-showdown,2023-05,listed,"[""newsletter""]",Show-me showdown **,wsdc-221,snap_20260913T053450Z_ce3c79f4aa99,wsdc_newsletter,2023-05-25,registry,2023
day,2023-05-21,2023-05-soswing,2023-05,held,"[""calendar"", ""registry""]",SOswing,wsdc-205,snap_20260913T052844Z_b95ece79a3ac,wsdc_calendar,2023-05-18,registry,2023
day,2023-05-01,2023-05-swing-dance-america,2023-05,held,"[""calendar"", ""newsletter"", ""registry""]",Swing Dance America,wsdc-134,snap_20260913T053450Z_ce3c79f4aa99,wsdc_newsletter,2023-04-27,registry,2023
day,2023-05-14,2023-05-swingsation,2023-05,held,"[""calendar"", ""newsletter"", ""registry""]",Swingsation,wsdc-174,snap_20260913T053450Z_ce3c79f4aa99,wsdc_newsletter,2023-05-12,registry,2023
day,2023-05-14,2023-05-texas-classic,2023-05,held,"[""calendar"", ""newsletter"", ""registry""]",Texas Classic,wsdc-121,snap_20260913T053450Z_ce3c79f4aa99,wsdc_newsletter,2023-05-12,registry,2023
day,2023-05-14,2023-05-tlv-swingfest,2023-05,held,"[""calendar"",""newsletter"",""platform"",""registry""]",TLV Swingfest 2023,wsdc-311,snap_20260913T053450Z_ce3c79f4aa99,wsdc_newsletter,2023-05-12,unknown,2023
day,2023-05-29,2023-05-usa-grand-national-dance-championships,2023-05,held,"[""calendar"", ""registry""]",USA Grand National Dance Championships,wsdc-22,snap_20260913T052844Z_b95ece79a3ac,wsdc_calendar,2023-05-25,registry,2023
day,2023-06-19,2023-06-baltic-swing,2023-06,held,"[""calendar"",""newsletter"",""platform"",""registry""]",Baltic Swing 2023,wsdc-222,snap_20260913T053450Z_ce3c79f4aa99,wsdc_newsletter,2023-06-15,unknown,2023
day,2023-06-22,2023-06-d-town-swing,2023-06,listed,[],D-Town Swing 2023,slug-d-town-swing,snap_20260910T061052Z_1d9cc9ff9112,scoringdance,2023-06-22,unknown,2023
day,2023-06-26,2023-06-d-townswing,2023-06,held,"[""calendar"", ""newsletter"", ""platform"", ""registry""]",D-Townswing,wsdc-220,snap_20260913T053450Z_ce3c79f4aa99,wsdc_newsletter,2023-06-23,registry,2023
day,2023-06-11,2023-06-dance-n-play,2023-06,cancelled,"[""calendar""]",Dance N Play (On Hiatus),wsdc-207,snap_20260913T052844Z_b95ece79a3ac,wsdc_calendar,2023-06-08,registry,2023
day,2023-06-04,2023-06-hungarian-open,2023-06,held,"[""calendar"",""newsletter"",""platform"",""registry""]",Hungarian Open 2023,wsdc-206,snap_20260913T053450Z_ce3c79f4aa99,wsdc_newsletter,2023-06-02,unknown,2023
day,2023-06-12,2023-06-jack-jill-o-rama,2023-06,held,"[""calendar"",""newsletter"",""platform"",""registry""]",Jack&Jill O'Rama,wsdc-25,snap_20260913T053450Z_ce3c79f4aa99,wsdc_newsletter,2023-06-08,unknown,2023
day,2023-06-04,2023-06-michigan-dance-classic,2023-06,cancelled,"[""calendar""]",Michigan Dance Classic (On Hiatus),wsdc-76,snap_20260913T052844Z_b95ece79a3ac,wsdc_calendar,2023-06-01,registry,2023
day,2023-06-29,2023-06-neverlandswing,2023-06,listed,[],NeverlandSwing 2023,slug-neverlandswing,snap_20260910T060706Z_a6ebf661c0aa,scoringdance,2023-06-29,unknown,2023
day,2023-06-04,2023-06-orange-blossom-dance-festival,2023-06,held,"[""calendar"", ""newsletter"", ""registry""]",Orange Blossom Dance Festival,wsdc-117,snap_20260913T053450Z_ce3c79f4aa99,wsdc_newsletter,2023-06-01,registry,2023
day,2023-06-18,2023-06-swingapalooza,2023-06,held,"[""calendar"", ""newsletter"", ""registry""]",Swingapalooza,wsdc-162,snap_20260913T053450Z_ce3c79f4aa99,wsdc_newsletter,2023-06-16,registry,2023
day,2023-07-10,2023-07-americano-dance-camp,2023-07,held,"[""calendar"", ""registry""]",Americano Dance Camp,wsdc-278,snap_20260913T052844Z_b95ece79a3ac,wsdc_calendar,2023-07-06,registry,2023
day,2023-07-09,2023-07-big-apple-dance-festival,2023-07,held,"[""calendar"", ""registry""]",Big Apple Dance Festival,wsdc-156,snap_20260913T052844Z_b95ece79a3ac,wsdc_calendar,2023-07-06,registry,2023
day,2023-07-23,2023-07-dance-mardi-gras,2023-07,held,"[""calendar"", ""registry""]",Dance Mardi Gras,wsdc-148,snap_20260913T052844Z_b95ece79a3ac,wsdc_calendar,2023-07-20,registry,2023
day,2023-07-02,2023-07-indy-dance-explosion,2023-07,held,"[""calendar"", ""newsletter"", ""registry""]",Indy Dance Explosion,wsdc-255,snap_20260913T053450Z_ce3c79f4aa99,wsdc_newsletter,2023-06-29,registry,2023
month,,2023-07-liberty-swing-dance-championships,2023-07,held,"[""registry""]",Liberty Swing Dance Championships,wsdc-96,snap_20260912T090750Z_4c2e97867780,wsdc_registry,,registry,2023
day,2023-07-16,2023-07-midwest-westie-fest,2023-07,held,"[""calendar"", ""registry""]",Midwest Westie Fest,wsdc-224,snap_20260913T052844Z_b95ece79a3ac,wsdc_calendar,2023-07-13,registry,2023
day,2023-06-29,2023-07-neverland-swing,2023-07,held,"[""platform"", ""registry""]",Neverland Swing,wsdc-261,snap_20260910T060706Z_a6ebf661c0aa,scoringdance,2023-06-29,registry,2023
day,2023-07-23,2023-07-odyssey-west-coast-swing,2023-07,held,"[""calendar"", ""registry""]",Odyssey West Coast Swing,wsdc-303,snap_20260913T052844Z_b95ece79a3ac,wsdc_calendar,2023-07-21,registry,2023
day,2023-07-02,2023-07-phoenix-of-july,2023-07,held,"[""calendar"", ""newsletter"", ""registry""]",Phoenix 4th of July,wsdc-1,snap_20260913T053450Z_ce3c79f4aa99,wsdc_newsletter,2023-06-30,registry,2023
day,2023-07-16,2023-07-portland-dance-festival,2023-07,listed,"[""calendar""]",Portland Dance Festival,wsdc-44,snap_20260913T052834Z_980218abecff,wsdc_calendar,2023-07-13,registry,2023
day,2023-07-21,2023-07-rock-the-barn,2023-07,held,"[""calendar"",""platform"",""registry""]",Rock The Barn 2023,wsdc-256,snap_20260910T051214Z_6c3f97c9f44e,scoringdance,2023-07-21,unknown,2023
day,2023-07-23,2023-07-st-petersburg-wcs-nights,2023-07,held,"[""calendar"", ""registry""]",St.Petersburg WCS Nights,wsdc-280,snap_20260913T052844Z_b95ece79a3ac,wsdc_calendar,2023-07-20,registry,2023
month,,2023-07-swing-fiction,2023-07,held,"[""registry""]",Swing Fiction,wsdc-331,snap_20260912T090710Z_4503106f72da,wsdc_registry,,registry,2023
day,2023-07-16,2023-07-toronto-open-swing-and-hustle-championships,2023-07,held,"[""calendar"", ""registry""]",Toronto Open Swing and Hustle Championships,wsdc-147,snap_20260913T052844Z_b95ece79a3ac,wsdc_calendar,2023-07-13,registry,2023
day,2023-07-09,2023-07-wild-wild-westie,2023-07,held,"[""calendar"", ""registry""]",Wild Wild Westie,wsdc-225,snap_20260913T052844Z_b95ece79a3ac,wsdc_calendar,2023-07-06,registry,2023
day,2023-08-06,2023-08-arizona-dance-classic,2023-08,held,"[""calendar"", ""registry""]",Arizona Dance Classic ,wsdc-77,snap_20260913T052844Z_b95ece79a3ac,wsdc_calendar,2023-08-04,registry,2023
day,2023-08-31,2023-08-bavarian-open,2023-08,listed,[],Bavarian Open 2023,slug-bavarian-open,snap_20260910T060213Z_46c02e45a6ee,scoringdance,2023-08-31,unknown,2023
day,2023-08-13,2023-08-bristol-swing-fiesta,2023-08,listed,"[""calendar""]",Bristol Swing Fiesta,wsdc-339,snap_20260913T052844Z_b95ece79a3ac,wsdc_calendar,2023-08-11,trial,2023
day,2023-08-20,2023-08-chicagoland-dance-festival,2023-08,held,"[""calendar"", ""registry""]",Chicagoland Dance Festival,wsdc-119,snap_20260913T052844Z_b95ece79a3ac,wsdc_calendar,2023-08-18,registry,2023
day,2023-08-03,2023-08-german-open,2023-08,listed,[],German Open 2023,slug-german-open,snap_20260910T063558Z_f66acc3082ee,scoringdance,2023-08-03,unknown,2023
day,2023-08-03,2023-08-german-open-championships,2023-08,held,"[""calendar"", ""platform"", ""registry""]",German Open Championships,wsdc-282,snap_20260910T063558Z_f66acc3082ee,scoringdance,2023-08-03,registry,2023
month,,2023-08-kazan-el-fest,2023-08,held,"[""registry""]",Kazan EL Fest,wsdc-279,snap_20260912T091541Z_d5b4f4cc6534,wsdc_registry,,registry,2023
day,2023-08-13,2023-08-lonestar-invitational,2023-08,held,"[""calendar"", ""registry""]",LoneStar Invitational,wsdc-120,snap_20260913T052844Z_b95ece79a3ac,wsdc_calendar,2023-08-11,registry,2023
month,,2023-08-new-england-dance-festival,2023-08,held,"[""registry""]",New England Dance Festival,wsdc-157,snap_20260912T091938Z_39155a02f992,wsdc_registry,,registry,2023
day,2023-08-06,2023-08-sea-sun-swing-camp,2023-08,held,"[""calendar"", ""registry""]",Sea Sun & Swing Camp,wsdc-164,snap_20260913T052844Z_b95ece79a3ac,wsdc_calendar,2023-08-03,registry,2023
day,2023-08-27,2023-08-shakedown-swing,2023-08,held,"[""calendar"", ""registry""]",Shakedown Swing,wsdc-298,snap_20260913T052844Z_b95ece79a3ac,wsdc_calendar,2023-08-25,registry,2023
day,2023-08-27,2023-08-summer-hummer,2023-08,listed,"[""calendar""]",Summer Hummer,wsdc-53,snap_20260913T052844Z_b95ece79a3ac,wsdc_calendar,2023-08-24,registry,2023
day,2023-08-14,2023-08-swing-fling,2023-08,held,"[""calendar"", ""registry""]",Swing Fling,wsdc-59,snap_20260913T052844Z_b95ece79a3ac,wsdc_calendar,2023-08-10,registry,2023
day,2023-08-06,2023-08-swingtacular-the-galactic-open,2023-08,held,"[""calendar"", ""registry""]",Swingtacular: The Galactic Open 2023,wsdc-227,snap_20260913T052844Z_b95ece79a3ac,wsdc_calendar,2023-08-03,registry,2023
day,2023-08-21,2023-08-swingtime-denver,2023-08,held,"[""calendar"", ""registry""]",SwingTime Denver,wsdc-47,snap_20260913T052844Z_b95ece79a3ac,wsdc_calendar,2023-08-17,registry,2023
day,2023-08-11,2023-08-uptown-swing,2023-08,held,"[""calendar"",""platform"",""registry""]",UpTown Swing 2023,wsdc-264,snap_20260910T063328Z_c80578616023,scoringdance,2023-08-11,unknown,2023
day,2023-08-31,2023-09-bavarian-open-west-coast-swing-championships,2023-09,held,"[""platform"", ""registry""]",Bavarian Open West Coast Swing Championships,wsdc-233,snap_20260910T060213Z_46c02e45a6ee,scoringdance,2023-08-31,registry,2023
day,2023-09-18,2023-09-best-of-the-best,2023-09,held,"[""calendar"", ""newsletter"", ""registry""]",Best of the Best,wsdc-167,snap_20260913T053454Z_10de9e3a897e,wsdc_newsletter,2023-09-14,registry,2023
day,2023-09-24,2023-09-bridgetown-swing,2023-09,held,"[""calendar"", ""newsletter"", ""registry""]",BridgeTown Swing,wsdc-10,snap_20260913T053454Z_10de9e3a897e,wsdc_newsletter,2023-09-21,registry,2023
day,2023-09-22,2023-09-cologne-swing-weekend,2023-09,listed,[],Cologne Swing Weekend 2023,slug-cologne-swing-weekend,snap_20260910T061258Z_1482ab8d7818,scoringdance,2023-09-22,unknown,2023
day,2023-09-04,2023-09-desert-city-swing,2023-09,held,"[""calendar"", ""registry""]",Desert City Swing,wsdc-135,snap_20260913T052844Z_b95ece79a3ac,wsdc_calendar,2023-08-31,registry,2023
day,2023-09-25,2023-09-finnfest,2023-09,held,"[""calendar"",""newsletter"",""platform"",""registry""]",Finnfest 2023,wsdc-254,snap_20260913T053454Z_10de9e3a897e,wsdc_newsletter,2023-09-22,unknown,2023
day,2023-09-29,2023-09-german-open-bachata-championship,2023-09,listed,[],German Open Bachata Championship 2023,slug-german-open-bachata-championship,snap_20260910T063438Z_4cba004a445c,scoringdance,2023-09-29,unknown,2023
day,2023-09-24,2023-09-korea-westival,2023-09,held,"[""calendar"", ""newsletter"", ""registry""]",Korea Westival,wsdc-268,snap_20260913T053454Z_10de9e3a897e,wsdc_newsletter,2023-09-22,registry,2023
day,2023-09-25,2023-09-meet-me-in-st-louis-swing-dance-championships,2023-09,held,"[""calendar"", ""newsletter"", ""registry""]",Meet Me in St Louis Swing Dance Championships,wsdc-131,snap_20260913T053454Z_10de9e3a897e,wsdc_newsletter,2023-09-21,registry,2023
day,2023-09-24,2023-09-midland-swing-open,2023-09,held,"[""calendar"",""newsletter"",""platform"",""registry""]",Midland Swing Open 2023,wsdc-165,snap_20260913T053454Z_10de9e3a897e,wsdc_newsletter,2023-09-21,unknown,2023
day,2023-09-17,2023-09-philly-swing-classic,2023-09,cancelled,"[""calendar""]",Philly Swing Classic (On Hiatus),wsdc-234,snap_20260913T052844Z_b95ece79a3ac,wsdc_calendar,2023-09-15,registry,2023
day,2023-09-03,2023-09-river-city-swing,2023-09,held,"[""calendar"", ""registry""]",River City Swing,wsdc-177,snap_20260913T052844Z_b95ece79a3ac,wsdc_calendar,2023-08-31,registry,2023
day,2023-09-04,2023-09-rolling-swing,2023-09,held,"[""calendar"", ""registry""]",Rolling Swing,wsdc-313,snap_20260913T052844Z_b95ece79a3ac,wsdc_calendar,2023-08-31,registry,2023
day,2023-09-04,2023-09-south-bay-dance-fling,2023-09,held,"[""calendar"", ""registry""]",South Bay Dance Fling,wsdc-48,snap_20260913T052844Z_b95ece79a3ac,wsdc_calendar,2023-08-31,registry,2023
day,2023-09-10,2023-09-trilogy-swing,2023-09,held,"[""calendar"", ""newsletter"", ""registry""]",Trilogy Swing,wsdc-231,snap_20260913T053454Z_10de9e3a897e,wsdc_newsletter,2023-09-07,registry,2023
day,2023-10-01,2023-10-atlanta-swing-classic,2023-10,held,"[""calendar"", ""newsletter"", ""registry""]",Atlanta Swing Classic,wsdc-211,snap_20260913T053454Z_10de9e3a897e,wsdc_newsletter,2023-09-28,registry,2023
day,2023-10-20,2023-10-augsburg-westie-station,2023-10,listed,"[""platform""]",Augsburg Westie Station 2023,slug-augsburg-westie-station,snap_20260910T053801Z_d4bb2036386e,scoringdance,2023-10-20,registry,2023
day,2023-10-08,2023-10-boogie-by-the-bay,2023-10,held,"[""calendar"", ""newsletter"", ""registry""]",Boogie By The Bay,wsdc-8,snap_20260913T053454Z_10de9e3a897e,wsdc_newsletter,2023-10-05,registry,2023
day,2023-10-29,2023-10-halloween-swingthing,2023-10,held,"[""calendar"", ""newsletter"", ""registry""]",Halloween Swingthing,wsdc-65,snap_20260913T053454Z_10de9e3a897e,wsdc_newsletter,2023-10-26,registry,2023
day,2023-10-22,2023-10-milan-modern-swing,2023-10,held,"[""calendar"",""newsletter"",""platform"",""registry""]",Milan Modern Swing 2023,wsdc-322,snap_20260913T053454Z_10de9e3a897e,wsdc_newsletter,2023-10-19,unknown,2023
day,2023-10-22,2023-10-montreal-westie-fest,2023-10,held,"[""calendar"", ""newsletter"", ""registry""]",Montreal Westie Fest,wsdc-178,snap_20260913T053454Z_10de9e3a897e,wsdc_newsletter,2023-10-19,registry,2023
day,2023-10-15,2023-10-new-zealand-open,2023-10,held,"[""calendar"", ""newsletter"", ""registry""]",New Zealand Open,wsdc-179,snap_20260913T053454Z_10de9e3a897e,wsdc_newsletter,2023-10-13,registry,2023
day,2023-10-22,2023-10-paradise-dance-festival,2023-10,held,"[""calendar"", ""newsletter"", ""registry""]",Paradise Dance Festival,wsdc-43,snap_20260913T053454Z_10de9e3a897e,wsdc_newsletter,2023-10-19,registry,2023
month,,2023-10-simply-adelaide-west-coast-swing,2023-10,held,"[""registry""]",Simply Adelaide West Coast Swing 2023,wsdc-330,snap_20260912T092754Z_4de2cb3c1bc8,wsdc_registry,,registry,2023
day,2023-10-29,2023-10-spooky-westie-weekend,2023-10,listed,"[""calendar"", ""newsletter""]",Spooky Westie Weekend,wsdc-340,snap_20260913T053454Z_10de9e3a897e,wsdc_newsletter,2023-10-27,registry,2023
day,2023-10-29,2023-10-swing-city-chicago,2023-10,held,"[""calendar"", ""newsletter"", ""registry""]",Swing City Chicago,wsdc-125,snap_20260913T053454Z_10de9e3a897e,wsdc_newsletter,2023-10-26,registry,2023
day,2023-10-29,2023-10-swingside-invitational,2023-10,listed,"[""newsletter""]",Swingside Invitational,wsdc-346,snap_20260913T053454Z_10de9e3a897e,wsdc_newsletter,2023-10-27,registry,2023
day,2023-10-22,2023-10-swustlicious,2023-10,held,"[""calendar"", ""newsletter"", ""registry""]",Swustlicious,wsdc-267,snap_20260913T053454Z_10de9e3a897e,wsdc_newsletter,2023-10-20,registry,2023
day,2023-10-29,2023-10-warsaw-halloween-swing,2023-10,held,"[""calendar"",""newsletter"",""platform"",""registry""]",Warsaw Halloween Swing 2023,wsdc-236,snap_20260913T053454Z_10de9e3a897e,wsdc_newsletter,2023-10-26,unknown,2023
day,2023-10-15,2023-10-wcs-festival,2023-10,held,"[""calendar"", ""newsletter"", ""registry""]",WCS Festival,wsdc-286,snap_20260913T053454Z_10de9e3a897e,wsdc_newsletter,2023-10-12,registry,2023
day,2023-10-12,2023-10-wcs-festival-dusseldorf,2023-10,listed,[],WCS Festival Düsseldorf 2023,slug-wcs-festival-dusseldorf,snap_20260910T061238Z_465e82ec2fb3,scoringdance,2023-10-12,unknown,2023
month,,2023-11-autumn-swing-challenge,2023-11,held,"[""registry""]",Autumn Swing Challenge,wsdc-269,snap_20260912T093132Z_ffaa1e85ab8f,wsdc_registry,,registry,2023
day,2023-11-26,2023-11-c-a-s-h-bash,2023-11,held,"[""calendar"", ""registry""]",C.A.S.H. Bash,wsdc-87,snap_20260913T052844Z_b95ece79a3ac,wsdc_calendar,2023-11-23,registry,2023
day,2023-11-19,2023-11-dc-swing-experience-dcsx,2023-11,held,"[""calendar"", ""registry""]",DC Swing eXperience  (DCSX),wsdc-181,snap_20260913T052844Z_b95ece79a3ac,wsdc_calendar,2023-11-16,registry,2023
day,2023-11-19,2023-11-london-swingvitational,2023-11,cancelled,"[""calendar""]",London SWINGvitational (On Hiatus),wsdc-166,snap_20260913T052844Z_b95ece79a3ac,wsdc_calendar,2023-11-16,registry,2023
day,2023-11-05,2023-11-midnight-madness,2023-11,held,"[""calendar"", ""registry""]",Midnight Madness,wsdc-288,snap_20260913T052844Z_b95ece79a3ac,wsdc_calendar,2023-11-03,registry,2023
day,2023-11-06,2023-11-moscow-westie-fest,2023-11,held,"[""calendar"", ""registry""]",Moscow Westie Fest,wsdc-194,snap_20260913T052844Z_b95ece79a3ac,wsdc_calendar,2023-11-03,registry,2023
day,2023-11-05,2023-11-mountain-magic-dance-convention,2023-11,held,"[""calendar"", ""registry""]",Mountain Magic Dance Convention,wsdc-31,snap_20260913T052844Z_b95ece79a3ac,wsdc_calendar,2023-11-02,registry,2023
day,2023-11-02,2023-11-scandinavian-open-wcs-snow,2023-11,held,"[""calendar"",""platform"",""registry""]",Scandinavian Open WCS 2023 [SNOW 2023],wsdc-229,snap_20260910T054158Z_aabe2868ef9d,scoringdance,2023-11-02,unknown,2023
day,2023-11-12,2023-11-sea-to-sky-seattle-wcs,2023-11,held,"[""calendar"", ""registry""]",Sea to Sky Seattle WCS,wsdc-79,snap_20260913T052844Z_b95ece79a3ac,wsdc_calendar,2023-11-09,registry,2023
day,2023-11-05,2023-11-tampa-bay-classic,2023-11,held,"[""calendar"", ""registry""]",Tampa Bay Classic,wsdc-137,snap_20260913T052844Z_b95ece79a3ac,wsdc_calendar,2023-11-03,registry,2023
day,2023-11-26,2023-11-us-open-swing-dance-championships,2023-11,held,"[""calendar"", ""registry""]",US Open Swing Dance Championships,wsdc-68,snap_20260913T052844Z_b95ece79a3ac,wsdc_calendar,2023-11-22,registry,2023
month,,2023-11-westie-pink-city,2023-11,held,"[""registry""]",Westie Pink City,wsdc-312,snap_20260912T093106Z_bc6f0e74b1b5,wsdc_registry,,registry,2023
day,2023-11-20,2023-11-westie-s-angels,2023-11,held,"[""calendar"", ""registry""]",Westie's Angels,wsdc-270,snap_20260913T052844Z_b95ece79a3ac,wsdc_calendar,2023-11-16,registry,2023
day,2023-11-12,2023-11-westies-on-the-water,2023-11,held,"[""calendar"", ""registry""]",Westies on the Water,wsdc-323,snap_20260913T052844Z_b95ece79a3ac,wsdc_calendar,2023-11-09,registry,2023
day,2023-11-30,2023-11-winter-white,2023-11,listed,[],Winter White 2023,slug-winter-white,snap_20260910T054053Z_8ee414218c26,scoringdance,2023-11-30,unknown,2023
day,2023-12-07,2023-12-berlin-swing-revolution,2023-12,held,"[""platform"",""registry""]",Berlin Swing Revolution 2023,wsdc-271,snap_20260910T053529Z_dfeea57c183b,scoringdance,2023-12-07,unknown,2023
day,2023-12-14,2023-12-global-grand-prix-swing-dance-championships,2023-12,listed,[],Global Grand Prix Swing Dance Championships 2023,slug-global-grand-prix-swing-dance-championships,snap_20260910T051239Z_40b8b674b294,scoringdance,2023-12-14,unknown,2023
day,2023-12-17,2023-12-global-grand-prix-west-coast-swing-reunion,2023-12,held,"[""calendar"", ""registry""]",Global Grand Prix - West Coast Swing Reunion,wsdc-342,snap_20260913T052844Z_b95ece79a3ac,wsdc_calendar,2023-12-15,registry,2023
day,2023-12-08,2023-12-munich-bachata-fest,2023-12,listed,[],Munich Bachata Fest 2023,slug-munich-bachata-fest,snap_20260910T061112Z_795d91204e10,scoringdance,2023-12-08,unknown,2023
month,,2023-12-shooba-dooba-swing,2023-12,held,"[""registry""]",Shooba Dooba Swing,wsdc-290,snap_20260912T093340Z_d3a9d9699b90,wsdc_registry,,registry,2023
day,2023-12-28,2023-12-swingcouver-24,2023-12,listed,[],SwingCouver 2023/24,slug-swingcouver-24,snap_20260910T054338Z_6d3193dbd1ad,scoringdance,2023-12-28,unknown,2023
month,,2023-12-the-after-party-tap,2023-12,held,"[""registry""]",The After Party “TAP”,wsdc-212,snap_20260912T093348Z_177239e35cd3,wsdc_registry,,registry,2023
day,2023-11-30,2023-12-winter-white-wcs,2023-12,held,"[""platform"", ""registry""]",Winter White WCS,wsdc-238,snap_20260910T054053Z_8ee414218c26,scoringdance,2023-11-30,registry,2023
day,2023-12-28,2023-12-westie-gala,2024-01,held,"[""platform"",""registry""]",Westie Gala 2023/2024,wsdc-240,snap_20260910T053951Z_0dae074d5b40,scoringdance,2023-12-28,unknown,2023
day,2024-01-14,2024-01-austin-swing-dance-championships-asdc,2024-01,held,"[""newsletter"", ""registry""]",Austin Swing Dance Championships (ASDC),wsdc-200,snap_20260913T053435Z_ed5072b4dea1,wsdc_newsletter,2024-01-11,registry,2024
day,2024-01-14,2024-01-avignon-city-swing,2024-01,held,"[""calendar"", ""newsletter"", ""registry""]",Avignon City Swing,wsdc-309,snap_20260913T053435Z_ed5072b4dea1,wsdc_newsletter,2024-01-12,registry,2024
day,2024-01-03,2024-01-budafest,2024-01,listed,[],Budafest 2024,slug-budafest,snap_20260910T044304Z_cdfe8460c06d,scoringdance,2024-01-03,unknown,2024
day,2024-01-07,2024-01-budafest-open-wcs-championships,2024-01,held,"[""calendar"", ""newsletter"", ""registry""]",BudaFest Open WCS Championships,wsdc-184,snap_20260913T053435Z_ed5072b4dea1,wsdc_newsletter,2024-01-03,registry,2024
month,,2024-01-countdown-swing-boston,2024-01,held,"[""registry""]",Countdown Swing Boston ,wsdc-334,snap_20260912T093511Z_2b87b6e24d57,wsdc_registry,,registry,2024
day,2024-01-21,2024-01-derby-city-swing,2024-01,held,"[""calendar"", ""newsletter"", ""registry""]",Derby City Swing,wsdc-242,snap_20260913T053435Z_ed5072b4dea1,wsdc_newsletter,2024-01-18,registry,2024
day,2024-01-01,2024-01-floor-play-swing-vacation,2024-01,held,"[""calendar"", ""registry""]",Floor Play Swing Vacation ,wsdc-42,snap_20260913T052844Z_b95ece79a3ac,wsdc_calendar,2023-12-28,registry,2024
day,2024-01-21,2024-01-freedom-swing-dance-challenge,2024-01,held,"[""calendar"", ""newsletter"", ""registry""]",Freedom Swing Dance Challenge,wsdc-183,snap_20260913T053435Z_ed5072b4dea1,wsdc_newsletter,2024-01-19,registry,2024
day,2024-01-15,2024-01-monterey-swing-fest,2024-01,held,"[""calendar"", ""newsletter"", ""registry""]",Monterey Swing Fest 2024,wsdc-62,snap_20260913T053435Z_ed5072b4dea1,wsdc_newsletter,2024-01-10,registry,2024
day,2024-01-28,2024-01-municorn-swing,2024-01,cancelled,"[""calendar""]",Municorn Swing (On Hiatus),wsdc-291,snap_20260913T055220Z_d77aed35c78d,wsdc_calendar,2024-01-25,registry,2024
day,2024-01-01,2024-01-spotlight-new-year-s-celebration,2024-01,held,"[""calendar"", ""registry""]",Spotlight New Year's Celebration,wsdc-141,snap_20260913T052844Z_b95ece79a3ac,wsdc_calendar,2023-12-28,registry,2024
day,2024-01-29,2024-01-swing-resolution,2024-01,held,"[""calendar"",""newsletter"",""platform"",""registry""]",Swing Resolution 2024,wsdc-301,snap_20260913T053435Z_ed5072b4dea1,wsdc_newsletter,2024-01-26,unknown,2024
day,2024-01-01,2024-01-swingcouver,2024-01,held,"[""calendar"", ""registry""]",SwingCouver ,wsdc-196,snap_20260913T052844Z_b95ece79a3ac,wsdc_calendar,2023-12-28,registry,2024
day,2024-01-02,2024-01-swingvester,2024-01,held,"[""calendar"", ""registry""]",SwingVester,wsdc-289,snap_20260913T052844Z_b95ece79a3ac,wsdc_calendar,2023-12-28,registry,2024
day,2024-01-21,2024-01-the-australian-classic-west-coast-swing-dance-championships-trial-event,2024-01,listed,"[""calendar""]",The Australian Classic West Coast Swing Dance Championships (Trial Event),wsdc-381,snap_20260913T055220Z_d77aed35c78d,wsdc_calendar,2024-01-19,trial,2024
day,2024-01-07,2024-01-ucwdc-country-dance-world-championships,2024-01,held,"[""newsletter"", ""registry""]",UCWDC Country Dance World Championships,wsdc-75,snap_20260913T053435Z_ed5072b4dea1,wsdc_newsletter,2023-12-31,registry,2024
day,2024-02-25,2024-02-arousa-westie-fest,2024-02,listed,"[""newsletter""]",Arousa Westie Fest,wsdc-344,snap_20260913T053435Z_ed5072b4dea1,wsdc_newsletter,2024-02-23,registry,2024
day,2024-02-18,2024-02-capital-swing-convention,2024-02,held,"[""calendar"", ""registry""]",Capital Swing Convention,wsdc-12,snap_20260913T055220Z_d77aed35c78d,wsdc_calendar,2024-02-15,registry,2024
day,2024-02-04,2024-02-charlotte-westiefest,2024-02,held,"[""calendar"", ""newsletter"", ""registry""]",Charlotte WestieFest,wsdc-273,snap_20260913T053435Z_ed5072b4dea1,wsdc_newsletter,2024-02-01,registry,2024
day,2024-02-18,2024-02-euro-dance-festival,2024-02,listed,"[""calendar"",""newsletter"",""platform""]",Euro Dance Festival 2024,slug-euro-dance-festival,snap_20260913T053435Z_ed5072b4dea1,wsdc_newsletter,2024-02-13,registry,2024
day,2024-02-01,2024-02-paris-swing-classic,2024-02,held,"[""calendar"",""platform"",""registry""]",Paris Swing Classic 2024,wsdc-307,snap_20260910T054109Z_7a1914f38284,scoringdance,2024-02-01,unknown,2024
day,2024-02-25,2024-02-rose-city-swing,2024-02,held,"[""calendar"", ""newsletter"", ""registry""]",Rose City Swing,wsdc-244,snap_20260913T053435Z_ed5072b4dea1,wsdc_newsletter,2024-02-22,registry,2024
day,2024-02-18,2024-02-swing-crush,2024-02,listed,"[""newsletter""]",Swing Crush,wsdc-343,snap_20260913T053435Z_ed5072b4dea1,wsdc_newsletter,2024-02-16,registry,2024
day,2024-02-04,2024-02-swing-snow,2024-02,held,"[""calendar"", ""newsletter"", ""registry""]",Swing & Snow,wsdc-215,snap_20260913T053435Z_ed5072b4dea1,wsdc_newsletter,2024-02-01,registry,2024
day,2024-02-11,2024-02-swingtzerland,2024-02,held,"[""calendar"", ""newsletter"", ""registry""]",Swingtzerland,wsdc-258,snap_20260913T053435Z_ed5072b4dea1,wsdc_newsletter,2024-02-08,registry,2024
day,2024-02-18,2024-02-valentine-swing,2024-02,held,"[""calendar"",""newsletter"",""platform"",""registry""]",Valentine Swing 2024,wsdc-310,snap_20260913T053435Z_ed5072b4dea1,wsdc_newsletter,2024-02-15,unknown,2024
day,2024-02-12,2024-02-westeroz-swing,2024-02,cancelled,"[""calendar""]",WesterOz Swing (On Hiatus),wsdc-302,snap_20260913T055220Z_d77aed35c78d,wsdc_calendar,2024-02-09,registry,2024
day,2024-02-25,2024-02-winter-coast-swing,2024-02,held,"[""calendar"", ""newsletter"", ""registry""]",Winter Coast Swing,wsdc-297,snap_20260913T053435Z_ed5072b4dea1,wsdc_newsletter,2024-02-22,registry,2024
day,2024-03-25,2024-03-5280-westival,2024-03,held,"[""calendar"",""newsletter"",""platform"",""registry""]",5280 Westival 2024,wsdc-197,snap_20260913T053435Z_ed5072b4dea1,wsdc_newsletter,2024-03-21,unknown,2024
day,2024-03-17,2024-03-all-star-swingjam,2024-03,held,"[""calendar"", ""registry""]",All Star SwingJam,wsdc-318,snap_20260913T055241Z_d374c58b5248,wsdc_calendar,2024-03-14,registry,2024
day,2024-03-17,2024-03-anchor-festival,2024-03,cancelled,"[""calendar""]",Anchor Festival (On Hiatus),wsdc-276,snap_20260913T055241Z_d374c58b5248,wsdc_calendar,2024-03-14,registry,2024
day,2024-03-31,2024-03-bto-open,2024-03,held,"[""calendar"", ""registry""]",BTO Open,wsdc-324,snap_20260913T055241Z_d374c58b5248,wsdc_calendar,2024-03-28,registry,2024
day,2024-03-10,2024-03-high-desert-dance-classic,2024-03,held,"[""calendar"", ""newsletter"", ""registry""]",High Desert Dance Classic,wsdc-143,snap_20260913T053435Z_ed5072b4dea1,wsdc_newsletter,2024-03-08,registry,2024
day,2024-03-25,2024-03-king-swing,2024-03,held,"[""calendar"", ""newsletter"", ""registry""]",King Swing,wsdc-292,snap_20260913T053435Z_ed5072b4dea1,wsdc_newsletter,2024-03-21,registry,2024
day,2024-03-03,2024-03-madjam-mid-atlantic-dance-jam,2024-03,held,"[""calendar"", ""registry""]",MADjam (Mid Atlantic Dance Jam),wsdc-92,snap_20260913T055220Z_d77aed35c78d,wsdc_calendar,2024-02-29,registry,2024
day,2024-03-24,2024-03-novice-invitational,2024-03,held,"[""calendar"", ""newsletter"", ""registry""]",Novice Invitational,wsdc-153,snap_20260913T053435Z_ed5072b4dea1,wsdc_newsletter,2024-03-22,registry,2024
day,2024-03-24,2024-03-san-diego-dance-festival,2024-03,held,"[""calendar"", ""newsletter"", ""registry""]",San Diego Dance Festival,wsdc-217,snap_20260913T053435Z_ed5072b4dea1,wsdc_newsletter,2024-03-21,registry,2024
day,2024-03-11,2024-03-swing-escape,2024-03,listed,"[""newsletter""]",Swing Escape,wsdc-246,snap_20260913T053435Z_ed5072b4dea1,wsdc_newsletter,2024-03-08,registry,2024
day,2024-03-03,2024-03-swingvasion,2024-03,held,"[""calendar"", ""newsletter"", ""registry""]",Swingvasion,wsdc-333,snap_20260913T053435Z_ed5072b4dea1,wsdc_newsletter,2024-03-01,registry,2024
day,2024-03-25,2024-03-the-boston-tea-party,2024-03,held,"[""calendar"", ""newsletter"", ""registry""]",The Boston Tea Party,wsdc-9,snap_20260913T053435Z_ed5072b4dea1,wsdc_newsletter,2024-03-21,registry,2024
day,2024-03-17,2024-03-the-chicago-classic,2024-03,held,"[""calendar"", ""registry""]",The Chicago Classic,wsdc-142,snap_20260913T055241Z_d374c58b5248,wsdc_calendar,2024-03-14,registry,2024
day,2024-03-31,2024-03-tulsa-spring-swing,2024-03,held,"[""calendar"", ""newsletter"", ""registry""]",Tulsa Spring Swing,wsdc-132,snap_20260913T053435Z_ed5072b4dea1,wsdc_newsletter,2024-03-29,registry,2024
day,2024-03-10,2024-03-west-in-lyon,2024-03,held,"[""calendar"",""newsletter"",""platform"",""registry""]",West in Lyon 2024,wsdc-186,snap_20260913T053435Z_ed5072b4dea1,wsdc_newsletter,2024-03-07,unknown,2024
day,2024-03-17,2024-03-westie-spring-thing,2024-03,held,"[""calendar"",""newsletter"",""platform"",""registry""]",Westie Spring Thing 2024,wsdc-314,snap_20260913T053435Z_ed5072b4dea1,wsdc_newsletter,2024-03-14,unknown,2024
day,2024-04-21,2024-04-asia-wcs-open,2024-04,held,"[""calendar"", ""registry""]",Asia WCS Open XI,wsdc-218,snap_20260913T055241Z_d374c58b5248,wsdc_calendar,2024-04-18,registry,2024
day,2024-04-14,2024-04-calgary-dance-stampede,2024-04,held,"[""calendar"", ""registry""]",Calgary Dance Stampede,wsdc-116,snap_20260913T055241Z_d374c58b5248,wsdc_calendar,2024-04-11,registry,2024
day,2024-04-11,2024-04-city-of-angels-swing,2024-04,listed,[],City of Angels Swing 2024,slug-city-of-angels-swing,snap_20260910T060403Z_ad66431dc25c,scoringdance,2024-04-11,unknown,2024
day,2024-04-14,2024-04-city-of-angels-swing-event,2024-04,held,"[""calendar"", ""registry""]",City of Angels Swing Event,wsdc-187,snap_20260913T055241Z_d374c58b5248,wsdc_calendar,2024-04-11,registry,2024
day,2024-04-18,2024-04-detonation-dance,2024-04,held,"[""calendar"",""platform"",""registry""]",Detonation Dance 2024,wsdc-203,snap_20260910T061203Z_c3a24c229ba8,scoringdance,2024-04-18,unknown,2024
day,2024-04-04,2024-04-dutch-open,2024-04,listed,[],Dutch Open 2024,slug-dutch-open,snap_20260910T053751Z_c459d8f2a31f,scoringdance,2024-04-04,unknown,2024
day,2024-04-07,2024-04-dutch-open-west-coast-swing,2024-04,held,"[""calendar"", ""registry""]",Dutch Open West Coast Swing 2024,wsdc-275,snap_20260913T055241Z_d374c58b5248,wsdc_calendar,2024-04-04,registry,2024
day,2024-04-01,2024-04-easter-swing,2024-04,held,"[""calendar"", ""newsletter"", ""registry""]",Easter Swing,wsdc-18,snap_20260913T053435Z_ed5072b4dea1,wsdc_newsletter,2024-03-28,registry,2024
day,2024-04-21,2024-04-honey-fest,2024-04,held,"[""calendar"", ""registry""]",HONEY FEST,wsdc-345,snap_20260913T055241Z_d374c58b5248,wsdc_calendar,2024-04-18,registry,2024
day,2024-04-14,2024-04-korean-open-wcs-championsips,2024-04,held,"[""calendar"", ""registry""]",Korean Open WCS Championsips,wsdc-210,snap_20260913T055241Z_d374c58b5248,wsdc_calendar,2024-04-12,registry,2024
day,2024-04-25,2024-04-nordic-wcs-championships,2024-04,held,"[""platform"",""registry""]",Nordic WCS Championships 2024,wsdc-253,snap_20260910T063548Z_1c61a22a3348,scoringdance,2024-04-25,unknown,2024
day,2024-04-19,2024-04-slovenian-open,2024-04,listed,"[""platform""]",Slovenian Open 2024,slug-slovenian-open,snap_20260910T060611Z_1c31ec1c9d21,scoringdance,2024-04-19,registry,2024
day,2024-04-26,2024-04-som-swing-of-music,2024-04,listed,"[""calendar"",""platform""]",SOM - Swing Of Music 2024,slug-som-swing-of-music,snap_20260910T060912Z_71d522f582ae,scoringdance,2024-04-26,registry,2024
day,2024-04-21,2024-04-swing-in-capital,2024-04,cancelled,"[""calendar""]",Swing in Capital (On Hiatus),wsdc-304,snap_20260913T055241Z_d374c58b5248,wsdc_calendar,2024-04-18,registry,2024
day,2024-04-05,2024-04-swingin-festival,2024-04,listed,"[""platform""]",SwingIn - Festival 2024,slug-swingin-festival,snap_20260910T054203Z_e38544dbf3c2,scoringdance,2024-04-05,registry,2024
day,2024-04-21,2024-04-swingover,2024-04,held,"[""calendar"", ""registry""]",Swingover,wsdc-259,snap_20260913T055241Z_d374c58b5248,wsdc_calendar,2024-04-18,registry,2024
day,2024-04-13,2024-04-westy-nantes,2024-04,held,"[""calendar"", ""registry""]",Westy Nantes,wsdc-293,snap_20260913T055241Z_d374c58b5248,wsdc_calendar,2024-04-11,registry,2024
day,2024-05-20,2024-05-canadian-swing-championships,2024-05,held,"[""calendar"", ""registry""]",Canadian Swing Championships,wsdc-105,snap_20260913T055241Z_d374c58b5248,wsdc_calendar,2024-05-17,registry,2024
day,2024-05-08,2024-05-french-open,2024-05,listed,[],French Open 2024,slug-french-open,snap_20260910T063613Z_05dde9093ae9,scoringdance,2024-05-08,unknown,2024
day,2024-05-13,2024-05-french-open-wcs,2024-05,held,"[""calendar"", ""registry""]",French Open WCS,wsdc-175,snap_20260913T055241Z_d374c58b5248,wsdc_calendar,2024-05-08,registry,2024
month,,2024-05-show-me-showdown,2024-05,held,"[""registry""]",Show Me Showdown,wsdc-221,snap_20260912T100126Z_8d1263548dc0,wsdc_registry,,registry,2024
day,2024-05-19,2024-05-soswing,2024-05,held,"[""calendar"", ""registry""]",SOswing,wsdc-205,snap_20260913T055241Z_d374c58b5248,wsdc_calendar,2024-05-16,registry,2024
day,2024-05-16,2024-05-soswing-convention,2024-05,listed,[],SOswing Convention 2024,slug-soswing-convention,snap_20260910T053621Z_8249c7aa0b85,scoringdance,2024-05-16,unknown,2024
day,2024-05-02,2024-05-spring-time-swing,2024-05,listed,"[""platform""]",Spring Time Swing 2024,slug-spring-time-swing,snap_20260910T060807Z_8f3f25bf7139,scoringdance,2024-05-02,registry,2024
day,2024-05-06,2024-05-swing-dance-america-sda,2024-05,held,"[""calendar"", ""registry""]",Swing Dance America (SDA),wsdc-134,snap_20260913T055241Z_d374c58b5248,wsdc_calendar,2024-05-02,registry,2024
month,,2024-05-swingin-into-spring,2024-05,held,"[""registry""]",Swingin' Into Spring,wsdc-144,snap_20260912T095904Z_bc7a46f0f481,wsdc_registry,,registry,2024
day,2024-05-12,2024-05-swingsation,2024-05,held,"[""calendar"", ""registry""]",Swingsation 2024,wsdc-174,snap_20260913T055241Z_d374c58b5248,wsdc_calendar,2024-05-10,registry,2024
day,2024-05-19,2024-05-texas-classic,2024-05,held,"[""calendar"", ""registry""]",Texas Classic,wsdc-121,snap_20260913T055241Z_d374c58b5248,wsdc_calendar,2024-05-17,registry,2024
day,2024-05-27,2024-05-usa-grand-nationals-dance-championship,2024-05,held,"[""calendar"", ""registry""]",USA Grand Nationals Dance Championship,wsdc-22,snap_20260913T055241Z_d374c58b5248,wsdc_calendar,2024-05-23,registry,2024
day,2024-05-31,2024-05-hungarian-open,2024-06,held,[],Hungarian Open 2024,wsdc-206,snap_20260910T053553Z_ed11dc780b5c,scoringdance,2024-05-31,unknown,2024
day,2024-06-21,2024-06-bachata-sensual-congress-germany,2024-06,listed,[],Bachata Sensual Congress Germany 2024,slug-bachata-sensual-congress-germany,snap_20260910T053626Z_d7d5eba9551c,scoringdance,2024-06-21,unknown,2024
day,2024-06-10,2024-06-baltic-swing,2024-06,held,"[""calendar"",""newsletter"",""platform"",""registry""]",Baltic Swing 2024,wsdc-222,snap_20260913T053443Z_bf5de4bbd205,wsdc_newsletter,2024-06-06,unknown,2024
day,2024-06-23,2024-06-colorado-country-classic,2024-06,held,"[""calendar"", ""newsletter"", ""registry""]",Colorado Country Classic,wsdc-109,snap_20260913T053443Z_bf5de4bbd205,wsdc_newsletter,2024-06-20,registry,2024
day,2024-06-13,2024-06-d-town-swing,2024-06,listed,[],D-Town Swing 2024,slug-d-town-swing,snap_20260910T063713Z_320b71fefc22,scoringdance,2024-06-13,unknown,2024
day,2024-06-16,2024-06-d-townswing,2024-06,held,"[""calendar"", ""newsletter"", ""platform"", ""registry""]",D-TOWNSWING,wsdc-220,snap_20260913T053443Z_bf5de4bbd205,wsdc_newsletter,2024-06-14,registry,2024
day,2024-06-16,2024-06-dance-n-play,2024-06,held,"[""calendar"",""newsletter"",""platform"",""registry""]",Dance N Play 2024,wsdc-207,snap_20260913T053443Z_bf5de4bbd205,wsdc_newsletter,2024-06-13,unknown,2024
day,2024-06-08,2024-06-disco-america,2024-06,listed,[],Disco America,slug-disco-america,snap_20260909T150512Z_694f97493af0,eepro,2024-06-05,unknown,2024
day,2024-06-30,2024-06-indy-dance-explosion,2024-06,listed,"[""newsletter""]",Indy Dance Explosion,wsdc-255,snap_20260913T053443Z_bf5de4bbd205,wsdc_newsletter,2024-06-27,registry,2024
day,2024-06-10,2024-06-jack-jill-o-rama,2024-06,held,"[""calendar"", ""newsletter"", ""registry""]",Jack & Jill O'Rama,wsdc-25,snap_20260913T053443Z_bf5de4bbd205,wsdc_newsletter,2024-06-06,registry,2024
day,2024-06-30,2024-06-liberty-swing-dance-championships,2024-06,held,"[""calendar"", ""registry""]",Liberty Swing Dance Championships,wsdc-96,snap_20260913T055241Z_d374c58b5248,wsdc_calendar,2024-06-27,registry,2024
day,2024-06-02,2024-06-michigan-classic,2024-06,held,"[""calendar"", ""newsletter"", ""registry""]",Michigan Classic,wsdc-76,snap_20260913T053443Z_bf5de4bbd205,wsdc_newsletter,2024-05-30,registry,2024
day,2024-06-09,2024-06-orange-blossom-dance-festival,2024-06,held,"[""calendar"", ""newsletter"", ""registry""]",Orange Blossom Dance Festival,wsdc-117,snap_20260913T053443Z_bf5de4bbd205,wsdc_newsletter,2024-06-06,registry,2024
month,,2024-06-swing-fiction,2024-06,held,"[""registry""]",Swing Fiction 2024,wsdc-331,snap_20260912T100810Z_4b2b44b93ec0,wsdc_registry,,registry,2024
day,2024-06-23,2024-06-swingapalooza,2024-06,held,"[""calendar"", ""newsletter"", ""registry""]",SWINGAPALOOZA,wsdc-162,snap_20260913T053443Z_bf5de4bbd205,wsdc_newsletter,2024-06-21,registry,2024
day,2024-06-27,2024-06-neverlandswing,2024-07,held,[],NeverlandSwing 2024,wsdc-261,snap_20260910T060631Z_96126bec46c9,scoringdance,2024-06-27,unknown,2024
day,2024-07-08,2024-07-americano-dance-camp,2024-07,held,"[""calendar"", ""newsletter"", ""registry""]",Americano Dance camp,wsdc-278,snap_20260913T053443Z_bf5de4bbd205,wsdc_newsletter,2024-07-04,registry,2024
day,2024-07-25,2024-07-bend-connection,2024-07,listed,[],Bend Connection 2024,slug-bend-connection,snap_20260910T060252Z_4622b3db71a8,scoringdance,2024-07-25,unknown,2024
day,2024-07-14,2024-07-big-apple-dance-festival,2024-07,held,"[""calendar"", ""newsletter"", ""registry""]",Big Apple Dance Festival,wsdc-156,snap_20260913T053443Z_bf5de4bbd205,wsdc_newsletter,2024-07-11,registry,2024
day,2024-07-28,2024-07-dance-mardi-gras,2024-07,held,"[""calendar"", ""newsletter"", ""registry""]",Dance Mardi Gras,wsdc-148,snap_20260913T053443Z_bf5de4bbd205,wsdc_newsletter,2024-07-25,registry,2024
day,2024-07-29,2024-07-florida-dance-magic-unconfirmed,2024-07,held,"[""calendar"", ""registry""]",Florida Dance Magic (Unconfirmed),wsdc-149,snap_20260913T055241Z_d374c58b5248,wsdc_calendar,2024-07-25,registry,2024
day,2024-07-21,2024-07-midwest-westie-fest,2024-07,held,"[""calendar"", ""newsletter"", ""registry""]",Midwest Westie Fest,wsdc-224,snap_20260913T053443Z_bf5de4bbd205,wsdc_newsletter,2024-07-18,registry,2024
day,2024-07-14,2024-07-odyssey-west-coast-swing,2024-07,held,"[""newsletter"", ""registry""]",Odyssey West Coast Swing,wsdc-303,snap_20260913T053443Z_bf5de4bbd205,wsdc_newsletter,2024-07-11,registry,2024
day,2024-07-07,2024-07-phoenix-of-july,2024-07,held,"[""calendar"", ""newsletter"", ""registry""]",Phoenix 4th of July,wsdc-1,snap_20260913T053443Z_bf5de4bbd205,wsdc_newsletter,2024-07-04,registry,2024
day,2024-07-29,2024-07-riga-summer-swing,2024-07,held,"[""calendar"", ""newsletter"", ""registry""]",Riga Summer Swing,wsdc-263,snap_20260913T053443Z_bf5de4bbd205,wsdc_newsletter,2024-07-25,registry,2024
day,2024-07-21,2024-07-rock-the-barn,2024-07,held,"[""calendar"",""newsletter"",""platform"",""registry""]",Rock The Barn 2024,wsdc-256,snap_20260913T053443Z_bf5de4bbd205,wsdc_newsletter,2024-07-18,unknown,2024
day,2024-07-14,2024-07-saunaswing,2024-07,listed,"[""newsletter"",""platform""]",SaunaSwing 2024,slug-saunaswing,snap_20260913T053443Z_bf5de4bbd205,wsdc_newsletter,2024-07-12,registry,2024
day,2024-07-21,2024-07-st-petersburg-wcs-nights,2024-07,held,"[""calendar"", ""newsletter"", ""registry""]",St.Petersburg WCS Nights,wsdc-280,snap_20260913T053443Z_bf5de4bbd205,wsdc_newsletter,2024-07-18,registry,2024
day,2024-07-28,2024-07-the-bend-connection,2024-07,listed,"[""calendar"", ""newsletter""]",The Bend Connection,wsdc-356,snap_20260913T053443Z_bf5de4bbd205,wsdc_newsletter,2024-07-25,registry,2024
day,2024-07-14,2024-07-toronto-open-swing-and-hustle-championships,2024-07,held,"[""newsletter"", ""registry""]",Toronto Open Swing and Hustle Championships,wsdc-147,snap_20260913T053443Z_bf5de4bbd205,wsdc_newsletter,2024-07-11,registry,2024
day,2024-07-07,2024-07-wild-wild-westie,2024-07,held,"[""calendar"", ""newsletter"", ""registry""]",Wild Wild Westie,wsdc-225,snap_20260913T053443Z_bf5de4bbd205,wsdc_newsletter,2024-07-04,registry,2024
day,2024-07-27,2024-07-sea-sun-swing-camp,2024-08,held,[],Sea Sun & Swing Camp 2024,wsdc-164,snap_20260910T063403Z_618b5d6607d8,scoringdance,2024-07-27,unknown,2024
day,2024-08-04,2024-08-arizona-dance-classic,2024-08,held,"[""newsletter"", ""registry""]",Arizona Dance Classic,wsdc-77,snap_20260913T053443Z_bf5de4bbd205,wsdc_newsletter,2024-08-01,registry,2024
day,2024-08-11,2024-08-bristol-swing-fiesta,2024-08,held,"[""calendar"",""newsletter"",""platform"",""registry""]",Bristol Swing Fiesta,wsdc-339,snap_20260913T053443Z_bf5de4bbd205,wsdc_newsletter,2024-08-09,unknown,2024
day,2024-08-18,2024-08-chicagoland-country-and-swing-dance-festival,2024-08,held,"[""calendar"", ""registry""]",Chicagoland Country and Swing Dance Festival,wsdc-119,snap_20260913T055241Z_d374c58b5248,wsdc_calendar,2024-08-16,registry,2024
day,2024-08-18,2024-08-chicagoland-country-swing-dance-festival,2024-08,listed,"[""newsletter""]",Chicagoland Country & Swing Dance Festival,wsdc-99,snap_20260913T053443Z_bf5de4bbd205,wsdc_newsletter,2024-08-16,registry,2024
day,2024-08-01,2024-08-german-open,2024-08,listed,[],German Open 2024,slug-german-open,snap_20260910T051229Z_fba0a1124301,scoringdance,2024-08-01,unknown,2024
day,2024-08-11,2024-08-lonestar-invitational,2024-08,held,"[""newsletter"", ""registry""]",Lonestar Invitational,wsdc-120,snap_20260913T053443Z_bf5de4bbd205,wsdc_newsletter,2024-08-08,registry,2024
day,2024-08-04,2024-08-new-england-dance-festival,2024-08,held,"[""calendar"", ""newsletter"", ""registry""]",New England Dance Festival,wsdc-157,snap_20260913T053443Z_bf5de4bbd205,wsdc_newsletter,2024-08-01,registry,2024
day,2024-08-25,2024-08-shakedown-swing,2024-08,held,"[""calendar"", ""newsletter"", ""registry""]",Shakedown Swing,wsdc-298,snap_20260913T053443Z_bf5de4bbd205,wsdc_newsletter,2024-08-23,registry,2024
day,2024-08-25,2024-08-summer-hummer,2024-08,held,"[""calendar"", ""registry""]",Summer Hummer,wsdc-53,snap_20260913T055241Z_d374c58b5248,wsdc_calendar,2024-08-22,registry,2024
day,2024-08-12,2024-08-swing-fling,2024-08,held,"[""calendar"", ""newsletter"", ""registry""]",Swing Fling 2024,wsdc-59,snap_20260913T053443Z_bf5de4bbd205,wsdc_newsletter,2024-08-08,registry,2024
day,2024-08-04,2024-08-swingtacular-the-galactic-open,2024-08,held,"[""calendar"", ""newsletter"", ""registry""]",Swingtacular: The Galactic Open,wsdc-227,snap_20260913T053443Z_bf5de4bbd205,wsdc_newsletter,2024-08-01,registry,2024
day,2024-08-18,2024-08-swingtime-denver,2024-08,held,"[""newsletter"",""platform"",""registry""]",SwingTime Denver 2024,wsdc-47,snap_20260913T053443Z_bf5de4bbd205,wsdc_newsletter,2024-08-15,unknown,2024
day,2024-08-04,2024-08-the-german-open-wcs-championships,2024-08,held,"[""calendar"", ""newsletter"", ""platform"", ""registry""]",The German Open WCS Championships,wsdc-282,snap_20260913T053443Z_bf5de4bbd205,wsdc_newsletter,2024-08-01,registry,2024
day,2024-08-12,2024-08-uptown-swing,2024-08,held,"[""newsletter"",""platform"",""registry""]",UpTown Swing 2024,wsdc-264,snap_20260913T053443Z_bf5de4bbd205,wsdc_newsletter,2024-08-09,unknown,2024
day,2024-08-24,2024-08-wcs-magyar-kupa,2024-08,listed,[],WCS Magyar Kupa,slug-wcs-magyar-kupa,snap_20260910T063152Z_c3c4d4813187,scoringdance,2024-08-24,unknown,2024
day,2024-08-29,2024-08-rolling-swing,2024-09,held,[],Rolling Swing 2024,wsdc-313,snap_20260910T061227Z_84c3902fb64d,scoringdance,2024-08-29,unknown,2024
day,2024-09-25,2024-09-aloha-open,2024-09,listed,[],Aloha Open 2024,slug-aloha-open,snap_20260910T061248Z_d6c553e499ac,scoringdance,2024-09-25,unknown,2024
day,2024-09-29,2024-09-austin-rocks,2024-09,held,"[""calendar"", ""newsletter"", ""registry""]",Austin Rocks 2024 ,wsdc-300,snap_20260913T053443Z_bf5de4bbd205,wsdc_newsletter,2024-09-27,registry,2024
day,2024-09-12,2024-09-bavarian-open,2024-09,listed,[],Bavarian Open 2024,slug-bavarian-open,snap_20260910T060854Z_89270d18f2f0,scoringdance,2024-09-12,unknown,2024
day,2024-09-12,2024-09-bavarian-open-west-coast-swing-championships,2024-09,held,"[""calendar"", ""platform"", ""registry""]",Bavarian Open West Coast Swing Championships,wsdc-233,snap_20260910T060854Z_89270d18f2f0,scoringdance,2024-09-12,registry,2024
day,2024-09-15,2024-09-best-of-the-best-wcs,2024-09,held,"[""calendar"", ""newsletter"", ""registry""]",Best of the Best WCS,wsdc-167,snap_20260913T053443Z_bf5de4bbd205,wsdc_newsletter,2024-09-12,registry,2024
day,2024-09-06,2024-09-bindaas-bachata-festival,2024-09,listed,[],BINDAAS Bachata Festival 2024,slug-bindaas-bachata-festival,snap_20260910T053906Z_f342697aa8e1,scoringdance,2024-09-06,unknown,2024
day,2024-09-02,2024-09-desert-city-swing,2024-09,held,"[""calendar"", ""newsletter"", ""registry""]",Desert City Swing,wsdc-135,snap_20260913T053443Z_bf5de4bbd205,wsdc_newsletter,2024-08-29,registry,2024
day,2024-09-23,2024-09-finnfest,2024-09,held,"[""calendar"",""newsletter"",""platform"",""registry""]",Finnfest 2024,wsdc-254,snap_20260913T053443Z_bf5de4bbd205,wsdc_newsletter,2024-09-20,unknown,2024
day,2024-09-02,2024-09-jax-westie-fest,2024-09,held,"[""calendar"", ""newsletter"", ""registry""]",Jax Westie Fest,wsdc-177,snap_20260913T053443Z_bf5de4bbd205,wsdc_newsletter,2024-08-29,registry,2024
day,2024-09-29,2024-09-korea-westival,2024-09,held,"[""calendar"", ""newsletter"", ""registry""]",Korea Westival,wsdc-268,snap_20260913T053443Z_bf5de4bbd205,wsdc_newsletter,2024-09-26,registry,2024
day,2024-09-22,2024-09-meet-me-in-st-louis-swing-dance-championships,2024-09,held,"[""calendar"", ""newsletter"", ""registry""]",Meet Me in St Louis Swing Dance Championships,wsdc-131,snap_20260913T053443Z_bf5de4bbd205,wsdc_newsletter,2024-09-19,registry,2024
day,2024-09-26,2024-09-midland-swing-open,2024-09,held,"[""platform"",""registry""]",Midland Swing Open 2024,wsdc-165,snap_20260910T053256Z_ccaf3e33ec76,scoringdance,2024-09-26,unknown,2024
day,2024-09-30,2024-09-mooseland-swing,2024-09,listed,"[""calendar"",""newsletter"",""platform""]",Mooseland Swing 2024,slug-mooseland-swing,snap_20260913T053443Z_bf5de4bbd205,wsdc_newsletter,2024-09-27,registry,2024
day,2024-09-15,2024-09-philly-swing-dance-classic,2024-09,held,"[""calendar"", ""newsletter"", ""registry""]",Philly Swing Dance Classic,wsdc-234,snap_20260913T053443Z_bf5de4bbd205,wsdc_newsletter,2024-09-13,registry,2024
day,2024-09-23,2024-09-retaliation-swing,2024-09,listed,"[""newsletter"",""platform""]",Retaliation Swing 2024,slug-retaliation-swing,snap_20260913T053443Z_bf5de4bbd205,wsdc_newsletter,2024-09-19,registry,2024
day,2024-09-08,2024-09-sea-dance-fest,2024-09,held,"[""calendar"", ""registry""]",Sea Dance Fest,wsdc-338,snap_20260913T055309Z_e2e9db9abb1c,wsdc_calendar,2024-09-01,registry,2024
day,2024-09-02,2024-09-south-bay-dance-fling,2024-09,held,"[""calendar"", ""newsletter"", ""registry""]",South Bay Dance Fling,wsdc-48,snap_20260913T053443Z_bf5de4bbd205,wsdc_newsletter,2024-08-29,registry,2024
day,2024-09-29,2024-09-the-aloha-open,2024-09,listed,"[""calendar"", ""newsletter""]",The Aloha Open,wsdc-355,snap_20260913T053443Z_bf5de4bbd205,wsdc_newsletter,2024-09-25,registry,2024
day,2024-09-08,2024-09-trilogy-swing,2024-09,held,"[""calendar"", ""newsletter"", ""registry""]",Trilogy Swing,wsdc-231,snap_20260913T053443Z_bf5de4bbd205,wsdc_newsletter,2024-09-05,registry,2024
day,2024-09-30,2024-09-wcs-party,2024-09,listed,"[""calendar"", ""newsletter""]",WCS Party,wsdc-357,snap_20260913T053443Z_bf5de4bbd205,wsdc_newsletter,2024-09-27,registry,2024
day,2024-09-26,2024-09-wcsparty,2024-09,listed,[],WCSParty 2024,slug-wcsparty,snap_20260910T063312Z_403f2774cce8,scoringdance,2024-09-26,unknown,2024
day,2024-10-06,2024-10-atlanta-swing-classic,2024-10,held,"[""calendar"", ""registry""]",Atlanta Swing Classic,wsdc-211,snap_20260913T055339Z_5308cf7b884e,wsdc_calendar,2024-10-03,registry,2024
day,2024-10-17,2024-10-augsburg-westie-station,2024-10,held,"[""calendar"",""platform"",""registry""]",Augsburg Westie Station 2024,wsdc-350,snap_20260910T060302Z_f03c0c1cca2c,scoringdance,2024-10-17,unknown,2024
day,2024-10-18,2024-10-bachata-explosion,2024-10,listed,[],Bachata Explosion 2024,slug-bachata-explosion,snap_20260910T053716Z_9ffcab169ee9,scoringdance,2024-10-18,unknown,2024
day,2024-10-10,2024-10-boogie-by-the-bay,2024-10,held,"[""calendar"",""platform"",""registry""]",Boogie by the Bay 2024,wsdc-8,snap_20260910T063618Z_5254a1d52c8b,scoringdance,2024-10-10,unknown,2024
day,2024-10-03,2024-10-german-open-championship,2024-10,listed,[],German Open Championship 2024,slug-german-open-championship,snap_20260910T060957Z_7fcf35900758,scoringdance,2024-10-03,unknown,2024
day,2024-10-13,2024-10-go-west-swingfest,2024-10,held,"[""calendar"", ""registry""]",Go West Swingfest,wsdc-367,snap_20260913T055353Z_2f7c24378244,wsdc_calendar,2024-10-11,registry,2024
day,2024-10-25,2024-10-halloween-swingthing,2024-10,held,"[""calendar"",""platform"",""registry""]",Halloween SwingThing 2024,wsdc-65,snap_20260910T060638Z_04a17358af71,scoringdance,2024-10-25,unknown,2024
day,2024-10-17,2024-10-milan-modern-swing,2024-10,held,"[""calendar"",""platform"",""registry""]",Milan Modern Swing 2024,wsdc-322,snap_20260910T063603Z_c39b9ae14442,scoringdance,2024-10-17,unknown,2024
day,2024-10-14,2024-10-montreal-westie-fest,2024-10,held,"[""calendar"", ""registry""]",Montreal Westie Fest,wsdc-178,snap_20260913T055353Z_2f7c24378244,wsdc_calendar,2024-10-10,registry,2024
month,,2024-10-paradise-dance-festival,2024-10,held,"[""registry""]",Paradise Dance Festival,wsdc-43,snap_20260912T103004Z_472ba200ee01,wsdc_registry,,registry,2024
day,2024-10-27,2024-10-swing-city-chicago,2024-10,held,"[""calendar"", ""registry""]",Swing City Chicago,wsdc-125,snap_20260913T055353Z_2f7c24378244,wsdc_calendar,2024-10-24,registry,2024
day,2024-10-25,2024-10-swingside-invitational,2024-10,held,"[""calendar"",""platform"",""registry""]",Swingside Invitational 2024,wsdc-346,snap_20260910T060202Z_e1cad5b95711,scoringdance,2024-10-25,unknown,2024
day,2024-10-20,2024-10-swustlicious,2024-10,held,"[""calendar"", ""registry""]",Swustlicious,wsdc-267,snap_20260913T055353Z_2f7c24378244,wsdc_calendar,2024-10-18,registry,2024
day,2024-10-24,2024-10-warsaw-halloween-swing,2024-10,held,"[""calendar"",""platform"",""registry""]",Warsaw Halloween Swing 2024,wsdc-236,snap_20260910T061057Z_187ec6f090d5,scoringdance,2024-10-24,unknown,2024
day,2024-10-13,2024-10-wcs-festival,2024-10,held,"[""calendar"", ""registry""]",WCS Festival,wsdc-286,snap_20260913T055353Z_2f7c24378244,wsdc_calendar,2024-10-11,registry,2024
day,2024-10-10,2024-10-wcs-festival-dusseldorf,2024-10,listed,[],WCS Festival Düsseldorf 2024,slug-wcs-festival-dusseldorf,snap_20260910T051349Z_6b741148c10d,scoringdance,2024-10-10,unknown,2024
day,2024-10-31,2024-10-scandinavian-open-wcs-snow,2024-11,held,[],Scandinavian Open WCS 2024 [SNOW 2024],wsdc-229,snap_20260910T053459Z_b7cf8e8503e7,scoringdance,2024-10-31,unknown,2024
day,2024-10-31,2024-10-westie-s-angels,2024-11,held,[],Westie's Angels 2024,wsdc-270,snap_20260910T051234Z_61d3bc15c681,scoringdance,2024-10-31,unknown,2024
day,2024-11-11,2024-11-autumn-swing-challenge,2024-11,held,"[""calendar"", ""registry""]",Autumn Swing Challenge,wsdc-269,snap_20260913T055353Z_2f7c24378244,wsdc_calendar,2024-11-08,registry,2024
day,2024-11-17,2024-11-dc-swing-experience-dcsx,2024-11,held,"[""calendar"", ""registry""]",DC Swing eXperience (DCSX),wsdc-181,snap_20260913T055353Z_2f7c24378244,wsdc_calendar,2024-11-14,registry,2024
day,2024-11-08,2024-11-flowstate,2024-11,listed,[],Flowstate,slug-flowstate,snap_20260910T051329Z_e69cfe7b5d3d,scoringdance,2024-11-08,unknown,2024
day,2024-11-03,2024-11-midnight-madness-swing,2024-11,held,"[""calendar"", ""registry""]",Midnight Madness Swing,wsdc-288,snap_20260913T055353Z_2f7c24378244,wsdc_calendar,2024-11-01,registry,2024
day,2024-11-03,2024-11-mountain-magic-dance-convention,2024-11,held,"[""calendar"", ""registry""]",Mountain Magic Dance Convention,wsdc-31,snap_20260913T055353Z_2f7c24378244,wsdc_calendar,2024-10-31,registry,2024
day,2024-11-10,2024-11-new-zealand-open,2024-11,held,"[""calendar"", ""registry""]",New Zealand Open,wsdc-179,snap_20260913T055353Z_2f7c24378244,wsdc_calendar,2024-11-07,registry,2024
day,2024-11-15,2024-11-pure-bachata-winter-festival,2024-11,listed,[],Pure Bachata Winter Festival 2024,slug-pure-bachata-winter-festival,snap_20260910T053359Z_5fdf844ca712,scoringdance,2024-11-15,unknown,2024
day,2024-11-03,2024-11-rocket-city-swing,2024-11,held,"[""calendar"", ""registry""]",Rocket City Swing,wsdc-323,snap_20260913T055353Z_2f7c24378244,wsdc_calendar,2024-10-31,registry,2024
day,2024-11-07,2024-11-sea-to-sky,2024-11,listed,[],Sea to Sky 2024,slug-sea-to-sky,snap_20260910T054328Z_6f05c8d3f055,scoringdance,2024-11-07,unknown,2024
day,2024-11-07,2024-11-sea-to-sky-seattle,2024-11,held,"[""calendar"", ""platform"", ""registry""]",Sea to Sky Seattle,wsdc-79,snap_20260910T054328Z_6f05c8d3f055,scoringdance,2024-11-07,registry,2024
month,,2024-11-simply-adelaide-west-coast-swing,2024-11,held,"[""registry""]",Simply Adelaide West Coast Swing 2024,wsdc-330,snap_20260912T103539Z_a898c18fc4d0,wsdc_registry,,registry,2024
day,2024-11-03,2024-11-spooky-westie-weekend,2024-11,held,"[""calendar"", ""registry""]",Spooky Westie Weekend,wsdc-340,snap_20260913T055353Z_2f7c24378244,wsdc_calendar,2024-11-01,registry,2024
day,2024-11-01,2024-11-stockholm-sensusal-festival,2024-11,listed,[],Stockholm Sensusal Festival 2024,slug-stockholm-sensusal-festival,snap_20260910T063252Z_4c9af20a8edc,scoringdance,2024-11-01,unknown,2024
day,2024-11-10,2024-11-tampa-bay-classic,2024-11,listed,"[""calendar""]",Tampa Bay Classic,wsdc-137,snap_20260913T055353Z_2f7c24378244,wsdc_calendar,2024-11-08,registry,2024
day,2024-11-08,2024-11-westie-pink-city,2024-11,held,"[""calendar"",""platform"",""registry""]",Westie Pink City 2024,wsdc-312,snap_20260910T063658Z_b29a9851bbfd,scoringdance,2024-11-08,unknown,2024
day,2024-12-12,2024-12-berlin-swing-revolution,2024-12,held,"[""calendar"",""platform"",""registry""]",Berlin Swing Revolution 2024,wsdc-271,snap_20260910T063343Z_ea6a4a94ba28,scoringdance,2024-12-12,unknown,2024
day,2024-12-01,2024-12-cash-bash,2024-12,held,"[""calendar"", ""registry""]",CASH Bash,wsdc-87,snap_20260913T055353Z_2f7c24378244,wsdc_calendar,2024-11-28,registry,2024
day,2024-12-06,2024-12-copenhagen-bachata-congress,2024-12,listed,[],Copenhagen Bachata Congress 2024,slug-copenhagen-bachata-congress,snap_20260910T053211Z_415eedc2f263,scoringdance,2024-12-06,unknown,2024
day,2024-12-13,2024-12-global-grand-prix-swing-dance-championships,2024-12,listed,[],Global Grand Prix Swing Dance Championships 2024,slug-global-grand-prix-swing-dance-championships,snap_20260910T060328Z_4ec026e6b66d,scoringdance,2024-12-13,unknown,2024
day,2024-12-16,2024-12-global-grand-prix-west-coast-swing,2024-12,held,"[""calendar"", ""registry""]",Global Grand Prix - West Coast Swing,wsdc-342,snap_20260913T055411Z_037bc2fb7478,wsdc_calendar,2024-12-13,registry,2024
day,2024-12-27,2024-12-pure-bachata-role-rotation-weekend-cologne,2024-12,listed,[],Pure Bachata - Role Rotation Weekend Cologne 2024,slug-pure-bachata-role-rotation-weekend-cologne,snap_20260910T060109Z_3bfbf7722d67,scoringdance,2024-12-27,unknown,2024
day,2024-12-09,2024-12-shooba-dooba-swing,2024-12,held,"[""calendar"", ""registry""]",Shooba Dooba Swing,wsdc-290,snap_20260913T055402Z_7d4968c3ecb5,wsdc_calendar,2024-12-06,registry,2024
day,2024-12-27,2024-12-swingvester-25,2024-12,listed,[],SwingVester 2024/25,slug-swingvester-25,snap_20260910T060537Z_dce754010b45,scoringdance,2024-12-27,unknown,2024
day,2024-12-08,2024-12-the-after-party-tap,2024-12,held,"[""calendar"", ""registry""]","The After Party - ""TAP""",wsdc-212,snap_20260913T055402Z_7d4968c3ecb5,wsdc_calendar,2024-12-05,registry,2024
month,,2024-12-the-open-world-swing-dance-championships,2024-12,held,"[""registry""]",The Open World Swing Dance Championships,wsdc-68,snap_20260912T103942Z_ae33f526e5c0,wsdc_registry,,registry,2024
day,2024-12-05,2024-12-winter-white,2024-12,listed,[],Winter White 2024,slug-winter-white,snap_20260910T060621Z_08f288cabcb4,scoringdance,2024-12-05,unknown,2024
day,2024-12-05,2024-12-winter-white-wcs,2024-12,held,"[""calendar"", ""platform"", ""registry""]",Winter White WCS,wsdc-238,snap_20260910T060621Z_08f288cabcb4,scoringdance,2024-12-05,registry,2024
day,2024-12-28,2024-12-westie-gala,2025-01,held,[],Westie Gala 2024/2025,wsdc-240,snap_20260910T053736Z_f5104fd16040,scoringdance,2024-12-28,unknown,2024
day,2025-01-19,2025-01-austin-swing-dance-championships,2025-01,held,"[""calendar"",""platform"",""registry""]",Austin Swing Dance Championships,wsdc-200,snap_20260909T150512Z_694f97493af0,eepro,2025-01-16,unknown,2025
day,2025-01-17,2025-01-avignon-city-swing,2025-01,held,"[""calendar"",""platform"",""registry""]",Avignon City Swing 2025,wsdc-309,snap_20260910T054304Z_a4034dbd3a2f,scoringdance,2025-01-17,unknown,2025
day,2025-01-07,2025-01-budafest,2025-01,listed,[],Budafest 2025,slug-budafest,snap_20260910T061303Z_4ad7eb457c1f,scoringdance,2025-01-07,unknown,2025
day,2025-01-12,2025-01-budafest-open-wcs-championships,2025-01,held,"[""calendar"", ""registry""]",BudaFest Open WCS Championships,wsdc-184,snap_20260913T055411Z_037bc2fb7478,wsdc_calendar,2025-01-07,registry,2025
month,,2025-01-countdown-swing-boston,2025-01,held,"[""registry""]",Countdown Swing Boston,wsdc-334,snap_20260912T104441Z_d3cf0c00f6f6,wsdc_registry,,registry,2025
day,2025-01-02,2025-01-country-couver,2025-01,listed,[],Country Couver 2025,slug-country-couver,snap_20260910T060804Z_76e77086d3ed,scoringdance,2025-01-02,unknown,2025
day,2025-01-26,2025-01-derby-city-swing,2025-01,held,"[""calendar"",""platform"",""registry""]",Derby City Swing,wsdc-242,snap_20260909T150512Z_694f97493af0,eepro,2025-01-23,unknown,2025
day,2025-01-01,2025-01-floorplay-swing-vacation,2025-01,held,"[""calendar"", ""registry""]",Floorplay Swing Vacation,wsdc-42,snap_20260913T055411Z_037bc2fb7478,wsdc_calendar,2024-12-27,registry,2025
day,2025-01-26,2025-01-freedom-swing-dance-challenge,2025-01,held,"[""calendar"",""platform"",""registry""]",Freedom Swing Dance Challenge,wsdc-183,snap_20260909T150512Z_694f97493af0,eepro,2025-01-24,unknown,2025
day,2025-01-31,2025-01-latin-dream-bachata-festival,2025-01,listed,[],Latin Dream Bachata Festival 2025,slug-latin-dream-bachata-festival,snap_20260910T063528Z_b26858ba799b,scoringdance,2025-01-31,unknown,2025
day,2025-01-19,2025-01-monterey-swing-fest,2025-01,held,"[""calendar"", ""registry""]",Monterey Swing Fest,wsdc-62,snap_20260913T055430Z_17be191620ce,wsdc_calendar,2025-01-15,registry,2025
day,2025-01-16,2025-01-montereyswingfest,2025-01,listed,[],MontereySwingfest 2025,slug-montereyswingfest,snap_20260910T060152Z_76459cf37859,scoringdance,2025-01-16,unknown,2025
day,2025-01-09,2025-01-munich-bachata-fest,2025-01,listed,[],Munich Bachata Fest 2025,slug-munich-bachata-fest,snap_20260910T053825Z_42442219a3b3,scoringdance,2025-01-09,unknown,2025
day,2025-01-20,2025-01-nj-hustle-congress,2025-01,listed,[],NJ Hustle Congress,slug-nj-hustle-congress,snap_20260909T150512Z_694f97493af0,eepro,2025-01-16,unknown,2025
day,2025-01-31,2025-01-pure-bachata-urban-fusion-festival,2025-01,listed,[],Pure Bachata - Urban Fusion Festival 2025,slug-pure-bachata-urban-fusion-festival,snap_20260910T060227Z_fc8a97b06b43,scoringdance,2025-01-31,unknown,2025
day,2025-01-01,2025-01-spotlight-new-year-s-celebration,2025-01,held,"[""calendar"", ""registry""]",Spotlight New Year's Celebration,wsdc-141,snap_20260913T055411Z_037bc2fb7478,wsdc_calendar,2024-12-28,registry,2025
day,2025-01-23,2025-01-swing-resolution,2025-01,held,"[""calendar"",""platform"",""registry""]",Swing Resolution 2025,wsdc-301,snap_20260910T063448Z_517f3d837bb2,scoringdance,2025-01-23,unknown,2025
day,2025-01-02,2025-01-swingcouver,2025-01,held,"[""calendar"",""platform"",""registry""]",SwingCouver 2025,wsdc-196,snap_20260912T142012Z_277b91b2005c,scoringdance,2025-01-02,unknown,2025
day,2025-01-02,2025-01-swingvester,2025-01,held,"[""calendar"", ""registry""]",SwingVester,wsdc-289,snap_20260913T055411Z_037bc2fb7478,wsdc_calendar,2024-12-28,registry,2025
day,2025-01-17,2025-01-terra-livre-dance-festival-winter-edition,2025-01,listed,[],Terra Livre Dance Festival 2025 (Winter Edition),slug-terra-livre-dance-festival-winter-edition,snap_20260910T053504Z_cfe6d72a232b,scoringdance,2025-01-17,unknown,2025
month,,2025-01-the-australian-classic-west-coast-swing-dance-championships-trial-event,2025-01,held,"[""registry""]",The Australian Classic West Coast Swing Dance Championships (Trial Event),wsdc-381,snap_20260912T104750Z_883593fecf5a,wsdc_registry,,registry,2025
day,2025-01-05,2025-01-ucwdc-country-dance-world-championship,2025-01,held,"[""calendar"", ""registry""]",UCWDC Country Dance World Championship,wsdc-75,snap_20260913T055411Z_037bc2fb7478,wsdc_calendar,2024-12-29,registry,2025
day,2025-01-30,2025-01-paris-swing-classic,2025-02,held,[],Paris Swing Classic 2025,wsdc-307,snap_20260910T053548Z_1654cc4ef2f6,scoringdance,2025-01-30,unknown,2025
day,2025-02-23,2025-02-arousa-westie-fest,2025-02,held,"[""calendar"", ""registry""]",Arousa Westie Fest,wsdc-344,snap_20260913T055430Z_17be191620ce,wsdc_calendar,2025-02-20,registry,2025
day,2025-02-20,2025-02-bachatation-festival,2025-02,listed,[],Bachatation Festival 2025,slug-bachatation-festival,snap_20260910T053424Z_ec178ea4f6fd,scoringdance,2025-02-20,unknown,2025
day,2025-02-16,2025-02-capital-swing,2025-02,listed,[],Capital Swing,slug-capital-swing,snap_20260909T150512Z_694f97493af0,eepro,2025-02-13,unknown,2025
day,2025-02-16,2025-02-capital-swing-dance-convention,2025-02,held,"[""calendar"", ""registry""]",Capital Swing Dance Convention,wsdc-12,snap_20260913T055430Z_17be191620ce,wsdc_calendar,2025-02-13,registry,2025
day,2025-02-03,2025-02-charlotte-westiefest,2025-02,held,"[""calendar"", ""registry""]",Charlotte WestieFest,wsdc-273,snap_20260913T055430Z_17be191620ce,wsdc_calendar,2025-01-30,registry,2025
day,2025-02-07,2025-02-luxembourg-bachata-family-festival,2025-02,listed,[],Luxembourg Bachata Family Festival 2025,slug-luxembourg-bachata-family-festival,snap_20260910T063513Z_2fdded52addc,scoringdance,2025-02-07,unknown,2025
day,2025-02-27,2025-02-nrw-united-bachata-festival,2025-02,listed,[],NRW United Bachata Festival 2025,slug-nrw-united-bachata-festival,snap_20260910T060820Z_8b419222e962,scoringdance,2025-02-27,unknown,2025
day,2025-02-20,2025-02-rose-city-swing,2025-02,held,"[""calendar"",""platform"",""registry""]",Rose City Swing 2025,wsdc-244,snap_20260910T053454Z_10120092ee3e,scoringdance,2025-02-20,unknown,2025
day,2025-02-23,2025-02-swing-crush,2025-02,held,"[""calendar"",""platform"",""registry""]",Swing Crush,wsdc-343,snap_20260909T150512Z_694f97493af0,eepro,2025-02-20,unknown,2025
day,2025-02-02,2025-02-swing-snow,2025-02,held,"[""calendar"", ""registry""]",Swing & Snow,wsdc-215,snap_20260913T055430Z_17be191620ce,wsdc_calendar,2025-01-29,registry,2025
day,2025-02-06,2025-02-swingtzerland,2025-02,held,"[""calendar"",""platform"",""registry""]",Swingtzerland 2025,wsdc-258,snap_20260910T053431Z_6fdca65b7309,scoringdance,2025-02-06,unknown,2025
day,2025-02-07,2025-02-trinity-swing,2025-02,held,"[""calendar"",""platform"",""registry""]",Trinity Swing 2025,wsdc-363,snap_20260910T053931Z_2d77f7c01eb3,scoringdance,2025-02-07,unknown,2025
day,2025-02-14,2025-02-valentine-swing,2025-02,held,"[""calendar"",""platform"",""registry""]",Valentine Swing 2025,wsdc-310,snap_20260910T051334Z_0d2103a3c100,scoringdance,2025-02-14,unknown,2025
day,2025-02-09,2025-02-westeroz-swing,2025-02,held,"[""calendar"", ""registry""]",WesterOz Swing,wsdc-302,snap_20260913T055430Z_17be191620ce,wsdc_calendar,2025-02-07,registry,2025
day,2025-02-20,2025-02-winter-coast-swing,2025-02,held,"[""calendar"",""platform"",""registry""]",Winter Coast Swing 2025,wsdc-297,snap_20260910T053243Z_c10ebe171320,scoringdance,2025-02-20,unknown,2025
day,2025-03-20,2025-03-5280-westival,2025-03,held,"[""calendar"",""platform"",""registry""]",5280 Westival 2025,wsdc-197,snap_20260910T060947Z_d6945c5116fa,scoringdance,2025-03-20,unknown,2025
day,2025-03-28,2025-03-bachata-geneva-festival-bachata-social-world-cup,2025-03,listed,[],Bachata Geneva Festival - Bachata Social World Cup 2025,slug-bachata-geneva-festival-bachata-social-world-cup,snap_20260910T051224Z_49f9718589da,scoringdance,2025-03-28,unknown,2025
day,2025-03-14,2025-03-bindaas-bachata-festival,2025-03,listed,[],BINDAAS Bachata Festival 2025,slug-bindaas-bachata-festival,snap_20260910T051244Z_07fe29c24305,scoringdance,2025-03-14,unknown,2025
day,2025-03-23,2025-03-boston-tea-party,2025-03,listed,[],Boston Tea Party,slug-boston-tea-party,snap_20260909T150512Z_694f97493af0,eepro,2025-03-20,unknown,2025
day,2025-03-27,2025-03-bto-open,2025-03,listed,[],BTO Open 2025,slug-bto-open,snap_20260910T063427Z_706ed39d6e47,scoringdance,2025-03-27,unknown,2025
day,2025-03-27,2025-03-by-town-open-bto,2025-03,held,"[""calendar"", ""platform"", ""registry""]",By-Town Open (BTO),wsdc-324,snap_20260910T063427Z_706ed39d6e47,scoringdance,2025-03-27,registry,2025
day,2025-03-13,2025-03-dutch-open,2025-03,listed,[],Dutch Open 2025,slug-dutch-open,snap_20260910T063502Z_c4783647af7f,scoringdance,2025-03-13,unknown,2025
day,2025-03-16,2025-03-dutch-open-west-coast-swing,2025-03,held,"[""calendar"", ""registry""]",Dutch open West Coast swing,wsdc-275,snap_20260913T055430Z_17be191620ce,wsdc_calendar,2025-03-13,registry,2025
day,2025-03-04,2025-03-euro-dance-festival,2025-03,held,"[""calendar"",""platform"",""registry""]",Euro Dance Festival 2025,wsdc-348,snap_20260910T063443Z_97742a859e77,scoringdance,2025-03-04,unknown,2025
day,2025-03-09,2025-03-high-desert-dance-classic,2025-03,held,"[""calendar"", ""registry""]",High Desert Dance Classic,wsdc-143,snap_20260913T055430Z_17be191620ce,wsdc_calendar,2025-03-07,registry,2025
day,2025-03-20,2025-03-king-swing,2025-03,held,"[""calendar"",""platform"",""registry""]",King Swing 2025,wsdc-292,snap_20260910T053846Z_29299432758c,scoringdance,2025-03-20,unknown,2025
day,2025-03-03,2025-03-madjam-mid-atlantic-dance-jam,2025-03,cancelled,"[""calendar""]",Madjam Mid-Atlantic Dance Jam (On Hiatus),wsdc-92,snap_20260913T055430Z_17be191620ce,wsdc_calendar,2025-02-27,registry,2025
day,2025-03-23,2025-03-novice-invitational,2025-03,held,"[""calendar"",""platform"",""registry""]",Novice Invitational,wsdc-153,snap_20260909T150512Z_694f97493af0,eepro,2025-03-20,unknown,2025
day,2025-03-09,2025-03-swingvasion,2025-03,held,"[""calendar"", ""registry""]",Swingvasion,wsdc-333,snap_20260913T055430Z_17be191620ce,wsdc_calendar,2025-03-07,registry,2025
day,2025-03-23,2025-03-the-boston-tea-party,2025-03,held,"[""calendar"", ""platform"", ""registry""]",The Boston Tea Party,wsdc-9,snap_20260909T150512Z_694f97493af0,eepro,2025-03-20,registry,2025
day,2025-03-16,2025-03-the-chicago-classic,2025-03,held,"[""calendar"", ""registry""]",The Chicago Classic,wsdc-142,snap_20260913T055430Z_17be191620ce,wsdc_calendar,2025-03-13,registry,2025
day,2025-03-27,2025-03-uk-wcs-championships,2025-03,held,"[""calendar"", ""platform"", ""registry""]",UK WCS Championships,wsdc-154,snap_20260910T053946Z_6be2a59a98ca,scoringdance,2025-03-27,registry,2025
day,2025-03-27,2025-03-uk-west-coast-swing-championships,2025-03,listed,[],UK West Coast Swing Championships 2025,slug-uk-west-coast-swing-championships,snap_20260910T053946Z_6be2a59a98ca,scoringdance,2025-03-27,unknown,2025
day,2025-03-13,2025-03-west-in-lyon,2025-03,held,"[""calendar"",""platform"",""registry""]",West in Lyon 2025,wsdc-186,snap_20260910T063708Z_ee552dbf57ef,scoringdance,2025-03-13,unknown,2025
day,2025-03-13,2025-03-westie-spring-thing,2025-03,held,"[""calendar"",""platform"",""registry""]",Westie Spring Thing 2025,wsdc-314,snap_20260910T054209Z_2521124cb71d,scoringdance,2025-03-13,unknown,2025
day,2025-04-20,2025-04-asia-west-coast-swing-open,2025-04,held,"[""calendar"", ""registry""]",Asia West Coast Swing Open,wsdc-218,snap_20260913T055430Z_17be191620ce,wsdc_calendar,2025-04-17,registry,2025
day,2025-04-09,2025-04-bachata-festival-germany,2025-04,listed,[],Bachata Festival Germany 2025,slug-bachata-festival-germany,snap_20260910T061018Z_c10a513c73e4,scoringdance,2025-04-09,unknown,2025
day,2025-04-13,2025-04-calgary-dance-stampede,2025-04,held,"[""calendar"", ""registry""]",Calgary Dance Stampede,wsdc-116,snap_20260913T055430Z_17be191620ce,wsdc_calendar,2025-04-10,registry,2025
day,2025-04-10,2025-04-city-of-angels,2025-04,held,"[""calendar"",""platform"",""registry""]",City of Angels 2025,wsdc-187,snap_20260910T053606Z_df70cbc50889,scoringdance,2025-04-10,unknown,2025
day,2025-04-24,2025-04-detonation-dance,2025-04,held,"[""calendar"",""platform"",""registry""]",Detonation Dance 2025,wsdc-203,snap_20260910T053319Z_76e05b21fad6,scoringdance,2025-04-24,unknown,2025
day,2025-04-17,2025-04-easter-swing,2025-04,held,"[""calendar"",""platform"",""registry""]",Easter Swing 2025,wsdc-18,snap_20260910T061158Z_821c352768ab,scoringdance,2025-04-17,unknown,2025
day,2025-04-27,2025-04-honey-fest,2025-04,held,"[""calendar"", ""registry""]",HONEY FEST,wsdc-345,snap_20260913T055430Z_17be191620ce,wsdc_calendar,2025-04-24,registry,2025
day,2025-04-13,2025-04-korean-open-wcs-championships,2025-04,held,"[""calendar"", ""registry""]",Korean Open WCS Championships,wsdc-210,snap_20260913T055430Z_17be191620ce,wsdc_calendar,2025-04-10,registry,2025
day,2025-04-10,2025-04-slovenian-open,2025-04,held,"[""calendar"",""platform"",""registry""]",Slovenian Open 2025,wsdc-352,snap_20260910T063638Z_953bc75e070a,scoringdance,2025-04-10,unknown,2025
day,2025-04-24,2025-04-swingin-festival,2025-04,held,"[""calendar"",""platform"",""registry""]",SwingIn-Festival 2025,wsdc-370,snap_20260910T054006Z_117f462d8984,scoringdance,2025-04-24,unknown,2025
day,2025-04-27,2025-04-swingover,2025-04,held,"[""calendar"",""platform"",""registry""]",Swingover,wsdc-259,snap_20260909T150512Z_694f97493af0,eepro,2025-04-24,unknown,2025
day,2025-04-20,2025-04-tulsa-spring-swing,2025-04,held,"[""calendar"",""platform"",""registry""]",Tulsa Spring Swing,wsdc-132,snap_20260909T150512Z_694f97493af0,eepro,2025-04-18,unknown,2025
day,2025-04-04,2025-04-westy-nantes,2025-04,held,"[""calendar"",""platform"",""registry""]",Westy Nantes 2025,wsdc-293,snap_20260910T054058Z_2cf8a562a9c4,scoringdance,2025-04-04,unknown,2025
day,2025-04-30,2025-04-spring-time-swing,2025-05,held,[],Spring Time Swing 2025,wsdc-354,snap_20260910T054239Z_d8e0be917d07,scoringdance,2025-04-30,unknown,2025
day,2025-05-08,2025-05-bachata-sphere-weekend-paris,2025-05,listed,[],Bachata Sphere Weekend Paris 2025,slug-bachata-sphere-weekend-paris,snap_20260910T063703Z_3e48ad267eae,scoringdance,2025-05-08,unknown,2025
day,2025-05-02,2025-05-beemad,2025-05,held,"[""calendar"",""platform"",""registry""]",BeeMAD 2025,wsdc-347,snap_20260910T060247Z_9d4bb35cbd92,scoringdance,2025-05-02,unknown,2025
day,2025-05-19,2025-05-canadian-swing-championships,2025-05,held,"[""calendar"", ""registry""]",Canadian Swing Championships,wsdc-105,snap_20260913T055430Z_17be191620ce,wsdc_calendar,2025-05-16,registry,2025
day,2025-05-18,2025-05-dance-jam-jack-jill-weekend,2025-05,held,"[""calendar"", ""platform"", ""registry""]",Dance Jam Jack & Jill Weekend,wsdc-372,snap_20260909T150512Z_694f97493af0,eepro,2025-05-16,registry,2025
day,2025-05-30,2025-05-festival-city-swing-edinburgh,2025-05,listed,[],Festival City Swing Edinburgh 2025,slug-festival-city-swing-edinburgh,snap_20260910T053404Z_af947048bc14,scoringdance,2025-05-30,unknown,2025
day,2025-05-28,2025-05-french-open,2025-05,listed,[],French Open 2025,slug-french-open,snap_20260910T060323Z_23617be80b15,scoringdance,2025-05-28,unknown,2025
day,2025-05-25,2025-05-gndc,2025-05,listed,[],GNDC,slug-gndc,snap_20260909T150512Z_694f97493af0,eepro,2025-05-22,unknown,2025
day,2025-05-08,2025-05-med-in-swing,2025-05,held,"[""calendar"",""platform"",""registry""]",Med In Swing 2025,wsdc-379,snap_20260910T063237Z_f066a727f299,scoringdance,2025-05-08,unknown,2025
day,2025-05-29,2025-05-n-xt-level-swing,2025-05,listed,[],N:XT LEVEL SWING 2025,slug-n-xt-level-swing,snap_20260910T061037Z_da86147fd3de,scoringdance,2025-05-29,unknown,2025
day,2025-05-23,2025-05-nanaimo-dance-fusion,2025-05,held,"[""calendar"",""platform"",""registry""]",Nanaimo Dance Fusion 2025,wsdc-364,snap_20260910T060546Z_cc238ca9b2fe,scoringdance,2025-05-23,unknown,2025
day,2025-05-01,2025-05-nordic-wcs-championships,2025-05,held,"[""calendar"",""platform"",""registry""]",Nordic WCS Championships 2025,wsdc-253,snap_20260910T053811Z_e5191a60f891,scoringdance,2025-05-01,unknown,2025
day,2025-05-02,2025-05-pure-bachata-summer-festival-bachata-world-cup-geneva-qualifiers-event-germany,2025-05,listed,[],Pure Bachata Summer Festival (Bachata World Cup Geneva 2026 Qualifiers Event – Germany),slug-pure-bachata-summer-festival-bachata-world-cup-geneva-qualifiers-event-germany,snap_20260910T054103Z_c2a9b4454df1,scoringdance,2025-05-02,unknown,2025
month,,2025-05-show-me-showdown,2025-05,held,"[""registry""]",Show Me Showdown,wsdc-221,snap_20260912T111406Z_2e583e585077,wsdc_registry,,registry,2025
day,2025-05-12,2025-05-som-swing-of-music,2025-05,held,"[""calendar"", ""registry""]",SOM - Swing of Music,wsdc-336,snap_20260913T055430Z_17be191620ce,wsdc_calendar,2025-05-08,registry,2025
day,2025-05-18,2025-05-soswing,2025-05,held,"[""calendar"", ""registry""]",SOswing,wsdc-205,snap_20260913T055430Z_17be191620ce,wsdc_calendar,2025-05-15,registry,2025
day,2025-05-15,2025-05-soswing-convention,2025-05,listed,[],SOswing Convention 2025,slug-soswing-convention,snap_20260910T060257Z_bed8a86fd55d,scoringdance,2025-05-15,unknown,2025
day,2025-05-05,2025-05-swing-dance-america,2025-05,listed,"[""calendar""]",Swing Dance America,wsdc-134,snap_20260913T055430Z_17be191620ce,wsdc_calendar,2025-05-01,registry,2025
day,2025-05-08,2025-05-swing-of-music,2025-05,listed,[],Swing of Music 2025,slug-swing-of-music,snap_20260910T060641Z_015550e4aff5,scoringdance,2025-05-08,unknown,2025
day,2025-05-04,2025-05-swingin-into-spring,2025-05,held,"[""platform"",""registry""]",Swingin' Into Spring,wsdc-144,snap_20260909T150512Z_694f97493af0,eepro,2025-05-01,unknown,2025
day,2025-05-11,2025-05-swingsation,2025-05,held,"[""calendar"", ""registry""]",Swingsation,wsdc-174,snap_20260913T055430Z_17be191620ce,wsdc_calendar,2025-05-09,registry,2025
month,,2025-05-texas-classic,2025-05,held,"[""registry""]",Texas Classic,wsdc-121,snap_20260912T111426Z_632a9210e670,wsdc_registry,,registry,2025
day,2025-05-26,2025-05-usa-grand-national-dance-championships,2025-05,held,"[""calendar"", ""registry""]",USA Grand National Dance Championships,wsdc-22,snap_20260913T055430Z_17be191620ce,wsdc_calendar,2025-05-22,registry,2025
day,2025-05-18,2025-05-westie-weekend,2025-05,listed,[],Westie Weekend,slug-westie-weekend,snap_20260909T150512Z_694f97493af0,eepro,2025-05-16,unknown,2025
day,2025-05-30,2025-05-hungarian-open,2025-06,held,[],Hungarian Open 2025,wsdc-206,snap_20260910T054219Z_834ef1a9a137,scoringdance,2025-05-30,unknown,2025
day,2025-06-19,2025-06-bachata-beach-festival,2025-06,listed,[],Bachata Beach Festival 2025,slug-bachata-beach-festival,snap_20260910T060626Z_42d65aeb4a35,scoringdance,2025-06-19,unknown,2025
day,2025-06-20,2025-06-bachata-sensual-congress-germany,2025-06,listed,[],Bachata Sensual Congress Germany 2025,slug-bachata-sensual-congress-germany,snap_20260910T060151Z_5f8a2c18de8f,scoringdance,2025-06-20,unknown,2025
day,2025-06-05,2025-06-baltic-swing,2025-06,held,"[""calendar"",""platform"",""registry""]",Baltic Swing 2025,wsdc-222,snap_20260910T053334Z_2c929101a810,scoringdance,2025-06-05,unknown,2025
day,2025-06-19,2025-06-barock-swing-ludwigsburg,2025-06,held,"[""calendar"",""platform"",""registry""]",Barock Swing Ludwigsburg 2025,wsdc-374,snap_20260910T053641Z_6a5149c455cf,scoringdance,2025-06-19,unknown,2025
month,,2025-06-colorado-country-classic,2025-06,held,"[""registry""]",Colorado Country Classic,wsdc-109,snap_20260912T112335Z_f465c2e1c834,wsdc_registry,,registry,2025
day,2025-06-12,2025-06-d-town-swing,2025-06,listed,[],D-Town Swing 2025,slug-d-town-swing,snap_20260910T060603Z_984441f09ae5,scoringdance,2025-06-12,unknown,2025
day,2025-06-12,2025-06-d-townswing,2025-06,held,"[""calendar"", ""platform"", ""registry""]",D-TOWNSWING,wsdc-220,snap_20260910T060603Z_984441f09ae5,scoringdance,2025-06-12,registry,2025
day,2025-06-26,2025-06-dance-n-play,2025-06,held,"[""platform"",""registry""]",Dance N Play 2025,wsdc-207,snap_20260910T060722Z_5870ce1c345d,scoringdance,2025-06-26,unknown,2025
day,2025-06-01,2025-06-festival-city-swing,2025-06,held,"[""calendar"", ""registry""]",Festival City Swing,wsdc-371,snap_20260913T055430Z_17be191620ce,wsdc_calendar,2025-05-30,registry,2025
day,2025-06-26,2025-06-french-connection,2025-06,listed,[],French Connection 2025,slug-french-connection,snap_20260910T060746Z_c3065c9befc0,scoringdance,2025-06-26,unknown,2025
day,2025-06-30,2025-06-french-connection-wcs,2025-06,held,"[""calendar"", ""registry""]",FRENCH CONNECTION WCS,wsdc-369,snap_20260913T055430Z_17be191620ce,wsdc_calendar,2025-06-27,registry,2025
day,2025-06-02,2025-06-french-open-wcs,2025-06,held,"[""calendar"", ""registry""]",French Open WCS,wsdc-175,snap_20260913T055430Z_17be191620ce,wsdc_calendar,2025-05-28,registry,2025
day,2025-06-06,2025-06-hembsy-chill-silc-competition,2025-06,listed,[],Hembsy Chill SILC Competition 2025,slug-hembsy-chill-silc-competition,snap_20260910T054224Z_1349ffceab74,scoringdance,2025-06-06,unknown,2025
month,,2025-06-indy-dance-explosion,2025-06,held,"[""registry""]",Indy Dance Explosion,wsdc-255,snap_20260912T112228Z_28eb9c3f6e64,wsdc_registry,,registry,2025
day,2025-06-08,2025-06-jack-jill-o-rama,2025-06,held,"[""calendar"",""platform"",""registry""]",Jack & Jill O'Rama,wsdc-25,snap_20260909T150512Z_694f97493af0,eepro,2025-06-05,unknown,2025
day,2025-06-29,2025-06-liberty-swing,2025-06,listed,[],Liberty Swing,slug-liberty-swing,snap_20260909T150512Z_694f97493af0,eepro,2025-06-26,unknown,2025
day,2025-06-29,2025-06-liberty-swing-dance-championships,2025-06,held,"[""calendar"", ""registry""]",Liberty Swing Dance Championships,wsdc-96,snap_20260913T055430Z_17be191620ce,wsdc_calendar,2025-06-26,registry,2025
day,2025-06-01,2025-06-michigan-classic,2025-06,held,"[""platform"",""registry""]",Michigan Classic,wsdc-76,snap_20260909T150512Z_694f97493af0,eepro,2025-05-29,unknown,2025
day,2025-06-26,2025-06-neverland-swing,2025-06,listed,[],Neverland Swing 2025,slug-neverland-swing,snap_20260910T060903Z_cbf71bd75078,scoringdance,2025-06-26,unknown,2025
day,2025-06-26,2025-06-neverlandswing,2025-06,held,"[""calendar"", ""platform"", ""registry""]",NeverlandSwing,wsdc-261,snap_20260910T060903Z_cbf71bd75078,scoringdance,2025-06-26,registry,2025
day,2025-06-01,2025-06-next-level-swing,2025-06,held,"[""calendar"", ""registry""]",Next Level Swing,wsdc-368,snap_20260913T055430Z_17be191620ce,wsdc_calendar,2025-05-30,registry,2025
day,2025-06-13,2025-06-nordic-bachata-congress,2025-06,listed,[],Nordic Bachata Congress 2025,slug-nordic-bachata-congress,snap_20260910T054259Z_4805ef397844,scoringdance,2025-06-13,unknown,2025
day,2025-06-08,2025-06-orange-blossom,2025-06,listed,[],Orange Blossom,slug-orange-blossom,snap_20260909T150512Z_694f97493af0,eepro,2025-06-05,unknown,2025
month,,2025-06-orange-blossom-dance-festival,2025-06,held,"[""registry""]",Orange Blossom Dance Festival,wsdc-117,snap_20260912T111952Z_e516c9bda84e,wsdc_registry,,registry,2025
month,,2025-06-swing-fiction,2025-06,held,"[""registry""]",Swing Fiction,wsdc-321,snap_20260912T112306Z_6ef238b1a6be,wsdc_registry,,registry,2025
day,2025-06-22,2025-06-swingapalooza,2025-06,held,"[""calendar"", ""registry""]",SWINGAPALOOZA,wsdc-162,snap_20260913T055430Z_17be191620ce,wsdc_calendar,2025-06-20,registry,2025
day,2025-06-12,2025-06-terra-livre-dance-festival-summer-edition,2025-06,listed,[],Terra Livre Dance Festival 2025 (Summer Edition),slug-terra-livre-dance-festival-summer-edition,snap_20260910T063118Z_90ebe357910b,scoringdance,2025-06-12,unknown,2025
month,,2025-07-americano-dance-camp,2025-07,held,"[""registry""]",Americano Dance Camp,wsdc-278,snap_20260912T112506Z_b48625b6a242,wsdc_registry,,registry,2025
day,2025-07-13,2025-07-big-apple-cdf,2025-07,listed,[],Big Apple CDF,slug-big-apple-cdf,snap_20260909T150512Z_694f97493af0,eepro,2025-07-10,unknown,2025
day,2025-07-13,2025-07-big-apple-dance-festival,2025-07,held,"[""calendar"", ""registry""]",Big Apple Dance Festival,wsdc-156,snap_20260913T055430Z_17be191620ce,wsdc_calendar,2025-07-10,registry,2025
day,2025-07-13,2025-07-carolina-summer-swing,2025-07,held,"[""calendar"", ""registry""]",Carolina Summer Swing,wsdc-373,snap_20260913T055430Z_17be191620ce,wsdc_calendar,2025-07-10,registry,2025
day,2025-07-27,2025-07-dance-mardi-gras,2025-07,held,"[""calendar"",""platform"",""registry""]",Dance Mardi Gras,wsdc-148,snap_20260909T150512Z_694f97493af0,eepro,2025-07-24,unknown,2025
day,2025-07-27,2025-07-florida-dance-magic,2025-07,held,"[""calendar"", ""registry""]",Florida Dance Magic,wsdc-149,snap_20260913T055430Z_17be191620ce,wsdc_calendar,2025-07-24,registry,2025
day,2025-07-11,2025-07-mediterranean-open,2025-07,listed,[],Mediterranean Open 2025,slug-mediterranean-open,snap_20260910T063217Z_0a2928b381e2,scoringdance,2025-07-11,unknown,2025
day,2025-07-13,2025-07-mediterranean-open-wcs,2025-07,held,"[""calendar"", ""registry""]",Mediterranean Open WCS,wsdc-375,snap_20260913T055430Z_17be191620ce,wsdc_calendar,2025-07-11,registry,2025
day,2025-07-20,2025-07-midwest-westie-fest,2025-07,held,"[""calendar"",""platform"",""registry""]",Midwest Westie Fest,wsdc-224,snap_20260909T150512Z_694f97493af0,eepro,2025-07-17,unknown,2025
day,2025-07-13,2025-07-my-swing,2025-07,held,"[""calendar"", ""registry""]",MY Swing,wsdc-362,snap_20260913T055430Z_17be191620ce,wsdc_calendar,2025-07-10,registry,2025
day,2025-07-06,2025-07-phoenix-of-july,2025-07,held,"[""calendar"",""platform"",""registry""]",Phoenix 4th Of July,wsdc-1,snap_20260909T150512Z_694f97493af0,eepro,2025-07-03,unknown,2025
month,,2025-07-revitalise-wcs,2025-07,held,"[""registry""]",Revitalise WCS,wsdc-385,snap_20260912T113227Z_d948f8839c8b,wsdc_registry,,registry,2025
day,2025-07-17,2025-07-rock-the-barn,2025-07,held,"[""calendar"",""platform"",""registry""]",Rock The Barn 2025,wsdc-256,snap_20260910T060232Z_afded4e15ca6,scoringdance,2025-07-17,unknown,2025
day,2025-07-03,2025-07-saunaswing,2025-07,held,"[""calendar"",""platform"",""registry""]",SaunaSwing 2025,wsdc-360,snap_20260910T063222Z_fab3effe2ea9,scoringdance,2025-07-03,unknown,2025
day,2025-07-20,2025-07-st-petersburg-wcs-nights,2025-07,held,"[""calendar"", ""registry""]",St. Petersburg WCS Nights,wsdc-280,snap_20260913T055430Z_17be191620ce,wsdc_calendar,2025-07-17,registry,2025
month,,2025-07-toronto-open,2025-07,held,"[""registry""]",Toronto Open,wsdc-147,snap_20260912T113200Z_f477e37df587,wsdc_registry,,registry,2025
day,2025-07-06,2025-07-wild-wild-westie,2025-07,held,"[""calendar"",""platform"",""registry""]",Wild Wild Westie,wsdc-225,snap_20260909T150512Z_694f97493af0,eepro,2025-07-03,unknown,2025
day,2025-07-31,2025-07-warsaw-summer-nights-westival,2025-08,held,"[""platform"",""registry""]",Warsaw Summer Nights Westival 2025,wsdc-383,snap_20260910T054308Z_56b4ff87770a,scoringdance,2025-07-31,unknown,2025
day,2025-08-03,2025-08-arizona-dance-classic,2025-08,held,"[""platform"",""registry""]",Arizona Dance Classic,wsdc-77,snap_20260909T150512Z_694f97493af0,eepro,2025-07-31,unknown,2025
day,2025-08-01,2025-08-bristol-swing-fiesta,2025-08,held,"[""calendar"",""platform"",""registry""]",Bristol Swing Fiesta 2025,wsdc-339,snap_20260910T060656Z_dc59bee9e672,scoringdance,2025-08-01,unknown,2025
month,,2025-08-chicagoland-country-and-swing-dance-festival,2025-08,held,"[""registry""]",Chicagoland Country and Swing Dance Festival,wsdc-119,snap_20260912T121734Z_70b5b9feb614,wsdc_registry,,registry,2025
day,2025-08-07,2025-08-german-open,2025-08,listed,[],German Open 2025,slug-german-open,snap_20260910T063108Z_700ddc121079,scoringdance,2025-08-07,unknown,2025
day,2025-08-07,2025-08-german-open-west-coast-swing,2025-08,held,"[""calendar"", ""platform"", ""registry""]",German Open West Coast Swing,wsdc-282,snap_20260910T063108Z_700ddc121079,scoringdance,2025-08-07,registry,2025
day,2025-08-15,2025-08-grand-party-sofia,2025-08,listed,[],Grand Party Sofia 2025,slug-grand-party-sofia,snap_20260910T051259Z_bbd331989846,scoringdance,2025-08-15,unknown,2025
month,,2025-08-grand-party-sofia-gps,2025-08,held,"[""registry""]",Grand Party Sofia (GPS),wsdc-384,snap_20260912T113909Z_0fac74727d65,wsdc_registry,,registry,2025
day,2025-08-31,2025-08-jax-westie-fest,2025-08,held,"[""calendar"", ""registry""]",Jax Westie Fest,wsdc-177,snap_20260913T055430Z_17be191620ce,wsdc_calendar,2025-08-28,registry,2025
day,2025-08-01,2025-08-lisbon-westie-fest,2025-08,held,"[""platform"",""registry""]",Lisbon Westie Fest 2025,wsdc-382,snap_20260910T054138Z_e1867ead154b,scoringdance,2025-08-01,unknown,2025
month,,2025-08-lonestar-invitational,2025-08,held,"[""registry""]",Lonestar Invitational,wsdc-120,snap_20260912T113718Z_be3a1ea39006,wsdc_registry,,registry,2025
day,2025-08-03,2025-08-ne-dance-festival,2025-08,listed,[],NE Dance Festival,slug-ne-dance-festival,snap_20260909T150512Z_694f97493af0,eepro,2025-07-31,unknown,2025
day,2025-08-03,2025-08-new-england-dance-festival,2025-08,held,"[""calendar"", ""registry""]",New England Dance Festival,wsdc-157,snap_20260913T055430Z_17be191620ce,wsdc_calendar,2025-07-31,registry,2025
month,,2025-08-shakedown-swing,2025-08,held,"[""registry""]",Shakedown Swing,wsdc-298,snap_20260912T114155Z_099c33675058,wsdc_registry,,registry,2025
day,2025-08-24,2025-08-summer-hummer,2025-08,held,"[""calendar"",""platform"",""registry""]",Summer Hummer,wsdc-53,snap_20260909T150512Z_694f97493af0,eepro,2025-08-21,unknown,2025
month,,2025-08-swing-dance-mania,2025-08,held,"[""registry""]",Swing Dance Mania,wsdc-391,snap_20260912T114141Z_7ae12793ed4e,wsdc_registry,,registry,2025
day,2025-08-10,2025-08-swing-fling,2025-08,held,"[""calendar"",""platform"",""registry""]",Swing Fling,wsdc-59,snap_20260909T150512Z_694f97493af0,eepro,2025-08-07,unknown,2025
day,2025-08-10,2025-08-swingtacular,2025-08,listed,[],Swingtacular,slug-swingtacular,snap_20260909T150512Z_694f97493af0,eepro,2025-08-07,unknown,2025
day,2025-08-10,2025-08-swingtacular-the-galactic-open,2025-08,held,"[""calendar"", ""platform"", ""registry""]",Swingtacular: The Galactic Open,wsdc-227,snap_20260909T150512Z_694f97493af0,eepro,2025-08-07,registry,2025
day,2025-08-17,2025-08-swingtime,2025-08,listed,[],SwingTime,slug-swingtime,snap_20260909T150512Z_694f97493af0,eepro,2025-08-14,unknown,2025
day,2025-08-17,2025-08-swingtime-denver,2025-08,held,"[""platform"", ""registry""]",SwingTime Denver,wsdc-47,snap_20260909T150512Z_694f97493af0,eepro,2025-08-14,registry,2025
day,2025-08-21,2025-08-the-bend-connection,2025-08,held,"[""calendar"",""platform"",""registry""]",The Bend Connection 2025,wsdc-356,snap_20260910T060726Z_c5aebcd05045,scoringdance,2025-08-21,unknown,2025
day,2025-08-14,2025-08-uptown-swing,2025-08,held,"[""platform"",""registry""]",UpTown Swing 2025,wsdc-264,snap_20260910T053536Z_880dddd695c2,scoringdance,2025-08-14,unknown,2025
day,2025-08-30,2025-08-wcs-magyar-kupa,2025-08,listed,[],WCS Magyar Kupa 2025,slug-wcs-magyar-kupa,snap_20260910T054011Z_045336ef5a1c,scoringdance,2025-08-30,unknown,2025
day,2025-08-28,2025-08-rolling-swing,2025-09,held,[],Rolling Swing 2025,wsdc-313,snap_20260910T054128Z_4ec2c3bee7ad,scoringdance,2025-08-28,unknown,2025
month,,2025-09-austin-rocks,2025-09,held,"[""registry""]",Austin Rocks,wsdc-300,snap_20260912T114954Z_1c1a3a6e37be,wsdc_registry,,registry,2025
day,2025-09-04,2025-09-bachata-sensual-chicago,2025-09,listed,[],Bachata Sensual Chicago 2025,slug-bachata-sensual-chicago,snap_20260910T053841Z_0cb855607d86,scoringdance,2025-09-04,unknown,2025
day,2025-09-11,2025-09-bavarian-open,2025-09,listed,[],Bavarian Open 2025,slug-bavarian-open,snap_20260910T053956Z_1757c832e712,scoringdance,2025-09-11,unknown,2025
day,2025-09-11,2025-09-bavarian-open-west-coast-swing-championships,2025-09,held,"[""calendar"", ""platform"", ""registry""]",Bavarian Open West Coast Swing Championships,wsdc-233,snap_20260910T053956Z_1757c832e712,scoringdance,2025-09-11,registry,2025
day,2025-09-14,2025-09-best-of-the-best-wcs,2025-09,held,"[""calendar"", ""registry""]",Best of the Best WCS,wsdc-167,snap_20260913T055430Z_17be191620ce,wsdc_calendar,2025-09-11,registry,2025
day,2025-09-01,2025-09-desert-city-swing,2025-09,held,"[""calendar"", ""registry""]",Desert City Swing,wsdc-135,snap_20260913T055430Z_17be191620ce,wsdc_calendar,2025-08-28,registry,2025
day,2025-09-19,2025-09-extravadanza-bachata-congress,2025-09,listed,[],Extravadanza Bachata Congress 2025,slug-extravadanza-bachata-congress,snap_20260910T053512Z_00ad7cc782ab,scoringdance,2025-09-19,unknown,2025
day,2025-09-18,2025-09-finnfest,2025-09,held,"[""calendar"",""platform"",""registry""]",Finnfest 2025,wsdc-254,snap_20260910T053831Z_44417ec06855,scoringdance,2025-09-18,unknown,2025
month,,2025-09-korea-westival,2025-09,held,"[""registry""]",Korea Westival 2025,wsdc-268,snap_20260912T114251Z_97ef93d04b18,wsdc_registry,,registry,2025
day,2025-09-28,2025-09-meet-me-in-st-louis-swing-dance-championships,2025-09,held,"[""calendar"", ""registry""]",Meet Me in St. Louis Swing Dance Championships,wsdc-131,snap_20260913T055430Z_17be191620ce,wsdc_calendar,2025-09-25,registry,2025
day,2025-09-24,2025-09-midland-swing-open,2025-09,held,"[""calendar"",""platform"",""registry""]",Midland Swing Open 2025,wsdc-165,snap_20260910T060526Z_e70d36736149,scoringdance,2025-09-24,unknown,2025
day,2025-09-26,2025-09-mooseland-swing,2025-09,held,"[""calendar"",""platform"",""registry""]",Mooseland Swing 2025,wsdc-361,snap_20260910T060557Z_4e0df9031af6,scoringdance,2025-09-26,unknown,2025
day,2025-09-21,2025-09-philly-swing-classic,2025-09,listed,[],Philly Swing Classic,slug-philly-swing-classic,snap_20260909T150512Z_694f97493af0,eepro,2025-09-19,unknown,2025
day,2025-09-21,2025-09-philly-swing-dance-classic,2025-09,held,"[""calendar"", ""platform"", ""registry""]",Philly Swing Dance Classic,wsdc-234,snap_20260909T150512Z_694f97493af0,eepro,2025-09-19,registry,2025
day,2025-09-18,2025-09-retaliation-swing,2025-09,held,"[""calendar"",""platform"",""registry""]",Retaliation Swing 2025,wsdc-359,snap_20260910T060606Z_55c65016bcec,scoringdance,2025-09-18,unknown,2025
month,,2025-09-sea-dance-fest,2025-09,held,"[""registry""]",Sea Dance Fest,wsdc-338,snap_20260912T114356Z_f02298417d45,wsdc_registry,,registry,2025
day,2025-09-01,2025-09-south-bay-dance-fling,2025-09,held,"[""calendar"", ""registry""]",South Bay Dance Fling,wsdc-48,snap_20260913T055430Z_17be191620ce,wsdc_calendar,2025-08-28,registry,2025
day,2025-09-07,2025-09-trilogy-swing,2025-09,held,"[""calendar"",""registry""]",Trilogy Swing,wsdc-231,snap_20260913T055430Z_17be191620ce,wsdc_calendar,2025-09-04,unknown,2025
day,2025-09-21,2025-09-wcs-party,2025-09,held,"[""calendar"", ""registry""]",WCS Party,wsdc-357,snap_20260913T055430Z_17be191620ce,wsdc_calendar,2025-09-19,registry,2025
day,2025-09-18,2025-09-wcsparty,2025-09,listed,[],WCSParty 2025,slug-wcsparty,snap_20260910T054248Z_38b636bf13ef,scoringdance,2025-09-18,unknown,2025
day,2025-10-10,2025-10-aloha-open,2025-10,listed,[],Aloha Open 2025,slug-aloha-open,snap_20260910T061253Z_52e900c7a8be,scoringdance,2025-10-10,unknown,2025
day,2025-10-05,2025-10-atlanta-swing-classic,2025-10,held,"[""calendar"",""platform"",""registry""]",Atlanta Swing Classic,wsdc-211,snap_20260909T150512Z_694f97493af0,eepro,2025-10-02,unknown,2025
day,2025-10-23,2025-10-augsburg-westie-station,2025-10,held,"[""calendar"",""platform"",""registry""]",Augsburg Westie Station 2025,wsdc-350,snap_20260910T053921Z_69193f7d71f1,scoringdance,2025-10-23,unknown,2025
day,2025-10-24,2025-10-bachata-zouk-royals,2025-10,listed,[],Bachata Zouk Royals 2025,slug-bachata-zouk-royals,snap_20260910T063458Z_425dabfc0f83,scoringdance,2025-10-24,unknown,2025
day,2025-10-16,2025-10-boogie-by-the-bay,2025-10,held,"[""calendar"",""platform"",""registry""]",Boogie By the Bay,wsdc-8,snap_20260910T063538Z_d26abeb92c67,scoringdance,2025-10-16,unknown,2025
day,2025-10-12,2025-10-go-west-swingfest,2025-10,held,"[""calendar"", ""registry""]",Go West SwingFest,wsdc-367,snap_20260913T055430Z_17be191620ce,wsdc_calendar,2025-10-10,registry,2025
day,2025-10-26,2025-10-halloween-swingthing,2025-10,held,"[""calendar"",""platform"",""registry""]",Halloween Swingthing,wsdc-65,snap_20260909T150512Z_694f97493af0,eepro,2025-10-23,unknown,2025
day,2025-10-09,2025-10-milan-modern-swing,2025-10,held,"[""calendar"",""platform"",""registry""]",Milan Modern Swing 2025,wsdc-322,snap_20260910T054025Z_c98873a1fe61,scoringdance,2025-10-09,unknown,2025
day,2025-10-19,2025-10-montreal-westie-fest,2025-10,held,"[""calendar"",""registry""]",Montreal Westie Fest,wsdc-178,snap_20260913T055430Z_17be191620ce,wsdc_calendar,2025-10-17,unknown,2025
day,2025-10-02,2025-10-norwegian-open,2025-10,listed,[],Norwegian Open 2025,slug-norwegian-open,snap_20260910T063523Z_e7ae47117066,scoringdance,2025-10-02,unknown,2025
month,,2025-10-norwegian-open-wcs,2025-10,held,"[""registry""]",Norwegian Open WCS,wsdc-388,snap_20260912T114916Z_312a2ba82293,wsdc_registry,,registry,2025
month,,2025-10-paradise-dance-festival,2025-10,held,"[""registry""]",Paradise dance festival,wsdc-43,snap_20260912T115015Z_9c119e5fb6e4,wsdc_registry,,registry,2025
day,2025-10-26,2025-10-sass,2025-10,listed,[],SASS,slug-sass,snap_20260909T150512Z_694f97493af0,eepro,2025-10-23,unknown,2025
month,,2025-10-sass-spooky-albany-swing-spectacular,2025-10,held,"[""registry""]",SASS Spooky Albany Swing Spectacular,wsdc-380,snap_20260912T115325Z_54ed762ccc90,wsdc_registry,,registry,2025
day,2025-10-29,2025-10-scandinavian-open-snow,2025-10,listed,[],Scandinavian Open 2025 [SNOW],slug-scandinavian-open-snow,snap_20260910T063122Z_30396944a079,scoringdance,2025-10-29,unknown,2025
day,2025-10-26,2025-10-swing-city-chicago,2025-10,held,"[""calendar"",""registry""]",Swing City Chicago,wsdc-125,snap_20260913T055430Z_17be191620ce,wsdc_calendar,2025-10-23,unknown,2025
day,2025-10-24,2025-10-swingside-invitational,2025-10,held,"[""calendar"",""platform"",""registry""]",Swingside Invitational 2025,wsdc-346,snap_20260910T053224Z_408fff8e8e1e,scoringdance,2025-10-24,unknown,2025
day,2025-10-31,2025-10-swustlicious,2025-10,held,"[""calendar""]",Swustlicious,wsdc-267,override,wdr,2025-10-01,unknown,2025
day,2025-10-12,2025-10-the-aloha-open,2025-10,held,"[""calendar"", ""registry""]",The Aloha Open,wsdc-355,snap_20260913T055430Z_17be191620ce,wsdc_calendar,2025-10-08,registry,2025
day,2025-10-19,2025-10-the-new-zealand-west-coast-swing-open,2025-10,held,"[""calendar"", ""registry""]",The New Zealand West Coast Swing Open,wsdc-179,snap_20260913T055430Z_17be191620ce,wsdc_calendar,2025-10-16,registry,2025
month,,2025-10-wcs-festival,2025-10,held,"[""registry""]",WCS Festival,wsdc-286,snap_20260912T115555Z_439624d8bdae,wsdc_registry,,registry,2025
day,2025-10-23,2025-10-wcs-festival-dusseldorf,2025-10,listed,[],WCS Festival Düsseldorf 2025,slug-wcs-festival-dusseldorf,snap_20260910T060244Z_9d2a07606b61,scoringdance,2025-10-23,unknown,2025
day,2025-10-30,2025-10-warsaw-halloween-swing,2025-11,held,[],Warsaw Halloween Swing 2025,wsdc-236,snap_20260910T054133Z_c7410619e00b,scoringdance,2025-10-30,unknown,2025
day,2025-11-06,2025-11-autumn-swing-challenge,2025-11,held,"[""calendar"",""platform"",""registry""]",Autumn Swing Challenge 2025,wsdc-269,snap_20260910T060751Z_6f9acc6be557,scoringdance,2025-11-06,unknown,2025
month,,2025-11-cash-bash,2025-11,held,"[""registry""]",CASH Bash,wsdc-87,snap_20260912T120755Z_f6e09b2b2df9,wsdc_registry,,registry,2025
day,2025-11-22,2025-11-ceroc-champs,2025-11,listed,[],Ceroc Champs 2025,slug-ceroc-champs,snap_20260910T053633Z_bf409aa9f9db,scoringdance,2025-11-22,unknown,2025
day,2025-11-16,2025-11-dc-swing-experience,2025-11,listed,[],DC Swing eXperience,slug-dc-swing-experience,snap_20260909T150512Z_694f97493af0,eepro,2025-11-13,unknown,2025
day,2025-11-16,2025-11-dc-swing-experience-dcsx,2025-11,held,"[""calendar"", ""platform"", ""registry""]",DC Swing eXperience (DCSX),wsdc-181,snap_20260909T150512Z_694f97493af0,eepro,2025-11-13,registry,2025
day,2025-11-14,2025-11-flowstate,2025-11,listed,[],Flowstate 2025,slug-flowstate,snap_20260910T061042Z_2fb3aaf7878b,scoringdance,2025-11-14,unknown,2025
month,,2025-11-flowstate-west-coast-swing-zouk-festival,2025-11,held,"[""registry""]",Flowstate | West Coast Swing & Zouk Festival,wsdc-365,snap_20260912T120521Z_e88d7c9e2235,wsdc_registry,,registry,2025
day,2025-11-16,2025-11-midnight-madness,2025-11,listed,[],Midnight Madness,slug-midnight-madness,snap_20260909T150512Z_694f97493af0,eepro,2025-11-13,unknown,2025
day,2025-11-16,2025-11-midnight-madness-wcs,2025-11,held,"[""platform"", ""registry""]",Midnight Madness WCS,wsdc-288,snap_20260909T150512Z_694f97493af0,eepro,2025-11-13,registry,2025
month,,2025-11-moscow-westie-fest-gala-edition,2025-11,held,"[""registry""]",Moscow Westie Fest Gala Edition,wsdc-194,snap_20260912T120455Z_697173d8ddc2,wsdc_registry,,registry,2025
month,,2025-11-mountain-magic-dance-convention,2025-11,held,"[""registry""]",Mountain Magic Dance Convention,wsdc-31,snap_20260912T115756Z_3885481ca592,wsdc_registry,,registry,2025
day,2025-11-23,2025-11-northeast-swing-clasic,2025-11,listed,[],Northeast Swing Clasic,slug-northeast-swing-clasic,snap_20260909T150512Z_694f97493af0,eepro,2025-11-20,unknown,2025
day,2025-11-23,2025-11-northeast-swing-classic,2025-11,held,"[""calendar"", ""registry""]",Northeast Swing Classic,wsdc-376,snap_20260913T055430Z_17be191620ce,wsdc_calendar,2025-11-20,registry,2025
day,2025-11-14,2025-11-pure-bachata-winter-festival,2025-11,listed,[],Pure Bachata Winter Festival 2025,slug-pure-bachata-winter-festival,snap_20260910T063628Z_882f121da579,scoringdance,2025-11-14,unknown,2025
day,2025-11-09,2025-11-rocket-city-swing,2025-11,held,"[""calendar"",""registry""]",Rocket City Swing,wsdc-323,snap_20260913T055430Z_17be191620ce,wsdc_calendar,2025-11-06,unknown,2025
month,,2025-11-scandinavian-open-wcs-snow,2025-11,held,"[""registry""]","Scandinavian Open WCS ""SNOW""",wsdc-229,snap_20260912T115841Z_6692dc2d5070,wsdc_registry,,registry,2025
day,2025-11-17,2025-11-sea-to-sky-seattle,2025-11,listed,"[""calendar""]",Sea to Sky Seattle,wsdc-79,snap_20260913T055430Z_17be191620ce,wsdc_calendar,2025-11-12,registry,2025
month,,2025-11-simply-adelaide-west-coast-swing,2025-11,held,"[""registry""]",Simply Adelaide West Coast Swing,wsdc-330,snap_20260912T120008Z_fadc4fdfde17,wsdc_registry,,registry,2025
month,,2025-11-spooky-westie-weekend,2025-11,held,"[""registry""]",Spooky Westie Weekend,wsdc-340,snap_20260912T115742Z_9fca447556ab,wsdc_registry,,registry,2025
month,,2025-11-tampa-bay-classic,2025-11,held,"[""registry""]",Tampa Bay Classic,wsdc-137,snap_20260912T115935Z_1c9b4023f433,wsdc_registry,,registry,2025
day,2025-11-30,2025-11-the-open,2025-11,listed,[],The Open,slug-the-open,snap_20260909T150512Z_694f97493af0,eepro,2025-11-26,unknown,2025
day,2025-11-30,2025-11-the-open-world-swing-dance-championships,2025-11,held,"[""calendar"", ""registry""]",The Open World Swing Dance Championships,wsdc-68,snap_20260913T055430Z_17be191620ce,wsdc_calendar,2025-11-26,registry,2025
day,2025-11-13,2025-11-westie-pink-city,2025-11,held,"[""platform"",""registry""]",Westie Pink City 2025,wsdc-312,snap_20260910T053601Z_6cd18c69421c,scoringdance,2025-11-13,unknown,2025
day,2025-11-06,2025-11-westie-s-angels,2025-11,held,"[""calendar"",""platform"",""registry""]",Westie's Angels 2025,wsdc-270,snap_20260910T053726Z_bed0c6b1bda7,scoringdance,2025-11-06,unknown,2025
day,2025-12-05,2025-12-bachata-beyond-the-enchanted-realm-of-rhythm,2025-12,listed,[],Bachata Beyond 2025 | The Enchanted Realm of Rhythm,slug-bachata-beyond-the-enchanted-realm-of-rhythm,snap_20260910T063518Z_706ee953570a,scoringdance,2025-12-05,unknown,2025
day,2025-12-11,2025-12-berlin-swing-revolution,2025-12,held,"[""platform"",""registry""]",Berlin Swing Revolution 2025,wsdc-271,snap_20260910T054333Z_71d6298e4b6c,scoringdance,2025-12-11,unknown,2025
day,2025-12-12,2025-12-global-grand-prix-wcs,2025-12,listed,[],Global Grand Prix WCS 2025,slug-global-grand-prix-wcs,snap_20260910T054405Z_2e5f268f69c7,scoringdance,2025-12-12,unknown,2025
month,,2025-12-global-grand-prix-west-coast-swing-championships,2025-12,held,"[""registry""]",Global Grand Prix - West Coast Swing Championships,wsdc-342,snap_20260912T121037Z_6626af6357a7,wsdc_registry,,registry,2025
day,2025-12-31,2025-12-new-year-s-swing-fling,2025-12,listed,"[""platform""]",New Year's Swing Fling,slug-new-year-s-swing-fling,snap_20260910T053837Z_05e54251e929,scoringdance,2025-12-31,registry,2025
day,2025-12-11,2025-12-santa-swing,2025-12,held,"[""calendar"",""platform"",""registry""]",Santa Swing 2025,wsdc-377,snap_20260910T061143Z_38227f38589d,scoringdance,2025-12-11,unknown,2025
month,,2025-12-shooba-dooba-swing,2025-12,held,"[""registry""]",Shooba Dooba Swing,wsdc-290,snap_20260912T120827Z_db3f6a598966,wsdc_registry,,registry,2025
day,2025-12-07,2025-12-swingle-bell-rock,2025-12,listed,[],Swingle Bell Rock,slug-swingle-bell-rock,snap_20260909T150512Z_694f97493af0,eepro,2025-12-04,unknown,2025
day,2025-12-31,2025-12-swingvester-26-wsdc,2025-12,listed,[],SwingVester 2025/26 WSDC,slug-swingvester-26-wsdc,snap_20260910T061233Z_4588103f377e,scoringdance,2025-12-31,unknown,2025
day,2025-12-07,2025-12-the-after-party-tap,2025-12,held,"[""calendar"", ""registry""]","The After Party ""TAP""",wsdc-212,snap_20260913T055430Z_17be191620ce,wsdc_calendar,2025-12-04,registry,2025
day,2025-12-04,2025-12-winter-white,2025-12,listed,[],Winter White 2025,slug-winter-white,snap_20260910T053637Z_84e502703ffe,scoringdance,2025-12-04,unknown,2025
day,2025-12-04,2025-12-winter-white-west-coast-swing,2025-12,held,"[""platform"", ""registry""]",Winter White West Coast Swing,wsdc-238,snap_20260910T053637Z_84e502703ffe,scoringdance,2025-12-04,registry,2025
day,2025-12-28,2025-12-westie-gala,2026-01,held,"[""platform"",""registry""]",Westie Gala 2025/2026,wsdc-240,snap_20260910T053741Z_7784b3b25ed3,scoringdance,2025-12-28,unknown,2025
day,2026-01-18,2026-01-austin-swing-dance-championships,2026-01,held,"[""platform"",""registry""]",Austin Swing Dance Championships,wsdc-200,snap_20260909T150512Z_694f97493af0,eepro,2026-01-15,unknown,2026
day,2026-01-16,2026-01-avignon-city-swing,2026-01,held,"[""platform"",""registry""]",Avignon City Swing 2026,wsdc-309,snap_20260910T053611Z_f9cf1bcd6f9e,scoringdance,2026-01-16,unknown,2026
day,2026-01-29,2026-01-bachazouk-bachata-festival,2026-01,listed,[],BachaZouk Bachata Festival 2026,slug-bachazouk-bachata-festival,snap_20260910T053556Z_32aecf05d35e,scoringdance,2026-01-29,unknown,2026
day,2026-01-23,2026-01-big-3-festival-hamburg-bachata-jack-jill,2026-01,listed,[],Big 3 Festival Hamburg 2026 (Bachata Jack & Jill),slug-big-3-festival-hamburg-bachata-jack-jill,snap_20260910T060830Z_35a5572a75b9,scoringdance,2026-01-23,unknown,2026
day,2026-01-23,2026-01-big-3-festival-hamburg-salsa-jack-jill,2026-01,listed,[],Big 3 Festival Hamburg 2026 (Salsa Jack & Jill),slug-big-3-festival-hamburg-salsa-jack-jill,snap_20260910T063142Z_598e949bb012,scoringdance,2026-01-23,unknown,2026
day,2026-01-06,2026-01-budafest,2026-01,listed,[],Budafest 2026,slug-budafest,snap_20260910T053940Z_628e8e59842a,scoringdance,2026-01-06,unknown,2026
month,,2026-01-budafest-open-wcs-championships,2026-01,held,"[""registry""]",BudaFest Open WCS Championships,wsdc-184,snap_20260912T121448Z_130b0c193c08,wsdc_registry,,registry,2026
day,2026-01-04,2026-01-countdown-swing-boston,2026-01,held,[],Countdown Swing Boston,wsdc-334,snap_20260909T150512Z_694f97493af0,eepro,2025-12-31,unknown,2026
day,2026-01-25,2026-01-derby-city-swing,2026-01,held,"[""platform"",""registry""]",Derby City Swing,wsdc-242,snap_20260909T150512Z_694f97493af0,eepro,2026-01-22,unknown,2026
day,2026-01-31,2026-01-floorplay-swing-vacation,2026-01,held,"[""calendar""]",Floorplay Swing Vacation,wsdc-42,override,wdr,2026-01-01,unknown,2026
day,2026-01-25,2026-01-freedom-swing-dance-challenge,2026-01,held,"[""platform"",""registry""]",Freedom Swing Dance Challenge,wsdc-183,snap_20260909T150512Z_694f97493af0,eepro,2026-01-23,unknown,2026
day,2026-01-30,2026-01-latin-dreams,2026-01,listed,[],Latin Dreams 2026,slug-latin-dreams,snap_20260910T060113Z_f26c51bf96a5,scoringdance,2026-01-30,unknown,2026
day,2026-01-15,2026-01-monterey-swinfest,2026-01,listed,[],Monterey Swinfest  2026,slug-monterey-swinfest,snap_20260910T060237Z_ec3a9683fbdf,scoringdance,2026-01-15,unknown,2026
month,,2026-01-monterey-swing-fest,2026-01,held,"[""registry""]",Monterey Swing Fest,wsdc-62,snap_20260912T121903Z_289baf8efa35,wsdc_registry,,registry,2026
day,2026-01-18,2026-01-nj-hustle-congress,2026-01,listed,[],NJ Hustle Congress,slug-nj-hustle-congress,snap_20260909T150512Z_694f97493af0,eepro,2026-01-15,unknown,2026
day,2026-01-25,2026-01-paris-swing-classic,2026-01,held,"[""platform"",""registry""]",Paris Swing Classic,wsdc-307,snap_20260909T150512Z_694f97493af0,eepro,2026-01-22,unknown,2026
day,2026-01-02,2026-01-pure-bachata-role-rotation-weekend-cologne,2026-01,listed,[],Pure Bachata - Role Rotation Weekend Cologne 2026,slug-pure-bachata-role-rotation-weekend-cologne,snap_20260910T063433Z_fb2427859294,scoringdance,2026-01-02,unknown,2026
day,2026-01-03,2026-01-spotlight-new-year-s-celebration,2026-01,held,"[""calendar"",""platform"",""registry""]",Spotlight New Year's Celebration,wsdc-141,snap_20260909T150512Z_694f97493af0,eepro,2025-12-30,unknown,2026
day,2026-01-23,2026-01-swing-resolution,2026-01,held,"[""platform"",""registry""]",Swing Resolution 2026,wsdc-301,snap_20260910T061002Z_9dbbda96cdd7,scoringdance,2026-01-23,unknown,2026
day,2026-01-04,2026-01-swingcouver,2026-01,held,"[""platform"",""registry""]",Swingcouver,wsdc-196,snap_20260909T150512Z_694f97493af0,eepro,2025-12-31,unknown,2026
day,2026-01-05,2026-01-swingvester,2026-01,held,"[""calendar"", ""registry""]",SwingVester 2025,wsdc-289,snap_20260913T055430Z_17be191620ce,wsdc_calendar,2025-12-31,registry,2026
day,2026-01-04,2026-01-ucwdc-country-dance-world-championships,2026-01,held,"[""platform"",""registry""]",UCWDC Country Dance World Championships,wsdc-75,snap_20260909T150512Z_694f97493af0,eepro,2025-12-28,unknown,2026
day,2026-02-19,2026-02-arousa-westie-fest,2026-02,held,"[""platform"",""registry""]",Arousa Westie Fest 2026,wsdc-344,snap_20260910T060942Z_ac156207641d,scoringdance,2026-02-19,unknown,2026
day,2026-02-15,2026-02-capital-swing,2026-02,listed,[],Capital Swing,slug-capital-swing,snap_20260909T150512Z_694f97493af0,eepro,2026-02-12,unknown,2026
month,,2026-02-capital-swing-convention,2026-02,held,"[""registry""]",Capital Swing Convention,wsdc-12,snap_20260912T122111Z_5d3914410f2a,wsdc_registry,,registry,2026
month,,2026-02-charlotte-westiefest,2026-02,held,"[""registry""]",Charlotte WestieFest,wsdc-273,snap_20260912T121857Z_a3d92db5f095,wsdc_registry,,registry,2026
day,2026-02-17,2026-02-euro-dance-festival,2026-02,held,"[""platform"",""registry""]",Euro Dance Festival 2026,wsdc-348,snap_20260910T054031Z_b09d54392f30,scoringdance,2026-02-17,unknown,2026
day,2026-02-26,2026-02-munich-bachata-fest,2026-02,listed,[],Munich Bachata Fest 2026,slug-munich-bachata-fest,snap_20260910T060142Z_d2c960cf644c,scoringdance,2026-02-26,unknown,2026
day,2026-02-13,2026-02-prague-alchemy-swing,2026-02,held,"[""platform"",""registry""]",Prague Alchemy Swing,wsdc-386,snap_20260910T063352Z_ad819ed0a9f0,scoringdance,2026-02-13,unknown,2026
day,2026-02-22,2026-02-swing-crush,2026-02,held,"[""platform"",""registry""]",Swing Crush,wsdc-343,snap_20260909T150512Z_694f97493af0,eepro,2026-02-19,unknown,2026
month,,2026-02-swing-snow,2026-02,held,"[""registry""]",Swing & Snow,wsdc-215,snap_20260912T121948Z_f699f3e46d99,wsdc_registry,,registry,2026
day,2026-02-05,2026-02-swingtzerland,2026-02,held,"[""platform"",""registry""]",Swingtzerland 2026,wsdc-258,snap_20260910T053350Z_bc3b5f560be5,scoringdance,2026-02-05,unknown,2026
day,2026-02-06,2026-02-trinity-swing,2026-02,held,"[""platform"",""registry""]",Trinity Swing 2026,wsdc-363,snap_20260910T051324Z_0fa8a3904621,scoringdance,2026-02-06,unknown,2026
day,2026-02-13,2026-02-valentine-swing,2026-02,held,"[""platform"",""registry""]",Valentine Swing 2026,wsdc-310,snap_20260910T063127Z_b06fb422cdc1,scoringdance,2026-02-13,unknown,2026
day,2026-02-28,2026-02-waterloo-ontario-open-west-coast-swing-championships,2026-02,held,"[""calendar""]",Waterloo Ontario Open West Coast Swing Championships,wsdc-387,override,wdr,2026-02-01,unknown,2026
day,2026-02-19,2026-02-winter-coast-swing,2026-02,held,"[""platform"",""registry""]",Winter Coast Swing 2026,wsdc-297,snap_20260910T053731Z_65917b7cfd4d,scoringdance,2026-02-19,unknown,2026
day,2026-02-26,2026-02-rose-city-swing,2026-03,held,"[""platform"",""registry""]",Rose City Swing 2026,wsdc-244,snap_20260910T063653Z_30468a35aa06,scoringdance,2026-02-26,unknown,2026
day,2026-03-26,2026-03-5280-westival,2026-03,held,"[""platform"",""registry""]",5280 Westival 2026,wsdc-197,snap_20260910T054229Z_f2ca41dc582e,scoringdance,2026-03-26,unknown,2026
day,2026-03-12,2026-03-all-star-swingjam,2026-03,held,"[""platform"",""registry""]",All Star SwingJam 2026,wsdc-318,snap_20260910T051319Z_44789d8b4ac1,scoringdance,2026-03-12,unknown,2026
day,2026-03-29,2026-03-boston-tea-party,2026-03,listed,[],Boston Tea Party,slug-boston-tea-party,snap_20260909T150512Z_694f97493af0,eepro,2026-03-26,unknown,2026
day,2026-03-12,2026-03-dutch-open,2026-03,listed,[],Dutch Open 2026,slug-dutch-open,snap_20260910T060733Z_a87b2f4501f9,scoringdance,2026-03-12,unknown,2026
month,,2026-03-dutch-open-west-coast-swing,2026-03,held,"[""registry""]",Dutch Open West Coast Swing,wsdc-275,snap_20260912T122641Z_74acdcacd4b3,wsdc_registry,,registry,2026
day,2026-03-29,2026-03-h-town-throw-down,2026-03,held,"[""platform"",""registry""]",H-Town Throw Down,wsdc-153,snap_20260909T150512Z_694f97493af0,eepro,2026-03-26,unknown,2026
month,,2026-03-high-desert-dance-classic,2026-03,held,"[""registry""]",High Desert Dance Classic,wsdc-143,snap_20260912T122621Z_44d0f35553d8,wsdc_registry,,registry,2026
day,2026-03-19,2026-03-king-swing,2026-03,held,"[""platform"",""registry""]",King Swing 2026,wsdc-292,snap_20260910T051314Z_447b10e1c350,scoringdance,2026-03-19,unknown,2026
day,2026-03-05,2026-03-madjam,2026-03,listed,[],MADjam,slug-madjam,snap_20260909T150512Z_694f97493af0,eepro,2026-03-03,unknown,2026
month,,2026-03-madjam-mid-atlantic-dance-jam,2026-03,held,"[""registry""]",MADjam (Mid Atlantic Dance Jam),wsdc-92,snap_20260912T122532Z_1f592e4a9734,wsdc_registry,,registry,2026
day,2026-03-01,2026-03-new-york-flow-festival,2026-03,held,"[""platform"",""registry""]",New York Flow Festival,wsdc-378,snap_20260909T150512Z_694f97493af0,eepro,2026-02-27,unknown,2026
month,,2026-03-southern-lights-swing,2026-03,held,"[""registry""]",Southern Lights Swing,wsdc-394,snap_20260912T122556Z_620047b5745d,wsdc_registry,,registry,2026
month,,2026-03-swingvasion,2026-03,held,"[""registry""]",Swingvasion,wsdc-333,snap_20260912T122446Z_0467c6be9660,wsdc_registry,,registry,2026
day,2026-03-29,2026-03-the-boston-tea-party,2026-03,held,"[""platform"", ""registry""]",The Boston Tea Party,wsdc-9,snap_20260909T150512Z_694f97493af0,eepro,2026-03-26,registry,2026
day,2026-03-31,2026-03-the-chicago-classic,2026-03,held,"[""calendar""]",The Chicago Classic,wsdc-142,override,wdr,2026-03-01,unknown,2026
day,2026-03-26,2026-03-uk-west-coast-swing-championships,2026-03,held,"[""platform"",""registry""]",UK West Coast Swing Championships 2026,wsdc-154,snap_20260910T051358Z_9b8540dbb9f6,scoringdance,2026-03-26,unknown,2026
day,2026-03-12,2026-03-west-in-lyon,2026-03,held,"[""platform"",""registry""]",West in Lyon 2026,wsdc-186,snap_20260910T053521Z_f7e941b75b28,scoringdance,2026-03-12,unknown,2026
day,2026-03-12,2026-03-westie-spring-thing,2026-03,held,"[""platform"",""registry""]",Westie Spring Thing 2026,wsdc-314,snap_20260910T053821Z_54a72b97e117,scoringdance,2026-03-12,unknown,2026
day,2026-04-16,2026-04-asia-wcs-open,2026-04,held,"[""platform"",""registry""]",Asia WCS Open  2026,wsdc-218,snap_20260910T053758Z_d092303d8b79,scoringdance,2026-04-16,unknown,2026
month,,2026-04-calgary-dance-stampede,2026-04,held,"[""registry""]",Calgary Dance Stampede,wsdc-116,snap_20260912T123445Z_2ce8b9bd2967,wsdc_registry,,registry,2026
day,2026-04-30,2026-04-city-of-angels-wcs,2026-04,held,"[""calendar""]",City Of Angels 2026,wsdc-187,override,scoringdance,2026-04-01,unknown,2026
day,2026-04-23,2026-04-detonation-dance,2026-04,held,"[""platform"",""registry""]",Detonation Dance 2026,wsdc-203,snap_20260910T063418Z_99341196c449,scoringdance,2026-04-23,unknown,2026
day,2026-04-02,2026-04-easter-swing,2026-04,held,"[""platform"",""registry""]",Easter Swing 2026,wsdc-18,snap_20260910T060353Z_802f3f719b84,scoringdance,2026-04-02,unknown,2026
month,,2026-04-honey-fest,2026-04,held,"[""registry""]",HONEY FEST,wsdc-345,snap_20260912T123749Z_4393f7b8f8c2,wsdc_registry,,registry,2026
day,2026-04-09,2026-04-korean-open,2026-04,listed,[],Korean Open 2026,slug-korean-open,snap_20260910T053545Z_62cc8ca592bf,scoringdance,2026-04-09,unknown,2026
month,,2026-04-korean-open-wcs-championships,2026-04,held,"[""registry""]",Korean Open WCS Championships,wsdc-210,snap_20260912T123556Z_04fd6b85ce30,wsdc_registry,,registry,2026
day,2026-04-05,2026-04-lyon-bachata-festival,2026-04,listed,[],Lyon Bachata Festival 2026,slug-lyon-bachata-festival,snap_20260910T032911Z_34e948f7fea1,scoringdance,2026-04-05,unknown,2026
day,2026-04-23,2026-04-slovenian-open,2026-04,held,"[""platform"",""registry""]",Slovenian Open 2026,wsdc-352,snap_20260910T061027Z_bb6e533ec31d,scoringdance,2026-04-23,unknown,2026
day,2026-04-30,2026-04-swing-in-bloom,2026-04,held,"[""calendar""]",Swing In Bloom,wsdc-393,override,wdr,2026-04-01,unknown,2026
day,2026-04-09,2026-04-swing-in-capital,2026-04,held,"[""platform"",""registry""]",Swing In Capital 2026,wsdc-304,snap_20260910T053229Z_6a1b27926fee,scoringdance,2026-04-09,unknown,2026
day,2026-04-23,2026-04-swingin-festival,2026-04,held,"[""platform"",""registry""]",SwingIn Festival 2026,wsdc-370,snap_20260910T060312Z_63f719eaf324,scoringdance,2026-04-23,unknown,2026
day,2026-04-26,2026-04-swingover,2026-04,held,"[""platform"",""registry""]",Swingover,wsdc-259,snap_20260909T150512Z_694f97493af0,eepro,2026-04-23,unknown,2026
day,2026-04-05,2026-04-tulsa-spring-swing,2026-04,held,"[""platform"",""registry""]",Tulsa Spring Swing,wsdc-132,snap_20260909T150512Z_694f97493af0,eepro,2026-04-03,unknown,2026
day,2026-04-10,2026-04-westy-nantes,2026-04,held,"[""platform"",""registry""]",Westy Nantes 2026,wsdc-293,snap_20260910T061153Z_f978d98d5bca,scoringdance,2026-04-10,unknown,2026
day,2026-04-30,2026-04-nordic-wcs-championships,2026-05,held,"[""platform"",""registry""]",Nordic WCS Championships 2026,wsdc-253,snap_20260910T053851Z_bf1479a8ec26,scoringdance,2026-04-30,unknown,2026
day,2026-04-30,2026-04-spring-time-swing,2026-05,held,"[""platform"",""registry""]",Spring Time Swing 2026,wsdc-354,snap_20260910T054359Z_59237619a4cb,scoringdance,2026-04-30,unknown,2026
day,2026-05-01,2026-05-beemad,2026-05,held,"[""platform"",""registry""]",BeeMAD 2026,wsdc-347,snap_20260910T053251Z_f106b47a0b4f,scoringdance,2026-05-01,unknown,2026
month,,2026-05-canadian-swing-championships,2026-05,held,"[""registry""]",Canadian Swing Championships,wsdc-105,snap_20260912T124440Z_d423bf3c4dac,wsdc_registry,,registry,2026
day,2026-05-29,2026-05-festival-city-swing-edinburgh,2026-05,listed,[],Festival City Swing Edinburgh 2026,slug-festival-city-swing-edinburgh,snap_20260910T060716Z_f1624b69a3b1,scoringdance,2026-05-29,unknown,2026
day,2026-05-13,2026-05-french-open,2026-05,listed,[],French Open 2026,slug-french-open,snap_20260910T053308Z_99c8e4d26bcd,scoringdance,2026-05-13,unknown,2026
month,,2026-05-french-open-wcs,2026-05,held,"[""registry""]",French Open WCS,wsdc-175,snap_20260912T124356Z_a53f0b446ac5,wsdc_registry,,registry,2026
day,2026-05-17,2026-05-gateway-swing-classic,2026-05,held,"[""platform"",""registry""]",Gateway Swing Classic,wsdc-221,snap_20260909T150512Z_694f97493af0,eepro,2026-05-14,unknown,2026
day,2026-05-25,2026-05-gndc,2026-05,listed,[],GNDC,slug-gndc,snap_20260909T150512Z_694f97493af0,eepro,2026-05-21,unknown,2026
day,2026-05-22,2026-05-hungarian-open,2026-05,held,"[""platform"",""registry""]",Hungarian Open 2026,wsdc-206,snap_20260910T054234Z_fec2358e6fad,scoringdance,2026-05-22,unknown,2026
day,2026-05-07,2026-05-med-in-swing,2026-05,held,"[""platform"",""registry""]",Med In Swing 2026,wsdc-379,snap_20260910T061208Z_31f3f47e9e4a,scoringdance,2026-05-07,unknown,2026
day,2026-05-31,2026-05-michigan-classic,2026-05,held,"[""platform"",""registry""]",Michigan Classic,wsdc-76,snap_20260909T150512Z_694f97493af0,eepro,2026-05-28,unknown,2026
day,2026-05-28,2026-05-nanaimo-dance-fusion,2026-05,held,"[""platform"",""registry""]",Nanaimo Dance Fusion 2026,wsdc-364,snap_20260910T063643Z_59e26b7b05d8,scoringdance,2026-05-28,unknown,2026
month,,2026-05-som-swing-of-music,2026-05,held,"[""registry""]",SOM-Swing of Music,wsdc-336,snap_20260912T124309Z_0b749d13db6f,wsdc_registry,,registry,2026
month,,2026-05-soswing,2026-05,held,"[""registry""]",SOswing,wsdc-205,snap_20260912T124327Z_40895cab8b03,wsdc_registry,,registry,2026
day,2026-05-14,2026-05-soswing-convention,2026-05,listed,[],SOswing Convention 2026,slug-soswing-convention,snap_20260910T060440Z_f5d00de4b9e1,scoringdance,2026-05-14,unknown,2026
day,2026-05-07,2026-05-swing-of-music,2026-05,listed,[],Swing of Music 2026,slug-swing-of-music,snap_20260910T060358Z_ee543ea8fb47,scoringdance,2026-05-07,unknown,2026
day,2026-05-03,2026-05-swingin-into-spring,2026-05,held,"[""platform"",""registry""]",Swingin' Into Spring,wsdc-144,snap_20260909T150512Z_694f97493af0,eepro,2026-05-01,unknown,2026
month,,2026-05-swingsation,2026-05,held,"[""registry""]",Swingsation 2026,wsdc-174,snap_20260912T124313Z_83c2a8684a72,wsdc_registry,,registry,2026
month,,2026-05-texas-classic,2026-05,held,"[""registry""]",Texas Classic,wsdc-121,snap_20260912T124524Z_5d7c407d5608,wsdc_registry,,registry,2026
month,,2026-05-usa-grand-national-dance-championships,2026-05,held,"[""registry""]",USA Grand National Dance Championships,wsdc-22,snap_20260912T124522Z_175a34f19b7d,wsdc_registry,,registry,2026
day,2026-05-10,2026-05-westie-weekend,2026-05,held,"[""platform"",""registry""]",Westie Weekend,wsdc-372,snap_20260909T150512Z_694f97493af0,eepro,2026-05-08,unknown,2026
day,2026-06-18,2026-06-bachata-beach-festival,2026-06,listed,[],Bachata Beach Festival,slug-bachata-beach-festival,snap_20260910T060737Z_e4e544a55ed6,scoringdance,2026-06-18,unknown,2026
day,2026-06-11,2026-06-baltic-swing,2026-06,held,"[""platform"",""registry""]",Baltic Swing 2026,wsdc-222,snap_20260910T054314Z_84883f77176b,scoringdance,2026-06-11,unknown,2026
month,,2026-06-baroqueswing,2026-06,held,"[""registry""]",BaroqueSwing,wsdc-374,snap_20260912T124913Z_bc263ca04eae,wsdc_registry,,registry,2026
day,2026-06-25,2026-06-baroqueswing-ludwigsburg,2026-06,listed,[],BaroqueSwing Ludwigsburg 2026,slug-baroqueswing-ludwigsburg,snap_20260910T060932Z_1ca69bb1632c,scoringdance,2026-06-25,unknown,2026
month,,2026-06-colorado-country-classic,2026-06,held,"[""registry""]",Colorado Country Classic,wsdc-109,snap_20260912T125040Z_5d922b445b57,wsdc_registry,,registry,2026
day,2026-06-18,2026-06-d-town-swing,2026-06,listed,[],D-Town Swing 2026,slug-d-town-swing,snap_20260910T051249Z_750bb061eb42,scoringdance,2026-06-18,unknown,2026
day,2026-06-18,2026-06-d-townswing,2026-06,held,"[""platform"", ""registry""]",D-Townswing,wsdc-220,snap_20260910T051249Z_750bb061eb42,scoringdance,2026-06-18,registry,2026
day,2026-06-14,2026-06-disco-america,2026-06,listed,[],Disco America,slug-disco-america,snap_20260909T150512Z_694f97493af0,eepro,2026-06-11,unknown,2026
month,,2026-06-festival-city-swing,2026-06,held,"[""registry""]",Festival City Swing,wsdc-371,snap_20260912T124559Z_5cabea505171,wsdc_registry,,registry,2026
day,2026-06-05,2026-06-hembsy-chill-silc-competition,2026-06,listed,[],Hembsy Chill SILC Competition 2026,slug-hembsy-chill-silc-competition,snap_20260910T061032Z_11446e02d91a,scoringdance,2026-06-05,unknown,2026
day,2026-06-07,2026-06-jack-jill-o-rama,2026-06,held,"[""platform"",""registry""]",Jack & Jill O'Rama,wsdc-25,snap_20260909T150512Z_694f97493af0,eepro,2026-06-04,unknown,2026
day,2026-06-30,2026-06-liberty-swing,2026-06,listed,[],Liberty Swing,slug-liberty-swing,snap_20260909T150512Z_694f97493af0,eepro,2026-06-25,unknown,2026
month,,2026-06-liberty-swing-dance-championships,2026-06,held,"[""registry""]",Liberty Swing Dance Championships,wsdc-96,snap_20260912T124931Z_e4fc67f98adb,wsdc_registry,,registry,2026
day,2026-06-18,2026-06-milan-swing-vibes,2026-06,held,"[""platform"",""registry""]",Milan Swing Vibes 2026,wsdc-405,snap_20260910T063508Z_456008821e5a,scoringdance,2026-06-18,unknown,2026
day,2026-06-25,2026-06-neverland-swing,2026-06,listed,[],Neverland Swing 2026,slug-neverland-swing,snap_20260910T060907Z_cab1172cf949,scoringdance,2026-06-25,unknown,2026
day,2026-06-25,2026-06-neverlandswing-dutch-swing-championships,2026-06,held,"[""platform"", ""registry""]",NeverlandSwing Dutch Swing Championships 2026,wsdc-261,snap_20260910T060907Z_cab1172cf949,scoringdance,2026-06-25,registry,2026
day,2026-06-07,2026-06-orange-blossom,2026-06,listed,[],Orange Blossom,slug-orange-blossom,snap_20260909T150512Z_694f97493af0,eepro,2026-06-04,unknown,2026
month,,2026-06-orange-blossom-dance-festival,2026-06,held,"[""registry""]",Orange Blossom Dance Festival,wsdc-117,snap_20260912T124643Z_dda9b48c6b8f,wsdc_registry,,registry,2026
month,,2026-06-swing-fiction,2026-06,held,"[""registry""]",Swing Fiction,wsdc-331,snap_20260912T125014Z_04d346739e78,wsdc_registry,,registry,2026
day,2026-06-30,2026-06-swingapalooza,2026-06,held,"[""calendar""]",Swingapalooza,wsdc-162,override,wdr,2026-06-01,unknown,2026
month,,2026-07-americano-dance-camp,2026-07,held,"[""registry""]",Americano Dance Camp,wsdc-278,snap_20260912T125236Z_f0e227580816,wsdc_registry,,registry,2026
day,2026-07-12,2026-07-big-apple-dance-festival,2026-07,held,"[""platform"",""registry""]",Big Apple Dance Festival,wsdc-156,snap_20260909T150512Z_694f97493af0,eepro,2026-07-09,unknown,2026
day,2026-07-31,2026-07-carolina-summer-swing,2026-07,held,"[""calendar""]",Carolina Summer Swing,wsdc-373,override,wdr,2026-07-01,unknown,2026
day,2026-07-31,2026-07-florida-dance-magic,2026-07,held,"[""calendar""]",Florida Dance Magic,wsdc-149,override,wdr,2026-07-01,unknown,2026
day,2026-07-03,2026-07-french-connection,2026-07,listed,[],French Connection 2026,slug-french-connection,snap_20260910T060210Z_acd990521dc3,scoringdance,2026-07-03,unknown,2026
month,,2026-07-french-connection-wcs,2026-07,held,"[""registry""]",French Connection WCS,wsdc-369,snap_20260912T125310Z_fff175475ae3,wsdc_registry,,registry,2026
month,,2026-07-infinite-swing,2026-07,held,"[""registry""]",Infinite Swing,wsdc-404,snap_20260912T125939Z_1932985c5104,wsdc_registry,,registry,2026
day,2026-07-23,2026-07-infinite-swing-munich,2026-07,listed,[],Infinite Swing Munich 2026,slug-infinite-swing-munich,snap_20260910T054354Z_ed79ffc2f8fb,scoringdance,2026-07-23,unknown,2026
day,2026-07-09,2026-07-mediterranean-open,2026-07,listed,[],Mediterranean Open 2026,slug-mediterranean-open,snap_20260910T051344Z_a5d95924b8ba,scoringdance,2026-07-09,unknown,2026
month,,2026-07-mediterranean-open-wcs,2026-07,held,"[""registry""]",Mediterranean Open WCS,wsdc-375,snap_20260912T125609Z_bb32bd650e0e,wsdc_registry,,registry,2026
day,2026-07-19,2026-07-midwest-westie-fest,2026-07,held,"[""platform"",""registry""]",Midwest Westie Fest,wsdc-224,snap_20260909T150512Z_694f97493af0,eepro,2026-07-16,unknown,2026
day,2026-07-09,2026-07-my-swing,2026-07,held,"[""platform"",""registry""]",My Swing 2026,wsdc-362,snap_20260910T060551Z_451b8e778978,scoringdance,2026-07-09,unknown,2026
day,2026-07-05,2026-07-phoenix-of-july,2026-07,held,"[""platform"",""registry""]",Phoenix 4th Of July,wsdc-1,snap_20260909T150512Z_694f97493af0,eepro,2026-07-02,unknown,2026
month,,2026-07-revitalise-wcs,2026-07,held,"[""registry""]",Revitalise WCS,wsdc-385,snap_20260912T125744Z_d90ab71c97ff,wsdc_registry,,registry,2026
day,2026-07-16,2026-07-rock-the-barn,2026-07,held,"[""platform"",""registry""]",Rock The Barn 2026,wsdc-256,snap_20260910T060223Z_b2658456efdd,scoringdance,2026-07-16,unknown,2026
day,2026-07-02,2026-07-saunaswing,2026-07,held,"[""platform"",""registry""]",SaunaSwing 2026,wsdc-360,snap_20260910T053706Z_6228a5722422,scoringdance,2026-07-02,unknown,2026
day,2026-07-25,2026-07-sea-sun-swing-camp,2026-07,listed,[],Sea Sun & Swing Camp 2026,slug-sea-sun-swing-camp,snap_20260910T060423Z_d135c333866f,scoringdance,2026-07-25,unknown,2026
month,,2026-07-st-petersburg-wcs-nights,2026-07,held,"[""registry""]",St. Petersburg WCS Nights,wsdc-280,snap_20260912T125907Z_f0ef829bf5a8,wsdc_registry,,registry,2026
day,2026-07-09,2026-07-swinglab-berlin,2026-07,held,"[""platform"",""registry""]",SwingLab Berlin,wsdc-389,snap_20260910T053330Z_b25043bb27f8,scoringdance,2026-07-09,unknown,2026
day,2026-07-05,2026-07-wild-wild-westie,2026-07,held,"[""platform"",""registry""]",Wild Wild Westie,wsdc-225,snap_20260909T150512Z_694f97493af0,eepro,2026-07-02,unknown,2026
day,2026-07-30,2026-07-warsaw-summer-nights-westival,2026-08,held,"[""platform"",""registry""]",Warsaw Summer Nights Westival 2026,wsdc-383,snap_20260910T063543Z_cc89c059b013,scoringdance,2026-07-30,unknown,2026
day,2026-08-02,2026-08-arizona-dance-classic,2026-08,held,"[""platform"",""registry""]",Arizona Dance Classic,wsdc-77,snap_20260909T150512Z_694f97493af0,eepro,2026-07-30,unknown,2026
day,2026-08-28,2026-08-bristol-swing-fiesta,2026-08,held,"[""platform"",""registry""]",Bristol Swing Fiesta 2026,wsdc-339,snap_20260909T150507Z_8a70e1ed5970,scoringdance,2026-08-28,unknown,2026
month,,2026-08-chicagoland-country-and-swing-dance-festival,2026-08,held,"[""registry""]",Chicagoland Country and Swing Dance Festival,wsdc-119,snap_20260912T130656Z_775d5db8e6ce,wsdc_registry,,registry,2026
day,2026-08-31,2026-08-desert-city-swing,2026-08,held,"[""calendar""]",Desert City Swing,wsdc-135,override,wdr,2026-08-01,unknown,2026
day,2026-08-05,2026-08-german-open,2026-08,listed,[],German Open 2026,slug-german-open,snap_20260910T060308Z_16b38b4cf26d,scoringdance,2026-08-05,unknown,2026
day,2026-08-05,2026-08-german-open-wcs,2026-08,held,"[""platform"", ""registry""]",German Open WCS,wsdc-282,snap_20260910T060308Z_16b38b4cf26d,scoringdance,2026-08-05,registry,2026
day,2026-08-13,2026-08-grand-party-sofia,2026-08,listed,[],Grand Party Sofia 2026,slug-grand-party-sofia,snap_20260910T060900Z_06c0c3eb16fe,scoringdance,2026-08-13,unknown,2026
month,,2026-08-grand-party-sofia-gps,2026-08,held,"[""registry""]",Grand Party Sofia (GPS),wsdc-384,snap_20260912T130308Z_3cb69049cbec,wsdc_registry,,registry,2026
day,2026-08-01,2026-08-lisbon-westie-fest,2026-08,held,"[""platform"",""registry""]",Lisbon Westie Fest 2026,wsdc-382,snap_20260910T061107Z_6e3cacce8a31,scoringdance,2026-08-01,unknown,2026
day,2026-08-21,2026-08-manneken-swing,2026-08,held,"[""platform"",""registry""]",Manneken Swing 2026,wsdc-400,snap_20260910T063413Z_01228b7a8d39,scoringdance,2026-08-21,unknown,2026
month,,2026-08-new-england-dance-festival,2026-08,held,"[""registry""]",New England Dance Festival,wsdc-157,snap_20260912T130244Z_70405ac4a4fa,wsdc_registry,,registry,2026
day,2026-08-27,2026-08-rolling-swing,2026-08,held,"[""platform"",""registry""]",Rolling Swing 2026,wsdc-313,snap_20260910T054048Z_1f0cb85a47e1,scoringdance,2026-08-27,unknown,2026
day,2026-07-25,2026-08-sea-sun-and-swing,2026-08,held,"[""platform"", ""registry""]",Sea Sun and Swing,wsdc-164,snap_20260910T060423Z_d135c333866f,scoringdance,2026-07-25,registry,2026
month,,2026-08-shakedown-swing,2026-08,held,"[""registry""]",Shakedown Swing,wsdc-298,snap_20260912T130354Z_336c47a4ee71,wsdc_registry,,registry,2026
day,2026-08-23,2026-08-summer-hummer,2026-08,held,"[""platform"",""registry""]",Summer Hummer,wsdc-53,snap_20260909T150512Z_694f97493af0,eepro,2026-08-20,unknown,2026
day,2026-08-20,2026-08-swing-creation-hamburg,2026-08,held,"[""platform"",""registry""]",Swing Creation Hamburg,wsdc-401,snap_20260910T060157Z_4efac04d593e,scoringdance,2026-08-20,unknown,2026
day,2026-08-09,2026-08-swing-fling,2026-08,held,"[""platform"",""registry""]",Swing Fling,wsdc-59,snap_20260909T150512Z_694f97493af0,eepro,2026-08-06,unknown,2026
day,2026-08-09,2026-08-swingtacular,2026-08,listed,[],Swingtacular,slug-swingtacular,snap_20260909T150512Z_694f97493af0,eepro,2026-08-06,unknown,2026
day,2026-08-09,2026-08-swingtacular-the-galactic-open,2026-08,held,"[""platform"", ""registry""]",Swingtacular: The Galactic Open,wsdc-227,snap_20260909T150512Z_694f97493af0,eepro,2026-08-06,registry,2026
day,2026-08-21,2026-08-the-bend-connection,2026-08,held,"[""platform"",""registry""]",The Bend Connection 2026,wsdc-356,snap_20260910T060531Z_01f59c9b3c3c,scoringdance,2026-08-21,unknown,2026
day,2026-08-14,2026-08-uptown-swing,2026-08,held,"[""platform"",""registry""]",UpTown Swing 2026,wsdc-264,snap_20260910T061223Z_b764a5f86524,scoringdance,2026-08-14,unknown,2026
day,2026-08-21,2026-08-westie-joy,2026-08,held,"[""platform"",""registry""]",Westie Joy 2026,wsdc-407,snap_20260910T063233Z_fa9f9ffe7c3d,scoringdance,2026-08-21,unknown,2026
day,2026-09-20,2026-09-austin-rocks,2026-09,listed,"[""calendar""]",Austin Rocks,slug-austin-rocks,de51b1e142624d9a854864ae05264d1b,wsdc_calendar,2026-09-18,registry,2026
day,2026-09-14,2026-09-bavarian-open-west-coast-swing-championships,2026-09,listed,"[""calendar""]",Bavarian Open West Coast Swing Championships,slug-bavarian-open-west-coast-swing-championships,de51b1e142624d9a854864ae05264d1b,wsdc_calendar,2026-09-10,registry,2026
day,2026-09-27,2026-09-best-of-the-best-wcs,2026-09,listed,"[""calendar""]",Best of the Best WCS,slug-best-of-the-best-wcs,de51b1e142624d9a854864ae05264d1b,wsdc_calendar,2026-09-24,registry,2026
day,2026-09-27,2026-09-calgary-town-open,2026-09,listed,"[""calendar""]",Calgary Town Open,slug-calgary-town-open,de51b1e142624d9a854864ae05264d1b,wsdc_calendar,2026-09-24,registry,2026
day,2026-09-21,2026-09-finnfest,2026-09,listed,"[""calendar""]",Finnfest,slug-finnfest,de51b1e142624d9a854864ae05264d1b,wsdc_calendar,2026-09-18,registry,2026
day,2026-09-21,2026-09-global-grand-prix-west-coast-swing-championships,2026-09,listed,"[""calendar""]",Global Grand Prix -- West Coast Swing Championships,slug-global-grand-prix-west-coast-swing-championships,de51b1e142624d9a854864ae05264d1b,wsdc_calendar,2026-09-18,trial,2026
month,,2026-09-jax-westie-fest,2026-09,held,"[""registry""]",Jax Westie Fest,wsdc-177,snap_20260912T130811Z_b0c10d91e2cb,wsdc_registry,,registry,2026
month,,2026-09-korea-westival,2026-09,held,"[""registry""]",Korea Westival,wsdc-268,snap_20260912T130900Z_23044a503970,wsdc_registry,,registry,2026
day,2026-09-28,2026-09-meet-me-in-st-louis,2026-09,listed,"[""calendar""]",Meet Me In St Louis,slug-meet-me-in-st-louis,de51b1e142624d9a854864ae05264d1b,wsdc_calendar,2026-09-24,registry,2026
day,2026-09-28,2026-09-midland-swing-open,2026-09,listed,"[""calendar""]",Midland Swing Open,slug-midland-swing-open,de51b1e142624d9a854864ae05264d1b,wsdc_calendar,2026-09-24,registry,2026
day,2026-09-28,2026-09-mooseland-swing,2026-09,listed,"[""calendar""]",Mooseland Swing 2026,slug-mooseland-swing,de51b1e142624d9a854864ae05264d1b,wsdc_calendar,2026-09-24,registry,2026
day,2026-09-27,2026-09-philly-swing-classic,2026-09,listed,"[""calendar""]",Philly Swing Classic,slug-philly-swing-classic,de51b1e142624d9a854864ae05264d1b,wsdc_calendar,2026-09-25,registry,2026
day,2026-09-20,2026-09-retaliation-swing,2026-09,listed,"[""calendar""]",Retaliation Swing,slug-retaliation-swing,de51b1e142624d9a854864ae05264d1b,wsdc_calendar,2026-09-17,registry,2026
day,2026-09-13,2026-09-sea-dance-fest,2026-09,listed,"[""calendar""]",Sea Dance Fest,slug-sea-dance-fest,de51b1e142624d9a854864ae05264d1b,wsdc_calendar,2026-09-11,registry,2026
month,,2026-09-south-bay-dance-fling,2026-09,held,"[""registry""]",South Bay Dance Fling,wsdc-48,snap_20260912T130827Z_20dd120cf21a,wsdc_registry,,registry,2026
day,2026-09-13,2026-09-swingtime-denver,2026-09,listed,"[""calendar""]",SwingTime Denver,slug-swingtime-denver,de51b1e142624d9a854864ae05264d1b,wsdc_calendar,2026-09-10,registry,2026
day,2026-09-27,2026-09-the-aloha-open,2026-09,listed,"[""calendar""]",The Aloha Open,slug-the-aloha-open,de51b1e142624d9a854864ae05264d1b,wsdc_calendar,2026-09-23,registry,2026
day,2026-09-13,2026-09-trilogy-swing,2026-09,listed,"[""calendar""]",Trilogy Swing,slug-trilogy-swing,de51b1e142624d9a854864ae05264d1b,wsdc_calendar,2026-09-10,registry,2026
day,2026-09-21,2026-09-wcs-party-in-vienna,2026-09,listed,"[""calendar""]",WCS Party in Vienna,slug-wcs-party-in-vienna,de51b1e142624d9a854864ae05264d1b,wsdc_calendar,2026-09-17,registry,2026
day,2026-10-04,2026-10-atlanta-swing-classic,2026-10,listed,"[""calendar""]",Atlanta Swing Classic,slug-atlanta-swing-classic,de51b1e142624d9a854864ae05264d1b,wsdc_calendar,2026-10-01,registry,2026
day,2026-10-25,2026-10-augsburg-westie-station,2026-10,listed,"[""calendar""]",Augsburg Westie Station,slug-augsburg-westie-station,de51b1e142624d9a854864ae05264d1b,wsdc_calendar,2026-10-22,registry,2026
day,2026-10-05,2026-10-autumn-beat,2026-10,listed,"[""calendar""]",Autumn Beat,slug-autumn-beat,de51b1e142624d9a854864ae05264d1b,wsdc_calendar,2026-10-02,trial,2026
day,2026-10-12,2026-10-boogie-by-the-bay,2026-10,listed,"[""calendar""]",Boogie By The Bay,slug-boogie-by-the-bay,de51b1e142624d9a854864ae05264d1b,wsdc_calendar,2026-10-08,registry,2026
day,2026-10-25,2026-10-halloween-swingthing,2026-10,listed,"[""calendar""]",Halloween SwingThing,slug-halloween-swingthing,de51b1e142624d9a854864ae05264d1b,wsdc_calendar,2026-10-22,registry,2026
day,2026-10-18,2026-10-milan-modern-swing,2026-10,listed,"[""calendar""]",Milan Modern Swing,slug-milan-modern-swing,de51b1e142624d9a854864ae05264d1b,wsdc_calendar,2026-10-15,registry,2026
day,2026-10-11,2026-10-montreal-westie-fest,2026-10,listed,"[""calendar""]",Montreal Westie Fest,slug-montreal-westie-fest,de51b1e142624d9a854864ae05264d1b,wsdc_calendar,2026-10-09,registry,2026
day,2026-10-04,2026-10-norwegian-open-wcs,2026-10,listed,"[""calendar""]",Norwegian Open WCS,slug-norwegian-open-wcs,de51b1e142624d9a854864ae05264d1b,wsdc_calendar,2026-10-01,registry,2026
day,2026-10-18,2026-10-paradise-dance-festival,2026-10,listed,"[""calendar""]",Paradise dance Festival,slug-paradise-dance-festival,de51b1e142624d9a854864ae05264d1b,wsdc_calendar,2026-10-15,registry,2026
day,2026-10-05,2026-10-riverswingnights,2026-10,listed,"[""calendar""]",RiverSwingNights,slug-riverswingnights,de51b1e142624d9a854864ae05264d1b,wsdc_calendar,2026-10-01,trial,2026
day,2026-10-25,2026-10-sass-spooky-albany-swing-spectacular,2026-10,listed,"[""calendar""]",SASS- Spooky Albany Swing Spectacular,slug-sass-spooky-albany-swing-spectacular,de51b1e142624d9a854864ae05264d1b,wsdc_calendar,2026-10-22,registry,2026
day,2026-10-25,2026-10-swing-city-chicago,2026-10,listed,"[""calendar""]",Swing City Chicago,slug-swing-city-chicago,de51b1e142624d9a854864ae05264d1b,wsdc_calendar,2026-10-22,registry,2026
day,2026-10-25,2026-10-swingside-invitational,2026-10,listed,"[""calendar""]",Swingside Invitational,slug-swingside-invitational,de51b1e142624d9a854864ae05264d1b,wsdc_calendar,2026-10-23,registry,2026
day,2026-10-18,2026-10-swustlicious,2026-10,listed,"[""calendar""]",Swustlicious,slug-swustlicious,de51b1e142624d9a854864ae05264d1b,wsdc_calendar,2026-10-16,registry,2026
day,2026-10-18,2026-10-the-new-zealand-west-coast-swing-open,2026-10,listed,"[""calendar""]",The New Zealand West Coast Swing Open,slug-the-new-zealand-west-coast-swing-open,de51b1e142624d9a854864ae05264d1b,wsdc_calendar,2026-10-15,registry,2026
day,2026-10-18,2026-10-wcs-festival,2026-10,listed,"[""calendar""]",WCS Festival,slug-wcs-festival,de51b1e142624d9a854864ae05264d1b,wsdc_calendar,2026-10-16,registry,2026
day,2026-10-05,2026-10-westie-harbor,2026-10,listed,"[""calendar""]",Westie Harbor,slug-westie-harbor,de51b1e142624d9a854864ae05264d1b,wsdc_calendar,2026-10-01,trial,2026
day,2026-11-15,2026-11-autumn-swing-challenge,2026-11,listed,"[""calendar""]",Autumn Swing Challenge,slug-autumn-swing-challenge,de51b1e142624d9a854864ae05264d1b,wsdc_calendar,2026-11-13,registry,2026
day,2026-11-29,2026-11-cash-bash,2026-11,listed,"[""calendar""]",CASH Bash,slug-cash-bash,de51b1e142624d9a854864ae05264d1b,wsdc_calendar,2026-11-26,registry,2026
day,2026-11-22,2026-11-dc-swing-experience-dcsx,2026-11,listed,"[""calendar""]",DC Swing eXperience (DCSX),slug-dc-swing-experience-dcsx,de51b1e142624d9a854864ae05264d1b,wsdc_calendar,2026-11-19,unknown,2026
day,2026-11-15,2026-11-flowstate-west-coast-swing-zouk-festival,2026-11,listed,"[""calendar""]",Flowstate | West Coast Swing & Zouk Festival,slug-flowstate-west-coast-swing-zouk-festival,de51b1e142624d9a854864ae05264d1b,wsdc_calendar,2026-11-13,registry,2026
day,2026-11-15,2026-11-midnight-madness-wcs,2026-11,listed,"[""calendar""]",Midnight Madness WCS 2026,slug-midnight-madness-wcs,de51b1e142624d9a854864ae05264d1b,wsdc_calendar,2026-11-12,registry,2026
day,2026-11-08,2026-11-moscow-westie-fest-gala-edition,2026-11,listed,"[""calendar""]",Moscow Westie Fest Gala Edition,slug-moscow-westie-fest-gala-edition,de51b1e142624d9a854864ae05264d1b,wsdc_calendar,2026-11-06,registry,2026
day,2026-11-08,2026-11-mountain-magic-dance-convention,2026-11,listed,"[""calendar""]",Mountain Magic Dance Convention,slug-mountain-magic-dance-convention,de51b1e142624d9a854864ae05264d1b,wsdc_calendar,2026-11-05,registry,2026
day,2026-11-15,2026-11-northeast-swing-classic,2026-11,listed,"[""calendar""]",Northeast Swing Classic,slug-northeast-swing-classic,de51b1e142624d9a854864ae05264d1b,wsdc_calendar,2026-11-12,registry,2026
day,2026-11-22,2026-11-rocket-city-swing,2026-11,listed,"[""calendar""]",Rocket City Swing,slug-rocket-city-swing,de51b1e142624d9a854864ae05264d1b,wsdc_calendar,2026-11-19,registry,2026
day,2026-11-02,2026-11-scandinavian-open-wcs-snow,2026-11,listed,"[""calendar""]","Scandinavian Open WCS ""SNOW""",slug-scandinavian-open-wcs-snow,de51b1e142624d9a854864ae05264d1b,wsdc_calendar,2026-10-28,registry,2026
day,2026-11-09,2026-11-sea-to-sky-seattle,2026-11,listed,"[""calendar""]",Sea to Sky Seattle,slug-sea-to-sky-seattle,de51b1e142624d9a854864ae05264d1b,wsdc_calendar,2026-11-05,registry,2026
day,2026-11-08,2026-11-simply-adelaide-west-coast-swing,2026-11,listed,"[""calendar""]",Simply Adelaide West Coast Swing,slug-simply-adelaide-west-coast-swing,de51b1e142624d9a854864ae05264d1b,wsdc_calendar,2026-11-05,registry,2026
day,2026-11-01,2026-11-spooky-westie-weekend,2026-11,listed,"[""calendar""]",Spooky Westie Weekend,slug-spooky-westie-weekend,de51b1e142624d9a854864ae05264d1b,wsdc_calendar,2026-10-29,registry,2026
day,2026-11-08,2026-11-tampa-bay-classic,2026-11,listed,"[""calendar""]",Tampa Bay Classic,slug-tampa-bay-classic,de51b1e142624d9a854864ae05264d1b,wsdc_calendar,2026-11-05,registry,2026
day,2026-11-29,2026-11-the-open-swing-dance-championships,2026-11,listed,"[""calendar""]",The Open Swing Dance Championships,slug-the-open-swing-dance-championships,de51b1e142624d9a854864ae05264d1b,wsdc_calendar,2026-11-25,registry,2026
day,2026-11-02,2026-11-warsaw-halloween-swing,2026-11,listed,"[""calendar""]",Warsaw Halloween Swing,slug-warsaw-halloween-swing,de51b1e142624d9a854864ae05264d1b,wsdc_calendar,2026-10-29,unknown,2026
day,2026-11-08,2026-11-westie-pink-city,2026-11,listed,"[""calendar""]",Westie Pink City,slug-westie-pink-city,de51b1e142624d9a854864ae05264d1b,wsdc_calendar,2026-11-06,registry,2026
day,2026-11-15,2026-11-westie-s-angels,2026-11,listed,"[""calendar""]",Westie's Angels,slug-westie-s-angels,de51b1e142624d9a854864ae05264d1b,wsdc_calendar,2026-11-12,registry,2026
day,2026-12-13,2026-12-berlin-swing-revolution,2026-12,listed,"[""calendar""]",Berlin Swing Revolution,slug-berlin-swing-revolution,de51b1e142624d9a854864ae05264d1b,wsdc_calendar,2026-12-10,registry,2026
day,2026-12-14,2026-12-santa-swing,2026-12,listed,"[""calendar""]",Santa Swing,slug-santa-swing,de51b1e142624d9a854864ae05264d1b,wsdc_calendar,2026-12-10,registry,2026
day,2026-12-13,2026-12-soul-flow-west-coast-swing-festival,2026-12,cancelled,"[""calendar""]",Soul Flow - West Coast Swing Festival (Hiatus -- 2026),slug-soul-flow-west-coast-swing-festival,de51b1e142624d9a854864ae05264d1b,wsdc_calendar,2026-12-11,registry,2026
day,2026-12-20,2026-12-swiss-open-wcs,2026-12,listed,"[""calendar""]",Swiss Open WCS,slug-swiss-open-wcs,de51b1e142624d9a854864ae05264d1b,wsdc_calendar,2026-12-18,trial,2026
day,2026-12-07,2026-12-the-after-party-aka-tap,2026-12,listed,"[""calendar""]",The After Party aka TAP,slug-the-after-party-aka-tap,de51b1e142624d9a854864ae05264d1b,wsdc_calendar,2026-12-03,registry,2026
day,2026-12-06,2026-12-winter-white,2026-12,listed,"[""calendar""]",Winter White,slug-winter-white,de51b1e142624d9a854864ae05264d1b,wsdc_calendar,2026-12-03,registry,2026
day,2027-01-17,2027-01-austin-swing-dance-championships,2027-01,listed,"[""calendar""]",Austin Swing Dance Championships,slug-austin-swing-dance-championships,de51b1e142624d9a854864ae05264d1b,wsdc_calendar,2027-01-14,registry,2027
day,2027-01-17,2027-01-avignon-city-swing,2027-01,listed,"[""calendar""]",Avignon City Swing,slug-avignon-city-swing,de51b1e142624d9a854864ae05264d1b,wsdc_calendar,2027-01-15,registry,2027
day,2027-01-10,2027-01-budafest-open-wcs-championships,2027-01,listed,"[""calendar""]",BudaFest Open WCS Championships,slug-budafest-open-wcs-championships,de51b1e142624d9a854864ae05264d1b,wsdc_calendar,2027-01-05,registry,2027
day,2027-01-17,2027-01-cologne-calling-wcs,2027-01,listed,"[""calendar""]",Cologne Calling WCS,slug-cologne-calling-wcs,de51b1e142624d9a854864ae05264d1b,wsdc_calendar,2027-01-14,trial,2027
day,2027-01-25,2027-01-cosmic-connection,2027-01,listed,"[""calendar""]",Cosmic Connection,slug-cosmic-connection,de51b1e142624d9a854864ae05264d1b,wsdc_calendar,2027-01-22,trial,2027
day,2027-01-03,2027-01-countdown-swing-boston,2027-01,listed,"[""calendar""]",Countdown Swing Boston,slug-countdown-swing-boston,de51b1e142624d9a854864ae05264d1b,wsdc_calendar,2026-12-31,registry,2027
day,2027-01-24,2027-01-derby-city-swing,2027-01,listed,"[""calendar""]",Derby City Swing,slug-derby-city-swing,de51b1e142624d9a854864ae05264d1b,wsdc_calendar,2027-01-21,registry,2027
day,2027-01-03,2027-01-floorplay-swing-vacation,2027-01,listed,"[""calendar""]",Floorplay Swing Vacation,slug-floorplay-swing-vacation,de51b1e142624d9a854864ae05264d1b,wsdc_calendar,2026-12-30,unknown,2027
day,2027-01-24,2027-01-freedom-swing-dance-challenge,2027-01,listed,"[""calendar""]",Freedom Swing Dance Challenge,slug-freedom-swing-dance-challenge,de51b1e142624d9a854864ae05264d1b,wsdc_calendar,2027-01-22,registry,2027
day,2027-01-17,2027-01-monterey-swing-fest,2027-01,listed,"[""calendar""]",Monterey Swing Fest,slug-monterey-swing-fest,de51b1e142624d9a854864ae05264d1b,wsdc_calendar,2027-01-15,registry,2027
day,2027-01-03,2027-01-new-years-swing-fling,2027-01,listed,"[""calendar""]",New Years Swing Fling,slug-new-years-swing-fling,de51b1e142624d9a854864ae05264d1b,wsdc_calendar,2026-12-30,registry,2027
day,2027-01-03,2027-01-spotlight-new-year-s-celebration,2027-01,listed,"[""calendar""]",Spotlight New Year's Celebration,slug-spotlight-new-year-s-celebration,de51b1e142624d9a854864ae05264d1b,wsdc_calendar,2026-12-30,registry,2027
day,2027-01-25,2027-01-swing-in-paris,2027-01,listed,"[""calendar""]",Swing In Paris,slug-swing-in-paris,de51b1e142624d9a854864ae05264d1b,wsdc_calendar,2027-01-22,trial,2027
day,2027-01-25,2027-01-swing-resolution,2027-01,listed,"[""calendar""]",SWING RESOLUTION,slug-swing-resolution,de51b1e142624d9a854864ae05264d1b,wsdc_calendar,2027-01-21,registry,2027
day,2027-01-11,2027-01-swingco,2027-01,listed,"[""calendar""]",SwingCo,slug-swingco,de51b1e142624d9a854864ae05264d1b,wsdc_calendar,2027-01-07,registry,2027
day,2027-01-04,2027-01-swingvester,2027-01,listed,"[""calendar""]",SwingVester,slug-swingvester,de51b1e142624d9a854864ae05264d1b,wsdc_calendar,2026-12-30,registry,2027
day,2027-01-03,2027-01-ucwdc-country-dance-world-championships,2027-01,listed,"[""calendar""]",UCWDC Country Dance World Championships,slug-ucwdc-country-dance-world-championships,de51b1e142624d9a854864ae05264d1b,wsdc_calendar,2026-12-28,registry,2027
day,2027-01-31,2027-01-ultra-westie-fest,2027-01,listed,"[""calendar""]",ULTRA Westie Fest,slug-ultra-westie-fest,de51b1e142624d9a854864ae05264d1b,wsdc_calendar,2027-01-29,trial,2027
day,2027-01-04,2027-01-westie-gala,2027-01,listed,"[""calendar""]",Westie Gala,slug-westie-gala,de51b1e142624d9a854864ae05264d1b,wsdc_calendar,2026-12-31,registry,2027
day,2027-02-21,2027-02-arousa-westie-fest,2027-02,listed,"[""calendar""]",Arousa Westie Fest,slug-arousa-westie-fest,de51b1e142624d9a854864ae05264d1b,wsdc_calendar,2027-02-18,registry,2027
day,2027-02-14,2027-02-capital-swing-convention,2027-02,listed,"[""calendar""]",Capital Swing Convention,slug-capital-swing-convention,de51b1e142624d9a854864ae05264d1b,wsdc_calendar,2027-02-11,registry,2027
day,2027-02-07,2027-02-charlotte-westiefest,2027-02,listed,"[""calendar""]",Charlotte WestieFest,slug-charlotte-westiefest,de51b1e142624d9a854864ae05264d1b,wsdc_calendar,2027-02-04,registry,2027
day,2027-02-14,2027-02-euro-dance-festival,2027-02,listed,"[""calendar""]",Euro Dance Festival,slug-euro-dance-festival,de51b1e142624d9a854864ae05264d1b,wsdc_calendar,2027-02-09,registry,2027
day,2027-02-28,2027-02-new-york-flow-festival,2027-02,listed,"[""calendar""]",New York Flow Festival,slug-new-york-flow-festival,de51b1e142624d9a854864ae05264d1b,wsdc_calendar,2027-02-26,registry,2027
day,2027-02-21,2027-02-prague-alchemy-swing,2027-02,listed,"[""calendar""]",Prague Alchemy Swing,slug-prague-alchemy-swing,de51b1e142624d9a854864ae05264d1b,wsdc_calendar,2027-02-19,registry,2027
day,2027-02-28,2027-02-rose-city-swing,2027-02,listed,"[""calendar""]",Rose City Swing,slug-rose-city-swing,de51b1e142624d9a854864ae05264d1b,wsdc_calendar,2027-02-25,registry,2027
day,2027-02-28,2027-02-southern-lights-swing,2027-02,listed,"[""calendar""]",Southern Lights Swing,slug-southern-lights-swing,de51b1e142624d9a854864ae05264d1b,wsdc_calendar,2027-02-25,registry,2027
day,2027-02-22,2027-02-swing-crush,2027-02,listed,"[""calendar""]",Swing Crush,slug-swing-crush,de51b1e142624d9a854864ae05264d1b,wsdc_calendar,2027-02-18,registry,2027
day,2027-02-07,2027-02-swing-snow,2027-02,listed,"[""calendar""]",Swing & Snow,slug-swing-snow,de51b1e142624d9a854864ae05264d1b,wsdc_calendar,2027-02-04,registry,2027
day,2027-02-07,2027-02-swingtzerland,2027-02,listed,"[""calendar""]",Swingtzerland,slug-swingtzerland,de51b1e142624d9a854864ae05264d1b,wsdc_calendar,2027-02-04,registry,2027
day,2027-02-07,2027-02-trinity-swing,2027-02,listed,"[""calendar""]",Trinity Swing,slug-trinity-swing,de51b1e142624d9a854864ae05264d1b,wsdc_calendar,2027-02-05,registry,2027
day,2027-02-22,2027-02-valentine-swing,2027-02,listed,"[""calendar""]",Valentine Swing,slug-valentine-swing,de51b1e142624d9a854864ae05264d1b,wsdc_calendar,2027-02-19,registry,2027
day,2027-02-07,2027-02-waterloo-ontario-open-west-coast-swing-championships,2027-02,listed,"[""calendar""]",Waterloo Ontario Open West Coast Swing Championships,slug-waterloo-ontario-open-west-coast-swing-championships,de51b1e142624d9a854864ae05264d1b,wsdc_calendar,2027-02-04,registry,2027
day,2027-02-28,2027-02-winter-coast-swing,2027-02,listed,"[""calendar""]",Winter Coast Swing,slug-winter-coast-swing,de51b1e142624d9a854864ae05264d1b,wsdc_calendar,2027-02-25,registry,2027
day,2027-03-15,2027-03-5280-westival,2027-03,listed,"[""calendar""]",5280 Westival,slug-5280-westival,de51b1e142624d9a854864ae05264d1b,wsdc_calendar,2027-03-11,registry,2027
day,2027-03-14,2027-03-dutch-open-wcs,2027-03,listed,"[""calendar""]",Dutch Open Wcs,slug-dutch-open-wcs,de51b1e142624d9a854864ae05264d1b,wsdc_calendar,2027-03-11,registry,2027
day,2027-03-28,2027-03-easter-swing,2027-03,listed,"[""calendar""]",Easter Swing,slug-easter-swing,de51b1e142624d9a854864ae05264d1b,wsdc_calendar,2027-03-25,registry,2027
day,2027-03-14,2027-03-h-town-throw-down,2027-03,listed,"[""calendar""]",H-Town Throw Down 2027,slug-h-town-throw-down,de51b1e142624d9a854864ae05264d1b,wsdc_calendar,2027-03-11,registry,2027
day,2027-03-14,2027-03-high-desert-dance-classic,2027-03,listed,"[""calendar""]",High Desert Dance Classic,slug-high-desert-dance-classic,de51b1e142624d9a854864ae05264d1b,wsdc_calendar,2027-03-12,registry,2027
day,2027-03-22,2027-03-king-swing,2027-03,listed,"[""calendar""]",King Swing,slug-king-swing,de51b1e142624d9a854864ae05264d1b,wsdc_calendar,2027-03-18,registry,2027
day,2027-03-08,2027-03-madjam-mid-atlantic-dance-jam,2027-03,listed,"[""calendar""]",MADjam (Mid Atlantic Dance Jam),slug-madjam-mid-atlantic-dance-jam,de51b1e142624d9a854864ae05264d1b,wsdc_calendar,2027-03-04,registry,2027
day,2027-03-08,2027-03-norway-westie-fest,2027-03,listed,"[""calendar""]",Norway Westie Fest,slug-norway-westie-fest,de51b1e142624d9a854864ae05264d1b,wsdc_calendar,2027-03-05,trial,2027
day,2027-03-01,2027-03-paris-swing-classic,2027-03,listed,"[""calendar""]",Paris Swing Classic,slug-paris-swing-classic,de51b1e142624d9a854864ae05264d1b,wsdc_calendar,2027-02-25,registry,2027
day,2027-03-07,2027-03-swingvasion,2027-03,listed,"[""calendar""]",Swingvasion,slug-swingvasion,de51b1e142624d9a854864ae05264d1b,wsdc_calendar,2027-03-05,registry,2027
day,2027-03-22,2027-03-the-boston-tea-party,2027-03,listed,"[""calendar""]",The Boston Tea Party,slug-the-boston-tea-party,de51b1e142624d9a854864ae05264d1b,wsdc_calendar,2027-03-19,registry,2027
day,2027-03-21,2027-03-the-chicago-classic,2027-03,listed,"[""calendar""]",The Chicago Classic,slug-the-chicago-classic,de51b1e142624d9a854864ae05264d1b,wsdc_calendar,2027-03-18,registry,2027
day,2027-03-28,2027-03-tulsa-spring-swing,2027-03,listed,"[""calendar""]",TULSA SPRING SWING,slug-tulsa-spring-swing,de51b1e142624d9a854864ae05264d1b,wsdc_calendar,2027-03-25,registry,2027
day,2027-03-29,2027-03-uk-west-coast-swing-championships,2027-03,listed,"[""calendar""]",UK West Coast Swing Championships,slug-uk-west-coast-swing-championships,de51b1e142624d9a854864ae05264d1b,wsdc_calendar,2027-03-25,registry,2027
day,2027-03-22,2027-03-west-in-lyon,2027-03,listed,"[""calendar""]",West In Lyon,slug-west-in-lyon,de51b1e142624d9a854864ae05264d1b,wsdc_calendar,2027-03-18,registry,2027
day,2027-03-14,2027-03-westie-spring-thing,2027-03,listed,"[""calendar""]",Westie Spring Thing,slug-westie-spring-thing,de51b1e142624d9a854864ae05264d1b,wsdc_calendar,2027-03-11,registry,2027
day,2027-04-18,2027-04-asia-wcs-open,2027-04,listed,"[""calendar""]",Asia WCS Open 2027,slug-asia-wcs-open,de51b1e142624d9a854864ae05264d1b,wsdc_calendar,2027-04-15,registry,2027
day,2027-04-29,2027-04-city-of-angels,2027-04,listed,"[""platform""]",City Of Angels 2026,wsdc-187,snap_20260910T051304Z_785d12169c69,scoringdance,2027-04-29,registry,2027
day,2027-04-26,2027-04-detonation-dance,2027-04,listed,"[""calendar""]",Detonation Dance,slug-detonation-dance,de51b1e142624d9a854864ae05264d1b,wsdc_calendar,2027-04-22,registry,2027
day,2027-04-11,2027-04-franconian-swing-project,2027-04,listed,"[""calendar""]",Franconian Swing Project,slug-franconian-swing-project,de51b1e142624d9a854864ae05264d1b,wsdc_calendar,2027-04-08,trial,2027
day,2027-04-25,2027-04-honey-fest,2027-04,listed,"[""calendar""]",HONEY FEST,slug-honey-fest,de51b1e142624d9a854864ae05264d1b,wsdc_calendar,2027-04-22,registry,2027
day,2027-04-11,2027-04-korean-open-wcs-championships,2027-04,listed,"[""calendar""]",KOREAN OPEN WCS CHAMPIONSHIPS,slug-korean-open-wcs-championships,de51b1e142624d9a854864ae05264d1b,wsdc_calendar,2027-04-08,registry,2027
day,2027-04-25,2027-04-sgi-swing-de-garotos-invitational,2027-04,listed,"[""calendar""]",SGI - Swing de Garotos Invitational,slug-sgi-swing-de-garotos-invitational,de51b1e142624d9a854864ae05264d1b,wsdc_calendar,2027-04-23,trial,2027
day,2027-04-19,2027-04-slovenian-open,2027-04,listed,"[""calendar""]",Slovenian Open,slug-slovenian-open,de51b1e142624d9a854864ae05264d1b,wsdc_calendar,2027-04-14,registry,2027
day,2027-04-25,2027-04-swing-in-bloom,2027-04,listed,"[""calendar""]",Swing in Bloom,slug-swing-in-bloom,de51b1e142624d9a854864ae05264d1b,wsdc_calendar,2027-04-22,registry,2027
day,2027-04-04,2027-04-swing-in-capital,2027-04,listed,"[""calendar""]",Swing In Capital,slug-swing-in-capital,de51b1e142624d9a854864ae05264d1b,wsdc_calendar,2027-04-01,registry,2027
day,2027-04-25,2027-04-swingin-festival,2027-04,listed,"[""calendar""]",SwingIn Festival,slug-swingin-festival,de51b1e142624d9a854864ae05264d1b,wsdc_calendar,2027-04-22,registry,2027
day,2027-04-25,2027-04-swingover,2027-04,listed,"[""calendar""]",Swingover 2027,slug-swingover,de51b1e142624d9a854864ae05264d1b,wsdc_calendar,2027-04-22,registry,2027
day,2027-04-18,2027-04-westy-nantes,2027-04,listed,"[""calendar""]",WESTY NANTES,slug-westy-nantes,de51b1e142624d9a854864ae05264d1b,wsdc_calendar,2027-04-16,registry,2027
day,2027-05-02,2027-05-beemad,2027-05,listed,"[""calendar""]",BeeMAD,slug-beemad,de51b1e142624d9a854864ae05264d1b,wsdc_calendar,2027-04-29,registry,2027
day,2027-05-02,2027-05-calgary-dance-stampede,2027-05,listed,"[""calendar""]",Calgary Dance Stampede,slug-calgary-dance-stampede,de51b1e142624d9a854864ae05264d1b,wsdc_calendar,2027-04-29,registry,2027
day,2027-05-02,2027-05-city-of-angels-wcs,2027-05,listed,"[""calendar""]",City of Angels WCS,slug-city-of-angels-wcs,de51b1e142624d9a854864ae05264d1b,wsdc_calendar,2027-04-29,registry,2027
day,2027-05-10,2027-05-french-open-wcs,2027-05,listed,"[""calendar""]",French Open WCS,slug-french-open-wcs,de51b1e142624d9a854864ae05264d1b,wsdc_calendar,2027-05-05,registry,2027
day,2027-05-23,2027-05-gateway-swing-classic,2027-05,listed,"[""calendar""]",Gateway Swing Classic,slug-gateway-swing-classic,de51b1e142624d9a854864ae05264d1b,wsdc_calendar,2027-05-20,registry,2027
day,2027-05-17,2027-05-med-in-swing,2027-05,listed,"[""calendar""]",Med in Swing,slug-med-in-swing,de51b1e142624d9a854864ae05264d1b,wsdc_calendar,2027-05-14,registry,2027
day,2027-05-23,2027-05-nanaimo-dance-fusion,2027-05,listed,"[""calendar""]",Nanaimo Dance Fusion,slug-nanaimo-dance-fusion,de51b1e142624d9a854864ae05264d1b,wsdc_calendar,2027-05-21,registry,2027
day,2027-05-03,2027-05-nordic-wcs-championships,2027-05,listed,"[""calendar""]",Nordic WCS Championships,slug-nordic-wcs-championships,de51b1e142624d9a854864ae05264d1b,wsdc_calendar,2027-04-29,registry,2027
day,2027-05-17,2027-05-som-swing-of-music,2027-05,listed,"[""calendar""]",SOM-Swing of Music,slug-som-swing-of-music,de51b1e142624d9a854864ae05264d1b,wsdc_calendar,2027-05-14,registry,2027
day,2027-05-16,2027-05-soswing,2027-05,listed,"[""calendar""]",SOswing,slug-soswing,de51b1e142624d9a854864ae05264d1b,wsdc_calendar,2027-05-13,registry,2027
day,2027-05-24,2027-05-spring-time-swing,2027-05,listed,"[""calendar""]",Spring Time Swing,slug-spring-time-swing,de51b1e142624d9a854864ae05264d1b,wsdc_calendar,2027-05-20,registry,2027
day,2027-05-02,2027-05-swingin-into-spring,2027-05,listed,"[""calendar""]",Swingin' Into Spring,slug-swingin-into-spring,de51b1e142624d9a854864ae05264d1b,wsdc_calendar,2027-04-29,registry,2027
day,2027-05-17,2027-05-swingsation,2027-05,listed,"[""calendar""]",Swingsation,slug-swingsation,de51b1e142624d9a854864ae05264d1b,wsdc_calendar,2027-05-13,registry,2027
day,2027-05-31,2027-05-usa-grand-national-dance-championships,2027-05,listed,"[""calendar""]",USA Grand National Dance Championships,slug-usa-grand-national-dance-championships,de51b1e142624d9a854864ae05264d1b,wsdc_calendar,2027-05-27,registry,2027
day,2027-05-09,2027-05-westie-weekend,2027-05,listed,"[""calendar""]",Westie Weekend,slug-westie-weekend,de51b1e142624d9a854864ae05264d1b,wsdc_calendar,2027-05-07,registry,2027
day,2027-06-14,2027-06-baltic-swing,2027-06,listed,"[""calendar""]",Baltic Swing,slug-baltic-swing,de51b1e142624d9a854864ae05264d1b,wsdc_calendar,2027-06-10,registry,2027
day,2027-06-27,2027-06-baroqueswing,2027-06,listed,"[""calendar""]",BaroqueSwing,slug-baroqueswing,de51b1e142624d9a854864ae05264d1b,wsdc_calendar,2027-06-24,registry,2027
day,2027-06-13,2027-06-d-townswing,2027-06,listed,"[""calendar""]",D-TOWNSWING 2027,slug-d-townswing,de51b1e142624d9a854864ae05264d1b,wsdc_calendar,2027-06-10,registry,2027
day,2027-06-07,2027-06-festival-city-swing,2027-06,listed,"[""calendar""]",Festival City Swing,slug-festival-city-swing,de51b1e142624d9a854864ae05264d1b,wsdc_calendar,2027-06-03,registry,2027
day,2027-06-28,2027-06-french-connection-wcs,2027-06,listed,"[""calendar""]",French Connection WCS,slug-french-connection-wcs,de51b1e142624d9a854864ae05264d1b,wsdc_calendar,2027-06-25,registry,2027
day,2027-06-28,2027-06-liberty-swing-dance-championships,2027-06,listed,"[""calendar""]",Liberty Swing Dance Championships,slug-liberty-swing-dance-championships,de51b1e142624d9a854864ae05264d1b,wsdc_calendar,2027-06-24,registry,2027
day,2027-06-06,2027-06-michigan-classic,2027-06,listed,"[""calendar""]",Michigan Classic,slug-michigan-classic,de51b1e142624d9a854864ae05264d1b,wsdc_calendar,2027-06-03,registry,2027
day,2027-06-28,2027-06-neverlandswing-dutch-swing-championships,2027-06,listed,"[""calendar""]",NeverlandSwing Dutch Swing Championships 2027,slug-neverlandswing-dutch-swing-championships,de51b1e142624d9a854864ae05264d1b,wsdc_calendar,2027-06-24,registry,2027
day,2027-06-20,2027-06-swingapalooza,2027-06,listed,"[""calendar""]",SWINGAPALOOZA,slug-swingapalooza,de51b1e142624d9a854864ae05264d1b,wsdc_calendar,2027-06-17,registry,2027
day,2027-07-11,2027-07-carolina-summer-swing,2027-07,listed,"[""calendar""]",Carolina Summer Swing,slug-carolina-summer-swing,de51b1e142624d9a854864ae05264d1b,wsdc_calendar,2027-07-08,registry,2027
day,2027-07-25,2027-07-florida-dance-magic,2027-07,listed,"[""calendar""]",Florida Dance Magic,slug-florida-dance-magic,de51b1e142624d9a854864ae05264d1b,wsdc_calendar,2027-07-22,registry,2027
day,2027-07-18,2027-07-midwest-westie-fest,2027-07,listed,"[""calendar""]",Midwest Westie Fest,slug-midwest-westie-fest,de51b1e142624d9a854864ae05264d1b,wsdc_calendar,2027-07-15,registry,2027
day,2027-07-18,2027-07-revitalise-wcs,2027-07,listed,"[""calendar""]",Revitalise WCS,slug-revitalise-wcs,de51b1e142624d9a854864ae05264d1b,wsdc_calendar,2027-07-15,registry,2027
day,2027-07-25,2027-07-st-petersburg-wcs-nights,2027-07,listed,"[""calendar""]",St. Petersburg WCS Nights,slug-st-petersburg-wcs-nights,de51b1e142624d9a854864ae05264d1b,wsdc_calendar,2027-07-22,registry,2027
day,2027-07-04,2027-07-swing-valley,2027-07,listed,"[""calendar""]",Swing Valley,slug-swing-valley,de51b1e142624d9a854864ae05264d1b,wsdc_calendar,2027-07-01,trial,2027
day,2027-08-08,2027-08-arizona-dance-classic,2027-08,listed,"[""calendar""]",Arizona Dance Classic,slug-arizona-dance-classic,de51b1e142624d9a854864ae05264d1b,wsdc_calendar,2027-08-06,registry,2027
day,2027-08-22,2027-08-chicagoland-country-and-swing-dance-festival,2027-08,listed,"[""calendar""]",Chicagoland Country and Swing Dance Festival,slug-chicagoland-country-and-swing-dance-festival,de51b1e142624d9a854864ae05264d1b,wsdc_calendar,2027-08-20,registry,2027
day,2027-08-16,2027-08-grand-party-sofia-gps,2027-08,listed,"[""calendar""]",Grand Party Sofia (GPS),slug-grand-party-sofia-gps,de51b1e142624d9a854864ae05264d1b,wsdc_calendar,2027-08-12,registry,2027
day,2027-08-01,2027-08-infinite-swing,2027-08,listed,"[""calendar""]",Infinite Swing,slug-infinite-swing,de51b1e142624d9a854864ae05264d1b,wsdc_calendar,2027-07-29,registry,2027
day,2027-08-01,2027-08-lisbon-westie-fest,2027-08,listed,"[""calendar""]",Lisbon Westie Fest,slug-lisbon-westie-fest,de51b1e142624d9a854864ae05264d1b,wsdc_calendar,2027-07-30,registry,2027
day,2027-08-22,2027-08-summer-hummer,2027-08,listed,"[""calendar""]",Summer Hummer,slug-summer-hummer,de51b1e142624d9a854864ae05264d1b,wsdc_calendar,2027-08-19,registry,2027
day,2027-08-08,2027-08-swingtacular-the-galactic-open,2027-08,listed,"[""calendar""]",Swingtacular: The Galactic Open,slug-swingtacular-the-galactic-open,de51b1e142624d9a854864ae05264d1b,wsdc_calendar,2027-08-05,registry,2027
day,2027-08-22,2027-08-the-bend-connection,2027-08,listed,"[""calendar""]",The Bend Connection,slug-the-bend-connection,de51b1e142624d9a854864ae05264d1b,wsdc_calendar,2027-08-19,registry,2027
day,2027-08-02,2027-08-warsaw-summer-nights-westival,2027-08,listed,"[""calendar""]",Warsaw Summer Nights Westival,slug-warsaw-summer-nights-westival,de51b1e142624d9a854864ae05264d1b,wsdc_calendar,2027-07-29,registry,2027
day,2027-09-19,2027-09-best-of-the-best-wcs,2027-09,listed,"[""calendar""]",Best of the Best WCS,slug-best-of-the-best-wcs,de51b1e142624d9a854864ae05264d1b,wsdc_calendar,2027-09-16,registry,2027
day,2027-09-06,2027-09-desert-city-swing,2027-09,listed,"[""calendar""]",Desert City Swing,slug-desert-city-swing,de51b1e142624d9a854864ae05264d1b,wsdc_calendar,2027-09-02,registry,2027
day,2027-09-20,2027-09-finnfest,2027-09,listed,"[""calendar""]",Finnfest,slug-finnfest,de51b1e142624d9a854864ae05264d1b,wsdc_calendar,2027-09-17,registry,2027
day,2027-10-10,2027-10-atlanta-swing-classic,2027-10,listed,"[""calendar""]",Atlanta Swing Classic,slug-atlanta-swing-classic,de51b1e142624d9a854864ae05264d1b,wsdc_calendar,2027-10-07,registry,2027
day,2027-10-24,2027-10-swingside-invitational,2027-10,listed,"[""calendar""]",Swingside Invitational,slug-swingside-invitational,de51b1e142624d9a854864ae05264d1b,wsdc_calendar,2027-10-22,registry,2027
day,2027-10-17,2027-10-wcs-festival,2027-10,listed,"[""calendar""]",WCS Festival,slug-wcs-festival,de51b1e142624d9a854864ae05264d1b,wsdc_calendar,2027-10-15,registry,2027
day,2028-03-05,2028-03-euro-dance-festival,2028-03,listed,"[""calendar""]",Euro Dance Festival,slug-euro-dance-festival,de51b1e142624d9a854864ae05264d1b,wsdc_calendar,2028-02-29,registry,2028
day,2028-05-07,2028-05-spring-time-swing,2028-05,listed,"[""calendar""]",Spring Time Swing,slug-spring-time-swing,de51b1e142624d9a854864ae05264d1b,wsdc_calendar,2028-05-04,registry,2028
day,2028-10-01,2028-10-atlanta-swing-classic,2028-10,listed,"[""calendar""]",Atlanta Swing Classic,slug-atlanta-swing-classic,de51b1e142624d9a854864ae05264d1b,wsdc_calendar,2028-09-28,registry,2028
day,2029-02-18,2029-02-euro-dance-festival,2029-02,listed,"[""calendar""]",Euro Dance Festival,slug-euro-dance-festival,de51b1e142624d9a854864ae05264d1b,wsdc_calendar,2029-02-13,registry,2029
day,2030-03-10,2030-03-euro-dance-festival,2030-03,listed,"[""calendar""]",Euro Dance Festival,slug-euro-dance-festival,de51b1e142624d9a854864ae05264d1b,wsdc_calendar,2030-03-05,registry,2030
