evidence_json,kind,owner_id,owner_kind,snapshot_id,subject_id,subject_kind,suggested_override,summary
"{""candidates"":[],""printed_name"":""Floorplays New Years Swing Vacation"",""year"":2010}",series_alias,2010,history_year,snap_20260913T050503Z_1dc9d7a88150,2010-01:floorplays-new-years-swing-vacation,history_listing,"Floorplays New Years Swing Vacation,listed-floorplays-new-years-swing-vacation,swingdancecouncil,review series identity",Historical listing needs a reviewed series alias
"{""candidates"":[],""printed_name"":""New Years Dancin Eve"",""year"":2010}",series_alias,2010,history_year,snap_20260913T050503Z_1dc9d7a88150,2010-01:new-years-dancin-eve,history_listing,"New Years Dancin Eve,listed-new-years-dancin-eve,swingdancecouncil,review series identity",Historical listing needs a reviewed series alias
"{""candidates"":[],""printed_name"":""Capital S.D.President's Day Weekend Convention"",""year"":2010}",series_alias,2010,history_year,snap_20260913T050433Z_b749ee48056f,2010-02:capital-s-d-president-s-day-weekend-convention,history_listing,"Capital S.D.President's Day Weekend Convention,listed-capital-s-d-president-s-day-weekend-convention,swingdancecouncil,review series identity",Historical listing needs a reviewed series alias
"{""candidates"":[],""printed_name"":""Swingin' Down The Mersey"",""year"":2010}",series_alias,2010,history_year,snap_20260913T050443Z_6a757e752fa4,2010-02:swingin-down-the-mersey,history_listing,"Swingin' Down The Mersey,listed-swingin-down-the-mersey,swingdancecouncil,review series identity",Historical listing needs a reviewed series alias
"{""candidates"":[],""printed_name"":""Los Angeles Premier Dance Classic"",""year"":2010}",series_alias,2010,history_year,snap_20260913T050503Z_1dc9d7a88150,2010-04:los-angeles-premier-dance-classic,history_listing,"Los Angeles Premier Dance Classic,listed-los-angeles-premier-dance-classic,swingdancecouncil,review series identity",Historical listing needs a reviewed series alias
"{""candidates"":[],""printed_name"":""Music City Swing Dance Championships"",""year"":2010}",series_alias,2010,history_year,snap_20260913T050433Z_b749ee48056f,2010-04:music-city-swing-dance-championships,history_listing,"Music City Swing Dance Championships,listed-music-city-swing-dance-championships,swingdancecouncil,review series identity",Historical listing needs a reviewed series alias
"{""candidates"":[],""printed_name"":""Seattle Easter Swing"",""year"":2010}",series_alias,2010,history_year,snap_20260913T050503Z_1dc9d7a88150,2010-04:seattle-easter-swing,history_listing,"Seattle Easter Swing,listed-seattle-easter-swing,swingdancecouncil,review series identity",Historical listing needs a reviewed series alias
"{""candidates"":[],""printed_name"":""U.K. WCS Dance Championships"",""year"":2010}",series_alias,2010,history_year,snap_20260913T050503Z_1dc9d7a88150,2010-04:u-k-wcs-dance-championships,history_listing,"U.K. WCS Dance Championships,listed-u-k-wcs-dance-championships,swingdancecouncil,review series identity",Historical listing needs a reviewed series alias
"{""candidates"":[],""printed_name"":""USA J & J Swing Dance Championships"",""year"":2010}",series_alias,2010,history_year,snap_20260913T050503Z_1dc9d7a88150,2010-04:usa-j-j-swing-dance-championships,history_listing,"USA J & J Swing Dance Championships,listed-usa-j-j-swing-dance-championships,swingdancecouncil,review series identity",Historical listing needs a reviewed series alias
"{""candidates"":[],""printed_name"":""Easterns Dance Challenge"",""year"":2010}",series_alias,2010,history_year,snap_20260913T050503Z_1dc9d7a88150,2010-05:easterns-dance-challenge,history_listing,"Easterns Dance Challenge,listed-easterns-dance-challenge,swingdancecouncil,review series identity",Historical listing needs a reviewed series alias
"{""candidates"":[],""printed_name"":""FreZnoDance Classic"",""year"":2010}",series_alias,2010,history_year,snap_20260913T050503Z_1dc9d7a88150,2010-05:freznodance-classic,history_listing,"FreZnoDance Classic,listed-freznodance-classic,swingdancecouncil,review series identity",Historical listing needs a reviewed series alias
"{""candidates"":[],""printed_name"":""Liberty Swing Championships"",""year"":2010}",series_alias,2010,history_year,snap_20260913T050503Z_1dc9d7a88150,2010-06:liberty-swing-championships,history_listing,"Liberty Swing Championships,listed-liberty-swing-championships,swingdancecouncil,review series identity",Historical listing needs a reviewed series alias
"{""candidates"":[],""printed_name"":""Big Apple Country Dance"",""year"":2010}",series_alias,2010,history_year,snap_20260913T050503Z_1dc9d7a88150,2010-07:big-apple-country-dance,history_listing,"Big Apple Country Dance,listed-big-apple-country-dance,swingdancecouncil,review series identity",Historical listing needs a reviewed series alias
"{""candidates"":[],""printed_name"":""GPSDC Annual July 4th Convention"",""year"":2010}",series_alias,2010,history_year,snap_20260913T050503Z_1dc9d7a88150,2010-07:gpsdc-annual-july-convention,history_listing,"GPSDC Annual July 4th Convention,listed-gpsdc-annual-july-convention,swingdancecouncil,review series identity",Historical listing needs a reviewed series alias
"{""candidates"":[],""printed_name"":""Miami Dance Magic"",""year"":2010}",series_alias,2010,history_year,snap_20260913T050503Z_1dc9d7a88150,2010-07:miami-dance-magic,history_listing,"Miami Dance Magic,listed-miami-dance-magic,swingdancecouncil,review series identity",Historical listing needs a reviewed series alias
"{""candidates"":[""wsdc-47"",""wsdc-66""],""printed_name"":""Swingtime in the Rockies"",""year"":2010}",series_alias,2010,history_year,snap_20260913T050503Z_1dc9d7a88150,2010-07:swingtime-in-the-rockies,history_listing,"Swingtime in the Rockies,listed-swingtime-in-the-rockies,swingdancecouncil,review series identity",Historical listing needs a reviewed series alias
"{""candidates"":[],""printed_name"":""The City of Lights"",""year"":2010}",series_alias,2010,history_year,snap_20260913T050503Z_1dc9d7a88150,2010-07:the-city-of-lights,history_listing,"The City of Lights,listed-the-city-of-lights,swingdancecouncil,review series identity",Historical listing needs a reviewed series alias
"{""candidates"":[],""printed_name"":""Toronto Open Swing Dance Championships"",""year"":2010}",series_alias,2010,history_year,snap_20260913T050433Z_b749ee48056f,2010-07:toronto-open-swing-dance-championships,history_listing,"Toronto Open Swing Dance Championships,listed-toronto-open-swing-dance-championships,swingdancecouncil,review series identity",Historical listing needs a reviewed series alias
"{""candidates"":[],""printed_name"":""Wisconsin Dance Challenge"",""year"":2010}",series_alias,2010,history_year,snap_20260913T050503Z_1dc9d7a88150,2010-07:wisconsin-dance-challenge,history_listing,"Wisconsin Dance Challenge,listed-wisconsin-dance-challenge,swingdancecouncil,review series identity",Historical listing needs a reviewed series alias
"{""candidates"":[],""printed_name"":""World Hustle Dance Championships"",""year"":2010}",series_alias,2010,history_year,snap_20260913T050503Z_1dc9d7a88150,2010-07:world-hustle-dance-championships,history_listing,"World Hustle Dance Championships,listed-world-hustle-dance-championships,swingdancecouncil,review series identity",Historical listing needs a reviewed series alias
"{""candidates"":[],""printed_name"":""World Swing Dance Champ's"",""year"":2010}",series_alias,2010,history_year,snap_20260913T050503Z_1dc9d7a88150,2010-07:world-swing-dance-champ-s,history_listing,"World Swing Dance Champ's,listed-world-swing-dance-champ-s,swingdancecouncil,review series identity",Historical listing needs a reviewed series alias
"{""candidates"":[],""printed_name"":""Palm Springs Swing Dance Classic / Summer Dance Camp"",""year"":2010}",series_alias,2010,history_year,snap_20260913T050503Z_1dc9d7a88150,2010-08:palm-springs-swing-dance-classic-summer-dance-camp,history_listing,"Palm Springs Swing Dance Classic / Summer Dance Camp,listed-palm-springs-swing-dance-classic-summer-dance-camp,swingdancecouncil,review series identity",Historical listing needs a reviewed series alias
"{""candidates"":[],""printed_name"":""World Dance Masters"",""year"":2010}",series_alias,2010,history_year,snap_20260913T050503Z_1dc9d7a88150,2010-08:world-dance-masters,history_listing,"World Dance Masters,listed-world-dance-masters,swingdancecouncil,review series identity",Historical listing needs a reviewed series alias
"{""candidates"":[],""printed_name"":""Halloween In Harrisburg & SwingZing"",""year"":2010}",series_alias,2010,history_year,snap_20260913T050503Z_1dc9d7a88150,2010-10:halloween-in-harrisburg-swingzing,history_listing,"Halloween In Harrisburg & SwingZing,listed-halloween-in-harrisburg-swingzing,swingdancecouncil,review series identity",Historical listing needs a reviewed series alias
"{""candidates"":[],""printed_name"":""SeaToSky West Coast Swing Championships"",""year"":2010}",series_alias,2010,history_year,snap_20260913T050503Z_1dc9d7a88150,2010-10:seatosky-west-coast-swing-championships,history_listing,"SeaToSky West Coast Swing Championships,listed-seatosky-west-coast-swing-championships,swingdancecouncil,review series identity",Historical listing needs a reviewed series alias
"{""candidates"":[],""printed_name"":""Tulsa Fall Fling"",""year"":2010}",series_alias,2010,history_year,snap_20260913T050443Z_6a757e752fa4,2010-10:tulsa-fall-fling,history_listing,"Tulsa Fall Fling,listed-tulsa-fall-fling,swingdancecouncil,review series identity",Historical listing needs a reviewed series alias
"{""candidates"":[],""printed_name"":""Virginia State Open Swing Dance Championships"",""year"":2010}",series_alias,2010,history_year,snap_20260913T050503Z_1dc9d7a88150,2010-11:virginia-state-open-swing-dance-championships,history_listing,"Virginia State Open Swing Dance Championships,listed-virginia-state-open-swing-dance-championships,swingdancecouncil,review series identity",Historical listing needs a reviewed series alias
"{""candidates"":[],""printed_name"":""West Coast Dance Challenge Seattle Super Swing Weekend"",""year"":2010}",series_alias,2010,history_year,snap_20260913T050503Z_1dc9d7a88150,2010-11:west-coast-dance-challenge-seattle-super-swing-weekend,history_listing,"West Coast Dance Challenge Seattle Super Swing Weekend,listed-west-coast-dance-challenge-seattle-super-swing-weekend,swingdancecouncil,review series identity",Historical listing needs a reviewed series alias
"{""candidates"":[],""printed_name"":""Capital Swing Cup"",""year"":2010}",series_alias,2010,history_year,snap_20260913T050443Z_6a757e752fa4,2010-12:capital-swing-cup,history_listing,"Capital Swing Cup,listed-capital-swing-cup,swingdancecouncil,review series identity",Historical listing needs a reviewed series alias
"{""candidates"":[],""printed_name"":""New Years Dancin Eve"",""year"":2010}",series_alias,2010,history_year,snap_20260913T050433Z_b749ee48056f,2010-12:new-years-dancin-eve,history_listing,"New Years Dancin Eve,listed-new-years-dancin-eve,swingdancecouncil,review series identity",Historical listing needs a reviewed series alias
"{""candidates"":[],""printed_name"":""Palm Springs New Year's Swingin' Dance Camp"",""year"":2010}",series_alias,2010,history_year,snap_20260913T050503Z_1dc9d7a88150,2010-12:palm-springs-new-year-s-swingin-dance-camp,history_listing,"Palm Springs New Year's Swingin' Dance Camp,listed-palm-springs-new-year-s-swingin-dance-camp,swingdancecouncil,review series identity",Historical listing needs a reviewed series alias
"{""candidates"":[],""printed_name"":""FloorPlay Orlando Swing Vacation"",""year"":2011}",series_alias,2011,history_year,snap_20260913T050603Z_94f4a330dd97,2011-01:floorplay-orlando-swing-vacation,history_listing,"FloorPlay Orlando Swing Vacation,listed-floorplay-orlando-swing-vacation,swingdancecouncil,review series identity",Historical listing needs a reviewed series alias
"{""candidates"":[],""printed_name"":""Floorplays New Years Swing Vacation"",""year"":2011}",series_alias,2011,history_year,snap_20260913T050433Z_b749ee48056f,2011-01:floorplays-new-years-swing-vacation,history_listing,"Floorplays New Years Swing Vacation,listed-floorplays-new-years-swing-vacation,swingdancecouncil,review series identity",Historical listing needs a reviewed series alias
"{""candidates"":[],""printed_name"":""New Years Dance Extravaganza"",""year"":2011}",series_alias,2011,history_year,snap_20260913T050603Z_94f4a330dd97,2011-01:new-years-dance-extravaganza,history_listing,"New Years Dance Extravaganza,listed-new-years-dance-extravaganza,swingdancecouncil,review series identity",Historical listing needs a reviewed series alias
"{""candidates"":[],""printed_name"":""New Years Dancin Eve"",""year"":2011}",series_alias,2011,history_year,snap_20260913T050523Z_599faad414ce,2011-01:new-years-dancin-eve,history_listing,"New Years Dancin Eve,listed-new-years-dancin-eve,swingdancecouncil,review series identity",Historical listing needs a reviewed series alias
"{""candidates"":[],""printed_name"":""Palm Springs New Year's Swingin' Dance Camp"",""year"":2011}",series_alias,2011,history_year,snap_20260913T050603Z_94f4a330dd97,2011-01:palm-springs-new-year-s-swingin-dance-camp,history_listing,"Palm Springs New Year's Swingin' Dance Camp,listed-palm-springs-new-year-s-swingin-dance-camp,swingdancecouncil,review series identity",Historical listing needs a reviewed series alias
"{""candidates"":[],""printed_name"":""Spotlight Dance Celebration"",""year"":2011}",series_alias,2011,history_year,snap_20260913T050603Z_94f4a330dd97,2011-01:spotlight-dance-celebration,history_listing,"Spotlight Dance Celebration,listed-spotlight-dance-celebration,swingdancecouncil,review series identity",Historical listing needs a reviewed series alias
"{""candidates"":[],""printed_name"":""Toronto International Swing Dance Championships"",""year"":2011}",series_alias,2011,history_year,snap_20260913T050503Z_1dc9d7a88150,2011-02:toronto-international-swing-dance-championships,history_listing,"Toronto International Swing Dance Championships,listed-toronto-international-swing-dance-championships,swingdancecouncil,review series identity",Historical listing needs a reviewed series alias
"{""candidates"":[],""printed_name"":""Miami Dance Magic"",""year"":2011}",series_alias,2011,history_year,snap_20260913T050513Z_91f15ae62698,2011-07:miami-dance-magic,history_listing,"Miami Dance Magic,listed-miami-dance-magic,swingdancecouncil,review series identity",Historical listing needs a reviewed series alias
"{""candidates"":[""wsdc-47"",""wsdc-66""],""printed_name"":""Swingtime in the Rockies"",""year"":2011}",series_alias,2011,history_year,snap_20260913T050523Z_599faad414ce,2011-07:swingtime-in-the-rockies,history_listing,"Swingtime in the Rockies,listed-swingtime-in-the-rockies,swingdancecouncil,review series identity",Historical listing needs a reviewed series alias
"{""candidates"":[],""printed_name"":""Palm Springs Swing Dance Classic / Summer Dance Camp"",""year"":2011}",series_alias,2011,history_year,snap_20260913T050523Z_599faad414ce,2011-08:palm-springs-swing-dance-classic-summer-dance-camp,history_listing,"Palm Springs Swing Dance Classic / Summer Dance Camp,listed-palm-springs-swing-dance-classic-summer-dance-camp,swingdancecouncil,review series identity",Historical listing needs a reviewed series alias
"{""candidates"":[],""printed_name"":""World Dance Masters"",""year"":2011}",series_alias,2011,history_year,snap_20260913T050523Z_599faad414ce,2011-08:world-dance-masters,history_listing,"World Dance Masters,listed-world-dance-masters,swingdancecouncil,review series identity",Historical listing needs a reviewed series alias
"{""candidates"":[],""printed_name"":""Australian Open West Coast Swing Dance Champ's"",""year"":2011}",series_alias,2011,history_year,snap_20260913T050533Z_9b70788c5a8a,2011-10:australian-open-west-coast-swing-dance-champ-s,history_listing,"Australian Open West Coast Swing Dance Champ's,listed-australian-open-west-coast-swing-dance-champ-s,swingdancecouncil,review series identity",Historical listing needs a reviewed series alias
"{""candidates"":[],""printed_name"":""SeaToSky West Coast Swing Dance Champ's"",""year"":2011}",series_alias,2011,history_year,snap_20260913T050533Z_9b70788c5a8a,2011-10:seatosky-west-coast-swing-dance-champ-s,history_listing,"SeaToSky West Coast Swing Dance Champ's,listed-seatosky-west-coast-swing-dance-champ-s,swingdancecouncil,review series identity",Historical listing needs a reviewed series alias
"{""candidates"":[],""printed_name"":""The New Zealand Open Swing Dance Championships"",""year"":2011}",series_alias,2011,history_year,snap_20260913T050533Z_9b70788c5a8a,2011-10:the-new-zealand-open-swing-dance-championships,history_listing,"The New Zealand Open Swing Dance Championships,listed-the-new-zealand-open-swing-dance-championships,swingdancecouncil,review series identity",Historical listing needs a reviewed series alias
"{""candidates"":[],""printed_name"":""West Coast Dance Challenge"",""year"":2011}",series_alias,2011,history_year,snap_20260913T050533Z_9b70788c5a8a,2011-11:west-coast-dance-challenge,history_listing,"West Coast Dance Challenge,listed-west-coast-dance-challenge,swingdancecouncil,review series identity",Historical listing needs a reviewed series alias
"{""candidates"":[],""printed_name"":""Christmas In Dixie"",""year"":2011}",series_alias,2011,history_year,snap_20260913T050553Z_63f77fe501d5,2011-12:christmas-in-dixie,history_listing,"Christmas In Dixie,listed-christmas-in-dixie,swingdancecouncil,review series identity",Historical listing needs a reviewed series alias
"{""candidates"":[],""printed_name"":""Dutch Open Championships"",""year"":2011}",series_alias,2011,history_year,snap_20260913T050553Z_63f77fe501d5,2011-12:dutch-open-championships,history_listing,"Dutch Open Championships,listed-dutch-open-championships,swingdancecouncil,review series identity",Historical listing needs a reviewed series alias
"{""candidates"":[],""printed_name"":""FloorPlay Orlando Swing Vacation"",""year"":2011}",series_alias,2011,history_year,snap_20260913T050523Z_599faad414ce,2011-12:floorplay-orlando-swing-vacation,history_listing,"FloorPlay Orlando Swing Vacation,listed-floorplay-orlando-swing-vacation,swingdancecouncil,review series identity",Historical listing needs a reviewed series alias
"{""date_spans"":[[""2012-09"",""2012-09""],[""2012-09-13"",""2012-09-16""]],""year"":2012}",event_alias,2012,history_year,,2012-09-bridgetown-swing-boogie,event,,Multiple dated editions match one registry occurrence
"{""date_spans"":[[""2012-09-05"",""2012-09-08""],[""2012-09-06"",""2012-09-09""]],""year"":2012}",event_alias,2012,history_year,,2012-09-river-city-swing,event,,Multiple dated editions match one registry occurrence
"{""candidates"":[],""printed_name"":""America's Classic Championships"",""year"":2012}",series_alias,2012,history_year,snap_20260913T050613Z_a7106c385749,2012-01:america-s-classic-championships,history_listing,"America's Classic Championships,listed-america-s-classic-championships,swingdancecouncil,review series identity",Historical listing needs a reviewed series alias
"{""candidates"":[],""printed_name"":""FloorPlay Orlando Swing Vacation"",""year"":2012}",series_alias,2012,history_year,snap_20260913T050603Z_94f4a330dd97,2012-01:floorplay-orlando-swing-vacation,history_listing,"FloorPlay Orlando Swing Vacation,listed-floorplay-orlando-swing-vacation,swingdancecouncil,review series identity",Historical listing needs a reviewed series alias
"{""candidates"":[],""printed_name"":""West Coast Swing BudaFest"",""year"":2012}",series_alias,2012,history_year,snap_20260913T050613Z_a7106c385749,2012-01:west-coast-swing-budafest,history_listing,"West Coast Swing BudaFest,listed-west-coast-swing-budafest,swingdancecouncil,review series identity",Historical listing needs a reviewed series alias
"{""candidates"":[],""printed_name"":""Capital S.D.President's Day Weekend Convention"",""year"":2012}",series_alias,2012,history_year,snap_20260913T050613Z_a7106c385749,2012-02:capital-s-d-president-s-day-weekend-convention,history_listing,"Capital S.D.President's Day Weekend Convention,listed-capital-s-d-president-s-day-weekend-convention,swingdancecouncil,review series identity",Historical listing needs a reviewed series alias
"{""candidates"":[],""printed_name"":""City of Angels Swing"",""year"":2012}",series_alias,2012,history_year,snap_20260913T050613Z_a7106c385749,2012-04:city-of-angels-swing,history_listing,"City of Angels Swing,listed-city-of-angels-swing,swingdancecouncil,review series identity",Historical listing needs a reviewed series alias
"{""candidates"":[],""printed_name"":""IHSC"",""year"":2012}",series_alias,2012,history_year,snap_20260913T050613Z_a7106c385749,2012-04:ihsc,history_listing,"IHSC,listed-ihsc,swingdancecouncil,review series identity",Historical listing needs a reviewed series alias
"{""candidates"":[],""printed_name"":""Seattle Easter Swing"",""year"":2012}",series_alias,2012,history_year,snap_20260913T050613Z_a7106c385749,2012-04:seattle-easter-swing,history_listing,"Seattle Easter Swing,listed-seattle-easter-swing,swingdancecouncil,review series identity",Historical listing needs a reviewed series alias
"{""candidates"":[],""printed_name"":""DFW proAMjam"",""year"":2012}",series_alias,2012,history_year,snap_20260913T050633Z_04b39eb0707f,2012-05:dfw-proamjam,history_listing,"DFW proAMjam,listed-dfw-proamjam,swingdancecouncil,review series identity",Historical listing needs a reviewed series alias
"{""candidates"":[],""printed_name"":""Southern Oregon Swing"",""year"":2012}",series_alias,2012,history_year,snap_20260913T050623Z_d97f842d3cbc,2012-05:southern-oregon-swing,history_listing,"Southern Oregon Swing,listed-southern-oregon-swing,swingdancecouncil,review series identity",Historical listing needs a reviewed series alias
"{""candidates"":[],""printed_name"":""USA Grand National Dance Championship"",""year"":2012}",series_alias,2012,history_year,snap_20260913T050633Z_04b39eb0707f,2012-05:usa-grand-national-dance-championship,history_listing,"USA Grand National Dance Championship,listed-usa-grand-national-dance-championship,swingdancecouncil,review series identity",Historical listing needs a reviewed series alias
"{""candidates"":[],""printed_name"":""Liberty Swing Championships"",""year"":2012}",series_alias,2012,history_year,snap_20260913T050633Z_04b39eb0707f,2012-06:liberty-swing-championships,history_listing,"Liberty Swing Championships,listed-liberty-swing-championships,swingdancecouncil,review series identity",Historical listing needs a reviewed series alias
"{""candidates"":[],""printed_name"":""The Canadian Open"",""year"":2012}",series_alias,2012,history_year,snap_20260913T050623Z_d97f842d3cbc,2012-06:the-canadian-open,history_listing,"The Canadian Open,listed-the-canadian-open,swingdancecouncil,review series identity",Historical listing needs a reviewed series alias
"{""candidates"":[],""printed_name"":""GPSDC Annual July 4th Convention"",""year"":2012}",series_alias,2012,history_year,snap_20260913T050643Z_3b5c53c6d4d5,2012-07:gpsdc-annual-july-convention,history_listing,"GPSDC Annual July 4th Convention,listed-gpsdc-annual-july-convention,swingdancecouncil,review series identity",Historical listing needs a reviewed series alias
"{""candidates"":[],""printed_name"":""Miami Dance Magic"",""year"":2012}",series_alias,2012,history_year,snap_20260913T050643Z_3b5c53c6d4d5,2012-07:miami-dance-magic,history_listing,"Miami Dance Magic,listed-miami-dance-magic,swingdancecouncil,review series identity",Historical listing needs a reviewed series alias
"{""candidates"":[""wsdc-47"",""wsdc-66""],""printed_name"":""Swingtime in the Rockies"",""year"":2012}",series_alias,2012,history_year,snap_20260913T050643Z_3b5c53c6d4d5,2012-07:swingtime-in-the-rockies,history_listing,"Swingtime in the Rockies,listed-swingtime-in-the-rockies,swingdancecouncil,review series identity",Historical listing needs a reviewed series alias
"{""candidates"":[],""printed_name"":""The City of Lights"",""year"":2012}",series_alias,2012,history_year,snap_20260913T050653Z_5cf4ae4e6585,2012-07:the-city-of-lights,history_listing,"The City of Lights,listed-the-city-of-lights,swingdancecouncil,review series identity",Historical listing needs a reviewed series alias
"{""candidates"":[],""printed_name"":""Wisconsin Dance Challenge"",""year"":2012}",series_alias,2012,history_year,snap_20260913T050643Z_3b5c53c6d4d5,2012-07:wisconsin-dance-challenge,history_listing,"Wisconsin Dance Challenge,listed-wisconsin-dance-challenge,swingdancecouncil,review series identity",Historical listing needs a reviewed series alias
"{""candidates"":[],""printed_name"":""World Hustle Dance Championships"",""year"":2012}",series_alias,2012,history_year,snap_20260913T050633Z_04b39eb0707f,2012-07:world-hustle-dance-championships,history_listing,"World Hustle Dance Championships,listed-world-hustle-dance-championships,swingdancecouncil,review series identity",Historical listing needs a reviewed series alias
"{""candidates"":[],""printed_name"":""World Swing Dance Champ's"",""year"":2012}",series_alias,2012,history_year,snap_20260913T050633Z_04b39eb0707f,2012-07:world-swing-dance-champ-s,history_listing,"World Swing Dance Champ's,listed-world-swing-dance-champ-s,swingdancecouncil,review series identity",Historical listing needs a reviewed series alias
"{""candidates"":[],""printed_name"":""Asian Swing Championships"",""year"":2012}",series_alias,2012,history_year,snap_20260913T050653Z_5cf4ae4e6585,2012-08:asian-swing-championships,history_listing,"Asian Swing Championships,listed-asian-swing-championships,swingdancecouncil,review series identity",Historical listing needs a reviewed series alias
"{""candidates"":[],""printed_name"":""Palm Springs Swingin' Summer Dance Camp"",""year"":2012}",series_alias,2012,history_year,snap_20260913T050643Z_3b5c53c6d4d5,2012-08:palm-springs-swingin-summer-dance-camp,history_listing,"Palm Springs Swingin' Summer Dance Camp,listed-palm-springs-swingin-summer-dance-camp,swingdancecouncil,review series identity",Historical listing needs a reviewed series alias
"{""candidates"":[],""printed_name"":""Southern Oregon Swing"",""year"":2012}",series_alias,2012,history_year,snap_20260913T050553Z_63f77fe501d5,2012-08:southern-oregon-swing,history_listing,"Southern Oregon Swing,listed-southern-oregon-swing,swingdancecouncil,review series identity",Historical listing needs a reviewed series alias
"{""candidates"":[],""printed_name"":""World Dance Masters"",""year"":2012}",series_alias,2012,history_year,snap_20260913T050643Z_3b5c53c6d4d5,2012-08:world-dance-masters,history_listing,"World Dance Masters,listed-world-dance-masters,swingdancecouncil,review series identity",Historical listing needs a reviewed series alias
"{""candidates"":[""wsdc-191"",""wsdc-230""],""printed_name"":""Sunny Side Dance Camp"",""year"":2012}",series_alias,2012,history_year,snap_20260913T050703Z_0dc4bfe1a4a1,2012-09:sunny-side-dance-camp,history_listing,"Sunny Side Dance Camp,listed-sunny-side-dance-camp,swingdancecouncil,review series identity",Historical listing needs a reviewed series alias
"{""candidates"":[],""printed_name"":""Vermont Swing Championships"",""year"":2012}",series_alias,2012,history_year,snap_20260913T050703Z_0dc4bfe1a4a1,2012-09:vermont-swing-championships,history_listing,"Vermont Swing Championships,listed-vermont-swing-championships,swingdancecouncil,review series identity",Historical listing needs a reviewed series alias
"{""candidates"":[],""printed_name"":""Australian Open West Coast Swing Dance Champ's"",""year"":2012}",series_alias,2012,history_year,snap_20260913T050703Z_0dc4bfe1a4a1,2012-10:australian-open-west-coast-swing-dance-champ-s,history_listing,"Australian Open West Coast Swing Dance Champ's,listed-australian-open-west-coast-swing-dance-champ-s,swingdancecouncil,review series identity",Historical listing needs a reviewed series alias
"{""candidates"":[],""printed_name"":""Houston Swing Classic"",""year"":2012}",series_alias,2012,history_year,snap_20260913T050653Z_5cf4ae4e6585,2012-10:houston-swing-classic,history_listing,"Houston Swing Classic,listed-houston-swing-classic,swingdancecouncil,review series identity",Historical listing needs a reviewed series alias
"{""candidates"":[],""printed_name"":""Montreal Dance Festival"",""year"":2012}",series_alias,2012,history_year,snap_20260913T050703Z_0dc4bfe1a4a1,2012-10:montreal-dance-festival,history_listing,"Montreal Dance Festival,listed-montreal-dance-festival,swingdancecouncil,review series identity",Historical listing needs a reviewed series alias
"{""candidates"":[],""printed_name"":""SeaToSky West Coast Swing Dance Champ's"",""year"":2012}",series_alias,2012,history_year,snap_20260913T050603Z_94f4a330dd97,2012-10:seatosky-west-coast-swing-dance-champ-s,history_listing,"SeaToSky West Coast Swing Dance Champ's,listed-seatosky-west-coast-swing-dance-champ-s,swingdancecouncil,review series identity",Historical listing needs a reviewed series alias
"{""candidates"":[],""printed_name"":""The New Zealand Open Swing Dance Championships"",""year"":2012}",series_alias,2012,history_year,snap_20260913T050703Z_0dc4bfe1a4a1,2012-10:the-new-zealand-open-swing-dance-championships,history_listing,"The New Zealand Open Swing Dance Championships,listed-the-new-zealand-open-swing-dance-championships,swingdancecouncil,review series identity",Historical listing needs a reviewed series alias
"{""candidates"":[],""printed_name"":""Tulsa Fall Fling"",""year"":2012}",series_alias,2012,history_year,snap_20260913T050653Z_5cf4ae4e6585,2012-10:tulsa-fall-fling,history_listing,"Tulsa Fall Fling,listed-tulsa-fall-fling,swingdancecouncil,review series identity",Historical listing needs a reviewed series alias
"{""candidates"":[],""printed_name"":""SeaToSky West Coast Swing Dance Champ's"",""year"":2012}",series_alias,2012,history_year,snap_20260913T050703Z_0dc4bfe1a4a1,2012-11:seatosky-west-coast-swing-dance-champ-s,history_listing,"SeaToSky West Coast Swing Dance Champ's,listed-seatosky-west-coast-swing-dance-champ-s,swingdancecouncil,review series identity",Historical listing needs a reviewed series alias
"{""candidates"":[],""printed_name"":""Christmas In Dixie"",""year"":2012}",series_alias,2012,history_year,snap_20260913T050553Z_63f77fe501d5,2012-12:christmas-in-dixie,history_listing,"Christmas In Dixie,listed-christmas-in-dixie,swingdancecouncil,review series identity",Historical listing needs a reviewed series alias
"{""candidates"":[],""printed_name"":""Dutch Open Championships"",""year"":2012}",series_alias,2012,history_year,snap_20260913T050653Z_5cf4ae4e6585,2012-12:dutch-open-championships,history_listing,"Dutch Open Championships,listed-dutch-open-championships,swingdancecouncil,review series identity",Historical listing needs a reviewed series alias
"{""candidates"":[],""printed_name"":""New Years Dance Extravaganza"",""year"":2012}",series_alias,2012,history_year,snap_20260913T050603Z_94f4a330dd97,2012-12:new-years-dance-extravaganza,history_listing,"New Years Dance Extravaganza,listed-new-years-dance-extravaganza,swingdancecouncil,review series identity",Historical listing needs a reviewed series alias
"{""candidates"":[],""printed_name"":""Spotlight Dance Celebration"",""year"":2012}",series_alias,2012,history_year,snap_20260913T050603Z_94f4a330dd97,2012-12:spotlight-dance-celebration,history_listing,"Spotlight Dance Celebration,listed-spotlight-dance-celebration,swingdancecouncil,review series identity",Historical listing needs a reviewed series alias
"{""candidates"":[],""printed_name"":""America's Classic Championships"",""year"":2013}",series_alias,2013,history_year,snap_20260913T050713Z_532a13011352,2013-01:america-s-classic-championships,history_listing,"America's Classic Championships,listed-america-s-classic-championships,swingdancecouncil,review series identity",Historical listing needs a reviewed series alias
"{""candidates"":[],""printed_name"":""First Night Boston"",""year"":2013}",series_alias,2013,history_year,snap_20260913T050713Z_532a13011352,2013-01:first-night-boston,history_listing,"First Night Boston,listed-first-night-boston,swingdancecouncil,review series identity",Historical listing needs a reviewed series alias
"{""candidates"":[],""printed_name"":""FloorPlay Orlando Swing Vacation"",""year"":2013}",series_alias,2013,history_year,snap_20260913T050713Z_532a13011352,2013-01:floorplay-orlando-swing-vacation,history_listing,"FloorPlay Orlando Swing Vacation,listed-floorplay-orlando-swing-vacation,swingdancecouncil,review series identity",Historical listing needs a reviewed series alias
"{""candidates"":[],""printed_name"":""Palm Springs New Year's Swingin' Dance Camp"",""year"":2013}",series_alias,2013,history_year,snap_20260913T050724Z_6ddaacedd7ed,2013-01:palm-springs-new-year-s-swingin-dance-camp,history_listing,"Palm Springs New Year's Swingin' Dance Camp,listed-palm-springs-new-year-s-swingin-dance-camp,swingdancecouncil,review series identity",Historical listing needs a reviewed series alias
"{""candidates"":[],""printed_name"":""Spotlight Dance Celebration"",""year"":2013}",series_alias,2013,history_year,snap_20260913T050724Z_6ddaacedd7ed,2013-01:spotlight-dance-celebration,history_listing,"Spotlight Dance Celebration,listed-spotlight-dance-celebration,swingdancecouncil,review series identity",Historical listing needs a reviewed series alias
"{""candidates"":[],""printed_name"":""West Coast Swing BudaFest"",""year"":2013}",series_alias,2013,history_year,snap_20260913T050713Z_532a13011352,2013-01:west-coast-swing-budafest,history_listing,"West Coast Swing BudaFest,listed-west-coast-swing-budafest,swingdancecouncil,review series identity",Historical listing needs a reviewed series alias
"{""candidates"":[],""printed_name"":""Capital S.D.President's Day Weekend Convention"",""year"":2013}",series_alias,2013,history_year,snap_20260913T050713Z_532a13011352,2013-02:capital-s-d-president-s-day-weekend-convention,history_listing,"Capital S.D.President's Day Weekend Convention,listed-capital-s-d-president-s-day-weekend-convention,swingdancecouncil,review series identity",Historical listing needs a reviewed series alias
"{""candidates"":[],""printed_name"":""Seattle Easter Swing"",""year"":2013}",series_alias,2013,history_year,snap_20260913T050713Z_532a13011352,2013-03:seattle-easter-swing,history_listing,"Seattle Easter Swing,listed-seattle-easter-swing,swingdancecouncil,review series identity",Historical listing needs a reviewed series alias
"{""candidates"":[],""printed_name"":""Asian West Coast Swing Open - Swingvitation"",""year"":2013}",series_alias,2013,history_year,snap_20260913T050713Z_532a13011352,2013-04:asian-west-coast-swing-open-swingvitation,history_listing,"Asian West Coast Swing Open - Swingvitation,listed-asian-west-coast-swing-open-swingvitation,swingdancecouncil,review series identity",Historical listing needs a reviewed series alias
"{""candidates"":[],""printed_name"":""City of Angels Swing"",""year"":2013}",series_alias,2013,history_year,snap_20260913T050713Z_532a13011352,2013-04:city-of-angels-swing,history_listing,"City of Angels Swing,listed-city-of-angels-swing,swingdancecouncil,review series identity",Historical listing needs a reviewed series alias
"{""candidates"":[],""printed_name"":""IHSC"",""year"":2013}",series_alias,2013,history_year,snap_20260913T050713Z_532a13011352,2013-04:ihsc,history_listing,"IHSC,listed-ihsc,swingdancecouncil,review series identity",Historical listing needs a reviewed series alias
"{""candidates"":[],""printed_name"":""French Open Disney West Coast Swing"",""year"":2013}",series_alias,2013,history_year,snap_20260913T050713Z_532a13011352,2013-05:french-open-disney-west-coast-swing,history_listing,"French Open Disney West Coast Swing,listed-french-open-disney-west-coast-swing,swingdancecouncil,review series identity",Historical listing needs a reviewed series alias
"{""candidates"":[],""printed_name"":""S.O.Swing"",""year"":2013}",series_alias,2013,history_year,snap_20260913T050713Z_532a13011352,2013-05:s-o-swing,history_listing,"S.O.Swing,listed-s-o-swing,swingdancecouncil,review series identity",Historical listing needs a reviewed series alias
"{""candidates"":[],""printed_name"":""USA Grand National Dance Championship"",""year"":2013}",series_alias,2013,history_year,snap_20260913T050713Z_532a13011352,2013-05:usa-grand-national-dance-championship,history_listing,"USA Grand National Dance Championship,listed-usa-grand-national-dance-championship,swingdancecouncil,review series identity",Historical listing needs a reviewed series alias
"{""candidates"":[],""printed_name"":""Liberty Swing Championships"",""year"":2013}",series_alias,2013,history_year,snap_20260913T050713Z_532a13011352,2013-06:liberty-swing-championships,history_listing,"Liberty Swing Championships,listed-liberty-swing-championships,swingdancecouncil,review series identity",Historical listing needs a reviewed series alias
"{""candidates"":[],""printed_name"":""Big Apple Country Dance"",""year"":2013}",series_alias,2013,history_year,snap_20260913T050713Z_532a13011352,2013-07:big-apple-country-dance,history_listing,"Big Apple Country Dance,listed-big-apple-country-dance,swingdancecouncil,review series identity",Historical listing needs a reviewed series alias
"{""candidates"":[],""printed_name"":""GPSDC Annual July 4th Convention"",""year"":2013}",series_alias,2013,history_year,snap_20260913T050713Z_532a13011352,2013-07:gpsdc-annual-july-convention,history_listing,"GPSDC Annual July 4th Convention,listed-gpsdc-annual-july-convention,swingdancecouncil,review series identity",Historical listing needs a reviewed series alias
"{""candidates"":[],""printed_name"":""Miami Dance Magic"",""year"":2013}",series_alias,2013,history_year,snap_20260913T050713Z_532a13011352,2013-07:miami-dance-magic,history_listing,"Miami Dance Magic,listed-miami-dance-magic,swingdancecouncil,review series identity",Historical listing needs a reviewed series alias
"{""candidates"":[""wsdc-47"",""wsdc-66""],""printed_name"":""Swingtime in the Rockies"",""year"":2013}",series_alias,2013,history_year,snap_20260913T050713Z_532a13011352,2013-07:swingtime-in-the-rockies,history_listing,"Swingtime in the Rockies,listed-swingtime-in-the-rockies,swingdancecouncil,review series identity",Historical listing needs a reviewed series alias
"{""candidates"":[],""printed_name"":""Wisconsin Dance Challenge"",""year"":2013}",series_alias,2013,history_year,snap_20260913T050713Z_532a13011352,2013-07:wisconsin-dance-challenge,history_listing,"Wisconsin Dance Challenge,listed-wisconsin-dance-challenge,swingdancecouncil,review series identity",Historical listing needs a reviewed series alias
"{""candidates"":[],""printed_name"":""Palm Springs Swingin' Summer Dance Camp"",""year"":2013}",series_alias,2013,history_year,snap_20260913T050713Z_532a13011352,2013-08:palm-springs-swingin-summer-dance-camp,history_listing,"Palm Springs Swingin' Summer Dance Camp,listed-palm-springs-swingin-summer-dance-camp,swingdancecouncil,review series identity",Historical listing needs a reviewed series alias
"{""candidates"":[],""printed_name"":""Swing Niagara Dance Champ's (ON HIATUS)"",""year"":2013}",series_alias,2013,history_year,snap_20260913T050724Z_6ddaacedd7ed,2013-09:swing-niagara-dance-champ-s,history_listing,"Swing Niagara Dance Champ's (ON HIATUS),listed-swing-niagara-dance-champ-s,swingdancecouncil,review series identity",Historical listing needs a reviewed series alias
"{""candidates"":[],""printed_name"":""Vermont Swing Championships"",""year"":2013}",series_alias,2013,history_year,snap_20260913T050713Z_532a13011352,2013-09:vermont-swing-championships,history_listing,"Vermont Swing Championships,listed-vermont-swing-championships,swingdancecouncil,review series identity",Historical listing needs a reviewed series alias
"{""candidates"":[],""printed_name"":""Australian Open WCS Dance Champ's"",""year"":2013}",series_alias,2013,history_year,snap_20260913T050724Z_6ddaacedd7ed,2013-10:australian-open-wcs-dance-champ-s,history_listing,"Australian Open WCS Dance Champ's,listed-australian-open-wcs-dance-champ-s,swingdancecouncil,review series identity",Historical listing needs a reviewed series alias
"{""candidates"":[],""printed_name"":""Korea Open Swing Dance Championships"",""year"":2013}",series_alias,2013,history_year,snap_20260913T050724Z_6ddaacedd7ed,2013-10:korea-open-swing-dance-championships,history_listing,"Korea Open Swing Dance Championships,listed-korea-open-swing-dance-championships,swingdancecouncil,review series identity",Historical listing needs a reviewed series alias
"{""candidates"":[],""printed_name"":""Montreal Dance Festival"",""year"":2013}",series_alias,2013,history_year,snap_20260913T050724Z_6ddaacedd7ed,2013-10:montreal-dance-festival,history_listing,"Montreal Dance Festival,listed-montreal-dance-festival,swingdancecouncil,review series identity",Historical listing needs a reviewed series alias
"{""candidates"":[],""printed_name"":""The New Zealand Open Swing Dance Championships"",""year"":2013}",series_alias,2013,history_year,snap_20260913T050724Z_6ddaacedd7ed,2013-10:the-new-zealand-open-swing-dance-championships,history_listing,"The New Zealand Open Swing Dance Championships,listed-the-new-zealand-open-swing-dance-championships,swingdancecouncil,review series identity",Historical listing needs a reviewed series alias
"{""candidates"":[],""printed_name"":""First Night Boston"",""year"":2013}",series_alias,2013,history_year,snap_20260913T050724Z_6ddaacedd7ed,2013-12:first-night-boston,history_listing,"First Night Boston,listed-first-night-boston,swingdancecouncil,review series identity",Historical listing needs a reviewed series alias
"{""candidates"":[],""printed_name"":""FloorPlay Orlando Swing Vacation"",""year"":2013}",series_alias,2013,history_year,snap_20260913T050724Z_6ddaacedd7ed,2013-12:floorplay-orlando-swing-vacation,history_listing,"FloorPlay Orlando Swing Vacation,listed-floorplay-orlando-swing-vacation,swingdancecouncil,review series identity",Historical listing needs a reviewed series alias
"{""candidates"":[],""printed_name"":""Palm Springs New Year's Swingin' Dance Camp"",""year"":2013}",series_alias,2013,history_year,snap_20260913T050713Z_532a13011352,2013-12:palm-springs-new-year-s-swingin-dance-camp,history_listing,"Palm Springs New Year's Swingin' Dance Camp,listed-palm-springs-new-year-s-swingin-dance-camp,swingdancecouncil,review series identity",Historical listing needs a reviewed series alias
"{""candidates"":[],""printed_name"":""Spotlight Dance Celebration"",""year"":2013}",series_alias,2013,history_year,snap_20260913T050713Z_532a13011352,2013-12:spotlight-dance-celebration,history_listing,"Spotlight Dance Celebration,listed-spotlight-dance-celebration,swingdancecouncil,review series identity",Historical listing needs a reviewed series alias
"{""date_spans"":[[""2014-03"",""2014-03""],[""2014-04-17"",""2014-04-20""]],""year"":2014}",event_alias,2014,history_year,,2014-04-tulsa-spring-swing,event,,Multiple dated editions match one registry occurrence
"{""candidates"":[],""printed_name"":""America's Classic Championships"",""year"":2014}",series_alias,2014,history_year,snap_20260913T050724Z_6ddaacedd7ed,2014-01:america-s-classic-championships,history_listing,"America's Classic Championships,listed-america-s-classic-championships,swingdancecouncil,review series identity",Historical listing needs a reviewed series alias
"{""candidates"":[],""printed_name"":""New Year's Dance Extravaganaza"",""year"":2014}",series_alias,2014,history_year,snap_20260913T050733Z_35c526f5b7e9,2014-01:new-year-s-dance-extravaganaza,history_listing,"New Year's Dance Extravaganaza,listed-new-year-s-dance-extravaganaza,swingdancecouncil,review series identity",Historical listing needs a reviewed series alias
"{""candidates"":[],""printed_name"":""Palm Springs New Year's Swing Classic & Dance Camp"",""year"":2014}",series_alias,2014,history_year,snap_20260913T050733Z_35c526f5b7e9,2014-01:palm-springs-new-year-s-swing-classic-dance-camp,history_listing,"Palm Springs New Year's Swing Classic & Dance Camp,listed-palm-springs-new-year-s-swing-classic-dance-camp,swingdancecouncil,review series identity",Historical listing needs a reviewed series alias
"{""candidates"":[],""printed_name"":""Spotlight Dance Celebration"",""year"":2014}",series_alias,2014,history_year,snap_20260913T050733Z_35c526f5b7e9,2014-01:spotlight-dance-celebration,history_listing,"Spotlight Dance Celebration,listed-spotlight-dance-celebration,swingdancecouncil,review series identity",Historical listing needs a reviewed series alias
"{""candidates"":[],""printed_name"":""West Coast Swing BudaFest"",""year"":2014}",series_alias,2014,history_year,snap_20260913T050724Z_6ddaacedd7ed,2014-01:west-coast-swing-budafest,history_listing,"West Coast Swing BudaFest,listed-west-coast-swing-budafest,swingdancecouncil,review series identity",Historical listing needs a reviewed series alias
"{""candidates"":[],""printed_name"":""Seattle Easter Swing"",""year"":2014}",series_alias,2014,history_year,snap_20260913T050724Z_6ddaacedd7ed,2014-03:seattle-easter-swing,history_listing,"Seattle Easter Swing,listed-seattle-easter-swing,swingdancecouncil,review series identity",Historical listing needs a reviewed series alias
"{""candidates"":[],""printed_name"":""Asian West Coast Swing Open - Swingvitation"",""year"":2014}",series_alias,2014,history_year,snap_20260913T050724Z_6ddaacedd7ed,2014-04:asian-west-coast-swing-open-swingvitation,history_listing,"Asian West Coast Swing Open - Swingvitation,listed-asian-west-coast-swing-open-swingvitation,swingdancecouncil,review series identity",Historical listing needs a reviewed series alias
"{""candidates"":[],""printed_name"":""City of Angels Swing"",""year"":2014}",series_alias,2014,history_year,snap_20260913T050724Z_6ddaacedd7ed,2014-04:city-of-angels-swing,history_listing,"City of Angels Swing,listed-city-of-angels-swing,swingdancecouncil,review series identity",Historical listing needs a reviewed series alias
"{""candidates"":[],""printed_name"":""DFW proAMjam"",""year"":2014}",series_alias,2014,history_year,snap_20260913T050724Z_6ddaacedd7ed,2014-05:dfw-proamjam,history_listing,"DFW proAMjam,listed-dfw-proamjam,swingdancecouncil,review series identity",Historical listing needs a reviewed series alias
"{""candidates"":[],""printed_name"":""S.O.Swing"",""year"":2014}",series_alias,2014,history_year,snap_20260913T050724Z_6ddaacedd7ed,2014-05:s-o-swing,history_listing,"S.O.Swing,listed-s-o-swing,swingdancecouncil,review series identity",Historical listing needs a reviewed series alias
"{""candidates"":[],""printed_name"":""USA Grand National Dance Championship"",""year"":2014}",series_alias,2014,history_year,snap_20260913T050724Z_6ddaacedd7ed,2014-05:usa-grand-national-dance-championship,history_listing,"USA Grand National Dance Championship,listed-usa-grand-national-dance-championship,swingdancecouncil,review series identity",Historical listing needs a reviewed series alias
"{""candidates"":[],""printed_name"":""Dance N Play WCS Event"",""year"":2014}",series_alias,2014,history_year,snap_20260913T050724Z_6ddaacedd7ed,2014-06:dance-n-play-wcs-event,history_listing,"Dance N Play WCS Event,listed-dance-n-play-wcs-event,swingdancecouncil,review series identity",Historical listing needs a reviewed series alias
"{""candidates"":[],""printed_name"":""Liberty Swing Championships"",""year"":2014}",series_alias,2014,history_year,snap_20260913T050724Z_6ddaacedd7ed,2014-06:liberty-swing-championships,history_listing,"Liberty Swing Championships,listed-liberty-swing-championships,swingdancecouncil,review series identity",Historical listing needs a reviewed series alias
"{""candidates"":[],""printed_name"":""GPSDC Annual July 4th Convention"",""year"":2014}",series_alias,2014,history_year,snap_20260913T050724Z_6ddaacedd7ed,2014-07:gpsdc-annual-july-convention,history_listing,"GPSDC Annual July 4th Convention,listed-gpsdc-annual-july-convention,swingdancecouncil,review series identity",Historical listing needs a reviewed series alias
"{""candidates"":[],""printed_name"":""Miami Dance Magic"",""year"":2014}",series_alias,2014,history_year,snap_20260913T050724Z_6ddaacedd7ed,2014-07:miami-dance-magic,history_listing,"Miami Dance Magic,listed-miami-dance-magic,swingdancecouncil,review series identity",Historical listing needs a reviewed series alias
"{""candidates"":[""wsdc-47"",""wsdc-66""],""printed_name"":""Swingtime in the Rockies"",""year"":2014}",series_alias,2014,history_year,snap_20260913T050724Z_6ddaacedd7ed,2014-07:swingtime-in-the-rockies,history_listing,"Swingtime in the Rockies,listed-swingtime-in-the-rockies,swingdancecouncil,review series identity",Historical listing needs a reviewed series alias
"{""candidates"":[],""printed_name"":""Palm Springs Swingin' Summer Dance Camp"",""year"":2014}",series_alias,2014,history_year,snap_20260913T050724Z_6ddaacedd7ed,2014-08:palm-springs-swingin-summer-dance-camp,history_listing,"Palm Springs Swingin' Summer Dance Camp,listed-palm-springs-swingin-summer-dance-camp,swingdancecouncil,review series identity",Historical listing needs a reviewed series alias
"{""candidates"":[""wsdc-191"",""wsdc-230""],""printed_name"":""Sunny Side Dance Camp"",""year"":2014}",series_alias,2014,history_year,snap_20260913T050724Z_6ddaacedd7ed,2014-09:sunny-side-dance-camp,history_listing,"Sunny Side Dance Camp,listed-sunny-side-dance-camp,swingdancecouncil,review series identity",Historical listing needs a reviewed series alias
"{""candidates"":[],""printed_name"":""Vermont Swing Championships"",""year"":2014}",series_alias,2014,history_year,snap_20260913T050724Z_6ddaacedd7ed,2014-09:vermont-swing-championships,history_listing,"Vermont Swing Championships,listed-vermont-swing-championships,swingdancecouncil,review series identity",Historical listing needs a reviewed series alias
"{""candidates"":[],""printed_name"":""The New Zealand Open Swing Dance Championships"",""year"":2014}",series_alias,2014,history_year,snap_20260913T050724Z_6ddaacedd7ed,2014-10:the-new-zealand-open-swing-dance-championships,history_listing,"The New Zealand Open Swing Dance Championships,listed-the-new-zealand-open-swing-dance-championships,swingdancecouncil,review series identity",Historical listing needs a reviewed series alias
"{""candidates"":[],""printed_name"":""FloorPlay Orlando Swing Vacation"",""year"":2014}",series_alias,2014,history_year,snap_20260913T050724Z_6ddaacedd7ed,2014-12:floorplay-orlando-swing-vacation,history_listing,"FloorPlay Orlando Swing Vacation,listed-floorplay-orlando-swing-vacation,swingdancecouncil,review series identity",Historical listing needs a reviewed series alias
"{""candidates"":[],""printed_name"":""Palm Springs New Year's Swingin' Dance Camp"",""year"":2014}",series_alias,2014,history_year,snap_20260913T050724Z_6ddaacedd7ed,2014-12:palm-springs-new-year-s-swingin-dance-camp,history_listing,"Palm Springs New Year's Swingin' Dance Camp,listed-palm-springs-new-year-s-swingin-dance-camp,swingdancecouncil,review series identity",Historical listing needs a reviewed series alias
"{""candidates"":[],""printed_name"":""Spotlight Dance Celebration"",""year"":2014}",series_alias,2014,history_year,snap_20260913T050724Z_6ddaacedd7ed,2014-12:spotlight-dance-celebration,history_listing,"Spotlight Dance Celebration,listed-spotlight-dance-celebration,swingdancecouncil,review series identity",Historical listing needs a reviewed series alias
"{""date_spans"":[[""2014-12"",""2014-12""],[""2014-12-31"",""2015-01-03""]],""year"":2015}",event_alias,2015,history_year,,2015-01-floorplay-new-years-swing-vacation,event,,Multiple dated editions match one registry occurrence
"{""date_spans"":[[""2015-02-18"",""2015-02-22""],[""2015-03-26"",""2015-03-30""]],""year"":2015}",event_alias,2015,history_year,,2015-03-5280-swing-dance-championships,event,,Multiple dated editions match one registry occurrence
"{""date_spans"":[[""2015-10-22"",""2015-10-25""],[""2015-10-29"",""2015-11-01""]],""year"":2015}",event_alias,2015,history_year,,2015-11-swing-city-chicago,event,,Multiple dated editions match one registry occurrence
"{""date_spans"":[[""2015-10-23"",""2015-10-25""],[""2015-10-30"",""2015-11-01""]],""year"":2015}",event_alias,2015,history_year,,2015-11-warsaw-halloween-swing,event,,Multiple dated editions match one registry occurrence
"{""candidates"":[],""printed_name"":""Moscow Christmas Swing Dance Camp"",""year"":2015}",series_alias,2015,history_year,snap_20260913T050733Z_35c526f5b7e9,2015-01:moscow-christmas-swing-dance-camp,history_listing,"Moscow Christmas Swing Dance Camp,listed-moscow-christmas-swing-dance-camp,swingdancecouncil,review series identity",Historical listing needs a reviewed series alias
"{""candidates"":[],""printed_name"":""New Year's Dance Extravaganaza"",""year"":2015}",series_alias,2015,history_year,snap_20260913T051004Z_e0f6b15c7de4,2015-01:new-year-s-dance-extravaganaza,history_listing,"New Year's Dance Extravaganaza,listed-new-year-s-dance-extravaganaza,swingdancecouncil,review series identity",Historical listing needs a reviewed series alias
"{""candidates"":[],""printed_name"":""Palm Springs New Year's Swing Classic & Dance Camp"",""year"":2015}",series_alias,2015,history_year,snap_20260913T051004Z_e0f6b15c7de4,2015-01:palm-springs-new-year-s-swing-classic-dance-camp,history_listing,"Palm Springs New Year's Swing Classic & Dance Camp,listed-palm-springs-new-year-s-swing-classic-dance-camp,swingdancecouncil,review series identity",Historical listing needs a reviewed series alias
"{""candidates"":[],""printed_name"":""West Coast Swing BudaFest"",""year"":2015}",series_alias,2015,history_year,snap_20260913T050733Z_35c526f5b7e9,2015-01:west-coast-swing-budafest,history_listing,"West Coast Swing BudaFest,listed-west-coast-swing-budafest,swingdancecouncil,review series identity",Historical listing needs a reviewed series alias
"{""candidates"":[],""printed_name"":""Anti Valentines Swing and Shag"",""year"":2015}",series_alias,2015,history_year,snap_20260913T050743Z_aa7582b60497,2015-02:anti-valentines-swing-and-shag,history_listing,"Anti Valentines Swing and Shag,listed-anti-valentines-swing-and-shag,swingdancecouncil,review series identity",Historical listing needs a reviewed series alias
"{""candidates"":[],""printed_name"":""Capital S.D.President's Day Weekend Convention"",""year"":2015}",series_alias,2015,history_year,snap_20260913T050743Z_aa7582b60497,2015-02:capital-s-d-president-s-day-weekend-convention,history_listing,"Capital S.D.President's Day Weekend Convention,listed-capital-s-d-president-s-day-weekend-convention,swingdancecouncil,review series identity",Historical listing needs a reviewed series alias
"{""candidates"":[],""printed_name"":""Swiss Open WCS (On Hiatus)"",""year"":2015}",series_alias,2015,history_year,snap_20260913T050733Z_35c526f5b7e9,2015-02:swiss-open-wcs,history_listing,"Swiss Open WCS (On Hiatus),listed-swiss-open-wcs,swingdancecouncil,review series identity",Historical listing needs a reviewed series alias
"{""candidates"":[],""printed_name"":""Asian West Coast Swing Open"",""year"":2015}",series_alias,2015,history_year,snap_20260913T050803Z_89757c41ead1,2015-04:asian-west-coast-swing-open,history_listing,"Asian West Coast Swing Open,listed-asian-west-coast-swing-open,swingdancecouncil,review series identity",Historical listing needs a reviewed series alias
"{""candidates"":[],""printed_name"":""City of Angels Swing"",""year"":2015}",series_alias,2015,history_year,snap_20260913T050803Z_89757c41ead1,2015-04:city-of-angels-swing,history_listing,"City of Angels Swing,listed-city-of-angels-swing,swingdancecouncil,review series identity",Historical listing needs a reviewed series alias
"{""candidates"":[],""printed_name"":""Finnish Open WCS"",""year"":2015}",series_alias,2015,history_year,snap_20260913T050813Z_f30944bfb2a3,2015-04:finnish-open-wcs,history_listing,"Finnish Open WCS,listed-finnish-open-wcs,swingdancecouncil,review series identity",Historical listing needs a reviewed series alias
"{""candidates"":[],""printed_name"":""Seattle Easter Swing"",""year"":2015}",series_alias,2015,history_year,snap_20260913T050803Z_89757c41ead1,2015-04:seattle-easter-swing,history_listing,"Seattle Easter Swing,listed-seattle-easter-swing,swingdancecouncil,review series identity",Historical listing needs a reviewed series alias
"{""candidates"":[],""printed_name"":""DFW proAMjam"",""year"":2015}",series_alias,2015,history_year,snap_20260913T050813Z_f30944bfb2a3,2015-05:dfw-proamjam,history_listing,"DFW proAMjam,listed-dfw-proamjam,swingdancecouncil,review series identity",Historical listing needs a reviewed series alias
"{""candidates"":[],""printed_name"":""IHSC"",""year"":2015}",series_alias,2015,history_year,snap_20260913T050803Z_89757c41ead1,2015-05:ihsc,history_listing,"IHSC,listed-ihsc,swingdancecouncil,review series identity",Historical listing needs a reviewed series alias
"{""candidates"":[],""printed_name"":""Nordic WCS Champ's (Formerly \""Spring Swing\"")"",""year"":2015}",series_alias,2015,history_year,snap_20260913T050803Z_89757c41ead1,2015-05:nordic-wcs-champ-s-formerly-spring-swing,history_listing,"Nordic WCS Champ's (Formerly ""Spring Swing""),listed-nordic-wcs-champ-s-formerly-spring-swing,swingdancecouncil,review series identity",Historical listing needs a reviewed series alias
"{""candidates"":[],""printed_name"":""USA Grand National Dance Championship"",""year"":2015}",series_alias,2015,history_year,snap_20260913T050803Z_89757c41ead1,2015-05:usa-grand-national-dance-championship,history_listing,"USA Grand National Dance Championship,listed-usa-grand-national-dance-championship,swingdancecouncil,review series identity",Historical listing needs a reviewed series alias
"{""candidates"":[],""printed_name"":""Liberty Swing Championships"",""year"":2015}",series_alias,2015,history_year,snap_20260913T050824Z_b47e1d7bdc49,2015-06:liberty-swing-championships,history_listing,"Liberty Swing Championships,listed-liberty-swing-championships,swingdancecouncil,review series identity",Historical listing needs a reviewed series alias
"{""candidates"":[],""printed_name"":""Swing Holland"",""year"":2015}",series_alias,2015,history_year,snap_20260913T050813Z_f30944bfb2a3,2015-06:swing-holland,history_listing,"Swing Holland,listed-swing-holland,swingdancecouncil,review series identity",Historical listing needs a reviewed series alias
"{""candidates"":[],""printed_name"":""Big Apple Country Dance & NY Swing Congress"",""year"":2015}",series_alias,2015,history_year,snap_20260913T050824Z_b47e1d7bdc49,2015-07:big-apple-country-dance-ny-swing-congress,history_listing,"Big Apple Country Dance & NY Swing Congress,listed-big-apple-country-dance-ny-swing-congress,swingdancecouncil,review series identity",Historical listing needs a reviewed series alias
"{""candidates"":[],""printed_name"":""GPSDC Annual July 4th Convention"",""year"":2015}",series_alias,2015,history_year,snap_20260913T050803Z_89757c41ead1,2015-07:gpsdc-annual-july-convention,history_listing,"GPSDC Annual July 4th Convention,listed-gpsdc-annual-july-convention,swingdancecouncil,review series identity",Historical listing needs a reviewed series alias
"{""candidates"":[],""printed_name"":""Miami Dance Magic"",""year"":2015}",series_alias,2015,history_year,snap_20260913T050733Z_35c526f5b7e9,2015-07:miami-dance-magic,history_listing,"Miami Dance Magic,listed-miami-dance-magic,swingdancecouncil,review series identity",Historical listing needs a reviewed series alias
"{""candidates"":[""wsdc-47"",""wsdc-66""],""printed_name"":""Swingtime in the Rockies"",""year"":2015}",series_alias,2015,history_year,snap_20260913T050824Z_b47e1d7bdc49,2015-07:swingtime-in-the-rockies,history_listing,"Swingtime in the Rockies,listed-swingtime-in-the-rockies,swingdancecouncil,review series identity",Historical listing needs a reviewed series alias
"{""candidates"":[""wsdc-191"",""wsdc-230""],""printed_name"":""Sunny Side Dance Camp"",""year"":2015}",series_alias,2015,history_year,snap_20260913T050843Z_ac31baa840e2,2015-09:sunny-side-dance-camp,history_listing,"Sunny Side Dance Camp,listed-sunny-side-dance-camp,swingdancecouncil,review series identity",Historical listing needs a reviewed series alias
"{""candidates"":[],""printed_name"":""Vermont Swing Championships"",""year"":2015}",series_alias,2015,history_year,snap_20260913T050913Z_e6ad854e9c1e,2015-09:vermont-swing-championships,history_listing,"Vermont Swing Championships,listed-vermont-swing-championships,swingdancecouncil,review series identity",Historical listing needs a reviewed series alias
"{""candidates"":[],""printed_name"":""Australian Open WCS Dance Champ's"",""year"":2015}",series_alias,2015,history_year,snap_20260913T050933Z_8684c9031883,2015-10:australian-open-wcs-dance-champ-s,history_listing,"Australian Open WCS Dance Champ's,listed-australian-open-wcs-dance-champ-s,swingdancecouncil,review series identity",Historical listing needs a reviewed series alias
"{""candidates"":[],""printed_name"":""Italian Open West Coast Swing"",""year"":2015}",series_alias,2015,history_year,snap_20260913T050933Z_8684c9031883,2015-10:italian-open-west-coast-swing,history_listing,"Italian Open West Coast Swing,listed-italian-open-west-coast-swing,swingdancecouncil,review series identity",Historical listing needs a reviewed series alias
"{""candidates"":[],""printed_name"":""Swing & Country Challenge"",""year"":2015}",series_alias,2015,history_year,snap_20260913T050903Z_eeca76f57b94,2015-10:swing-country-challenge,history_listing,"Swing & Country Challenge,listed-swing-country-challenge,swingdancecouncil,review series identity",Historical listing needs a reviewed series alias
"{""candidates"":[],""printed_name"":""Tulsa Fall Fling"",""year"":2015}",series_alias,2015,history_year,snap_20260913T050903Z_eeca76f57b94,2015-10:tulsa-fall-fling,history_listing,"Tulsa Fall Fling,listed-tulsa-fall-fling,swingdancecouncil,review series identity",Historical listing needs a reviewed series alias
"{""candidates"":[],""printed_name"":""West Coast Swing & Country Challenge"",""year"":2015}",series_alias,2015,history_year,snap_20260913T050903Z_eeca76f57b94,2015-10:west-coast-swing-country-challenge,history_listing,"West Coast Swing & Country Challenge,listed-west-coast-swing-country-challenge,swingdancecouncil,review series identity",Historical listing needs a reviewed series alias
"{""candidates"":[],""printed_name"":""West Coast Swing Helsinki"",""year"":2015}",series_alias,2015,history_year,snap_20260913T050933Z_8684c9031883,2015-10:west-coast-swing-helsinki,history_listing,"West Coast Swing Helsinki,listed-west-coast-swing-helsinki,swingdancecouncil,review series identity",Historical listing needs a reviewed series alias
"{""candidates"":[],""printed_name"":""New Year's Dance Extravaganaza"",""year"":2015}",series_alias,2015,history_year,snap_20260913T050803Z_89757c41ead1,2015-12:new-year-s-dance-extravaganaza,history_listing,"New Year's Dance Extravaganaza,listed-new-year-s-dance-extravaganaza,swingdancecouncil,review series identity",Historical listing needs a reviewed series alias
"{""candidates"":[],""printed_name"":""WCS Champions At Sea"",""year"":2015}",series_alias,2015,history_year,snap_20260913T050943Z_63c65573e873,2015-12:wcs-champions-at-sea,history_listing,"WCS Champions At Sea,listed-wcs-champions-at-sea,swingdancecouncil,review series identity",Historical listing needs a reviewed series alias
"{""date_spans"":[[""2016-07"",""2016-07""],[""2016-07-29"",""2016-08-01""],[""2016-07-29"",""2016-08-06""]],""year"":2016}",event_alias,2016,history_year,,2016-08-sea-sun-and-swing,event,,Multiple dated editions match one registry occurrence
"{""date_spans"":[[""2016-09-15"",""2016-09-18""],[""2016-09-15"",""2016-10-18""]],""year"":2016}",event_alias,2016,history_year,,2016-10-bridgetown-swing-boogie,event,,Multiple dated editions match one registry occurrence
"{""date_spans"":[[""2016-09"",""2016-09""],[""2016-09-30"",""2016-10-02""]],""year"":2016}",event_alias,2016,history_year,,2016-10-midland-swing-open,event,,Multiple dated editions match one registry occurrence
"{""candidates"":[],""printed_name"":""Moscow Xmas Swing Dance Camp"",""year"":2016}",series_alias,2016,history_year,snap_20260913T051004Z_e0f6b15c7de4,2016-01:moscow-xmas-swing-dance-camp,history_listing,"Moscow Xmas Swing Dance Camp,listed-moscow-xmas-swing-dance-camp,swingdancecouncil,review series identity",Historical listing needs a reviewed series alias
"{""candidates"":[],""printed_name"":""New Year's Dance Extravaganaza"",""year"":2016}",series_alias,2016,history_year,snap_20260913T051023Z_de41000bfa60,2016-01:new-year-s-dance-extravaganaza,history_listing,"New Year's Dance Extravaganaza,listed-new-year-s-dance-extravaganaza,swingdancecouncil,review series identity",Historical listing needs a reviewed series alias
"{""candidates"":[],""printed_name"":""Spotlight Dance Celebration"",""year"":2016}",series_alias,2016,history_year,snap_20260913T051004Z_e0f6b15c7de4,2016-01:spotlight-dance-celebration,history_listing,"Spotlight Dance Celebration,listed-spotlight-dance-celebration,swingdancecouncil,review series identity",Historical listing needs a reviewed series alias
"{""candidates"":[],""printed_name"":""Big Bang Swing Classic"",""year"":2016}",series_alias,2016,history_year,snap_20260913T050803Z_89757c41ead1,2016-02:big-bang-swing-classic,history_listing,"Big Bang Swing Classic,listed-big-bang-swing-classic,swingdancecouncil,review series identity",Historical listing needs a reviewed series alias
"{""candidates"":[],""printed_name"":""Capital S.D.President's Day Weekend Convention"",""year"":2016}",series_alias,2016,history_year,snap_20260913T051023Z_de41000bfa60,2016-02:capital-s-d-president-s-day-weekend-convention,history_listing,"Capital S.D.President's Day Weekend Convention,listed-capital-s-d-president-s-day-weekend-convention,swingdancecouncil,review series identity",Historical listing needs a reviewed series alias
"{""candidates"":[],""printed_name"":""Seattle Easter Swing"",""year"":2016}",series_alias,2016,history_year,snap_20260913T051023Z_de41000bfa60,2016-03:seattle-easter-swing,history_listing,"Seattle Easter Swing,listed-seattle-easter-swing,swingdancecouncil,review series identity",Historical listing needs a reviewed series alias
"{""candidates"":[],""printed_name"":""City of Angels Swing"",""year"":2016}",series_alias,2016,history_year,snap_20260913T051023Z_de41000bfa60,2016-04:city-of-angels-swing,history_listing,"City of Angels Swing,listed-city-of-angels-swing,swingdancecouncil,review series identity",Historical listing needs a reviewed series alias
"{""candidates"":[],""printed_name"":""Nordic WCS Champ's"",""year"":2016}",series_alias,2016,history_year,snap_20260913T051023Z_de41000bfa60,2016-05:nordic-wcs-champ-s,history_listing,"Nordic WCS Champ's,listed-nordic-wcs-champ-s,swingdancecouncil,review series identity",Historical listing needs a reviewed series alias
"{""candidates"":[],""printed_name"":""SOSwing Convention"",""year"":2016}",series_alias,2016,history_year,snap_20260913T051023Z_de41000bfa60,2016-05:soswing-convention,history_listing,"SOSwing Convention,listed-soswing-convention,swingdancecouncil,review series identity",Historical listing needs a reviewed series alias
"{""candidates"":[],""printed_name"":""USA Grand National Dance Championship"",""year"":2016}",series_alias,2016,history_year,snap_20260913T051023Z_de41000bfa60,2016-05:usa-grand-national-dance-championship,history_listing,"USA Grand National Dance Championship,listed-usa-grand-national-dance-championship,swingdancecouncil,review series identity",Historical listing needs a reviewed series alias
"{""candidates"":[],""printed_name"":""CMJ NSW West Coast Swing Dance Championships"",""year"":2016}",series_alias,2016,history_year,snap_20260913T051244Z_a3c08b0b73ee,2016-06:cmj-nsw-west-coast-swing-dance-championships,history_listing,"CMJ NSW West Coast Swing Dance Championships,listed-cmj-nsw-west-coast-swing-dance-championships,wsdc_calendar,review series identity",Historical listing needs a reviewed series alias
"{""candidates"":[],""printed_name"":""Jack & Jill O"",""year"":2016}",series_alias,2016,history_year,snap_20260913T051244Z_a3c08b0b73ee,2016-06:jack-jill-o,history_listing,"Jack & Jill O,listed-jack-jill-o,wsdc_calendar,review series identity",Historical listing needs a reviewed series alias
"{""candidates"":[],""printed_name"":""Liberty Swing Championships"",""year"":2016}",series_alias,2016,history_year,snap_20260913T051244Z_a3c08b0b73ee,2016-06:liberty-swing-championships,history_listing,"Liberty Swing Championships,listed-liberty-swing-championships,wsdc_calendar,review series identity",Historical listing needs a reviewed series alias
"{""candidates"":[],""printed_name"":""Swedish Swing Summer"",""year"":2016}",series_alias,2016,history_year,snap_20260913T050943Z_63c65573e873,2016-06:swedish-swing-summer,history_listing,"Swedish Swing Summer,listed-swedish-swing-summer,swingdancecouncil,review series identity",Historical listing needs a reviewed series alias
"{""candidates"":[],""printed_name"":""Swing Holland"",""year"":2016}",series_alias,2016,history_year,snap_20260913T050943Z_63c65573e873,2016-06:swing-holland,history_listing,"Swing Holland,listed-swing-holland,swingdancecouncil,review series identity",Historical listing needs a reviewed series alias
"{""candidates"":[],""printed_name"":""Big Apple Country Dance & NY Swing Congress"",""year"":2016}",series_alias,2016,history_year,snap_20260913T051244Z_a3c08b0b73ee,2016-07:big-apple-country-dance-ny-swing-congress,history_listing,"Big Apple Country Dance & NY Swing Congress,listed-big-apple-country-dance-ny-swing-congress,wsdc_calendar,review series identity",Historical listing needs a reviewed series alias
"{""candidates"":[],""printed_name"":""GPSDC Annual July 4th Convention"",""year"":2016}",series_alias,2016,history_year,snap_20260913T051244Z_a3c08b0b73ee,2016-07:gpsdc-annual-july-convention,history_listing,"GPSDC Annual July 4th Convention,listed-gpsdc-annual-july-convention,wsdc_calendar,review series identity",Historical listing needs a reviewed series alias
"{""candidates"":[""wsdc-47"",""wsdc-66""],""printed_name"":""Swingtime in the Rockies"",""year"":2016}",series_alias,2016,history_year,snap_20260913T051323Z_5eacfc6206a3,2016-07:swingtime-in-the-rockies,history_listing,"Swingtime in the Rockies,listed-swingtime-in-the-rockies,wsdc_calendar,review series identity",Historical listing needs a reviewed series alias
"{""candidates"":[""wsdc-191"",""wsdc-230""],""printed_name"":""Sunny Side Dance Camp"",""year"":2016}",series_alias,2016,history_year,snap_20260913T051023Z_de41000bfa60,2016-08:sunny-side-dance-camp,history_listing,"Sunny Side Dance Camp,listed-sunny-side-dance-camp,swingdancecouncil,review series identity",Historical listing needs a reviewed series alias
"{""candidates"":[],""printed_name"":""Swingmasters at World Dance masters"",""year"":2016}",series_alias,2016,history_year,snap_20260913T051244Z_a3c08b0b73ee,2016-08:swingmasters-at-world-dance-masters,history_listing,"Swingmasters at World Dance masters,listed-swingmasters-at-world-dance-masters,wsdc_calendar,review series identity",Historical listing needs a reviewed series alias
"{""candidates"":[""wsdc-191"",""wsdc-230""],""printed_name"":""Sunny Side Dance Camp"",""year"":2016}",series_alias,2016,history_year,snap_20260913T051323Z_5eacfc6206a3,2016-09:sunny-side-dance-camp,history_listing,"Sunny Side Dance Camp,listed-sunny-side-dance-camp,wsdc_calendar,review series identity",Historical listing needs a reviewed series alias
"{""candidates"":[],""printed_name"":""Vermont Swing Championships"",""year"":2016}",series_alias,2016,history_year,snap_20260913T050843Z_ac31baa840e2,2016-09:vermont-swing-championships,history_listing,"Vermont Swing Championships,listed-vermont-swing-championships,swingdancecouncil,review series identity",Historical listing needs a reviewed series alias
"{""candidates"":[],""printed_name"":""Australian Open WCS Dance Champ's"",""year"":2016}",series_alias,2016,history_year,snap_20260913T051023Z_de41000bfa60,2016-10:australian-open-wcs-dance-champ-s,history_listing,"Australian Open WCS Dance Champ's,listed-australian-open-wcs-dance-champ-s,swingdancecouncil,review series identity",Historical listing needs a reviewed series alias
"{""candidates"":[],""printed_name"":""Boogie By The Bay    (NASDE)"",""year"":2016}",series_alias,2016,history_year,snap_20260913T051244Z_a3c08b0b73ee,2016-10:boogie-by-the-bay-nasde,history_listing,"Boogie By The Bay    (NASDE),listed-boogie-by-the-bay-nasde,wsdc_calendar,review series identity",Historical listing needs a reviewed series alias
"{""candidates"":[],""printed_name"":""Italian Open West Coast Swing"",""year"":2016}",series_alias,2016,history_year,snap_20260913T051244Z_a3c08b0b73ee,2016-10:italian-open-west-coast-swing,history_listing,"Italian Open West Coast Swing,listed-italian-open-west-coast-swing,wsdc_calendar,review series identity",Historical listing needs a reviewed series alias
"{""candidates"":[],""printed_name"":""West Coast Swing Helsinki"",""year"":2016}",series_alias,2016,history_year,snap_20260913T051133Z_f78d9dfcc6e7,2016-10:west-coast-swing-helsinki,history_listing,"West Coast Swing Helsinki,listed-west-coast-swing-helsinki,wsdc_calendar,review series identity",Historical listing needs a reviewed series alias
"{""candidates"":[],""printed_name"":""London SWINGvitational (On Hiatus) - Registry Event"",""year"":2016}",series_alias,2016,history_year,snap_20260913T051244Z_a3c08b0b73ee,2016-11:london-swingvitational-registry-event,history_listing,"London SWINGvitational (On Hiatus) - Registry Event,listed-london-swingvitational-registry-event,wsdc_calendar,review series identity",Historical listing needs a reviewed series alias
"{""candidates"":[],""printed_name"":""US Open Swing Dance Championships     (NASDE)"",""year"":2016}",series_alias,2016,history_year,snap_20260913T051244Z_a3c08b0b73ee,2016-11:us-open-swing-dance-championships-nasde,history_listing,"US Open Swing Dance Championships     (NASDE),listed-us-open-swing-dance-championships-nasde,wsdc_calendar,review series identity",Historical listing needs a reviewed series alias
"{""candidates"":[],""printed_name"":""West Coast Swing Helsinki"",""year"":2016}",series_alias,2016,history_year,snap_20260913T051244Z_a3c08b0b73ee,2016-11:west-coast-swing-helsinki,history_listing,"West Coast Swing Helsinki,listed-west-coast-swing-helsinki,wsdc_calendar,review series identity",Historical listing needs a reviewed series alias
"{""candidates"":[],""printed_name"":""Westie Angels"",""year"":2016}",series_alias,2016,history_year,snap_20260913T051244Z_a3c08b0b73ee,2016-11:westie-angels,history_listing,"Westie Angels,listed-westie-angels,wsdc_calendar,review series identity",Historical listing needs a reviewed series alias
"{""candidates"":[],""printed_name"":""Palm Springs New Year's Swing Classic & Dance Camp"",""year"":2016}",series_alias,2016,history_year,snap_20260913T051023Z_de41000bfa60,2016-12:palm-springs-new-year-s-swing-classic-dance-camp,history_listing,"Palm Springs New Year's Swing Classic & Dance Camp,listed-palm-springs-new-year-s-swing-classic-dance-camp,swingdancecouncil,review series identity",Historical listing needs a reviewed series alias
"{""date_spans"":[[""2016-12"",""2016-12""],[""2016-12-29"",""2017-01-01""],[""2016-12-30"",""2017-01-02""]],""year"":2017}",event_alias,2017,history_year,,2017-01-floorplay-new-years-swing-vacation,event,,Multiple dated editions match one registry occurrence
"{""date_spans"":[[""2017-09-14"",""2017-09-17""],[""2017-10-13"",""2017-10-15""]],""year"":2017}",event_alias,2017,history_year,,2017-10-best-of-the-best,event,,Multiple dated editions match one registry occurrence
"{""date_spans"":[[""2017-10-20"",""2017-10-22""],[""2017-11-02"",""2017-11-05""],[""2017-11-03"",""2017-11-05""]],""year"":2017}",event_alias,2017,history_year,,2017-11-scandinavian-open,event,,Multiple dated editions match one registry occurrence
"{""candidates"":[],""printed_name"":""MOSCOW XMAS SWING DANCE CAMP"",""year"":2017}",series_alias,2017,history_year,snap_20260913T052910Z_44c788523cf4,2017-01:moscow-xmas-swing-dance-camp,history_listing,"MOSCOW XMAS SWING DANCE CAMP,listed-moscow-xmas-swing-dance-camp,wsdc_newsletter,review series identity",Historical listing needs a reviewed series alias
"{""candidates"":[],""printed_name"":""Palm Springs New Year's Swing Classic & Dance Camp"",""year"":2017}",series_alias,2017,history_year,snap_20260913T051054Z_b7d1cb375244,2017-01:palm-springs-new-year-s-swing-classic-dance-camp,history_listing,"Palm Springs New Year's Swing Classic & Dance Camp,listed-palm-springs-new-year-s-swing-classic-dance-camp,wsdc_calendar,review series identity",Historical listing needs a reviewed series alias
"{""candidates"":[""wsdc-272"",""wsdc-307""],""printed_name"":""PARIS WESTIE FEST"",""year"":2017}",series_alias,2017,history_year,snap_20260913T052910Z_44c788523cf4,2017-01:paris-westie-fest,history_listing,"PARIS WESTIE FEST,listed-paris-westie-fest,wsdc_newsletter,review series identity",Historical listing needs a reviewed series alias
"{""candidates"":[],""printed_name"":""SPOTLIGHT DANCE CELEBRATION"",""year"":2017}",series_alias,2017,history_year,snap_20260913T052910Z_44c788523cf4,2017-01:spotlight-dance-celebration,history_listing,"SPOTLIGHT DANCE CELEBRATION,listed-spotlight-dance-celebration,wsdc_newsletter,review series identity",Historical listing needs a reviewed series alias
"{""candidates"":[],""printed_name"":""UCWDC COUNTRY DANCE WORLD CHANPIONSHIPS"",""year"":2017}",series_alias,2017,history_year,snap_20260913T052910Z_44c788523cf4,2017-01:ucwdc-country-dance-world-chanpionships,history_listing,"UCWDC COUNTRY DANCE WORLD CHANPIONSHIPS,listed-ucwdc-country-dance-world-chanpionships,wsdc_newsletter,review series identity",Historical listing needs a reviewed series alias
"{""candidates"":[],""printed_name"":""WEST COAST SWING BUDAFEST"",""year"":2017}",series_alias,2017,history_year,snap_20260913T052910Z_44c788523cf4,2017-01:west-coast-swing-budafest,history_listing,"WEST COAST SWING BUDAFEST,listed-west-coast-swing-budafest,wsdc_newsletter,review series identity",Historical listing needs a reviewed series alias
"{""candidates"":[""wsdc-152"",""wsdc-75""],""printed_name"":""Worlds UCWDC"",""year"":2017}",series_alias,2017,history_year,snap_20260913T051323Z_5eacfc6206a3,2017-01:worlds-ucwdc,history_listing,"Worlds UCWDC,listed-worlds-ucwdc,wsdc_calendar,review series identity",Historical listing needs a reviewed series alias
"{""candidates"":[],""printed_name"":""AUSTRALIAN WEST COAST SWING AND ZOUK"",""year"":2017}",series_alias,2017,history_year,snap_20260913T052910Z_44c788523cf4,2017-02:australian-west-coast-swing-and-zouk,history_listing,"AUSTRALIAN WEST COAST SWING AND ZOUK,listed-australian-west-coast-swing-and-zouk,wsdc_newsletter,review series identity",Historical listing needs a reviewed series alias
"{""candidates"":[],""printed_name"":""CAPITAL S.D. PRESI- DENTS DAY (NASDE)"",""year"":2017}",series_alias,2017,history_year,snap_20260913T052910Z_44c788523cf4,2017-02:capital-s-d-presi-dents-day-nasde,history_listing,"CAPITAL S.D. PRESI- DENTS DAY (NASDE),listed-capital-s-d-presi-dents-day-nasde,wsdc_newsletter,review series identity",Historical listing needs a reviewed series alias
"{""candidates"":[],""printed_name"":""Capital S.D.President"",""year"":2017}",series_alias,2017,history_year,snap_20260913T051133Z_f78d9dfcc6e7,2017-02:capital-s-d-president,history_listing,"Capital S.D.President,listed-capital-s-d-president,wsdc_calendar,review series identity",Historical listing needs a reviewed series alias
"{""candidates"":[],""printed_name"":""Capital S.D.President (NASDE)"",""year"":2017}",series_alias,2017,history_year,snap_20260913T051203Z_a0219560bfe8,2017-02:capital-s-d-president-nasde,history_listing,"Capital S.D.President (NASDE),listed-capital-s-d-president-nasde,wsdc_calendar,review series identity",Historical listing needs a reviewed series alias
"{""candidates"":[],""printed_name"":""Capital Swing Dance Presidents Day (NASDE)"",""year"":2017}",series_alias,2017,history_year,snap_20260913T051244Z_a3c08b0b73ee,2017-02:capital-swing-dance-presidents-day-nasde,history_listing,"Capital Swing Dance Presidents Day (NASDE),listed-capital-swing-dance-presidents-day-nasde,wsdc_calendar,review series identity",Historical listing needs a reviewed series alias
"{""candidates"":[],""printed_name"":""Holy Land Open  - On Hiatus - Registry Event"",""year"":2017}",series_alias,2017,history_year,snap_20260913T051244Z_a3c08b0b73ee,2017-02:holy-land-open-registry-event,history_listing,"Holy Land Open  - On Hiatus - Registry Event,listed-holy-land-open-registry-event,wsdc_calendar,review series identity",Historical listing needs a reviewed series alias
"{""candidates"":[],""printed_name"":""AUSTRAIN WCS SPECTACLE"",""year"":2017}",series_alias,2017,history_year,snap_20260913T052910Z_44c788523cf4,2017-03:austrain-wcs-spectacle,history_listing,"AUSTRAIN WCS SPECTACLE,listed-austrain-wcs-spectacle,wsdc_newsletter,review series identity",Historical listing needs a reviewed series alias
"{""candidates"":[],""printed_name"":""CHICAGO CLASSIC (NASDE)"",""year"":2017}",series_alias,2017,history_year,snap_20260913T052910Z_44c788523cf4,2017-03:chicago-classic-nasde,history_listing,"CHICAGO CLASSIC (NASDE),listed-chicago-classic-nasde,wsdc_newsletter,review series identity",Historical listing needs a reviewed series alias
"{""candidates"":[],""printed_name"":""MID ATLANTIC DANCE JAM (MADJAM) (NASDE)"",""year"":2017}",series_alias,2017,history_year,snap_20260913T052910Z_44c788523cf4,2017-03:mid-atlantic-dance-jam-madjam-nasde,history_listing,"MID ATLANTIC DANCE JAM (MADJAM) (NASDE),listed-mid-atlantic-dance-jam-madjam-nasde,wsdc_newsletter,review series identity",Historical listing needs a reviewed series alias
"{""candidates"":[],""printed_name"":""The Chicago Classic (NASDE) - HIATUS"",""year"":2017}",series_alias,2017,history_year,snap_20260913T051234Z_f0158d065885,2017-03:the-chicago-classic-nasde,history_listing,"The Chicago Classic (NASDE) - HIATUS,listed-the-chicago-classic-nasde,wsdc_calendar,review series identity",Historical listing needs a reviewed series alias
"{""candidates"":[],""printed_name"":""The Chicago Classic   (NASDE) - HIATUS - Registry Event"",""year"":2017}",series_alias,2017,history_year,snap_20260913T051244Z_a3c08b0b73ee,2017-03:the-chicago-classic-nasde-registry-event,history_listing,"The Chicago Classic   (NASDE) - HIATUS - Registry Event,listed-the-chicago-classic-nasde-registry-event,wsdc_calendar,review series identity",Historical listing needs a reviewed series alias
"{""candidates"":[],""printed_name"":""AISA WEST COAST SWING OPEN"",""year"":2017}",series_alias,2017,history_year,snap_20260913T052940Z_0177184cf9eb,2017-04:aisa-west-coast-swing-open,history_listing,"AISA WEST COAST SWING OPEN,listed-aisa-west-coast-swing-open,wsdc_newsletter,review series identity",Historical listing needs a reviewed series alias
"{""candidates"":[],""printed_name"":""City of Angels Swing"",""year"":2017}",series_alias,2017,history_year,snap_20260913T051244Z_a3c08b0b73ee,2017-04:city-of-angels-swing,history_listing,"City of Angels Swing,listed-city-of-angels-swing,wsdc_calendar,review series identity",Historical listing needs a reviewed series alias
"{""candidates"":[],""printed_name"":""EASTER SWING (NASDE)"",""year"":2017}",series_alias,2017,history_year,snap_20260913T052940Z_0177184cf9eb,2017-04:easter-swing-nasde,history_listing,"EASTER SWING (NASDE),listed-easter-swing-nasde,wsdc_newsletter,review series identity",Historical listing needs a reviewed series alias
"{""candidates"":[],""printed_name"":""CANADIAN SWING CHAM- PIONSHIPS (CSC)"",""year"":2017}",series_alias,2017,history_year,snap_20260913T052940Z_0177184cf9eb,2017-05:canadian-swing-cham-pionships-csc,history_listing,"CANADIAN SWING CHAM- PIONSHIPS (CSC),listed-canadian-swing-cham-pionships-csc,wsdc_newsletter,review series identity",Historical listing needs a reviewed series alias
"{""candidates"":[],""printed_name"":""NORDIC WCS CHAMP"",""year"":2017}",series_alias,2017,history_year,snap_20260913T052940Z_0177184cf9eb,2017-05:nordic-wcs-champ,history_listing,"NORDIC WCS CHAMP,listed-nordic-wcs-champ,wsdc_newsletter,review series identity",Historical listing needs a reviewed series alias
"{""candidates"":[],""printed_name"":""SOSWING CONVENTION"",""year"":2017}",series_alias,2017,history_year,snap_20260913T052940Z_0177184cf9eb,2017-05:soswing-convention,history_listing,"SOSWING CONVENTION,listed-soswing-convention,wsdc_newsletter,review series identity",Historical listing needs a reviewed series alias
"{""candidates"":[],""printed_name"":""SWINGDIEGO (NASDE)"",""year"":2017}",series_alias,2017,history_year,snap_20260913T052940Z_0177184cf9eb,2017-05:swingdiego-nasde,history_listing,"SWINGDIEGO (NASDE),listed-swingdiego-nasde,wsdc_newsletter,review series identity",Historical listing needs a reviewed series alias
"{""candidates"":[],""printed_name"":""SWINGIN"",""year"":2017}",series_alias,2017,history_year,snap_20260913T052940Z_0177184cf9eb,2017-05:swingin,history_listing,"SWINGIN,listed-swingin,wsdc_newsletter,review series identity",Historical listing needs a reviewed series alias
"{""candidates"":[],""printed_name"":""USA GRAND NATIONAL DANCE CHAMPIONSHIP (NASDE)"",""year"":2017}",series_alias,2017,history_year,snap_20260913T052940Z_0177184cf9eb,2017-05:usa-grand-national-dance-championship-nasde,history_listing,"USA GRAND NATIONAL DANCE CHAMPIONSHIP (NASDE),listed-usa-grand-national-dance-championship-nasde,wsdc_newsletter,review series identity",Historical listing needs a reviewed series alias
"{""candidates"":[],""printed_name"":""CMJ NSW West Coast Swing Dance Championships"",""year"":2017}",series_alias,2017,history_year,snap_20260913T051244Z_a3c08b0b73ee,2017-06:cmj-nsw-west-coast-swing-dance-championships,history_listing,"CMJ NSW West Coast Swing Dance Championships,listed-cmj-nsw-west-coast-swing-dance-championships,wsdc_calendar,review series identity",Historical listing needs a reviewed series alias
"{""candidates"":[],""printed_name"":""American  Dance Camp"",""year"":2017}",series_alias,2017,history_year,snap_20260913T051244Z_a3c08b0b73ee,2017-07:american-dance-camp,history_listing,"American  Dance Camp,listed-american-dance-camp,wsdc_calendar,review series identity",Historical listing needs a reviewed series alias
"{""candidates"":[],""printed_name"":""BIG APPLE COUNTRY DANCE CHAMPIONSHIPS"",""year"":2017}",series_alias,2017,history_year,snap_20260913T052919Z_08ef5aac2666,2017-07:big-apple-country-dance-championships,history_listing,"BIG APPLE COUNTRY DANCE CHAMPIONSHIPS,listed-big-apple-country-dance-championships,wsdc_newsletter,review series identity",Historical listing needs a reviewed series alias
"{""candidates"":[],""printed_name"":""Big Apple Country Dance & NY Swing Congress"",""year"":2017}",series_alias,2017,history_year,snap_20260913T051244Z_a3c08b0b73ee,2017-07:big-apple-country-dance-ny-swing-congress,history_listing,"Big Apple Country Dance & NY Swing Congress,listed-big-apple-country-dance-ny-swing-congress,wsdc_calendar,review series identity",Historical listing needs a reviewed series alias
"{""candidates"":[],""printed_name"":""FORIDA DANCE MAGIC"",""year"":2017}",series_alias,2017,history_year,snap_20260913T052919Z_08ef5aac2666,2017-07:forida-dance-magic,history_listing,"FORIDA DANCE MAGIC,listed-forida-dance-magic,wsdc_newsletter,review series identity",Historical listing needs a reviewed series alias
"{""candidates"":[],""printed_name"":""GPSDC ANNUAL JULY 4TH CONVENTION"",""year"":2017}",series_alias,2017,history_year,snap_20260913T052919Z_08ef5aac2666,2017-07:gpsdc-annual-july-convention,history_listing,"GPSDC ANNUAL JULY 4TH CONVENTION,listed-gpsdc-annual-july-convention,wsdc_newsletter,review series identity",Historical listing needs a reviewed series alias
"{""candidates"":[],""printed_name"":""Liberty Swing Championships"",""year"":2017}",series_alias,2017,history_year,snap_20260913T051133Z_f78d9dfcc6e7,2017-07:liberty-swing-championships,history_listing,"Liberty Swing Championships,listed-liberty-swing-championships,wsdc_calendar,review series identity",Historical listing needs a reviewed series alias
"{""candidates"":[],""printed_name"":""Liberty Swing Championships      (NASDE)"",""year"":2017}",series_alias,2017,history_year,snap_20260913T051244Z_a3c08b0b73ee,2017-07:liberty-swing-championships-nasde,history_listing,"Liberty Swing Championships      (NASDE),listed-liberty-swing-championships-nasde,wsdc_calendar,review series identity",Historical listing needs a reviewed series alias
"{""candidates"":[],""printed_name"":""LIBERTY SWING (NASDE)"",""year"":2017}",series_alias,2017,history_year,snap_20260913T052940Z_0177184cf9eb,2017-07:liberty-swing-nasde,history_listing,"LIBERTY SWING (NASDE),listed-liberty-swing-nasde,wsdc_newsletter,review series identity",Historical listing needs a reviewed series alias
"{""candidates"":[""wsdc-47"",""wsdc-66""],""printed_name"":""Swingtime in the Rockies"",""year"":2017}",series_alias,2017,history_year,snap_20260913T051734Z_2512163ed68e,2017-07:swingtime-in-the-rockies,history_listing,"Swingtime in the Rockies,listed-swingtime-in-the-rockies,wsdc_calendar,review series identity",Historical listing needs a reviewed series alias
"{""candidates"":[],""printed_name"":""SWINGTIME IN THE ROCKIES (NASDE)"",""year"":2017}",series_alias,2017,history_year,snap_20260913T052919Z_08ef5aac2666,2017-07:swingtime-in-the-rockies-nasde,history_listing,"SWINGTIME IN THE ROCKIES (NASDE),listed-swingtime-in-the-rockies-nasde,wsdc_newsletter,review series identity",Historical listing needs a reviewed series alias
"{""candidates"":[""wsdc-279"",""wsdc-283""],""printed_name"":""Kazan EL Fest"",""year"":2017}",series_alias,2017,history_year,snap_20260913T051734Z_2512163ed68e,2017-08:kazan-el-fest,history_listing,"Kazan EL Fest,listed-kazan-el-fest,wsdc_calendar,review series identity",Historical listing needs a reviewed series alias
"{""candidates"":[],""printed_name"":""Rija Summer Swing"",""year"":2017}",series_alias,2017,history_year,snap_20260913T051234Z_f0158d065885,2017-08:rija-summer-swing,history_listing,"Rija Summer Swing,listed-rija-summer-swing,wsdc_calendar,review series identity",Historical listing needs a reviewed series alias
"{""candidates"":[],""printed_name"":""SUMMER HUMMER (NASDE)"",""year"":2017}",series_alias,2017,history_year,snap_20260913T052919Z_08ef5aac2666,2017-08:summer-hummer-nasde,history_listing,"SUMMER HUMMER (NASDE),listed-summer-hummer-nasde,wsdc_newsletter,review series identity",Historical listing needs a reviewed series alias
"{""candidates"":[],""printed_name"":""TAMPA BAY CLASSIC (NASDE)"",""year"":2017}",series_alias,2017,history_year,snap_20260913T052919Z_08ef5aac2666,2017-08:tampa-bay-classic-nasde,history_listing,"TAMPA BAY CLASSIC (NASDE),listed-tampa-bay-classic-nasde,wsdc_newsletter,review series identity",Historical listing needs a reviewed series alias
"{""candidates"":[],""printed_name"":""BRIDGE TOWN SWING"",""year"":2017}",series_alias,2017,history_year,snap_20260913T052919Z_08ef5aac2666,2017-09:bridge-town-swing,history_listing,"BRIDGE TOWN SWING,listed-bridge-town-swing,wsdc_newsletter,review series identity",Historical listing needs a reviewed series alias
"{""candidates"":[""wsdc-191"",""wsdc-230""],""printed_name"":""Sunny Side Dance Camp"",""year"":2017}",series_alias,2017,history_year,snap_20260913T051244Z_a3c08b0b73ee,2017-09:sunny-side-dance-camp,history_listing,"Sunny Side Dance Camp,listed-sunny-side-dance-camp,wsdc_calendar,review series identity",Historical listing needs a reviewed series alias
"{""candidates"":[],""printed_name"":""BOOGIE BY THE BAY (NASDE)"",""year"":2017}",series_alias,2017,history_year,snap_20260913T052950Z_43d0406b9025,2017-10:boogie-by-the-bay-nasde,history_listing,"BOOGIE BY THE BAY (NASDE),listed-boogie-by-the-bay-nasde,wsdc_newsletter,review series identity",Historical listing needs a reviewed series alias
"{""candidates"":[],""printed_name"":""ITALIAN OPEN WCS"",""year"":2017}",series_alias,2017,history_year,snap_20260913T052950Z_43d0406b9025,2017-10:italian-open-wcs,history_listing,"ITALIAN OPEN WCS,listed-italian-open-wcs,wsdc_newsletter,review series identity",Historical listing needs a reviewed series alias
"{""candidates"":[],""printed_name"":""Italian Open West Coast Swing"",""year"":2017}",series_alias,2017,history_year,snap_20260913T051244Z_a3c08b0b73ee,2017-10:italian-open-west-coast-swing,history_listing,"Italian Open West Coast Swing,listed-italian-open-west-coast-swing,wsdc_calendar,review series identity",Historical listing needs a reviewed series alias
"{""candidates"":[],""printed_name"":""PARADISE COUNTRY & SWING FESTIVAL"",""year"":2017}",series_alias,2017,history_year,snap_20260913T052950Z_43d0406b9025,2017-10:paradise-country-swing-festival,history_listing,"PARADISE COUNTRY & SWING FESTIVAL,listed-paradise-country-swing-festival,wsdc_newsletter,review series identity",Historical listing needs a reviewed series alias
"{""candidates"":[],""printed_name"":""Florida Wesite Fest"",""year"":2017}",series_alias,2017,history_year,snap_20260913T052919Z_08ef5aac2666,2017-11:florida-wesite-fest,history_listing,"Florida Wesite Fest,listed-florida-wesite-fest,wsdc_newsletter,review series identity",Historical listing needs a reviewed series alias
"{""candidates"":[],""printed_name"":""US OPEN SWING DANCE CHAMPIONSHIPS (NASDE)"",""year"":2017}",series_alias,2017,history_year,snap_20260913T052950Z_43d0406b9025,2017-11:us-open-swing-dance-championships-nasde,history_listing,"US OPEN SWING DANCE CHAMPIONSHIPS (NASDE),listed-us-open-swing-dance-championships-nasde,wsdc_newsletter,review series identity",Historical listing needs a reviewed series alias
"{""candidates"":[],""printed_name"":""WESTIE ANGELS"",""year"":2017}",series_alias,2017,history_year,snap_20260913T052950Z_43d0406b9025,2017-11:westie-angels,history_listing,"WESTIE ANGELS,listed-westie-angels,wsdc_newsletter,review series identity",Historical listing needs a reviewed series alias
"{""candidates"":[],""printed_name"":""WSDC test"",""year"":2017}",series_alias,2017,history_year,snap_20260913T051234Z_f0158d065885,2017-12:wsdc-test,history_listing,"WSDC test,listed-wsdc-test,wsdc_calendar,review series identity",Historical listing needs a reviewed series alias
"{""date_spans"":[[""2018-12-28"",""2019-01-01""],[""2018-12-29"",""2018-12-31""]],""year"":2018}",event_alias,2018,history_year,,2019-01-new-year-s-dance-extravaganza,event,,Multiple dated editions match one registry occurrence
"{""candidates"":[],""printed_name"":""FLOOR PLAY NEW YEARS SWING VACATION"",""year"":2018}",series_alias,2018,history_year,snap_20260913T052950Z_43d0406b9025,2018-01:floor-play-new-years-swing-vacation,history_listing,"FLOOR PLAY NEW YEARS SWING VACATION,listed-floor-play-new-years-swing-vacation,wsdc_newsletter,review series identity",Historical listing needs a reviewed series alias
"{""candidates"":[],""printed_name"":""MOSCOW XMAS SWING DANCE CAMP"",""year"":2018}",series_alias,2018,history_year,snap_20260913T052930Z_9938b86a7094,2018-01:moscow-xmas-swing-dance-camp,history_listing,"MOSCOW XMAS SWING DANCE CAMP,listed-moscow-xmas-swing-dance-camp,wsdc_newsletter,review series identity",Historical listing needs a reviewed series alias
"{""candidates"":[],""printed_name"":""PALM SPRINGS NEW YEAR’S WEST COAST SWING AND HUSTLE DANCE CLASSIC"",""year"":2018}",series_alias,2018,history_year,snap_20260913T052950Z_43d0406b9025,2018-01:palm-springs-new-year-s-west-coast-swing-and-hustle-dance-classic,history_listing,"PALM SPRINGS NEW YEAR’S WEST COAST SWING AND HUSTLE DANCE CLASSIC,listed-palm-springs-new-year-s-west-coast-swing-and-hustle-dance-classic,wsdc_newsletter,review series identity",Historical listing needs a reviewed series alias
"{""candidates"":[""wsdc-272"",""wsdc-307""],""printed_name"":""PARIS WESTIE FEST"",""year"":2018}",series_alias,2018,history_year,snap_20260913T052930Z_9938b86a7094,2018-01:paris-westie-fest,history_listing,"PARIS WESTIE FEST,listed-paris-westie-fest,wsdc_newsletter,review series identity",Historical listing needs a reviewed series alias
"{""candidates"":[],""printed_name"":""UCWDC COUNTRY DANCE WORLD CHANPIONSHIPS"",""year"":2018}",series_alias,2018,history_year,snap_20260913T052930Z_9938b86a7094,2018-01:ucwdc-country-dance-world-chanpionships,history_listing,"UCWDC COUNTRY DANCE WORLD CHANPIONSHIPS,listed-ucwdc-country-dance-world-chanpionships,wsdc_newsletter,review series identity",Historical listing needs a reviewed series alias
"{""candidates"":[],""printed_name"":""WEST COAST SWING BUDAFEST"",""year"":2018}",series_alias,2018,history_year,snap_20260913T052930Z_9938b86a7094,2018-01:west-coast-swing-budafest,history_listing,"WEST COAST SWING BUDAFEST,listed-west-coast-swing-budafest,wsdc_newsletter,review series identity",Historical listing needs a reviewed series alias
"{""candidates"":[""wsdc-152"",""wsdc-75""],""printed_name"":""Worlds UCWDC"",""year"":2018}",series_alias,2018,history_year,snap_20260913T051854Z_0f29c1d7c737,2018-01:worlds-ucwdc,history_listing,"Worlds UCWDC,listed-worlds-ucwdc,wsdc_calendar,review series identity",Historical listing needs a reviewed series alias
"{""candidates"":[],""printed_name"":""CAPITAL SWING DANCE PRESIDENT’S DAY (NASDE)"",""year"":2018}",series_alias,2018,history_year,snap_20260913T052930Z_9938b86a7094,2018-02:capital-swing-dance-president-s-day-nasde,history_listing,"CAPITAL SWING DANCE PRESIDENT’S DAY (NASDE),listed-capital-swing-dance-president-s-day-nasde,wsdc_newsletter,review series identity",Historical listing needs a reviewed series alias
"{""candidates"":[],""printed_name"":""Carnival Swing 2018"",""year"":2018}",series_alias,2018,history_year,snap_20260910T032911Z_34e948f7fea1,2018-02:carnival-swing,history_listing,"Carnival Swing 2018,listed-carnival-swing,scoringdance,review series identity",Historical listing needs a reviewed series alias
"{""candidates"":[],""printed_name"":""WSDC test one"",""year"":2018}",series_alias,2018,history_year,snap_20260913T051244Z_a3c08b0b73ee,2018-02:wsdc-test-one,history_listing,"WSDC test one,listed-wsdc-test-one,wsdc_calendar,review series identity",Historical listing needs a reviewed series alias
"{""candidates"":[],""printed_name"":""CHICAGO CLASSIC (NASDE)"",""year"":2018}",series_alias,2018,history_year,snap_20260913T052930Z_9938b86a7094,2018-03:chicago-classic-nasde,history_listing,"CHICAGO CLASSIC (NASDE),listed-chicago-classic-nasde,wsdc_newsletter,review series identity",Historical listing needs a reviewed series alias
"{""candidates"":[],""printed_name"":""MID ATLANTIC DANCE JAM (MADJAM) (NASDE)"",""year"":2018}",series_alias,2018,history_year,snap_20260913T052930Z_9938b86a7094,2018-03:mid-atlantic-dance-jam-madjam-nasde,history_listing,"MID ATLANTIC DANCE JAM (MADJAM) (NASDE),listed-mid-atlantic-dance-jam-madjam-nasde,wsdc_newsletter,review series identity",Historical listing needs a reviewed series alias
"{""candidates"":[],""printed_name"":""AISA WEST COAST SWING OPEN"",""year"":2018}",series_alias,2018,history_year,snap_20260913T035045Z_008aaf4c6933,2018-04:aisa-west-coast-swing-open,history_listing,"AISA WEST COAST SWING OPEN,listed-aisa-west-coast-swing-open,wsdc_newsletter,review series identity",Historical listing needs a reviewed series alias
"{""candidates"":[],""printed_name"":""CITY OF ANGELS SWING"",""year"":2018}",series_alias,2018,history_year,snap_20260913T035045Z_008aaf4c6933,2018-04:city-of-angels-swing,history_listing,"CITY OF ANGELS SWING,listed-city-of-angels-swing,wsdc_newsletter,review series identity",Historical listing needs a reviewed series alias
"{""candidates"":[],""printed_name"":""EASTER SWING (NASDE)"",""year"":2018}",series_alias,2018,history_year,snap_20260913T052930Z_9938b86a7094,2018-04:easter-swing-nasde,history_listing,"EASTER SWING (NASDE),listed-easter-swing-nasde,wsdc_newsletter,review series identity",Historical listing needs a reviewed series alias
"{""candidates"":[],""printed_name"":""SOSWING CONVENTION"",""year"":2018}",series_alias,2018,history_year,snap_20260913T035045Z_008aaf4c6933,2018-04:soswing-convention,history_listing,"SOSWING CONVENTION,listed-soswing-convention,wsdc_newsletter,review series identity",Historical listing needs a reviewed series alias
"{""candidates"":[],""printed_name"":""Cologne Zouk Festival"",""year"":2018}",series_alias,2018,history_year,snap_20260910T032911Z_34e948f7fea1,2018-05:cologne-zouk-festival,history_listing,"Cologne Zouk Festival,listed-cologne-zouk-festival,scoringdance,review series identity",Historical listing needs a reviewed series alias
"{""candidates"":[],""printed_name"":""KIWIfest"",""year"":2018}",series_alias,2018,history_year,snap_20260913T035045Z_008aaf4c6933,2018-05:kiwifest,history_listing,"KIWIfest,listed-kiwifest,wsdc_newsletter,review series identity",Historical listing needs a reviewed series alias
"{""candidates"":[],""printed_name"":""SCOTTISH SWING CLASSIC"",""year"":2018}",series_alias,2018,history_year,snap_20260913T035045Z_008aaf4c6933,2018-05:scottish-swing-classic,history_listing,"SCOTTISH SWING CLASSIC,listed-scottish-swing-classic,wsdc_newsletter,review series identity",Historical listing needs a reviewed series alias
"{""candidates"":[],""printed_name"":""SWINGDIEGO (NASDE)"",""year"":2018}",series_alias,2018,history_year,snap_20260913T035045Z_008aaf4c6933,2018-05:swingdiego-nasde,history_listing,"SWINGDIEGO (NASDE),listed-swingdiego-nasde,wsdc_newsletter,review series identity",Historical listing needs a reviewed series alias
"{""candidates"":[],""printed_name"":""USA GRAND NATIONAL DANCE CHAMPIONSHIP (NASDE)"",""year"":2018}",series_alias,2018,history_year,snap_20260913T035045Z_008aaf4c6933,2018-05:usa-grand-national-dance-championship-nasde,history_listing,"USA GRAND NATIONAL DANCE CHAMPIONSHIP (NASDE),listed-usa-grand-national-dance-championship-nasde,wsdc_newsletter,review series identity",Historical listing needs a reviewed series alias
"{""candidates"":[],""printed_name"":""NSW CMJ WEST COAST SWING DANCE CHAMPIONSHIPS"",""year"":2018}",series_alias,2018,history_year,snap_20260913T035045Z_008aaf4c6933,2018-06:nsw-cmj-west-coast-swing-dance-championships,history_listing,"NSW CMJ WEST COAST SWING DANCE CHAMPIONSHIPS,listed-nsw-cmj-west-coast-swing-dance-championships,wsdc_newsletter,review series identity",Historical listing needs a reviewed series alias
"{""candidates"":[],""printed_name"":""BIG APPLE COUNTRY DANCE CHAMPIONSHIPS"",""year"":2018}",series_alias,2018,history_year,snap_20260913T053243Z_3347ef6a3141,2018-07:big-apple-country-dance-championships,history_listing,"BIG APPLE COUNTRY DANCE CHAMPIONSHIPS,listed-big-apple-country-dance-championships,wsdc_newsletter,review series identity",Historical listing needs a reviewed series alias
"{""candidates"":[],""printed_name"":""FORIDA DANCE MAGIC"",""year"":2018}",series_alias,2018,history_year,snap_20260913T053243Z_3347ef6a3141,2018-07:forida-dance-magic,history_listing,"FORIDA DANCE MAGIC,listed-forida-dance-magic,wsdc_newsletter,review series identity",Historical listing needs a reviewed series alias
"{""candidates"":[],""printed_name"":""GPSDC ANNUAL JULY 4TH CONVENTION"",""year"":2018}",series_alias,2018,history_year,snap_20260913T053243Z_3347ef6a3141,2018-07:gpsdc-annual-july-convention,history_listing,"GPSDC ANNUAL JULY 4TH CONVENTION,listed-gpsdc-annual-july-convention,wsdc_newsletter,review series identity",Historical listing needs a reviewed series alias
"{""candidates"":[],""printed_name"":""LIBERTY SWING DANCE CHAMPIONSHIPS (NASDE)"",""year"":2018}",series_alias,2018,history_year,snap_20260913T035045Z_008aaf4c6933,2018-07:liberty-swing-dance-championships-nasde,history_listing,"LIBERTY SWING DANCE CHAMPIONSHIPS (NASDE),listed-liberty-swing-dance-championships-nasde,wsdc_newsletter,review series identity",Historical listing needs a reviewed series alias
"{""candidates"":[],""printed_name"":""Pure Bachata Summer Festival Cologne"",""year"":2018}",series_alias,2018,history_year,snap_20260910T032911Z_34e948f7fea1,2018-07:pure-bachata-summer-festival-cologne,history_listing,"Pure Bachata Summer Festival Cologne,listed-pure-bachata-summer-festival-cologne,scoringdance,review series identity",Historical listing needs a reviewed series alias
"{""candidates"":[""wsdc-47"",""wsdc-66""],""printed_name"":""Swingtime in the Rockies"",""year"":2018}",series_alias,2018,history_year,snap_20260913T052253Z_3f7ff1a00522,2018-07:swingtime-in-the-rockies,history_listing,"Swingtime in the Rockies,listed-swingtime-in-the-rockies,wsdc_calendar,review series identity",Historical listing needs a reviewed series alias
"{""candidates"":[],""printed_name"":""EMERALD CITY SWING"",""year"":2018}",series_alias,2018,history_year,snap_20260913T053243Z_3347ef6a3141,2018-08:emerald-city-swing,history_listing,"EMERALD CITY SWING,listed-emerald-city-swing,wsdc_newsletter,review series identity",Historical listing needs a reviewed series alias
"{""candidates"":[""wsdc-279"",""wsdc-283""],""printed_name"":""Kazan EL Fest"",""year"":2018}",series_alias,2018,history_year,snap_20260913T052253Z_3f7ff1a00522,2018-08:kazan-el-fest,history_listing,"Kazan EL Fest,listed-kazan-el-fest,wsdc_calendar,review series identity",Historical listing needs a reviewed series alias
"{""candidates"":[],""printed_name"":""SUMMER HUMMER (NASDE)"",""year"":2018}",series_alias,2018,history_year,snap_20260913T053243Z_3347ef6a3141,2018-08:summer-hummer-nasde,history_listing,"SUMMER HUMMER (NASDE),listed-summer-hummer-nasde,wsdc_newsletter,review series identity",Historical listing needs a reviewed series alias
"{""candidates"":[],""printed_name"":""TAMPA BAY CLASSIC (NASDE)"",""year"":2018}",series_alias,2018,history_year,snap_20260913T053243Z_3347ef6a3141,2018-08:tampa-bay-classic-nasde,history_listing,"TAMPA BAY CLASSIC (NASDE),listed-tampa-bay-classic-nasde,wsdc_newsletter,review series identity",Historical listing needs a reviewed series alias
"{""candidates"":[],""printed_name"":""Moscow Open"",""year"":2018}",series_alias,2018,history_year,snap_20260913T052353Z_ca327a4a9b2a,2018-09:moscow-open,history_listing,"Moscow Open,listed-moscow-open,wsdc_calendar,review series identity",Historical listing needs a reviewed series alias
"{""candidates"":[],""printed_name"":""BOOGIE BY THE BAY (NASDE)"",""year"":2018}",series_alias,2018,history_year,snap_20260913T053253Z_e19d60bb1ba4,2018-10:boogie-by-the-bay-nasde,history_listing,"BOOGIE BY THE BAY (NASDE),listed-boogie-by-the-bay-nasde,wsdc_newsletter,review series identity",Historical listing needs a reviewed series alias
"{""candidates"":[],""printed_name"":""CozySwing 2018"",""year"":2018}",series_alias,2018,history_year,snap_20260910T053314Z_138de2f6f759,2018-11:cozyswing,history_listing,"CozySwing 2018,listed-cozyswing,scoringdance,review series identity",Historical listing needs a reviewed series alias
"{""candidates"":[],""printed_name"":""US OPEN SWING DANCE CHAMPIONSHIPS (NASDE)"",""year"":2018}",series_alias,2018,history_year,snap_20260913T053253Z_e19d60bb1ba4,2018-11:us-open-swing-dance-championships-nasde,history_listing,"US OPEN SWING DANCE CHAMPIONSHIPS (NASDE),listed-us-open-swing-dance-championships-nasde,wsdc_newsletter,review series identity",Historical listing needs a reviewed series alias
"{""candidates"":[],""printed_name"":""WESTIE ANGELS"",""year"":2018}",series_alias,2018,history_year,snap_20260913T053253Z_e19d60bb1ba4,2018-11:westie-angels,history_listing,"WESTIE ANGELS,listed-westie-angels,wsdc_newsletter,review series identity",Historical listing needs a reviewed series alias
"{""candidates"":[],""printed_name"":""Westie in Pink City"",""year"":2018}",series_alias,2018,history_year,snap_20260913T052930Z_9938b86a7094,2018-11:westie-in-pink-city,history_listing,"Westie in Pink City,listed-westie-in-pink-city,wsdc_newsletter,review series identity",Historical listing needs a reviewed series alias
"{""date_spans"":[[""2018-12-28"",""2018-12-28""],[""2018-12-28"",""2019-01-01""]],""year"":2019}",event_alias,2019,history_year,,2018-12-swingvester,event,,Multiple dated editions match one registry occurrence
"{""date_spans"":[[""2019-06-27"",""2019-06-27""],[""2019-06-27"",""2019-07-01""]],""year"":2019}",event_alias,2019,history_year,,2019-07-neverland-swing,event,,Multiple dated editions match one registry occurrence
"{""date_spans"":[[""2019-10-31"",""2019-10-31""],[""2019-10-31"",""2019-11-04""]],""year"":2019}",event_alias,2019,history_year,,2019-10-warsaw-halloween-swing,event,,Multiple dated editions match one registry occurrence
"{""candidates"":[],""printed_name"":""FLOOR PLAY NEW YEARS SWING VACATION"",""year"":2019}",series_alias,2019,history_year,snap_20260913T053253Z_e19d60bb1ba4,2019-01:floor-play-new-years-swing-vacation,history_listing,"FLOOR PLAY NEW YEARS SWING VACATION,listed-floor-play-new-years-swing-vacation,wsdc_newsletter,review series identity",Historical listing needs a reviewed series alias
"{""candidates"":[],""printed_name"":""PALM SPRINGS NEW YEAR’S WEST COAST SWING AND HUSTLE DANCE CLASSIC"",""year"":2019}",series_alias,2019,history_year,snap_20260913T053253Z_e19d60bb1ba4,2019-01:palm-springs-new-year-s-west-coast-swing-and-hustle-dance-classic,history_listing,"PALM SPRINGS NEW YEAR’S WEST COAST SWING AND HUSTLE DANCE CLASSIC,listed-palm-springs-new-year-s-west-coast-swing-and-hustle-dance-classic,wsdc_newsletter,review series identity",Historical listing needs a reviewed series alias
"{""candidates"":[],""printed_name"":""Swing Revolution"",""year"":2019}",series_alias,2019,history_year,snap_20260913T035045Z_008aaf4c6933,2019-01:swing-revolution,history_listing,"Swing Revolution,listed-swing-revolution,wsdc_newsletter,review series identity",Historical listing needs a reviewed series alias
"{""candidates"":[],""printed_name"":""UCWDC COUNTRY DANCE WORLD CHAPIONSHIPS **"",""year"":2019}",series_alias,2019,history_year,snap_20260913T053253Z_e19d60bb1ba4,2019-01:ucwdc-country-dance-world-chapionships,history_listing,"UCWDC COUNTRY DANCE WORLD CHAPIONSHIPS **,listed-ucwdc-country-dance-world-chapionships,wsdc_newsletter,review series identity",Historical listing needs a reviewed series alias
"{""candidates"":[],""printed_name"":""Workshopweekend Heidelberg Jan2019"",""year"":2019}",series_alias,2019,history_year,snap_20260910T032911Z_34e948f7fea1,2019-01:workshopweekend-heidelberg-jan2019,history_listing,"Workshopweekend Heidelberg Jan2019,listed-workshopweekend-heidelberg-jan2019,scoringdance,review series identity",Historical listing needs a reviewed series alias
"{""candidates"":[""wsdc-152"",""wsdc-75""],""printed_name"":""Worlds UCWDC"",""year"":2019}",series_alias,2019,history_year,snap_20260913T052503Z_8d6dd61630dd,2019-01:worlds-ucwdc,history_listing,"Worlds UCWDC,listed-worlds-ucwdc,wsdc_calendar,review series identity",Historical listing needs a reviewed series alias
"{""candidates"":[],""printed_name"":""CAPITAL SWING DANCE CONVENTION (NASDE)"",""year"":2019}",series_alias,2019,history_year,snap_20260913T053010Z_478d7ddb5edd,2019-02:capital-swing-dance-convention-nasde,history_listing,"CAPITAL SWING DANCE CONVENTION (NASDE),listed-capital-swing-dance-convention-nasde,wsdc_newsletter,review series identity",Historical listing needs a reviewed series alias
"{""candidates"":[],""printed_name"":""Carnival Swing Cologne 2019"",""year"":2019}",series_alias,2019,history_year,snap_20260910T053721Z_be05513ccc06,2019-02:carnival-swing-cologne,history_listing,"Carnival Swing Cologne 2019,listed-carnival-swing-cologne,scoringdance,review series identity",Historical listing needs a reviewed series alias
"{""candidates"":[""wsdc-272"",""wsdc-307""],""printed_name"":""PARIS WESTIE FEST"",""year"":2019}",series_alias,2019,history_year,snap_20260913T053010Z_478d7ddb5edd,2019-02:paris-westie-fest,history_listing,"PARIS WESTIE FEST,listed-paris-westie-fest,wsdc_newsletter,review series identity",Historical listing needs a reviewed series alias
"{""candidates"":[],""printed_name"":""CHICAGO CLASSIC (NASDE)"",""year"":2019}",series_alias,2019,history_year,snap_20260913T053010Z_478d7ddb5edd,2019-03:chicago-classic-nasde,history_listing,"CHICAGO CLASSIC (NASDE),listed-chicago-classic-nasde,wsdc_newsletter,review series identity",Historical listing needs a reviewed series alias
"{""candidates"":[],""printed_name"":""MID ATLANTIC DANCE JAM - MADJAM (NASDE)"",""year"":2019}",series_alias,2019,history_year,snap_20260913T053010Z_478d7ddb5edd,2019-03:mid-atlantic-dance-jam-madjam-nasde,history_listing,"MID ATLANTIC DANCE JAM - MADJAM (NASDE),listed-mid-atlantic-dance-jam-madjam-nasde,wsdc_newsletter,review series identity",Historical listing needs a reviewed series alias
"{""candidates"":[],""printed_name"":""Westie Swing Thing"",""year"":2019}",series_alias,2019,history_year,snap_20260913T053253Z_e19d60bb1ba4,2019-03:westie-swing-thing,history_listing,"Westie Swing Thing,listed-westie-swing-thing,wsdc_newsletter,review series identity",Historical listing needs a reviewed series alias
"{""candidates"":[],""printed_name"":""AISA WEST COAST SWING OPEN"",""year"":2019}",series_alias,2019,history_year,snap_20260913T053000Z_11d8e6dbdaab,2019-04:aisa-west-coast-swing-open,history_listing,"AISA WEST COAST SWING OPEN,listed-aisa-west-coast-swing-open,wsdc_newsletter,review series identity",Historical listing needs a reviewed series alias
"{""candidates"":[],""printed_name"":""CITY OF ANGELS SWING"",""year"":2019}",series_alias,2019,history_year,snap_20260913T053000Z_11d8e6dbdaab,2019-04:city-of-angels-swing,history_listing,"CITY OF ANGELS SWING,listed-city-of-angels-swing,wsdc_newsletter,review series identity",Historical listing needs a reviewed series alias
"{""candidates"":[],""printed_name"":""EASTER SWING (NASDE)"",""year"":2019}",series_alias,2019,history_year,snap_20260913T053000Z_11d8e6dbdaab,2019-04:easter-swing-nasde,history_listing,"EASTER SWING (NASDE),listed-easter-swing-nasde,wsdc_newsletter,review series identity",Historical listing needs a reviewed series alias
"{""candidates"":[],""printed_name"":""Swing"",""year"":2019}",series_alias,2019,history_year,snap_20260913T053243Z_3347ef6a3141,2019-04:swing,history_listing,"Swing,listed-swing,wsdc_newsletter,review series identity",Historical listing needs a reviewed series alias
"{""candidates"":[],""printed_name"":""TAHITIAN OPEN WEST COAST SWING"",""year"":2019}",series_alias,2019,history_year,snap_20260913T053000Z_11d8e6dbdaab,2019-04:tahitian-open-west-coast-swing,history_listing,"TAHITIAN OPEN WEST COAST SWING,listed-tahitian-open-west-coast-swing,wsdc_newsletter,review series identity",Historical listing needs a reviewed series alias
"{""candidates"":[],""printed_name"":""Tahitian Open West Coast Swing (Cancelled due to Coronavirus)"",""year"":2019}",series_alias,2019,history_year,snap_20260913T052610Z_9b5425eda664,2019-04:tahitian-open-west-coast-swing-cancelled-due-to-coronavirus,history_listing,"Tahitian Open West Coast Swing (Cancelled due to Coronavirus),listed-tahitian-open-west-coast-swing-cancelled-due-to-coronavirus,wsdc_calendar,review series identity",Historical listing needs a reviewed series alias
"{""candidates"":[],""printed_name"":""Twin Cities Rebels Swing Dance Club"",""year"":2019}",series_alias,2019,history_year,snap_20260913T052610Z_9b5425eda664,2019-04:twin-cities-rebels-swing-dance-club,history_listing,"Twin Cities Rebels Swing Dance Club,listed-twin-cities-rebels-swing-dance-club,wsdc_calendar,review series identity",Historical listing needs a reviewed series alias
"{""candidates"":[],""printed_name"":""U.K. & European WCS Championships (Cancelled due to Coronavirus)"",""year"":2019}",series_alias,2019,history_year,snap_20260913T052610Z_9b5425eda664,2019-04:u-k-european-wcs-championships-cancelled-due-to-coronavirus,history_listing,"U.K. & European WCS Championships (Cancelled due to Coronavirus),listed-u-k-european-wcs-championships-cancelled-due-to-coronavirus,wsdc_calendar,review series identity",Historical listing needs a reviewed series alias
"{""candidates"":[],""printed_name"":""West Swing Fest"",""year"":2019}",series_alias,2019,history_year,snap_20260913T053253Z_e19d60bb1ba4,2019-04:west-swing-fest,history_listing,"West Swing Fest,listed-west-swing-fest,wsdc_newsletter,review series identity",Historical listing needs a reviewed series alias
"{""candidates"":[],""printed_name"":""Zouk 1st German Open Championship 2019"",""year"":2019}",series_alias,2019,history_year,snap_20260910T054026Z_da863051bc1e,2019-04:zouk-german-open-championship,history_listing,"Zouk 1st German Open Championship 2019,listed-zouk-german-open-championship,scoringdance,review series identity",Historical listing needs a reviewed series alias
"{""candidates"":[],""printed_name"":""3.TAF Schleswig Cup West Coast Swing 2019"",""year"":2019}",series_alias,2019,history_year,snap_20260910T032911Z_34e948f7fea1,2019-05:3-taf-schleswig-cup-west-coast-swing,history_listing,"3.TAF Schleswig Cup West Coast Swing 2019,listed-3-taf-schleswig-cup-west-coast-swing,scoringdance,review series identity",Historical listing needs a reviewed series alias
"{""candidates"":[],""printed_name"":""KIWIfest"",""year"":2019}",series_alias,2019,history_year,snap_20260913T053000Z_11d8e6dbdaab,2019-05:kiwifest,history_listing,"KIWIfest,listed-kiwifest,wsdc_newsletter,review series identity",Historical listing needs a reviewed series alias
"{""candidates"":[],""printed_name"":""MAD MAD WEST"",""year"":2019}",series_alias,2019,history_year,snap_20260913T053000Z_11d8e6dbdaab,2019-05:mad-mad-west,history_listing,"MAD MAD WEST,listed-mad-mad-west,wsdc_newsletter,review series identity",Historical listing needs a reviewed series alias
"{""candidates"":[],""printed_name"":""SCOTTISH SWING CLASSIC"",""year"":2019}",series_alias,2019,history_year,snap_20260913T053000Z_11d8e6dbdaab,2019-05:scottish-swing-classic,history_listing,"SCOTTISH SWING CLASSIC,listed-scottish-swing-classic,wsdc_newsletter,review series identity",Historical listing needs a reviewed series alias
"{""candidates"":[],""printed_name"":""SOSWING CONVENTION"",""year"":2019}",series_alias,2019,history_year,snap_20260913T053000Z_11d8e6dbdaab,2019-05:soswing-convention,history_listing,"SOSWING CONVENTION,listed-soswing-convention,wsdc_newsletter,review series identity",Historical listing needs a reviewed series alias
"{""candidates"":[],""printed_name"":""SWINGDIEGO (NASDE)"",""year"":2019}",series_alias,2019,history_year,snap_20260913T053000Z_11d8e6dbdaab,2019-05:swingdiego-nasde,history_listing,"SWINGDIEGO (NASDE),listed-swingdiego-nasde,wsdc_newsletter,review series identity",Historical listing needs a reviewed series alias
"{""candidates"":[],""printed_name"":""TAF German Masters West 2019"",""year"":2019}",series_alias,2019,history_year,snap_20260910T060132Z_dbf18a1fc59b,2019-05:taf-german-masters-west,history_listing,"TAF German Masters West 2019,listed-taf-german-masters-west,scoringdance,review series identity",Historical listing needs a reviewed series alias
"{""candidates"":[],""printed_name"":""USA GRAND NATIONAL DANCE CHAMPIONSHIP (NASDE)"",""year"":2019}",series_alias,2019,history_year,snap_20260913T053000Z_11d8e6dbdaab,2019-05:usa-grand-national-dance-championship-nasde,history_listing,"USA GRAND NATIONAL DANCE CHAMPIONSHIP (NASDE),listed-usa-grand-national-dance-championship-nasde,wsdc_newsletter,review series identity",Historical listing needs a reviewed series alias
"{""candidates"":[],""printed_name"":""LIBERTY SWING DANCE CHAMPIONSHIPS (NASDE) WSDC MEMBERSHIP MEETING"",""year"":2019}",series_alias,2019,history_year,snap_20260913T053000Z_11d8e6dbdaab,2019-06:liberty-swing-dance-championships-nasde-wsdc-membership-meeting,history_listing,"LIBERTY SWING DANCE CHAMPIONSHIPS (NASDE) WSDC MEMBERSHIP MEETING,listed-liberty-swing-dance-championships-nasde-wsdc-membership-meeting,wsdc_newsletter,review series identity",Historical listing needs a reviewed series alias
"{""candidates"":[],""printed_name"":""NSW WCS DANCE CHAMPIONSHIPS"",""year"":2019}",series_alias,2019,history_year,snap_20260913T053000Z_11d8e6dbdaab,2019-06:nsw-wcs-dance-championships,history_listing,"NSW WCS DANCE CHAMPIONSHIPS,listed-nsw-wcs-dance-championships,wsdc_newsletter,review series identity",Historical listing needs a reviewed series alias
"{""candidates"":[""wsdc-321"",""wsdc-331""],""printed_name"":""SWING FICTION"",""year"":2019}",series_alias,2019,history_year,snap_20260913T053000Z_11d8e6dbdaab,2019-06:swing-fiction,history_listing,"SWING FICTION,listed-swing-fiction,wsdc_newsletter,review series identity",Historical listing needs a reviewed series alias
"{""candidates"":[],""printed_name"":""BARCELONA WESTIE SUMMER"",""year"":2019}",series_alias,2019,history_year,snap_20260913T053153Z_b3d4d7e4936b,2019-07:barcelona-westie-summer,history_listing,"BARCELONA WESTIE SUMMER,listed-barcelona-westie-summer,wsdc_newsletter,review series identity",Historical listing needs a reviewed series alias
"{""candidates"":[],""printed_name"":""Barcelona Westie Summer (Trial)"",""year"":2019}",series_alias,2019,history_year,snap_20260913T051353Z_65d61746a3d0,2019-07:barcelona-westie-summer-trial,history_listing,"Barcelona Westie Summer (Trial),listed-barcelona-westie-summer-trial,wsdc_calendar,review series identity",Historical listing needs a reviewed series alias
"{""candidates"":[],""printed_name"":""BIG APPLE COUNTRY DANCE CHAMPIONSHIPS"",""year"":2019}",series_alias,2019,history_year,snap_20260913T053153Z_b3d4d7e4936b,2019-07:big-apple-country-dance-championships,history_listing,"BIG APPLE COUNTRY DANCE CHAMPIONSHIPS,listed-big-apple-country-dance-championships,wsdc_newsletter,review series identity",Historical listing needs a reviewed series alias
"{""candidates"":[],""printed_name"":""FORIDA DANCE MAGIC"",""year"":2019}",series_alias,2019,history_year,snap_20260913T053153Z_b3d4d7e4936b,2019-07:forida-dance-magic,history_listing,"FORIDA DANCE MAGIC,listed-forida-dance-magic,wsdc_newsletter,review series identity",Historical listing needs a reviewed series alias
"{""candidates"":[],""printed_name"":""GPSDC ANNUAL JULY 4TH CONVENTION"",""year"":2019}",series_alias,2019,history_year,snap_20260913T053153Z_b3d4d7e4936b,2019-07:gpsdc-annual-july-convention,history_listing,"GPSDC ANNUAL JULY 4TH CONVENTION,listed-gpsdc-annual-july-convention,wsdc_newsletter,review series identity",Historical listing needs a reviewed series alias
"{""candidates"":[],""printed_name"":""WESTCÂMBIO BRAZIL"",""year"":2019}",series_alias,2019,history_year,snap_20260913T053153Z_b3d4d7e4936b,2019-07:westcambio-brazil,history_listing,"WESTCÂMBIO BRAZIL,listed-westcambio-brazil,wsdc_newsletter,review series identity",Historical listing needs a reviewed series alias
"{""candidates"":[""wsdc-279"",""wsdc-283""],""printed_name"":""KAZAN EL FEST"",""year"":2019}",series_alias,2019,history_year,snap_20260913T053153Z_b3d4d7e4936b,2019-08:kazan-el-fest,history_listing,"KAZAN EL FEST,listed-kazan-el-fest,wsdc_newsletter,review series identity",Historical listing needs a reviewed series alias
"{""candidates"":[],""printed_name"":""SUMMER HUMMER (NASDE)"",""year"":2019}",series_alias,2019,history_year,snap_20260913T053153Z_b3d4d7e4936b,2019-08:summer-hummer-nasde,history_listing,"SUMMER HUMMER (NASDE),listed-summer-hummer-nasde,wsdc_newsletter,review series identity",Historical listing needs a reviewed series alias
"{""candidates"":[],""printed_name"":""TAF German Masters West Coast Swing Nord 2019"",""year"":2019}",series_alias,2019,history_year,snap_20260910T032911Z_34e948f7fea1,2019-09:taf-german-masters-west-coast-swing-nord,history_listing,"TAF German Masters West Coast Swing Nord 2019,listed-taf-german-masters-west-coast-swing-nord,scoringdance,review series identity",Historical listing needs a reviewed series alias
"{""candidates"":[],""printed_name"":""BOOGIE BY THE BAY (NASDE)"",""year"":2019}",series_alias,2019,history_year,snap_20260913T053204Z_ea0a1cfa6f68,2019-10:boogie-by-the-bay-nasde,history_listing,"BOOGIE BY THE BAY (NASDE),listed-boogie-by-the-bay-nasde,wsdc_newsletter,review series identity",Historical listing needs a reviewed series alias
"{""candidates"":[""wsdc-325"",""wsdc-330""],""printed_name"":""SIMPLY ADELAIDE WEST COAST SWING"",""year"":2019}",series_alias,2019,history_year,snap_20260913T053204Z_ea0a1cfa6f68,2019-11:simply-adelaide-west-coast-swing,history_listing,"SIMPLY ADELAIDE WEST COAST SWING,listed-simply-adelaide-west-coast-swing,wsdc_newsletter,review series identity",Historical listing needs a reviewed series alias
"{""candidates"":[],""printed_name"":""Simply Adelaide West Coast Swing (Trial)"",""year"":2019}",series_alias,2019,history_year,snap_20260913T051644Z_dd7f13d8db52,2019-11:simply-adelaide-west-coast-swing-trial,history_listing,"Simply Adelaide West Coast Swing (Trial),listed-simply-adelaide-west-coast-swing-trial,wsdc_calendar,review series identity",Historical listing needs a reviewed series alias
"{""candidates"":[],""printed_name"":""TAF Deutsche Meisterschaft West Coast Swing 2019"",""year"":2019}",series_alias,2019,history_year,snap_20260910T060446Z_9e025464dbfa,2019-11:taf-deutsche-meisterschaft-west-coast-swing,history_listing,"TAF Deutsche Meisterschaft West Coast Swing 2019,listed-taf-deutsche-meisterschaft-west-coast-swing,scoringdance,review series identity",Historical listing needs a reviewed series alias
"{""candidates"":[],""printed_name"":""TAMPA BAY CLASSIC (NASDE)"",""year"":2019}",series_alias,2019,history_year,snap_20260913T053204Z_ea0a1cfa6f68,2019-11:tampa-bay-classic-nasde,history_listing,"TAMPA BAY CLASSIC (NASDE),listed-tampa-bay-classic-nasde,wsdc_newsletter,review series identity",Historical listing needs a reviewed series alias
"{""candidates"":[],""printed_name"":""WESTIE ANGELS"",""year"":2019}",series_alias,2019,history_year,snap_20260913T053204Z_ea0a1cfa6f68,2019-11:westie-angels,history_listing,"WESTIE ANGELS,listed-westie-angels,wsdc_newsletter,review series identity",Historical listing needs a reviewed series alias
"{""candidates"":[],""printed_name"":""Westies on the Water (Trial)"",""year"":2019}",series_alias,2019,history_year,snap_20260913T051644Z_dd7f13d8db52,2019-11:westies-on-the-water-trial,history_listing,"Westies on the Water (Trial),listed-westies-on-the-water-trial,wsdc_calendar,review series identity",Historical listing needs a reviewed series alias
"{""candidates"":[],""printed_name"":""FLOOR PLAY NEW YEARS SWING VACATION"",""year"":2019}",series_alias,2019,history_year,snap_20260913T053204Z_ea0a1cfa6f68,2019-12:floor-play-new-years-swing-vacation,history_listing,"FLOOR PLAY NEW YEARS SWING VACATION,listed-floor-play-new-years-swing-vacation,wsdc_newsletter,review series identity",Historical listing needs a reviewed series alias
"{""candidates"":[],""printed_name"":""US OPEN SWING DANCE CHAMPIONSHIPS (NASDE)"",""year"":2019}",series_alias,2019,history_year,snap_20260913T053204Z_ea0a1cfa6f68,2019-12:us-open-swing-dance-championships-nasde,history_listing,"US OPEN SWING DANCE CHAMPIONSHIPS (NASDE),listed-us-open-swing-dance-championships-nasde,wsdc_newsletter,review series identity",Historical listing needs a reviewed series alias
"{""candidates"":[],""printed_name"":""Austin Swing Dance Championships (Cancelled due to Covid-19)"",""year"":2020}",series_alias,2020,history_year,snap_20260913T052054Z_f2004ad7080a,2020-01:austin-swing-dance-championships-cancelled-due-to-covid-19,history_listing,"Austin Swing Dance Championships (Cancelled due to Covid-19),listed-austin-swing-dance-championships-cancelled-due-to-covid-19,wsdc_calendar,review series identity",Historical listing needs a reviewed series alias
"{""candidates"":[],""printed_name"":""Budafest 2020"",""year"":2020}",series_alias,2020,history_year,snap_20260910T053516Z_7e10395e88b5,2020-01:budafest,history_listing,"Budafest 2020,listed-budafest,scoringdance,review series identity",Historical listing needs a reviewed series alias
"{""candidates"":[""wsdc-334"",""wsdc-39""],""printed_name"":""Countdown Swing Boston"",""year"":2020}",series_alias,2020,history_year,snap_20260913T052653Z_4309094e8fb4,2020-01:countdown-swing-boston,history_listing,"Countdown Swing Boston,listed-countdown-swing-boston,wsdc_calendar,review series identity",Historical listing needs a reviewed series alias
"{""candidates"":[],""printed_name"":""New Years Swing Dance Classic"",""year"":2020}",series_alias,2020,history_year,snap_20260913T051644Z_dd7f13d8db52,2020-01:new-years-swing-dance-classic,history_listing,"New Years Swing Dance Classic,listed-new-years-swing-dance-classic,wsdc_calendar,review series identity",Historical listing needs a reviewed series alias
"{""candidates"":[],""printed_name"":""PALM SPRINGS NEW YEAR’S WEST COAST SWING AND HUSTLE DANCE CLASSIC"",""year"":2020}",series_alias,2020,history_year,snap_20260913T053204Z_ea0a1cfa6f68,2020-01:palm-springs-new-year-s-west-coast-swing-and-hustle-dance-classic,history_listing,"PALM SPRINGS NEW YEAR’S WEST COAST SWING AND HUSTLE DANCE CLASSIC,listed-palm-springs-new-year-s-west-coast-swing-and-hustle-dance-classic,wsdc_newsletter,review series identity",Historical listing needs a reviewed series alias
"{""candidates"":[],""printed_name"":""Spotlight New Year's Celebration (Cancelled due to Covid-19)"",""year"":2020}",series_alias,2020,history_year,snap_20260913T052054Z_f2004ad7080a,2020-01:spotlight-new-year-s-celebration-cancelled-due-to-covid-19,history_listing,"Spotlight New Year's Celebration (Cancelled due to Covid-19),listed-spotlight-new-year-s-celebration-cancelled-due-to-covid-19,wsdc_calendar,review series identity",Historical listing needs a reviewed series alias
"{""candidates"":[],""printed_name"":""BY-TOWN ONTARIO OPEN (BTO)"",""year"":2020}",series_alias,2020,history_year,snap_20260913T053303Z_220a0f22f0f6,2020-02:by-town-ontario-open-bto,history_listing,"BY-TOWN ONTARIO OPEN (BTO),listed-by-town-ontario-open-bto,wsdc_newsletter,review series identity",Historical listing needs a reviewed series alias
"{""candidates"":[],""printed_name"":""By-town Ontario Open (BTO) (Trial)"",""year"":2020}",series_alias,2020,history_year,snap_20260913T051713Z_ef94353a0af6,2020-02:by-town-ontario-open-bto-trial,history_listing,"By-town Ontario Open (BTO) (Trial),listed-by-town-ontario-open-bto-trial,wsdc_calendar,review series identity",Historical listing needs a reviewed series alias
"{""candidates"":[],""printed_name"":""CAPITAL SWING DANCE CONVENTION (NASDE)"",""year"":2020}",series_alias,2020,history_year,snap_20260913T053303Z_220a0f22f0f6,2020-02:capital-swing-dance-convention-nasde,history_listing,"CAPITAL SWING DANCE CONVENTION (NASDE),listed-capital-swing-dance-convention-nasde,wsdc_newsletter,review series identity",Historical listing needs a reviewed series alias
"{""candidates"":[],""printed_name"":""Capital Swing Presidents' Day Convention (Cancelled due to Covid-19)"",""year"":2020}",series_alias,2020,history_year,snap_20260913T052610Z_9b5425eda664,2020-02:capital-swing-presidents-day-convention-cancelled-due-to-covid-19,history_listing,"Capital Swing Presidents' Day Convention (Cancelled due to Covid-19),listed-capital-swing-presidents-day-convention-cancelled-due-to-covid-19,wsdc_calendar,review series identity",Historical listing needs a reviewed series alias
"{""candidates"":[],""printed_name"":""Carnival Swing Cologne 2020"",""year"":2020}",series_alias,2020,history_year,snap_20260910T053449Z_31593ec0a25c,2020-02:carnival-swing-cologne,history_listing,"Carnival Swing Cologne 2020,listed-carnival-swing-cologne,scoringdance,review series identity",Historical listing needs a reviewed series alias
"{""candidates"":[""wsdc-272"",""wsdc-307""],""printed_name"":""PARIS WESTIE FEST"",""year"":2020}",series_alias,2020,history_year,snap_20260913T053303Z_220a0f22f0f6,2020-02:paris-westie-fest,history_listing,"PARIS WESTIE FEST,listed-paris-westie-fest,wsdc_newsletter,review series identity",Historical listing needs a reviewed series alias
"{""candidates"":[],""printed_name"":""5280 Westival (Rescheduled to 11/5-9/2020))"",""year"":2020}",series_alias,2020,history_year,snap_20260913T052653Z_4309094e8fb4,2020-03:5280-westival-rescheduled-to-11-5-9,history_listing,"5280 Westival (Rescheduled to 11/5-9/2020)),listed-5280-westival-rescheduled-to-11-5-9,wsdc_calendar,review series identity",Historical listing needs a reviewed series alias
"{""candidates"":[],""printed_name"":""ALL STAR SWING JAM"",""year"":2020}",series_alias,2020,history_year,snap_20260913T053303Z_220a0f22f0f6,2020-03:all-star-swing-jam,history_listing,"ALL STAR SWING JAM,listed-all-star-swing-jam,wsdc_newsletter,review series identity",Historical listing needs a reviewed series alias
"{""candidates"":[],""printed_name"":""All Star SwingJam (Cancelled due to Coronavirus)"",""year"":2020}",series_alias,2020,history_year,snap_20260913T052653Z_4309094e8fb4,2020-03:all-star-swingjam-cancelled-due-to-coronavirus,history_listing,"All Star SwingJam (Cancelled due to Coronavirus),listed-all-star-swingjam-cancelled-due-to-coronavirus,wsdc_calendar,review series identity",Historical listing needs a reviewed series alias
"{""candidates"":[],""printed_name"":""Boston Tea Party (Cancelled due to Coronavirus)"",""year"":2020}",series_alias,2020,history_year,snap_20260913T052653Z_4309094e8fb4,2020-03:boston-tea-party-cancelled-due-to-coronavirus,history_listing,"Boston Tea Party (Cancelled due to Coronavirus),listed-boston-tea-party-cancelled-due-to-coronavirus,wsdc_calendar,review series identity",Historical listing needs a reviewed series alias
"{""candidates"":[],""printed_name"":""CHICAGO CLASSIC (NASDE)"",""year"":2020}",series_alias,2020,history_year,snap_20260913T053303Z_220a0f22f0f6,2020-03:chicago-classic-nasde,history_listing,"CHICAGO CLASSIC (NASDE),listed-chicago-classic-nasde,wsdc_newsletter,review series identity",Historical listing needs a reviewed series alias
"{""candidates"":[],""printed_name"":""Chicago Classic (Postponed due to Coronavirus)"",""year"":2020}",series_alias,2020,history_year,snap_20260913T052653Z_4309094e8fb4,2020-03:chicago-classic-postponed-due-to-coronavirus,history_listing,"Chicago Classic (Postponed due to Coronavirus),listed-chicago-classic-postponed-due-to-coronavirus,wsdc_calendar,review series identity",Historical listing needs a reviewed series alias
"{""candidates"":[],""printed_name"":""Dutch Open West Coast Swing (Cancelled due to Coronavirus)"",""year"":2020}",series_alias,2020,history_year,snap_20260913T052653Z_4309094e8fb4,2020-03:dutch-open-west-coast-swing-cancelled-due-to-coronavirus,history_listing,"Dutch Open West Coast Swing (Cancelled due to Coronavirus),listed-dutch-open-west-coast-swing-cancelled-due-to-coronavirus,wsdc_calendar,review series identity",Historical listing needs a reviewed series alias
"{""candidates"":[],""printed_name"":""Fall, Fall in Swing (Cancelled due to Coronavirus)"",""year"":2020}",series_alias,2020,history_year,snap_20260913T052653Z_4309094e8fb4,2020-03:fall-fall-in-swing-cancelled-due-to-coronavirus,history_listing,"Fall, Fall in Swing (Cancelled due to Coronavirus),listed-fall-fall-in-swing-cancelled-due-to-coronavirus,wsdc_calendar,review series identity",Historical listing needs a reviewed series alias
"{""candidates"":[],""printed_name"":""High Desert Dance Classic (Cancelled due to Coronavirus)"",""year"":2020}",series_alias,2020,history_year,snap_20260913T052653Z_4309094e8fb4,2020-03:high-desert-dance-classic-cancelled-due-to-coronavirus,history_listing,"High Desert Dance Classic (Cancelled due to Coronavirus),listed-high-desert-dance-classic-cancelled-due-to-coronavirus,wsdc_calendar,review series identity",Historical listing needs a reviewed series alias
"{""candidates"":[],""printed_name"":""King Swing (Cancelled due to Coronavirus)"",""year"":2020}",series_alias,2020,history_year,snap_20260913T052653Z_4309094e8fb4,2020-03:king-swing-cancelled-due-to-coronavirus,history_listing,"King Swing (Cancelled due to Coronavirus),listed-king-swing-cancelled-due-to-coronavirus,wsdc_calendar,review series identity",Historical listing needs a reviewed series alias
"{""candidates"":[],""printed_name"":""MID ATLANTIC DANCE JAM - MADJAM (NASDE)"",""year"":2020}",series_alias,2020,history_year,snap_20260913T053303Z_220a0f22f0f6,2020-03:mid-atlantic-dance-jam-madjam-nasde,history_listing,"MID ATLANTIC DANCE JAM - MADJAM (NASDE),listed-mid-atlantic-dance-jam-madjam-nasde,wsdc_newsletter,review series identity",Historical listing needs a reviewed series alias
"{""candidates"":[],""printed_name"":""Novice Invitational (Cancelled due to Coronavirus)"",""year"":2020}",series_alias,2020,history_year,snap_20260913T052653Z_4309094e8fb4,2020-03:novice-invitational-cancelled-due-to-coronavirus,history_listing,"Novice Invitational (Cancelled due to Coronavirus),listed-novice-invitational-cancelled-due-to-coronavirus,wsdc_calendar,review series identity",Historical listing needs a reviewed series alias
"{""candidates"":[],""printed_name"":""Swing Escape (Cancelled due to Coronavirus)"",""year"":2020}",series_alias,2020,history_year,snap_20260913T052653Z_4309094e8fb4,2020-03:swing-escape-cancelled-due-to-coronavirus,history_listing,"Swing Escape (Cancelled due to Coronavirus),listed-swing-escape-cancelled-due-to-coronavirus,wsdc_calendar,review series identity",Historical listing needs a reviewed series alias
"{""candidates"":[],""printed_name"":""West in Lyon (Cancelled due to Coronavirus)"",""year"":2020}",series_alias,2020,history_year,snap_20260913T052653Z_4309094e8fb4,2020-03:west-in-lyon-cancelled-due-to-coronavirus,history_listing,"West in Lyon (Cancelled due to Coronavirus),listed-west-in-lyon-cancelled-due-to-coronavirus,wsdc_calendar,review series identity",Historical listing needs a reviewed series alias
"{""candidates"":[],""printed_name"":""Westie Spring Thing 2020 (Cancelled due to Coronavirus)"",""year"":2020}",series_alias,2020,history_year,snap_20260913T052653Z_4309094e8fb4,2020-03:westie-spring-thing-cancelled-due-to-coronavirus,history_listing,"Westie Spring Thing 2020 (Cancelled due to Coronavirus),listed-westie-spring-thing-cancelled-due-to-coronavirus,wsdc_calendar,review series identity",Historical listing needs a reviewed series alias
"{""candidates"":[],""printed_name"":""Asia West Coast Swing Open (Cancelled due to Coronavirus)"",""year"":2020}",series_alias,2020,history_year,snap_20260913T052653Z_4309094e8fb4,2020-04:asia-west-coast-swing-open-cancelled-due-to-coronavirus,history_listing,"Asia West Coast Swing Open (Cancelled due to Coronavirus),listed-asia-west-coast-swing-open-cancelled-due-to-coronavirus,wsdc_calendar,review series identity",Historical listing needs a reviewed series alias
"{""candidates"":[],""printed_name"":""Calgary Dance Stampede (Cancelled due to Coronavirus)"",""year"":2020}",series_alias,2020,history_year,snap_20260913T052653Z_4309094e8fb4,2020-04:calgary-dance-stampede-cancelled-due-to-coronavirus,history_listing,"Calgary Dance Stampede (Cancelled due to Coronavirus),listed-calgary-dance-stampede-cancelled-due-to-coronavirus,wsdc_calendar,review series identity",Historical listing needs a reviewed series alias
"{""candidates"":[],""printed_name"":""City of Angels (Cancelled due to Coronavirus)"",""year"":2020}",series_alias,2020,history_year,snap_20260913T052653Z_4309094e8fb4,2020-04:city-of-angels-cancelled-due-to-coronavirus,history_listing,"City of Angels (Cancelled due to Coronavirus),listed-city-of-angels-cancelled-due-to-coronavirus,wsdc_calendar,review series identity",Historical listing needs a reviewed series alias
"{""candidates"":[],""printed_name"":""Detonation Dance (Cancelled due to Coronavirus)"",""year"":2020}",series_alias,2020,history_year,snap_20260913T052653Z_4309094e8fb4,2020-04:detonation-dance-cancelled-due-to-coronavirus,history_listing,"Detonation Dance (Cancelled due to Coronavirus),listed-detonation-dance-cancelled-due-to-coronavirus,wsdc_calendar,review series identity",Historical listing needs a reviewed series alias
"{""candidates"":[],""printed_name"":""Easter Swing (Cancelled due to Coronavirus)"",""year"":2020}",series_alias,2020,history_year,snap_20260913T052653Z_4309094e8fb4,2020-04:easter-swing-cancelled-due-to-coronavirus,history_listing,"Easter Swing (Cancelled due to Coronavirus),listed-easter-swing-cancelled-due-to-coronavirus,wsdc_calendar,review series identity",Historical listing needs a reviewed series alias
"{""candidates"":[],""printed_name"":""Go West Swing Fest (Cancelled due to Coronavirus)"",""year"":2020}",series_alias,2020,history_year,snap_20260913T052653Z_4309094e8fb4,2020-04:go-west-swing-fest-cancelled-due-to-coronavirus,history_listing,"Go West Swing Fest (Cancelled due to Coronavirus),listed-go-west-swing-fest-cancelled-due-to-coronavirus,wsdc_calendar,review series identity",Historical listing needs a reviewed series alias
"{""candidates"":[],""printed_name"":""Nordic WCS Championships (Cancelled due to Corona Virus)"",""year"":2020}",series_alias,2020,history_year,snap_20260913T052653Z_4309094e8fb4,2020-04:nordic-wcs-championships-cancelled-due-to-corona-virus,history_listing,"Nordic WCS Championships (Cancelled due to Corona Virus),listed-nordic-wcs-championships-cancelled-due-to-corona-virus,wsdc_calendar,review series identity",Historical listing needs a reviewed series alias
"{""candidates"":[],""printed_name"":""Russian Open WCS Championship 2020 (Cancelled due to Coronavirus)"",""year"":2020}",series_alias,2020,history_year,snap_20260913T052653Z_4309094e8fb4,2020-04:russian-open-wcs-championship-cancelled-due-to-coronavirus,history_listing,"Russian Open WCS Championship 2020 (Cancelled due to Coronavirus),listed-russian-open-wcs-championship-cancelled-due-to-coronavirus,wsdc_calendar,review series identity",Historical listing needs a reviewed series alias
"{""candidates"":[],""printed_name"":""San Diego Dance Festival (Cancelled due to Coronavirus)"",""year"":2020}",series_alias,2020,history_year,snap_20260913T052653Z_4309094e8fb4,2020-04:san-diego-dance-festival-cancelled-due-to-coronavirus,history_listing,"San Diego Dance Festival (Cancelled due to Coronavirus),listed-san-diego-dance-festival-cancelled-due-to-coronavirus,wsdc_calendar,review series identity",Historical listing needs a reviewed series alias
"{""candidates"":[],""printed_name"":""Swing Dance America (Cancelled due to Coronavirus)"",""year"":2020}",series_alias,2020,history_year,snap_20260913T052653Z_4309094e8fb4,2020-04:swing-dance-america-cancelled-due-to-coronavirus,history_listing,"Swing Dance America (Cancelled due to Coronavirus),listed-swing-dance-america-cancelled-due-to-coronavirus,wsdc_calendar,review series identity",Historical listing needs a reviewed series alias
"{""candidates"":[],""printed_name"":""Swing In Capital (Cancelled due to Coronavirus)"",""year"":2020}",series_alias,2020,history_year,snap_20260913T052653Z_4309094e8fb4,2020-04:swing-in-capital-cancelled-due-to-coronavirus,history_listing,"Swing In Capital (Cancelled due to Coronavirus),listed-swing-in-capital-cancelled-due-to-coronavirus,wsdc_calendar,review series identity",Historical listing needs a reviewed series alias
"{""candidates"":[],""printed_name"":""Swing Over Orlando (Cancelled due to Covid-19)"",""year"":2020}",series_alias,2020,history_year,snap_20260913T052653Z_4309094e8fb4,2020-04:swing-over-orlando-cancelled-due-to-covid-19,history_listing,"Swing Over Orlando (Cancelled due to Covid-19),listed-swing-over-orlando-cancelled-due-to-covid-19,wsdc_calendar,review series identity",Historical listing needs a reviewed series alias
"{""candidates"":[],""printed_name"":""Swingover 2020 (Cancelled due to Coronavirus)"",""year"":2020}",series_alias,2020,history_year,snap_20260913T052653Z_4309094e8fb4,2020-04:swingover-cancelled-due-to-coronavirus,history_listing,"Swingover 2020 (Cancelled due to Coronavirus),listed-swingover-cancelled-due-to-coronavirus,wsdc_calendar,review series identity",Historical listing needs a reviewed series alias
"{""candidates"":[],""printed_name"":""Tulsa Spring Swing (Cancelled due to Coronavirus)"",""year"":2020}",series_alias,2020,history_year,snap_20260913T052653Z_4309094e8fb4,2020-04:tulsa-spring-swing-cancelled-due-to-coronavirus,history_listing,"Tulsa Spring Swing (Cancelled due to Coronavirus),listed-tulsa-spring-swing-cancelled-due-to-coronavirus,wsdc_calendar,review series identity",Historical listing needs a reviewed series alias
"{""candidates"":[],""printed_name"":""UK & European WCS Championships (Cancelled due to the Coronavirus)"",""year"":2020}",series_alias,2020,history_year,snap_20260913T052653Z_4309094e8fb4,2020-04:uk-european-wcs-championships-cancelled-due-to-the-coronavirus,history_listing,"UK & European WCS Championships (Cancelled due to the Coronavirus),listed-uk-european-wcs-championships-cancelled-due-to-the-coronavirus,wsdc_calendar,review series identity",Historical listing needs a reviewed series alias
"{""candidates"":[],""printed_name"":""Westy Nantes (Cancelled due to Coronavirus)"",""year"":2020}",series_alias,2020,history_year,snap_20260913T052653Z_4309094e8fb4,2020-04:westy-nantes-cancelled-due-to-coronavirus,history_listing,"Westy Nantes (Cancelled due to Coronavirus),listed-westy-nantes-cancelled-due-to-coronavirus,wsdc_calendar,review series identity",Historical listing needs a reviewed series alias
"{""candidates"":[],""printed_name"":""Canadian Swing Championships (Cancelled due to Coronavirus)"",""year"":2020}",series_alias,2020,history_year,snap_20260913T052653Z_4309094e8fb4,2020-05:canadian-swing-championships-cancelled-due-to-coronavirus,history_listing,"Canadian Swing Championships (Cancelled due to Coronavirus),listed-canadian-swing-championships-cancelled-due-to-coronavirus,wsdc_calendar,review series identity",Historical listing needs a reviewed series alias
"{""candidates"":[],""printed_name"":""French Open WCS (Cancelled due to Covid-19)"",""year"":2020}",series_alias,2020,history_year,snap_20260913T052653Z_4309094e8fb4,2020-05:french-open-wcs-cancelled-due-to-covid-19,history_listing,"French Open WCS (Cancelled due to Covid-19),listed-french-open-wcs-cancelled-due-to-covid-19,wsdc_calendar,review series identity",Historical listing needs a reviewed series alias
"{""candidates"":[],""printed_name"":""Hungarian Open (Cancelled due to Coronavirus)"",""year"":2020}",series_alias,2020,history_year,snap_20260913T052653Z_4309094e8fb4,2020-05:hungarian-open-cancelled-due-to-coronavirus,history_listing,"Hungarian Open (Cancelled due to Coronavirus),listed-hungarian-open-cancelled-due-to-coronavirus,wsdc_calendar,review series identity",Historical listing needs a reviewed series alias
"{""candidates"":[],""printed_name"":""KIWI Fest (Cancelled due to Coronavirus)"",""year"":2020}",series_alias,2020,history_year,snap_20260913T052653Z_4309094e8fb4,2020-05:kiwi-fest-cancelled-due-to-coronavirus,history_listing,"KIWI Fest (Cancelled due to Coronavirus),listed-kiwi-fest-cancelled-due-to-coronavirus,wsdc_calendar,review series identity",Historical listing needs a reviewed series alias
"{""candidates"":[],""printed_name"":""Mad Mad West"",""year"":2020}",series_alias,2020,history_year,snap_20260913T053204Z_ea0a1cfa6f68,2020-05:mad-mad-west,history_listing,"Mad Mad West,listed-mad-mad-west,wsdc_newsletter,review series identity",Historical listing needs a reviewed series alias
"{""candidates"":[],""printed_name"":""Mad Mad West (Cancelled Due to Coronavirus)"",""year"":2020}",series_alias,2020,history_year,snap_20260913T052653Z_4309094e8fb4,2020-05:mad-mad-west-cancelled-due-to-coronavirus,history_listing,"Mad Mad West (Cancelled Due to Coronavirus),listed-mad-mad-west-cancelled-due-to-coronavirus,wsdc_calendar,review series identity",Historical listing needs a reviewed series alias
"{""candidates"":[],""printed_name"":""Michigan Classic (Cancelled due to Coronavirus)"",""year"":2020}",series_alias,2020,history_year,snap_20260913T052653Z_4309094e8fb4,2020-05:michigan-classic-cancelled-due-to-coronavirus,history_listing,"Michigan Classic (Cancelled due to Coronavirus),listed-michigan-classic-cancelled-due-to-coronavirus,wsdc_calendar,review series identity",Historical listing needs a reviewed series alias
"{""candidates"":[],""printed_name"":""Scottish Swing Classic (Cancelled due to Coronavirus)"",""year"":2020}",series_alias,2020,history_year,snap_20260913T052653Z_4309094e8fb4,2020-05:scottish-swing-classic-cancelled-due-to-coronavirus,history_listing,"Scottish Swing Classic (Cancelled due to Coronavirus),listed-scottish-swing-classic-cancelled-due-to-coronavirus,wsdc_calendar,review series identity",Historical listing needs a reviewed series alias
"{""candidates"":[],""printed_name"":""Show Me Showdown (Cancelled due to Coronavirus)"",""year"":2020}",series_alias,2020,history_year,snap_20260913T052653Z_4309094e8fb4,2020-05:show-me-showdown-cancelled-due-to-coronavirus,history_listing,"Show Me Showdown (Cancelled due to Coronavirus),listed-show-me-showdown-cancelled-due-to-coronavirus,wsdc_calendar,review series identity",Historical listing needs a reviewed series alias
"{""candidates"":[],""printed_name"":""SOswing (Cancelled due to Coronavirus)"",""year"":2020}",series_alias,2020,history_year,snap_20260913T052653Z_4309094e8fb4,2020-05:soswing-cancelled-due-to-coronavirus,history_listing,"SOswing (Cancelled due to Coronavirus),listed-soswing-cancelled-due-to-coronavirus,wsdc_calendar,review series identity",Historical listing needs a reviewed series alias
"{""candidates"":[],""printed_name"":""Swingin' Into Spring (Cancelled due to Coronavirus)"",""year"":2020}",series_alias,2020,history_year,snap_20260913T052653Z_4309094e8fb4,2020-05:swingin-into-spring-cancelled-due-to-coronavirus,history_listing,"Swingin' Into Spring (Cancelled due to Coronavirus),listed-swingin-into-spring-cancelled-due-to-coronavirus,wsdc_calendar,review series identity",Historical listing needs a reviewed series alias
"{""candidates"":[],""printed_name"":""Swingsation (Cancelled due to Coronavirus)"",""year"":2020}",series_alias,2020,history_year,snap_20260913T052653Z_4309094e8fb4,2020-05:swingsation-cancelled-due-to-coronavirus,history_listing,"Swingsation (Cancelled due to Coronavirus),listed-swingsation-cancelled-due-to-coronavirus,wsdc_calendar,review series identity",Historical listing needs a reviewed series alias
"{""candidates"":[],""printed_name"":""The Texas Classic (Cancelled due to Coronavirus)"",""year"":2020}",series_alias,2020,history_year,snap_20260913T052653Z_4309094e8fb4,2020-05:the-texas-classic-cancelled-due-to-coronavirus,history_listing,"The Texas Classic (Cancelled due to Coronavirus),listed-the-texas-classic-cancelled-due-to-coronavirus,wsdc_calendar,review series identity",Historical listing needs a reviewed series alias
"{""candidates"":[],""printed_name"":""TLV SwingFest (Cancelled due to Corona Virus)"",""year"":2020}",series_alias,2020,history_year,snap_20260913T052653Z_4309094e8fb4,2020-05:tlv-swingfest-cancelled-due-to-corona-virus,history_listing,"TLV SwingFest (Cancelled due to Corona Virus),listed-tlv-swingfest-cancelled-due-to-corona-virus,wsdc_calendar,review series identity",Historical listing needs a reviewed series alias
"{""candidates"":[],""printed_name"":""USA Grand National Dance Championship"",""year"":2020}",series_alias,2020,history_year,snap_20260913T051734Z_2512163ed68e,2020-05:usa-grand-national-dance-championship,history_listing,"USA Grand National Dance Championship,listed-usa-grand-national-dance-championship,wsdc_calendar,review series identity",Historical listing needs a reviewed series alias
"{""candidates"":[],""printed_name"":""USA Grand National Dance Championship (Cancelled due to Covid-19)"",""year"":2020}",series_alias,2020,history_year,snap_20260913T052653Z_4309094e8fb4,2020-05:usa-grand-national-dance-championship-cancelled-due-to-covid-19,history_listing,"USA Grand National Dance Championship (Cancelled due to Covid-19),listed-usa-grand-national-dance-championship-cancelled-due-to-covid-19,wsdc_calendar,review series identity",Historical listing needs a reviewed series alias
"{""candidates"":[],""printed_name"":""Baltic Swing (Cancelled due to Covid-19)"",""year"":2020}",series_alias,2020,history_year,snap_20260913T052653Z_4309094e8fb4,2020-06:baltic-swing-cancelled-due-to-covid-19,history_listing,"Baltic Swing (Cancelled due to Covid-19),listed-baltic-swing-cancelled-due-to-covid-19,wsdc_calendar,review series identity",Historical listing needs a reviewed series alias
"{""candidates"":[],""printed_name"":""Colorado Country Classic (Cancelled due to Covid-19)"",""year"":2020}",series_alias,2020,history_year,snap_20260913T052653Z_4309094e8fb4,2020-06:colorado-country-classic-cancelled-due-to-covid-19,history_listing,"Colorado Country Classic (Cancelled due to Covid-19),listed-colorado-country-classic-cancelled-due-to-covid-19,wsdc_calendar,review series identity",Historical listing needs a reviewed series alias
"{""candidates"":[],""printed_name"":""D-Townswing (Cancelled due to Coronaviris)"",""year"":2020}",series_alias,2020,history_year,snap_20260913T052653Z_4309094e8fb4,2020-06:d-townswing-cancelled-due-to-coronaviris,history_listing,"D-Townswing (Cancelled due to Coronaviris),listed-d-townswing-cancelled-due-to-coronaviris,wsdc_calendar,review series identity",Historical listing needs a reviewed series alias
"{""candidates"":[],""printed_name"":""Dance N Play (Canclled due to Covid-19)"",""year"":2020}",series_alias,2020,history_year,snap_20260913T052653Z_4309094e8fb4,2020-06:dance-n-play-canclled-due-to-covid-19,history_listing,"Dance N Play (Canclled due to Covid-19),listed-dance-n-play-canclled-due-to-covid-19,wsdc_calendar,review series identity",Historical listing needs a reviewed series alias
"{""candidates"":[],""printed_name"":""Finnfest (Cancelled due to Covid-19)"",""year"":2020}",series_alias,2020,history_year,snap_20260913T052653Z_4309094e8fb4,2020-06:finnfest-cancelled-due-to-covid-19,history_listing,"Finnfest (Cancelled due to Covid-19),listed-finnfest-cancelled-due-to-covid-19,wsdc_calendar,review series identity",Historical listing needs a reviewed series alias
"{""candidates"":[],""printed_name"":""Jack & Jill O'Rama (Cancelled due to Covid-19)"",""year"":2020}",series_alias,2020,history_year,snap_20260913T052054Z_f2004ad7080a,2020-06:jack-jill-o-rama-cancelled-due-to-covid-19,history_listing,"Jack & Jill O'Rama (Cancelled due to Covid-19),listed-jack-jill-o-rama-cancelled-due-to-covid-19,wsdc_calendar,review series identity",Historical listing needs a reviewed series alias
"{""candidates"":[],""printed_name"":""Korea Westival (Cancelled due to Covid-19)"",""year"":2020}",series_alias,2020,history_year,snap_20260913T052653Z_4309094e8fb4,2020-06:korea-westival-cancelled-due-to-covid-19,history_listing,"Korea Westival (Cancelled due to Covid-19),listed-korea-westival-cancelled-due-to-covid-19,wsdc_calendar,review series identity",Historical listing needs a reviewed series alias
"{""candidates"":[],""printed_name"":""Liberty Swing Dance Championships (Cancelled due to Covid-19)"",""year"":2020}",series_alias,2020,history_year,snap_20260913T052653Z_4309094e8fb4,2020-06:liberty-swing-dance-championships-cancelled-due-to-covid-19,history_listing,"Liberty Swing Dance Championships (Cancelled due to Covid-19),listed-liberty-swing-dance-championships-cancelled-due-to-covid-19,wsdc_calendar,review series identity",Historical listing needs a reviewed series alias
"{""candidates"":[],""printed_name"":""Neverland Swing (Cancelled due to Covid-19)"",""year"":2020}",series_alias,2020,history_year,snap_20260913T052653Z_4309094e8fb4,2020-06:neverland-swing-cancelled-due-to-covid-19,history_listing,"Neverland Swing (Cancelled due to Covid-19),listed-neverland-swing-cancelled-due-to-covid-19,wsdc_calendar,review series identity",Historical listing needs a reviewed series alias
"{""candidates"":[],""printed_name"":""Orange Blossom Dance Festival (Cancelled due to Covid-19)"",""year"":2020}",series_alias,2020,history_year,snap_20260913T052653Z_4309094e8fb4,2020-06:orange-blossom-dance-festival-cancelled-due-to-covid-19,history_listing,"Orange Blossom Dance Festival (Cancelled due to Covid-19),listed-orange-blossom-dance-festival-cancelled-due-to-covid-19,wsdc_calendar,review series identity",Historical listing needs a reviewed series alias
"{""candidates"":[""wsdc-321"",""wsdc-331""],""printed_name"":""Swing Fiction"",""year"":2020}",series_alias,2020,history_year,snap_20260913T053303Z_220a0f22f0f6,2020-06:swing-fiction,history_listing,"Swing Fiction,listed-swing-fiction,wsdc_newsletter,review series identity",Historical listing needs a reviewed series alias
"{""candidates"":[],""printed_name"":""Swing Fiction (Cancelled due to Coronavirus)"",""year"":2020}",series_alias,2020,history_year,snap_20260913T052653Z_4309094e8fb4,2020-06:swing-fiction-cancelled-due-to-coronavirus,history_listing,"Swing Fiction (Cancelled due to Coronavirus),listed-swing-fiction-cancelled-due-to-coronavirus,wsdc_calendar,review series identity",Historical listing needs a reviewed series alias
"{""candidates"":[],""printed_name"":""Swingapalooza (Cancelled due to Coronavirus)"",""year"":2020}",series_alias,2020,history_year,snap_20260913T052653Z_4309094e8fb4,2020-06:swingapalooza-cancelled-due-to-coronavirus,history_listing,"Swingapalooza (Cancelled due to Coronavirus),listed-swingapalooza-cancelled-due-to-coronavirus,wsdc_calendar,review series identity",Historical listing needs a reviewed series alias
"{""candidates"":[],""printed_name"":""Florida Dance Magic (Cancelled due to Coronavirus)"",""year"":2020}",series_alias,2020,history_year,snap_20260913T052653Z_4309094e8fb4,2020-07:florida-dance-magic-cancelled-due-to-coronavirus,history_listing,"Florida Dance Magic (Cancelled due to Coronavirus),listed-florida-dance-magic-cancelled-due-to-coronavirus,wsdc_calendar,review series identity",Historical listing needs a reviewed series alias
"{""candidates"":[],""printed_name"":""Midwest Westie Fest (Cancelled due to Covid-19)"",""year"":2020}",series_alias,2020,history_year,snap_20260913T052653Z_4309094e8fb4,2020-07:midwest-westie-fest-cancelled-due-to-covid-19,history_listing,"Midwest Westie Fest (Cancelled due to Covid-19),listed-midwest-westie-fest-cancelled-due-to-covid-19,wsdc_calendar,review series identity",Historical listing needs a reviewed series alias
"{""candidates"":[],""printed_name"":""Phoenix 4th of July (Cancelled due to Covid-19)"",""year"":2020}",series_alias,2020,history_year,snap_20260913T052653Z_4309094e8fb4,2020-07:phoenix-of-july-cancelled-due-to-covid-19,history_listing,"Phoenix 4th of July (Cancelled due to Covid-19),listed-phoenix-of-july-cancelled-due-to-covid-19,wsdc_calendar,review series identity",Historical listing needs a reviewed series alias
"{""candidates"":[],""printed_name"":""Portland Dance Festival (Cancelled due to Covid-19)"",""year"":2020}",series_alias,2020,history_year,snap_20260913T052653Z_4309094e8fb4,2020-07:portland-dance-festival-cancelled-due-to-covid-19,history_listing,"Portland Dance Festival (Cancelled due to Covid-19),listed-portland-dance-festival-cancelled-due-to-covid-19,wsdc_calendar,review series identity",Historical listing needs a reviewed series alias
"{""candidates"":[],""printed_name"":""Rock the Barn (Cancelled due to Covid-19)"",""year"":2020}",series_alias,2020,history_year,snap_20260913T052653Z_4309094e8fb4,2020-07:rock-the-barn-cancelled-due-to-covid-19,history_listing,"Rock the Barn (Cancelled due to Covid-19),listed-rock-the-barn-cancelled-due-to-covid-19,wsdc_calendar,review series identity",Historical listing needs a reviewed series alias
"{""candidates"":[],""printed_name"":""Saint Petersburg WCS Nights (Cancelled due to Covid-19)"",""year"":2020}",series_alias,2020,history_year,snap_20260913T052653Z_4309094e8fb4,2020-07:saint-petersburg-wcs-nights-cancelled-due-to-covid-19,history_listing,"Saint Petersburg WCS Nights (Cancelled due to Covid-19),listed-saint-petersburg-wcs-nights-cancelled-due-to-covid-19,wsdc_calendar,review series identity",Historical listing needs a reviewed series alias
"{""candidates"":[""wsdc-47"",""wsdc-66""],""printed_name"":""Swingtime in the Rockies"",""year"":2020}",series_alias,2020,history_year,snap_20260913T051734Z_2512163ed68e,2020-07:swingtime-in-the-rockies,history_listing,"Swingtime in the Rockies,listed-swingtime-in-the-rockies,wsdc_calendar,review series identity",Historical listing needs a reviewed series alias
"{""candidates"":[],""printed_name"":""Swingtime in the Rockies (Cancelled due to Covid-19)"",""year"":2020}",series_alias,2020,history_year,snap_20260913T052653Z_4309094e8fb4,2020-07:swingtime-in-the-rockies-cancelled-due-to-covid-19,history_listing,"Swingtime in the Rockies (Cancelled due to Covid-19),listed-swingtime-in-the-rockies-cancelled-due-to-covid-19,wsdc_calendar,review series identity",Historical listing needs a reviewed series alias
"{""candidates"":[],""printed_name"":""Toronto Open Swing & Hustle Championships (Cancelled due to Covid-19)"",""year"":2020}",series_alias,2020,history_year,snap_20260913T052653Z_4309094e8fb4,2020-07:toronto-open-swing-hustle-championships-cancelled-due-to-covid-19,history_listing,"Toronto Open Swing & Hustle Championships (Cancelled due to Covid-19),listed-toronto-open-swing-hustle-championships-cancelled-due-to-covid-19,wsdc_calendar,review series identity",Historical listing needs a reviewed series alias
"{""candidates"":[],""printed_name"":""Wild Wild Westie (Cancelled due to Covid-19)"",""year"":2020}",series_alias,2020,history_year,snap_20260913T052653Z_4309094e8fb4,2020-07:wild-wild-westie-cancelled-due-to-covid-19,history_listing,"Wild Wild Westie (Cancelled due to Covid-19),listed-wild-wild-westie-cancelled-due-to-covid-19,wsdc_calendar,review series identity",Historical listing needs a reviewed series alias
"{""candidates"":[],""printed_name"":""Chicagoland Country and Swing Dance Festival (Cancelled due to Covid-19)"",""year"":2020}",series_alias,2020,history_year,snap_20260913T052653Z_4309094e8fb4,2020-08:chicagoland-country-and-swing-dance-festival-cancelled-due-to-covid-19,history_listing,"Chicagoland Country and Swing Dance Festival (Cancelled due to Covid-19),listed-chicagoland-country-and-swing-dance-festival-cancelled-due-to-covid-19,wsdc_calendar,review series identity",Historical listing needs a reviewed series alias
"{""candidates"":[],""printed_name"":""New England Dance Festival (Cancelled due to Covid-19)"",""year"":2020}",series_alias,2020,history_year,snap_20260913T052314Z_cd0f43b0da24,2020-08:new-england-dance-festival-cancelled-due-to-covid-19,history_listing,"New England Dance Festival (Cancelled due to Covid-19),listed-new-england-dance-festival-cancelled-due-to-covid-19,wsdc_calendar,review series identity",Historical listing needs a reviewed series alias
"{""candidates"":[],""printed_name"":""Riga Summer Swing (Cancelled due to Covid-19)"",""year"":2020}",series_alias,2020,history_year,snap_20260913T052653Z_4309094e8fb4,2020-08:riga-summer-swing-cancelled-due-to-covid-19,history_listing,"Riga Summer Swing (Cancelled due to Covid-19),listed-riga-summer-swing-cancelled-due-to-covid-19,wsdc_calendar,review series identity",Historical listing needs a reviewed series alias
"{""candidates"":[],""printed_name"":""Shakedown Swing  (Cancelled due to Covid-19)"",""year"":2020}",series_alias,2020,history_year,snap_20260913T052653Z_4309094e8fb4,2020-08:shakedown-swing-cancelled-due-to-covid-19,history_listing,"Shakedown Swing  (Cancelled due to Covid-19),listed-shakedown-swing-cancelled-due-to-covid-19,wsdc_calendar,review series identity",Historical listing needs a reviewed series alias
"{""candidates"":[],""printed_name"":""Summer Hummer (Cancelled due to Covid-19)"",""year"":2020}",series_alias,2020,history_year,snap_20260913T052653Z_4309094e8fb4,2020-08:summer-hummer-cancelled-due-to-covid-19,history_listing,"Summer Hummer (Cancelled due to Covid-19),listed-summer-hummer-cancelled-due-to-covid-19,wsdc_calendar,review series identity",Historical listing needs a reviewed series alias
"{""candidates"":[],""printed_name"":""Swing Fling Cancelled due to Covid-19)"",""year"":2020}",series_alias,2020,history_year,snap_20260913T052653Z_4309094e8fb4,2020-08:swing-fling-cancelled-due-to-covid-19,history_listing,"Swing Fling Cancelled due to Covid-19),listed-swing-fling-cancelled-due-to-covid-19,wsdc_calendar,review series identity",Historical listing needs a reviewed series alias
"{""candidates"":[],""printed_name"":""Swingtacular: The Galactic Open 2020 (Cancelled due to Covid-19)"",""year"":2020}",series_alias,2020,history_year,snap_20260913T052653Z_4309094e8fb4,2020-08:swingtacular-the-galactic-open-cancelled-due-to-covid-19,history_listing,"Swingtacular: The Galactic Open 2020 (Cancelled due to Covid-19),listed-swingtacular-the-galactic-open-cancelled-due-to-covid-19,wsdc_calendar,review series identity",Historical listing needs a reviewed series alias
"{""candidates"":[],""printed_name"":""The WCS German Open Championships"",""year"":2020}",series_alias,2020,history_year,snap_20260913T051734Z_2512163ed68e,2020-08:the-wcs-german-open-championships,history_listing,"The WCS German Open Championships,listed-the-wcs-german-open-championships,wsdc_calendar,review series identity",Historical listing needs a reviewed series alias
"{""candidates"":[],""printed_name"":""The WCS German Open Championships (Cancelled due to Covid-19)"",""year"":2020}",series_alias,2020,history_year,snap_20260913T052653Z_4309094e8fb4,2020-08:the-wcs-german-open-championships-cancelled-due-to-covid-19,history_listing,"The WCS German Open Championships (Cancelled due to Covid-19),listed-the-wcs-german-open-championships-cancelled-due-to-covid-19,wsdc_calendar,review series identity",Historical listing needs a reviewed series alias
"{""candidates"":[],""printed_name"":""Atlanta Swing Classic (Cancelled due to Covid-19)"",""year"":2020}",series_alias,2020,history_year,snap_20260913T052653Z_4309094e8fb4,2020-09:atlanta-swing-classic-cancelled-due-to-covid-19,history_listing,"Atlanta Swing Classic (Cancelled due to Covid-19),listed-atlanta-swing-classic-cancelled-due-to-covid-19,wsdc_calendar,review series identity",Historical listing needs a reviewed series alias
"{""candidates"":[],""printed_name"":""Austin Rocks 2020 (Cancelled due Covid-19)"",""year"":2020}",series_alias,2020,history_year,snap_20260913T052653Z_4309094e8fb4,2020-09:austin-rocks-cancelled-due-covid-19,history_listing,"Austin Rocks 2020 (Cancelled due Covid-19),listed-austin-rocks-cancelled-due-covid-19,wsdc_calendar,review series identity",Historical listing needs a reviewed series alias
"{""candidates"":[],""printed_name"":""Bavarian Open (Cancelled due to Covid-19)"",""year"":2020}",series_alias,2020,history_year,snap_20260913T052653Z_4309094e8fb4,2020-09:bavarian-open-cancelled-due-to-covid-19,history_listing,"Bavarian Open (Cancelled due to Covid-19),listed-bavarian-open-cancelled-due-to-covid-19,wsdc_calendar,review series identity",Historical listing needs a reviewed series alias
"{""candidates"":[],""printed_name"":""Best of the Best (Cancelleld due to Covid-19)"",""year"":2020}",series_alias,2020,history_year,snap_20260913T052653Z_4309094e8fb4,2020-09:best-of-the-best-cancelleld-due-to-covid-19,history_listing,"Best of the Best (Cancelleld due to Covid-19),listed-best-of-the-best-cancelleld-due-to-covid-19,wsdc_calendar,review series identity",Historical listing needs a reviewed series alias
"{""candidates"":[],""printed_name"":""BridgeTown Swing (Cancelled due to Covid-19)"",""year"":2020}",series_alias,2020,history_year,snap_20260913T052653Z_4309094e8fb4,2020-09:bridgetown-swing-cancelled-due-to-covid-19,history_listing,"BridgeTown Swing (Cancelled due to Covid-19),listed-bridgetown-swing-cancelled-due-to-covid-19,wsdc_calendar,review series identity",Historical listing needs a reviewed series alias
"{""candidates"":[],""printed_name"":""Meet Me in St. Louis Swing Dance Championships (Cancelled due to Covid-19)"",""year"":2020}",series_alias,2020,history_year,snap_20260913T052653Z_4309094e8fb4,2020-09:meet-me-in-st-louis-swing-dance-championships-cancelled-due-to-covid-19,history_listing,"Meet Me in St. Louis Swing Dance Championships (Cancelled due to Covid-19),listed-meet-me-in-st-louis-swing-dance-championships-cancelled-due-to-covid-19,wsdc_calendar,review series identity",Historical listing needs a reviewed series alias
"{""candidates"":[],""printed_name"":""Midland Swing Open (Cancelled due Covid-19)"",""year"":2020}",series_alias,2020,history_year,snap_20260913T052653Z_4309094e8fb4,2020-09:midland-swing-open-cancelled-due-covid-19,history_listing,"Midland Swing Open (Cancelled due Covid-19),listed-midland-swing-open-cancelled-due-covid-19,wsdc_calendar,review series identity",Historical listing needs a reviewed series alias
"{""candidates"":[],""printed_name"":""PHILLY SWING CLASSIC (Cancelled due to Covid-19)"",""year"":2020}",series_alias,2020,history_year,snap_20260913T052653Z_4309094e8fb4,2020-09:philly-swing-classic-cancelled-due-to-covid-19,history_listing,"PHILLY SWING CLASSIC (Cancelled due to Covid-19),listed-philly-swing-classic-cancelled-due-to-covid-19,wsdc_calendar,review series identity",Historical listing needs a reviewed series alias
"{""candidates"":[],""printed_name"":""River City Swing (Cancelled due to Covid-19)"",""year"":2020}",series_alias,2020,history_year,snap_20260913T052653Z_4309094e8fb4,2020-09:river-city-swing-cancelled-due-to-covid-19,history_listing,"River City Swing (Cancelled due to Covid-19),listed-river-city-swing-cancelled-due-to-covid-19,wsdc_calendar,review series identity",Historical listing needs a reviewed series alias
"{""candidates"":[],""printed_name"":""Trilogy Swing (Cancelled due to Covid-19)"",""year"":2020}",series_alias,2020,history_year,snap_20260913T052653Z_4309094e8fb4,2020-09:trilogy-swing-cancelled-due-to-covid-19,history_listing,"Trilogy Swing (Cancelled due to Covid-19),listed-trilogy-swing-cancelled-due-to-covid-19,wsdc_calendar,review series identity",Historical listing needs a reviewed series alias
"{""candidates"":[],""printed_name"":""Boogie By The Bay (Cancelled due to Covid-19)"",""year"":2020}",series_alias,2020,history_year,snap_20260913T052653Z_4309094e8fb4,2020-10:boogie-by-the-bay-cancelled-due-to-covid-19,history_listing,"Boogie By The Bay (Cancelled due to Covid-19),listed-boogie-by-the-bay-cancelled-due-to-covid-19,wsdc_calendar,review series identity",Historical listing needs a reviewed series alias
"{""candidates"":[],""printed_name"":""European Swing Challenge (Cancelled due to Covid-19)"",""year"":2020}",series_alias,2020,history_year,snap_20260913T052314Z_cd0f43b0da24,2020-10:european-swing-challenge-cancelled-due-to-covid-19,history_listing,"European Swing Challenge (Cancelled due to Covid-19),listed-european-swing-challenge-cancelled-due-to-covid-19,wsdc_calendar,review series identity",Historical listing needs a reviewed series alias
"{""candidates"":[],""printed_name"":""Milan Modern Swing (Cancelled due to Covid-19)"",""year"":2020}",series_alias,2020,history_year,snap_20260913T052653Z_4309094e8fb4,2020-10:milan-modern-swing-cancelled-due-to-covid-19,history_listing,"Milan Modern Swing (Cancelled due to Covid-19),listed-milan-modern-swing-cancelled-due-to-covid-19,wsdc_calendar,review series identity",Historical listing needs a reviewed series alias
"{""candidates"":[],""printed_name"":""Montreal Westie Fest (Cancelled due to Covid-19)"",""year"":2020}",series_alias,2020,history_year,snap_20260913T052653Z_4309094e8fb4,2020-10:montreal-westie-fest-cancelled-due-to-covid-19,history_listing,"Montreal Westie Fest (Cancelled due to Covid-19),listed-montreal-westie-fest-cancelled-due-to-covid-19,wsdc_calendar,review series identity",Historical listing needs a reviewed series alias
"{""candidates"":[],""printed_name"":""Norway Westie Fest (Cancelled due to Covid-19)"",""year"":2020}",series_alias,2020,history_year,snap_20260913T052653Z_4309094e8fb4,2020-10:norway-westie-fest-cancelled-due-to-covid-19,history_listing,"Norway Westie Fest (Cancelled due to Covid-19),listed-norway-westie-fest-cancelled-due-to-covid-19,wsdc_calendar,review series identity",Historical listing needs a reviewed series alias
"{""candidates"":[],""printed_name"":""Swustlicious (Cancelled due to Covid-19)"",""year"":2020}",series_alias,2020,history_year,snap_20260913T052653Z_4309094e8fb4,2020-10:swustlicious-cancelled-due-to-covid-19,history_listing,"Swustlicious (Cancelled due to Covid-19),listed-swustlicious-cancelled-due-to-covid-19,wsdc_calendar,review series identity",Historical listing needs a reviewed series alias
"{""candidates"":[],""printed_name"":""WCS Festival (Cancelled due to Covid-19)"",""year"":2020}",series_alias,2020,history_year,snap_20260913T052653Z_4309094e8fb4,2020-10:wcs-festival-cancelled-due-to-covid-19,history_listing,"WCS Festival (Cancelled due to Covid-19),listed-wcs-festival-cancelled-due-to-covid-19,wsdc_calendar,review series identity",Historical listing needs a reviewed series alias
"{""candidates"":[],""printed_name"":""Westcation"",""year"":2020}",series_alias,2020,history_year,snap_20260913T052653Z_4309094e8fb4,2020-10:westcation,history_listing,"Westcation,listed-westcation,wsdc_calendar,review series identity",Historical listing needs a reviewed series alias
"{""candidates"":[],""printed_name"":""Westcation (Trial)"",""year"":2020}",series_alias,2020,history_year,snap_20260913T051833Z_85a8db0d59a5,2020-10:westcation-trial,history_listing,"Westcation (Trial),listed-westcation-trial,wsdc_calendar,review series identity",Historical listing needs a reviewed series alias
"{""candidates"":[],""printed_name"":""5280 Westival (Cancelled due to Covid-19)"",""year"":2020}",series_alias,2020,history_year,snap_20260913T052653Z_4309094e8fb4,2020-11:5280-westival-cancelled-due-to-covid-19,history_listing,"5280 Westival (Cancelled due to Covid-19),listed-5280-westival-cancelled-due-to-covid-19,wsdc_calendar,review series identity",Historical listing needs a reviewed series alias
"{""candidates"":[],""printed_name"":""Autumn Swing Challenge 2020 (Cancelled due to Covid-19)"",""year"":2020}",series_alias,2020,history_year,snap_20260913T052653Z_4309094e8fb4,2020-11:autumn-swing-challenge-cancelled-due-to-covid-19,history_listing,"Autumn Swing Challenge 2020 (Cancelled due to Covid-19),listed-autumn-swing-challenge-cancelled-due-to-covid-19,wsdc_calendar,review series identity",Historical listing needs a reviewed series alias
"{""candidates"":[],""printed_name"":""C.A.S.H. Bash (Cancelled due to Covid-10)"",""year"":2020}",series_alias,2020,history_year,snap_20260913T052353Z_ca327a4a9b2a,2020-11:c-a-s-h-bash-cancelled-due-to-covid-10,history_listing,"C.A.S.H. Bash (Cancelled due to Covid-10),listed-c-a-s-h-bash-cancelled-due-to-covid-10,wsdc_calendar,review series identity",Historical listing needs a reviewed series alias
"{""candidates"":[],""printed_name"":""C.A.S.H. Bash (Cancelled due to Covid-19)"",""year"":2020}",series_alias,2020,history_year,snap_20260913T052653Z_4309094e8fb4,2020-11:c-a-s-h-bash-cancelled-due-to-covid-19,history_listing,"C.A.S.H. Bash (Cancelled due to Covid-19),listed-c-a-s-h-bash-cancelled-due-to-covid-19,wsdc_calendar,review series identity",Historical listing needs a reviewed series alias
"{""candidates"":[],""printed_name"":""Dave Moldover"",""year"":2020}",series_alias,2020,history_year,snap_20260913T051734Z_2512163ed68e,2020-11:dave-moldover,history_listing,"Dave Moldover,listed-dave-moldover,wsdc_calendar,review series identity",Historical listing needs a reviewed series alias
"{""candidates"":[],""printed_name"":""DC Swing eXperience (DCSX) (Cancelled due to Covid-19)"",""year"":2020}",series_alias,2020,history_year,snap_20260913T052653Z_4309094e8fb4,2020-11:dc-swing-experience-dcsx-cancelled-due-to-covid-19,history_listing,"DC Swing eXperience (DCSX) (Cancelled due to Covid-19),listed-dc-swing-experience-dcsx-cancelled-due-to-covid-19,wsdc_calendar,review series identity",Historical listing needs a reviewed series alias
"{""candidates"":[],""printed_name"":""Halloween SwingThing (Cancelled due to Covid-19)"",""year"":2020}",series_alias,2020,history_year,snap_20260913T052653Z_4309094e8fb4,2020-11:halloween-swingthing-cancelled-due-to-covid-19,history_listing,"Halloween SwingThing (Cancelled due to Covid-19),listed-halloween-swingthing-cancelled-due-to-covid-19,wsdc_calendar,review series identity",Historical listing needs a reviewed series alias
"{""candidates"":[],""printed_name"":""London SWINGvitational (Cancelled due to Covid-19)"",""year"":2020}",series_alias,2020,history_year,snap_20260913T052653Z_4309094e8fb4,2020-11:london-swingvitational-cancelled-due-to-covid-19,history_listing,"London SWINGvitational (Cancelled due to Covid-19),listed-london-swingvitational-cancelled-due-to-covid-19,wsdc_calendar,review series identity",Historical listing needs a reviewed series alias
"{""candidates"":[],""printed_name"":""Mountain Magic Dance Convention 2020 (Cancelled due to Covid-19)"",""year"":2020}",series_alias,2020,history_year,snap_20260913T052653Z_4309094e8fb4,2020-11:mountain-magic-dance-convention-cancelled-due-to-covid-19,history_listing,"Mountain Magic Dance Convention 2020 (Cancelled due to Covid-19),listed-mountain-magic-dance-convention-cancelled-due-to-covid-19,wsdc_calendar,review series identity",Historical listing needs a reviewed series alias
"{""candidates"":[],""printed_name"":""Sea to Sky (Cancelled due to Covid-19)"",""year"":2020}",series_alias,2020,history_year,snap_20260913T052653Z_4309094e8fb4,2020-11:sea-to-sky-cancelled-due-to-covid-19,history_listing,"Sea to Sky (Cancelled due to Covid-19),listed-sea-to-sky-cancelled-due-to-covid-19,wsdc_calendar,review series identity",Historical listing needs a reviewed series alias
"{""candidates"":[],""printed_name"":""Simply Adelaide"",""year"":2020}",series_alias,2020,history_year,snap_20260913T053303Z_220a0f22f0f6,2020-11:simply-adelaide,history_listing,"Simply Adelaide,listed-simply-adelaide,wsdc_newsletter,review series identity",Historical listing needs a reviewed series alias
"{""candidates"":[""wsdc-325"",""wsdc-330""],""printed_name"":""Simply Adelaide West Coast Swing"",""year"":2020}",series_alias,2020,history_year,snap_20260913T052653Z_4309094e8fb4,2020-11:simply-adelaide-west-coast-swing,history_listing,"Simply Adelaide West Coast Swing,listed-simply-adelaide-west-coast-swing,wsdc_calendar,review series identity",Historical listing needs a reviewed series alias
"{""candidates"":[],""printed_name"":""Swing City Chicago (Cancelled due to Covid-19)"",""year"":2020}",series_alias,2020,history_year,snap_20260913T052653Z_4309094e8fb4,2020-11:swing-city-chicago-cancelled-due-to-covid-19,history_listing,"Swing City Chicago (Cancelled due to Covid-19),listed-swing-city-chicago-cancelled-due-to-covid-19,wsdc_calendar,review series identity",Historical listing needs a reviewed series alias
"{""candidates"":[],""printed_name"":""Tampa Bay Classic (Cancelled due to Covid-19)"",""year"":2020}",series_alias,2020,history_year,snap_20260913T052653Z_4309094e8fb4,2020-11:tampa-bay-classic-cancelled-due-to-covid-19,history_listing,"Tampa Bay Classic (Cancelled due to Covid-19),listed-tampa-bay-classic-cancelled-due-to-covid-19,wsdc_calendar,review series identity",Historical listing needs a reviewed series alias
"{""candidates"":[],""printed_name"":""US OPEN SWING DANCE CHAMPIONSHIPS, INC (Cancelled due to Covid-19)"",""year"":2020}",series_alias,2020,history_year,snap_20260913T052653Z_4309094e8fb4,2020-11:us-open-swing-dance-championships-inc-cancelled-due-to-covid-19,history_listing,"US OPEN SWING DANCE CHAMPIONSHIPS, INC (Cancelled due to Covid-19),listed-us-open-swing-dance-championships-inc-cancelled-due-to-covid-19,wsdc_calendar,review series identity",Historical listing needs a reviewed series alias
"{""candidates"":[],""printed_name"":""Warsaw Halloween Swing (Cancelled due to Covid-19)"",""year"":2020}",series_alias,2020,history_year,snap_20260913T052653Z_4309094e8fb4,2020-11:warsaw-halloween-swing-cancelled-due-to-covid-19,history_listing,"Warsaw Halloween Swing (Cancelled due to Covid-19),listed-warsaw-halloween-swing-cancelled-due-to-covid-19,wsdc_calendar,review series identity",Historical listing needs a reviewed series alias
"{""candidates"":[],""printed_name"":""Westie on the Water"",""year"":2020}",series_alias,2020,history_year,snap_20260913T053303Z_220a0f22f0f6,2020-11:westie-on-the-water,history_listing,"Westie on the Water,listed-westie-on-the-water,wsdc_newsletter,review series identity",Historical listing needs a reviewed series alias
"{""candidates"":[],""printed_name"":""Berlin Swing Revolution (Cancelled due to Covid-19)"",""year"":2020}",series_alias,2020,history_year,snap_20260913T052653Z_4309094e8fb4,2020-12:berlin-swing-revolution-cancelled-due-to-covid-19,history_listing,"Berlin Swing Revolution (Cancelled due to Covid-19),listed-berlin-swing-revolution-cancelled-due-to-covid-19,wsdc_calendar,review series identity",Historical listing needs a reviewed series alias
"{""candidates"":[],""printed_name"":""Upstate Dance Challenge (Cancelled due to Covid-19)"",""year"":2020}",series_alias,2020,history_year,snap_20260913T052653Z_4309094e8fb4,2020-12:upstate-dance-challenge-cancelled-due-to-covid-19,history_listing,"Upstate Dance Challenge (Cancelled due to Covid-19),listed-upstate-dance-challenge-cancelled-due-to-covid-19,wsdc_calendar,review series identity",Historical listing needs a reviewed series alias
"{""candidates"":[],""printed_name"":""Winter White (Cancelled due to Covid-19)"",""year"":2020}",series_alias,2020,history_year,snap_20260913T052653Z_4309094e8fb4,2020-12:winter-white-cancelled-due-to-covid-19,history_listing,"Winter White (Cancelled due to Covid-19),listed-winter-white-cancelled-due-to-covid-19,wsdc_calendar,review series identity",Historical listing needs a reviewed series alias
"{""date_spans"":[[""2021-10-28"",""2021-10-28""],[""2021-10-28"",""2021-11-01""]],""year"":2021}",event_alias,2021,history_year,,2021-10-warsaw-halloween-swing,event,,Multiple dated editions match one registry occurrence
"{""candidates"":[],""printed_name"":""Austin Swing Dance Championships (Cancelled due to Covid-19)"",""year"":2021}",series_alias,2021,history_year,snap_20260913T052653Z_4309094e8fb4,2021-01:austin-swing-dance-championships-cancelled-due-to-covid-19,history_listing,"Austin Swing Dance Championships (Cancelled due to Covid-19),listed-austin-swing-dance-championships-cancelled-due-to-covid-19,wsdc_calendar,review series identity",Historical listing needs a reviewed series alias
"{""candidates"":[""wsdc-334"",""wsdc-39""],""printed_name"":""Countdown Swing Boston"",""year"":2021}",series_alias,2021,history_year,snap_20260913T052653Z_4309094e8fb4,2021-01:countdown-swing-boston,history_listing,"Countdown Swing Boston,listed-countdown-swing-boston,wsdc_calendar,review series identity",Historical listing needs a reviewed series alias
"{""candidates"":[],""printed_name"":""Floor Play Swing Vacation (Cancelled due to Covid-19)"",""year"":2021}",series_alias,2021,history_year,snap_20260913T052653Z_4309094e8fb4,2021-01:floor-play-swing-vacation-cancelled-due-to-covid-19,history_listing,"Floor Play Swing Vacation (Cancelled due to Covid-19),listed-floor-play-swing-vacation-cancelled-due-to-covid-19,wsdc_calendar,review series identity",Historical listing needs a reviewed series alias
"{""candidates"":[],""printed_name"":""Freedom Swing Dance Challenge (Cancelled due to Covid-19)"",""year"":2021}",series_alias,2021,history_year,snap_20260913T052653Z_4309094e8fb4,2021-01:freedom-swing-dance-challenge-cancelled-due-to-covid-19,history_listing,"Freedom Swing Dance Challenge (Cancelled due to Covid-19),listed-freedom-swing-dance-challenge-cancelled-due-to-covid-19,wsdc_calendar,review series identity",Historical listing needs a reviewed series alias
"{""candidates"":[],""printed_name"":""Municorn Swing (Cancelled due to Covid-19)"",""year"":2021}",series_alias,2021,history_year,snap_20260913T052653Z_4309094e8fb4,2021-01:municorn-swing-cancelled-due-to-covid-19,history_listing,"Municorn Swing (Cancelled due to Covid-19),listed-municorn-swing-cancelled-due-to-covid-19,wsdc_calendar,review series identity",Historical listing needs a reviewed series alias
"{""candidates"":[],""printed_name"":""New Year's Swing Fling 2020 (Cancelled due to Covid-19)"",""year"":2021}",series_alias,2021,history_year,snap_20260913T052653Z_4309094e8fb4,2021-01:new-year-s-swing-fling-cancelled-due-to-covid-19,history_listing,"New Year's Swing Fling 2020 (Cancelled due to Covid-19),listed-new-year-s-swing-fling-cancelled-due-to-covid-19,wsdc_calendar,review series identity",Historical listing needs a reviewed series alias
"{""candidates"":[],""printed_name"":""Swing Resolution (Cancelled due to Covid-19)"",""year"":2021}",series_alias,2021,history_year,snap_20260913T052653Z_4309094e8fb4,2021-01:swing-resolution-cancelled-due-to-covid-19,history_listing,"Swing Resolution (Cancelled due to Covid-19),listed-swing-resolution-cancelled-due-to-covid-19,wsdc_calendar,review series identity",Historical listing needs a reviewed series alias
"{""candidates"":[],""printed_name"":""SwingCouver (cancelled due to Covid-19)"",""year"":2021}",series_alias,2021,history_year,snap_20260913T052653Z_4309094e8fb4,2021-01:swingcouver-cancelled-due-to-covid-19,history_listing,"SwingCouver (cancelled due to Covid-19),listed-swingcouver-cancelled-due-to-covid-19,wsdc_calendar,review series identity",Historical listing needs a reviewed series alias
"{""candidates"":[],""printed_name"":""Swingvester (Cancelled due to Covid-19)"",""year"":2021}",series_alias,2021,history_year,snap_20260913T052653Z_4309094e8fb4,2021-01:swingvester-cancelled-due-to-covid-19,history_listing,"Swingvester (Cancelled due to Covid-19),listed-swingvester-cancelled-due-to-covid-19,wsdc_calendar,review series identity",Historical listing needs a reviewed series alias
"{""candidates"":[],""printed_name"":""Capital Swing Dance Convention (Cancelled due to Covid-19)"",""year"":2021}",series_alias,2021,history_year,snap_20260913T052653Z_4309094e8fb4,2021-02:capital-swing-dance-convention-cancelled-due-to-covid-19,history_listing,"Capital Swing Dance Convention (Cancelled due to Covid-19),listed-capital-swing-dance-convention-cancelled-due-to-covid-19,wsdc_calendar,review series identity",Historical listing needs a reviewed series alias
"{""candidates"":[],""printed_name"":""Charlotte Westie Fest (Cancelled due to Covid-19)"",""year"":2021}",series_alias,2021,history_year,snap_20260913T052653Z_4309094e8fb4,2021-02:charlotte-westie-fest-cancelled-due-to-covid-19,history_listing,"Charlotte Westie Fest (Cancelled due to Covid-19),listed-charlotte-westie-fest-cancelled-due-to-covid-19,wsdc_calendar,review series identity",Historical listing needs a reviewed series alias
"{""candidates"":[],""printed_name"":""Dance Camp Chicago (Cancelled due to Covid 19)"",""year"":2021}",series_alias,2021,history_year,snap_20260913T052653Z_4309094e8fb4,2021-02:dance-camp-chicago-cancelled-due-to-covid-19,history_listing,"Dance Camp Chicago (Cancelled due to Covid 19),listed-dance-camp-chicago-cancelled-due-to-covid-19,wsdc_calendar,review series identity",Historical listing needs a reviewed series alias
"{""candidates"":[],""printed_name"":""Rose City Swing (Cancelled due to Covid-19)"",""year"":2021}",series_alias,2021,history_year,snap_20260913T052653Z_4309094e8fb4,2021-02:rose-city-swing-cancelled-due-to-covid-19,history_listing,"Rose City Swing (Cancelled due to Covid-19),listed-rose-city-swing-cancelled-due-to-covid-19,wsdc_calendar,review series identity",Historical listing needs a reviewed series alias
"{""candidates"":[],""printed_name"":""Swingtzerland (Cancelled due to Covid-19)"",""year"":2021}",series_alias,2021,history_year,snap_20260913T052653Z_4309094e8fb4,2021-02:swingtzerland-cancelled-due-to-covid-19,history_listing,"Swingtzerland (Cancelled due to Covid-19),listed-swingtzerland-cancelled-due-to-covid-19,wsdc_calendar,review series identity",Historical listing needs a reviewed series alias
"{""candidates"":[],""printed_name"":""WesterOz Swing (Cancelled due to Covid-19)"",""year"":2021}",series_alias,2021,history_year,snap_20260913T052653Z_4309094e8fb4,2021-02:westeroz-swing-cancelled-due-to-covid-19,history_listing,"WesterOz Swing (Cancelled due to Covid-19),listed-westeroz-swing-cancelled-due-to-covid-19,wsdc_calendar,review series identity",Historical listing needs a reviewed series alias
"{""candidates"":[],""printed_name"":""Winter Coast Swing (Cancelled due to Covid-19)"",""year"":2021}",series_alias,2021,history_year,snap_20260913T052653Z_4309094e8fb4,2021-02:winter-coast-swing-cancelled-due-to-covid-19,history_listing,"Winter Coast Swing (Cancelled due to Covid-19),listed-winter-coast-swing-cancelled-due-to-covid-19,wsdc_calendar,review series identity",Historical listing needs a reviewed series alias
"{""candidates"":[],""printed_name"":""All Star Swingjam (Cancelled due to Covid-19)"",""year"":2021}",series_alias,2021,history_year,snap_20260913T052653Z_4309094e8fb4,2021-03:all-star-swingjam-cancelled-due-to-covid-19,history_listing,"All Star Swingjam (Cancelled due to Covid-19),listed-all-star-swingjam-cancelled-due-to-covid-19,wsdc_calendar,review series identity",Historical listing needs a reviewed series alias
"{""candidates"":[],""printed_name"":""Boston Tea Party (Cancelled due to Covid-19)"",""year"":2021}",series_alias,2021,history_year,snap_20260913T052653Z_4309094e8fb4,2021-03:boston-tea-party-cancelled-due-to-covid-19,history_listing,"Boston Tea Party (Cancelled due to Covid-19),listed-boston-tea-party-cancelled-due-to-covid-19,wsdc_calendar,review series identity",Historical listing needs a reviewed series alias
"{""candidates"":[],""printed_name"":""City of Angels Swing"",""year"":2021}",series_alias,2021,history_year,snap_20260913T052054Z_f2004ad7080a,2021-03:city-of-angels-swing,history_listing,"City of Angels Swing,listed-city-of-angels-swing,wsdc_calendar,review series identity",Historical listing needs a reviewed series alias
"{""candidates"":[],""printed_name"":""City of Angels Swing( Cancelled due to Covid-19)"",""year"":2021}",series_alias,2021,history_year,snap_20260913T052653Z_4309094e8fb4,2021-03:city-of-angels-swing-cancelled-due-to-covid-19,history_listing,"City of Angels Swing( Cancelled due to Covid-19),listed-city-of-angels-swing-cancelled-due-to-covid-19,wsdc_calendar,review series identity",Historical listing needs a reviewed series alias
"{""candidates"":[],""printed_name"":""Dutch Open West Coast Swing (Cancelled due to Covid-19)"",""year"":2021}",series_alias,2021,history_year,snap_20260913T052653Z_4309094e8fb4,2021-03:dutch-open-west-coast-swing-cancelled-due-to-covid-19,history_listing,"Dutch Open West Coast Swing (Cancelled due to Covid-19),listed-dutch-open-west-coast-swing-cancelled-due-to-covid-19,wsdc_calendar,review series identity",Historical listing needs a reviewed series alias
"{""candidates"":[],""printed_name"":""High Desert Dance Classic (Virtual 1-Day))"",""year"":2021}",series_alias,2021,history_year,snap_20260913T052653Z_4309094e8fb4,2021-03:high-desert-dance-classic-virtual-1-day,history_listing,"High Desert Dance Classic (Virtual 1-Day)),listed-high-desert-dance-classic-virtual-1-day,wsdc_calendar,review series identity",Historical listing needs a reviewed series alias
"{""candidates"":[],""printed_name"":""MId Atlantic Dance Jam (MADjam)(Cancelled due to Covid-19)"",""year"":2021}",series_alias,2021,history_year,snap_20260913T052653Z_4309094e8fb4,2021-03:mid-atlantic-dance-jam-madjam-cancelled-due-to-covid-19,history_listing,"MId Atlantic Dance Jam (MADjam)(Cancelled due to Covid-19),listed-mid-atlantic-dance-jam-madjam-cancelled-due-to-covid-19,wsdc_calendar,review series identity",Historical listing needs a reviewed series alias
"{""candidates"":[],""printed_name"":""Novice Invitational (Cancelled due to Covid-19)"",""year"":2021}",series_alias,2021,history_year,snap_20260913T052653Z_4309094e8fb4,2021-03:novice-invitational-cancelled-due-to-covid-19,history_listing,"Novice Invitational (Cancelled due to Covid-19),listed-novice-invitational-cancelled-due-to-covid-19,wsdc_calendar,review series identity",Historical listing needs a reviewed series alias
"{""candidates"":[],""printed_name"":""The Chicago Classic (Cancelled due to Covid-19)"",""year"":2021}",series_alias,2021,history_year,snap_20260913T052653Z_4309094e8fb4,2021-03:the-chicago-classic-cancelled-due-to-covid-19,history_listing,"The Chicago Classic (Cancelled due to Covid-19),listed-the-chicago-classic-cancelled-due-to-covid-19,wsdc_calendar,review series identity",Historical listing needs a reviewed series alias
"{""candidates"":[],""printed_name"":""West in Lyon (Cancelled due to Covid-19)"",""year"":2021}",series_alias,2021,history_year,snap_20260913T052653Z_4309094e8fb4,2021-03:west-in-lyon-cancelled-due-to-covid-19,history_listing,"West in Lyon (Cancelled due to Covid-19),listed-west-in-lyon-cancelled-due-to-covid-19,wsdc_calendar,review series identity",Historical listing needs a reviewed series alias
"{""candidates"":[],""printed_name"":""BTO Open (Cancelled due to Covid-19)"",""year"":2021}",series_alias,2021,history_year,snap_20260913T052653Z_4309094e8fb4,2021-04:bto-open-cancelled-due-to-covid-19,history_listing,"BTO Open (Cancelled due to Covid-19),listed-bto-open-cancelled-due-to-covid-19,wsdc_calendar,review series identity",Historical listing needs a reviewed series alias
"{""candidates"":[],""printed_name"":""Calgary Dance Stampede (Canceled due to Covid-19)"",""year"":2021}",series_alias,2021,history_year,snap_20260913T052653Z_4309094e8fb4,2021-04:calgary-dance-stampede-canceled-due-to-covid-19,history_listing,"Calgary Dance Stampede (Canceled due to Covid-19),listed-calgary-dance-stampede-canceled-due-to-covid-19,wsdc_calendar,review series identity",Historical listing needs a reviewed series alias
"{""candidates"":[],""printed_name"":""Calgary Dance Stampede (Canceled due to Covid-19) (Trial)"",""year"":2021}",series_alias,2021,history_year,snap_20260913T052154Z_1104e248a2f1,2021-04:calgary-dance-stampede-canceled-due-to-covid-19-trial,history_listing,"Calgary Dance Stampede (Canceled due to Covid-19) (Trial),listed-calgary-dance-stampede-canceled-due-to-covid-19-trial,wsdc_calendar,review series identity",Historical listing needs a reviewed series alias
"{""candidates"":[],""printed_name"":""Calgary Dance Stampede (Trial)"",""year"":2021}",series_alias,2021,history_year,snap_20260913T052023Z_35ecb3c663ec,2021-04:calgary-dance-stampede-trial,history_listing,"Calgary Dance Stampede (Trial),listed-calgary-dance-stampede-trial,wsdc_calendar,review series identity",Historical listing needs a reviewed series alias
"{""candidates"":[],""printed_name"":""Easter Swing (Cancelled due to Covid-19)"",""year"":2021}",series_alias,2021,history_year,snap_20260913T052653Z_4309094e8fb4,2021-04:easter-swing-cancelled-due-to-covid-19,history_listing,"Easter Swing (Cancelled due to Covid-19),listed-easter-swing-cancelled-due-to-covid-19,wsdc_calendar,review series identity",Historical listing needs a reviewed series alias
"{""candidates"":[],""printed_name"":""San Diego Dance Festival (Cancelled due to Covid-19)"",""year"":2021}",series_alias,2021,history_year,snap_20260913T052653Z_4309094e8fb4,2021-04:san-diego-dance-festival-cancelled-due-to-covid-19,history_listing,"San Diego Dance Festival (Cancelled due to Covid-19),listed-san-diego-dance-festival-cancelled-due-to-covid-19,wsdc_calendar,review series identity",Historical listing needs a reviewed series alias
"{""candidates"":[],""printed_name"":""Swing Dance America (Cancelled due to Covid-19)"",""year"":2021}",series_alias,2021,history_year,snap_20260913T052653Z_4309094e8fb4,2021-04:swing-dance-america-cancelled-due-to-covid-19,history_listing,"Swing Dance America (Cancelled due to Covid-19),listed-swing-dance-america-cancelled-due-to-covid-19,wsdc_calendar,review series identity",Historical listing needs a reviewed series alias
"{""candidates"":[],""printed_name"":""Swing Over Orlando (Cancelled due to Covid-19)"",""year"":2021}",series_alias,2021,history_year,snap_20260913T052653Z_4309094e8fb4,2021-04:swing-over-orlando-cancelled-due-to-covid-19,history_listing,"Swing Over Orlando (Cancelled due to Covid-19),listed-swing-over-orlando-cancelled-due-to-covid-19,wsdc_calendar,review series identity",Historical listing needs a reviewed series alias
"{""candidates"":[],""printed_name"":""Tulsa Spring Swing (Cancelled due to Covid-19)"",""year"":2021}",series_alias,2021,history_year,snap_20260913T052653Z_4309094e8fb4,2021-04:tulsa-spring-swing-cancelled-due-to-covid-19,history_listing,"Tulsa Spring Swing (Cancelled due to Covid-19),listed-tulsa-spring-swing-cancelled-due-to-covid-19,wsdc_calendar,review series identity",Historical listing needs a reviewed series alias
"{""candidates"":[],""printed_name"":""UK & European WCS Championships (Canceled due to Covid-19)"",""year"":2021}",series_alias,2021,history_year,snap_20260913T052653Z_4309094e8fb4,2021-04:uk-european-wcs-championships-canceled-due-to-covid-19,history_listing,"UK & European WCS Championships (Canceled due to Covid-19),listed-uk-european-wcs-championships-canceled-due-to-covid-19,wsdc_calendar,review series identity",Historical listing needs a reviewed series alias
"{""candidates"":[],""printed_name"":""Westy Nantes (Cancelled due to Covid-19)"",""year"":2021}",series_alias,2021,history_year,snap_20260913T052653Z_4309094e8fb4,2021-04:westy-nantes-cancelled-due-to-covid-19,history_listing,"Westy Nantes (Cancelled due to Covid-19),listed-westy-nantes-cancelled-due-to-covid-19,wsdc_calendar,review series identity",Historical listing needs a reviewed series alias
"{""candidates"":[],""printed_name"":""KIWI Fest (Cancelled due to Covid-19)"",""year"":2021}",series_alias,2021,history_year,snap_20260913T052653Z_4309094e8fb4,2021-05:kiwi-fest-cancelled-due-to-covid-19,history_listing,"KIWI Fest (Cancelled due to Covid-19),listed-kiwi-fest-cancelled-due-to-covid-19,wsdc_calendar,review series identity",Historical listing needs a reviewed series alias
"{""candidates"":[],""printed_name"":""Mad Mad West (Cancelled Due to Covid-19)"",""year"":2021}",series_alias,2021,history_year,snap_20260913T052653Z_4309094e8fb4,2021-05:mad-mad-west-cancelled-due-to-covid-19,history_listing,"Mad Mad West (Cancelled Due to Covid-19),listed-mad-mad-west-cancelled-due-to-covid-19,wsdc_calendar,review series identity",Historical listing needs a reviewed series alias
"{""candidates"":[],""printed_name"":""Michigan Swing Dance Champs (Cancelled due to Covid-19)"",""year"":2021}",series_alias,2021,history_year,snap_20260913T052653Z_4309094e8fb4,2021-05:michigan-swing-dance-champs-cancelled-due-to-covid-19,history_listing,"Michigan Swing Dance Champs (Cancelled due to Covid-19),listed-michigan-swing-dance-champs-cancelled-due-to-covid-19,wsdc_calendar,review series identity",Historical listing needs a reviewed series alias
"{""candidates"":[],""printed_name"":""SOswing (Cancelled due to Coronavirus)"",""year"":2021}",series_alias,2021,history_year,snap_20260913T052653Z_4309094e8fb4,2021-05:soswing-cancelled-due-to-coronavirus,history_listing,"SOswing (Cancelled due to Coronavirus),listed-soswing-cancelled-due-to-coronavirus,wsdc_calendar,review series identity",Historical listing needs a reviewed series alias
"{""candidates"":[],""printed_name"":""USA Grand National Dance Championship (Cancelled due to Covid-19)"",""year"":2021}",series_alias,2021,history_year,snap_20260913T052653Z_4309094e8fb4,2021-05:usa-grand-national-dance-championship-cancelled-due-to-covid-19,history_listing,"USA Grand National Dance Championship (Cancelled due to Covid-19),listed-usa-grand-national-dance-championship-cancelled-due-to-covid-19,wsdc_calendar,review series identity",Historical listing needs a reviewed series alias
"{""candidates"":[],""printed_name"":""Baltic Swing (Cancelled due to Covid-19)"",""year"":2021}",series_alias,2021,history_year,snap_20260913T052653Z_4309094e8fb4,2021-06:baltic-swing-cancelled-due-to-covid-19,history_listing,"Baltic Swing (Cancelled due to Covid-19),listed-baltic-swing-cancelled-due-to-covid-19,wsdc_calendar,review series identity",Historical listing needs a reviewed series alias
"{""candidates"":[],""printed_name"":""D-Townswing (Cancelleld due to Covid-19)"",""year"":2021}",series_alias,2021,history_year,snap_20260913T052653Z_4309094e8fb4,2021-06:d-townswing-cancelleld-due-to-covid-19,history_listing,"D-Townswing (Cancelleld due to Covid-19),listed-d-townswing-cancelleld-due-to-covid-19,wsdc_calendar,review series identity",Historical listing needs a reviewed series alias
"{""candidates"":[],""printed_name"":""Finnfest (Cancelled due to Covid-19)"",""year"":2021}",series_alias,2021,history_year,snap_20260913T052653Z_4309094e8fb4,2021-06:finnfest-cancelled-due-to-covid-19,history_listing,"Finnfest (Cancelled due to Covid-19),listed-finnfest-cancelled-due-to-covid-19,wsdc_calendar,review series identity",Historical listing needs a reviewed series alias
"{""candidates"":[],""printed_name"":""Jack & Jill O'Rama (Cancelled due to Covid-19)"",""year"":2021}",series_alias,2021,history_year,snap_20260913T052653Z_4309094e8fb4,2021-06:jack-jill-o-rama-cancelled-due-to-covid-19,history_listing,"Jack & Jill O'Rama (Cancelled due to Covid-19),listed-jack-jill-o-rama-cancelled-due-to-covid-19,wsdc_calendar,review series identity",Historical listing needs a reviewed series alias
"{""candidates"":[],""printed_name"":""Korea Westival (Cancelled due to Covid-19)"",""year"":2021}",series_alias,2021,history_year,snap_20260913T052653Z_4309094e8fb4,2021-06:korea-westival-cancelled-due-to-covid-19,history_listing,"Korea Westival (Cancelled due to Covid-19),listed-korea-westival-cancelled-due-to-covid-19,wsdc_calendar,review series identity",Historical listing needs a reviewed series alias
"{""candidates"":[],""printed_name"":""Liberty Swing Dance Championships (Cancelled due to Covid-19)"",""year"":2021}",series_alias,2021,history_year,snap_20260913T052653Z_4309094e8fb4,2021-06:liberty-swing-dance-championships-cancelled-due-to-covid-19,history_listing,"Liberty Swing Dance Championships (Cancelled due to Covid-19),listed-liberty-swing-dance-championships-cancelled-due-to-covid-19,wsdc_calendar,review series identity",Historical listing needs a reviewed series alias
"{""candidates"":[],""printed_name"":""Swing Fiction (Cancelled due to Covid-19)"",""year"":2021}",series_alias,2021,history_year,snap_20260913T052610Z_9b5425eda664,2021-06:swing-fiction-cancelled-due-to-covid-19,history_listing,"Swing Fiction (Cancelled due to Covid-19),listed-swing-fiction-cancelled-due-to-covid-19,wsdc_calendar,review series identity",Historical listing needs a reviewed series alias
"{""candidates"":[],""printed_name"":""Swingapalooza (Cancelled due to Covid-19)"",""year"":2021}",series_alias,2021,history_year,snap_20260913T052653Z_4309094e8fb4,2021-06:swingapalooza-cancelled-due-to-covid-19,history_listing,"Swingapalooza (Cancelled due to Covid-19),listed-swingapalooza-cancelled-due-to-covid-19,wsdc_calendar,review series identity",Historical listing needs a reviewed series alias
"{""candidates"":[],""printed_name"":""Florida Dance Magic (Cancelled due to Covid-19)"",""year"":2021}",series_alias,2021,history_year,snap_20260913T052653Z_4309094e8fb4,2021-07:florida-dance-magic-cancelled-due-to-covid-19,history_listing,"Florida Dance Magic (Cancelled due to Covid-19),listed-florida-dance-magic-cancelled-due-to-covid-19,wsdc_calendar,review series identity",Historical listing needs a reviewed series alias
"{""candidates"":[],""printed_name"":""Midwest Westie Fest (Cancelled due to Covid-19)"",""year"":2021}",series_alias,2021,history_year,snap_20260913T052653Z_4309094e8fb4,2021-07:midwest-westie-fest-cancelled-due-to-covid-19,history_listing,"Midwest Westie Fest (Cancelled due to Covid-19),listed-midwest-westie-fest-cancelled-due-to-covid-19,wsdc_calendar,review series identity",Historical listing needs a reviewed series alias
"{""candidates"":[],""printed_name"":""Phoenix 4th of July (Cancelled due to Covid-19)"",""year"":2021}",series_alias,2021,history_year,snap_20260913T052653Z_4309094e8fb4,2021-07:phoenix-of-july-cancelled-due-to-covid-19,history_listing,"Phoenix 4th of July (Cancelled due to Covid-19),listed-phoenix-of-july-cancelled-due-to-covid-19,wsdc_calendar,review series identity",Historical listing needs a reviewed series alias
"{""candidates"":[],""printed_name"":""Rock The Barn (Cancelled due to Covid-19)"",""year"":2021}",series_alias,2021,history_year,snap_20260913T052653Z_4309094e8fb4,2021-07:rock-the-barn-cancelled-due-to-covid-19,history_listing,"Rock The Barn (Cancelled due to Covid-19),listed-rock-the-barn-cancelled-due-to-covid-19,wsdc_calendar,review series identity",Historical listing needs a reviewed series alias
"{""candidates"":[],""printed_name"":""SwingTime (Cancelled due to Covid-19)"",""year"":2021}",series_alias,2021,history_year,snap_20260913T052653Z_4309094e8fb4,2021-07:swingtime-cancelled-due-to-covid-19,history_listing,"SwingTime (Cancelled due to Covid-19),listed-swingtime-cancelled-due-to-covid-19,wsdc_calendar,review series identity",Historical listing needs a reviewed series alias
"{""candidates"":[],""printed_name"":""Toronto Open Swing & Hustle Championships (Cancelled due to Covid-19)"",""year"":2021}",series_alias,2021,history_year,snap_20260913T052653Z_4309094e8fb4,2021-07:toronto-open-swing-hustle-championships-cancelled-due-to-covid-19,history_listing,"Toronto Open Swing & Hustle Championships (Cancelled due to Covid-19),listed-toronto-open-swing-hustle-championships-cancelled-due-to-covid-19,wsdc_calendar,review series identity",Historical listing needs a reviewed series alias
"{""candidates"":[],""printed_name"":""Kazan EL Fest (Cancelled due to Covid-19)"",""year"":2021}",series_alias,2021,history_year,snap_20260913T052653Z_4309094e8fb4,2021-08:kazan-el-fest-cancelled-due-to-covid-19,history_listing,"Kazan EL Fest (Cancelled due to Covid-19),listed-kazan-el-fest-cancelled-due-to-covid-19,wsdc_calendar,review series identity",Historical listing needs a reviewed series alias
"{""candidates"":[],""printed_name"":""New England Dance Festival (Cancelled due to Covid-19)"",""year"":2021}",series_alias,2021,history_year,snap_20260913T052653Z_4309094e8fb4,2021-08:new-england-dance-festival-cancelled-due-to-covid-19,history_listing,"New England Dance Festival (Cancelled due to Covid-19),listed-new-england-dance-festival-cancelled-due-to-covid-19,wsdc_calendar,review series identity",Historical listing needs a reviewed series alias
"{""candidates"":[],""printed_name"":""Riga Summer Swing (Cancelled due to Covid-19)"",""year"":2021}",series_alias,2021,history_year,snap_20260913T052653Z_4309094e8fb4,2021-08:riga-summer-swing-cancelled-due-to-covid-19,history_listing,"Riga Summer Swing (Cancelled due to Covid-19),listed-riga-summer-swing-cancelled-due-to-covid-19,wsdc_calendar,review series identity",Historical listing needs a reviewed series alias
"{""candidates"":[],""printed_name"":""Sea Sun and Swing (Cancelled due to Covid-19)"",""year"":2021}",series_alias,2021,history_year,snap_20260913T052653Z_4309094e8fb4,2021-08:sea-sun-and-swing-cancelled-due-to-covid-19,history_listing,"Sea Sun and Swing (Cancelled due to Covid-19),listed-sea-sun-and-swing-cancelled-due-to-covid-19,wsdc_calendar,review series identity",Historical listing needs a reviewed series alias
"{""candidates"":[],""printed_name"":""Summer Hummer (Cancelled due to Covid-19)"",""year"":2021}",series_alias,2021,history_year,snap_20260913T052653Z_4309094e8fb4,2021-08:summer-hummer-cancelled-due-to-covid-19,history_listing,"Summer Hummer (Cancelled due to Covid-19),listed-summer-hummer-cancelled-due-to-covid-19,wsdc_calendar,review series identity",Historical listing needs a reviewed series alias
"{""candidates"":[],""printed_name"":""Swing Fling (Cancelled due to Covid-19)"",""year"":2021}",series_alias,2021,history_year,snap_20260913T052653Z_4309094e8fb4,2021-08:swing-fling-cancelled-due-to-covid-19,history_listing,"Swing Fling (Cancelled due to Covid-19),listed-swing-fling-cancelled-due-to-covid-19,wsdc_calendar,review series identity",Historical listing needs a reviewed series alias
"{""candidates"":[],""printed_name"":""Swingtacular: The Galactic Open 2021 (Cancelled due to Covid-19)"",""year"":2021}",series_alias,2021,history_year,snap_20260913T052653Z_4309094e8fb4,2021-08:swingtacular-the-galactic-open-cancelled-due-to-covid-19,history_listing,"Swingtacular: The Galactic Open 2021 (Cancelled due to Covid-19),listed-swingtacular-the-galactic-open-cancelled-due-to-covid-19,wsdc_calendar,review series identity",Historical listing needs a reviewed series alias
"{""candidates"":[],""printed_name"":""Austin Rocks 2021 (Cancelled due to Covid-19)"",""year"":2021}",series_alias,2021,history_year,snap_20260913T052653Z_4309094e8fb4,2021-09:austin-rocks-cancelled-due-to-covid-19,history_listing,"Austin Rocks 2021 (Cancelled due to Covid-19),listed-austin-rocks-cancelled-due-to-covid-19,wsdc_calendar,review series identity",Historical listing needs a reviewed series alias
"{""candidates"":[],""printed_name"":""Bavarian Open (Cancelled due to Covid 19)"",""year"":2021}",series_alias,2021,history_year,snap_20260913T052653Z_4309094e8fb4,2021-09:bavarian-open-cancelled-due-to-covid-19,history_listing,"Bavarian Open (Cancelled due to Covid 19),listed-bavarian-open-cancelled-due-to-covid-19,wsdc_calendar,review series identity",Historical listing needs a reviewed series alias
"{""candidates"":[],""printed_name"":""Best of the Best (Cancelled due to Covid-19)"",""year"":2021}",series_alias,2021,history_year,snap_20260913T052653Z_4309094e8fb4,2021-09:best-of-the-best-cancelled-due-to-covid-19,history_listing,"Best of the Best (Cancelled due to Covid-19),listed-best-of-the-best-cancelled-due-to-covid-19,wsdc_calendar,review series identity",Historical listing needs a reviewed series alias
"{""candidates"":[],""printed_name"":""Bridge Town Swing"",""year"":2021}",series_alias,2021,history_year,snap_20260913T052314Z_cd0f43b0da24,2021-09:bridge-town-swing,history_listing,"Bridge Town Swing,listed-bridge-town-swing,wsdc_calendar,review series identity",Historical listing needs a reviewed series alias
"{""candidates"":[],""printed_name"":""BridgeTown Swing (Cancelled due to Covid-19)"",""year"":2021}",series_alias,2021,history_year,snap_20260913T052653Z_4309094e8fb4,2021-09:bridgetown-swing-cancelled-due-to-covid-19,history_listing,"BridgeTown Swing (Cancelled due to Covid-19),listed-bridgetown-swing-cancelled-due-to-covid-19,wsdc_calendar,review series identity",Historical listing needs a reviewed series alias
"{""candidates"":[],""printed_name"":""Meet Me In St. Louis Swing Dance Championships (Cancelled due to Covid-19)"",""year"":2021}",series_alias,2021,history_year,snap_20260913T052653Z_4309094e8fb4,2021-09:meet-me-in-st-louis-swing-dance-championships-cancelled-due-to-covid-19,history_listing,"Meet Me In St. Louis Swing Dance Championships (Cancelled due to Covid-19),listed-meet-me-in-st-louis-swing-dance-championships-cancelled-due-to-covid-19,wsdc_calendar,review series identity",Historical listing needs a reviewed series alias
"{""candidates"":[],""printed_name"":""River City Swing (Cancelled due to Covid-19)"",""year"":2021}",series_alias,2021,history_year,snap_20260913T052653Z_4309094e8fb4,2021-09:river-city-swing-cancelled-due-to-covid-19,history_listing,"River City Swing (Cancelled due to Covid-19),listed-river-city-swing-cancelled-due-to-covid-19,wsdc_calendar,review series identity",Historical listing needs a reviewed series alias
"{""candidates"":[],""printed_name"":""Trilogy Swing (Cancelled due to Covid-19)"",""year"":2021}",series_alias,2021,history_year,snap_20260913T052653Z_4309094e8fb4,2021-09:trilogy-swing-cancelled-due-to-covid-19,history_listing,"Trilogy Swing (Cancelled due to Covid-19),listed-trilogy-swing-cancelled-due-to-covid-19,wsdc_calendar,review series identity",Historical listing needs a reviewed series alias
"{""candidates"":[],""printed_name"":""Boogie by the Bay (Cancelled due to Covid-19)"",""year"":2021}",series_alias,2021,history_year,snap_20260913T052653Z_4309094e8fb4,2021-10:boogie-by-the-bay-cancelled-due-to-covid-19,history_listing,"Boogie by the Bay (Cancelled due to Covid-19),listed-boogie-by-the-bay-cancelled-due-to-covid-19,wsdc_calendar,review series identity",Historical listing needs a reviewed series alias
"{""candidates"":[],""printed_name"":""European Swing Challenge (Cancelled due to Covid-19)"",""year"":2021}",series_alias,2021,history_year,snap_20260913T052653Z_4309094e8fb4,2021-10:european-swing-challenge-cancelled-due-to-covid-19,history_listing,"European Swing Challenge (Cancelled due to Covid-19),listed-european-swing-challenge-cancelled-due-to-covid-19,wsdc_calendar,review series identity",Historical listing needs a reviewed series alias
"{""candidates"":[],""printed_name"":""Halloween Swingthing (Cancelled due to Covid-19)"",""year"":2021}",series_alias,2021,history_year,snap_20260913T052653Z_4309094e8fb4,2021-10:halloween-swingthing-cancelled-due-to-covid-19,history_listing,"Halloween Swingthing (Cancelled due to Covid-19),listed-halloween-swingthing-cancelled-due-to-covid-19,wsdc_calendar,review series identity",Historical listing needs a reviewed series alias
"{""candidates"":[],""printed_name"":""Milan Modern Swing (Cancelled due to Covid-19)"",""year"":2021}",series_alias,2021,history_year,snap_20260913T052653Z_4309094e8fb4,2021-10:milan-modern-swing-cancelled-due-to-covid-19,history_listing,"Milan Modern Swing (Cancelled due to Covid-19),listed-milan-modern-swing-cancelled-due-to-covid-19,wsdc_calendar,review series identity",Historical listing needs a reviewed series alias
"{""candidates"":[],""printed_name"":""Paradise Country Dance Festival (Cancelled due to Covid-19)"",""year"":2021}",series_alias,2021,history_year,snap_20260913T052653Z_4309094e8fb4,2021-10:paradise-country-dance-festival-cancelled-due-to-covid-19,history_listing,"Paradise Country Dance Festival (Cancelled due to Covid-19),listed-paradise-country-dance-festival-cancelled-due-to-covid-19,wsdc_calendar,review series identity",Historical listing needs a reviewed series alias
"{""candidates"":[],""printed_name"":""Swing City Chicago (Cancelled due to Covid-19)"",""year"":2021}",series_alias,2021,history_year,snap_20260913T052653Z_4309094e8fb4,2021-10:swing-city-chicago-cancelled-due-to-covid-19,history_listing,"Swing City Chicago (Cancelled due to Covid-19),listed-swing-city-chicago-cancelled-due-to-covid-19,wsdc_calendar,review series identity",Historical listing needs a reviewed series alias
"{""candidates"":[],""printed_name"":""Swustlicious (Cancelled due to Covid-19)"",""year"":2021}",series_alias,2021,history_year,snap_20260913T052653Z_4309094e8fb4,2021-10:swustlicious-cancelled-due-to-covid-19,history_listing,"Swustlicious (Cancelled due to Covid-19),listed-swustlicious-cancelled-due-to-covid-19,wsdc_calendar,review series identity",Historical listing needs a reviewed series alias
"{""candidates"":[],""printed_name"":""WCS Festival (Cancelled due to Covid-19)"",""year"":2021}",series_alias,2021,history_year,snap_20260913T052653Z_4309094e8fb4,2021-10:wcs-festival-cancelled-due-to-covid-19,history_listing,"WCS Festival (Cancelled due to Covid-19),listed-wcs-festival-cancelled-due-to-covid-19,wsdc_calendar,review series identity",Historical listing needs a reviewed series alias
"{""candidates"":[],""printed_name"":""C.A.S.H. Bash (Cancelled due to Covid-10)"",""year"":2021}",series_alias,2021,history_year,snap_20260913T052403Z_9f16e086052c,2021-11:c-a-s-h-bash-cancelled-due-to-covid-10,history_listing,"C.A.S.H. Bash (Cancelled due to Covid-10),listed-c-a-s-h-bash-cancelled-due-to-covid-10,wsdc_calendar,review series identity",Historical listing needs a reviewed series alias
"{""candidates"":[],""printed_name"":""C.A.S.H. Bash (Cancelled due to Covid-19)"",""year"":2021}",series_alias,2021,history_year,snap_20260913T052653Z_4309094e8fb4,2021-11:c-a-s-h-bash-cancelled-due-to-covid-19,history_listing,"C.A.S.H. Bash (Cancelled due to Covid-19),listed-c-a-s-h-bash-cancelled-due-to-covid-19,wsdc_calendar,review series identity",Historical listing needs a reviewed series alias
"{""candidates"":[],""printed_name"":""DC Swing eXperience (DCSX) (Cancelled due to Covid-19)"",""year"":2021}",series_alias,2021,history_year,snap_20260913T052653Z_4309094e8fb4,2021-11:dc-swing-experience-dcsx-cancelled-due-to-covid-19,history_listing,"DC Swing eXperience (DCSX) (Cancelled due to Covid-19),listed-dc-swing-experience-dcsx-cancelled-due-to-covid-19,wsdc_calendar,review series identity",Historical listing needs a reviewed series alias
"{""candidates"":[],""printed_name"":""Mountain Magic (Cancelled due to Covid-19)"",""year"":2021}",series_alias,2021,history_year,snap_20260913T052653Z_4309094e8fb4,2021-11:mountain-magic-cancelled-due-to-covid-19,history_listing,"Mountain Magic (Cancelled due to Covid-19),listed-mountain-magic-cancelled-due-to-covid-19,wsdc_calendar,review series identity",Historical listing needs a reviewed series alias
"{""candidates"":[],""printed_name"":""Norway Westie Fest (Cancelled due to Covid-19)"",""year"":2021}",series_alias,2021,history_year,snap_20260913T052653Z_4309094e8fb4,2021-11:norway-westie-fest-cancelled-due-to-covid-19,history_listing,"Norway Westie Fest (Cancelled due to Covid-19),listed-norway-westie-fest-cancelled-due-to-covid-19,wsdc_calendar,review series identity",Historical listing needs a reviewed series alias
"{""candidates"":[],""printed_name"":""Scandinavian Open WCS (Cancelled due to Covid-19)"",""year"":2021}",series_alias,2021,history_year,snap_20260913T052653Z_4309094e8fb4,2021-11:scandinavian-open-wcs-cancelled-due-to-covid-19,history_listing,"Scandinavian Open WCS (Cancelled due to Covid-19),listed-scandinavian-open-wcs-cancelled-due-to-covid-19,wsdc_calendar,review series identity",Historical listing needs a reviewed series alias
"{""candidates"":[""wsdc-325"",""wsdc-330""],""printed_name"":""Simply Adelaide West Coast Swing"",""year"":2021}",series_alias,2021,history_year,snap_20260913T052653Z_4309094e8fb4,2021-11:simply-adelaide-west-coast-swing,history_listing,"Simply Adelaide West Coast Swing,listed-simply-adelaide-west-coast-swing,wsdc_calendar,review series identity",Historical listing needs a reviewed series alias
"{""candidates"":[],""printed_name"":""US Open Swing Dance Championships (Cancelled due to Covid-19)"",""year"":2021}",series_alias,2021,history_year,snap_20260913T052653Z_4309094e8fb4,2021-11:us-open-swing-dance-championships-cancelled-due-to-covid-19,history_listing,"US Open Swing Dance Championships (Cancelled due to Covid-19),listed-us-open-swing-dance-championships-cancelled-due-to-covid-19,wsdc_calendar,review series identity",Historical listing needs a reviewed series alias
"{""candidates"":[],""printed_name"":""US OPEN SWING DANCE CHAMPIONSHIPS, INC \\\""THE OPEN\\\"""",""year"":2021}",series_alias,2021,history_year,snap_20260913T052324Z_2608f92141b3,2021-11:us-open-swing-dance-championships-inc-the-open,history_listing,"US OPEN SWING DANCE CHAMPIONSHIPS, INC \""THE OPEN\"",listed-us-open-swing-dance-championships-inc-the-open,wsdc_calendar,review series identity",Historical listing needs a reviewed series alias
"{""candidates"":[],""printed_name"":""Upstate Dance Challenge (Cancelled due to Covid-19)"",""year"":2021}",series_alias,2021,history_year,snap_20260913T052653Z_4309094e8fb4,2021-12:upstate-dance-challenge-cancelled-due-to-covid-19,history_listing,"Upstate Dance Challenge (Cancelled due to Covid-19),listed-upstate-dance-challenge-cancelled-due-to-covid-19,wsdc_calendar,review series identity",Historical listing needs a reviewed series alias
"{""candidates"":[],""printed_name"":""Winter White WCS (Cancelled due to Covid-19)"",""year"":2021}",series_alias,2021,history_year,snap_20260913T052653Z_4309094e8fb4,2021-12:winter-white-wcs-cancelled-due-to-covid-19,history_listing,"Winter White WCS (Cancelled due to Covid-19),listed-winter-white-wcs-cancelled-due-to-covid-19,wsdc_calendar,review series identity",Historical listing needs a reviewed series alias
"{""date_spans"":[[""2022-06-30"",""2022-06-30""],[""2022-06-30"",""2022-07-04""]],""year"":2022}",event_alias,2022,history_year,,2022-07-neverland-swing,event,,Multiple dated editions match one registry occurrence
"{""date_spans"":[[""2022-09-29"",""2022-10-03""],[""2022-09-30"",""2022-09-30""],[""2022-09-30"",""2022-10-02""]],""year"":2022}",event_alias,2022,history_year,,2022-09-midland-swing-open,event,,Multiple dated editions match one registry occurrence
"{""candidates"":[],""printed_name"":""Austin Swing Dance Championships (Cancelled due to Covid-19)"",""year"":2022}",series_alias,2022,history_year,snap_20260913T052653Z_4309094e8fb4,2022-01:austin-swing-dance-championships-cancelled-due-to-covid-19,history_listing,"Austin Swing Dance Championships (Cancelled due to Covid-19),listed-austin-swing-dance-championships-cancelled-due-to-covid-19,wsdc_calendar,review series identity",Historical listing needs a reviewed series alias
"{""candidates"":[],""printed_name"":""Avignon City Swing (Cancelled due to Covid-19)"",""year"":2022}",series_alias,2022,history_year,snap_20260913T052653Z_4309094e8fb4,2022-01:avignon-city-swing-cancelled-due-to-covid-19,history_listing,"Avignon City Swing (Cancelled due to Covid-19),listed-avignon-city-swing-cancelled-due-to-covid-19,wsdc_calendar,review series identity",Historical listing needs a reviewed series alias
"{""candidates"":[],""printed_name"":""Budafest 2022"",""year"":2022}",series_alias,2022,history_year,snap_20260910T053409Z_523d0ad03994,2022-01:budafest,history_listing,"Budafest 2022,listed-budafest,scoringdance,review series identity",Historical listing needs a reviewed series alias
"{""candidates"":[""wsdc-334"",""wsdc-39""],""printed_name"":""Countdown Swing Boston"",""year"":2022}",series_alias,2022,history_year,snap_20260913T052653Z_4309094e8fb4,2022-01:countdown-swing-boston,history_listing,"Countdown Swing Boston,listed-countdown-swing-boston,wsdc_calendar,review series identity",Historical listing needs a reviewed series alias
"{""candidates"":[],""printed_name"":""Derby City Swing (Cancelled due to Covid-19)"",""year"":2022}",series_alias,2022,history_year,snap_20260913T052653Z_4309094e8fb4,2022-01:derby-city-swing-cancelled-due-to-covid-19,history_listing,"Derby City Swing (Cancelled due to Covid-19),listed-derby-city-swing-cancelled-due-to-covid-19,wsdc_calendar,review series identity",Historical listing needs a reviewed series alias
"{""candidates"":[],""printed_name"":""Municorn Swing (Cancelled due to Covid-19)"",""year"":2022}",series_alias,2022,history_year,snap_20260913T052653Z_4309094e8fb4,2022-01:municorn-swing-cancelled-due-to-covid-19,history_listing,"Municorn Swing (Cancelled due to Covid-19),listed-municorn-swing-cancelled-due-to-covid-19,wsdc_calendar,review series identity",Historical listing needs a reviewed series alias
"{""candidates"":[],""printed_name"":""Spotlight New Year's Celebration (Cancelled due to Covid-19)"",""year"":2022}",series_alias,2022,history_year,snap_20260913T052653Z_4309094e8fb4,2022-01:spotlight-new-year-s-celebration-cancelled-due-to-covid-19,history_listing,"Spotlight New Year's Celebration (Cancelled due to Covid-19),listed-spotlight-new-year-s-celebration-cancelled-due-to-covid-19,wsdc_calendar,review series identity",Historical listing needs a reviewed series alias
"{""candidates"":[],""printed_name"":""SwingCouver (cancelled due to Covid-19)"",""year"":2022}",series_alias,2022,history_year,snap_20260913T052653Z_4309094e8fb4,2022-01:swingcouver-cancelled-due-to-covid-19,history_listing,"SwingCouver (cancelled due to Covid-19),listed-swingcouver-cancelled-due-to-covid-19,wsdc_calendar,review series identity",Historical listing needs a reviewed series alias
"{""candidates"":[],""printed_name"":""Capital Swing Dance Convention (Cancelled due to Covid-19)"",""year"":2022}",series_alias,2022,history_year,snap_20260913T052653Z_4309094e8fb4,2022-02:capital-swing-dance-convention-cancelled-due-to-covid-19,history_listing,"Capital Swing Dance Convention (Cancelled due to Covid-19),listed-capital-swing-dance-convention-cancelled-due-to-covid-19,wsdc_calendar,review series identity",Historical listing needs a reviewed series alias
"{""candidates"":[],""printed_name"":""Paris Swing Classic (Cancelled due to Covid-19)"",""year"":2022}",series_alias,2022,history_year,snap_20260913T052653Z_4309094e8fb4,2022-02:paris-swing-classic-cancelled-due-to-covid-19,history_listing,"Paris Swing Classic (Cancelled due to Covid-19),listed-paris-swing-classic-cancelled-due-to-covid-19,wsdc_calendar,review series identity",Historical listing needs a reviewed series alias
"{""candidates"":[],""printed_name"":""Swingtzerland (Cancelled due to Covid-19)"",""year"":2022}",series_alias,2022,history_year,snap_20260913T052653Z_4309094e8fb4,2022-02:swingtzerland-cancelled-due-to-covid-19,history_listing,"Swingtzerland (Cancelled due to Covid-19),listed-swingtzerland-cancelled-due-to-covid-19,wsdc_calendar,review series identity",Historical listing needs a reviewed series alias
"{""candidates"":[],""printed_name"":""WesterOz Swing (Cancelled due to Covid-19)"",""year"":2022}",series_alias,2022,history_year,snap_20260913T052653Z_4309094e8fb4,2022-02:westeroz-swing-cancelled-due-to-covid-19,history_listing,"WesterOz Swing (Cancelled due to Covid-19),listed-westeroz-swing-cancelled-due-to-covid-19,wsdc_calendar,review series identity",Historical listing needs a reviewed series alias
"{""candidates"":[],""printed_name"":""Winter Coast Swing (Cancelled due to Covid-19)"",""year"":2022}",series_alias,2022,history_year,snap_20260913T052653Z_4309094e8fb4,2022-02:winter-coast-swing-cancelled-due-to-covid-19,history_listing,"Winter Coast Swing (Cancelled due to Covid-19),listed-winter-coast-swing-cancelled-due-to-covid-19,wsdc_calendar,review series identity",Historical listing needs a reviewed series alias
"{""candidates"":[],""printed_name"":""Dutch Open West Coast Swing (Cancelleld due to Covid-19)"",""year"":2022}",series_alias,2022,history_year,snap_20260913T052653Z_4309094e8fb4,2022-03:dutch-open-west-coast-swing-cancelleld-due-to-covid-19,history_listing,"Dutch Open West Coast Swing (Cancelleld due to Covid-19),listed-dutch-open-west-coast-swing-cancelleld-due-to-covid-19,wsdc_calendar,review series identity",Historical listing needs a reviewed series alias
"{""candidates"":[],""printed_name"":""Normandie On West"",""year"":2022}",series_alias,2022,history_year,snap_20260910T060440Z_0528f9c34bc7,2022-03:normandie-on-west,history_listing,"Normandie On West,listed-normandie-on-west,scoringdance,review series identity",Historical listing needs a reviewed series alias
"{""candidates"":[],""printed_name"":""Asia West Coast Swing Open (Cancelled due to Covid-19)"",""year"":2022}",series_alias,2022,history_year,snap_20260913T052653Z_4309094e8fb4,2022-04:asia-west-coast-swing-open-cancelled-due-to-covid-19,history_listing,"Asia West Coast Swing Open (Cancelled due to Covid-19),listed-asia-west-coast-swing-open-cancelled-due-to-covid-19,wsdc_calendar,review series identity",Historical listing needs a reviewed series alias
"{""candidates"":[],""printed_name"":""BTO Open (Cancelled due to Covid-19)"",""year"":2022}",series_alias,2022,history_year,snap_20260913T052653Z_4309094e8fb4,2022-04:bto-open-cancelled-due-to-covid-19,history_listing,"BTO Open (Cancelled due to Covid-19),listed-bto-open-cancelled-due-to-covid-19,wsdc_calendar,review series identity",Historical listing needs a reviewed series alias
"{""candidates"":[],""printed_name"":""Calgary Dance Stampede (Trial)"",""year"":2022}",series_alias,2022,history_year,snap_20260913T052554Z_9d33672cd3e2,2022-04:calgary-dance-stampede-trial,history_listing,"Calgary Dance Stampede (Trial),listed-calgary-dance-stampede-trial,wsdc_calendar,review series identity",Historical listing needs a reviewed series alias
"{""candidates"":[],""printed_name"":""Go West Swing Fest (Cancelled due to Covid-19)"",""year"":2022}",series_alias,2022,history_year,snap_20260913T052653Z_4309094e8fb4,2022-04:go-west-swing-fest-cancelled-due-to-covid-19,history_listing,"Go West Swing Fest (Cancelled due to Covid-19),listed-go-west-swing-fest-cancelled-due-to-covid-19,wsdc_calendar,review series identity",Historical listing needs a reviewed series alias
"{""candidates"":[],""printed_name"":""San Diego Dance Festival  (Cancelled due to Covid-19)"",""year"":2022}",series_alias,2022,history_year,snap_20260913T052653Z_4309094e8fb4,2022-04:san-diego-dance-festival-cancelled-due-to-covid-19,history_listing,"San Diego Dance Festival  (Cancelled due to Covid-19),listed-san-diego-dance-festival-cancelled-due-to-covid-19,wsdc_calendar,review series identity",Historical listing needs a reviewed series alias
"{""candidates"":[],""printed_name"":""South Westie Swing 2022"",""year"":2022}",series_alias,2022,history_year,snap_20260910T063227Z_c9ce662f41e2,2022-04:south-westie-swing,history_listing,"South Westie Swing 2022,listed-south-westie-swing,scoringdance,review series identity",Historical listing needs a reviewed series alias
"{""candidates"":[],""printed_name"":""Tulsa Spring Swing (Cancelled due to Covid-19)"",""year"":2022}",series_alias,2022,history_year,snap_20260913T052653Z_4309094e8fb4,2022-04:tulsa-spring-swing-cancelled-due-to-covid-19,history_listing,"Tulsa Spring Swing (Cancelled due to Covid-19),listed-tulsa-spring-swing-cancelled-due-to-covid-19,wsdc_calendar,review series identity",Historical listing needs a reviewed series alias
"{""candidates"":[],""printed_name"":""UK & European Championships (Cancelled due to Covid-19)"",""year"":2022}",series_alias,2022,history_year,snap_20260913T052653Z_4309094e8fb4,2022-04:uk-european-championships-cancelled-due-to-covid-19,history_listing,"UK & European Championships (Cancelled due to Covid-19),listed-uk-european-championships-cancelled-due-to-covid-19,wsdc_calendar,review series identity",Historical listing needs a reviewed series alias
"{""candidates"":[],""printed_name"":""USA Grand National Dance Championship (Cancelled due to Covid-19)"",""year"":2022}",series_alias,2022,history_year,snap_20260913T052653Z_4309094e8fb4,2022-05:usa-grand-national-dance-championship-cancelled-due-to-covid-19,history_listing,"USA Grand National Dance Championship (Cancelled due to Covid-19),listed-usa-grand-national-dance-championship-cancelled-due-to-covid-19,wsdc_calendar,review series identity",Historical listing needs a reviewed series alias
"{""candidates"":[],""printed_name"":""Dance N Play (Cancelled due to Covid-19)"",""year"":2022}",series_alias,2022,history_year,snap_20260913T052653Z_4309094e8fb4,2022-06:dance-n-play-cancelled-due-to-covid-19,history_listing,"Dance N Play (Cancelled due to Covid-19),listed-dance-n-play-cancelled-due-to-covid-19,wsdc_calendar,review series identity",Historical listing needs a reviewed series alias
"{""candidates"":[],""printed_name"":""Liberty Swing Dance Championships (NASDE)"",""year"":2022}",series_alias,2022,history_year,snap_20260913T053404Z_622d98a01fec,2022-06:liberty-swing-dance-championships-nasde,history_listing,"Liberty Swing Dance Championships (NASDE),listed-liberty-swing-dance-championships-nasde,wsdc_newsletter,review series identity",Historical listing needs a reviewed series alias
"{""candidates"":[],""printed_name"":""Swing Fiction (Cancelled due to Covid-19)"",""year"":2022}",series_alias,2022,history_year,snap_20260913T052653Z_4309094e8fb4,2022-06:swing-fiction-cancelled-due-to-covid-19,history_listing,"Swing Fiction (Cancelled due to Covid-19),listed-swing-fiction-cancelled-due-to-covid-19,wsdc_calendar,review series identity",Historical listing needs a reviewed series alias
"{""candidates"":[],""printed_name"":""Big Apple Country Dance Championships"",""year"":2022}",series_alias,2022,history_year,snap_20260913T053404Z_622d98a01fec,2022-07:big-apple-country-dance-championships,history_listing,"Big Apple Country Dance Championships,listed-big-apple-country-dance-championships,wsdc_newsletter,review series identity",Historical listing needs a reviewed series alias
"{""candidates"":[],""printed_name"":""Forida Dance Magic"",""year"":2022}",series_alias,2022,history_year,snap_20260913T053404Z_622d98a01fec,2022-07:forida-dance-magic,history_listing,"Forida Dance Magic,listed-forida-dance-magic,wsdc_newsletter,review series identity",Historical listing needs a reviewed series alias
"{""candidates"":[],""printed_name"":""GPSDC Annual July 4th Convention"",""year"":2022}",series_alias,2022,history_year,snap_20260913T053404Z_622d98a01fec,2022-07:gpsdc-annual-july-convention,history_listing,"GPSDC Annual July 4th Convention,listed-gpsdc-annual-july-convention,wsdc_newsletter,review series identity",Historical listing needs a reviewed series alias
"{""candidates"":[],""printed_name"":""Midwest Westie Fest workshop style format non-WSDC competitions"",""year"":2022}",series_alias,2022,history_year,snap_20260913T053404Z_622d98a01fec,2022-07:midwest-westie-fest-workshop-style-format-non-wsdc-competitions,history_listing,"Midwest Westie Fest workshop style format non-WSDC competitions,listed-midwest-westie-fest-workshop-style-format-non-wsdc-competitions,wsdc_newsletter,review series identity",Historical listing needs a reviewed series alias
"{""candidates"":[""wsdc-279"",""wsdc-283""],""printed_name"":""Kazan El Fest"",""year"":2022}",series_alias,2022,history_year,snap_20260913T053404Z_622d98a01fec,2022-08:kazan-el-fest,history_listing,"Kazan El Fest,listed-kazan-el-fest,wsdc_newsletter,review series identity",Historical listing needs a reviewed series alias
"{""candidates"":[],""printed_name"":""Summer Hummer (Cancelled due to Covid-19)"",""year"":2022}",series_alias,2022,history_year,snap_20260913T052653Z_4309094e8fb4,2022-08:summer-hummer-cancelled-due-to-covid-19,history_listing,"Summer Hummer (Cancelled due to Covid-19),listed-summer-hummer-cancelled-due-to-covid-19,wsdc_calendar,review series identity",Historical listing needs a reviewed series alias
"{""candidates"":[],""printed_name"":""Austin Rocks 2022 (Cancelled due to Covid-19)"",""year"":2022}",series_alias,2022,history_year,snap_20260913T052653Z_4309094e8fb4,2022-09:austin-rocks-cancelled-due-to-covid-19,history_listing,"Austin Rocks 2022 (Cancelled due to Covid-19),listed-austin-rocks-cancelled-due-to-covid-19,wsdc_calendar,review series identity",Historical listing needs a reviewed series alias
"{""candidates"":[],""printed_name"":""Cologne Swing Weekend 2022"",""year"":2022}",series_alias,2022,history_year,snap_20260910T063423Z_613bca345f94,2022-09:cologne-swing-weekend,history_listing,"Cologne Swing Weekend 2022,listed-cologne-swing-weekend,scoringdance,review series identity",Historical listing needs a reviewed series alias
"{""candidates"":[],""printed_name"":""Boogie By the Bay (NASDE)"",""year"":2022}",series_alias,2022,history_year,snap_20260913T053414Z_e2920d5d80be,2022-10:boogie-by-the-bay-nasde,history_listing,"Boogie By the Bay (NASDE),listed-boogie-by-the-bay-nasde,wsdc_newsletter,review series identity",Historical listing needs a reviewed series alias
"{""candidates"":[],""printed_name"":""Norway Westie Fest (Cancelled due to Covid-19)"",""year"":2022}",series_alias,2022,history_year,snap_20260913T052703Z_1e8fae7d6c53,2022-10:norway-westie-fest-cancelled-due-to-covid-19,history_listing,"Norway Westie Fest (Cancelled due to Covid-19),listed-norway-westie-fest-cancelled-due-to-covid-19,wsdc_calendar,review series identity",Historical listing needs a reviewed series alias
"{""candidates"":[],""printed_name"":""WCS Festival Düsseldorf 2022"",""year"":2022}",series_alias,2022,history_year,snap_20260910T060917Z_f97aa1239e52,2022-10:wcs-festival-dusseldorf,history_listing,"WCS Festival Düsseldorf 2022,listed-wcs-festival-dusseldorf,scoringdance,review series identity",Historical listing needs a reviewed series alias
"{""candidates"":[""wsdc-325"",""wsdc-330""],""printed_name"":""Simply Adelaide west coast swing"",""year"":2022}",series_alias,2022,history_year,snap_20260913T053414Z_e2920d5d80be,2022-11:simply-adelaide-west-coast-swing,history_listing,"Simply Adelaide west coast swing,listed-simply-adelaide-west-coast-swing,wsdc_newsletter,review series identity",Historical listing needs a reviewed series alias
"{""candidates"":[],""printed_name"":""US Open Swing Dance Championships (Cancelled due to Covid-19)"",""year"":2022}",series_alias,2022,history_year,snap_20260913T052444Z_b8bf6145753d,2022-11:us-open-swing-dance-championships-cancelled-due-to-covid-19,history_listing,"US Open Swing Dance Championships (Cancelled due to Covid-19),listed-us-open-swing-dance-championships-cancelled-due-to-covid-19,wsdc_calendar,review series identity",Historical listing needs a reviewed series alias
"{""candidates"":[],""printed_name"":""US Open Swing Dance Championships (NASDE)"",""year"":2022}",series_alias,2022,history_year,snap_20260913T053414Z_e2920d5d80be,2022-11:us-open-swing-dance-championships-nasde,history_listing,"US Open Swing Dance Championships (NASDE),listed-us-open-swing-dance-championships-nasde,wsdc_newsletter,review series identity",Historical listing needs a reviewed series alias
"{""candidates"":[],""printed_name"":""Westie Angels"",""year"":2022}",series_alias,2022,history_year,snap_20260913T053414Z_e2920d5d80be,2022-11:westie-angels,history_listing,"Westie Angels,listed-westie-angels,wsdc_newsletter,review series identity",Historical listing needs a reviewed series alias
"{""candidates"":[],""printed_name"":""Global Grand Prix"",""year"":2022}",series_alias,2022,history_year,snap_20260913T053414Z_e2920d5d80be,2022-12:global-grand-prix,history_listing,"Global Grand Prix,listed-global-grand-prix,wsdc_newsletter,review series identity",Historical listing needs a reviewed series alias
"{""candidates"":[],""printed_name"":""Global Grand Prix Swing Dance Championships 2022"",""year"":2022}",series_alias,2022,history_year,snap_20260910T060711Z_64718517441b,2022-12:global-grand-prix-swing-dance-championships,history_listing,"Global Grand Prix Swing Dance Championships 2022,listed-global-grand-prix-swing-dance-championships,scoringdance,review series identity",Historical listing needs a reviewed series alias
"{""candidates"":[],""printed_name"":""Global Grand Prix - Swing Dance Championships (Trial)"",""year"":2022}",series_alias,2022,history_year,snap_20260913T052744Z_6206c331a747,2022-12:global-grand-prix-swing-dance-championships-trial,history_listing,"Global Grand Prix - Swing Dance Championships (Trial),listed-global-grand-prix-swing-dance-championships-trial,wsdc_calendar,review series identity",Historical listing needs a reviewed series alias
"{""date_spans"":[[""2023-04-28"",""2023-04-28""],[""2023-04-28"",""2023-05-01""]],""year"":2023}",event_alias,2023,history_year,,2023-04-nordic-wcs-championships,event,,Multiple dated editions match one registry occurrence
"{""date_spans"":[[""2023-06-22"",""2023-06-25""],[""2023-06-29"",""2023-07-02""]],""year"":2023}",event_alias,2023,history_year,,2023-07-liberty-swing-dance-championships,event,,Multiple dated editions match one registry occurrence
"{""date_spans"":[[""2023-06-29"",""2023-06-29""],[""2023-06-29"",""2023-07-03""]],""year"":2023}",event_alias,2023,history_year,,2023-07-neverland-swing,event,,Multiple dated editions match one registry occurrence
"{""date_spans"":[[""2023-08-31"",""2023-08-31""],[""2023-08-31"",""2023-09-03""],[""2023-09-07"",""2023-09-10""]],""year"":2023}",event_alias,2023,history_year,,2023-09-bavarian-open-west-coast-swing-championships,event,,Multiple dated editions match one registry occurrence
"{""date_spans"":[[""2023-11-30"",""2023-11-30""],[""2023-11-30"",""2023-12-04""]],""year"":2023}",event_alias,2023,history_year,,2023-12-winter-white-wcs,event,,Multiple dated editions match one registry occurrence
"{""candidates"":[],""printed_name"":""Budafest 2023"",""year"":2023}",series_alias,2023,history_year,snap_20260910T060428Z_adf6f0c9888a,2023-01:budafest,history_listing,"Budafest 2023,listed-budafest,scoringdance,review series identity",Historical listing needs a reviewed series alias
"{""candidates"":[""wsdc-334"",""wsdc-39""],""printed_name"":""Countdown Swing Boston"",""year"":2023}",series_alias,2023,history_year,snap_20260913T052753Z_9fefc779c3b2,2023-01:countdown-swing-boston,history_listing,"Countdown Swing Boston,listed-countdown-swing-boston,wsdc_calendar,review series identity",Historical listing needs a reviewed series alias
"{""candidates"":[],""printed_name"":""Floor Play New Years Swing Vacation"",""year"":2023}",series_alias,2023,history_year,snap_20260913T053414Z_e2920d5d80be,2023-01:floor-play-new-years-swing-vacation,history_listing,"Floor Play New Years Swing Vacation,listed-floor-play-new-years-swing-vacation,wsdc_newsletter,review series identity",Historical listing needs a reviewed series alias
"{""candidates"":[],""printed_name"":""Municorn Swing (Canceled due to Covid-19)"",""year"":2023}",series_alias,2023,history_year,snap_20260913T052753Z_9fefc779c3b2,2023-01:municorn-swing-canceled-due-to-covid-19,history_listing,"Municorn Swing (Canceled due to Covid-19),listed-municorn-swing-canceled-due-to-covid-19,wsdc_calendar,review series identity",Historical listing needs a reviewed series alias
"{""candidates"":[],""printed_name"":""UCWDC World Championships"",""year"":2023}",series_alias,2023,history_year,snap_20260913T053423Z_68c1360eb9f6,2023-01:ucwdc-world-championships,history_listing,"UCWDC World Championships,listed-ucwdc-world-championships,wsdc_newsletter,review series identity",Historical listing needs a reviewed series alias
"{""candidates"":[],""printed_name"":""Swingtzerland (Cancelled due to Covid-19)"",""year"":2023}",series_alias,2023,history_year,snap_20260913T052804Z_e1e669041068,2023-02:swingtzerland-cancelled-due-to-covid-19,history_listing,"Swingtzerland (Cancelled due to Covid-19),listed-swingtzerland-cancelled-due-to-covid-19,wsdc_calendar,review series identity",Historical listing needs a reviewed series alias
"{""candidates"":[],""printed_name"":""All Star Swing Jam"",""year"":2023}",series_alias,2023,history_year,snap_20260913T053423Z_68c1360eb9f6,2023-03:all-star-swing-jam,history_listing,"All Star Swing Jam,listed-all-star-swing-jam,wsdc_newsletter,review series identity",Historical listing needs a reviewed series alias
"{""candidates"":[],""printed_name"":""Anchor Festival (Cancelled due to Covid-19)"",""year"":2023}",series_alias,2023,history_year,snap_20260913T052824Z_0ea63567e442,2023-03:anchor-festival-cancelled-due-to-covid-19,history_listing,"Anchor Festival (Cancelled due to Covid-19),listed-anchor-festival-cancelled-due-to-covid-19,wsdc_calendar,review series identity",Historical listing needs a reviewed series alias
"{""candidates"":[],""printed_name"":""Boston Tea Party (Cancelled due to Covid-19)"",""year"":2023}",series_alias,2023,history_year,snap_20260913T052824Z_0ea63567e442,2023-03:boston-tea-party-cancelled-due-to-covid-19,history_listing,"Boston Tea Party (Cancelled due to Covid-19),listed-boston-tea-party-cancelled-due-to-covid-19,wsdc_calendar,review series identity",Historical listing needs a reviewed series alias
"{""candidates"":[],""printed_name"":""Dutch Open 2023"",""year"":2023}",series_alias,2023,history_year,snap_20260910T054148Z_d7e4d3f9ec1e,2023-03:dutch-open,history_listing,"Dutch Open 2023,listed-dutch-open,scoringdance,review series identity",Historical listing needs a reviewed series alias
"{""candidates"":[],""printed_name"":""High Desert Dance Classic (On Hiatus for 2023)"",""year"":2023}",series_alias,2023,history_year,snap_20260913T052804Z_e1e669041068,2023-03:high-desert-dance-classic-for,history_listing,"High Desert Dance Classic (On Hiatus for 2023),listed-high-desert-dance-classic-for,wsdc_calendar,review series identity",Historical listing needs a reviewed series alias
"{""candidates"":[],""printed_name"":""Easter Swing (NASDE)"",""year"":2023}",series_alias,2023,history_year,snap_20260913T053450Z_ce3c79f4aa99,2023-04:easter-swing-nasde,history_listing,"Easter Swing (NASDE),listed-easter-swing-nasde,wsdc_newsletter,review series identity",Historical listing needs a reviewed series alias
"{""candidates"":[],""printed_name"":""HONEY FEST (Trial)"",""year"":2023}",series_alias,2023,history_year,snap_20260913T052744Z_6206c331a747,2023-04:honey-fest-trial,history_listing,"HONEY FEST (Trial),listed-honey-fest-trial,wsdc_calendar,review series identity",Historical listing needs a reviewed series alias
"{""candidates"":[],""printed_name"":""Korean Open"",""year"":2023}",series_alias,2023,history_year,snap_20260913T052753Z_9fefc779c3b2,2023-04:korean-open,history_listing,"Korean Open,listed-korean-open,wsdc_calendar,review series identity",Historical listing needs a reviewed series alias
"{""candidates"":[],""printed_name"":""Swing In Capital (Unconfirmed)"",""year"":2023}",series_alias,2023,history_year,snap_20260913T052834Z_980218abecff,2023-04:swing-in-capital-unconfirmed,history_listing,"Swing In Capital (Unconfirmed),listed-swing-in-capital-unconfirmed,wsdc_calendar,review series identity",Historical listing needs a reviewed series alias
"{""candidates"":[],""printed_name"":""Swingin' Into Spring (Unconfirmed)"",""year"":2023}",series_alias,2023,history_year,snap_20260913T052834Z_980218abecff,2023-04:swingin-into-spring-unconfirmed,history_listing,"Swingin' Into Spring (Unconfirmed),listed-swingin-into-spring-unconfirmed,wsdc_calendar,review series identity",Historical listing needs a reviewed series alias
"{""candidates"":[],""printed_name"":""Tulsa Spring Swing (Cancelled due to Covid-19)"",""year"":2023}",series_alias,2023,history_year,snap_20260913T052653Z_4309094e8fb4,2023-04:tulsa-spring-swing-cancelled-due-to-covid-19,history_listing,"Tulsa Spring Swing (Cancelled due to Covid-19),listed-tulsa-spring-swing-cancelled-due-to-covid-19,wsdc_calendar,review series identity",Historical listing needs a reviewed series alias
"{""candidates"":[],""printed_name"":""UK & European Championships (Cancelled due to Covid-19)"",""year"":2023}",series_alias,2023,history_year,snap_20260913T052834Z_980218abecff,2023-04:uk-european-championships-cancelled-due-to-covid-19,history_listing,"UK & European Championships (Cancelled due to Covid-19),listed-uk-european-championships-cancelled-due-to-covid-19,wsdc_calendar,review series identity",Historical listing needs a reviewed series alias
"{""candidates"":[],""printed_name"":""UK WCS Champs (Cancelled due to Covid-19)"",""year"":2023}",series_alias,2023,history_year,snap_20260913T052834Z_980218abecff,2023-04:uk-wcs-champs-cancelled-due-to-covid-19,history_listing,"UK WCS Champs (Cancelled due to Covid-19),listed-uk-wcs-champs-cancelled-due-to-covid-19,wsdc_calendar,review series identity",Historical listing needs a reviewed series alias
"{""candidates"":[],""printed_name"":""Ukrainian Open (Cancelled due to War)"",""year"":2023}",series_alias,2023,history_year,snap_20260913T052834Z_980218abecff,2023-04:ukrainian-open-cancelled-due-to-war,history_listing,"Ukrainian Open (Cancelled due to War),listed-ukrainian-open-cancelled-due-to-war,wsdc_calendar,review series identity",Historical listing needs a reviewed series alias
"{""candidates"":[],""printed_name"":""Scottish Swing Classic *"",""year"":2023}",series_alias,2023,history_year,snap_20260913T053450Z_ce3c79f4aa99,2023-05:scottish-swing-classic,history_listing,"Scottish Swing Classic *,listed-scottish-swing-classic,wsdc_newsletter,review series identity",Historical listing needs a reviewed series alias
"{""candidates"":[],""printed_name"":""Scottish Swing Classic (Unconfirmed)"",""year"":2023}",series_alias,2023,history_year,snap_20260913T052844Z_b95ece79a3ac,2023-05:scottish-swing-classic-unconfirmed,history_listing,"Scottish Swing Classic (Unconfirmed),listed-scottish-swing-classic-unconfirmed,wsdc_calendar,review series identity",Historical listing needs a reviewed series alias
"{""candidates"":[],""printed_name"":""Show Me Showdown (Unconfirmed)"",""year"":2023}",series_alias,2023,history_year,snap_20260913T052844Z_b95ece79a3ac,2023-05:show-me-showdown-unconfirmed,history_listing,"Show Me Showdown (Unconfirmed),listed-show-me-showdown-unconfirmed,wsdc_calendar,review series identity",Historical listing needs a reviewed series alias
"{""candidates"":[],""printed_name"":""SOswing Convention"",""year"":2023}",series_alias,2023,history_year,snap_20260913T053450Z_ce3c79f4aa99,2023-05:soswing-convention,history_listing,"SOswing Convention,listed-soswing-convention,wsdc_newsletter,review series identity",Historical listing needs a reviewed series alias
"{""candidates"":[],""printed_name"":""Spring Fever"",""year"":2023}",series_alias,2023,history_year,snap_20260913T053450Z_ce3c79f4aa99,2023-05:spring-fever,history_listing,"Spring Fever,listed-spring-fever,wsdc_newsletter,review series identity",Historical listing needs a reviewed series alias
"{""candidates"":[],""printed_name"":""USA Grand national dance championship (NASDE) WSDC Membership Meeting"",""year"":2023}",series_alias,2023,history_year,snap_20260913T053450Z_ce3c79f4aa99,2023-05:usa-grand-national-dance-championship-nasde-wsdc-membership-meeting,history_listing,"USA Grand national dance championship (NASDE) WSDC Membership Meeting,listed-usa-grand-national-dance-championship-nasde-wsdc-membership-meeting,wsdc_newsletter,review series identity",Historical listing needs a reviewed series alias
"{""candidates"":[],""printed_name"":""Florida Dance Magic (On Hiatus in 2023)"",""year"":2023}",series_alias,2023,history_year,snap_20260913T052844Z_b95ece79a3ac,2023-07:florida-dance-magic-in,history_listing,"Florida Dance Magic (On Hiatus in 2023),listed-florida-dance-magic-in,wsdc_calendar,review series identity",Historical listing needs a reviewed series alias
"{""candidates"":[],""printed_name"":""Liberty Swing dance Championships (NASDE)"",""year"":2023}",series_alias,2023,history_year,snap_20260913T053450Z_ce3c79f4aa99,2023-07:liberty-swing-dance-championships-nasde,history_listing,"Liberty Swing dance Championships (NASDE),listed-liberty-swing-dance-championships-nasde,wsdc_newsletter,review series identity",Historical listing needs a reviewed series alias
"{""candidates"":[""wsdc-321"",""wsdc-331""],""printed_name"":""Swing Fiction"",""year"":2023}",series_alias,2023,history_year,snap_20260913T053450Z_ce3c79f4aa99,2023-07:swing-fiction,history_listing,"Swing Fiction,listed-swing-fiction,wsdc_newsletter,review series identity",Historical listing needs a reviewed series alias
"{""candidates"":[],""printed_name"":""TOSHC - Toronto Open Swing and Hustle Championships"",""year"":2023}",series_alias,2023,history_year,snap_20260913T052744Z_6206c331a747,2023-07:toshc-toronto-open-swing-and-hustle-championships,history_listing,"TOSHC - Toronto Open Swing and Hustle Championships,listed-toshc-toronto-open-swing-and-hustle-championships,wsdc_calendar,review series identity",Historical listing needs a reviewed series alias
"{""candidates"":[],""printed_name"":""Arizona Dance Classic (Unconfirmed)"",""year"":2023}",series_alias,2023,history_year,snap_20260913T052834Z_980218abecff,2023-08:arizona-dance-classic-unconfirmed,history_listing,"Arizona Dance Classic (Unconfirmed),listed-arizona-dance-classic-unconfirmed,wsdc_calendar,review series identity",Historical listing needs a reviewed series alias
"{""candidates"":[""wsdc-279"",""wsdc-283""],""printed_name"":""Kazan EL Fest"",""year"":2023}",series_alias,2023,history_year,snap_20260913T052844Z_b95ece79a3ac,2023-08:kazan-el-fest,history_listing,"Kazan EL Fest,listed-kazan-el-fest,wsdc_calendar,review series identity",Historical listing needs a reviewed series alias
"{""candidates"":[],""printed_name"":""Lone Star Invitational (Unconfirmed)"",""year"":2023}",series_alias,2023,history_year,snap_20260913T052844Z_b95ece79a3ac,2023-08:lone-star-invitational-unconfirmed,history_listing,"Lone Star Invitational (Unconfirmed),listed-lone-star-invitational-unconfirmed,wsdc_calendar,review series identity",Historical listing needs a reviewed series alias
"{""candidates"":[],""printed_name"":""New England Dance Festival (Unconfirmed)"",""year"":2023}",series_alias,2023,history_year,snap_20260913T052844Z_b95ece79a3ac,2023-08:new-england-dance-festival-unconfirmed,history_listing,"New England Dance Festival (Unconfirmed),listed-new-england-dance-festival-unconfirmed,wsdc_calendar,review series identity",Historical listing needs a reviewed series alias
"{""candidates"":[],""printed_name"":""Riga Summer Swing (On Hiatus due to War in Ukraine)"",""year"":2023}",series_alias,2023,history_year,snap_20260913T052844Z_b95ece79a3ac,2023-08:riga-summer-swing-due-to-war-in-ukraine,history_listing,"Riga Summer Swing (On Hiatus due to War in Ukraine),listed-riga-summer-swing-due-to-war-in-ukraine,wsdc_calendar,review series identity",Historical listing needs a reviewed series alias
"{""candidates"":[],""printed_name"":""Riga Summer Swing (Unconfirmed)"",""year"":2023}",series_alias,2023,history_year,snap_20260913T052834Z_980218abecff,2023-08:riga-summer-swing-unconfirmed,history_listing,"Riga Summer Swing (Unconfirmed),listed-riga-summer-swing-unconfirmed,wsdc_calendar,review series identity",Historical listing needs a reviewed series alias
"{""candidates"":[],""printed_name"":""Cologne Swing Weekend 2023"",""year"":2023}",series_alias,2023,history_year,snap_20260910T061258Z_1482ab8d7818,2023-09:cologne-swing-weekend,history_listing,"Cologne Swing Weekend 2023,listed-cologne-swing-weekend,scoringdance,review series identity",Historical listing needs a reviewed series alias
"{""candidates"":[],""printed_name"":""German Open Bachata Championship 2023"",""year"":2023}",series_alias,2023,history_year,snap_20260910T063438Z_4cba004a445c,2023-09:german-open-bachata-championship,history_listing,"German Open Bachata Championship 2023,listed-german-open-bachata-championship,scoringdance,review series identity",Historical listing needs a reviewed series alias
"{""candidates"":[],""printed_name"":""Norway Westie Fest (Unconfirmed)"",""year"":2023}",series_alias,2023,history_year,snap_20260913T052844Z_b95ece79a3ac,2023-09:norway-westie-fest-unconfirmed,history_listing,"Norway Westie Fest (Unconfirmed),listed-norway-westie-fest-unconfirmed,wsdc_calendar,review series identity",Historical listing needs a reviewed series alias
"{""candidates"":[],""printed_name"":""Sea Q-Fest"",""year"":2023}",series_alias,2023,history_year,snap_20260913T053454Z_10de9e3a897e,2023-09:sea-q-fest,history_listing,"Sea Q-Fest,listed-sea-q-fest,wsdc_newsletter,review series identity",Historical listing needs a reviewed series alias
"{""candidates"":[],""printed_name"":""European Swing Challenge (Unconfirmed)"",""year"":2023}",series_alias,2023,history_year,snap_20260913T052844Z_b95ece79a3ac,2023-10:european-swing-challenge-unconfirmed,history_listing,"European Swing Challenge (Unconfirmed),listed-european-swing-challenge-unconfirmed,wsdc_calendar,review series identity",Historical listing needs a reviewed series alias
"{""candidates"":[],""printed_name"":""Simply Adelaide WCS"",""year"":2023}",series_alias,2023,history_year,snap_20260913T053454Z_10de9e3a897e,2023-10:simply-adelaide-wcs,history_listing,"Simply Adelaide WCS,listed-simply-adelaide-wcs,wsdc_newsletter,review series identity",Historical listing needs a reviewed series alias
"{""candidates"":[""wsdc-325"",""wsdc-330""],""printed_name"":""Simply Adelaide West Coast Swing 2023"",""year"":2023}",series_alias,2023,history_year,snap_20260913T052844Z_b95ece79a3ac,2023-10:simply-adelaide-west-coast-swing,history_listing,"Simply Adelaide West Coast Swing 2023,listed-simply-adelaide-west-coast-swing,wsdc_calendar,review series identity",Historical listing needs a reviewed series alias
"{""candidates"":[],""printed_name"":""WCS Festival Düsseldorf 2023"",""year"":2023}",series_alias,2023,history_year,snap_20260910T061238Z_465e82ec2fb3,2023-10:wcs-festival-dusseldorf,history_listing,"WCS Festival Düsseldorf 2023,listed-wcs-festival-dusseldorf,scoringdance,review series identity",Historical listing needs a reviewed series alias
"{""candidates"":[],""printed_name"":""Autumn Swing Challenge (Unconfirmed)"",""year"":2023}",series_alias,2023,history_year,snap_20260913T052844Z_b95ece79a3ac,2023-11:autumn-swing-challenge-unconfirmed,history_listing,"Autumn Swing Challenge (Unconfirmed),listed-autumn-swing-challenge-unconfirmed,wsdc_calendar,review series identity",Historical listing needs a reviewed series alias
"{""candidates"":[],""printed_name"":""DCSX (DC Swing eXperience) 2023"",""year"":2023}",series_alias,2023,history_year,snap_20260913T052744Z_6206c331a747,2023-11:dcsx-dc-swing-experience,history_listing,"DCSX (DC Swing eXperience) 2023,listed-dcsx-dc-swing-experience,wsdc_calendar,review series identity",Historical listing needs a reviewed series alias
"{""candidates"":[],""printed_name"":""Scandinavian Open WCS (Unconfirmed)"",""year"":2023}",series_alias,2023,history_year,snap_20260913T052834Z_980218abecff,2023-11:scandinavian-open-wcs-unconfirmed,history_listing,"Scandinavian Open WCS (Unconfirmed),listed-scandinavian-open-wcs-unconfirmed,wsdc_calendar,review series identity",Historical listing needs a reviewed series alias
"{""candidates"":[],""printed_name"":""Westie Pink City (Unconfirmed)"",""year"":2023}",series_alias,2023,history_year,snap_20260913T052844Z_b95ece79a3ac,2023-11:westie-pink-city-unconfirmed,history_listing,"Westie Pink City (Unconfirmed),listed-westie-pink-city-unconfirmed,wsdc_calendar,review series identity",Historical listing needs a reviewed series alias
"{""candidates"":[],""printed_name"":""Berlin Swing Revolution (Unconfirmed)"",""year"":2023}",series_alias,2023,history_year,snap_20260913T052844Z_b95ece79a3ac,2023-12:berlin-swing-revolution-unconfirmed,history_listing,"Berlin Swing Revolution (Unconfirmed),listed-berlin-swing-revolution-unconfirmed,wsdc_calendar,review series identity",Historical listing needs a reviewed series alias
"{""candidates"":[],""printed_name"":""Global Grand Prix Swing Dance Championships 2023"",""year"":2023}",series_alias,2023,history_year,snap_20260910T051239Z_40b8b674b294,2023-12:global-grand-prix-swing-dance-championships,history_listing,"Global Grand Prix Swing Dance Championships 2023,listed-global-grand-prix-swing-dance-championships,scoringdance,review series identity",Historical listing needs a reviewed series alias
"{""candidates"":[],""printed_name"":""Munich Bachata Fest 2023"",""year"":2023}",series_alias,2023,history_year,snap_20260910T061112Z_795d91204e10,2023-12:munich-bachata-fest,history_listing,"Munich Bachata Fest 2023,listed-munich-bachata-fest,scoringdance,review series identity",Historical listing needs a reviewed series alias
"{""candidates"":[],""printed_name"":""New Year's Swing Fling (Unconfirmed)"",""year"":2023}",series_alias,2023,history_year,snap_20260913T052844Z_b95ece79a3ac,2023-12:new-year-s-swing-fling-unconfirmed,history_listing,"New Year's Swing Fling (Unconfirmed),listed-new-year-s-swing-fling-unconfirmed,wsdc_calendar,review series identity",Historical listing needs a reviewed series alias
"{""candidates"":[],""printed_name"":""Shooba Dooba Swing (Unconfirmed)"",""year"":2023}",series_alias,2023,history_year,snap_20260913T052844Z_b95ece79a3ac,2023-12:shooba-dooba-swing-unconfirmed,history_listing,"Shooba Dooba Swing (Unconfirmed),listed-shooba-dooba-swing-unconfirmed,wsdc_calendar,review series identity",Historical listing needs a reviewed series alias
"{""candidates"":[],""printed_name"":""SwingCouver 2023/24"",""year"":2023}",series_alias,2023,history_year,snap_20260910T054338Z_6d3193dbd1ad,2023-12:swingcouver-24,history_listing,"SwingCouver 2023/24,listed-swingcouver-24,scoringdance,review series identity",Historical listing needs a reviewed series alias
"{""candidates"":[],""printed_name"":""Swingtimate (Unconfirmed)"",""year"":2023}",series_alias,2023,history_year,snap_20260913T052844Z_b95ece79a3ac,2023-12:swingtimate-unconfirmed,history_listing,"Swingtimate (Unconfirmed),listed-swingtimate-unconfirmed,wsdc_calendar,review series identity",Historical listing needs a reviewed series alias
"{""candidates"":[],""printed_name"":""The After Party - TAP (Unconfirmed)"",""year"":2023}",series_alias,2023,history_year,snap_20260913T052844Z_b95ece79a3ac,2023-12:the-after-party-tap-unconfirmed,history_listing,"The After Party - TAP (Unconfirmed),listed-the-after-party-tap-unconfirmed,wsdc_calendar,review series identity",Historical listing needs a reviewed series alias
"{""date_spans"":[[""2024-05-31"",""2024-05-31""],[""2024-05-31"",""2024-06-02""]],""year"":2024}",event_alias,2024,history_year,,2024-05-hungarian-open,event,,Multiple dated editions match one registry occurrence
"{""date_spans"":[[""2024-06-27"",""2024-06-27""],[""2024-06-27"",""2024-07-01""]],""year"":2024}",event_alias,2024,history_year,,2024-06-neverlandswing,event,,Multiple dated editions match one registry occurrence
"{""date_spans"":[[""2024-07-27"",""2024-07-27""],[""2024-07-27"",""2024-08-03""]],""year"":2024}",event_alias,2024,history_year,,2024-07-sea-sun-swing-camp,event,,Multiple dated editions match one registry occurrence
"{""date_spans"":[[""2024-08-29"",""2024-08-29""],[""2024-08-29"",""2024-09-02""],[""2024-08-30"",""2024-09-02""]],""year"":2024}",event_alias,2024,history_year,,2024-08-rolling-swing,event,,Multiple dated editions match one registry occurrence
"{""date_spans"":[[""2024-10-31"",""2024-10-31""],[""2024-10-31"",""2024-11-03""]],""year"":2024}",event_alias,2024,history_year,,2024-10-scandinavian-open-wcs-snow,event,,Multiple dated editions match one registry occurrence
"{""date_spans"":[[""2024-10-31"",""2024-10-31""],[""2024-10-31"",""2024-11-04""]],""year"":2024}",event_alias,2024,history_year,,2024-10-westie-s-angels,event,,Multiple dated editions match one registry occurrence
"{""date_spans"":[[""2024-12-28"",""2024-12-28""],[""2024-12-28"",""2025-01-01""]],""year"":2024}",event_alias,2024,history_year,,2024-12-westie-gala,event,,Multiple dated editions match one registry occurrence
"{""candidates"":[],""printed_name"":""Australian Classic WCS Dance Championships"",""year"":2024}",series_alias,2024,history_year,snap_20260913T053435Z_ed5072b4dea1,2024-01:australian-classic-wcs-dance-championships,history_listing,"Australian Classic WCS Dance Championships,listed-australian-classic-wcs-dance-championships,wsdc_newsletter,review series identity",Historical listing needs a reviewed series alias
"{""candidates"":[],""printed_name"":""Budafest 2024"",""year"":2024}",series_alias,2024,history_year,snap_20260910T044304Z_cdfe8460c06d,2024-01:budafest,history_listing,"Budafest 2024,listed-budafest,scoringdance,review series identity",Historical listing needs a reviewed series alias
"{""candidates"":[""wsdc-334"",""wsdc-39""],""printed_name"":""Countdown Swing Boston"",""year"":2024}",series_alias,2024,history_year,snap_20260913T052844Z_b95ece79a3ac,2024-01:countdown-swing-boston,history_listing,"Countdown Swing Boston,listed-countdown-swing-boston,wsdc_calendar,review series identity",Historical listing needs a reviewed series alias
"{""candidates"":[],""printed_name"":""Arousa Westie Fest (Trial Event)"",""year"":2024}",series_alias,2024,history_year,snap_20260913T055220Z_d77aed35c78d,2024-02:arousa-westie-fest-trial-event,history_listing,"Arousa Westie Fest (Trial Event),listed-arousa-westie-fest-trial-event,wsdc_calendar,review series identity",Historical listing needs a reviewed series alias
"{""candidates"":[],""printed_name"":""Capital Swing Dance Convention (NASDE)"",""year"":2024}",series_alias,2024,history_year,snap_20260913T053435Z_ed5072b4dea1,2024-02:capital-swing-dance-convention-nasde,history_listing,"Capital Swing Dance Convention (NASDE),listed-capital-swing-dance-convention-nasde,wsdc_newsletter,review series identity",Historical listing needs a reviewed series alias
"{""candidates"":[],""printed_name"":""Paris Spring Classic"",""year"":2024}",series_alias,2024,history_year,snap_20260913T053435Z_ed5072b4dea1,2024-02:paris-spring-classic,history_listing,"Paris Spring Classic,listed-paris-spring-classic,wsdc_newsletter,review series identity",Historical listing needs a reviewed series alias
"{""candidates"":[],""printed_name"":""Swing Crush Trial Event"",""year"":2024}",series_alias,2024,history_year,snap_20260913T055220Z_d77aed35c78d,2024-02:swing-crush-trial-event,history_listing,"Swing Crush Trial Event,listed-swing-crush-trial-event,wsdc_calendar,review series identity",Historical listing needs a reviewed series alias
"{""candidates"":[],""printed_name"":""All Star Swing Jam"",""year"":2024}",series_alias,2024,history_year,snap_20260913T053435Z_ed5072b4dea1,2024-03:all-star-swing-jam,history_listing,"All Star Swing Jam,listed-all-star-swing-jam,wsdc_newsletter,review series identity",Historical listing needs a reviewed series alias
"{""candidates"":[],""printed_name"":""By-town Ontario Open (BTO)"",""year"":2024}",series_alias,2024,history_year,snap_20260913T053435Z_ed5072b4dea1,2024-03:by-town-ontario-open-bto,history_listing,"By-town Ontario Open (BTO),listed-by-town-ontario-open-bto,wsdc_newsletter,review series identity",Historical listing needs a reviewed series alias
"{""candidates"":[],""printed_name"":""Chicago Classic (NASDE)"",""year"":2024}",series_alias,2024,history_year,snap_20260913T053435Z_ed5072b4dea1,2024-03:chicago-classic-nasde,history_listing,"Chicago Classic (NASDE),listed-chicago-classic-nasde,wsdc_newsletter,review series identity",Historical listing needs a reviewed series alias
"{""candidates"":[],""printed_name"":""Mid Atlantic Dance jam MADjam (NASDE)"",""year"":2024}",series_alias,2024,history_year,snap_20260913T053435Z_ed5072b4dea1,2024-03:mid-atlantic-dance-jam-madjam-nasde,history_listing,"Mid Atlantic Dance jam MADjam (NASDE),listed-mid-atlantic-dance-jam-madjam-nasde,wsdc_newsletter,review series identity",Historical listing needs a reviewed series alias
"{""candidates"":[],""printed_name"":""Swing Escape (Unconfirmed)"",""year"":2024}",series_alias,2024,history_year,snap_20260913T055220Z_d77aed35c78d,2024-03:swing-escape-unconfirmed,history_listing,"Swing Escape (Unconfirmed),listed-swing-escape-unconfirmed,wsdc_calendar,review series identity",Historical listing needs a reviewed series alias
"{""candidates"":[],""printed_name"":""Bama Jamma"",""year"":2024}",series_alias,2024,history_year,snap_20260913T055220Z_d77aed35c78d,2024-04:bama-jamma,history_listing,"Bama Jamma,listed-bama-jamma,wsdc_calendar,review series identity",Historical listing needs a reviewed series alias
"{""candidates"":[],""printed_name"":""Bama Jamma (Trial Event)"",""year"":2024}",series_alias,2024,history_year,snap_20260913T055241Z_d374c58b5248,2024-04:bama-jamma-trial-event,history_listing,"Bama Jamma (Trial Event),listed-bama-jamma-trial-event,wsdc_calendar,review series identity",Historical listing needs a reviewed series alias
"{""candidates"":[],""printed_name"":""City of Angels Swing 2024"",""year"":2024}",series_alias,2024,history_year,snap_20260910T060403Z_ad66431dc25c,2024-04:city-of-angels-swing,history_listing,"City of Angels Swing 2024,listed-city-of-angels-swing,scoringdance,review series identity",Historical listing needs a reviewed series alias
"{""candidates"":[],""printed_name"":""Dutch Open 2024"",""year"":2024}",series_alias,2024,history_year,snap_20260910T053751Z_c459d8f2a31f,2024-04:dutch-open,history_listing,"Dutch Open 2024,listed-dutch-open,scoringdance,review series identity",Historical listing needs a reviewed series alias
"{""candidates"":[],""printed_name"":""Go West Swing Fest (Unconfirmed)"",""year"":2024}",series_alias,2024,history_year,snap_20260913T055241Z_d374c58b5248,2024-04:go-west-swing-fest-unconfirmed,history_listing,"Go West Swing Fest (Unconfirmed),listed-go-west-swing-fest-unconfirmed,wsdc_calendar,review series identity",Historical listing needs a reviewed series alias
"{""candidates"":[],""printed_name"":""Nordic WCS Championships (Unconfirmed)"",""year"":2024}",series_alias,2024,history_year,snap_20260913T055241Z_d374c58b5248,2024-04:nordic-wcs-championships-unconfirmed,history_listing,"Nordic WCS Championships (Unconfirmed),listed-nordic-wcs-championships-unconfirmed,wsdc_calendar,review series identity",Historical listing needs a reviewed series alias
"{""candidates"":[],""printed_name"":""Slovenian Open (Trial Event)"",""year"":2024}",series_alias,2024,history_year,snap_20260913T055241Z_d374c58b5248,2024-04:slovenian-open-trial-event,history_listing,"Slovenian Open (Trial Event),listed-slovenian-open-trial-event,wsdc_calendar,review series identity",Historical listing needs a reviewed series alias
"{""candidates"":[],""printed_name"":""SOM - Swing of Music (Trial Event)"",""year"":2024}",series_alias,2024,history_year,snap_20260913T055241Z_d374c58b5248,2024-04:som-swing-of-music-trial-event,history_listing,"SOM - Swing of Music (Trial Event),listed-som-swing-of-music-trial-event,wsdc_calendar,review series identity",Historical listing needs a reviewed series alias
"{""candidates"":[],""printed_name"":""Swing In Capital (Unconfirmed)"",""year"":2024}",series_alias,2024,history_year,snap_20260913T055220Z_d77aed35c78d,2024-04:swing-in-capital-unconfirmed,history_listing,"Swing In Capital (Unconfirmed),listed-swing-in-capital-unconfirmed,wsdc_calendar,review series identity",Historical listing needs a reviewed series alias
"{""candidates"":[],""printed_name"":""Swingin' Into Spring (Unconfirmed)"",""year"":2024}",series_alias,2024,history_year,snap_20260913T055241Z_d374c58b5248,2024-04:swingin-into-spring-unconfirmed,history_listing,"Swingin' Into Spring (Unconfirmed),listed-swingin-into-spring-unconfirmed,wsdc_calendar,review series identity",Historical listing needs a reviewed series alias
"{""candidates"":[],""printed_name"":""UK & European Championships (Unconfirmed)"",""year"":2024}",series_alias,2024,history_year,snap_20260913T055220Z_d77aed35c78d,2024-04:uk-european-championships-unconfirmed,history_listing,"UK & European Championships (Unconfirmed),listed-uk-european-championships-unconfirmed,wsdc_calendar,review series identity",Historical listing needs a reviewed series alias
"{""candidates"":[],""printed_name"":""UK WCS Champs (On Hiatus)"",""year"":2024}",series_alias,2024,history_year,snap_20260913T055241Z_d374c58b5248,2024-04:uk-wcs-champs,history_listing,"UK WCS Champs (On Hiatus),listed-uk-wcs-champs,wsdc_calendar,review series identity",Historical listing needs a reviewed series alias
"{""candidates"":[],""printed_name"":""UK WCS Champs (Unconfirmed)"",""year"":2024}",series_alias,2024,history_year,snap_20260913T055220Z_d77aed35c78d,2024-04:uk-wcs-champs-unconfirmed,history_listing,"UK WCS Champs (Unconfirmed),listed-uk-wcs-champs-unconfirmed,wsdc_calendar,review series identity",Historical listing needs a reviewed series alias
"{""candidates"":[],""printed_name"":""Ukrainian Open (Cancelled due to War)"",""year"":2024}",series_alias,2024,history_year,snap_20260913T055241Z_d374c58b5248,2024-04:ukrainian-open-cancelled-due-to-war,history_listing,"Ukrainian Open (Cancelled due to War),listed-ukrainian-open-cancelled-due-to-war,wsdc_calendar,review series identity",Historical listing needs a reviewed series alias
"{""candidates"":[],""printed_name"":""BeeMAD (Trial Event)"",""year"":2024}",series_alias,2024,history_year,snap_20260913T055241Z_d374c58b5248,2024-05:beemad-trial-event,history_listing,"BeeMAD (Trial Event),listed-beemad-trial-event,wsdc_calendar,review series identity",Historical listing needs a reviewed series alias
"{""candidates"":[],""printed_name"":""French Open 2024"",""year"":2024}",series_alias,2024,history_year,snap_20260910T063613Z_05dde9093ae9,2024-05:french-open,history_listing,"French Open 2024,listed-french-open,scoringdance,review series identity",Historical listing needs a reviewed series alias
"{""candidates"":[],""printed_name"":""KIWI Fest (Cancelled due to War in Ukraine)"",""year"":2024}",series_alias,2024,history_year,snap_20260913T055241Z_d374c58b5248,2024-05:kiwi-fest-cancelled-due-to-war-in-ukraine,history_listing,"KIWI Fest (Cancelled due to War in Ukraine),listed-kiwi-fest-cancelled-due-to-war-in-ukraine,wsdc_calendar,review series identity",Historical listing needs a reviewed series alias
"{""candidates"":[],""printed_name"":""KIWI Fest (Unconfirmed)"",""year"":2024}",series_alias,2024,history_year,snap_20260913T052844Z_b95ece79a3ac,2024-05:kiwi-fest-unconfirmed,history_listing,"KIWI Fest (Unconfirmed),listed-kiwi-fest-unconfirmed,wsdc_calendar,review series identity",Historical listing needs a reviewed series alias
"{""candidates"":[],""printed_name"":""ShowMe Showdown"",""year"":2024}",series_alias,2024,history_year,snap_20260913T055241Z_d374c58b5248,2024-05:showme-showdown,history_listing,"ShowMe Showdown,listed-showme-showdown,wsdc_calendar,review series identity",Historical listing needs a reviewed series alias
"{""candidates"":[],""printed_name"":""SOswing Convention 2024"",""year"":2024}",series_alias,2024,history_year,snap_20260910T053621Z_8249c7aa0b85,2024-05:soswing-convention,history_listing,"SOswing Convention 2024,listed-soswing-convention,scoringdance,review series identity",Historical listing needs a reviewed series alias
"{""candidates"":[],""printed_name"":""Spring Fever (Unconfirmed)"",""year"":2024}",series_alias,2024,history_year,snap_20260913T055241Z_d374c58b5248,2024-05:spring-fever-unconfirmed,history_listing,"Spring Fever (Unconfirmed),listed-spring-fever-unconfirmed,wsdc_calendar,review series identity",Historical listing needs a reviewed series alias
"{""candidates"":[],""printed_name"":""Spring Time Swing (Trial Event)"",""year"":2024}",series_alias,2024,history_year,snap_20260913T055241Z_d374c58b5248,2024-05:spring-time-swing-trial-event,history_listing,"Spring Time Swing (Trial Event),listed-spring-time-swing-trial-event,wsdc_calendar,review series identity",Historical listing needs a reviewed series alias
"{""candidates"":[],""printed_name"":""Texas Classic (Unconfirmed)"",""year"":2024}",series_alias,2024,history_year,snap_20260913T055220Z_d77aed35c78d,2024-05:texas-classic-unconfirmed,history_listing,"Texas Classic (Unconfirmed),listed-texas-classic-unconfirmed,wsdc_calendar,review series identity",Historical listing needs a reviewed series alias
"{""candidates"":[],""printed_name"":""TLV SwingFest (Cancelled due to War)"",""year"":2024}",series_alias,2024,history_year,snap_20260913T055241Z_d374c58b5248,2024-05:tlv-swingfest-cancelled-due-to-war,history_listing,"TLV SwingFest (Cancelled due to War),listed-tlv-swingfest-cancelled-due-to-war,wsdc_calendar,review series identity",Historical listing needs a reviewed series alias
"{""candidates"":[],""printed_name"":""TLV SwingFest (Unconfirmed)"",""year"":2024}",series_alias,2024,history_year,snap_20260913T055220Z_d77aed35c78d,2024-05:tlv-swingfest-unconfirmed,history_listing,"TLV SwingFest (Unconfirmed),listed-tlv-swingfest-unconfirmed,wsdc_calendar,review series identity",Historical listing needs a reviewed series alias
"{""candidates"":[],""printed_name"":""USA Grand national dance championship (NASDE)"",""year"":2024}",series_alias,2024,history_year,snap_20260913T053443Z_bf5de4bbd205,2024-05:usa-grand-national-dance-championship-nasde,history_listing,"USA Grand national dance championship (NASDE),listed-usa-grand-national-dance-championship-nasde,wsdc_newsletter,review series identity",Historical listing needs a reviewed series alias
"{""candidates"":[],""printed_name"":""Bachata Sensual Congress Germany 2024"",""year"":2024}",series_alias,2024,history_year,snap_20260910T053626Z_d7d5eba9551c,2024-06:bachata-sensual-congress-germany,history_listing,"Bachata Sensual Congress Germany 2024,listed-bachata-sensual-congress-germany,scoringdance,review series identity",Historical listing needs a reviewed series alias
"{""candidates"":[],""printed_name"":""Disco America"",""year"":2024}",series_alias,2024,history_year,snap_20260909T150512Z_694f97493af0,2024-06:disco-america,history_listing,"Disco America,listed-disco-america,eepro,review series identity",Historical listing needs a reviewed series alias
"{""candidates"":[],""printed_name"":""Hungarian Open (Unconfirmed)"",""year"":2024}",series_alias,2024,history_year,snap_20260913T055220Z_d77aed35c78d,2024-06:hungarian-open-unconfirmed,history_listing,"Hungarian Open (Unconfirmed),listed-hungarian-open-unconfirmed,wsdc_calendar,review series identity",Historical listing needs a reviewed series alias
"{""candidates"":[],""printed_name"":""Indy Dance Explosion (Unconfirmed)"",""year"":2024}",series_alias,2024,history_year,snap_20260913T055241Z_d374c58b5248,2024-06:indy-dance-explosion-unconfirmed,history_listing,"Indy Dance Explosion (Unconfirmed),listed-indy-dance-explosion-unconfirmed,wsdc_calendar,review series identity",Historical listing needs a reviewed series alias
"{""candidates"":[],""printed_name"":""Liberty Swing dance Championships (NASDE)WSDC Membership Meeting"",""year"":2024}",series_alias,2024,history_year,snap_20260913T053443Z_bf5de4bbd205,2024-06:liberty-swing-dance-championships-nasde-wsdc-membership-meeting,history_listing,"Liberty Swing dance Championships (NASDE)WSDC Membership Meeting,listed-liberty-swing-dance-championships-nasde-wsdc-membership-meeting,wsdc_newsletter,review series identity",Historical listing needs a reviewed series alias
"{""candidates"":[""wsdc-321"",""wsdc-331""],""printed_name"":""Swing Fiction"",""year"":2024}",series_alias,2024,history_year,snap_20260913T053443Z_bf5de4bbd205,2024-06:swing-fiction,history_listing,"Swing Fiction,listed-swing-fiction,wsdc_newsletter,review series identity",Historical listing needs a reviewed series alias
"{""candidates"":[],""printed_name"":""Americano Dance Camp Unconfirmed)"",""year"":2024}",series_alias,2024,history_year,snap_20260913T055220Z_d77aed35c78d,2024-07:americano-dance-camp-unconfirmed,history_listing,"Americano Dance Camp Unconfirmed),listed-americano-dance-camp-unconfirmed,wsdc_calendar,review series identity",Historical listing needs a reviewed series alias
"{""candidates"":[],""printed_name"":""Bend Connection 2024"",""year"":2024}",series_alias,2024,history_year,snap_20260910T060252Z_4622b3db71a8,2024-07:bend-connection,history_listing,"Bend Connection 2024,listed-bend-connection,scoringdance,review series identity",Historical listing needs a reviewed series alias
"{""candidates"":[],""printed_name"":""Dance Mardi Gras (Unconfirmed)"",""year"":2024}",series_alias,2024,history_year,snap_20260913T055220Z_d77aed35c78d,2024-07:dance-mardi-gras-unconfirmed,history_listing,"Dance Mardi Gras (Unconfirmed),listed-dance-mardi-gras-unconfirmed,wsdc_calendar,review series identity",Historical listing needs a reviewed series alias
"{""candidates"":[],""printed_name"":""Forida Dance Magic"",""year"":2024}",series_alias,2024,history_year,snap_20260913T053443Z_bf5de4bbd205,2024-07:forida-dance-magic,history_listing,"Forida Dance Magic,listed-forida-dance-magic,wsdc_newsletter,review series identity",Historical listing needs a reviewed series alias
"{""candidates"":[],""printed_name"":""Neverland Swing (Unconfirmed)"",""year"":2024}",series_alias,2024,history_year,snap_20260913T055241Z_d374c58b5248,2024-07:neverland-swing-unconfirmed,history_listing,"Neverland Swing (Unconfirmed),listed-neverland-swing-unconfirmed,wsdc_calendar,review series identity",Historical listing needs a reviewed series alias
"{""candidates"":[],""printed_name"":""Odyssey West Coast Swing (Unconfirmed)"",""year"":2024}",series_alias,2024,history_year,snap_20260913T055241Z_d374c58b5248,2024-07:odyssey-west-coast-swing-unconfirmed,history_listing,"Odyssey West Coast Swing (Unconfirmed),listed-odyssey-west-coast-swing-unconfirmed,wsdc_calendar,review series identity",Historical listing needs a reviewed series alias
"{""candidates"":[],""printed_name"":""Portland Dance Festival (Unconfirmed)"",""year"":2024}",series_alias,2024,history_year,snap_20260913T052834Z_980218abecff,2024-07:portland-dance-festival-unconfirmed,history_listing,"Portland Dance Festival (Unconfirmed),listed-portland-dance-festival-unconfirmed,wsdc_calendar,review series identity",Historical listing needs a reviewed series alias
"{""candidates"":[],""printed_name"":""St.Petersburg WCS Nights (Unconfirmed)"",""year"":2024}",series_alias,2024,history_year,snap_20260913T055220Z_d77aed35c78d,2024-07:st-petersburg-wcs-nights-unconfirmed,history_listing,"St.Petersburg WCS Nights (Unconfirmed),listed-st-petersburg-wcs-nights-unconfirmed,wsdc_calendar,review series identity",Historical listing needs a reviewed series alias
"{""candidates"":[],""printed_name"":""The Bend Connection (Trial Event)"",""year"":2024}",series_alias,2024,history_year,snap_20260913T055241Z_d374c58b5248,2024-07:the-bend-connection-trial-event,history_listing,"The Bend Connection (Trial Event),listed-the-bend-connection-trial-event,wsdc_calendar,review series identity",Historical listing needs a reviewed series alias
"{""candidates"":[],""printed_name"":""Toronto Open Swing and Hustle Championships (Unconfirmed)"",""year"":2024}",series_alias,2024,history_year,snap_20260913T055241Z_d374c58b5248,2024-07:toronto-open-swing-and-hustle-championships-unconfirmed,history_listing,"Toronto Open Swing and Hustle Championships (Unconfirmed),listed-toronto-open-swing-and-hustle-championships-unconfirmed,wsdc_calendar,review series identity",Historical listing needs a reviewed series alias
"{""candidates"":[],""printed_name"":""Wild Wild Westie (Unconfirmed)"",""year"":2024}",series_alias,2024,history_year,snap_20260913T055220Z_d77aed35c78d,2024-07:wild-wild-westie-unconfirmed,history_listing,"Wild Wild Westie (Unconfirmed),listed-wild-wild-westie-unconfirmed,wsdc_calendar,review series identity",Historical listing needs a reviewed series alias
"{""candidates"":[],""printed_name"":""Arizona Dance Classic (Unconfirmed)"",""year"":2024}",series_alias,2024,history_year,snap_20260913T055241Z_d374c58b5248,2024-08:arizona-dance-classic-unconfirmed,history_listing,"Arizona Dance Classic (Unconfirmed),listed-arizona-dance-classic-unconfirmed,wsdc_calendar,review series identity",Historical listing needs a reviewed series alias
"{""candidates"":[],""printed_name"":""Chicagoland Dance Festival (Unconfirmed)"",""year"":2024}",series_alias,2024,history_year,snap_20260913T055220Z_d77aed35c78d,2024-08:chicagoland-dance-festival-unconfirmed,history_listing,"Chicagoland Dance Festival (Unconfirmed),listed-chicagoland-dance-festival-unconfirmed,wsdc_calendar,review series identity",Historical listing needs a reviewed series alias
"{""candidates"":[],""printed_name"":""German Open Championships (Unconfirmed)"",""year"":2024}",series_alias,2024,history_year,snap_20260913T055220Z_d77aed35c78d,2024-08:german-open-championships-unconfirmed,history_listing,"German Open Championships (Unconfirmed),listed-german-open-championships-unconfirmed,wsdc_calendar,review series identity",Historical listing needs a reviewed series alias
"{""candidates"":[],""printed_name"":""Kazan EL Fest (Unconfirmed)"",""year"":2024}",series_alias,2024,history_year,snap_20260913T055220Z_d77aed35c78d,2024-08:kazan-el-fest-unconfirmed,history_listing,"Kazan EL Fest (Unconfirmed),listed-kazan-el-fest-unconfirmed,wsdc_calendar,review series identity",Historical listing needs a reviewed series alias
"{""candidates"":[],""printed_name"":""LoneStar Invitational (Unconfirmed)"",""year"":2024}",series_alias,2024,history_year,snap_20260913T055241Z_d374c58b5248,2024-08:lonestar-invitational-unconfirmed,history_listing,"LoneStar Invitational (Unconfirmed),listed-lonestar-invitational-unconfirmed,wsdc_calendar,review series identity",Historical listing needs a reviewed series alias
"{""candidates"":[],""printed_name"":""New England Dance Festival (Unconfirmed)"",""year"":2024}",series_alias,2024,history_year,snap_20260913T055220Z_d77aed35c78d,2024-08:new-england-dance-festival-unconfirmed,history_listing,"New England Dance Festival (Unconfirmed),listed-new-england-dance-festival-unconfirmed,wsdc_calendar,review series identity",Historical listing needs a reviewed series alias
"{""candidates"":[],""printed_name"":""Shakedown Swing (Unconfirmed)"",""year"":2024}",series_alias,2024,history_year,snap_20260913T055220Z_d77aed35c78d,2024-08:shakedown-swing-unconfirmed,history_listing,"Shakedown Swing (Unconfirmed),listed-shakedown-swing-unconfirmed,wsdc_calendar,review series identity",Historical listing needs a reviewed series alias
"{""candidates"":[],""printed_name"":""Summer Hummer (NASDE)"",""year"":2024}",series_alias,2024,history_year,snap_20260913T053443Z_bf5de4bbd205,2024-08:summer-hummer-nasde,history_listing,"Summer Hummer (NASDE),listed-summer-hummer-nasde,wsdc_newsletter,review series identity",Historical listing needs a reviewed series alias
"{""candidates"":[],""printed_name"":""Summer Hummer (Unconfirmed)"",""year"":2024}",series_alias,2024,history_year,snap_20260913T055220Z_d77aed35c78d,2024-08:summer-hummer-unconfirmed,history_listing,"Summer Hummer (Unconfirmed),listed-summer-hummer-unconfirmed,wsdc_calendar,review series identity",Historical listing needs a reviewed series alias
"{""candidates"":[],""printed_name"":""SwingTime Denver (Unfonfirmed)"",""year"":2024}",series_alias,2024,history_year,snap_20260913T055241Z_d374c58b5248,2024-08:swingtime-denver-unfonfirmed,history_listing,"SwingTime Denver (Unfonfirmed),listed-swingtime-denver-unfonfirmed,wsdc_calendar,review series identity",Historical listing needs a reviewed series alias
"{""candidates"":[],""printed_name"":""UpTown Swing (Unconfirmed)"",""year"":2024}",series_alias,2024,history_year,snap_20260913T055241Z_d374c58b5248,2024-08:uptown-swing-unconfirmed,history_listing,"UpTown Swing (Unconfirmed),listed-uptown-swing-unconfirmed,wsdc_calendar,review series identity",Historical listing needs a reviewed series alias
"{""candidates"":[],""printed_name"":""WCS Magyar Kupa"",""year"":2024}",series_alias,2024,history_year,snap_20260910T063152Z_c3c4d4813187,2024-08:wcs-magyar-kupa,history_listing,"WCS Magyar Kupa,listed-wcs-magyar-kupa,scoringdance,review series identity",Historical listing needs a reviewed series alias
"{""candidates"":[],""printed_name"":""Aloha Open 2024"",""year"":2024}",series_alias,2024,history_year,snap_20260910T061248Z_d6c553e499ac,2024-09:aloha-open,history_listing,"Aloha Open 2024,listed-aloha-open,scoringdance,review series identity",Historical listing needs a reviewed series alias
"{""candidates"":[],""printed_name"":""Austin Rocks 2024 (Unconfirmed)"",""year"":2024}",series_alias,2024,history_year,snap_20260913T055241Z_d374c58b5248,2024-09:austin-rocks-unconfirmed,history_listing,"Austin Rocks 2024 (Unconfirmed),listed-austin-rocks-unconfirmed,wsdc_calendar,review series identity",Historical listing needs a reviewed series alias
"{""candidates"":[],""printed_name"":""Bavarian Open WCS Championships"",""year"":2024}",series_alias,2024,history_year,snap_20260913T053443Z_bf5de4bbd205,2024-09:bavarian-open-wcs-championships,history_listing,"Bavarian Open WCS Championships,listed-bavarian-open-wcs-championships,wsdc_newsletter,review series identity",Historical listing needs a reviewed series alias
"{""candidates"":[],""printed_name"":""Best of the Best (Unconfirmed)"",""year"":2024}",series_alias,2024,history_year,snap_20260913T055220Z_d77aed35c78d,2024-09:best-of-the-best-unconfirmed,history_listing,"Best of the Best (Unconfirmed),listed-best-of-the-best-unconfirmed,wsdc_calendar,review series identity",Historical listing needs a reviewed series alias
"{""candidates"":[],""printed_name"":""BINDAAS Bachata Festival 2024"",""year"":2024}",series_alias,2024,history_year,snap_20260910T053906Z_f342697aa8e1,2024-09:bindaas-bachata-festival,history_listing,"BINDAAS Bachata Festival 2024,listed-bindaas-bachata-festival,scoringdance,review series identity",Historical listing needs a reviewed series alias
"{""candidates"":[],""printed_name"":""BridgeTown Swing (Unconfirmed)"",""year"":2024}",series_alias,2024,history_year,snap_20260913T055241Z_d374c58b5248,2024-09:bridgetown-swing-unconfirmed,history_listing,"BridgeTown Swing (Unconfirmed),listed-bridgetown-swing-unconfirmed,wsdc_calendar,review series identity",Historical listing needs a reviewed series alias
"{""candidates"":[],""printed_name"":""Desert City Swing (Unconfirmed)"",""year"":2024}",series_alias,2024,history_year,snap_20260913T055220Z_d77aed35c78d,2024-09:desert-city-swing-unconfirmed,history_listing,"Desert City Swing (Unconfirmed),listed-desert-city-swing-unconfirmed,wsdc_calendar,review series identity",Historical listing needs a reviewed series alias
"{""candidates"":[],""printed_name"":""Finnfest (Unconfirmed)"",""year"":2024}",series_alias,2024,history_year,snap_20260913T055220Z_d77aed35c78d,2024-09:finnfest-unconfirmed,history_listing,"Finnfest (Unconfirmed),listed-finnfest-unconfirmed,wsdc_calendar,review series identity",Historical listing needs a reviewed series alias
"{""candidates"":[],""printed_name"":""Midland Swing Open 15th Anniversary"",""year"":2024}",series_alias,2024,history_year,snap_20260913T053443Z_bf5de4bbd205,2024-09:midland-swing-open-anniversary,history_listing,"Midland Swing Open 15th Anniversary,listed-midland-swing-open-anniversary,wsdc_newsletter,review series identity",Historical listing needs a reviewed series alias
"{""candidates"":[],""printed_name"":""Mooseland Swing 2024 (Trial Event)"",""year"":2024}",series_alias,2024,history_year,snap_20260913T055309Z_e2e9db9abb1c,2024-09:mooseland-swing-trial-event,history_listing,"Mooseland Swing 2024 (Trial Event),listed-mooseland-swing-trial-event,wsdc_calendar,review series identity",Historical listing needs a reviewed series alias
"{""candidates"":[],""printed_name"":""Norway Westie Fest (Unconfirmed)"",""year"":2024}",series_alias,2024,history_year,snap_20260913T055258Z_9e85bd42b4ea,2024-09:norway-westie-fest-unconfirmed,history_listing,"Norway Westie Fest (Unconfirmed),listed-norway-westie-fest-unconfirmed,wsdc_calendar,review series identity",Historical listing needs a reviewed series alias
"{""candidates"":[],""printed_name"":""Philly Swing Classic (Unconfirmed)"",""year"":2024}",series_alias,2024,history_year,snap_20260913T055220Z_d77aed35c78d,2024-09:philly-swing-classic-unconfirmed,history_listing,"Philly Swing Classic (Unconfirmed),listed-philly-swing-classic-unconfirmed,wsdc_calendar,review series identity",Historical listing needs a reviewed series alias
"{""candidates"":[],""printed_name"":""Retaliation Swing (Trial Event)"",""year"":2024}",series_alias,2024,history_year,snap_20260913T055309Z_e2e9db9abb1c,2024-09:retaliation-swing-trial-event,history_listing,"Retaliation Swing (Trial Event),listed-retaliation-swing-trial-event,wsdc_calendar,review series identity",Historical listing needs a reviewed series alias
"{""candidates"":[],""printed_name"":""River City Swing (Unconfirmed)"",""year"":2024}",series_alias,2024,history_year,snap_20260913T055220Z_d77aed35c78d,2024-09:river-city-swing-unconfirmed,history_listing,"River City Swing (Unconfirmed),listed-river-city-swing-unconfirmed,wsdc_calendar,review series identity",Historical listing needs a reviewed series alias
"{""candidates"":[],""printed_name"":""Rolling Swing (Unconfirmed)"",""year"":2024}",series_alias,2024,history_year,snap_20260913T055241Z_d374c58b5248,2024-09:rolling-swing-unconfirmed,history_listing,"Rolling Swing (Unconfirmed),listed-rolling-swing-unconfirmed,wsdc_calendar,review series identity",Historical listing needs a reviewed series alias
"{""candidates"":[],""printed_name"":""Sea Q-Fest"",""year"":2024}",series_alias,2024,history_year,snap_20260913T053443Z_bf5de4bbd205,2024-09:sea-q-fest,history_listing,"Sea Q-Fest,listed-sea-q-fest,wsdc_newsletter,review series identity",Historical listing needs a reviewed series alias
"{""candidates"":[],""printed_name"":""SEA Q-FEST (Unconfirmed)"",""year"":2024}",series_alias,2024,history_year,snap_20260913T055220Z_d77aed35c78d,2024-09:sea-q-fest-unconfirmed,history_listing,"SEA Q-FEST (Unconfirmed),listed-sea-q-fest-unconfirmed,wsdc_calendar,review series identity",Historical listing needs a reviewed series alias
"{""candidates"":[],""printed_name"":""The Aloha Open (Trial Event)"",""year"":2024}",series_alias,2024,history_year,snap_20260913T055309Z_e2e9db9abb1c,2024-09:the-aloha-open-trial-event,history_listing,"The Aloha Open (Trial Event),listed-the-aloha-open-trial-event,wsdc_calendar,review series identity",Historical listing needs a reviewed series alias
"{""candidates"":[],""printed_name"":""Trilogy Swing (Unconfirmed)"",""year"":2024}",series_alias,2024,history_year,snap_20260913T055220Z_d77aed35c78d,2024-09:trilogy-swing-unconfirmed,history_listing,"Trilogy Swing (Unconfirmed),listed-trilogy-swing-unconfirmed,wsdc_calendar,review series identity",Historical listing needs a reviewed series alias
"{""candidates"":[],""printed_name"":""WCS Party (Trial Event)"",""year"":2024}",series_alias,2024,history_year,snap_20260913T055309Z_e2e9db9abb1c,2024-09:wcs-party-trial-event,history_listing,"WCS Party (Trial Event),listed-wcs-party-trial-event,wsdc_calendar,review series identity",Historical listing needs a reviewed series alias
"{""candidates"":[],""printed_name"":""WCSParty 2024"",""year"":2024}",series_alias,2024,history_year,snap_20260910T063312Z_403f2774cce8,2024-09:wcsparty,history_listing,"WCSParty 2024,listed-wcsparty,scoringdance,review series identity",Historical listing needs a reviewed series alias
"{""candidates"":[],""printed_name"":""Bachata Explosion 2024"",""year"":2024}",series_alias,2024,history_year,snap_20260910T053716Z_9ffcab169ee9,2024-10:bachata-explosion,history_listing,"Bachata Explosion 2024,listed-bachata-explosion,scoringdance,review series identity",Historical listing needs a reviewed series alias
"{""candidates"":[],""printed_name"":""European Swing Challenge (Unconfirmed)"",""year"":2024}",series_alias,2024,history_year,snap_20260913T055320Z_474ef226d4a5,2024-10:european-swing-challenge-unconfirmed,history_listing,"European Swing Challenge (Unconfirmed),listed-european-swing-challenge-unconfirmed,wsdc_calendar,review series identity",Historical listing needs a reviewed series alias
"{""candidates"":[],""printed_name"":""German Open Championship 2024"",""year"":2024}",series_alias,2024,history_year,snap_20260910T060957Z_7fcf35900758,2024-10:german-open-championship,history_listing,"German Open Championship 2024,listed-german-open-championship,scoringdance,review series identity",Historical listing needs a reviewed series alias
"{""candidates"":[],""printed_name"":""Go West Swing Fest (Unconfirmed)"",""year"":2024}",series_alias,2024,history_year,snap_20260913T055320Z_474ef226d4a5,2024-10:go-west-swing-fest-unconfirmed,history_listing,"Go West Swing Fest (Unconfirmed),listed-go-west-swing-fest-unconfirmed,wsdc_calendar,review series identity",Historical listing needs a reviewed series alias
"{""candidates"":[],""printed_name"":""Halloween Swingthing (Unconfirmed)"",""year"":2024}",series_alias,2024,history_year,snap_20260913T055241Z_d374c58b5248,2024-10:halloween-swingthing-unconfirmed,history_listing,"Halloween Swingthing (Unconfirmed),listed-halloween-swingthing-unconfirmed,wsdc_calendar,review series identity",Historical listing needs a reviewed series alias
"{""candidates"":[],""printed_name"":""Montreal Westie Fest (Unconfirmed)"",""year"":2024}",series_alias,2024,history_year,snap_20260913T055220Z_d77aed35c78d,2024-10:montreal-westie-fest-unconfirmed,history_listing,"Montreal Westie Fest (Unconfirmed),listed-montreal-westie-fest-unconfirmed,wsdc_calendar,review series identity",Historical listing needs a reviewed series alias
"{""candidates"":[],""printed_name"":""New Zealand Open (Unconfirmed)"",""year"":2024}",series_alias,2024,history_year,snap_20260913T055220Z_d77aed35c78d,2024-10:new-zealand-open-unconfirmed,history_listing,"New Zealand Open (Unconfirmed),listed-new-zealand-open-unconfirmed,wsdc_calendar,review series identity",Historical listing needs a reviewed series alias
"{""candidates"":[],""printed_name"":""Paradise Dance Festival (Unconfirmed)"",""year"":2024}",series_alias,2024,history_year,snap_20260913T055353Z_2f7c24378244,2024-10:paradise-dance-festival-unconfirmed,history_listing,"Paradise Dance Festival (Unconfirmed),listed-paradise-dance-festival-unconfirmed,wsdc_calendar,review series identity",Historical listing needs a reviewed series alias
"{""candidates"":[],""printed_name"":""Simply Adelaide West Coast Swing 2023 (Unconfirmed)"",""year"":2024}",series_alias,2024,history_year,snap_20260913T055220Z_d77aed35c78d,2024-10:simply-adelaide-west-coast-swing-unconfirmed,history_listing,"Simply Adelaide West Coast Swing 2023 (Unconfirmed),listed-simply-adelaide-west-coast-swing-unconfirmed,wsdc_calendar,review series identity",Historical listing needs a reviewed series alias
"{""candidates"":[],""printed_name"":""Spooky Westie Weekend (unconirmed)"",""year"":2024}",series_alias,2024,history_year,snap_20260913T055241Z_d374c58b5248,2024-10:spooky-westie-weekend-unconirmed,history_listing,"Spooky Westie Weekend (unconirmed),listed-spooky-westie-weekend-unconirmed,wsdc_calendar,review series identity",Historical listing needs a reviewed series alias
"{""candidates"":[],""printed_name"":""Swingside Invitational (Unconfirmed)"",""year"":2024}",series_alias,2024,history_year,snap_20260913T055241Z_d374c58b5248,2024-10:swingside-invitational-unconfirmed,history_listing,"Swingside Invitational (Unconfirmed),listed-swingside-invitational-unconfirmed,wsdc_calendar,review series identity",Historical listing needs a reviewed series alias
"{""candidates"":[],""printed_name"":""Swustlicious (unconfirmed)"",""year"":2024}",series_alias,2024,history_year,snap_20260913T055241Z_d374c58b5248,2024-10:swustlicious-unconfirmed,history_listing,"Swustlicious (unconfirmed),listed-swustlicious-unconfirmed,wsdc_calendar,review series identity",Historical listing needs a reviewed series alias
"{""candidates"":[],""printed_name"":""WCS Festival Düsseldorf 2024"",""year"":2024}",series_alias,2024,history_year,snap_20260910T051349Z_6b741148c10d,2024-10:wcs-festival-dusseldorf,history_listing,"WCS Festival Düsseldorf 2024,listed-wcs-festival-dusseldorf,scoringdance,review series identity",Historical listing needs a reviewed series alias
"{""candidates"":[],""printed_name"":""Autumn Swing Challenge (Unconfirmed)"",""year"":2024}",series_alias,2024,history_year,snap_20260913T055241Z_d374c58b5248,2024-11:autumn-swing-challenge-unconfirmed,history_listing,"Autumn Swing Challenge (Unconfirmed),listed-autumn-swing-challenge-unconfirmed,wsdc_calendar,review series identity",Historical listing needs a reviewed series alias
"{""candidates"":[],""printed_name"":""C.A.S.H. Bash (Unconfirmed)"",""year"":2024}",series_alias,2024,history_year,snap_20260913T055220Z_d77aed35c78d,2024-11:c-a-s-h-bash-unconfirmed,history_listing,"C.A.S.H. Bash (Unconfirmed),listed-c-a-s-h-bash-unconfirmed,wsdc_calendar,review series identity",Historical listing needs a reviewed series alias
"{""candidates"":[],""printed_name"":""DCSX (DC Swing eXperience)"",""year"":2024}",series_alias,2024,history_year,snap_20260913T052744Z_6206c331a747,2024-11:dcsx-dc-swing-experience,history_listing,"DCSX (DC Swing eXperience),listed-dcsx-dc-swing-experience,wsdc_calendar,review series identity",Historical listing needs a reviewed series alias
"{""candidates"":[],""printed_name"":""Flowstate"",""year"":2024}",series_alias,2024,history_year,snap_20260910T051329Z_e69cfe7b5d3d,2024-11:flowstate,history_listing,"Flowstate,listed-flowstate,scoringdance,review series identity",Historical listing needs a reviewed series alias
"{""candidates"":[],""printed_name"":""Flowstate | WCS & Zouk Festival"",""year"":2024}",series_alias,2024,history_year,snap_20260913T055353Z_2f7c24378244,2024-11:flowstate-wcs-zouk-festival,history_listing,"Flowstate | WCS & Zouk Festival,listed-flowstate-wcs-zouk-festival,wsdc_calendar,review series identity",Historical listing needs a reviewed series alias
"{""candidates"":[],""printed_name"":""London SWINGvitational (Unconfirmed)"",""year"":2024}",series_alias,2024,history_year,snap_20260913T055353Z_2f7c24378244,2024-11:london-swingvitational-unconfirmed,history_listing,"London SWINGvitational (Unconfirmed),listed-london-swingvitational-unconfirmed,wsdc_calendar,review series identity",Historical listing needs a reviewed series alias
"{""candidates"":[],""printed_name"":""Midnight Madness (Unconfirmed)"",""year"":2024}",series_alias,2024,history_year,snap_20260913T055241Z_d374c58b5248,2024-11:midnight-madness-unconfirmed,history_listing,"Midnight Madness (Unconfirmed),listed-midnight-madness-unconfirmed,wsdc_calendar,review series identity",Historical listing needs a reviewed series alias
"{""candidates"":[],""printed_name"":""Moscow Westie Fest (Unconfirmed)"",""year"":2024}",series_alias,2024,history_year,snap_20260913T055353Z_2f7c24378244,2024-11:moscow-westie-fest-unconfirmed,history_listing,"Moscow Westie Fest (Unconfirmed),listed-moscow-westie-fest-unconfirmed,wsdc_calendar,review series identity",Historical listing needs a reviewed series alias
"{""candidates"":[],""printed_name"":""Mountain Magic Dance Convention (Unconfirmed)"",""year"":2024}",series_alias,2024,history_year,snap_20260913T055241Z_d374c58b5248,2024-11:mountain-magic-dance-convention-unconfirmed,history_listing,"Mountain Magic Dance Convention (Unconfirmed),listed-mountain-magic-dance-convention-unconfirmed,wsdc_calendar,review series identity",Historical listing needs a reviewed series alias
"{""candidates"":[],""printed_name"":""Pure Bachata Winter Festival 2024"",""year"":2024}",series_alias,2024,history_year,snap_20260910T053359Z_5fdf844ca712,2024-11:pure-bachata-winter-festival,history_listing,"Pure Bachata Winter Festival 2024,listed-pure-bachata-winter-festival,scoringdance,review series identity",Historical listing needs a reviewed series alias
"{""candidates"":[],""printed_name"":""Scandinavian Open WCS \""SNOW\"" (Unconfirmed)"",""year"":2024}",series_alias,2024,history_year,snap_20260913T055220Z_d77aed35c78d,2024-11:scandinavian-open-wcs-snow-unconfirmed,history_listing,"Scandinavian Open WCS ""SNOW"" (Unconfirmed),listed-scandinavian-open-wcs-snow-unconfirmed,wsdc_calendar,review series identity",Historical listing needs a reviewed series alias
"{""candidates"":[],""printed_name"":""Sea to Sky Seattle WCS (Unconfirmed)"",""year"":2024}",series_alias,2024,history_year,snap_20260913T055241Z_d374c58b5248,2024-11:sea-to-sky-seattle-wcs-unconfirmed,history_listing,"Sea to Sky Seattle WCS (Unconfirmed),listed-sea-to-sky-seattle-wcs-unconfirmed,wsdc_calendar,review series identity",Historical listing needs a reviewed series alias
"{""candidates"":[""wsdc-325"",""wsdc-330""],""printed_name"":""Simply Adelaide West Coast Swing 2024"",""year"":2024}",series_alias,2024,history_year,snap_20260913T055353Z_2f7c24378244,2024-11:simply-adelaide-west-coast-swing,history_listing,"Simply Adelaide West Coast Swing 2024,listed-simply-adelaide-west-coast-swing,wsdc_calendar,review series identity",Historical listing needs a reviewed series alias
"{""candidates"":[],""printed_name"":""Stockholm Sensusal Festival 2024"",""year"":2024}",series_alias,2024,history_year,snap_20260910T063252Z_4c9af20a8edc,2024-11:stockholm-sensusal-festival,history_listing,"Stockholm Sensusal Festival 2024,listed-stockholm-sensusal-festival,scoringdance,review series identity",Historical listing needs a reviewed series alias
"{""candidates"":[],""printed_name"":""Tampa Bay Classic (Unconfirmed)"",""year"":2024}",series_alias,2024,history_year,snap_20260913T052844Z_b95ece79a3ac,2024-11:tampa-bay-classic-unconfirmed,history_listing,"Tampa Bay Classic (Unconfirmed),listed-tampa-bay-classic-unconfirmed,wsdc_calendar,review series identity",Historical listing needs a reviewed series alias
"{""candidates"":[],""printed_name"":""Westie's Angels (Unconfirmed)"",""year"":2024}",series_alias,2024,history_year,snap_20260913T055241Z_d374c58b5248,2024-11:westie-s-angels-unconfirmed,history_listing,"Westie's Angels (Unconfirmed),listed-westie-s-angels-unconfirmed,wsdc_calendar,review series identity",Historical listing needs a reviewed series alias
"{""candidates"":[],""printed_name"":""Westies on the Water (Unconfirmed)"",""year"":2024}",series_alias,2024,history_year,snap_20260913T055220Z_d77aed35c78d,2024-11:westies-on-the-water-unconfirmed,history_listing,"Westies on the Water (Unconfirmed),listed-westies-on-the-water-unconfirmed,wsdc_calendar,review series identity",Historical listing needs a reviewed series alias
"{""candidates"":[],""printed_name"":""Copenhagen Bachata Congress 2024"",""year"":2024}",series_alias,2024,history_year,snap_20260910T053211Z_415eedc2f263,2024-12:copenhagen-bachata-congress,history_listing,"Copenhagen Bachata Congress 2024,listed-copenhagen-bachata-congress,scoringdance,review series identity",Historical listing needs a reviewed series alias
"{""candidates"":[],""printed_name"":""Countdown Swing Boston (Unconfirmed)"",""year"":2024}",series_alias,2024,history_year,snap_20260913T055411Z_037bc2fb7478,2024-12:countdown-swing-boston-unconfirmed,history_listing,"Countdown Swing Boston (Unconfirmed),listed-countdown-swing-boston-unconfirmed,wsdc_calendar,review series identity",Historical listing needs a reviewed series alias
"{""candidates"":[],""printed_name"":""Floor Play Swing Vacation (Unconfirmed)"",""year"":2024}",series_alias,2024,history_year,snap_20260913T055241Z_d374c58b5248,2024-12:floor-play-swing-vacation-unconfirmed,history_listing,"Floor Play Swing Vacation (Unconfirmed),listed-floor-play-swing-vacation-unconfirmed,wsdc_calendar,review series identity",Historical listing needs a reviewed series alias
"{""candidates"":[],""printed_name"":""Global Grand Prix Swing Dance Championships 2024"",""year"":2024}",series_alias,2024,history_year,snap_20260910T060328Z_4ec026e6b66d,2024-12:global-grand-prix-swing-dance-championships,history_listing,"Global Grand Prix Swing Dance Championships 2024,listed-global-grand-prix-swing-dance-championships,scoringdance,review series identity",Historical listing needs a reviewed series alias
"{""candidates"":[],""printed_name"":""Global Grand Prix - West Coast Swing Reunion (Unconfirmed)"",""year"":2024}",series_alias,2024,history_year,snap_20260913T055241Z_d374c58b5248,2024-12:global-grand-prix-west-coast-swing-reunion-unconfirmed,history_listing,"Global Grand Prix - West Coast Swing Reunion (Unconfirmed),listed-global-grand-prix-west-coast-swing-reunion-unconfirmed,wsdc_calendar,review series identity",Historical listing needs a reviewed series alias
"{""candidates"":[],""printed_name"":""New Year's Swing Fling (Unconfirmed)"",""year"":2024}",series_alias,2024,history_year,snap_20260913T055353Z_2f7c24378244,2024-12:new-year-s-swing-fling-unconfirmed,history_listing,"New Year's Swing Fling (Unconfirmed),listed-new-year-s-swing-fling-unconfirmed,wsdc_calendar,review series identity",Historical listing needs a reviewed series alias
"{""candidates"":[],""printed_name"":""Pure Bachata - Role Rotation Weekend Cologne 2024"",""year"":2024}",series_alias,2024,history_year,snap_20260910T060109Z_3bfbf7722d67,2024-12:pure-bachata-role-rotation-weekend-cologne,history_listing,"Pure Bachata - Role Rotation Weekend Cologne 2024,listed-pure-bachata-role-rotation-weekend-cologne,scoringdance,review series identity",Historical listing needs a reviewed series alias
"{""candidates"":[],""printed_name"":""Shooba Dooba Swing (Unconfirmed)"",""year"":2024}",series_alias,2024,history_year,snap_20260913T055339Z_5308cf7b884e,2024-12:shooba-dooba-swing-unconfirmed,history_listing,"Shooba Dooba Swing (Unconfirmed),listed-shooba-dooba-swing-unconfirmed,wsdc_calendar,review series identity",Historical listing needs a reviewed series alias
"{""candidates"":[],""printed_name"":""SwingCouver (Unconfirmed)"",""year"":2024}",series_alias,2024,history_year,snap_20260913T055241Z_d374c58b5248,2024-12:swingcouver-unconfirmed,history_listing,"SwingCouver (Unconfirmed),listed-swingcouver-unconfirmed,wsdc_calendar,review series identity",Historical listing needs a reviewed series alias
"{""candidates"":[],""printed_name"":""Swingtimate (Unconfirmed)"",""year"":2024}",series_alias,2024,history_year,snap_20260913T055402Z_7d4968c3ecb5,2024-12:swingtimate-unconfirmed,history_listing,"Swingtimate (Unconfirmed),listed-swingtimate-unconfirmed,wsdc_calendar,review series identity",Historical listing needs a reviewed series alias
"{""candidates"":[],""printed_name"":""SwingVester 2024/25"",""year"":2024}",series_alias,2024,history_year,snap_20260910T060537Z_dce754010b45,2024-12:swingvester-25,history_listing,"SwingVester 2024/25,listed-swingvester-25,scoringdance,review series identity",Historical listing needs a reviewed series alias
"{""candidates"":[],""printed_name"":""The Open Swing Dance Championships"",""year"":2024}",series_alias,2024,history_year,snap_20260913T055353Z_2f7c24378244,2024-12:the-open-swing-dance-championships,history_listing,"The Open Swing Dance Championships,listed-the-open-swing-dance-championships,wsdc_calendar,review series identity",Historical listing needs a reviewed series alias
"{""candidates"":[],""printed_name"":""The US Open Swing Dance Championships"",""year"":2024}",series_alias,2024,history_year,snap_20260913T055339Z_5308cf7b884e,2024-12:the-us-open-swing-dance-championships,history_listing,"The US Open Swing Dance Championships,listed-the-us-open-swing-dance-championships,wsdc_calendar,review series identity",Historical listing needs a reviewed series alias
"{""candidates"":[],""printed_name"":""Winter White WCS Unconfirmed)"",""year"":2024}",series_alias,2024,history_year,snap_20260913T055220Z_d77aed35c78d,2024-12:winter-white-wcs-unconfirmed,history_listing,"Winter White WCS Unconfirmed),listed-winter-white-wcs-unconfirmed,wsdc_calendar,review series identity",Historical listing needs a reviewed series alias
"{""date_spans"":[[""2025-01-30"",""2025-01-30""],[""2025-01-30"",""2025-02-02""]],""year"":2025}",event_alias,2025,history_year,,2025-01-paris-swing-classic,event,,Multiple dated editions match one registry occurrence
"{""date_spans"":[[""2025-04-30"",""2025-04-30""],[""2025-04-30"",""2025-05-04""]],""year"":2025}",event_alias,2025,history_year,,2025-04-spring-time-swing,event,,Multiple dated editions match one registry occurrence
"{""date_spans"":[[""2025-05-23"",""2025-05-25""],[""2025-05-30"",""2025-05-30""],[""2025-05-30"",""2025-06-01""]],""year"":2025}",event_alias,2025,history_year,,2025-05-hungarian-open,event,,Multiple dated editions match one registry occurrence
"{""date_spans"":[[""2025-08-28"",""2025-08-28""],[""2025-08-28"",""2025-09-01""]],""year"":2025}",event_alias,2025,history_year,,2025-08-rolling-swing,event,,Multiple dated editions match one registry occurrence
"{""date_spans"":[[""2025-10-30"",""2025-10-30""],[""2025-10-30"",""2025-11-03""]],""year"":2025}",event_alias,2025,history_year,,2025-10-warsaw-halloween-swing,event,,Multiple dated editions match one registry occurrence
"{""candidates"":[],""printed_name"":""Budafest 2025"",""year"":2025}",series_alias,2025,history_year,snap_20260910T061303Z_4ad7eb457c1f,2025-01:budafest,history_listing,"Budafest 2025,listed-budafest,scoringdance,review series identity",Historical listing needs a reviewed series alias
"{""candidates"":[""wsdc-334"",""wsdc-39""],""printed_name"":""Countdown Swing Boston"",""year"":2025}",series_alias,2025,history_year,snap_20260913T055411Z_037bc2fb7478,2025-01:countdown-swing-boston,history_listing,"Countdown Swing Boston,listed-countdown-swing-boston,wsdc_calendar,review series identity",Historical listing needs a reviewed series alias
"{""candidates"":[],""printed_name"":""Country Couver 2025"",""year"":2025}",series_alias,2025,history_year,snap_20260910T060804Z_76e77086d3ed,2025-01:country-couver,history_listing,"Country Couver 2025,listed-country-couver,scoringdance,review series identity",Historical listing needs a reviewed series alias
"{""candidates"":[],""printed_name"":""Latin Dream Bachata Festival 2025"",""year"":2025}",series_alias,2025,history_year,snap_20260910T063528Z_b26858ba799b,2025-01:latin-dream-bachata-festival,history_listing,"Latin Dream Bachata Festival 2025,listed-latin-dream-bachata-festival,scoringdance,review series identity",Historical listing needs a reviewed series alias
"{""candidates"":[],""printed_name"":""MontereySwingfest 2025"",""year"":2025}",series_alias,2025,history_year,snap_20260910T060152Z_76459cf37859,2025-01:montereyswingfest,history_listing,"MontereySwingfest 2025,listed-montereyswingfest,scoringdance,review series identity",Historical listing needs a reviewed series alias
"{""candidates"":[],""printed_name"":""Munich Bachata Fest 2025"",""year"":2025}",series_alias,2025,history_year,snap_20260910T053825Z_42442219a3b3,2025-01:munich-bachata-fest,history_listing,"Munich Bachata Fest 2025,listed-munich-bachata-fest,scoringdance,review series identity",Historical listing needs a reviewed series alias
"{""candidates"":[],""printed_name"":""Municorn Swing (Unconfirmed)"",""year"":2025}",series_alias,2025,history_year,snap_20260913T055411Z_037bc2fb7478,2025-01:municorn-swing-unconfirmed,history_listing,"Municorn Swing (Unconfirmed),listed-municorn-swing-unconfirmed,wsdc_calendar,review series identity",Historical listing needs a reviewed series alias
"{""candidates"":[],""printed_name"":""NJ Hustle Congress"",""year"":2025}",series_alias,2025,history_year,snap_20260909T150512Z_694f97493af0,2025-01:nj-hustle-congress,history_listing,"NJ Hustle Congress,listed-nj-hustle-congress,eepro,review series identity",Historical listing needs a reviewed series alias
"{""candidates"":[],""printed_name"":""Pure Bachata - Urban Fusion Festival 2025"",""year"":2025}",series_alias,2025,history_year,snap_20260910T060227Z_fc8a97b06b43,2025-01:pure-bachata-urban-fusion-festival,history_listing,"Pure Bachata - Urban Fusion Festival 2025,listed-pure-bachata-urban-fusion-festival,scoringdance,review series identity",Historical listing needs a reviewed series alias
"{""candidates"":[],""printed_name"":""Terra Livre Dance Festival 2025 (Winter Edition)"",""year"":2025}",series_alias,2025,history_year,snap_20260910T053504Z_cfe6d72a232b,2025-01:terra-livre-dance-festival-winter-edition,history_listing,"Terra Livre Dance Festival 2025 (Winter Edition),listed-terra-livre-dance-festival-winter-edition,scoringdance,review series identity",Historical listing needs a reviewed series alias
"{""candidates"":[],""printed_name"":""Bachatation Festival 2025"",""year"":2025}",series_alias,2025,history_year,snap_20260910T053424Z_ec178ea4f6fd,2025-02:bachatation-festival,history_listing,"Bachatation Festival 2025,listed-bachatation-festival,scoringdance,review series identity",Historical listing needs a reviewed series alias
"{""candidates"":[],""printed_name"":""Capital Swing"",""year"":2025}",series_alias,2025,history_year,snap_20260909T150512Z_694f97493af0,2025-02:capital-swing,history_listing,"Capital Swing,listed-capital-swing,eepro,review series identity",Historical listing needs a reviewed series alias
"{""candidates"":[],""printed_name"":""Luxembourg Bachata Family Festival 2025"",""year"":2025}",series_alias,2025,history_year,snap_20260910T063513Z_2fdded52addc,2025-02:luxembourg-bachata-family-festival,history_listing,"Luxembourg Bachata Family Festival 2025,listed-luxembourg-bachata-family-festival,scoringdance,review series identity",Historical listing needs a reviewed series alias
"{""candidates"":[],""printed_name"":""NRW United Bachata Festival 2025"",""year"":2025}",series_alias,2025,history_year,snap_20260910T060820Z_8b419222e962,2025-02:nrw-united-bachata-festival,history_listing,"NRW United Bachata Festival 2025,listed-nrw-united-bachata-festival,scoringdance,review series identity",Historical listing needs a reviewed series alias
"{""candidates"":[],""printed_name"":""All Star SwingJam (Unconfirmed)"",""year"":2025}",series_alias,2025,history_year,snap_20260913T055430Z_17be191620ce,2025-03:all-star-swingjam-unconfirmed,history_listing,"All Star SwingJam (Unconfirmed),listed-all-star-swingjam-unconfirmed,wsdc_calendar,review series identity",Historical listing needs a reviewed series alias
"{""candidates"":[],""printed_name"":""Bachata Geneva Festival - Bachata Social World Cup 2025"",""year"":2025}",series_alias,2025,history_year,snap_20260910T051224Z_49f9718589da,2025-03:bachata-geneva-festival-bachata-social-world-cup,history_listing,"Bachata Geneva Festival - Bachata Social World Cup 2025,listed-bachata-geneva-festival-bachata-social-world-cup,scoringdance,review series identity",Historical listing needs a reviewed series alias
"{""candidates"":[],""printed_name"":""BINDAAS Bachata Festival 2025"",""year"":2025}",series_alias,2025,history_year,snap_20260910T051244Z_07fe29c24305,2025-03:bindaas-bachata-festival,history_listing,"BINDAAS Bachata Festival 2025,listed-bindaas-bachata-festival,scoringdance,review series identity",Historical listing needs a reviewed series alias
"{""candidates"":[],""printed_name"":""Dutch Open 2025"",""year"":2025}",series_alias,2025,history_year,snap_20260910T063502Z_c4783647af7f,2025-03:dutch-open,history_listing,"Dutch Open 2025,listed-dutch-open,scoringdance,review series identity",Historical listing needs a reviewed series alias
"{""candidates"":[],""printed_name"":""San Diego Dance Festival (Unconfirmed)"",""year"":2025}",series_alias,2025,history_year,snap_20260913T055430Z_17be191620ce,2025-03:san-diego-dance-festival-unconfirmed,history_listing,"San Diego Dance Festival (Unconfirmed),listed-san-diego-dance-festival-unconfirmed,wsdc_calendar,review series identity",Historical listing needs a reviewed series alias
"{""candidates"":[],""printed_name"":""Bachata Festival Germany 2025"",""year"":2025}",series_alias,2025,history_year,snap_20260910T061018Z_c10a513c73e4,2025-04:bachata-festival-germany,history_listing,"Bachata Festival Germany 2025,listed-bachata-festival-germany,scoringdance,review series identity",Historical listing needs a reviewed series alias
"{""candidates"":[],""printed_name"":""Bachata Sphere Weekend Paris 2025"",""year"":2025}",series_alias,2025,history_year,snap_20260910T063703Z_3e48ad267eae,2025-05:bachata-sphere-weekend-paris,history_listing,"Bachata Sphere Weekend Paris 2025,listed-bachata-sphere-weekend-paris,scoringdance,review series identity",Historical listing needs a reviewed series alias
"{""candidates"":[],""printed_name"":""Festival City Swing Edinburgh 2025"",""year"":2025}",series_alias,2025,history_year,snap_20260910T053404Z_af947048bc14,2025-05:festival-city-swing-edinburgh,history_listing,"Festival City Swing Edinburgh 2025,listed-festival-city-swing-edinburgh,scoringdance,review series identity",Historical listing needs a reviewed series alias
"{""candidates"":[],""printed_name"":""French Open 2025"",""year"":2025}",series_alias,2025,history_year,snap_20260910T060323Z_23617be80b15,2025-05:french-open,history_listing,"French Open 2025,listed-french-open,scoringdance,review series identity",Historical listing needs a reviewed series alias
"{""candidates"":[],""printed_name"":""GNDC"",""year"":2025}",series_alias,2025,history_year,snap_20260909T150512Z_694f97493af0,2025-05:gndc,history_listing,"GNDC,listed-gndc,eepro,review series identity",Historical listing needs a reviewed series alias
"{""candidates"":[],""printed_name"":""N:XT LEVEL SWING 2025"",""year"":2025}",series_alias,2025,history_year,snap_20260910T061037Z_da86147fd3de,2025-05:n-xt-level-swing,history_listing,"N:XT LEVEL SWING 2025,listed-n-xt-level-swing,scoringdance,review series identity",Historical listing needs a reviewed series alias
"{""candidates"":[],""printed_name"":""Pure Bachata Summer Festival (Bachata World Cup Geneva 2026 Qualifiers Event – Germany)"",""year"":2025}",series_alias,2025,history_year,snap_20260910T054103Z_c2a9b4454df1,2025-05:pure-bachata-summer-festival-bachata-world-cup-geneva-qualifiers-event-germany,history_listing,"Pure Bachata Summer Festival (Bachata World Cup Geneva 2026 Qualifiers Event – Germany),listed-pure-bachata-summer-festival-bachata-world-cup-geneva-qualifiers-event-germany,scoringdance,review series identity",Historical listing needs a reviewed series alias
"{""candidates"":[],""printed_name"":""Show Me Showdown (Unconfirmed)"",""year"":2025}",series_alias,2025,history_year,snap_20260913T055430Z_17be191620ce,2025-05:show-me-showdown-unconfirmed,history_listing,"Show Me Showdown (Unconfirmed),listed-show-me-showdown-unconfirmed,wsdc_calendar,review series identity",Historical listing needs a reviewed series alias
"{""candidates"":[],""printed_name"":""SOswing Convention 2025"",""year"":2025}",series_alias,2025,history_year,snap_20260910T060257Z_bed8a86fd55d,2025-05:soswing-convention,history_listing,"SOswing Convention 2025,listed-soswing-convention,scoringdance,review series identity",Historical listing needs a reviewed series alias
"{""candidates"":[],""printed_name"":""Swing of Music 2025"",""year"":2025}",series_alias,2025,history_year,snap_20260910T060641Z_015550e4aff5,2025-05:swing-of-music,history_listing,"Swing of Music 2025,listed-swing-of-music,scoringdance,review series identity",Historical listing needs a reviewed series alias
"{""candidates"":[],""printed_name"":""Texas Classic (Unconfirmed)"",""year"":2025}",series_alias,2025,history_year,snap_20260913T055430Z_17be191620ce,2025-05:texas-classic-unconfirmed,history_listing,"Texas Classic (Unconfirmed),listed-texas-classic-unconfirmed,wsdc_calendar,review series identity",Historical listing needs a reviewed series alias
"{""candidates"":[],""printed_name"":""Americano Dance Camp (Unconfirmed)"",""year"":2025}",series_alias,2025,history_year,snap_20260913T055430Z_17be191620ce,2025-06:americano-dance-camp-unconfirmed,history_listing,"Americano Dance Camp (Unconfirmed),listed-americano-dance-camp-unconfirmed,wsdc_calendar,review series identity",Historical listing needs a reviewed series alias
"{""candidates"":[],""printed_name"":""Bachata Beach Festival 2025"",""year"":2025}",series_alias,2025,history_year,snap_20260910T060626Z_42d65aeb4a35,2025-06:bachata-beach-festival,history_listing,"Bachata Beach Festival 2025,listed-bachata-beach-festival,scoringdance,review series identity",Historical listing needs a reviewed series alias
"{""candidates"":[],""printed_name"":""Bachata Sensual Congress Germany 2025"",""year"":2025}",series_alias,2025,history_year,snap_20260910T060151Z_5f8a2c18de8f,2025-06:bachata-sensual-congress-germany,history_listing,"Bachata Sensual Congress Germany 2025,listed-bachata-sensual-congress-germany,scoringdance,review series identity",Historical listing needs a reviewed series alias
"{""candidates"":[],""printed_name"":""Barock Swing"",""year"":2025}",series_alias,2025,history_year,snap_20260913T055411Z_037bc2fb7478,2025-06:barock-swing,history_listing,"Barock Swing,listed-barock-swing,wsdc_calendar,review series identity",Historical listing needs a reviewed series alias
"{""candidates"":[],""printed_name"":""Colorado Country Classic (Unconfirmed)"",""year"":2025}",series_alias,2025,history_year,snap_20260913T055430Z_17be191620ce,2025-06:colorado-country-classic-unconfirmed,history_listing,"Colorado Country Classic (Unconfirmed),listed-colorado-country-classic-unconfirmed,wsdc_calendar,review series identity",Historical listing needs a reviewed series alias
"{""candidates"":[],""printed_name"":""Dance N Play (Unconfirmed)"",""year"":2025}",series_alias,2025,history_year,snap_20260913T055430Z_17be191620ce,2025-06:dance-n-play-unconfirmed,history_listing,"Dance N Play (Unconfirmed),listed-dance-n-play-unconfirmed,wsdc_calendar,review series identity",Historical listing needs a reviewed series alias
"{""candidates"":[],""printed_name"":""French Connection 2025"",""year"":2025}",series_alias,2025,history_year,snap_20260910T060746Z_c3065c9befc0,2025-06:french-connection,history_listing,"French Connection 2025,listed-french-connection,scoringdance,review series identity",Historical listing needs a reviewed series alias
"{""candidates"":[],""printed_name"":""Hembsy Chill SILC Competition 2025"",""year"":2025}",series_alias,2025,history_year,snap_20260910T054224Z_1349ffceab74,2025-06:hembsy-chill-silc-competition,history_listing,"Hembsy Chill SILC Competition 2025,listed-hembsy-chill-silc-competition,scoringdance,review series identity",Historical listing needs a reviewed series alias
"{""candidates"":[],""printed_name"":""Liberty Swing"",""year"":2025}",series_alias,2025,history_year,snap_20260909T150512Z_694f97493af0,2025-06:liberty-swing,history_listing,"Liberty Swing,listed-liberty-swing,eepro,review series identity",Historical listing needs a reviewed series alias
"{""candidates"":[],""printed_name"":""Michigan Classic Swing 2025"",""year"":2025}",series_alias,2025,history_year,snap_20260913T055430Z_17be191620ce,2025-06:michigan-classic-swing,history_listing,"Michigan Classic Swing 2025,listed-michigan-classic-swing,wsdc_calendar,review series identity",Historical listing needs a reviewed series alias
"{""candidates"":[],""printed_name"":""Michigan Classic (Unconfirmed)"",""year"":2025}",series_alias,2025,history_year,snap_20260913T055430Z_17be191620ce,2025-06:michigan-classic-unconfirmed,history_listing,"Michigan Classic (Unconfirmed),listed-michigan-classic-unconfirmed,wsdc_calendar,review series identity",Historical listing needs a reviewed series alias
"{""candidates"":[],""printed_name"":""Nordic Bachata Congress 2025"",""year"":2025}",series_alias,2025,history_year,snap_20260910T054259Z_4805ef397844,2025-06:nordic-bachata-congress,history_listing,"Nordic Bachata Congress 2025,listed-nordic-bachata-congress,scoringdance,review series identity",Historical listing needs a reviewed series alias
"{""candidates"":[],""printed_name"":""Orange Blossom"",""year"":2025}",series_alias,2025,history_year,snap_20260909T150512Z_694f97493af0,2025-06:orange-blossom,history_listing,"Orange Blossom,listed-orange-blossom,eepro,review series identity",Historical listing needs a reviewed series alias
"{""candidates"":[],""printed_name"":""Orange Blossom Dance Festival (Unconfirmed)"",""year"":2025}",series_alias,2025,history_year,snap_20260913T055430Z_17be191620ce,2025-06:orange-blossom-dance-festival-unconfirmed,history_listing,"Orange Blossom Dance Festival (Unconfirmed),listed-orange-blossom-dance-festival-unconfirmed,wsdc_calendar,review series identity",Historical listing needs a reviewed series alias
"{""candidates"":[""wsdc-321"",""wsdc-331""],""printed_name"":""Swing Fiction"",""year"":2025}",series_alias,2025,history_year,snap_20260913T055430Z_17be191620ce,2025-06:swing-fiction,history_listing,"Swing Fiction,listed-swing-fiction,wsdc_calendar,review series identity",Historical listing needs a reviewed series alias
"{""candidates"":[],""printed_name"":""SWINGAPALOOZA (Unconfirmed)"",""year"":2025}",series_alias,2025,history_year,snap_20260913T055402Z_7d4968c3ecb5,2025-06:swingapalooza-unconfirmed,history_listing,"SWINGAPALOOZA (Unconfirmed),listed-swingapalooza-unconfirmed,wsdc_calendar,review series identity",Historical listing needs a reviewed series alias
"{""candidates"":[],""printed_name"":""Terra Livre Dance Festival 2025 (Summer Edition)"",""year"":2025}",series_alias,2025,history_year,snap_20260910T063118Z_90ebe357910b,2025-06:terra-livre-dance-festival-summer-edition,history_listing,"Terra Livre Dance Festival 2025 (Summer Edition),listed-terra-livre-dance-festival-summer-edition,scoringdance,review series identity",Historical listing needs a reviewed series alias
"{""candidates"":[],""printed_name"":""Big Apple CDF"",""year"":2025}",series_alias,2025,history_year,snap_20260909T150512Z_694f97493af0,2025-07:big-apple-cdf,history_listing,"Big Apple CDF,listed-big-apple-cdf,eepro,review series identity",Historical listing needs a reviewed series alias
"{""candidates"":[],""printed_name"":""Mediterranean Open 2025"",""year"":2025}",series_alias,2025,history_year,snap_20260910T063217Z_0a2928b381e2,2025-07:mediterranean-open,history_listing,"Mediterranean Open 2025,listed-mediterranean-open,scoringdance,review series identity",Historical listing needs a reviewed series alias
"{""candidates"":[],""printed_name"":""Midwest Westie Fest (Unconfirmed)"",""year"":2025}",series_alias,2025,history_year,snap_20260913T055430Z_17be191620ce,2025-07:midwest-westie-fest-unconfirmed,history_listing,"Midwest Westie Fest (Unconfirmed),listed-midwest-westie-fest-unconfirmed,wsdc_calendar,review series identity",Historical listing needs a reviewed series alias
"{""candidates"":[],""printed_name"":""Odyssey West Coast Swing (Unconfirmed)"",""year"":2025}",series_alias,2025,history_year,snap_20260913T055430Z_17be191620ce,2025-07:odyssey-west-coast-swing-unconfirmed,history_listing,"Odyssey West Coast Swing (Unconfirmed),listed-odyssey-west-coast-swing-unconfirmed,wsdc_calendar,review series identity",Historical listing needs a reviewed series alias
"{""candidates"":[],""printed_name"":""SaunaSwing (Unconfirmed)"",""year"":2025}",series_alias,2025,history_year,snap_20260913T055430Z_17be191620ce,2025-07:saunaswing-unconfirmed,history_listing,"SaunaSwing (Unconfirmed),listed-saunaswing-unconfirmed,wsdc_calendar,review series identity",Historical listing needs a reviewed series alias
"{""candidates"":[],""printed_name"":""The Bend Connection (Unconfirmed)"",""year"":2025}",series_alias,2025,history_year,snap_20260913T055411Z_037bc2fb7478,2025-07:the-bend-connection-unconfirmed,history_listing,"The Bend Connection (Unconfirmed),listed-the-bend-connection-unconfirmed,wsdc_calendar,review series identity",Historical listing needs a reviewed series alias
"{""candidates"":[],""printed_name"":""Toronto Open Swing and Hustle Championships (Unconfirmed)"",""year"":2025}",series_alias,2025,history_year,snap_20260913T055430Z_17be191620ce,2025-07:toronto-open-swing-and-hustle-championships-unconfirmed,history_listing,"Toronto Open Swing and Hustle Championships (Unconfirmed),listed-toronto-open-swing-and-hustle-championships-unconfirmed,wsdc_calendar,review series identity",Historical listing needs a reviewed series alias
"{""candidates"":[],""printed_name"":""Arizona Dance Classic (Unconfirmed)"",""year"":2025}",series_alias,2025,history_year,snap_20260913T055430Z_17be191620ce,2025-08:arizona-dance-classic-unconfirmed,history_listing,"Arizona Dance Classic (Unconfirmed),listed-arizona-dance-classic-unconfirmed,wsdc_calendar,review series identity",Historical listing needs a reviewed series alias
"{""candidates"":[],""printed_name"":""Chicagoland Country and Swing Dance Festival (Unconfirmed)"",""year"":2025}",series_alias,2025,history_year,snap_20260913T055430Z_17be191620ce,2025-08:chicagoland-country-and-swing-dance-festival-unconfirmed,history_listing,"Chicagoland Country and Swing Dance Festival (Unconfirmed),listed-chicagoland-country-and-swing-dance-festival-unconfirmed,wsdc_calendar,review series identity",Historical listing needs a reviewed series alias
"{""candidates"":[],""printed_name"":""Grand Party Sofia 2025"",""year"":2025}",series_alias,2025,history_year,snap_20260910T051259Z_bbd331989846,2025-08:grand-party-sofia,history_listing,"Grand Party Sofia 2025,listed-grand-party-sofia,scoringdance,review series identity",Historical listing needs a reviewed series alias
"{""candidates"":[],""printed_name"":""Lonestar Invitational (Unconfirmed)"",""year"":2025}",series_alias,2025,history_year,snap_20260913T055430Z_17be191620ce,2025-08:lonestar-invitational-unconfirmed,history_listing,"Lonestar Invitational (Unconfirmed),listed-lonestar-invitational-unconfirmed,wsdc_calendar,review series identity",Historical listing needs a reviewed series alias
"{""candidates"":[],""printed_name"":""NE Dance Festival"",""year"":2025}",series_alias,2025,history_year,snap_20260909T150512Z_694f97493af0,2025-08:ne-dance-festival,history_listing,"NE Dance Festival,listed-ne-dance-festival,eepro,review series identity",Historical listing needs a reviewed series alias
"{""candidates"":[],""printed_name"":""New England Dance Festival (Unconfirmed)"",""year"":2025}",series_alias,2025,history_year,snap_20260913T055402Z_7d4968c3ecb5,2025-08:new-england-dance-festival-unconfirmed,history_listing,"New England Dance Festival (Unconfirmed),listed-new-england-dance-festival-unconfirmed,wsdc_calendar,review series identity",Historical listing needs a reviewed series alias
"{""candidates"":[],""printed_name"":""Riga Summer Swing (Unconfirmed)"",""year"":2025}",series_alias,2025,history_year,snap_20260913T055430Z_17be191620ce,2025-08:riga-summer-swing-unconfirmed,history_listing,"Riga Summer Swing (Unconfirmed),listed-riga-summer-swing-unconfirmed,wsdc_calendar,review series identity",Historical listing needs a reviewed series alias
"{""candidates"":[],""printed_name"":""Sea Sun & Swing Camp (Hiatus in 2025)"",""year"":2025}",series_alias,2025,history_year,snap_20260913T055430Z_17be191620ce,2025-08:sea-sun-swing-camp-in,history_listing,"Sea Sun & Swing Camp (Hiatus in 2025),listed-sea-sun-swing-camp-in,wsdc_calendar,review series identity",Historical listing needs a reviewed series alias
"{""candidates"":[],""printed_name"":""Sea Sun & Swing Camp (Unconfirmed)"",""year"":2025}",series_alias,2025,history_year,snap_20260913T055411Z_037bc2fb7478,2025-08:sea-sun-swing-camp-unconfirmed,history_listing,"Sea Sun & Swing Camp (Unconfirmed),listed-sea-sun-swing-camp-unconfirmed,wsdc_calendar,review series identity",Historical listing needs a reviewed series alias
"{""candidates"":[],""printed_name"":""Shakedown Swing (Unconfirmed)"",""year"":2025}",series_alias,2025,history_year,snap_20260913T055430Z_17be191620ce,2025-08:shakedown-swing-unconfirmed,history_listing,"Shakedown Swing (Unconfirmed),listed-shakedown-swing-unconfirmed,wsdc_calendar,review series identity",Historical listing needs a reviewed series alias
"{""candidates"":[],""printed_name"":""South Bay Dance Fling (Unconfirmed)"",""year"":2025}",series_alias,2025,history_year,snap_20260913T055430Z_17be191620ce,2025-08:south-bay-dance-fling-unconfirmed,history_listing,"South Bay Dance Fling (Unconfirmed),listed-south-bay-dance-fling-unconfirmed,wsdc_calendar,review series identity",Historical listing needs a reviewed series alias
"{""candidates"":[],""printed_name"":""SwingTime Denver (Unconfirmed)"",""year"":2025}",series_alias,2025,history_year,snap_20260913T055430Z_17be191620ce,2025-08:swingtime-denver-unconfirmed,history_listing,"SwingTime Denver (Unconfirmed),listed-swingtime-denver-unconfirmed,wsdc_calendar,review series identity",Historical listing needs a reviewed series alias
"{""candidates"":[],""printed_name"":""UpTown Swing (Unconfirmed)"",""year"":2025}",series_alias,2025,history_year,snap_20260913T055430Z_17be191620ce,2025-08:uptown-swing-unconfirmed,history_listing,"UpTown Swing (Unconfirmed),listed-uptown-swing-unconfirmed,wsdc_calendar,review series identity",Historical listing needs a reviewed series alias
"{""candidates"":[],""printed_name"":""WCS Magyar Kupa 2025"",""year"":2025}",series_alias,2025,history_year,snap_20260910T054011Z_045336ef5a1c,2025-08:wcs-magyar-kupa,history_listing,"WCS Magyar Kupa 2025,listed-wcs-magyar-kupa,scoringdance,review series identity",Historical listing needs a reviewed series alias
"{""candidates"":[],""printed_name"":""Bachata Sensual Chicago 2025"",""year"":2025}",series_alias,2025,history_year,snap_20260910T053841Z_0cb855607d86,2025-09:bachata-sensual-chicago,history_listing,"Bachata Sensual Chicago 2025,listed-bachata-sensual-chicago,scoringdance,review series identity",Historical listing needs a reviewed series alias
"{""candidates"":[],""printed_name"":""Extravadanza Bachata Congress 2025"",""year"":2025}",series_alias,2025,history_year,snap_20260910T053512Z_00ad7cc782ab,2025-09:extravadanza-bachata-congress,history_listing,"Extravadanza Bachata Congress 2025,listed-extravadanza-bachata-congress,scoringdance,review series identity",Historical listing needs a reviewed series alias
"{""candidates"":[],""printed_name"":""WCSParty 2025"",""year"":2025}",series_alias,2025,history_year,snap_20260910T054248Z_38b636bf13ef,2025-09:wcsparty,history_listing,"WCSParty 2025,listed-wcsparty,scoringdance,review series identity",Historical listing needs a reviewed series alias
"{""candidates"":[],""printed_name"":""Aloha Open 2025"",""year"":2025}",series_alias,2025,history_year,snap_20260910T061253Z_52e900c7a8be,2025-10:aloha-open,history_listing,"Aloha Open 2025,listed-aloha-open,scoringdance,review series identity",Historical listing needs a reviewed series alias
"{""candidates"":[],""printed_name"":""Bachata Zouk Royals 2025"",""year"":2025}",series_alias,2025,history_year,snap_20260910T063458Z_425dabfc0f83,2025-10:bachata-zouk-royals,history_listing,"Bachata Zouk Royals 2025,listed-bachata-zouk-royals,scoringdance,review series identity",Historical listing needs a reviewed series alias
"{""candidates"":[],""printed_name"":""Norwegian Open 2025"",""year"":2025}",series_alias,2025,history_year,snap_20260910T063523Z_e7ae47117066,2025-10:norwegian-open,history_listing,"Norwegian Open 2025,listed-norwegian-open,scoringdance,review series identity",Historical listing needs a reviewed series alias
"{""candidates"":[],""printed_name"":""SASS"",""year"":2025}",series_alias,2025,history_year,snap_20260909T150512Z_694f97493af0,2025-10:sass,history_listing,"SASS,listed-sass,eepro,review series identity",Historical listing needs a reviewed series alias
"{""candidates"":[],""printed_name"":""Scandinavian Open 2025 [SNOW]"",""year"":2025}",series_alias,2025,history_year,snap_20260910T063122Z_30396944a079,2025-10:scandinavian-open-snow,history_listing,"Scandinavian Open 2025 [SNOW],listed-scandinavian-open-snow,scoringdance,review series identity",Historical listing needs a reviewed series alias
"{""candidates"":[],""printed_name"":""SSAS- Spooky Albany Swing Spectacular"",""year"":2025}",series_alias,2025,history_year,snap_20260913T055430Z_17be191620ce,2025-10:ssas-spooky-albany-swing-spectacular,history_listing,"SSAS- Spooky Albany Swing Spectacular,listed-ssas-spooky-albany-swing-spectacular,wsdc_calendar,review series identity",Historical listing needs a reviewed series alias
"{""candidates"":[],""printed_name"":""WCS Festival Düsseldorf 2025"",""year"":2025}",series_alias,2025,history_year,snap_20260910T060244Z_9d2a07606b61,2025-10:wcs-festival-dusseldorf,history_listing,"WCS Festival Düsseldorf 2025,listed-wcs-festival-dusseldorf,scoringdance,review series identity",Historical listing needs a reviewed series alias
"{""candidates"":[],""printed_name"":""Ceroc Champs 2025"",""year"":2025}",series_alias,2025,history_year,snap_20260910T053633Z_bf409aa9f9db,2025-11:ceroc-champs,history_listing,"Ceroc Champs 2025,listed-ceroc-champs,scoringdance,review series identity",Historical listing needs a reviewed series alias
"{""candidates"":[],""printed_name"":""Flowstate 2025"",""year"":2025}",series_alias,2025,history_year,snap_20260910T061042Z_2fb3aaf7878b,2025-11:flowstate,history_listing,"Flowstate 2025,listed-flowstate,scoringdance,review series identity",Historical listing needs a reviewed series alias
"{""candidates"":[],""printed_name"":""Northeast Swing Clasic"",""year"":2025}",series_alias,2025,history_year,snap_20260909T150512Z_694f97493af0,2025-11:northeast-swing-clasic,history_listing,"Northeast Swing Clasic,listed-northeast-swing-clasic,eepro,review series identity",Historical listing needs a reviewed series alias
"{""candidates"":[],""printed_name"":""Pure Bachata Winter Festival 2025"",""year"":2025}",series_alias,2025,history_year,snap_20260910T063628Z_882f121da579,2025-11:pure-bachata-winter-festival,history_listing,"Pure Bachata Winter Festival 2025,listed-pure-bachata-winter-festival,scoringdance,review series identity",Historical listing needs a reviewed series alias
"{""candidates"":[""wsdc-325"",""wsdc-330""],""printed_name"":""Simply Adelaide West Coast Swing"",""year"":2025}",series_alias,2025,history_year,snap_20260913T055430Z_17be191620ce,2025-11:simply-adelaide-west-coast-swing,history_listing,"Simply Adelaide West Coast Swing,listed-simply-adelaide-west-coast-swing,wsdc_calendar,review series identity",Historical listing needs a reviewed series alias
"{""candidates"":[],""printed_name"":""The Open"",""year"":2025}",series_alias,2025,history_year,snap_20260909T150512Z_694f97493af0,2025-11:the-open,history_listing,"The Open,listed-the-open,eepro,review series identity",Historical listing needs a reviewed series alias
"{""candidates"":[],""printed_name"":""Bachata Beyond 2025 | The Enchanted Realm of Rhythm"",""year"":2025}",series_alias,2025,history_year,snap_20260910T063518Z_706ee953570a,2025-12:bachata-beyond-the-enchanted-realm-of-rhythm,history_listing,"Bachata Beyond 2025 | The Enchanted Realm of Rhythm,listed-bachata-beyond-the-enchanted-realm-of-rhythm,scoringdance,review series identity",Historical listing needs a reviewed series alias
"{""candidates"":[],""printed_name"":""Global Grand Prix WCS 2025"",""year"":2025}",series_alias,2025,history_year,snap_20260910T054405Z_2e5f268f69c7,2025-12:global-grand-prix-wcs,history_listing,"Global Grand Prix WCS 2025,listed-global-grand-prix-wcs,scoringdance,review series identity",Historical listing needs a reviewed series alias
"{""candidates"":[],""printed_name"":""Swingle Bell Rock"",""year"":2025}",series_alias,2025,history_year,snap_20260909T150512Z_694f97493af0,2025-12:swingle-bell-rock,history_listing,"Swingle Bell Rock,listed-swingle-bell-rock,eepro,review series identity",Historical listing needs a reviewed series alias
"{""candidates"":[],""printed_name"":""SwingVester 2025/26 WSDC"",""year"":2025}",series_alias,2025,history_year,snap_20260910T061233Z_4588103f377e,2025-12:swingvester-26-wsdc,history_listing,"SwingVester 2025/26 WSDC,listed-swingvester-26-wsdc,scoringdance,review series identity",Historical listing needs a reviewed series alias
"{""date_spans"":[[""2026-10-22"",""2026-10-24""],[""2026-10-23"",""2026-10-25""]],""year"":2026}",event_alias,2026,history_year,,2026-10-swingside-invitational,event,,Multiple dated editions match one registry occurrence
"{""date_spans"":[[""2026-10-15"",""2026-10-17""],[""2026-10-16"",""2026-10-18""]],""year"":2026}",event_alias,2026,history_year,,2026-10-wcs-festival,event,,Multiple dated editions match one registry occurrence
"{""candidates"":[],""printed_name"":""BachaZouk Bachata Festival 2026"",""year"":2026}",series_alias,2026,history_year,snap_20260910T053556Z_32aecf05d35e,2026-01:bachazouk-bachata-festival,history_listing,"BachaZouk Bachata Festival 2026,listed-bachazouk-bachata-festival,scoringdance,review series identity",Historical listing needs a reviewed series alias
"{""candidates"":[],""printed_name"":""Big 3 Festival Hamburg 2026 (Bachata Jack & Jill)"",""year"":2026}",series_alias,2026,history_year,snap_20260910T060830Z_35a5572a75b9,2026-01:big-3-festival-hamburg-bachata-jack-jill,history_listing,"Big 3 Festival Hamburg 2026 (Bachata Jack & Jill),listed-big-3-festival-hamburg-bachata-jack-jill,scoringdance,review series identity",Historical listing needs a reviewed series alias
"{""candidates"":[],""printed_name"":""Big 3 Festival Hamburg 2026 (Salsa Jack & Jill)"",""year"":2026}",series_alias,2026,history_year,snap_20260910T063142Z_598e949bb012,2026-01:big-3-festival-hamburg-salsa-jack-jill,history_listing,"Big 3 Festival Hamburg 2026 (Salsa Jack & Jill),listed-big-3-festival-hamburg-salsa-jack-jill,scoringdance,review series identity",Historical listing needs a reviewed series alias
"{""candidates"":[],""printed_name"":""Budafest 2026"",""year"":2026}",series_alias,2026,history_year,snap_20260910T053940Z_628e8e59842a,2026-01:budafest,history_listing,"Budafest 2026,listed-budafest,scoringdance,review series identity",Historical listing needs a reviewed series alias
"{""candidates"":[""wsdc-334"",""wsdc-39""],""printed_name"":""Countdown Swing Boston"",""year"":2026}",series_alias,2026,history_year,snap_20260909T150512Z_694f97493af0,2026-01:countdown-swing-boston,history_listing,"Countdown Swing Boston,listed-countdown-swing-boston,eepro,review series identity",Historical listing needs a reviewed series alias
"{""candidates"":[],""printed_name"":""Latin Dreams 2026"",""year"":2026}",series_alias,2026,history_year,snap_20260910T060113Z_f26c51bf96a5,2026-01:latin-dreams,history_listing,"Latin Dreams 2026,listed-latin-dreams,scoringdance,review series identity",Historical listing needs a reviewed series alias
"{""candidates"":[],""printed_name"":""Monterey Swinfest  2026"",""year"":2026}",series_alias,2026,history_year,snap_20260910T060237Z_ec3a9683fbdf,2026-01:monterey-swinfest,history_listing,"Monterey Swinfest  2026,listed-monterey-swinfest,scoringdance,review series identity",Historical listing needs a reviewed series alias
"{""candidates"":[],""printed_name"":""NJ Hustle Congress"",""year"":2026}",series_alias,2026,history_year,snap_20260909T150512Z_694f97493af0,2026-01:nj-hustle-congress,history_listing,"NJ Hustle Congress,listed-nj-hustle-congress,eepro,review series identity",Historical listing needs a reviewed series alias
"{""candidates"":[],""printed_name"":""Pure Bachata - Role Rotation Weekend Cologne 2026"",""year"":2026}",series_alias,2026,history_year,snap_20260910T063433Z_fb2427859294,2026-01:pure-bachata-role-rotation-weekend-cologne,history_listing,"Pure Bachata - Role Rotation Weekend Cologne 2026,listed-pure-bachata-role-rotation-weekend-cologne,scoringdance,review series identity",Historical listing needs a reviewed series alias
"{""candidates"":[],""printed_name"":""Capital Swing"",""year"":2026}",series_alias,2026,history_year,snap_20260909T150512Z_694f97493af0,2026-02:capital-swing,history_listing,"Capital Swing,listed-capital-swing,eepro,review series identity",Historical listing needs a reviewed series alias
"{""candidates"":[],""printed_name"":""Munich Bachata Fest 2026"",""year"":2026}",series_alias,2026,history_year,snap_20260910T060142Z_d2c960cf644c,2026-02:munich-bachata-fest,history_listing,"Munich Bachata Fest 2026,listed-munich-bachata-fest,scoringdance,review series identity",Historical listing needs a reviewed series alias
"{""candidates"":[],""printed_name"":""Dutch Open 2026"",""year"":2026}",series_alias,2026,history_year,snap_20260910T060733Z_a87b2f4501f9,2026-03:dutch-open,history_listing,"Dutch Open 2026,listed-dutch-open,scoringdance,review series identity",Historical listing needs a reviewed series alias
"{""candidates"":[],""printed_name"":""Flow Festival NYC"",""year"":2026}",series_alias,2026,history_year,snap_20260913T055430Z_17be191620ce,2026-03:flow-festival-nyc,history_listing,"Flow Festival NYC,listed-flow-festival-nyc,wsdc_calendar,review series identity",Historical listing needs a reviewed series alias
"{""candidates"":[],""printed_name"":""MADjam"",""year"":2026}",series_alias,2026,history_year,snap_20260909T150512Z_694f97493af0,2026-03:madjam,history_listing,"MADjam,listed-madjam,eepro,review series identity",Historical listing needs a reviewed series alias
"{""candidates"":[],""printed_name"":""Korean Open 2026"",""year"":2026}",series_alias,2026,history_year,snap_20260910T053545Z_62cc8ca592bf,2026-04:korean-open,history_listing,"Korean Open 2026,listed-korean-open,scoringdance,review series identity",Historical listing needs a reviewed series alias
"{""candidates"":[],""printed_name"":""Lyon Bachata Festival 2026"",""year"":2026}",series_alias,2026,history_year,snap_20260910T032911Z_34e948f7fea1,2026-04:lyon-bachata-festival,history_listing,"Lyon Bachata Festival 2026,listed-lyon-bachata-festival,scoringdance,review series identity",Historical listing needs a reviewed series alias
"{""candidates"":[],""printed_name"":""Festival City Swing Edinburgh 2026"",""year"":2026}",series_alias,2026,history_year,snap_20260910T060716Z_f1624b69a3b1,2026-05:festival-city-swing-edinburgh,history_listing,"Festival City Swing Edinburgh 2026,listed-festival-city-swing-edinburgh,scoringdance,review series identity",Historical listing needs a reviewed series alias
"{""candidates"":[],""printed_name"":""French Open 2026"",""year"":2026}",series_alias,2026,history_year,snap_20260910T053308Z_99c8e4d26bcd,2026-05:french-open,history_listing,"French Open 2026,listed-french-open,scoringdance,review series identity",Historical listing needs a reviewed series alias
"{""candidates"":[],""printed_name"":""GNDC"",""year"":2026}",series_alias,2026,history_year,snap_20260909T150512Z_694f97493af0,2026-05:gndc,history_listing,"GNDC,listed-gndc,eepro,review series identity",Historical listing needs a reviewed series alias
"{""candidates"":[],""printed_name"":""SOswing Convention 2026"",""year"":2026}",series_alias,2026,history_year,snap_20260910T060440Z_f5d00de4b9e1,2026-05:soswing-convention,history_listing,"SOswing Convention 2026,listed-soswing-convention,scoringdance,review series identity",Historical listing needs a reviewed series alias
"{""candidates"":[],""printed_name"":""Swing of Music 2026"",""year"":2026}",series_alias,2026,history_year,snap_20260910T060358Z_ee543ea8fb47,2026-05:swing-of-music,history_listing,"Swing of Music 2026,listed-swing-of-music,scoringdance,review series identity",Historical listing needs a reviewed series alias
"{""candidates"":[],""printed_name"":""Bachata Beach Festival"",""year"":2026}",series_alias,2026,history_year,snap_20260910T060737Z_e4e544a55ed6,2026-06:bachata-beach-festival,history_listing,"Bachata Beach Festival,listed-bachata-beach-festival,scoringdance,review series identity",Historical listing needs a reviewed series alias
"{""candidates"":[],""printed_name"":""BaroqueSwing Ludwigsburg 2026"",""year"":2026}",series_alias,2026,history_year,snap_20260910T060932Z_1ca69bb1632c,2026-06:baroqueswing-ludwigsburg,history_listing,"BaroqueSwing Ludwigsburg 2026,listed-baroqueswing-ludwigsburg,scoringdance,review series identity",Historical listing needs a reviewed series alias
"{""candidates"":[],""printed_name"":""Disco America"",""year"":2026}",series_alias,2026,history_year,snap_20260909T150512Z_694f97493af0,2026-06:disco-america,history_listing,"Disco America,listed-disco-america,eepro,review series identity",Historical listing needs a reviewed series alias
"{""candidates"":[],""printed_name"":""Hembsy Chill SILC Competition 2026"",""year"":2026}",series_alias,2026,history_year,snap_20260910T061032Z_11446e02d91a,2026-06:hembsy-chill-silc-competition,history_listing,"Hembsy Chill SILC Competition 2026,listed-hembsy-chill-silc-competition,scoringdance,review series identity",Historical listing needs a reviewed series alias
"{""candidates"":[],""printed_name"":""Liberty Swing"",""year"":2026}",series_alias,2026,history_year,snap_20260909T150512Z_694f97493af0,2026-06:liberty-swing,history_listing,"Liberty Swing,listed-liberty-swing,eepro,review series identity",Historical listing needs a reviewed series alias
"{""candidates"":[],""printed_name"":""Orange Blossom"",""year"":2026}",series_alias,2026,history_year,snap_20260909T150512Z_694f97493af0,2026-06:orange-blossom,history_listing,"Orange Blossom,listed-orange-blossom,eepro,review series identity",Historical listing needs a reviewed series alias
"{""candidates"":[],""printed_name"":""French Connection 2026"",""year"":2026}",series_alias,2026,history_year,snap_20260910T060210Z_acd990521dc3,2026-07:french-connection,history_listing,"French Connection 2026,listed-french-connection,scoringdance,review series identity",Historical listing needs a reviewed series alias
"{""candidates"":[],""printed_name"":""Infinite Swing Munich 2026"",""year"":2026}",series_alias,2026,history_year,snap_20260910T054354Z_ed79ffc2f8fb,2026-07:infinite-swing-munich,history_listing,"Infinite Swing Munich 2026,listed-infinite-swing-munich,scoringdance,review series identity",Historical listing needs a reviewed series alias
"{""candidates"":[],""printed_name"":""Mediterranean Open 2026"",""year"":2026}",series_alias,2026,history_year,snap_20260910T051344Z_a5d95924b8ba,2026-07:mediterranean-open,history_listing,"Mediterranean Open 2026,listed-mediterranean-open,scoringdance,review series identity",Historical listing needs a reviewed series alias
"{""candidates"":[],""printed_name"":""Grand Party Sofia 2026"",""year"":2026}",series_alias,2026,history_year,snap_20260910T060900Z_06c0c3eb16fe,2026-08:grand-party-sofia,history_listing,"Grand Party Sofia 2026,listed-grand-party-sofia,scoringdance,review series identity",Historical listing needs a reviewed series alias
"{""candidates"":[],""printed_name"":""Calgary Town Open"",""year"":2026}",series_alias,2026,history_year,de51b1e142624d9a854864ae05264d1b,2026-09:calgary-town-open,history_listing,"Calgary Town Open,listed-calgary-town-open,wsdc_calendar,review series identity",Historical listing needs a reviewed series alias
"{""candidates"":[],""printed_name"":""WCS Party in Vienna"",""year"":2026}",series_alias,2026,history_year,de51b1e142624d9a854864ae05264d1b,2026-09:wcs-party-in-vienna,history_listing,"WCS Party in Vienna,listed-wcs-party-in-vienna,wsdc_calendar,review series identity",Historical listing needs a reviewed series alias
"{""candidates"":[],""printed_name"":""Autumn Beat"",""year"":2026}",series_alias,2026,history_year,de51b1e142624d9a854864ae05264d1b,2026-10:autumn-beat,history_listing,"Autumn Beat,listed-autumn-beat,wsdc_calendar,review series identity",Historical listing needs a reviewed series alias
"{""candidates"":[],""printed_name"":""RiverSwingNights"",""year"":2026}",series_alias,2026,history_year,de51b1e142624d9a854864ae05264d1b,2026-10:riverswingnights,history_listing,"RiverSwingNights,listed-riverswingnights,wsdc_calendar,review series identity",Historical listing needs a reviewed series alias
"{""candidates"":[],""printed_name"":""Westie Harbor"",""year"":2026}",series_alias,2026,history_year,de51b1e142624d9a854864ae05264d1b,2026-10:westie-harbor,history_listing,"Westie Harbor,listed-westie-harbor,wsdc_calendar,review series identity",Historical listing needs a reviewed series alias
"{""candidates"":[""wsdc-325"",""wsdc-330""],""printed_name"":""Simply Adelaide West Coast Swing"",""year"":2026}",series_alias,2026,history_year,de51b1e142624d9a854864ae05264d1b,2026-11:simply-adelaide-west-coast-swing,history_listing,"Simply Adelaide West Coast Swing,listed-simply-adelaide-west-coast-swing,wsdc_calendar,review series identity",Historical listing needs a reviewed series alias
"{""candidates"":[],""printed_name"":""The Open Swing Dance Championships"",""year"":2026}",series_alias,2026,history_year,de51b1e142624d9a854864ae05264d1b,2026-11:the-open-swing-dance-championships,history_listing,"The Open Swing Dance Championships,listed-the-open-swing-dance-championships,wsdc_calendar,review series identity",Historical listing needs a reviewed series alias
"{""candidates"":[],""printed_name"":""Soul Flow - West Coast Swing Festival (Hiatus -- 2026)"",""year"":2026}",series_alias,2026,history_year,de51b1e142624d9a854864ae05264d1b,2026-12:soul-flow-west-coast-swing-festival,history_listing,"Soul Flow - West Coast Swing Festival (Hiatus -- 2026),listed-soul-flow-west-coast-swing-festival,wsdc_calendar,review series identity",Historical listing needs a reviewed series alias
"{""candidates"":[],""printed_name"":""Swiss Open WCS"",""year"":2026}",series_alias,2026,history_year,de51b1e142624d9a854864ae05264d1b,2026-12:swiss-open-wcs,history_listing,"Swiss Open WCS,listed-swiss-open-wcs,wsdc_calendar,review series identity",Historical listing needs a reviewed series alias
"{""candidates"":[],""printed_name"":""The After Party aka TAP"",""year"":2026}",series_alias,2026,history_year,de51b1e142624d9a854864ae05264d1b,2026-12:the-after-party-aka-tap,history_listing,"The After Party aka TAP,listed-the-after-party-aka-tap,wsdc_calendar,review series identity",Historical listing needs a reviewed series alias
"{""code"":""newsletter_undated_listing"",""evidence"":{""page"":1,""rows"":[""SACRAMENTO ALL SWING On Hiatus"",""SEA SUN & SWING CAMP Hiatus""]}}",parse_warning,02c885446884b1a3,parse,snap_20260913T053243Z_3347ef6a3141,02c885446884b1a3,watch,,Listed event has no safely parsed date; preserve hiatus or other notice for review
"{""code"":""newsletter_undated_listing"",""evidence"":{""page"":2,""rows"":[""Portland Dance Festival"",""Toronto Open Swing & Hustle Championships"",""Sea Sun & Swing Camp"",""Odyssey West Coast Swing"",""Riga Summer Swing""]}}",parse_warning,0331c12c7501c4d7,parse,snap_20260913T053404Z_622d98a01fec,0331c12c7501c4d7,watch,,Listed event has no safely parsed date; preserve hiatus or other notice for review
"{""code"":""newsletter_undated_listing"",""evidence"":{""page"":1,""rows"":[""Norway Westie Fest On Hiatus"",""Austin Rocks On Hiatus"",""Philly Swing Classic On Hiatus"",""European Swing Challenge On Hiatus""]}}",parse_warning,03ea49a165b62c16,parse,snap_20260913T053454Z_10de9e3a897e,03ea49a165b62c16,watch,,Listed event has no safely parsed date; preserve hiatus or other notice for review
"{""code"":""approval_notice_review"",""evidence"":{""notice"":""September 7 - 10, 2023                        We would like to welcome the following new Registry Events that have been approved in 2023:"",""page"":1}}",parse_warning,03ea49a165b62c16,parse,snap_20260913T053454Z_10de9e3a897e,03ea49a165b62c16,watch,,Prose approval notice needs a dated event interpretation
"{""code"":""newsletter_undated_listing"",""evidence"":{""page"":2,""rows"":[""NEW YEAR’S DANCE EXTRAVAGANZA Dec 31, 2019, Jan 3-5, 2020""]}}",parse_warning,04a6b591dada939d,parse,snap_20260913T053204Z_ea0a1cfa6f68,04a6b591dada939d,watch,,Listed event has no safely parsed date; preserve hiatus or other notice for review
"{""code"":""approval_notice_review"",""evidence"":{""page"":3}}",parse_warning,04b364a2709de01b,parse,snap_20260913T053435Z_ed5072b4dea1,04b364a2709de01b,watch,,Newsletter page has no safely dated event rows; review its sidebar and approval notices
"{""code"":""approval_notice_review"",""evidence"":{""notice"":""We want to see your spot on the calendar, so that new events are able to select locations and dates that                          ideal environment to promote"",""page"":3}}",parse_warning,04b364a2709de01b,parse,snap_20260913T053435Z_ed5072b4dea1,04b364a2709de01b,watch,,Prose approval notice needs a dated event interpretation
"{""code"":""newsletter_undated_listing"",""evidence"":{""page"":2,""rows"":[""Anchor Festival On Hiatus""]}}",parse_warning,04b364a2709de01b,parse,snap_20260913T053435Z_ed5072b4dea1,04b364a2709de01b,watch,,Listed event has no safely parsed date; preserve hiatus or other notice for review
"{""code"":""newsletter_colour_unverified"",""evidence"":{""colour_recovered"":false,""fallback"":""registry"",""snapshot_id"":""snap_20260913T053443Z_bf5de4bbd205""}}",parse_warning,1162e9dd286d5919,parse,snap_20260913T053443Z_bf5de4bbd205,1162e9dd286d5919,watch,,Trial or member activity colour was not recovered; newsletter registry status uses the documented fallback
"{""code"":""approval_notice_review"",""evidence"":{""notice"":""• Hungarian open                         We would like to welcome the following new Registry Events that have been approved in 2024:"",""page"":1}}",parse_warning,1162e9dd286d5919,parse,snap_20260913T053443Z_bf5de4bbd205,1162e9dd286d5919,watch,,Prose approval notice needs a dated event interpretation
"{""code"":""newsletter_undated_listing"",""evidence"":{""page"":3,""rows"":[""Ukrainian Open Canceled due to war""]}}",parse_warning,1162e9dd286d5919,parse,snap_20260913T053443Z_bf5de4bbd205,1162e9dd286d5919,watch,,Listed event has no safely parsed date; preserve hiatus or other notice for review
"{""code"":""newsletter_undated_listing"",""evidence"":{""page"":2,""rows"":[""HOLY LAND OPEN On Hiatus""]}}",parse_warning,178ff2249bf3864b,parse,snap_20260913T052910Z_44c788523cf4,178ff2249bf3864b,watch,,Listed event has no safely parsed date; preserve hiatus or other notice for review
"{""code"":""approval_notice_review"",""evidence"":{""notice"":""scores will not be posted to our database.  We                  events and new events.  Wednesday’s focus is                       December 6-9, 2018"",""page"":2}}",parse_warning,1a2091a036b54da4,parse,snap_20260913T053253Z_e19d60bb1ba4,1a2091a036b54da4,watch,,Prose approval notice needs a dated event interpretation
"{""code"":""newsletter_undated_listing"",""evidence"":{""page"":2,""rows"":[""Michigan classic On Hiatus"",""Dance N Play On Hiatus""]}}",parse_warning,21d1ab43c11001fd,parse,snap_20260913T053450Z_ce3c79f4aa99,21d1ab43c11001fd,watch,,Listed event has no safely parsed date; preserve hiatus or other notice for review
"{""code"":""newsletter_colour_unverified"",""evidence"":{""colour_recovered"":false,""fallback"":""registry"",""snapshot_id"":""snap_20260913T053450Z_ce3c79f4aa99""}}",parse_warning,21d1ab43c11001fd,parse,snap_20260913T053450Z_ce3c79f4aa99,21d1ab43c11001fd,watch,,Trial or member activity colour was not recovered; newsletter registry status uses the documented fallback
"{""code"":""newsletter_undated_listing"",""evidence"":{""page"":2,""rows"":[""SWEETHEART SWING CLASSIC On Hiatus""]}}",parse_warning,24ac0d62e3ebd6ec,parse,snap_20260913T053010Z_478d7ddb5edd,24ac0d62e3ebd6ec,watch,,Listed event has no safely parsed date; preserve hiatus or other notice for review
"{""code"":""approval_notice_review"",""evidence"":{""notice"":""from page 1)                                                    Leyva, who has been managing new events,                           Events"",""page"":2}}",parse_warning,24ac0d62e3ebd6ec,parse,snap_20260913T053010Z_478d7ddb5edd,24ac0d62e3ebd6ec,watch,,Prose approval notice needs a dated event interpretation
"{""code"":""newsletter_colour_unverified"",""evidence"":{""colour_recovered"":false,""fallback"":""registry"",""snapshot_id"":""snap_20260913T053010Z_478d7ddb5edd""}}",parse_warning,24ac0d62e3ebd6ec,parse,snap_20260913T053010Z_478d7ddb5edd,24ac0d62e3ebd6ec,watch,,Trial or member activity colour was not recovered; newsletter registry status uses the documented fallback
"{""code"":""approval_notice_review"",""evidence"":{""notice"":""on the calendar, so that new events are able to select locations and dates that comply with our time distance rules."",""page"":3}}",parse_warning,4c556379ddfc8976,parse,snap_20260913T053414Z_e2920d5d80be,4c556379ddfc8976,watch,,Prose approval notice needs a dated event interpretation
"{""code"":""newsletter_undated_listing"",""evidence"":{""page"":3,""rows"":[""Countdown Swing Boston Dec 29, 2022, Jan 2, 2023"",""Palm Springs New Year’s West Coast Swing and Hustle Dance Classic"",""Spotlight New Year’s Celebration"",""New Year’s Swing Fling""]}}",parse_warning,4c556379ddfc8976,parse,snap_20260913T053414Z_e2920d5d80be,4c556379ddfc8976,watch,,Listed event has no safely parsed date; preserve hiatus or other notice for review
"{""code"":""newsletter_undated_listing"",""evidence"":{""page"":2,""rows"":[""High Desert Dance Classic On Hiatus"",""Anchor Festival Canceld due to Covid"",""Boston Tea Party Canceld due to Covid""]}}",parse_warning,67fe2a3bf8c4ddf0,parse,snap_20260913T053423Z_68c1360eb9f6,67fe2a3bf8c4ddf0,watch,,Listed event has no safely parsed date; preserve hiatus or other notice for review
"{""code"":""newsletter_colour_unverified"",""evidence"":{""colour_recovered"":false,""fallback"":""registry"",""snapshot_id"":""snap_20260913T053423Z_68c1360eb9f6""}}",parse_warning,67fe2a3bf8c4ddf0,parse,snap_20260913T053423Z_68c1360eb9f6,67fe2a3bf8c4ddf0,watch,,Trial or member activity colour was not recovered; newsletter registry status uses the documented fallback
"{""code"":""newsletter_undated_listing"",""evidence"":{""page"":2,""rows"":[""ANCHOR FESTIVAL On Hiatus""]}}",parse_warning,6a08499b7448ee3a,parse,snap_20260913T053303Z_220a0f22f0f6,6a08499b7448ee3a,watch,,Listed event has no safely parsed date; preserve hiatus or other notice for review
"{""code"":""newsletter_colour_unverified"",""evidence"":{""colour_recovered"":false,""fallback"":""registry"",""snapshot_id"":""snap_20260913T053303Z_220a0f22f0f6""}}",parse_warning,6a08499b7448ee3a,parse,snap_20260913T053303Z_220a0f22f0f6,6a08499b7448ee3a,watch,,Trial or member activity colour was not recovered; newsletter registry status uses the documented fallback
"{""code"":""newsletter_undated_listing"",""evidence"":{""page"":2,""rows"":[""SUNNY SIDE DANCE CAMP On Hiatus""]}}",parse_warning,72339662f7f3d759,parse,snap_20260913T052919Z_08ef5aac2666,72339662f7f3d759,watch,,Listed event has no safely parsed date; preserve hiatus or other notice for review
"{""code"":""newsletter_undated_listing"",""evidence"":{""page"":2,""rows"":[""AUSTRALIAN WEST COAST SWING AND ZOUK On Hiatus""]}}",parse_warning,c6365db58b8bd816,parse,snap_20260913T052930Z_9938b86a7094,c6365db58b8bd816,watch,,Listed event has no safely parsed date; preserve hiatus or other notice for review
"{""code"":""newsletter_undated_listing"",""evidence"":{""page"":2,""rows"":[""HUNGARIAN OPEN May 24 – 26, 20189""]}}",parse_warning,d6b4a9c97c519c4c,parse,snap_20260913T053000Z_11d8e6dbdaab,d6b4a9c97c519c4c,watch,,Listed event has no safely parsed date; preserve hiatus or other notice for review
"{""code"":""newsletter_colour_unverified"",""evidence"":{""colour_recovered"":false,""fallback"":""registry"",""snapshot_id"":""snap_20260913T053000Z_11d8e6dbdaab""}}",parse_warning,d6b4a9c97c519c4c,parse,snap_20260913T053000Z_11d8e6dbdaab,d6b4a9c97c519c4c,watch,,Trial or member activity colour was not recovered; newsletter registry status uses the documented fallback
"{""code"":""newsletter_undated_listing"",""evidence"":{""page"":2,""rows"":[""OLD TOWN SWING On Hiatus""]}}",parse_warning,e6b4e4841d64fbfc,parse,snap_20260913T053153Z_b3d4d7e4936b,e6b4e4841d64fbfc,watch,,Listed event has no safely parsed date; preserve hiatus or other notice for review
"{""code"":""approval_notice_review"",""evidence"":{""notice"":""• ODYSSEY WEST COAST SWING                           Please send us your questions and topics of            especially those running new events, rely heavily"",""page"":1}}",parse_warning,e6b4e4841d64fbfc,parse,snap_20260913T053153Z_b3d4d7e4936b,e6b4e4841d64fbfc,watch,,Prose approval notice needs a dated event interpretation
"{""code"":""newsletter_undated_listing"",""evidence"":{""page"":1,""rows"":[""SWUSTLICIOUS October 19-22, 201717""]}}",parse_warning,f45c077ae2d34ab3,parse,snap_20260913T052950Z_43d0406b9025,f45c077ae2d34ab3,watch,,Listed event has no safely parsed date; preserve hiatus or other notice for review
"{""code"":""newsletter_undated_listing"",""evidence"":{""page"":2,""rows"":[""SLINGSHOT SWING On Hiatus"",""CMJ NSW WEST COAST SWING DANCE CHAMPIONSHIPS On Hiatus""]}}",parse_warning,f721b827e9cb8c06,parse,snap_20260913T052940Z_0177184cf9eb,f721b827e9cb8c06,watch,,Listed event has no safely parsed date; preserve hiatus or other notice for review
"{""code"":""approval_notice_review"",""evidence"":{""notice"":""Apr 13 – 16, 2017                      quarter of 2017 new registry events included:                  We currently have 154 Registry Events, 84 in"",""page"":1}}",parse_warning,f721b827e9cb8c06,parse,snap_20260913T052940Z_0177184cf9eb,f721b827e9cb8c06,watch,,Prose approval notice needs a dated event interpretation
"{""code"":""newsletter_colour_unverified"",""evidence"":{""colour_recovered"":false,""fallback"":""registry"",""snapshot_id"":""snap_20260913T035045Z_008aaf4c6933""}}",parse_warning,f9c97b60570ca15e,parse,snap_20260913T035045Z_008aaf4c6933,f9c97b60570ca15e,watch,,Trial or member activity colour was not recovered; newsletter registry status uses the documented fallback
"{""code"":""unrecognized_listing_date"",""evidence"":{""date"":""Mar. 25 - 28, 20101"",""location"":""Danvers, MA"",""name"":""The Boston Tea Party"",""website"":""http://www.TeaPartySwings.com""}}",parse_warning,snap_20260913T050433Z_b749ee48056f,parse,snap_20260913T050433Z_b749ee48056f,dee4bfca088451ba,watch,,"unknown calendar date: 'Mar 25 - 28, 20101'"
"{""code"":""unrecognized_listing_date"",""evidence"":{""date"":""May 23 26, 2013"",""location"":""Dallas, TX"",""name"":""DFW proAMjam"",""website"":""http://www.dfwproamjam.com""}}",parse_warning,snap_20260913T050713Z_532a13011352,parse,snap_20260913T050713Z_532a13011352,dee4bfca088451ba,watch,,"unknown calendar date: 'May 23 26, 2013'"
"{""code"":""unrecognized_listing_date"",""evidence"":{""date"":""Feb. 12 - 14, 215"",""location"":""Tampa, FL"",""name"":""Sweetheart Swing Classic"",""website"":""http://www.sweetheartswingclassic.com""}}",parse_warning,snap_20260913T050733Z_35c526f5b7e9,parse,snap_20260913T050733Z_35c526f5b7e9,98707abfac9192b0,watch,,"unknown calendar date: 'Feb 12 - 14, 215'"
"{""code"":""unrecognized_listing_date"",""evidence"":{""date"":""Feb. 12 - 14, 215"",""location"":""Tampa, FL"",""name"":""Sweetheart Swing Classic"",""website"":""http://www.sweetheartswingclassic.com""}}",parse_warning,snap_20260913T050743Z_aa7582b60497,parse,snap_20260913T050743Z_aa7582b60497,dee4bfca088451ba,watch,,"unknown calendar date: 'Feb 12 - 14, 215'"
"{""code"":""unrecognized_listing_date"",""evidence"":{""classes"":[],""country_code"":null,""date"":""2017-01-26 - 1201-01-30"",""event_type"":""Registry Event"",""location"":"""",""name"":""Derby City Swing"",""website"":""http://www.DerbyCitySwing.com""}}",parse_warning,snap_20260913T051113Z_7826518a390b,parse,snap_20260913T051113Z_7826518a390b,7dfff6dd9fd96c51,watch,,unknown calendar date: '2017-01-26 - 1201-01-30'
"{""code"":""unrecognized_listing_date"",""evidence"":{""classes"":[],""country_code"":null,""date"":""2017-08-09 - 2016-08-02"",""event_type"":""Registry Event"",""location"":"""",""name"":""Sea Sun & Swing Camp"",""website"":""http://www.seasunswing.net/""}}",parse_warning,snap_20260913T051143Z_6b6aaa3dbfe7,parse,snap_20260913T051143Z_6b6aaa3dbfe7,7dfff6dd9fd96c51,watch,,unknown calendar date: '2017-08-09 - 2016-08-02'
"{""code"":""unrecognized_listing_date"",""evidence"":{""classes"":[],""country_code"":null,""date"":""2017-10-27 - 2017-10-02"",""event_type"":"""",""location"":"""",""name"":""Atlanta Swing Classic"",""website"":""""}}",parse_warning,snap_20260913T051323Z_5eacfc6206a3,parse,snap_20260913T051323Z_5eacfc6206a3,4dbb11a92f725047,watch,,unknown calendar date: '2017-10-27 - 2017-10-02'
"{""code"":""unrecognized_listing_date"",""evidence"":{""classes"":[],""country_code"":null,""date"":""2017-10-27 - 2017-10-02"",""event_type"":"""",""location"":"""",""name"":""Atlanta Swing Classic"",""website"":""""}}",parse_warning,snap_20260913T051414Z_230c96e1715b,parse,snap_20260913T051414Z_230c96e1715b,4dbb11a92f725047,watch,,unknown calendar date: '2017-10-27 - 2017-10-02'
"{""code"":""unrecognized_listing_date"",""evidence"":{""classes"":[],""country_code"":null,""date"":""2020-02-13 - 2020-02-10"",""event_type"":""Registry Event"",""location"":"""",""name"":""Capital Swing Presidents' Day Convention"",""website"":""http://www.capitalswingconvention.com""}}",parse_warning,snap_20260913T051414Z_230c96e1715b,parse,snap_20260913T051414Z_230c96e1715b,4dbb11a92f725047,watch,,unknown calendar date: '2020-02-13 - 2020-02-10'
"{""code"":""unrecognized_listing_date"",""evidence"":{""classes"":[],""country_code"":null,""date"":""2017-10-27 - 2017-10-02"",""event_type"":"""",""location"":"""",""name"":""Atlanta Swing Classic"",""website"":""""}}",parse_warning,snap_20260913T051453Z_95fea3aa9b9b,parse,snap_20260913T051453Z_95fea3aa9b9b,4dbb11a92f725047,watch,,unknown calendar date: '2017-10-27 - 2017-10-02'
"{""code"":""unrecognized_listing_date"",""evidence"":{""classes"":[],""country_code"":null,""date"":""2020-02-13 - 2020-02-10"",""event_type"":""Registry Event"",""location"":"""",""name"":""Capital Swing Presidents' Day Convention"",""website"":""http://www.capitalswingconvention.com""}}",parse_warning,snap_20260913T051453Z_95fea3aa9b9b,parse,snap_20260913T051453Z_95fea3aa9b9b,4dbb11a92f725047,watch,,unknown calendar date: '2020-02-13 - 2020-02-10'
"{""code"":""unrecognized_listing_date"",""evidence"":{""classes"":[],""country_code"":null,""date"":""2020-02-13 - 2020-02-10"",""event_type"":""Registry Event"",""location"":"""",""name"":""Capital Swing Presidents' Day Convention"",""website"":""http://www.capitalswingconvention.com""}}",parse_warning,snap_20260913T051534Z_6215b83725cd,parse,snap_20260913T051534Z_6215b83725cd,4dbb11a92f725047,watch,,unknown calendar date: '2020-02-13 - 2020-02-10'
"{""code"":""unrecognized_listing_date"",""evidence"":{""classes"":[],""country_code"":null,""date"":""2017-10-27 - 2017-10-02"",""event_type"":"""",""location"":"""",""name"":""Atlanta Swing Classic"",""website"":""""}}",parse_warning,snap_20260913T051534Z_6215b83725cd,parse,snap_20260913T051534Z_6215b83725cd,4dbb11a92f725047,watch,,unknown calendar date: '2017-10-27 - 2017-10-02'
"{""code"":""unrecognized_listing_date"",""evidence"":{""classes"":[],""country_code"":null,""date"":""2020-02-13 - 2020-02-10"",""event_type"":""Registry Event"",""location"":"""",""name"":""Capital Swing Presidents' Day Convention"",""website"":""http://www.capitalswingconvention.com""}}",parse_warning,snap_20260913T051613Z_30a786674feb,parse,snap_20260913T051613Z_30a786674feb,4dbb11a92f725047,watch,,unknown calendar date: '2020-02-13 - 2020-02-10'
"{""code"":""unrecognized_listing_date"",""evidence"":{""classes"":[],""country_code"":null,""date"":""2017-10-27 - 2017-10-02"",""event_type"":"""",""location"":"""",""name"":""Atlanta Swing Classic"",""website"":""""}}",parse_warning,snap_20260913T051613Z_30a786674feb,parse,snap_20260913T051613Z_30a786674feb,4dbb11a92f725047,watch,,unknown calendar date: '2017-10-27 - 2017-10-02'
"{""code"":""unrecognized_listing_date"",""evidence"":{""classes"":[],""country_code"":null,""date"":""2017-10-27 - 2017-10-02"",""event_type"":"""",""location"":"""",""name"":""Atlanta Swing Classic"",""website"":""""}}",parse_warning,snap_20260913T051623Z_d09c995ab708,parse,snap_20260913T051623Z_d09c995ab708,4dbb11a92f725047,watch,,unknown calendar date: '2017-10-27 - 2017-10-02'
"{""code"":""unrecognized_listing_date"",""evidence"":{""classes"":[],""country_code"":null,""date"":""2020-02-13 - 2020-02-10"",""event_type"":""Registry Event"",""location"":"""",""name"":""Capital Swing Presidents' Day Convention"",""website"":""http://www.capitalswingconvention.com""}}",parse_warning,snap_20260913T051623Z_d09c995ab708,parse,snap_20260913T051623Z_d09c995ab708,4dbb11a92f725047,watch,,unknown calendar date: '2020-02-13 - 2020-02-10'
"{""code"":""unrecognized_listing_date"",""evidence"":{""classes"":[],""country_code"":null,""date"":""2017-10-27 - 2017-10-02"",""event_type"":"""",""location"":"""",""name"":""Atlanta Swing Classic"",""website"":""""}}",parse_warning,snap_20260913T051734Z_2512163ed68e,parse,snap_20260913T051734Z_2512163ed68e,4dbb11a92f725047,watch,,unknown calendar date: '2017-10-27 - 2017-10-02'
"{""code"":""unrecognized_listing_date"",""evidence"":{""classes"":[],""country_code"":null,""date"":""2021-10-15 - 2020-10-21"",""event_type"":""Registry Event"",""location"":"""",""name"":""European Swing Challenge (Cancelled due to Covid-19)"",""website"":""http://www.jiveaddiction.com""}}",parse_warning,snap_20260913T052353Z_ca327a4a9b2a,parse,snap_20260913T052353Z_ca327a4a9b2a,4dbb11a92f725047,watch,,unknown calendar date: '2021-10-15 - 2020-10-21'
"{""code"":""unrecognized_listing_date"",""evidence"":{""classes"":[],""country_code"":null,""date"":""2021-10-15 - 2020-10-21"",""event_type"":""Registry Event"",""location"":"""",""name"":""European Swing Challenge (Cancelled due to Covid-19)"",""website"":""http://www.jiveaddiction.com""}}",parse_warning,snap_20260913T052433Z_eef32629ef72,parse,snap_20260913T052433Z_eef32629ef72,4dbb11a92f725047,watch,,unknown calendar date: '2021-10-15 - 2020-10-21'
"{""code"":""unrecognized_listing_date"",""evidence"":{""classes"":[],""country_code"":null,""date"":""2021-10-15 - 2020-10-21"",""event_type"":""Registry Event"",""location"":"""",""name"":""European Swing Challenge (Cancelled due to Covid-19)"",""website"":""http://www.jiveaddiction.com""}}",parse_warning,snap_20260913T052503Z_8d6dd61630dd,parse,snap_20260913T052503Z_8d6dd61630dd,4dbb11a92f725047,watch,,unknown calendar date: '2021-10-15 - 2020-10-21'
"{""code"":""unrecognized_listing_date"",""evidence"":{""classes"":[],""country_code"":null,""date"":""2021-10-15 - 2020-10-21"",""event_type"":""Registry Event"",""location"":"""",""name"":""European Swing Challenge (Cancelled due to Covid-19)"",""website"":""http://www.jiveaddiction.com""}}",parse_warning,snap_20260913T052533Z_4c25eb640a6a,parse,snap_20260913T052533Z_4c25eb640a6a,4dbb11a92f725047,watch,,unknown calendar date: '2021-10-15 - 2020-10-21'
"{""code"":""unrecognized_listing_date"",""evidence"":{""classes"":[],""country_code"":null,""date"":""2021-10-15 - 2020-10-21"",""event_type"":""Registry Event"",""location"":"""",""name"":""European Swing Challenge (Cancelled due to Covid-19)"",""website"":""http://www.jiveaddiction.com""}}",parse_warning,snap_20260913T052610Z_9b5425eda664,parse,snap_20260913T052610Z_9b5425eda664,4dbb11a92f725047,watch,,unknown calendar date: '2021-10-15 - 2020-10-21'
"{""code"":""unrecognized_listing_date"",""evidence"":{""classes"":[],""country_code"":null,""date"":""2023-03-02 - 2022-03-08"",""event_type"":""Registry Event"",""location"":"""",""name"":""MADjam (Mid Atlantic Dance Jam)"",""website"":""http://www.atlanticdancejam.com""}}",parse_warning,snap_20260913T052610Z_9b5425eda664,parse,snap_20260913T052610Z_9b5425eda664,4dbb11a92f725047,watch,,unknown calendar date: '2023-03-02 - 2022-03-08'
"{""code"":""unrecognized_listing_date"",""evidence"":{""classes"":[],""country_code"":null,""date"":""2023-04-14 - 2022-04-17"",""event_type"":""Registry Event"",""location"":"""",""name"":""WESTY NANTES"",""website"":""https://www.westynantes.com/""}}",parse_warning,snap_20260913T052610Z_9b5425eda664,parse,snap_20260913T052610Z_9b5425eda664,4dbb11a92f725047,watch,,unknown calendar date: '2023-04-14 - 2022-04-17'
"{""code"":""unrecognized_listing_date"",""evidence"":{""classes"":[],""country_code"":null,""date"":""2023-04-14 - 2022-04-17"",""event_type"":""Registry Event"",""location"":"""",""name"":""WESTY NANTES"",""website"":""https://www.westynantes.com/""}}",parse_warning,snap_20260913T052653Z_4309094e8fb4,parse,snap_20260913T052653Z_4309094e8fb4,4dbb11a92f725047,watch,,unknown calendar date: '2023-04-14 - 2022-04-17'
"{""code"":""unrecognized_listing_date"",""evidence"":{""classes"":[],""country_code"":null,""date"":""2021-10-15 - 2020-10-21"",""event_type"":""Registry Event"",""location"":"""",""name"":""European Swing Challenge (Cancelled due to Covid-19)"",""website"":""http://www.jiveaddiction.com""}}",parse_warning,snap_20260913T052653Z_4309094e8fb4,parse,snap_20260913T052653Z_4309094e8fb4,4dbb11a92f725047,watch,,unknown calendar date: '2021-10-15 - 2020-10-21'
"{""code"":""unrecognized_listing_date"",""evidence"":{""classes"":[],""country_code"":null,""date"":""2023-03-02 - 2022-03-08"",""event_type"":""Registry Event"",""location"":"""",""name"":""MADjam (Mid Atlantic Dance Jam)"",""website"":""http://www.atlanticdancejam.com""}}",parse_warning,snap_20260913T052653Z_4309094e8fb4,parse,snap_20260913T052653Z_4309094e8fb4,4dbb11a92f725047,watch,,unknown calendar date: '2023-03-02 - 2022-03-08'
"{""snapshot_id"":""snap_20260913T051034Z_c954a81d470a""}",parse_failure,snap_20260913T051034Z_c954a81d470a,parse_failure,snap_20260913T051034Z_c954a81d470a,accb8fe300c3f360,watch,,captured map marker lacks a name or printed date
"{""snapshot_id"":""snap_20260913T051124Z_69886cf0bd03""}",parse_failure,snap_20260913T051124Z_69886cf0bd03,parse_failure,snap_20260913T051124Z_69886cf0bd03,accb8fe300c3f360,watch,,captured map marker lacks a name or printed date
"{""snapshot_id"":""snap_20260913T051154Z_e4edbdd2484e""}",parse_failure,snap_20260913T051154Z_e4edbdd2484e,parse_failure,snap_20260913T051154Z_e4edbdd2484e,accb8fe300c3f360,watch,,captured map marker lacks a name or printed date
"{""snapshot_id"":""snap_20260913T051213Z_81a2aa57dba1""}",parse_failure,snap_20260913T051213Z_81a2aa57dba1,parse_failure,snap_20260913T051213Z_81a2aa57dba1,b546de9c097bff23,watch,,captured map marker lacks a name or printed date
"{""gaps"":[{""source"":""swingdancecouncil"",""status"":""parsed"",""target_id"":""56bd7112aa9cfe8f80c9976b"",""timestamp"":""20090818011936"",""url"":""http://www.swingdancecouncil.com:80/ActiveServerPages/UpcomingEvents.asp"",""warnings"":[{""evidence"":{""code"":""unrecognized_listing_date"",""evidence"":{""date"":""Mar. 25 - 28, 20101"",""location"":""Danvers, MA"",""name"":""The Boston Tea Party"",""website"":""http://www.TeaPartySwings.com""}},""summary"":""unknown calendar date: 'Mar 25 - 28, 20101'""}]},{""source"":""wsdc_calendar"",""status"":""finding"",""target_id"":""4524f01e997c4e2f34e9ad8b"",""timestamp"":""20160710033710"",""url"":""http://www.worldsdc.com:80/events-map/"",""warnings"":[{""evidence"":{""snapshot_id"":""snap_20260913T051034Z_c954a81d470a""},""summary"":""captured map marker lacks a name or printed date""}]},{""source"":""wsdc_calendar"",""status"":""parsed"",""target_id"":""ff3953a1ccb4da3e936fdabc"",""timestamp"":""20160909052448"",""url"":""http://www.worldsdc.com:80/event-calendar/"",""warnings"":[{""evidence"":{""code"":""unrecognized_listing_date"",""evidence"":{""classes"":[],""country_code"":null,""date"":""2017-01-26 - 1201-01-30"",""event_type"":""Registry Event"",""location"":"""",""name"":""Derby City Swing"",""website"":""http://www.DerbyCitySwing.com""}},""summary"":""unknown calendar date: '2017-01-26 - 1201-01-30'""}]},{""source"":""wsdc_calendar"",""status"":""finding"",""target_id"":""1e7c58035500bacb34f94ee2"",""timestamp"":""20160909104400"",""url"":""http://www.worldsdc.com:80/events-map/"",""warnings"":[{""evidence"":{""snapshot_id"":""snap_20260913T051124Z_69886cf0bd03""},""summary"":""captured map marker lacks a name or printed date""}]},{""source"":""wsdc_calendar"",""status"":""parsed"",""target_id"":""45e7d60cf892aa442bc764ee"",""timestamp"":""20161109222349"",""url"":""http://www.worldsdc.com:80/event-calendar/"",""warnings"":[{""evidence"":{""code"":""unrecognized_listing_date"",""evidence"":{""classes"":[],""country_code"":null,""date"":""2017-08-09 - 2016-08-02"",""event_type"":""Registry Event"",""location"":"""",""name"":""Sea Sun & Swing Camp"",""website"":""http://www.seasunswing.net/""}},""summary"":""unknown calendar date: '2017-08-09 - 2016-08-02'""}]},{""source"":""wsdc_calendar"",""status"":""finding"",""target_id"":""a2bc46c2c8df036f4f4893ce"",""timestamp"":""20161110035618"",""url"":""http://www.worldsdc.com:80/events-map/"",""warnings"":[{""evidence"":{""snapshot_id"":""snap_20260913T051154Z_e4edbdd2484e""},""summary"":""captured map marker lacks a name or printed date""}]},{""source"":""wsdc_calendar"",""status"":""finding"",""target_id"":""35f6bfc5b865f014caed252f"",""timestamp"":""20161212121213"",""url"":""http://www.worldsdc.com:80/events-map/?"",""warnings"":[{""evidence"":{""snapshot_id"":""snap_20260913T051213Z_81a2aa57dba1""},""summary"":""captured map marker lacks a name or printed date""}]},{""source"":""wsdc_calendar"",""status"":""parsed"",""target_id"":""63fc2e9fab71011f49928da1"",""timestamp"":""20190310202901"",""url"":""https://www.worldsdc.com/event-calendar/"",""warnings"":[{""evidence"":{""code"":""unrecognized_listing_date"",""evidence"":{""classes"":[],""country_code"":null,""date"":""2017-10-27 - 2017-10-02"",""event_type"":"""",""location"":"""",""name"":""Atlanta Swing Classic"",""website"":""""}},""summary"":""unknown calendar date: '2017-10-27 - 2017-10-02'""}]},{""source"":""wsdc_calendar"",""status"":""parsed"",""target_id"":""45af6af9a8be9960552c707c"",""timestamp"":""20190723190818"",""url"":""https://www.worldsdc.com/event-calendar/"",""warnings"":[{""evidence"":{""code"":""unrecognized_listing_date"",""evidence"":{""classes"":[],""country_code"":null,""date"":""2017-10-27 - 2017-10-02"",""event_type"":"""",""location"":"""",""name"":""Atlanta Swing Classic"",""website"":""""}},""summary"":""unknown calendar date: '2017-10-27 - 2017-10-02'""},{""evidence"":{""code"":""unrecognized_listing_date"",""evidence"":{""classes"":[],""country_code"":null,""date"":""2020-02-13 - 2020-02-10"",""event_type"":""Registry Event"",""location"":"""",""name"":""Capital Swing Presidents' Day Convention"",""website"":""http://www.capitalswingconvention.com""}},""summary"":""unknown calendar date: '2020-02-13 - 2020-02-10'""}]},{""source"":""wsdc_calendar"",""status"":""parsed"",""target_id"":""ff51b642e9a4b4954b6e59f5"",""timestamp"":""20190803171837"",""url"":""https://www.worldsdc.com/event-calendar/"",""warnings"":[{""evidence"":{""code"":""unrecognized_listing_date"",""evidence"":{""classes"":[],""country_code"":null,""date"":""2017-10-27 - 2017-10-02"",""event_type"":"""",""location"":"""",""name"":""Atlanta Swing Classic"",""website"":""""}},""summary"":""unknown calendar date: '2017-10-27 - 2017-10-02'""},{""evidence"":{""code"":""unrecognized_listing_date"",""evidence"":{""classes"":[],""country_code"":null,""date"":""2020-02-13 - 2020-02-10"",""event_type"":""Registry Event"",""location"":"""",""name"":""Capital Swing Presidents' Day Convention"",""website"":""http://www.capitalswingconvention.com""}},""summary"":""unknown calendar date: '2020-02-13 - 2020-02-10'""}]},{""source"":""wsdc_calendar"",""status"":""parsed"",""target_id"":""f19398f1d6ae2da489cbca06"",""timestamp"":""20190920150618"",""url"":""https://www.worldsdc.com/event-calendar/"",""warnings"":[{""evidence"":{""code"":""unrecognized_listing_date"",""evidence"":{""classes"":[],""country_code"":null,""date"":""2020-02-13 - 2020-02-10"",""event_type"":""Registry Event"",""location"":"""",""name"":""Capital Swing Presidents' Day Convention"",""website"":""http://www.capitalswingconvention.com""}},""summary"":""unknown calendar date: '2020-02-13 - 2020-02-10'""},{""evidence"":{""code"":""unrecognized_listing_date"",""evidence"":{""classes"":[],""country_code"":null,""date"":""2017-10-27 - 2017-10-02"",""event_type"":"""",""location"":"""",""name"":""Atlanta Swing Classic"",""website"":""""}},""summary"":""unknown calendar date: '2017-10-27 - 2017-10-02'""}]},{""source"":""wsdc_calendar"",""status"":""parsed"",""target_id"":""6ce7ce1a4672bb04f9e6f54a"",""timestamp"":""20191018054453"",""url"":""https://www.worldsdc.com/event-calendar/"",""warnings"":[{""evidence"":{""code"":""unrecognized_listing_date"",""evidence"":{""classes"":[],""country_code"":null,""date"":""2020-02-13 - 2020-02-10"",""event_type"":""Registry Event"",""location"":"""",""name"":""Capital Swing Presidents' Day Convention"",""website"":""http://www.capitalswingconvention.com""}},""summary"":""unknown calendar date: '2020-02-13 - 2020-02-10'""},{""evidence"":{""code"":""unrecognized_listing_date"",""evidence"":{""classes"":[],""country_code"":null,""date"":""2017-10-27 - 2017-10-02"",""event_type"":"""",""location"":"""",""name"":""Atlanta Swing Classic"",""website"":""""}},""summary"":""unknown calendar date: '2017-10-27 - 2017-10-02'""}]},{""source"":""wsdc_calendar"",""status"":""parsed"",""target_id"":""1b3c6c6919989e1fb2654ece"",""timestamp"":""20191106155651"",""url"":""https://www.worldsdc.com/event-calendar/"",""warnings"":[{""evidence"":{""code"":""unrecognized_listing_date"",""evidence"":{""classes"":[],""country_code"":null,""date"":""2017-10-27 - 2017-10-02"",""event_type"":"""",""location"":"""",""name"":""Atlanta Swing Classic"",""website"":""""}},""summary"":""unknown calendar date: '2017-10-27 - 2017-10-02'""},{""evidence"":{""code"":""unrecognized_listing_date"",""evidence"":{""classes"":[],""country_code"":null,""date"":""2020-02-13 - 2020-02-10"",""event_type"":""Registry Event"",""location"":"""",""name"":""Capital Swing Presidents' Day Convention"",""website"":""http://www.capitalswingconvention.com""}},""summary"":""unknown calendar date: '2020-02-13 - 2020-02-10'""}]},{""source"":""wsdc_calendar"",""status"":""parsed"",""target_id"":""0c1a65f8427b8be5c9cf8c7c"",""timestamp"":""20191212192203"",""url"":""https://www.worldsdc.com/event-calendar/"",""warnings"":[{""evidence"":{""code"":""unrecognized_listing_date"",""evidence"":{""classes"":[],""country_code"":null,""date"":""2017-10-27 - 2017-10-02"",""event_type"":"""",""location"":"""",""name"":""Atlanta Swing Classic"",""website"":""""}},""summary"":""unknown calendar date: '2017-10-27 - 2017-10-02'""}]},{""source"":""wsdc_calendar"",""status"":""parsed"",""target_id"":""a1552033d5ab342fc7915696"",""timestamp"":""20210920204412"",""url"":""https://www.worldsdc.com/event-calendar/"",""warnings"":[{""evidence"":{""code"":""unrecognized_listing_date"",""evidence"":{""classes"":[],""country_code"":null,""date"":""2021-10-15 - 2020-10-21"",""event_type"":""Registry Event"",""location"":"""",""name"":""European Swing Challenge (Cancelled due to Covid-19)"",""website"":""http://www.jiveaddiction.com""}},""summary"":""unknown calendar date: '2021-10-15 - 2020-10-21'""}]},{""source"":""wsdc_calendar"",""status"":""parsed"",""target_id"":""7b80fe7a9bb1bba64608cee6"",""timestamp"":""20211207001407"",""url"":""https://www.worldsdc.com/event-calendar/"",""warnings"":[{""evidence"":{""code"":""unrecognized_listing_date"",""evidence"":{""classes"":[],""country_code"":null,""date"":""2021-10-15 - 2020-10-21"",""event_type"":""Registry Event"",""location"":"""",""name"":""European Swing Challenge (Cancelled due to Covid-19)"",""website"":""http://www.jiveaddiction.com""}},""summary"":""unknown calendar date: '2021-10-15 - 2020-10-21'""}]},{""source"":""wsdc_calendar"",""status"":""parsed"",""target_id"":""60d215c8c0b614f4183762c9"",""timestamp"":""20220118200123"",""url"":""https://www.worldsdc.com/event-calendar/"",""warnings"":[{""evidence"":{""code"":""unrecognized_listing_date"",""evidence"":{""classes"":[],""country_code"":null,""date"":""2021-10-15 - 2020-10-21"",""event_type"":""Registry Event"",""location"":"""",""name"":""European Swing Challenge (Cancelled due to Covid-19)"",""website"":""http://www.jiveaddiction.com""}},""summary"":""unknown calendar date: '2021-10-15 - 2020-10-21'""}]},{""source"":""wsdc_calendar"",""status"":""parsed"",""target_id"":""31073eb64db45b0b3bc14037"",""timestamp"":""20220327070320"",""url"":""https://www.worldsdc.com/event-calendar/"",""warnings"":[{""evidence"":{""code"":""unrecognized_listing_date"",""evidence"":{""classes"":[],""country_code"":null,""date"":""2021-10-15 - 2020-10-21"",""event_type"":""Registry Event"",""location"":"""",""name"":""European Swing Challenge (Cancelled due to Covid-19)"",""website"":""http://www.jiveaddiction.com""}},""summary"":""unknown calendar date: '2021-10-15 - 2020-10-21'""}]},{""source"":""wsdc_calendar"",""status"":""parsed"",""target_id"":""a62ed37377f66f873478b99f"",""timestamp"":""20220516154440"",""url"":""https://www.worldsdc.com/event-calendar/"",""warnings"":[{""evidence"":{""code"":""unrecognized_listing_date"",""evidence"":{""classes"":[],""country_code"":null,""date"":""2021-10-15 - 2020-10-21"",""event_type"":""Registry Event"",""location"":"""",""name"":""European Swing Challenge (Cancelled due to Covid-19)"",""website"":""http://www.jiveaddiction.com""}},""summary"":""unknown calendar date: '2021-10-15 - 2020-10-21'""},{""evidence"":{""code"":""unrecognized_listing_date"",""evidence"":{""classes"":[],""country_code"":null,""date"":""2023-03-02 - 2022-03-08"",""event_type"":""Registry Event"",""location"":"""",""name"":""MADjam (Mid Atlantic Dance Jam)"",""website"":""http://www.atlanticdancejam.com""}},""summary"":""unknown calendar date: '2023-03-02 - 2022-03-08'""},{""evidence"":{""code"":""unrecognized_listing_date"",""evidence"":{""classes"":[],""country_code"":null,""date"":""2023-04-14 - 2022-04-17"",""event_type"":""Registry Event"",""location"":"""",""name"":""WESTY NANTES"",""website"":""https://www.westynantes.com/""}},""summary"":""unknown calendar date: '2023-04-14 - 2022-04-17'""}]},{""source"":""wsdc_calendar"",""status"":""parsed"",""target_id"":""772e82ab89c8201dae8a26f6"",""timestamp"":""20220927051335"",""url"":""https://www.worldsdc.com/event-calendar/"",""warnings"":[{""evidence"":{""code"":""unrecognized_listing_date"",""evidence"":{""classes"":[],""country_code"":null,""date"":""2023-04-14 - 2022-04-17"",""event_type"":""Registry Event"",""location"":"""",""name"":""WESTY NANTES"",""website"":""https://www.westynantes.com/""}},""summary"":""unknown calendar date: '2023-04-14 - 2022-04-17'""},{""evidence"":{""code"":""unrecognized_listing_date"",""evidence"":{""classes"":[],""country_code"":null,""date"":""2021-10-15 - 2020-10-21"",""event_type"":""Registry Event"",""location"":"""",""name"":""European Swing Challenge (Cancelled due to Covid-19)"",""website"":""http://www.jiveaddiction.com""}},""summary"":""unknown calendar date: '2021-10-15 - 2020-10-21'""},{""evidence"":{""code"":""unrecognized_listing_date"",""evidence"":{""classes"":[],""country_code"":null,""date"":""2023-03-02 - 2022-03-08"",""event_type"":""Registry Event"",""location"":"""",""name"":""MADjam (Mid Atlantic Dance Jam)"",""website"":""http://www.atlanticdancejam.com""}},""summary"":""unknown calendar date: '2023-03-02 - 2022-03-08'""}]},{""source"":""wsdc_calendar"",""status"":""pending"",""target_id"":""a9a1981e91474f1967356d61"",""timestamp"":""20250226151724"",""url"":""https://www.worldsdc.com/events/"",""warnings"":[]},{""source"":""wsdc_calendar"",""status"":""pending"",""target_id"":""ea4e68c086533dd6581c3015"",""timestamp"":""20250423104016"",""url"":""https://www.worldsdc.com/print-event-list/"",""warnings"":[]},{""source"":""wsdc_calendar"",""status"":""pending"",""target_id"":""24eaae0d5fea3221affb5a0a"",""timestamp"":""20250512152735"",""url"":""https://www.worldsdc.com/events/"",""warnings"":[]},{""source"":""wsdc_calendar"",""status"":""pending"",""target_id"":""828e41e7f8f4bfd34d171092"",""timestamp"":""20250814164915"",""url"":""https://www.worldsdc.com/print-event-list/"",""warnings"":[]},{""source"":""wsdc_calendar"",""status"":""pending"",""target_id"":""3c5a6116618208e4556dd9e7"",""timestamp"":""20251006110156"",""url"":""https://www.worldsdc.com/events/"",""warnings"":[]},{""source"":""wsdc_calendar"",""status"":""pending"",""target_id"":""e7dcb140bcbd077c67c0d425"",""timestamp"":""20251115173727"",""url"":""https://www.worldsdc.com/print-event-list/"",""warnings"":[]},{""source"":""wsdc_calendar"",""status"":""pending"",""target_id"":""f140e9fd5864d1c777006540"",""timestamp"":""20251219091106"",""url"":""https://www.worldsdc.com/events/"",""warnings"":[]},{""source"":""wsdc_calendar"",""status"":""pending"",""target_id"":""763f8950892b9e719910fcd3"",""timestamp"":""20251219113055"",""url"":""https://www.worldsdc.com/events/"",""warnings"":[]},{""source"":""wsdc_calendar"",""status"":""pending"",""target_id"":""f0dcc51ff963f79c44d90734"",""timestamp"":""20260107152659"",""url"":""https://www.worldsdc.com/events/"",""warnings"":[]},{""source"":""wsdc_calendar"",""status"":""pending"",""target_id"":""fa9d6701e2418b435644b296"",""timestamp"":""20260110202716"",""url"":""https://www.worldsdc.com/events/"",""warnings"":[]},{""source"":""wsdc_calendar"",""status"":""pending"",""target_id"":""9fad90785a2f773113d0c84d"",""timestamp"":""20260120214828"",""url"":""https://www.worldsdc.com/events/"",""warnings"":[]},{""source"":""wsdc_calendar"",""status"":""pending"",""target_id"":""032270847f79d7aebca98f65"",""timestamp"":""20260211205531"",""url"":""https://www.worldsdc.com/print-event-list/"",""warnings"":[]},{""source"":""wsdc_calendar"",""status"":""pending"",""target_id"":""edb1d1478b3fe19a626a30d7"",""timestamp"":""20260308093633"",""url"":""https://www.worldsdc.com/events/"",""warnings"":[]},{""source"":""wsdc_calendar"",""status"":""pending"",""target_id"":""017e59a25155c25983b14000"",""timestamp"":""20260513152740"",""url"":""https://www.worldsdc.com/print-event-list/"",""warnings"":[]},{""source"":""wsdc_calendar"",""status"":""pending"",""target_id"":""2b8b7d5b424f394e25c2b7bb"",""timestamp"":""20260513162349"",""url"":""https://www.worldsdc.com/events/"",""warnings"":[]},{""source"":""wsdc_calendar"",""status"":""pending"",""target_id"":""9592958a3cd694d86e677fc5"",""timestamp"":""20260521133133"",""url"":""https://www.worldsdc.com/events/"",""warnings"":[]},{""source"":""wsdc_calendar"",""status"":""pending"",""target_id"":""2dd8b6dc4d2d264495a33f0f"",""timestamp"":""20260813102731"",""url"":""https://worldsdc.com/events/"",""warnings"":[]}],""year"":2010}",phase1_incomplete,2010,phase1_year,,2010,history_year,,"Event-list catalog has pending captures, unresolved parse findings, or missing discovery"
"{""gaps"":[{""source"":""swingdancecouncil"",""status"":""parsed"",""target_id"":""56bd7112aa9cfe8f80c9976b"",""timestamp"":""20090818011936"",""url"":""http://www.swingdancecouncil.com:80/ActiveServerPages/UpcomingEvents.asp"",""warnings"":[{""evidence"":{""code"":""unrecognized_listing_date"",""evidence"":{""date"":""Mar. 25 - 28, 20101"",""location"":""Danvers, MA"",""name"":""The Boston Tea Party"",""website"":""http://www.TeaPartySwings.com""}},""summary"":""unknown calendar date: 'Mar 25 - 28, 20101'""}]},{""source"":""wsdc_calendar"",""status"":""finding"",""target_id"":""4524f01e997c4e2f34e9ad8b"",""timestamp"":""20160710033710"",""url"":""http://www.worldsdc.com:80/events-map/"",""warnings"":[{""evidence"":{""snapshot_id"":""snap_20260913T051034Z_c954a81d470a""},""summary"":""captured map marker lacks a name or printed date""}]},{""source"":""wsdc_calendar"",""status"":""parsed"",""target_id"":""ff3953a1ccb4da3e936fdabc"",""timestamp"":""20160909052448"",""url"":""http://www.worldsdc.com:80/event-calendar/"",""warnings"":[{""evidence"":{""code"":""unrecognized_listing_date"",""evidence"":{""classes"":[],""country_code"":null,""date"":""2017-01-26 - 1201-01-30"",""event_type"":""Registry Event"",""location"":"""",""name"":""Derby City Swing"",""website"":""http://www.DerbyCitySwing.com""}},""summary"":""unknown calendar date: '2017-01-26 - 1201-01-30'""}]},{""source"":""wsdc_calendar"",""status"":""finding"",""target_id"":""1e7c58035500bacb34f94ee2"",""timestamp"":""20160909104400"",""url"":""http://www.worldsdc.com:80/events-map/"",""warnings"":[{""evidence"":{""snapshot_id"":""snap_20260913T051124Z_69886cf0bd03""},""summary"":""captured map marker lacks a name or printed date""}]},{""source"":""wsdc_calendar"",""status"":""parsed"",""target_id"":""45e7d60cf892aa442bc764ee"",""timestamp"":""20161109222349"",""url"":""http://www.worldsdc.com:80/event-calendar/"",""warnings"":[{""evidence"":{""code"":""unrecognized_listing_date"",""evidence"":{""classes"":[],""country_code"":null,""date"":""2017-08-09 - 2016-08-02"",""event_type"":""Registry Event"",""location"":"""",""name"":""Sea Sun & Swing Camp"",""website"":""http://www.seasunswing.net/""}},""summary"":""unknown calendar date: '2017-08-09 - 2016-08-02'""}]},{""source"":""wsdc_calendar"",""status"":""finding"",""target_id"":""a2bc46c2c8df036f4f4893ce"",""timestamp"":""20161110035618"",""url"":""http://www.worldsdc.com:80/events-map/"",""warnings"":[{""evidence"":{""snapshot_id"":""snap_20260913T051154Z_e4edbdd2484e""},""summary"":""captured map marker lacks a name or printed date""}]},{""source"":""wsdc_calendar"",""status"":""finding"",""target_id"":""35f6bfc5b865f014caed252f"",""timestamp"":""20161212121213"",""url"":""http://www.worldsdc.com:80/events-map/?"",""warnings"":[{""evidence"":{""snapshot_id"":""snap_20260913T051213Z_81a2aa57dba1""},""summary"":""captured map marker lacks a name or printed date""}]},{""source"":""wsdc_calendar"",""status"":""parsed"",""target_id"":""63fc2e9fab71011f49928da1"",""timestamp"":""20190310202901"",""url"":""https://www.worldsdc.com/event-calendar/"",""warnings"":[{""evidence"":{""code"":""unrecognized_listing_date"",""evidence"":{""classes"":[],""country_code"":null,""date"":""2017-10-27 - 2017-10-02"",""event_type"":"""",""location"":"""",""name"":""Atlanta Swing Classic"",""website"":""""}},""summary"":""unknown calendar date: '2017-10-27 - 2017-10-02'""}]},{""source"":""wsdc_calendar"",""status"":""parsed"",""target_id"":""45af6af9a8be9960552c707c"",""timestamp"":""20190723190818"",""url"":""https://www.worldsdc.com/event-calendar/"",""warnings"":[{""evidence"":{""code"":""unrecognized_listing_date"",""evidence"":{""classes"":[],""country_code"":null,""date"":""2017-10-27 - 2017-10-02"",""event_type"":"""",""location"":"""",""name"":""Atlanta Swing Classic"",""website"":""""}},""summary"":""unknown calendar date: '2017-10-27 - 2017-10-02'""},{""evidence"":{""code"":""unrecognized_listing_date"",""evidence"":{""classes"":[],""country_code"":null,""date"":""2020-02-13 - 2020-02-10"",""event_type"":""Registry Event"",""location"":"""",""name"":""Capital Swing Presidents' Day Convention"",""website"":""http://www.capitalswingconvention.com""}},""summary"":""unknown calendar date: '2020-02-13 - 2020-02-10'""}]},{""source"":""wsdc_calendar"",""status"":""parsed"",""target_id"":""ff51b642e9a4b4954b6e59f5"",""timestamp"":""20190803171837"",""url"":""https://www.worldsdc.com/event-calendar/"",""warnings"":[{""evidence"":{""code"":""unrecognized_listing_date"",""evidence"":{""classes"":[],""country_code"":null,""date"":""2017-10-27 - 2017-10-02"",""event_type"":"""",""location"":"""",""name"":""Atlanta Swing Classic"",""website"":""""}},""summary"":""unknown calendar date: '2017-10-27 - 2017-10-02'""},{""evidence"":{""code"":""unrecognized_listing_date"",""evidence"":{""classes"":[],""country_code"":null,""date"":""2020-02-13 - 2020-02-10"",""event_type"":""Registry Event"",""location"":"""",""name"":""Capital Swing Presidents' Day Convention"",""website"":""http://www.capitalswingconvention.com""}},""summary"":""unknown calendar date: '2020-02-13 - 2020-02-10'""}]},{""source"":""wsdc_calendar"",""status"":""parsed"",""target_id"":""f19398f1d6ae2da489cbca06"",""timestamp"":""20190920150618"",""url"":""https://www.worldsdc.com/event-calendar/"",""warnings"":[{""evidence"":{""code"":""unrecognized_listing_date"",""evidence"":{""classes"":[],""country_code"":null,""date"":""2020-02-13 - 2020-02-10"",""event_type"":""Registry Event"",""location"":"""",""name"":""Capital Swing Presidents' Day Convention"",""website"":""http://www.capitalswingconvention.com""}},""summary"":""unknown calendar date: '2020-02-13 - 2020-02-10'""},{""evidence"":{""code"":""unrecognized_listing_date"",""evidence"":{""classes"":[],""country_code"":null,""date"":""2017-10-27 - 2017-10-02"",""event_type"":"""",""location"":"""",""name"":""Atlanta Swing Classic"",""website"":""""}},""summary"":""unknown calendar date: '2017-10-27 - 2017-10-02'""}]},{""source"":""wsdc_calendar"",""status"":""parsed"",""target_id"":""6ce7ce1a4672bb04f9e6f54a"",""timestamp"":""20191018054453"",""url"":""https://www.worldsdc.com/event-calendar/"",""warnings"":[{""evidence"":{""code"":""unrecognized_listing_date"",""evidence"":{""classes"":[],""country_code"":null,""date"":""2020-02-13 - 2020-02-10"",""event_type"":""Registry Event"",""location"":"""",""name"":""Capital Swing Presidents' Day Convention"",""website"":""http://www.capitalswingconvention.com""}},""summary"":""unknown calendar date: '2020-02-13 - 2020-02-10'""},{""evidence"":{""code"":""unrecognized_listing_date"",""evidence"":{""classes"":[],""country_code"":null,""date"":""2017-10-27 - 2017-10-02"",""event_type"":"""",""location"":"""",""name"":""Atlanta Swing Classic"",""website"":""""}},""summary"":""unknown calendar date: '2017-10-27 - 2017-10-02'""}]},{""source"":""wsdc_calendar"",""status"":""parsed"",""target_id"":""1b3c6c6919989e1fb2654ece"",""timestamp"":""20191106155651"",""url"":""https://www.worldsdc.com/event-calendar/"",""warnings"":[{""evidence"":{""code"":""unrecognized_listing_date"",""evidence"":{""classes"":[],""country_code"":null,""date"":""2017-10-27 - 2017-10-02"",""event_type"":"""",""location"":"""",""name"":""Atlanta Swing Classic"",""website"":""""}},""summary"":""unknown calendar date: '2017-10-27 - 2017-10-02'""},{""evidence"":{""code"":""unrecognized_listing_date"",""evidence"":{""classes"":[],""country_code"":null,""date"":""2020-02-13 - 2020-02-10"",""event_type"":""Registry Event"",""location"":"""",""name"":""Capital Swing Presidents' Day Convention"",""website"":""http://www.capitalswingconvention.com""}},""summary"":""unknown calendar date: '2020-02-13 - 2020-02-10'""}]},{""source"":""wsdc_calendar"",""status"":""parsed"",""target_id"":""0c1a65f8427b8be5c9cf8c7c"",""timestamp"":""20191212192203"",""url"":""https://www.worldsdc.com/event-calendar/"",""warnings"":[{""evidence"":{""code"":""unrecognized_listing_date"",""evidence"":{""classes"":[],""country_code"":null,""date"":""2017-10-27 - 2017-10-02"",""event_type"":"""",""location"":"""",""name"":""Atlanta Swing Classic"",""website"":""""}},""summary"":""unknown calendar date: '2017-10-27 - 2017-10-02'""}]},{""source"":""wsdc_calendar"",""status"":""parsed"",""target_id"":""a1552033d5ab342fc7915696"",""timestamp"":""20210920204412"",""url"":""https://www.worldsdc.com/event-calendar/"",""warnings"":[{""evidence"":{""code"":""unrecognized_listing_date"",""evidence"":{""classes"":[],""country_code"":null,""date"":""2021-10-15 - 2020-10-21"",""event_type"":""Registry Event"",""location"":"""",""name"":""European Swing Challenge (Cancelled due to Covid-19)"",""website"":""http://www.jiveaddiction.com""}},""summary"":""unknown calendar date: '2021-10-15 - 2020-10-21'""}]},{""source"":""wsdc_calendar"",""status"":""parsed"",""target_id"":""7b80fe7a9bb1bba64608cee6"",""timestamp"":""20211207001407"",""url"":""https://www.worldsdc.com/event-calendar/"",""warnings"":[{""evidence"":{""code"":""unrecognized_listing_date"",""evidence"":{""classes"":[],""country_code"":null,""date"":""2021-10-15 - 2020-10-21"",""event_type"":""Registry Event"",""location"":"""",""name"":""European Swing Challenge (Cancelled due to Covid-19)"",""website"":""http://www.jiveaddiction.com""}},""summary"":""unknown calendar date: '2021-10-15 - 2020-10-21'""}]},{""source"":""wsdc_calendar"",""status"":""parsed"",""target_id"":""60d215c8c0b614f4183762c9"",""timestamp"":""20220118200123"",""url"":""https://www.worldsdc.com/event-calendar/"",""warnings"":[{""evidence"":{""code"":""unrecognized_listing_date"",""evidence"":{""classes"":[],""country_code"":null,""date"":""2021-10-15 - 2020-10-21"",""event_type"":""Registry Event"",""location"":"""",""name"":""European Swing Challenge (Cancelled due to Covid-19)"",""website"":""http://www.jiveaddiction.com""}},""summary"":""unknown calendar date: '2021-10-15 - 2020-10-21'""}]},{""source"":""wsdc_calendar"",""status"":""parsed"",""target_id"":""31073eb64db45b0b3bc14037"",""timestamp"":""20220327070320"",""url"":""https://www.worldsdc.com/event-calendar/"",""warnings"":[{""evidence"":{""code"":""unrecognized_listing_date"",""evidence"":{""classes"":[],""country_code"":null,""date"":""2021-10-15 - 2020-10-21"",""event_type"":""Registry Event"",""location"":"""",""name"":""European Swing Challenge (Cancelled due to Covid-19)"",""website"":""http://www.jiveaddiction.com""}},""summary"":""unknown calendar date: '2021-10-15 - 2020-10-21'""}]},{""source"":""wsdc_calendar"",""status"":""parsed"",""target_id"":""a62ed37377f66f873478b99f"",""timestamp"":""20220516154440"",""url"":""https://www.worldsdc.com/event-calendar/"",""warnings"":[{""evidence"":{""code"":""unrecognized_listing_date"",""evidence"":{""classes"":[],""country_code"":null,""date"":""2021-10-15 - 2020-10-21"",""event_type"":""Registry Event"",""location"":"""",""name"":""European Swing Challenge (Cancelled due to Covid-19)"",""website"":""http://www.jiveaddiction.com""}},""summary"":""unknown calendar date: '2021-10-15 - 2020-10-21'""},{""evidence"":{""code"":""unrecognized_listing_date"",""evidence"":{""classes"":[],""country_code"":null,""date"":""2023-03-02 - 2022-03-08"",""event_type"":""Registry Event"",""location"":"""",""name"":""MADjam (Mid Atlantic Dance Jam)"",""website"":""http://www.atlanticdancejam.com""}},""summary"":""unknown calendar date: '2023-03-02 - 2022-03-08'""},{""evidence"":{""code"":""unrecognized_listing_date"",""evidence"":{""classes"":[],""country_code"":null,""date"":""2023-04-14 - 2022-04-17"",""event_type"":""Registry Event"",""location"":"""",""name"":""WESTY NANTES"",""website"":""https://www.westynantes.com/""}},""summary"":""unknown calendar date: '2023-04-14 - 2022-04-17'""}]},{""source"":""wsdc_calendar"",""status"":""parsed"",""target_id"":""772e82ab89c8201dae8a26f6"",""timestamp"":""20220927051335"",""url"":""https://www.worldsdc.com/event-calendar/"",""warnings"":[{""evidence"":{""code"":""unrecognized_listing_date"",""evidence"":{""classes"":[],""country_code"":null,""date"":""2023-04-14 - 2022-04-17"",""event_type"":""Registry Event"",""location"":"""",""name"":""WESTY NANTES"",""website"":""https://www.westynantes.com/""}},""summary"":""unknown calendar date: '2023-04-14 - 2022-04-17'""},{""evidence"":{""code"":""unrecognized_listing_date"",""evidence"":{""classes"":[],""country_code"":null,""date"":""2021-10-15 - 2020-10-21"",""event_type"":""Registry Event"",""location"":"""",""name"":""European Swing Challenge (Cancelled due to Covid-19)"",""website"":""http://www.jiveaddiction.com""}},""summary"":""unknown calendar date: '2021-10-15 - 2020-10-21'""},{""evidence"":{""code"":""unrecognized_listing_date"",""evidence"":{""classes"":[],""country_code"":null,""date"":""2023-03-02 - 2022-03-08"",""event_type"":""Registry Event"",""location"":"""",""name"":""MADjam (Mid Atlantic Dance Jam)"",""website"":""http://www.atlanticdancejam.com""}},""summary"":""unknown calendar date: '2023-03-02 - 2022-03-08'""}]},{""source"":""wsdc_calendar"",""status"":""pending"",""target_id"":""a9a1981e91474f1967356d61"",""timestamp"":""20250226151724"",""url"":""https://www.worldsdc.com/events/"",""warnings"":[]},{""source"":""wsdc_calendar"",""status"":""pending"",""target_id"":""ea4e68c086533dd6581c3015"",""timestamp"":""20250423104016"",""url"":""https://www.worldsdc.com/print-event-list/"",""warnings"":[]},{""source"":""wsdc_calendar"",""status"":""pending"",""target_id"":""24eaae0d5fea3221affb5a0a"",""timestamp"":""20250512152735"",""url"":""https://www.worldsdc.com/events/"",""warnings"":[]},{""source"":""wsdc_calendar"",""status"":""pending"",""target_id"":""828e41e7f8f4bfd34d171092"",""timestamp"":""20250814164915"",""url"":""https://www.worldsdc.com/print-event-list/"",""warnings"":[]},{""source"":""wsdc_calendar"",""status"":""pending"",""target_id"":""3c5a6116618208e4556dd9e7"",""timestamp"":""20251006110156"",""url"":""https://www.worldsdc.com/events/"",""warnings"":[]},{""source"":""wsdc_calendar"",""status"":""pending"",""target_id"":""e7dcb140bcbd077c67c0d425"",""timestamp"":""20251115173727"",""url"":""https://www.worldsdc.com/print-event-list/"",""warnings"":[]},{""source"":""wsdc_calendar"",""status"":""pending"",""target_id"":""f140e9fd5864d1c777006540"",""timestamp"":""20251219091106"",""url"":""https://www.worldsdc.com/events/"",""warnings"":[]},{""source"":""wsdc_calendar"",""status"":""pending"",""target_id"":""763f8950892b9e719910fcd3"",""timestamp"":""20251219113055"",""url"":""https://www.worldsdc.com/events/"",""warnings"":[]},{""source"":""wsdc_calendar"",""status"":""pending"",""target_id"":""f0dcc51ff963f79c44d90734"",""timestamp"":""20260107152659"",""url"":""https://www.worldsdc.com/events/"",""warnings"":[]},{""source"":""wsdc_calendar"",""status"":""pending"",""target_id"":""fa9d6701e2418b435644b296"",""timestamp"":""20260110202716"",""url"":""https://www.worldsdc.com/events/"",""warnings"":[]},{""source"":""wsdc_calendar"",""status"":""pending"",""target_id"":""9fad90785a2f773113d0c84d"",""timestamp"":""20260120214828"",""url"":""https://www.worldsdc.com/events/"",""warnings"":[]},{""source"":""wsdc_calendar"",""status"":""pending"",""target_id"":""032270847f79d7aebca98f65"",""timestamp"":""20260211205531"",""url"":""https://www.worldsdc.com/print-event-list/"",""warnings"":[]},{""source"":""wsdc_calendar"",""status"":""pending"",""target_id"":""edb1d1478b3fe19a626a30d7"",""timestamp"":""20260308093633"",""url"":""https://www.worldsdc.com/events/"",""warnings"":[]},{""source"":""wsdc_calendar"",""status"":""pending"",""target_id"":""017e59a25155c25983b14000"",""timestamp"":""20260513152740"",""url"":""https://www.worldsdc.com/print-event-list/"",""warnings"":[]},{""source"":""wsdc_calendar"",""status"":""pending"",""target_id"":""2b8b7d5b424f394e25c2b7bb"",""timestamp"":""20260513162349"",""url"":""https://www.worldsdc.com/events/"",""warnings"":[]},{""source"":""wsdc_calendar"",""status"":""pending"",""target_id"":""9592958a3cd694d86e677fc5"",""timestamp"":""20260521133133"",""url"":""https://www.worldsdc.com/events/"",""warnings"":[]},{""source"":""wsdc_calendar"",""status"":""pending"",""target_id"":""2dd8b6dc4d2d264495a33f0f"",""timestamp"":""20260813102731"",""url"":""https://worldsdc.com/events/"",""warnings"":[]}],""year"":2011}",phase1_incomplete,2011,phase1_year,,2011,history_year,,"Event-list catalog has pending captures, unresolved parse findings, or missing discovery"
"{""gaps"":[{""source"":""swingdancecouncil"",""status"":""parsed"",""target_id"":""a708800172465e26cdff723f"",""timestamp"":""20121228025805"",""url"":""http://www.swingdancecouncil.com:80/ActiveServerPages/UpcomingEvents.asp"",""warnings"":[{""evidence"":{""code"":""unrecognized_listing_date"",""evidence"":{""date"":""May 23 26, 2013"",""location"":""Dallas, TX"",""name"":""DFW proAMjam"",""website"":""http://www.dfwproamjam.com""}},""summary"":""unknown calendar date: 'May 23 26, 2013'""}]},{""source"":""wsdc_calendar"",""status"":""finding"",""target_id"":""4524f01e997c4e2f34e9ad8b"",""timestamp"":""20160710033710"",""url"":""http://www.worldsdc.com:80/events-map/"",""warnings"":[{""evidence"":{""snapshot_id"":""snap_20260913T051034Z_c954a81d470a""},""summary"":""captured map marker lacks a name or printed date""}]},{""source"":""wsdc_calendar"",""status"":""parsed"",""target_id"":""ff3953a1ccb4da3e936fdabc"",""timestamp"":""20160909052448"",""url"":""http://www.worldsdc.com:80/event-calendar/"",""warnings"":[{""evidence"":{""code"":""unrecognized_listing_date"",""evidence"":{""classes"":[],""country_code"":null,""date"":""2017-01-26 - 1201-01-30"",""event_type"":""Registry Event"",""location"":"""",""name"":""Derby City Swing"",""website"":""http://www.DerbyCitySwing.com""}},""summary"":""unknown calendar date: '2017-01-26 - 1201-01-30'""}]},{""source"":""wsdc_calendar"",""status"":""finding"",""target_id"":""1e7c58035500bacb34f94ee2"",""timestamp"":""20160909104400"",""url"":""http://www.worldsdc.com:80/events-map/"",""warnings"":[{""evidence"":{""snapshot_id"":""snap_20260913T051124Z_69886cf0bd03""},""summary"":""captured map marker lacks a name or printed date""}]},{""source"":""wsdc_calendar"",""status"":""parsed"",""target_id"":""45e7d60cf892aa442bc764ee"",""timestamp"":""20161109222349"",""url"":""http://www.worldsdc.com:80/event-calendar/"",""warnings"":[{""evidence"":{""code"":""unrecognized_listing_date"",""evidence"":{""classes"":[],""country_code"":null,""date"":""2017-08-09 - 2016-08-02"",""event_type"":""Registry Event"",""location"":"""",""name"":""Sea Sun & Swing Camp"",""website"":""http://www.seasunswing.net/""}},""summary"":""unknown calendar date: '2017-08-09 - 2016-08-02'""}]},{""source"":""wsdc_calendar"",""status"":""finding"",""target_id"":""a2bc46c2c8df036f4f4893ce"",""timestamp"":""20161110035618"",""url"":""http://www.worldsdc.com:80/events-map/"",""warnings"":[{""evidence"":{""snapshot_id"":""snap_20260913T051154Z_e4edbdd2484e""},""summary"":""captured map marker lacks a name or printed date""}]},{""source"":""wsdc_calendar"",""status"":""finding"",""target_id"":""35f6bfc5b865f014caed252f"",""timestamp"":""20161212121213"",""url"":""http://www.worldsdc.com:80/events-map/?"",""warnings"":[{""evidence"":{""snapshot_id"":""snap_20260913T051213Z_81a2aa57dba1""},""summary"":""captured map marker lacks a name or printed date""}]},{""source"":""wsdc_calendar"",""status"":""parsed"",""target_id"":""63fc2e9fab71011f49928da1"",""timestamp"":""20190310202901"",""url"":""https://www.worldsdc.com/event-calendar/"",""warnings"":[{""evidence"":{""code"":""unrecognized_listing_date"",""evidence"":{""classes"":[],""country_code"":null,""date"":""2017-10-27 - 2017-10-02"",""event_type"":"""",""location"":"""",""name"":""Atlanta Swing Classic"",""website"":""""}},""summary"":""unknown calendar date: '2017-10-27 - 2017-10-02'""}]},{""source"":""wsdc_calendar"",""status"":""parsed"",""target_id"":""45af6af9a8be9960552c707c"",""timestamp"":""20190723190818"",""url"":""https://www.worldsdc.com/event-calendar/"",""warnings"":[{""evidence"":{""code"":""unrecognized_listing_date"",""evidence"":{""classes"":[],""country_code"":null,""date"":""2017-10-27 - 2017-10-02"",""event_type"":"""",""location"":"""",""name"":""Atlanta Swing Classic"",""website"":""""}},""summary"":""unknown calendar date: '2017-10-27 - 2017-10-02'""},{""evidence"":{""code"":""unrecognized_listing_date"",""evidence"":{""classes"":[],""country_code"":null,""date"":""2020-02-13 - 2020-02-10"",""event_type"":""Registry Event"",""location"":"""",""name"":""Capital Swing Presidents' Day Convention"",""website"":""http://www.capitalswingconvention.com""}},""summary"":""unknown calendar date: '2020-02-13 - 2020-02-10'""}]},{""source"":""wsdc_calendar"",""status"":""parsed"",""target_id"":""ff51b642e9a4b4954b6e59f5"",""timestamp"":""20190803171837"",""url"":""https://www.worldsdc.com/event-calendar/"",""warnings"":[{""evidence"":{""code"":""unrecognized_listing_date"",""evidence"":{""classes"":[],""country_code"":null,""date"":""2017-10-27 - 2017-10-02"",""event_type"":"""",""location"":"""",""name"":""Atlanta Swing Classic"",""website"":""""}},""summary"":""unknown calendar date: '2017-10-27 - 2017-10-02'""},{""evidence"":{""code"":""unrecognized_listing_date"",""evidence"":{""classes"":[],""country_code"":null,""date"":""2020-02-13 - 2020-02-10"",""event_type"":""Registry Event"",""location"":"""",""name"":""Capital Swing Presidents' Day Convention"",""website"":""http://www.capitalswingconvention.com""}},""summary"":""unknown calendar date: '2020-02-13 - 2020-02-10'""}]},{""source"":""wsdc_calendar"",""status"":""parsed"",""target_id"":""f19398f1d6ae2da489cbca06"",""timestamp"":""20190920150618"",""url"":""https://www.worldsdc.com/event-calendar/"",""warnings"":[{""evidence"":{""code"":""unrecognized_listing_date"",""evidence"":{""classes"":[],""country_code"":null,""date"":""2020-02-13 - 2020-02-10"",""event_type"":""Registry Event"",""location"":"""",""name"":""Capital Swing Presidents' Day Convention"",""website"":""http://www.capitalswingconvention.com""}},""summary"":""unknown calendar date: '2020-02-13 - 2020-02-10'""},{""evidence"":{""code"":""unrecognized_listing_date"",""evidence"":{""classes"":[],""country_code"":null,""date"":""2017-10-27 - 2017-10-02"",""event_type"":"""",""location"":"""",""name"":""Atlanta Swing Classic"",""website"":""""}},""summary"":""unknown calendar date: '2017-10-27 - 2017-10-02'""}]},{""source"":""wsdc_calendar"",""status"":""parsed"",""target_id"":""6ce7ce1a4672bb04f9e6f54a"",""timestamp"":""20191018054453"",""url"":""https://www.worldsdc.com/event-calendar/"",""warnings"":[{""evidence"":{""code"":""unrecognized_listing_date"",""evidence"":{""classes"":[],""country_code"":null,""date"":""2020-02-13 - 2020-02-10"",""event_type"":""Registry Event"",""location"":"""",""name"":""Capital Swing Presidents' Day Convention"",""website"":""http://www.capitalswingconvention.com""}},""summary"":""unknown calendar date: '2020-02-13 - 2020-02-10'""},{""evidence"":{""code"":""unrecognized_listing_date"",""evidence"":{""classes"":[],""country_code"":null,""date"":""2017-10-27 - 2017-10-02"",""event_type"":"""",""location"":"""",""name"":""Atlanta Swing Classic"",""website"":""""}},""summary"":""unknown calendar date: '2017-10-27 - 2017-10-02'""}]},{""source"":""wsdc_calendar"",""status"":""parsed"",""target_id"":""1b3c6c6919989e1fb2654ece"",""timestamp"":""20191106155651"",""url"":""https://www.worldsdc.com/event-calendar/"",""warnings"":[{""evidence"":{""code"":""unrecognized_listing_date"",""evidence"":{""classes"":[],""country_code"":null,""date"":""2017-10-27 - 2017-10-02"",""event_type"":"""",""location"":"""",""name"":""Atlanta Swing Classic"",""website"":""""}},""summary"":""unknown calendar date: '2017-10-27 - 2017-10-02'""},{""evidence"":{""code"":""unrecognized_listing_date"",""evidence"":{""classes"":[],""country_code"":null,""date"":""2020-02-13 - 2020-02-10"",""event_type"":""Registry Event"",""location"":"""",""name"":""Capital Swing Presidents' Day Convention"",""website"":""http://www.capitalswingconvention.com""}},""summary"":""unknown calendar date: '2020-02-13 - 2020-02-10'""}]},{""source"":""wsdc_calendar"",""status"":""parsed"",""target_id"":""0c1a65f8427b8be5c9cf8c7c"",""timestamp"":""20191212192203"",""url"":""https://www.worldsdc.com/event-calendar/"",""warnings"":[{""evidence"":{""code"":""unrecognized_listing_date"",""evidence"":{""classes"":[],""country_code"":null,""date"":""2017-10-27 - 2017-10-02"",""event_type"":"""",""location"":"""",""name"":""Atlanta Swing Classic"",""website"":""""}},""summary"":""unknown calendar date: '2017-10-27 - 2017-10-02'""}]},{""source"":""wsdc_calendar"",""status"":""parsed"",""target_id"":""a1552033d5ab342fc7915696"",""timestamp"":""20210920204412"",""url"":""https://www.worldsdc.com/event-calendar/"",""warnings"":[{""evidence"":{""code"":""unrecognized_listing_date"",""evidence"":{""classes"":[],""country_code"":null,""date"":""2021-10-15 - 2020-10-21"",""event_type"":""Registry Event"",""location"":"""",""name"":""European Swing Challenge (Cancelled due to Covid-19)"",""website"":""http://www.jiveaddiction.com""}},""summary"":""unknown calendar date: '2021-10-15 - 2020-10-21'""}]},{""source"":""wsdc_calendar"",""status"":""parsed"",""target_id"":""7b80fe7a9bb1bba64608cee6"",""timestamp"":""20211207001407"",""url"":""https://www.worldsdc.com/event-calendar/"",""warnings"":[{""evidence"":{""code"":""unrecognized_listing_date"",""evidence"":{""classes"":[],""country_code"":null,""date"":""2021-10-15 - 2020-10-21"",""event_type"":""Registry Event"",""location"":"""",""name"":""European Swing Challenge (Cancelled due to Covid-19)"",""website"":""http://www.jiveaddiction.com""}},""summary"":""unknown calendar date: '2021-10-15 - 2020-10-21'""}]},{""source"":""wsdc_calendar"",""status"":""parsed"",""target_id"":""60d215c8c0b614f4183762c9"",""timestamp"":""20220118200123"",""url"":""https://www.worldsdc.com/event-calendar/"",""warnings"":[{""evidence"":{""code"":""unrecognized_listing_date"",""evidence"":{""classes"":[],""country_code"":null,""date"":""2021-10-15 - 2020-10-21"",""event_type"":""Registry Event"",""location"":"""",""name"":""European Swing Challenge (Cancelled due to Covid-19)"",""website"":""http://www.jiveaddiction.com""}},""summary"":""unknown calendar date: '2021-10-15 - 2020-10-21'""}]},{""source"":""wsdc_calendar"",""status"":""parsed"",""target_id"":""31073eb64db45b0b3bc14037"",""timestamp"":""20220327070320"",""url"":""https://www.worldsdc.com/event-calendar/"",""warnings"":[{""evidence"":{""code"":""unrecognized_listing_date"",""evidence"":{""classes"":[],""country_code"":null,""date"":""2021-10-15 - 2020-10-21"",""event_type"":""Registry Event"",""location"":"""",""name"":""European Swing Challenge (Cancelled due to Covid-19)"",""website"":""http://www.jiveaddiction.com""}},""summary"":""unknown calendar date: '2021-10-15 - 2020-10-21'""}]},{""source"":""wsdc_calendar"",""status"":""parsed"",""target_id"":""a62ed37377f66f873478b99f"",""timestamp"":""20220516154440"",""url"":""https://www.worldsdc.com/event-calendar/"",""warnings"":[{""evidence"":{""code"":""unrecognized_listing_date"",""evidence"":{""classes"":[],""country_code"":null,""date"":""2021-10-15 - 2020-10-21"",""event_type"":""Registry Event"",""location"":"""",""name"":""European Swing Challenge (Cancelled due to Covid-19)"",""website"":""http://www.jiveaddiction.com""}},""summary"":""unknown calendar date: '2021-10-15 - 2020-10-21'""},{""evidence"":{""code"":""unrecognized_listing_date"",""evidence"":{""classes"":[],""country_code"":null,""date"":""2023-03-02 - 2022-03-08"",""event_type"":""Registry Event"",""location"":"""",""name"":""MADjam (Mid Atlantic Dance Jam)"",""website"":""http://www.atlanticdancejam.com""}},""summary"":""unknown calendar date: '2023-03-02 - 2022-03-08'""},{""evidence"":{""code"":""unrecognized_listing_date"",""evidence"":{""classes"":[],""country_code"":null,""date"":""2023-04-14 - 2022-04-17"",""event_type"":""Registry Event"",""location"":"""",""name"":""WESTY NANTES"",""website"":""https://www.westynantes.com/""}},""summary"":""unknown calendar date: '2023-04-14 - 2022-04-17'""}]},{""source"":""wsdc_calendar"",""status"":""parsed"",""target_id"":""772e82ab89c8201dae8a26f6"",""timestamp"":""20220927051335"",""url"":""https://www.worldsdc.com/event-calendar/"",""warnings"":[{""evidence"":{""code"":""unrecognized_listing_date"",""evidence"":{""classes"":[],""country_code"":null,""date"":""2023-04-14 - 2022-04-17"",""event_type"":""Registry Event"",""location"":"""",""name"":""WESTY NANTES"",""website"":""https://www.westynantes.com/""}},""summary"":""unknown calendar date: '2023-04-14 - 2022-04-17'""},{""evidence"":{""code"":""unrecognized_listing_date"",""evidence"":{""classes"":[],""country_code"":null,""date"":""2021-10-15 - 2020-10-21"",""event_type"":""Registry Event"",""location"":"""",""name"":""European Swing Challenge (Cancelled due to Covid-19)"",""website"":""http://www.jiveaddiction.com""}},""summary"":""unknown calendar date: '2021-10-15 - 2020-10-21'""},{""evidence"":{""code"":""unrecognized_listing_date"",""evidence"":{""classes"":[],""country_code"":null,""date"":""2023-03-02 - 2022-03-08"",""event_type"":""Registry Event"",""location"":"""",""name"":""MADjam (Mid Atlantic Dance Jam)"",""website"":""http://www.atlanticdancejam.com""}},""summary"":""unknown calendar date: '2023-03-02 - 2022-03-08'""}]},{""source"":""wsdc_calendar"",""status"":""pending"",""target_id"":""a9a1981e91474f1967356d61"",""timestamp"":""20250226151724"",""url"":""https://www.worldsdc.com/events/"",""warnings"":[]},{""source"":""wsdc_calendar"",""status"":""pending"",""target_id"":""ea4e68c086533dd6581c3015"",""timestamp"":""20250423104016"",""url"":""https://www.worldsdc.com/print-event-list/"",""warnings"":[]},{""source"":""wsdc_calendar"",""status"":""pending"",""target_id"":""24eaae0d5fea3221affb5a0a"",""timestamp"":""20250512152735"",""url"":""https://www.worldsdc.com/events/"",""warnings"":[]},{""source"":""wsdc_calendar"",""status"":""pending"",""target_id"":""828e41e7f8f4bfd34d171092"",""timestamp"":""20250814164915"",""url"":""https://www.worldsdc.com/print-event-list/"",""warnings"":[]},{""source"":""wsdc_calendar"",""status"":""pending"",""target_id"":""3c5a6116618208e4556dd9e7"",""timestamp"":""20251006110156"",""url"":""https://www.worldsdc.com/events/"",""warnings"":[]},{""source"":""wsdc_calendar"",""status"":""pending"",""target_id"":""e7dcb140bcbd077c67c0d425"",""timestamp"":""20251115173727"",""url"":""https://www.worldsdc.com/print-event-list/"",""warnings"":[]},{""source"":""wsdc_calendar"",""status"":""pending"",""target_id"":""f140e9fd5864d1c777006540"",""timestamp"":""20251219091106"",""url"":""https://www.worldsdc.com/events/"",""warnings"":[]},{""source"":""wsdc_calendar"",""status"":""pending"",""target_id"":""763f8950892b9e719910fcd3"",""timestamp"":""20251219113055"",""url"":""https://www.worldsdc.com/events/"",""warnings"":[]},{""source"":""wsdc_calendar"",""status"":""pending"",""target_id"":""f0dcc51ff963f79c44d90734"",""timestamp"":""20260107152659"",""url"":""https://www.worldsdc.com/events/"",""warnings"":[]},{""source"":""wsdc_calendar"",""status"":""pending"",""target_id"":""fa9d6701e2418b435644b296"",""timestamp"":""20260110202716"",""url"":""https://www.worldsdc.com/events/"",""warnings"":[]},{""source"":""wsdc_calendar"",""status"":""pending"",""target_id"":""9fad90785a2f773113d0c84d"",""timestamp"":""20260120214828"",""url"":""https://www.worldsdc.com/events/"",""warnings"":[]},{""source"":""wsdc_calendar"",""status"":""pending"",""target_id"":""032270847f79d7aebca98f65"",""timestamp"":""20260211205531"",""url"":""https://www.worldsdc.com/print-event-list/"",""warnings"":[]},{""source"":""wsdc_calendar"",""status"":""pending"",""target_id"":""edb1d1478b3fe19a626a30d7"",""timestamp"":""20260308093633"",""url"":""https://www.worldsdc.com/events/"",""warnings"":[]},{""source"":""wsdc_calendar"",""status"":""pending"",""target_id"":""017e59a25155c25983b14000"",""timestamp"":""20260513152740"",""url"":""https://www.worldsdc.com/print-event-list/"",""warnings"":[]},{""source"":""wsdc_calendar"",""status"":""pending"",""target_id"":""2b8b7d5b424f394e25c2b7bb"",""timestamp"":""20260513162349"",""url"":""https://www.worldsdc.com/events/"",""warnings"":[]},{""source"":""wsdc_calendar"",""status"":""pending"",""target_id"":""9592958a3cd694d86e677fc5"",""timestamp"":""20260521133133"",""url"":""https://www.worldsdc.com/events/"",""warnings"":[]},{""source"":""wsdc_calendar"",""status"":""pending"",""target_id"":""2dd8b6dc4d2d264495a33f0f"",""timestamp"":""20260813102731"",""url"":""https://worldsdc.com/events/"",""warnings"":[]}],""year"":2012}",phase1_incomplete,2012,phase1_year,,2012,history_year,,"Event-list catalog has pending captures, unresolved parse findings, or missing discovery"
"{""gaps"":[{""source"":""wsdc_newsletter"",""status"":""parsed"",""target_id"":""0e8afed4a25aa5c6fd5f2741"",""timestamp"":null,""url"":""http://www.worldsdc.com/wp-content/uploads/2020/12/170330-WSDC-Newsletter-Vol-2-3.pdf"",""warnings"":[{""evidence"":{""code"":""newsletter_undated_listing"",""evidence"":{""page"":2,""rows"":[""SLINGSHOT SWING On Hiatus"",""CMJ NSW WEST COAST SWING DANCE CHAMPIONSHIPS On Hiatus""]}},""summary"":""Listed event has no safely parsed date; preserve hiatus or other notice for review""},{""evidence"":{""code"":""approval_notice_review"",""evidence"":{""notice"":""Apr 13 – 16, 2017                      quarter of 2017 new registry events included:                  We currently have 154 Registry Events, 84 in"",""page"":1}},""summary"":""Prose approval notice needs a dated event interpretation""}]},{""source"":""wsdc_newsletter"",""status"":""parsed"",""target_id"":""c16974cf6a719bb6f6e3c9da"",""timestamp"":null,""url"":""http://www.worldsdc.com/wp-content/uploads/2020/12/WSDC-Newsleter-Vol-10-04-12-2019.pdf"",""warnings"":[{""evidence"":{""code"":""newsletter_undated_listing"",""evidence"":{""page"":2,""rows"":[""HUNGARIAN OPEN May 24 – 26, 20189""]}},""summary"":""Listed event has no safely parsed date; preserve hiatus or other notice for review""},{""evidence"":{""code"":""newsletter_colour_unverified"",""evidence"":{""colour_recovered"":false,""fallback"":""registry"",""snapshot_id"":""snap_20260913T053000Z_11d8e6dbdaab""}},""summary"":""Trial or member activity colour was not recovered; newsletter registry status uses the documented fallback""}]},{""source"":""swingdancecouncil"",""status"":""parsed"",""target_id"":""a708800172465e26cdff723f"",""timestamp"":""20121228025805"",""url"":""http://www.swingdancecouncil.com:80/ActiveServerPages/UpcomingEvents.asp"",""warnings"":[{""evidence"":{""code"":""unrecognized_listing_date"",""evidence"":{""date"":""May 23 26, 2013"",""location"":""Dallas, TX"",""name"":""DFW proAMjam"",""website"":""http://www.dfwproamjam.com""}},""summary"":""unknown calendar date: 'May 23 26, 2013'""}]},{""source"":""wsdc_calendar"",""status"":""finding"",""target_id"":""4524f01e997c4e2f34e9ad8b"",""timestamp"":""20160710033710"",""url"":""http://www.worldsdc.com:80/events-map/"",""warnings"":[{""evidence"":{""snapshot_id"":""snap_20260913T051034Z_c954a81d470a""},""summary"":""captured map marker lacks a name or printed date""}]},{""source"":""wsdc_calendar"",""status"":""parsed"",""target_id"":""ff3953a1ccb4da3e936fdabc"",""timestamp"":""20160909052448"",""url"":""http://www.worldsdc.com:80/event-calendar/"",""warnings"":[{""evidence"":{""code"":""unrecognized_listing_date"",""evidence"":{""classes"":[],""country_code"":null,""date"":""2017-01-26 - 1201-01-30"",""event_type"":""Registry Event"",""location"":"""",""name"":""Derby City Swing"",""website"":""http://www.DerbyCitySwing.com""}},""summary"":""unknown calendar date: '2017-01-26 - 1201-01-30'""}]},{""source"":""wsdc_calendar"",""status"":""finding"",""target_id"":""1e7c58035500bacb34f94ee2"",""timestamp"":""20160909104400"",""url"":""http://www.worldsdc.com:80/events-map/"",""warnings"":[{""evidence"":{""snapshot_id"":""snap_20260913T051124Z_69886cf0bd03""},""summary"":""captured map marker lacks a name or printed date""}]},{""source"":""wsdc_calendar"",""status"":""parsed"",""target_id"":""45e7d60cf892aa442bc764ee"",""timestamp"":""20161109222349"",""url"":""http://www.worldsdc.com:80/event-calendar/"",""warnings"":[{""evidence"":{""code"":""unrecognized_listing_date"",""evidence"":{""classes"":[],""country_code"":null,""date"":""2017-08-09 - 2016-08-02"",""event_type"":""Registry Event"",""location"":"""",""name"":""Sea Sun & Swing Camp"",""website"":""http://www.seasunswing.net/""}},""summary"":""unknown calendar date: '2017-08-09 - 2016-08-02'""}]},{""source"":""wsdc_calendar"",""status"":""finding"",""target_id"":""a2bc46c2c8df036f4f4893ce"",""timestamp"":""20161110035618"",""url"":""http://www.worldsdc.com:80/events-map/"",""warnings"":[{""evidence"":{""snapshot_id"":""snap_20260913T051154Z_e4edbdd2484e""},""summary"":""captured map marker lacks a name or printed date""}]},{""source"":""wsdc_calendar"",""status"":""finding"",""target_id"":""35f6bfc5b865f014caed252f"",""timestamp"":""20161212121213"",""url"":""http://www.worldsdc.com:80/events-map/?"",""warnings"":[{""evidence"":{""snapshot_id"":""snap_20260913T051213Z_81a2aa57dba1""},""summary"":""captured map marker lacks a name or printed date""}]},{""source"":""wsdc_calendar"",""status"":""parsed"",""target_id"":""63fc2e9fab71011f49928da1"",""timestamp"":""20190310202901"",""url"":""https://www.worldsdc.com/event-calendar/"",""warnings"":[{""evidence"":{""code"":""unrecognized_listing_date"",""evidence"":{""classes"":[],""country_code"":null,""date"":""2017-10-27 - 2017-10-02"",""event_type"":"""",""location"":"""",""name"":""Atlanta Swing Classic"",""website"":""""}},""summary"":""unknown calendar date: '2017-10-27 - 2017-10-02'""}]},{""source"":""wsdc_calendar"",""status"":""parsed"",""target_id"":""45af6af9a8be9960552c707c"",""timestamp"":""20190723190818"",""url"":""https://www.worldsdc.com/event-calendar/"",""warnings"":[{""evidence"":{""code"":""unrecognized_listing_date"",""evidence"":{""classes"":[],""country_code"":null,""date"":""2017-10-27 - 2017-10-02"",""event_type"":"""",""location"":"""",""name"":""Atlanta Swing Classic"",""website"":""""}},""summary"":""unknown calendar date: '2017-10-27 - 2017-10-02'""},{""evidence"":{""code"":""unrecognized_listing_date"",""evidence"":{""classes"":[],""country_code"":null,""date"":""2020-02-13 - 2020-02-10"",""event_type"":""Registry Event"",""location"":"""",""name"":""Capital Swing Presidents' Day Convention"",""website"":""http://www.capitalswingconvention.com""}},""summary"":""unknown calendar date: '2020-02-13 - 2020-02-10'""}]},{""source"":""wsdc_calendar"",""status"":""parsed"",""target_id"":""ff51b642e9a4b4954b6e59f5"",""timestamp"":""20190803171837"",""url"":""https://www.worldsdc.com/event-calendar/"",""warnings"":[{""evidence"":{""code"":""unrecognized_listing_date"",""evidence"":{""classes"":[],""country_code"":null,""date"":""2017-10-27 - 2017-10-02"",""event_type"":"""",""location"":"""",""name"":""Atlanta Swing Classic"",""website"":""""}},""summary"":""unknown calendar date: '2017-10-27 - 2017-10-02'""},{""evidence"":{""code"":""unrecognized_listing_date"",""evidence"":{""classes"":[],""country_code"":null,""date"":""2020-02-13 - 2020-02-10"",""event_type"":""Registry Event"",""location"":"""",""name"":""Capital Swing Presidents' Day Convention"",""website"":""http://www.capitalswingconvention.com""}},""summary"":""unknown calendar date: '2020-02-13 - 2020-02-10'""}]},{""source"":""wsdc_calendar"",""status"":""parsed"",""target_id"":""f19398f1d6ae2da489cbca06"",""timestamp"":""20190920150618"",""url"":""https://www.worldsdc.com/event-calendar/"",""warnings"":[{""evidence"":{""code"":""unrecognized_listing_date"",""evidence"":{""classes"":[],""country_code"":null,""date"":""2020-02-13 - 2020-02-10"",""event_type"":""Registry Event"",""location"":"""",""name"":""Capital Swing Presidents' Day Convention"",""website"":""http://www.capitalswingconvention.com""}},""summary"":""unknown calendar date: '2020-02-13 - 2020-02-10'""},{""evidence"":{""code"":""unrecognized_listing_date"",""evidence"":{""classes"":[],""country_code"":null,""date"":""2017-10-27 - 2017-10-02"",""event_type"":"""",""location"":"""",""name"":""Atlanta Swing Classic"",""website"":""""}},""summary"":""unknown calendar date: '2017-10-27 - 2017-10-02'""}]},{""source"":""wsdc_calendar"",""status"":""parsed"",""target_id"":""6ce7ce1a4672bb04f9e6f54a"",""timestamp"":""20191018054453"",""url"":""https://www.worldsdc.com/event-calendar/"",""warnings"":[{""evidence"":{""code"":""unrecognized_listing_date"",""evidence"":{""classes"":[],""country_code"":null,""date"":""2020-02-13 - 2020-02-10"",""event_type"":""Registry Event"",""location"":"""",""name"":""Capital Swing Presidents' Day Convention"",""website"":""http://www.capitalswingconvention.com""}},""summary"":""unknown calendar date: '2020-02-13 - 2020-02-10'""},{""evidence"":{""code"":""unrecognized_listing_date"",""evidence"":{""classes"":[],""country_code"":null,""date"":""2017-10-27 - 2017-10-02"",""event_type"":"""",""location"":"""",""name"":""Atlanta Swing Classic"",""website"":""""}},""summary"":""unknown calendar date: '2017-10-27 - 2017-10-02'""}]},{""source"":""wsdc_calendar"",""status"":""parsed"",""target_id"":""1b3c6c6919989e1fb2654ece"",""timestamp"":""20191106155651"",""url"":""https://www.worldsdc.com/event-calendar/"",""warnings"":[{""evidence"":{""code"":""unrecognized_listing_date"",""evidence"":{""classes"":[],""country_code"":null,""date"":""2017-10-27 - 2017-10-02"",""event_type"":"""",""location"":"""",""name"":""Atlanta Swing Classic"",""website"":""""}},""summary"":""unknown calendar date: '2017-10-27 - 2017-10-02'""},{""evidence"":{""code"":""unrecognized_listing_date"",""evidence"":{""classes"":[],""country_code"":null,""date"":""2020-02-13 - 2020-02-10"",""event_type"":""Registry Event"",""location"":"""",""name"":""Capital Swing Presidents' Day Convention"",""website"":""http://www.capitalswingconvention.com""}},""summary"":""unknown calendar date: '2020-02-13 - 2020-02-10'""}]},{""source"":""wsdc_calendar"",""status"":""parsed"",""target_id"":""0c1a65f8427b8be5c9cf8c7c"",""timestamp"":""20191212192203"",""url"":""https://www.worldsdc.com/event-calendar/"",""warnings"":[{""evidence"":{""code"":""unrecognized_listing_date"",""evidence"":{""classes"":[],""country_code"":null,""date"":""2017-10-27 - 2017-10-02"",""event_type"":"""",""location"":"""",""name"":""Atlanta Swing Classic"",""website"":""""}},""summary"":""unknown calendar date: '2017-10-27 - 2017-10-02'""}]},{""source"":""wsdc_calendar"",""status"":""parsed"",""target_id"":""a1552033d5ab342fc7915696"",""timestamp"":""20210920204412"",""url"":""https://www.worldsdc.com/event-calendar/"",""warnings"":[{""evidence"":{""code"":""unrecognized_listing_date"",""evidence"":{""classes"":[],""country_code"":null,""date"":""2021-10-15 - 2020-10-21"",""event_type"":""Registry Event"",""location"":"""",""name"":""European Swing Challenge (Cancelled due to Covid-19)"",""website"":""http://www.jiveaddiction.com""}},""summary"":""unknown calendar date: '2021-10-15 - 2020-10-21'""}]},{""source"":""wsdc_calendar"",""status"":""parsed"",""target_id"":""7b80fe7a9bb1bba64608cee6"",""timestamp"":""20211207001407"",""url"":""https://www.worldsdc.com/event-calendar/"",""warnings"":[{""evidence"":{""code"":""unrecognized_listing_date"",""evidence"":{""classes"":[],""country_code"":null,""date"":""2021-10-15 - 2020-10-21"",""event_type"":""Registry Event"",""location"":"""",""name"":""European Swing Challenge (Cancelled due to Covid-19)"",""website"":""http://www.jiveaddiction.com""}},""summary"":""unknown calendar date: '2021-10-15 - 2020-10-21'""}]},{""source"":""wsdc_calendar"",""status"":""parsed"",""target_id"":""60d215c8c0b614f4183762c9"",""timestamp"":""20220118200123"",""url"":""https://www.worldsdc.com/event-calendar/"",""warnings"":[{""evidence"":{""code"":""unrecognized_listing_date"",""evidence"":{""classes"":[],""country_code"":null,""date"":""2021-10-15 - 2020-10-21"",""event_type"":""Registry Event"",""location"":"""",""name"":""European Swing Challenge (Cancelled due to Covid-19)"",""website"":""http://www.jiveaddiction.com""}},""summary"":""unknown calendar date: '2021-10-15 - 2020-10-21'""}]},{""source"":""wsdc_calendar"",""status"":""parsed"",""target_id"":""31073eb64db45b0b3bc14037"",""timestamp"":""20220327070320"",""url"":""https://www.worldsdc.com/event-calendar/"",""warnings"":[{""evidence"":{""code"":""unrecognized_listing_date"",""evidence"":{""classes"":[],""country_code"":null,""date"":""2021-10-15 - 2020-10-21"",""event_type"":""Registry Event"",""location"":"""",""name"":""European Swing Challenge (Cancelled due to Covid-19)"",""website"":""http://www.jiveaddiction.com""}},""summary"":""unknown calendar date: '2021-10-15 - 2020-10-21'""}]},{""source"":""wsdc_calendar"",""status"":""parsed"",""target_id"":""a62ed37377f66f873478b99f"",""timestamp"":""20220516154440"",""url"":""https://www.worldsdc.com/event-calendar/"",""warnings"":[{""evidence"":{""code"":""unrecognized_listing_date"",""evidence"":{""classes"":[],""country_code"":null,""date"":""2021-10-15 - 2020-10-21"",""event_type"":""Registry Event"",""location"":"""",""name"":""European Swing Challenge (Cancelled due to Covid-19)"",""website"":""http://www.jiveaddiction.com""}},""summary"":""unknown calendar date: '2021-10-15 - 2020-10-21'""},{""evidence"":{""code"":""unrecognized_listing_date"",""evidence"":{""classes"":[],""country_code"":null,""date"":""2023-03-02 - 2022-03-08"",""event_type"":""Registry Event"",""location"":"""",""name"":""MADjam (Mid Atlantic Dance Jam)"",""website"":""http://www.atlanticdancejam.com""}},""summary"":""unknown calendar date: '2023-03-02 - 2022-03-08'""},{""evidence"":{""code"":""unrecognized_listing_date"",""evidence"":{""classes"":[],""country_code"":null,""date"":""2023-04-14 - 2022-04-17"",""event_type"":""Registry Event"",""location"":"""",""name"":""WESTY NANTES"",""website"":""https://www.westynantes.com/""}},""summary"":""unknown calendar date: '2023-04-14 - 2022-04-17'""}]},{""source"":""wsdc_calendar"",""status"":""parsed"",""target_id"":""772e82ab89c8201dae8a26f6"",""timestamp"":""20220927051335"",""url"":""https://www.worldsdc.com/event-calendar/"",""warnings"":[{""evidence"":{""code"":""unrecognized_listing_date"",""evidence"":{""classes"":[],""country_code"":null,""date"":""2023-04-14 - 2022-04-17"",""event_type"":""Registry Event"",""location"":"""",""name"":""WESTY NANTES"",""website"":""https://www.westynantes.com/""}},""summary"":""unknown calendar date: '2023-04-14 - 2022-04-17'""},{""evidence"":{""code"":""unrecognized_listing_date"",""evidence"":{""classes"":[],""country_code"":null,""date"":""2021-10-15 - 2020-10-21"",""event_type"":""Registry Event"",""location"":"""",""name"":""European Swing Challenge (Cancelled due to Covid-19)"",""website"":""http://www.jiveaddiction.com""}},""summary"":""unknown calendar date: '2021-10-15 - 2020-10-21'""},{""evidence"":{""code"":""unrecognized_listing_date"",""evidence"":{""classes"":[],""country_code"":null,""date"":""2023-03-02 - 2022-03-08"",""event_type"":""Registry Event"",""location"":"""",""name"":""MADjam (Mid Atlantic Dance Jam)"",""website"":""http://www.atlanticdancejam.com""}},""summary"":""unknown calendar date: '2023-03-02 - 2022-03-08'""}]},{""source"":""wsdc_calendar"",""status"":""pending"",""target_id"":""a9a1981e91474f1967356d61"",""timestamp"":""20250226151724"",""url"":""https://www.worldsdc.com/events/"",""warnings"":[]},{""source"":""wsdc_calendar"",""status"":""pending"",""target_id"":""ea4e68c086533dd6581c3015"",""timestamp"":""20250423104016"",""url"":""https://www.worldsdc.com/print-event-list/"",""warnings"":[]},{""source"":""wsdc_calendar"",""status"":""pending"",""target_id"":""24eaae0d5fea3221affb5a0a"",""timestamp"":""20250512152735"",""url"":""https://www.worldsdc.com/events/"",""warnings"":[]},{""source"":""wsdc_calendar"",""status"":""pending"",""target_id"":""828e41e7f8f4bfd34d171092"",""timestamp"":""20250814164915"",""url"":""https://www.worldsdc.com/print-event-list/"",""warnings"":[]},{""source"":""wsdc_calendar"",""status"":""pending"",""target_id"":""3c5a6116618208e4556dd9e7"",""timestamp"":""20251006110156"",""url"":""https://www.worldsdc.com/events/"",""warnings"":[]},{""source"":""wsdc_calendar"",""status"":""pending"",""target_id"":""e7dcb140bcbd077c67c0d425"",""timestamp"":""20251115173727"",""url"":""https://www.worldsdc.com/print-event-list/"",""warnings"":[]},{""source"":""wsdc_calendar"",""status"":""pending"",""target_id"":""f140e9fd5864d1c777006540"",""timestamp"":""20251219091106"",""url"":""https://www.worldsdc.com/events/"",""warnings"":[]},{""source"":""wsdc_calendar"",""status"":""pending"",""target_id"":""763f8950892b9e719910fcd3"",""timestamp"":""20251219113055"",""url"":""https://www.worldsdc.com/events/"",""warnings"":[]},{""source"":""wsdc_calendar"",""status"":""pending"",""target_id"":""f0dcc51ff963f79c44d90734"",""timestamp"":""20260107152659"",""url"":""https://www.worldsdc.com/events/"",""warnings"":[]},{""source"":""wsdc_calendar"",""status"":""pending"",""target_id"":""fa9d6701e2418b435644b296"",""timestamp"":""20260110202716"",""url"":""https://www.worldsdc.com/events/"",""warnings"":[]},{""source"":""wsdc_calendar"",""status"":""pending"",""target_id"":""9fad90785a2f773113d0c84d"",""timestamp"":""20260120214828"",""url"":""https://www.worldsdc.com/events/"",""warnings"":[]},{""source"":""wsdc_calendar"",""status"":""pending"",""target_id"":""032270847f79d7aebca98f65"",""timestamp"":""20260211205531"",""url"":""https://www.worldsdc.com/print-event-list/"",""warnings"":[]},{""source"":""wsdc_calendar"",""status"":""pending"",""target_id"":""edb1d1478b3fe19a626a30d7"",""timestamp"":""20260308093633"",""url"":""https://www.worldsdc.com/events/"",""warnings"":[]},{""source"":""wsdc_calendar"",""status"":""pending"",""target_id"":""017e59a25155c25983b14000"",""timestamp"":""20260513152740"",""url"":""https://www.worldsdc.com/print-event-list/"",""warnings"":[]},{""source"":""wsdc_calendar"",""status"":""pending"",""target_id"":""2b8b7d5b424f394e25c2b7bb"",""timestamp"":""20260513162349"",""url"":""https://www.worldsdc.com/events/"",""warnings"":[]},{""source"":""wsdc_calendar"",""status"":""pending"",""target_id"":""9592958a3cd694d86e677fc5"",""timestamp"":""20260521133133"",""url"":""https://www.worldsdc.com/events/"",""warnings"":[]},{""source"":""wsdc_calendar"",""status"":""pending"",""target_id"":""2dd8b6dc4d2d264495a33f0f"",""timestamp"":""20260813102731"",""url"":""https://worldsdc.com/events/"",""warnings"":[]}],""year"":2013}",phase1_incomplete,2013,phase1_year,,2013,history_year,,"Event-list catalog has pending captures, unresolved parse findings, or missing discovery"
"{""gaps"":[{""source"":""swingdancecouncil"",""status"":""parsed"",""target_id"":""a708800172465e26cdff723f"",""timestamp"":""20121228025805"",""url"":""http://www.swingdancecouncil.com:80/ActiveServerPages/UpcomingEvents.asp"",""warnings"":[{""evidence"":{""code"":""unrecognized_listing_date"",""evidence"":{""date"":""May 23 26, 2013"",""location"":""Dallas, TX"",""name"":""DFW proAMjam"",""website"":""http://www.dfwproamjam.com""}},""summary"":""unknown calendar date: 'May 23 26, 2013'""}]},{""source"":""swingdancecouncil"",""status"":""parsed"",""target_id"":""9db70e63e82c2b04b5429f65"",""timestamp"":""20141112124047"",""url"":""http://www.swingdancecouncil.com/ActiveServerPages/UpcomingEvents.asp"",""warnings"":[{""evidence"":{""code"":""unrecognized_listing_date"",""evidence"":{""date"":""Feb. 12 - 14, 215"",""location"":""Tampa, FL"",""name"":""Sweetheart Swing Classic"",""website"":""http://www.sweetheartswingclassic.com""}},""summary"":""unknown calendar date: 'Feb 12 - 14, 215'""}]},{""source"":""swingdancecouncil"",""status"":""parsed"",""target_id"":""980fe458d3fe07a44a99b37b"",""timestamp"":""20150214083833"",""url"":""http://www.swingdancecouncil.com:80/ActiveServerPages/UpcomingEvents.asp"",""warnings"":[{""evidence"":{""code"":""unrecognized_listing_date"",""evidence"":{""date"":""Feb. 12 - 14, 215"",""location"":""Tampa, FL"",""name"":""Sweetheart Swing Classic"",""website"":""http://www.sweetheartswingclassic.com""}},""summary"":""unknown calendar date: 'Feb 12 - 14, 215'""}]},{""source"":""wsdc_calendar"",""status"":""finding"",""target_id"":""4524f01e997c4e2f34e9ad8b"",""timestamp"":""20160710033710"",""url"":""http://www.worldsdc.com:80/events-map/"",""warnings"":[{""evidence"":{""snapshot_id"":""snap_20260913T051034Z_c954a81d470a""},""summary"":""captured map marker lacks a name or printed date""}]},{""source"":""wsdc_calendar"",""status"":""parsed"",""target_id"":""ff3953a1ccb4da3e936fdabc"",""timestamp"":""20160909052448"",""url"":""http://www.worldsdc.com:80/event-calendar/"",""warnings"":[{""evidence"":{""code"":""unrecognized_listing_date"",""evidence"":{""classes"":[],""country_code"":null,""date"":""2017-01-26 - 1201-01-30"",""event_type"":""Registry Event"",""location"":"""",""name"":""Derby City Swing"",""website"":""http://www.DerbyCitySwing.com""}},""summary"":""unknown calendar date: '2017-01-26 - 1201-01-30'""}]},{""source"":""wsdc_calendar"",""status"":""finding"",""target_id"":""1e7c58035500bacb34f94ee2"",""timestamp"":""20160909104400"",""url"":""http://www.worldsdc.com:80/events-map/"",""warnings"":[{""evidence"":{""snapshot_id"":""snap_20260913T051124Z_69886cf0bd03""},""summary"":""captured map marker lacks a name or printed date""}]},{""source"":""wsdc_calendar"",""status"":""parsed"",""target_id"":""45e7d60cf892aa442bc764ee"",""timestamp"":""20161109222349"",""url"":""http://www.worldsdc.com:80/event-calendar/"",""warnings"":[{""evidence"":{""code"":""unrecognized_listing_date"",""evidence"":{""classes"":[],""country_code"":null,""date"":""2017-08-09 - 2016-08-02"",""event_type"":""Registry Event"",""location"":"""",""name"":""Sea Sun & Swing Camp"",""website"":""http://www.seasunswing.net/""}},""summary"":""unknown calendar date: '2017-08-09 - 2016-08-02'""}]},{""source"":""wsdc_calendar"",""status"":""finding"",""target_id"":""a2bc46c2c8df036f4f4893ce"",""timestamp"":""20161110035618"",""url"":""http://www.worldsdc.com:80/events-map/"",""warnings"":[{""evidence"":{""snapshot_id"":""snap_20260913T051154Z_e4edbdd2484e""},""summary"":""captured map marker lacks a name or printed date""}]},{""source"":""wsdc_calendar"",""status"":""finding"",""target_id"":""35f6bfc5b865f014caed252f"",""timestamp"":""20161212121213"",""url"":""http://www.worldsdc.com:80/events-map/?"",""warnings"":[{""evidence"":{""snapshot_id"":""snap_20260913T051213Z_81a2aa57dba1""},""summary"":""captured map marker lacks a name or printed date""}]},{""source"":""wsdc_calendar"",""status"":""parsed"",""target_id"":""63fc2e9fab71011f49928da1"",""timestamp"":""20190310202901"",""url"":""https://www.worldsdc.com/event-calendar/"",""warnings"":[{""evidence"":{""code"":""unrecognized_listing_date"",""evidence"":{""classes"":[],""country_code"":null,""date"":""2017-10-27 - 2017-10-02"",""event_type"":"""",""location"":"""",""name"":""Atlanta Swing Classic"",""website"":""""}},""summary"":""unknown calendar date: '2017-10-27 - 2017-10-02'""}]},{""source"":""wsdc_calendar"",""status"":""parsed"",""target_id"":""45af6af9a8be9960552c707c"",""timestamp"":""20190723190818"",""url"":""https://www.worldsdc.com/event-calendar/"",""warnings"":[{""evidence"":{""code"":""unrecognized_listing_date"",""evidence"":{""classes"":[],""country_code"":null,""date"":""2017-10-27 - 2017-10-02"",""event_type"":"""",""location"":"""",""name"":""Atlanta Swing Classic"",""website"":""""}},""summary"":""unknown calendar date: '2017-10-27 - 2017-10-02'""},{""evidence"":{""code"":""unrecognized_listing_date"",""evidence"":{""classes"":[],""country_code"":null,""date"":""2020-02-13 - 2020-02-10"",""event_type"":""Registry Event"",""location"":"""",""name"":""Capital Swing Presidents' Day Convention"",""website"":""http://www.capitalswingconvention.com""}},""summary"":""unknown calendar date: '2020-02-13 - 2020-02-10'""}]},{""source"":""wsdc_calendar"",""status"":""parsed"",""target_id"":""ff51b642e9a4b4954b6e59f5"",""timestamp"":""20190803171837"",""url"":""https://www.worldsdc.com/event-calendar/"",""warnings"":[{""evidence"":{""code"":""unrecognized_listing_date"",""evidence"":{""classes"":[],""country_code"":null,""date"":""2017-10-27 - 2017-10-02"",""event_type"":"""",""location"":"""",""name"":""Atlanta Swing Classic"",""website"":""""}},""summary"":""unknown calendar date: '2017-10-27 - 2017-10-02'""},{""evidence"":{""code"":""unrecognized_listing_date"",""evidence"":{""classes"":[],""country_code"":null,""date"":""2020-02-13 - 2020-02-10"",""event_type"":""Registry Event"",""location"":"""",""name"":""Capital Swing Presidents' Day Convention"",""website"":""http://www.capitalswingconvention.com""}},""summary"":""unknown calendar date: '2020-02-13 - 2020-02-10'""}]},{""source"":""wsdc_calendar"",""status"":""parsed"",""target_id"":""f19398f1d6ae2da489cbca06"",""timestamp"":""20190920150618"",""url"":""https://www.worldsdc.com/event-calendar/"",""warnings"":[{""evidence"":{""code"":""unrecognized_listing_date"",""evidence"":{""classes"":[],""country_code"":null,""date"":""2020-02-13 - 2020-02-10"",""event_type"":""Registry Event"",""location"":"""",""name"":""Capital Swing Presidents' Day Convention"",""website"":""http://www.capitalswingconvention.com""}},""summary"":""unknown calendar date: '2020-02-13 - 2020-02-10'""},{""evidence"":{""code"":""unrecognized_listing_date"",""evidence"":{""classes"":[],""country_code"":null,""date"":""2017-10-27 - 2017-10-02"",""event_type"":"""",""location"":"""",""name"":""Atlanta Swing Classic"",""website"":""""}},""summary"":""unknown calendar date: '2017-10-27 - 2017-10-02'""}]},{""source"":""wsdc_calendar"",""status"":""parsed"",""target_id"":""6ce7ce1a4672bb04f9e6f54a"",""timestamp"":""20191018054453"",""url"":""https://www.worldsdc.com/event-calendar/"",""warnings"":[{""evidence"":{""code"":""unrecognized_listing_date"",""evidence"":{""classes"":[],""country_code"":null,""date"":""2020-02-13 - 2020-02-10"",""event_type"":""Registry Event"",""location"":"""",""name"":""Capital Swing Presidents' Day Convention"",""website"":""http://www.capitalswingconvention.com""}},""summary"":""unknown calendar date: '2020-02-13 - 2020-02-10'""},{""evidence"":{""code"":""unrecognized_listing_date"",""evidence"":{""classes"":[],""country_code"":null,""date"":""2017-10-27 - 2017-10-02"",""event_type"":"""",""location"":"""",""name"":""Atlanta Swing Classic"",""website"":""""}},""summary"":""unknown calendar date: '2017-10-27 - 2017-10-02'""}]},{""source"":""wsdc_calendar"",""status"":""parsed"",""target_id"":""1b3c6c6919989e1fb2654ece"",""timestamp"":""20191106155651"",""url"":""https://www.worldsdc.com/event-calendar/"",""warnings"":[{""evidence"":{""code"":""unrecognized_listing_date"",""evidence"":{""classes"":[],""country_code"":null,""date"":""2017-10-27 - 2017-10-02"",""event_type"":"""",""location"":"""",""name"":""Atlanta Swing Classic"",""website"":""""}},""summary"":""unknown calendar date: '2017-10-27 - 2017-10-02'""},{""evidence"":{""code"":""unrecognized_listing_date"",""evidence"":{""classes"":[],""country_code"":null,""date"":""2020-02-13 - 2020-02-10"",""event_type"":""Registry Event"",""location"":"""",""name"":""Capital Swing Presidents' Day Convention"",""website"":""http://www.capitalswingconvention.com""}},""summary"":""unknown calendar date: '2020-02-13 - 2020-02-10'""}]},{""source"":""wsdc_calendar"",""status"":""parsed"",""target_id"":""0c1a65f8427b8be5c9cf8c7c"",""timestamp"":""20191212192203"",""url"":""https://www.worldsdc.com/event-calendar/"",""warnings"":[{""evidence"":{""code"":""unrecognized_listing_date"",""evidence"":{""classes"":[],""country_code"":null,""date"":""2017-10-27 - 2017-10-02"",""event_type"":"""",""location"":"""",""name"":""Atlanta Swing Classic"",""website"":""""}},""summary"":""unknown calendar date: '2017-10-27 - 2017-10-02'""}]},{""source"":""wsdc_calendar"",""status"":""parsed"",""target_id"":""a1552033d5ab342fc7915696"",""timestamp"":""20210920204412"",""url"":""https://www.worldsdc.com/event-calendar/"",""warnings"":[{""evidence"":{""code"":""unrecognized_listing_date"",""evidence"":{""classes"":[],""country_code"":null,""date"":""2021-10-15 - 2020-10-21"",""event_type"":""Registry Event"",""location"":"""",""name"":""European Swing Challenge (Cancelled due to Covid-19)"",""website"":""http://www.jiveaddiction.com""}},""summary"":""unknown calendar date: '2021-10-15 - 2020-10-21'""}]},{""source"":""wsdc_calendar"",""status"":""parsed"",""target_id"":""7b80fe7a9bb1bba64608cee6"",""timestamp"":""20211207001407"",""url"":""https://www.worldsdc.com/event-calendar/"",""warnings"":[{""evidence"":{""code"":""unrecognized_listing_date"",""evidence"":{""classes"":[],""country_code"":null,""date"":""2021-10-15 - 2020-10-21"",""event_type"":""Registry Event"",""location"":"""",""name"":""European Swing Challenge (Cancelled due to Covid-19)"",""website"":""http://www.jiveaddiction.com""}},""summary"":""unknown calendar date: '2021-10-15 - 2020-10-21'""}]},{""source"":""wsdc_calendar"",""status"":""parsed"",""target_id"":""60d215c8c0b614f4183762c9"",""timestamp"":""20220118200123"",""url"":""https://www.worldsdc.com/event-calendar/"",""warnings"":[{""evidence"":{""code"":""unrecognized_listing_date"",""evidence"":{""classes"":[],""country_code"":null,""date"":""2021-10-15 - 2020-10-21"",""event_type"":""Registry Event"",""location"":"""",""name"":""European Swing Challenge (Cancelled due to Covid-19)"",""website"":""http://www.jiveaddiction.com""}},""summary"":""unknown calendar date: '2021-10-15 - 2020-10-21'""}]},{""source"":""wsdc_calendar"",""status"":""parsed"",""target_id"":""31073eb64db45b0b3bc14037"",""timestamp"":""20220327070320"",""url"":""https://www.worldsdc.com/event-calendar/"",""warnings"":[{""evidence"":{""code"":""unrecognized_listing_date"",""evidence"":{""classes"":[],""country_code"":null,""date"":""2021-10-15 - 2020-10-21"",""event_type"":""Registry Event"",""location"":"""",""name"":""European Swing Challenge (Cancelled due to Covid-19)"",""website"":""http://www.jiveaddiction.com""}},""summary"":""unknown calendar date: '2021-10-15 - 2020-10-21'""}]},{""source"":""wsdc_calendar"",""status"":""parsed"",""target_id"":""a62ed37377f66f873478b99f"",""timestamp"":""20220516154440"",""url"":""https://www.worldsdc.com/event-calendar/"",""warnings"":[{""evidence"":{""code"":""unrecognized_listing_date"",""evidence"":{""classes"":[],""country_code"":null,""date"":""2021-10-15 - 2020-10-21"",""event_type"":""Registry Event"",""location"":"""",""name"":""European Swing Challenge (Cancelled due to Covid-19)"",""website"":""http://www.jiveaddiction.com""}},""summary"":""unknown calendar date: '2021-10-15 - 2020-10-21'""},{""evidence"":{""code"":""unrecognized_listing_date"",""evidence"":{""classes"":[],""country_code"":null,""date"":""2023-03-02 - 2022-03-08"",""event_type"":""Registry Event"",""location"":"""",""name"":""MADjam (Mid Atlantic Dance Jam)"",""website"":""http://www.atlanticdancejam.com""}},""summary"":""unknown calendar date: '2023-03-02 - 2022-03-08'""},{""evidence"":{""code"":""unrecognized_listing_date"",""evidence"":{""classes"":[],""country_code"":null,""date"":""2023-04-14 - 2022-04-17"",""event_type"":""Registry Event"",""location"":"""",""name"":""WESTY NANTES"",""website"":""https://www.westynantes.com/""}},""summary"":""unknown calendar date: '2023-04-14 - 2022-04-17'""}]},{""source"":""wsdc_calendar"",""status"":""parsed"",""target_id"":""772e82ab89c8201dae8a26f6"",""timestamp"":""20220927051335"",""url"":""https://www.worldsdc.com/event-calendar/"",""warnings"":[{""evidence"":{""code"":""unrecognized_listing_date"",""evidence"":{""classes"":[],""country_code"":null,""date"":""2023-04-14 - 2022-04-17"",""event_type"":""Registry Event"",""location"":"""",""name"":""WESTY NANTES"",""website"":""https://www.westynantes.com/""}},""summary"":""unknown calendar date: '2023-04-14 - 2022-04-17'""},{""evidence"":{""code"":""unrecognized_listing_date"",""evidence"":{""classes"":[],""country_code"":null,""date"":""2021-10-15 - 2020-10-21"",""event_type"":""Registry Event"",""location"":"""",""name"":""European Swing Challenge (Cancelled due to Covid-19)"",""website"":""http://www.jiveaddiction.com""}},""summary"":""unknown calendar date: '2021-10-15 - 2020-10-21'""},{""evidence"":{""code"":""unrecognized_listing_date"",""evidence"":{""classes"":[],""country_code"":null,""date"":""2023-03-02 - 2022-03-08"",""event_type"":""Registry Event"",""location"":"""",""name"":""MADjam (Mid Atlantic Dance Jam)"",""website"":""http://www.atlanticdancejam.com""}},""summary"":""unknown calendar date: '2023-03-02 - 2022-03-08'""}]},{""source"":""wsdc_calendar"",""status"":""pending"",""target_id"":""a9a1981e91474f1967356d61"",""timestamp"":""20250226151724"",""url"":""https://www.worldsdc.com/events/"",""warnings"":[]},{""source"":""wsdc_calendar"",""status"":""pending"",""target_id"":""ea4e68c086533dd6581c3015"",""timestamp"":""20250423104016"",""url"":""https://www.worldsdc.com/print-event-list/"",""warnings"":[]},{""source"":""wsdc_calendar"",""status"":""pending"",""target_id"":""24eaae0d5fea3221affb5a0a"",""timestamp"":""20250512152735"",""url"":""https://www.worldsdc.com/events/"",""warnings"":[]},{""source"":""wsdc_calendar"",""status"":""pending"",""target_id"":""828e41e7f8f4bfd34d171092"",""timestamp"":""20250814164915"",""url"":""https://www.worldsdc.com/print-event-list/"",""warnings"":[]},{""source"":""wsdc_calendar"",""status"":""pending"",""target_id"":""3c5a6116618208e4556dd9e7"",""timestamp"":""20251006110156"",""url"":""https://www.worldsdc.com/events/"",""warnings"":[]},{""source"":""wsdc_calendar"",""status"":""pending"",""target_id"":""e7dcb140bcbd077c67c0d425"",""timestamp"":""20251115173727"",""url"":""https://www.worldsdc.com/print-event-list/"",""warnings"":[]},{""source"":""wsdc_calendar"",""status"":""pending"",""target_id"":""f140e9fd5864d1c777006540"",""timestamp"":""20251219091106"",""url"":""https://www.worldsdc.com/events/"",""warnings"":[]},{""source"":""wsdc_calendar"",""status"":""pending"",""target_id"":""763f8950892b9e719910fcd3"",""timestamp"":""20251219113055"",""url"":""https://www.worldsdc.com/events/"",""warnings"":[]},{""source"":""wsdc_calendar"",""status"":""pending"",""target_id"":""f0dcc51ff963f79c44d90734"",""timestamp"":""20260107152659"",""url"":""https://www.worldsdc.com/events/"",""warnings"":[]},{""source"":""wsdc_calendar"",""status"":""pending"",""target_id"":""fa9d6701e2418b435644b296"",""timestamp"":""20260110202716"",""url"":""https://www.worldsdc.com/events/"",""warnings"":[]},{""source"":""wsdc_calendar"",""status"":""pending"",""target_id"":""9fad90785a2f773113d0c84d"",""timestamp"":""20260120214828"",""url"":""https://www.worldsdc.com/events/"",""warnings"":[]},{""source"":""wsdc_calendar"",""status"":""pending"",""target_id"":""032270847f79d7aebca98f65"",""timestamp"":""20260211205531"",""url"":""https://www.worldsdc.com/print-event-list/"",""warnings"":[]},{""source"":""wsdc_calendar"",""status"":""pending"",""target_id"":""edb1d1478b3fe19a626a30d7"",""timestamp"":""20260308093633"",""url"":""https://www.worldsdc.com/events/"",""warnings"":[]},{""source"":""wsdc_calendar"",""status"":""pending"",""target_id"":""017e59a25155c25983b14000"",""timestamp"":""20260513152740"",""url"":""https://www.worldsdc.com/print-event-list/"",""warnings"":[]},{""source"":""wsdc_calendar"",""status"":""pending"",""target_id"":""2b8b7d5b424f394e25c2b7bb"",""timestamp"":""20260513162349"",""url"":""https://www.worldsdc.com/events/"",""warnings"":[]},{""source"":""wsdc_calendar"",""status"":""pending"",""target_id"":""9592958a3cd694d86e677fc5"",""timestamp"":""20260521133133"",""url"":""https://www.worldsdc.com/events/"",""warnings"":[]},{""source"":""wsdc_calendar"",""status"":""pending"",""target_id"":""2dd8b6dc4d2d264495a33f0f"",""timestamp"":""20260813102731"",""url"":""https://worldsdc.com/events/"",""warnings"":[]}],""year"":2014}",phase1_incomplete,2014,phase1_year,,2014,history_year,,"Event-list catalog has pending captures, unresolved parse findings, or missing discovery"
"{""gaps"":[{""source"":""swingdancecouncil"",""status"":""parsed"",""target_id"":""9db70e63e82c2b04b5429f65"",""timestamp"":""20141112124047"",""url"":""http://www.swingdancecouncil.com/ActiveServerPages/UpcomingEvents.asp"",""warnings"":[{""evidence"":{""code"":""unrecognized_listing_date"",""evidence"":{""date"":""Feb. 12 - 14, 215"",""location"":""Tampa, FL"",""name"":""Sweetheart Swing Classic"",""website"":""http://www.sweetheartswingclassic.com""}},""summary"":""unknown calendar date: 'Feb 12 - 14, 215'""}]},{""source"":""swingdancecouncil"",""status"":""parsed"",""target_id"":""980fe458d3fe07a44a99b37b"",""timestamp"":""20150214083833"",""url"":""http://www.swingdancecouncil.com:80/ActiveServerPages/UpcomingEvents.asp"",""warnings"":[{""evidence"":{""code"":""unrecognized_listing_date"",""evidence"":{""date"":""Feb. 12 - 14, 215"",""location"":""Tampa, FL"",""name"":""Sweetheart Swing Classic"",""website"":""http://www.sweetheartswingclassic.com""}},""summary"":""unknown calendar date: 'Feb 12 - 14, 215'""}]},{""source"":""wsdc_calendar"",""status"":""finding"",""target_id"":""4524f01e997c4e2f34e9ad8b"",""timestamp"":""20160710033710"",""url"":""http://www.worldsdc.com:80/events-map/"",""warnings"":[{""evidence"":{""snapshot_id"":""snap_20260913T051034Z_c954a81d470a""},""summary"":""captured map marker lacks a name or printed date""}]},{""source"":""wsdc_calendar"",""status"":""parsed"",""target_id"":""ff3953a1ccb4da3e936fdabc"",""timestamp"":""20160909052448"",""url"":""http://www.worldsdc.com:80/event-calendar/"",""warnings"":[{""evidence"":{""code"":""unrecognized_listing_date"",""evidence"":{""classes"":[],""country_code"":null,""date"":""2017-01-26 - 1201-01-30"",""event_type"":""Registry Event"",""location"":"""",""name"":""Derby City Swing"",""website"":""http://www.DerbyCitySwing.com""}},""summary"":""unknown calendar date: '2017-01-26 - 1201-01-30'""}]},{""source"":""wsdc_calendar"",""status"":""finding"",""target_id"":""1e7c58035500bacb34f94ee2"",""timestamp"":""20160909104400"",""url"":""http://www.worldsdc.com:80/events-map/"",""warnings"":[{""evidence"":{""snapshot_id"":""snap_20260913T051124Z_69886cf0bd03""},""summary"":""captured map marker lacks a name or printed date""}]},{""source"":""wsdc_calendar"",""status"":""parsed"",""target_id"":""45e7d60cf892aa442bc764ee"",""timestamp"":""20161109222349"",""url"":""http://www.worldsdc.com:80/event-calendar/"",""warnings"":[{""evidence"":{""code"":""unrecognized_listing_date"",""evidence"":{""classes"":[],""country_code"":null,""date"":""2017-08-09 - 2016-08-02"",""event_type"":""Registry Event"",""location"":"""",""name"":""Sea Sun & Swing Camp"",""website"":""http://www.seasunswing.net/""}},""summary"":""unknown calendar date: '2017-08-09 - 2016-08-02'""}]},{""source"":""wsdc_calendar"",""status"":""finding"",""target_id"":""a2bc46c2c8df036f4f4893ce"",""timestamp"":""20161110035618"",""url"":""http://www.worldsdc.com:80/events-map/"",""warnings"":[{""evidence"":{""snapshot_id"":""snap_20260913T051154Z_e4edbdd2484e""},""summary"":""captured map marker lacks a name or printed date""}]},{""source"":""wsdc_calendar"",""status"":""finding"",""target_id"":""35f6bfc5b865f014caed252f"",""timestamp"":""20161212121213"",""url"":""http://www.worldsdc.com:80/events-map/?"",""warnings"":[{""evidence"":{""snapshot_id"":""snap_20260913T051213Z_81a2aa57dba1""},""summary"":""captured map marker lacks a name or printed date""}]},{""source"":""wsdc_calendar"",""status"":""parsed"",""target_id"":""63fc2e9fab71011f49928da1"",""timestamp"":""20190310202901"",""url"":""https://www.worldsdc.com/event-calendar/"",""warnings"":[{""evidence"":{""code"":""unrecognized_listing_date"",""evidence"":{""classes"":[],""country_code"":null,""date"":""2017-10-27 - 2017-10-02"",""event_type"":"""",""location"":"""",""name"":""Atlanta Swing Classic"",""website"":""""}},""summary"":""unknown calendar date: '2017-10-27 - 2017-10-02'""}]},{""source"":""wsdc_calendar"",""status"":""parsed"",""target_id"":""45af6af9a8be9960552c707c"",""timestamp"":""20190723190818"",""url"":""https://www.worldsdc.com/event-calendar/"",""warnings"":[{""evidence"":{""code"":""unrecognized_listing_date"",""evidence"":{""classes"":[],""country_code"":null,""date"":""2017-10-27 - 2017-10-02"",""event_type"":"""",""location"":"""",""name"":""Atlanta Swing Classic"",""website"":""""}},""summary"":""unknown calendar date: '2017-10-27 - 2017-10-02'""},{""evidence"":{""code"":""unrecognized_listing_date"",""evidence"":{""classes"":[],""country_code"":null,""date"":""2020-02-13 - 2020-02-10"",""event_type"":""Registry Event"",""location"":"""",""name"":""Capital Swing Presidents' Day Convention"",""website"":""http://www.capitalswingconvention.com""}},""summary"":""unknown calendar date: '2020-02-13 - 2020-02-10'""}]},{""source"":""wsdc_calendar"",""status"":""parsed"",""target_id"":""ff51b642e9a4b4954b6e59f5"",""timestamp"":""20190803171837"",""url"":""https://www.worldsdc.com/event-calendar/"",""warnings"":[{""evidence"":{""code"":""unrecognized_listing_date"",""evidence"":{""classes"":[],""country_code"":null,""date"":""2017-10-27 - 2017-10-02"",""event_type"":"""",""location"":"""",""name"":""Atlanta Swing Classic"",""website"":""""}},""summary"":""unknown calendar date: '2017-10-27 - 2017-10-02'""},{""evidence"":{""code"":""unrecognized_listing_date"",""evidence"":{""classes"":[],""country_code"":null,""date"":""2020-02-13 - 2020-02-10"",""event_type"":""Registry Event"",""location"":"""",""name"":""Capital Swing Presidents' Day Convention"",""website"":""http://www.capitalswingconvention.com""}},""summary"":""unknown calendar date: '2020-02-13 - 2020-02-10'""}]},{""source"":""wsdc_calendar"",""status"":""parsed"",""target_id"":""f19398f1d6ae2da489cbca06"",""timestamp"":""20190920150618"",""url"":""https://www.worldsdc.com/event-calendar/"",""warnings"":[{""evidence"":{""code"":""unrecognized_listing_date"",""evidence"":{""classes"":[],""country_code"":null,""date"":""2020-02-13 - 2020-02-10"",""event_type"":""Registry Event"",""location"":"""",""name"":""Capital Swing Presidents' Day Convention"",""website"":""http://www.capitalswingconvention.com""}},""summary"":""unknown calendar date: '2020-02-13 - 2020-02-10'""},{""evidence"":{""code"":""unrecognized_listing_date"",""evidence"":{""classes"":[],""country_code"":null,""date"":""2017-10-27 - 2017-10-02"",""event_type"":"""",""location"":"""",""name"":""Atlanta Swing Classic"",""website"":""""}},""summary"":""unknown calendar date: '2017-10-27 - 2017-10-02'""}]},{""source"":""wsdc_calendar"",""status"":""parsed"",""target_id"":""6ce7ce1a4672bb04f9e6f54a"",""timestamp"":""20191018054453"",""url"":""https://www.worldsdc.com/event-calendar/"",""warnings"":[{""evidence"":{""code"":""unrecognized_listing_date"",""evidence"":{""classes"":[],""country_code"":null,""date"":""2020-02-13 - 2020-02-10"",""event_type"":""Registry Event"",""location"":"""",""name"":""Capital Swing Presidents' Day Convention"",""website"":""http://www.capitalswingconvention.com""}},""summary"":""unknown calendar date: '2020-02-13 - 2020-02-10'""},{""evidence"":{""code"":""unrecognized_listing_date"",""evidence"":{""classes"":[],""country_code"":null,""date"":""2017-10-27 - 2017-10-02"",""event_type"":"""",""location"":"""",""name"":""Atlanta Swing Classic"",""website"":""""}},""summary"":""unknown calendar date: '2017-10-27 - 2017-10-02'""}]},{""source"":""wsdc_calendar"",""status"":""parsed"",""target_id"":""1b3c6c6919989e1fb2654ece"",""timestamp"":""20191106155651"",""url"":""https://www.worldsdc.com/event-calendar/"",""warnings"":[{""evidence"":{""code"":""unrecognized_listing_date"",""evidence"":{""classes"":[],""country_code"":null,""date"":""2017-10-27 - 2017-10-02"",""event_type"":"""",""location"":"""",""name"":""Atlanta Swing Classic"",""website"":""""}},""summary"":""unknown calendar date: '2017-10-27 - 2017-10-02'""},{""evidence"":{""code"":""unrecognized_listing_date"",""evidence"":{""classes"":[],""country_code"":null,""date"":""2020-02-13 - 2020-02-10"",""event_type"":""Registry Event"",""location"":"""",""name"":""Capital Swing Presidents' Day Convention"",""website"":""http://www.capitalswingconvention.com""}},""summary"":""unknown calendar date: '2020-02-13 - 2020-02-10'""}]},{""source"":""wsdc_calendar"",""status"":""parsed"",""target_id"":""0c1a65f8427b8be5c9cf8c7c"",""timestamp"":""20191212192203"",""url"":""https://www.worldsdc.com/event-calendar/"",""warnings"":[{""evidence"":{""code"":""unrecognized_listing_date"",""evidence"":{""classes"":[],""country_code"":null,""date"":""2017-10-27 - 2017-10-02"",""event_type"":"""",""location"":"""",""name"":""Atlanta Swing Classic"",""website"":""""}},""summary"":""unknown calendar date: '2017-10-27 - 2017-10-02'""}]},{""source"":""wsdc_calendar"",""status"":""parsed"",""target_id"":""a1552033d5ab342fc7915696"",""timestamp"":""20210920204412"",""url"":""https://www.worldsdc.com/event-calendar/"",""warnings"":[{""evidence"":{""code"":""unrecognized_listing_date"",""evidence"":{""classes"":[],""country_code"":null,""date"":""2021-10-15 - 2020-10-21"",""event_type"":""Registry Event"",""location"":"""",""name"":""European Swing Challenge (Cancelled due to Covid-19)"",""website"":""http://www.jiveaddiction.com""}},""summary"":""unknown calendar date: '2021-10-15 - 2020-10-21'""}]},{""source"":""wsdc_calendar"",""status"":""parsed"",""target_id"":""7b80fe7a9bb1bba64608cee6"",""timestamp"":""20211207001407"",""url"":""https://www.worldsdc.com/event-calendar/"",""warnings"":[{""evidence"":{""code"":""unrecognized_listing_date"",""evidence"":{""classes"":[],""country_code"":null,""date"":""2021-10-15 - 2020-10-21"",""event_type"":""Registry Event"",""location"":"""",""name"":""European Swing Challenge (Cancelled due to Covid-19)"",""website"":""http://www.jiveaddiction.com""}},""summary"":""unknown calendar date: '2021-10-15 - 2020-10-21'""}]},{""source"":""wsdc_calendar"",""status"":""parsed"",""target_id"":""60d215c8c0b614f4183762c9"",""timestamp"":""20220118200123"",""url"":""https://www.worldsdc.com/event-calendar/"",""warnings"":[{""evidence"":{""code"":""unrecognized_listing_date"",""evidence"":{""classes"":[],""country_code"":null,""date"":""2021-10-15 - 2020-10-21"",""event_type"":""Registry Event"",""location"":"""",""name"":""European Swing Challenge (Cancelled due to Covid-19)"",""website"":""http://www.jiveaddiction.com""}},""summary"":""unknown calendar date: '2021-10-15 - 2020-10-21'""}]},{""source"":""wsdc_calendar"",""status"":""parsed"",""target_id"":""31073eb64db45b0b3bc14037"",""timestamp"":""20220327070320"",""url"":""https://www.worldsdc.com/event-calendar/"",""warnings"":[{""evidence"":{""code"":""unrecognized_listing_date"",""evidence"":{""classes"":[],""country_code"":null,""date"":""2021-10-15 - 2020-10-21"",""event_type"":""Registry Event"",""location"":"""",""name"":""European Swing Challenge (Cancelled due to Covid-19)"",""website"":""http://www.jiveaddiction.com""}},""summary"":""unknown calendar date: '2021-10-15 - 2020-10-21'""}]},{""source"":""wsdc_calendar"",""status"":""parsed"",""target_id"":""a62ed37377f66f873478b99f"",""timestamp"":""20220516154440"",""url"":""https://www.worldsdc.com/event-calendar/"",""warnings"":[{""evidence"":{""code"":""unrecognized_listing_date"",""evidence"":{""classes"":[],""country_code"":null,""date"":""2021-10-15 - 2020-10-21"",""event_type"":""Registry Event"",""location"":"""",""name"":""European Swing Challenge (Cancelled due to Covid-19)"",""website"":""http://www.jiveaddiction.com""}},""summary"":""unknown calendar date: '2021-10-15 - 2020-10-21'""},{""evidence"":{""code"":""unrecognized_listing_date"",""evidence"":{""classes"":[],""country_code"":null,""date"":""2023-03-02 - 2022-03-08"",""event_type"":""Registry Event"",""location"":"""",""name"":""MADjam (Mid Atlantic Dance Jam)"",""website"":""http://www.atlanticdancejam.com""}},""summary"":""unknown calendar date: '2023-03-02 - 2022-03-08'""},{""evidence"":{""code"":""unrecognized_listing_date"",""evidence"":{""classes"":[],""country_code"":null,""date"":""2023-04-14 - 2022-04-17"",""event_type"":""Registry Event"",""location"":"""",""name"":""WESTY NANTES"",""website"":""https://www.westynantes.com/""}},""summary"":""unknown calendar date: '2023-04-14 - 2022-04-17'""}]},{""source"":""wsdc_calendar"",""status"":""parsed"",""target_id"":""772e82ab89c8201dae8a26f6"",""timestamp"":""20220927051335"",""url"":""https://www.worldsdc.com/event-calendar/"",""warnings"":[{""evidence"":{""code"":""unrecognized_listing_date"",""evidence"":{""classes"":[],""country_code"":null,""date"":""2023-04-14 - 2022-04-17"",""event_type"":""Registry Event"",""location"":"""",""name"":""WESTY NANTES"",""website"":""https://www.westynantes.com/""}},""summary"":""unknown calendar date: '2023-04-14 - 2022-04-17'""},{""evidence"":{""code"":""unrecognized_listing_date"",""evidence"":{""classes"":[],""country_code"":null,""date"":""2021-10-15 - 2020-10-21"",""event_type"":""Registry Event"",""location"":"""",""name"":""European Swing Challenge (Cancelled due to Covid-19)"",""website"":""http://www.jiveaddiction.com""}},""summary"":""unknown calendar date: '2021-10-15 - 2020-10-21'""},{""evidence"":{""code"":""unrecognized_listing_date"",""evidence"":{""classes"":[],""country_code"":null,""date"":""2023-03-02 - 2022-03-08"",""event_type"":""Registry Event"",""location"":"""",""name"":""MADjam (Mid Atlantic Dance Jam)"",""website"":""http://www.atlanticdancejam.com""}},""summary"":""unknown calendar date: '2023-03-02 - 2022-03-08'""}]},{""source"":""wsdc_calendar"",""status"":""pending"",""target_id"":""a9a1981e91474f1967356d61"",""timestamp"":""20250226151724"",""url"":""https://www.worldsdc.com/events/"",""warnings"":[]},{""source"":""wsdc_calendar"",""status"":""pending"",""target_id"":""ea4e68c086533dd6581c3015"",""timestamp"":""20250423104016"",""url"":""https://www.worldsdc.com/print-event-list/"",""warnings"":[]},{""source"":""wsdc_calendar"",""status"":""pending"",""target_id"":""24eaae0d5fea3221affb5a0a"",""timestamp"":""20250512152735"",""url"":""https://www.worldsdc.com/events/"",""warnings"":[]},{""source"":""wsdc_calendar"",""status"":""pending"",""target_id"":""828e41e7f8f4bfd34d171092"",""timestamp"":""20250814164915"",""url"":""https://www.worldsdc.com/print-event-list/"",""warnings"":[]},{""source"":""wsdc_calendar"",""status"":""pending"",""target_id"":""3c5a6116618208e4556dd9e7"",""timestamp"":""20251006110156"",""url"":""https://www.worldsdc.com/events/"",""warnings"":[]},{""source"":""wsdc_calendar"",""status"":""pending"",""target_id"":""e7dcb140bcbd077c67c0d425"",""timestamp"":""20251115173727"",""url"":""https://www.worldsdc.com/print-event-list/"",""warnings"":[]},{""source"":""wsdc_calendar"",""status"":""pending"",""target_id"":""f140e9fd5864d1c777006540"",""timestamp"":""20251219091106"",""url"":""https://www.worldsdc.com/events/"",""warnings"":[]},{""source"":""wsdc_calendar"",""status"":""pending"",""target_id"":""763f8950892b9e719910fcd3"",""timestamp"":""20251219113055"",""url"":""https://www.worldsdc.com/events/"",""warnings"":[]},{""source"":""wsdc_calendar"",""status"":""pending"",""target_id"":""f0dcc51ff963f79c44d90734"",""timestamp"":""20260107152659"",""url"":""https://www.worldsdc.com/events/"",""warnings"":[]},{""source"":""wsdc_calendar"",""status"":""pending"",""target_id"":""fa9d6701e2418b435644b296"",""timestamp"":""20260110202716"",""url"":""https://www.worldsdc.com/events/"",""warnings"":[]},{""source"":""wsdc_calendar"",""status"":""pending"",""target_id"":""9fad90785a2f773113d0c84d"",""timestamp"":""20260120214828"",""url"":""https://www.worldsdc.com/events/"",""warnings"":[]},{""source"":""wsdc_calendar"",""status"":""pending"",""target_id"":""032270847f79d7aebca98f65"",""timestamp"":""20260211205531"",""url"":""https://www.worldsdc.com/print-event-list/"",""warnings"":[]},{""source"":""wsdc_calendar"",""status"":""pending"",""target_id"":""edb1d1478b3fe19a626a30d7"",""timestamp"":""20260308093633"",""url"":""https://www.worldsdc.com/events/"",""warnings"":[]},{""source"":""wsdc_calendar"",""status"":""pending"",""target_id"":""017e59a25155c25983b14000"",""timestamp"":""20260513152740"",""url"":""https://www.worldsdc.com/print-event-list/"",""warnings"":[]},{""source"":""wsdc_calendar"",""status"":""pending"",""target_id"":""2b8b7d5b424f394e25c2b7bb"",""timestamp"":""20260513162349"",""url"":""https://www.worldsdc.com/events/"",""warnings"":[]},{""source"":""wsdc_calendar"",""status"":""pending"",""target_id"":""9592958a3cd694d86e677fc5"",""timestamp"":""20260521133133"",""url"":""https://www.worldsdc.com/events/"",""warnings"":[]},{""source"":""wsdc_calendar"",""status"":""pending"",""target_id"":""2dd8b6dc4d2d264495a33f0f"",""timestamp"":""20260813102731"",""url"":""https://worldsdc.com/events/"",""warnings"":[]}],""year"":2015}",phase1_incomplete,2015,phase1_year,,2015,history_year,,"Event-list catalog has pending captures, unresolved parse findings, or missing discovery"
"{""gaps"":[{""source"":""wsdc_newsletter"",""status"":""parsed"",""target_id"":""20080cca8335d832e9581711"",""timestamp"":null,""url"":""http://www.worldsdc.com/wp-content/uploads/2017/12/161202-WSDC-Newsletter-Vol-1-4.pdf"",""warnings"":[{""evidence"":{""code"":""newsletter_undated_listing"",""evidence"":{""page"":2,""rows"":[""HOLY LAND OPEN On Hiatus""]}},""summary"":""Listed event has no safely parsed date; preserve hiatus or other notice for review""}]},{""source"":""wsdc_newsletter"",""status"":""parsed"",""target_id"":""e993372b27c920b7bf25238f"",""timestamp"":null,""url"":""http://www.worldsdc.com/wp-content/uploads/2017/12/170705-WSDC-Newsletter-Vol-3-7-5-2017.pdf"",""warnings"":[{""evidence"":{""code"":""newsletter_undated_listing"",""evidence"":{""page"":2,""rows"":[""SUNNY SIDE DANCE CAMP On Hiatus""]}},""summary"":""Listed event has no safely parsed date; preserve hiatus or other notice for review""}]},{""source"":""wsdc_newsletter"",""status"":""parsed"",""target_id"":""e34b2344655e659de5b60d89"",""timestamp"":null,""url"":""http://www.worldsdc.com/wp-content/uploads/2017/12/171229-WSDC-Newsleter-Vol-5-12-29-2017.pdf"",""warnings"":[{""evidence"":{""code"":""newsletter_undated_listing"",""evidence"":{""page"":2,""rows"":[""AUSTRALIAN WEST COAST SWING AND ZOUK On Hiatus""]}},""summary"":""Listed event has no safely parsed date; preserve hiatus or other notice for review""}]},{""source"":""wsdc_newsletter"",""status"":""parsed"",""target_id"":""0e8afed4a25aa5c6fd5f2741"",""timestamp"":null,""url"":""http://www.worldsdc.com/wp-content/uploads/2020/12/170330-WSDC-Newsletter-Vol-2-3.pdf"",""warnings"":[{""evidence"":{""code"":""newsletter_undated_listing"",""evidence"":{""page"":2,""rows"":[""SLINGSHOT SWING On Hiatus"",""CMJ NSW WEST COAST SWING DANCE CHAMPIONSHIPS On Hiatus""]}},""summary"":""Listed event has no safely parsed date; preserve hiatus or other notice for review""},{""evidence"":{""code"":""approval_notice_review"",""evidence"":{""notice"":""Apr 13 – 16, 2017                      quarter of 2017 new registry events included:                  We currently have 154 Registry Events, 84 in"",""page"":1}},""summary"":""Prose approval notice needs a dated event interpretation""}]},{""source"":""wsdc_newsletter"",""status"":""parsed"",""target_id"":""c2b50fd841877f25729aeb0c"",""timestamp"":null,""url"":""http://www.worldsdc.com/wp-content/uploads/2020/12/171005-WSDC-Newsletter-Vol-4-10-5-2017.pdf"",""warnings"":[{""evidence"":{""code"":""newsletter_undated_listing"",""evidence"":{""page"":1,""rows"":[""SWUSTLICIOUS October 19-22, 201717""]}},""summary"":""Listed event has no safely parsed date; preserve hiatus or other notice for review""}]},{""source"":""wsdc_newsletter"",""status"":""parsed"",""target_id"":""c16974cf6a719bb6f6e3c9da"",""timestamp"":null,""url"":""http://www.worldsdc.com/wp-content/uploads/2020/12/WSDC-Newsleter-Vol-10-04-12-2019.pdf"",""warnings"":[{""evidence"":{""code"":""newsletter_undated_listing"",""evidence"":{""page"":2,""rows"":[""HUNGARIAN OPEN May 24 – 26, 20189""]}},""summary"":""Listed event has no safely parsed date; preserve hiatus or other notice for review""},{""evidence"":{""code"":""newsletter_colour_unverified"",""evidence"":{""colour_recovered"":false,""fallback"":""registry"",""snapshot_id"":""snap_20260913T053000Z_11d8e6dbdaab""}},""summary"":""Trial or member activity colour was not recovered; newsletter registry status uses the documented fallback""}]},{""source"":""wsdc_newsletter"",""status"":""parsed"",""target_id"":""9674911cc8f2d2803682db49"",""timestamp"":null,""url"":""http://www.worldsdc.com/wp-content/uploads/2020/12/WSDC-Newsleter-Vol-9-1-24-2019.pdf"",""warnings"":[{""evidence"":{""code"":""newsletter_undated_listing"",""evidence"":{""page"":2,""rows"":[""SWEETHEART SWING CLASSIC On Hiatus""]}},""summary"":""Listed event has no safely parsed date; preserve hiatus or other notice for review""},{""evidence"":{""code"":""approval_notice_review"",""evidence"":{""notice"":""from page 1)                                                    Leyva, who has been managing new events,                           Events"",""page"":2}},""summary"":""Prose approval notice needs a dated event interpretation""},{""evidence"":{""code"":""newsletter_colour_unverified"",""evidence"":{""colour_recovered"":false,""fallback"":""registry"",""snapshot_id"":""snap_20260913T053010Z_478d7ddb5edd""}},""summary"":""Trial or member activity colour was not recovered; newsletter registry status uses the documented fallback""}]},{""source"":""wsdc_newsletter"",""status"":""parsed"",""target_id"":""168739e4497cfe804a117c5e"",""timestamp"":null,""url"":""http://www.worldsdc.com/wp-content/uploads/2020/12/WSDC-Newsletter-Vol-11-6-25-2019.pdf"",""warnings"":[{""evidence"":{""code"":""newsletter_undated_listing"",""evidence"":{""page"":2,""rows"":[""OLD TOWN SWING On Hiatus""]}},""summary"":""Listed event has no safely parsed date; preserve hiatus or other notice for review""},{""evidence"":{""code"":""approval_notice_review"",""evidence"":{""notice"":""• ODYSSEY WEST COAST SWING                           Please send us your questions and topics of            especially those running new events, rely heavily"",""page"":1}},""summary"":""Prose approval notice needs a dated event interpretation""}]},{""source"":""wsdc_newsletter"",""status"":""parsed"",""target_id"":""0b9f1347030560c4c5502e28"",""timestamp"":null,""url"":""http://www.worldsdc.com/wp-content/uploads/2020/12/WSDC-Newsletter-Vol-12-10-10-2019.pdf"",""warnings"":[{""evidence"":{""code"":""newsletter_undated_listing"",""evidence"":{""page"":2,""rows"":[""NEW YEAR’S DANCE EXTRAVAGANZA Dec 31, 2019, Jan 3-5, 2020""]}},""summary"":""Listed event has no safely parsed date; preserve hiatus or other notice for review""}]},{""source"":""wsdc_newsletter"",""status"":""parsed"",""target_id"":""0226ef50385bfa517c9ef79c"",""timestamp"":null,""url"":""http://www.worldsdc.com/wp-content/uploads/2020/12/WSDC-Newsletter-Vol-6-April-9-2018.pdf"",""warnings"":[{""evidence"":{""code"":""newsletter_colour_unverified"",""evidence"":{""colour_recovered"":false,""fallback"":""registry"",""snapshot_id"":""snap_20260913T035045Z_008aaf4c6933""}},""summary"":""Trial or member activity colour was not recovered; newsletter registry status uses the documented fallback""}]},{""source"":""wsdc_newsletter"",""status"":""parsed"",""target_id"":""78a33801c49176cffe273d23"",""timestamp"":null,""url"":""http://www.worldsdc.com/wp-content/uploads/2020/12/WSDC-Newsletter-Vol-7-July-1-2018.pdf"",""warnings"":[{""evidence"":{""code"":""newsletter_undated_listing"",""evidence"":{""page"":1,""rows"":[""SACRAMENTO ALL SWING On Hiatus"",""SEA SUN & SWING CAMP Hiatus""]}},""summary"":""Listed event has no safely parsed date; preserve hiatus or other notice for review""}]},{""source"":""wsdc_newsletter"",""status"":""parsed"",""target_id"":""b64c2d8f8445f615c078e0bb"",""timestamp"":null,""url"":""http://www.worldsdc.com/wp-content/uploads/2020/12/WSDC-Newsletter-Vol-8-10-17-2018.pdf"",""warnings"":[{""evidence"":{""code"":""approval_notice_review"",""evidence"":{""notice"":""scores will not be posted to our database.  We                  events and new events.  Wednesday’s focus is                       December 6-9, 2018"",""page"":2}},""summary"":""Prose approval notice needs a dated event interpretation""}]},{""source"":""wsdc_newsletter"",""status"":""parsed"",""target_id"":""50d5b572f43b42b244112e92"",""timestamp"":null,""url"":""http://www.worldsdc.com/wp-content/uploads/2021/02/WSDC-Newsleter-Vol-13-1-6-2020.pdf"",""warnings"":[{""evidence"":{""code"":""newsletter_undated_listing"",""evidence"":{""page"":2,""rows"":[""ANCHOR FESTIVAL On Hiatus""]}},""summary"":""Listed event has no safely parsed date; preserve hiatus or other notice for review""},{""evidence"":{""code"":""newsletter_colour_unverified"",""evidence"":{""colour_recovered"":false,""fallback"":""registry"",""snapshot_id"":""snap_20260913T053303Z_220a0f22f0f6""}},""summary"":""Trial or member activity colour was not recovered; newsletter registry status uses the documented fallback""}]},{""source"":""wsdc_newsletter"",""status"":""parsed"",""target_id"":""2722818d1b9f0149372dd827"",""timestamp"":null,""url"":""http://www.worldsdc.com/wp-content/uploads/2022/06/WSDC-Newsleter-Vol-22-June-2022.pdf"",""warnings"":[{""evidence"":{""code"":""newsletter_undated_listing"",""evidence"":{""page"":2,""rows"":[""Portland Dance Festival"",""Toronto Open Swing & Hustle Championships"",""Sea Sun & Swing Camp"",""Odyssey West Coast Swing"",""Riga Summer Swing""]}},""summary"":""Listed event has no safely parsed date; preserve hiatus or other notice for review""}]},{""source"":""wsdc_newsletter"",""status"":""parsed"",""target_id"":""a85d2b013a50698e8e0a5c49"",""timestamp"":null,""url"":""http://www.worldsdc.com/wp-content/uploads/2022/09/WSDC-Newsleter-Vol-23-September-2022.pdf"",""warnings"":[{""evidence"":{""code"":""approval_notice_review"",""evidence"":{""notice"":""on the calendar, so that new events are able to select locations and dates that comply with our time distance rules."",""page"":3}},""summary"":""Prose approval notice needs a dated event interpretation""},{""evidence"":{""code"":""newsletter_undated_listing"",""evidence"":{""page"":3,""rows"":[""Countdown Swing Boston Dec 29, 2022, Jan 2, 2023"",""Palm Springs New Year’s West Coast Swing and Hustle Dance Classic"",""Spotlight New Year’s Celebration"",""New Year’s Swing Fling""]}},""summary"":""Listed event has no safely parsed date; preserve hiatus or other notice for review""}]},{""source"":""wsdc_newsletter"",""status"":""parsed"",""target_id"":""33973c1ce87271a5a7076911"",""timestamp"":null,""url"":""http://www.worldsdc.com/wp-content/uploads/2023/01/WSDC-Newsleter-Vol-25-1-5-2023.pdf"",""warnings"":[{""evidence"":{""code"":""newsletter_undated_listing"",""evidence"":{""page"":2,""rows"":[""High Desert Dance Classic On Hiatus"",""Anchor Festival Canceld due to Covid"",""Boston Tea Party Canceld due to Covid""]}},""summary"":""Listed event has no safely parsed date; preserve hiatus or other notice for review""},{""evidence"":{""code"":""newsletter_colour_unverified"",""evidence"":{""colour_recovered"":false,""fallback"":""registry"",""snapshot_id"":""snap_20260913T053423Z_68c1360eb9f6""}},""summary"":""Trial or member activity colour was not recovered; newsletter registry status uses the documented fallback""}]},{""source"":""wsdc_newsletter"",""status"":""parsed"",""target_id"":""41a01dbd519400746ec38193"",""timestamp"":null,""url"":""http://www.worldsdc.com/wp-content/uploads/2024/01/WSDC-Newsletter-Vol-29-1-5-2024-3.0.pdf"",""warnings"":[{""evidence"":{""code"":""approval_notice_review"",""evidence"":{""page"":3}},""summary"":""Newsletter page has no safely dated event rows; review its sidebar and approval notices""},{""evidence"":{""code"":""approval_notice_review"",""evidence"":{""notice"":""We want to see your spot on the calendar, so that new events are able to select locations and dates that                          ideal environment to promote"",""page"":3}},""summary"":""Prose approval notice needs a dated event interpretation""},{""evidence"":{""code"":""newsletter_undated_listing"",""evidence"":{""page"":2,""rows"":[""Anchor Festival On Hiatus""]}},""summary"":""Listed event has no safely parsed date; preserve hiatus or other notice for review""}]},{""source"":""wsdc_newsletter"",""status"":""parsed"",""target_id"":""b961cd353369476360a0b7d9"",""timestamp"":null,""url"":""http://www.worldsdc.com/wp-content/uploads/2024/05/WSDC-Newsletter-Vol-30-05-21-2024-5.0.pdf"",""warnings"":[{""evidence"":{""code"":""newsletter_colour_unverified"",""evidence"":{""colour_recovered"":false,""fallback"":""registry"",""snapshot_id"":""snap_20260913T053443Z_bf5de4bbd205""}},""summary"":""Trial or member activity colour was not recovered; newsletter registry status uses the documented fallback""},{""evidence"":{""code"":""approval_notice_review"",""evidence"":{""notice"":""• Hungarian open                         We would like to welcome the following new Registry Events that have been approved in 2024:"",""page"":1}},""summary"":""Prose approval notice needs a dated event interpretation""},{""evidence"":{""code"":""newsletter_undated_listing"",""evidence"":{""page"":3,""rows"":[""Ukrainian Open Canceled due to war""]}},""summary"":""Listed event has no safely parsed date; preserve hiatus or other notice for review""}]},{""source"":""wsdc_newsletter"",""status"":""parsed"",""target_id"":""f0d02027903ab0803154542c"",""timestamp"":null,""url"":""https://www.worldsdc.com/wp-content/uploads/2023/05/WSDC-Newsletter-Vol-26-05-16-2023-1.pdf"",""warnings"":[{""evidence"":{""code"":""newsletter_undated_listing"",""evidence"":{""page"":2,""rows"":[""Michigan classic On Hiatus"",""Dance N Play On Hiatus""]}},""summary"":""Listed event has no safely parsed date; preserve hiatus or other notice for review""},{""evidence"":{""code"":""newsletter_colour_unverified"",""evidence"":{""colour_recovered"":false,""fallback"":""registry"",""snapshot_id"":""snap_20260913T053450Z_ce3c79f4aa99""}},""summary"":""Trial or member activity colour was not recovered; newsletter registry status uses the documented fallback""}]},{""source"":""wsdc_newsletter"",""status"":""parsed"",""target_id"":""bcf0cbe3c6fa734ee64625e0"",""timestamp"":null,""url"":""https://www.worldsdc.com/wp-content/uploads/2023/09/WSDC-Newsletter-Vol-27-9-11-2023.pdf"",""warnings"":[{""evidence"":{""code"":""newsletter_undated_listing"",""evidence"":{""page"":1,""rows"":[""Norway Westie Fest On Hiatus"",""Austin Rocks On Hiatus"",""Philly Swing Classic On Hiatus"",""European Swing Challenge On Hiatus""]}},""summary"":""Listed event has no safely parsed date; preserve hiatus or other notice for review""},{""evidence"":{""code"":""approval_notice_review"",""evidence"":{""notice"":""September 7 - 10, 2023                        We would like to welcome the following new Registry Events that have been approved in 2023:"",""page"":1}},""summary"":""Prose approval notice needs a dated event interpretation""}]},{""source"":""swingdancecouncil"",""status"":""parsed"",""target_id"":""9db70e63e82c2b04b5429f65"",""timestamp"":""20141112124047"",""url"":""http://www.swingdancecouncil.com/ActiveServerPages/UpcomingEvents.asp"",""warnings"":[{""evidence"":{""code"":""unrecognized_listing_date"",""evidence"":{""date"":""Feb. 12 - 14, 215"",""location"":""Tampa, FL"",""name"":""Sweetheart Swing Classic"",""website"":""http://www.sweetheartswingclassic.com""}},""summary"":""unknown calendar date: 'Feb 12 - 14, 215'""}]},{""source"":""swingdancecouncil"",""status"":""parsed"",""target_id"":""980fe458d3fe07a44a99b37b"",""timestamp"":""20150214083833"",""url"":""http://www.swingdancecouncil.com:80/ActiveServerPages/UpcomingEvents.asp"",""warnings"":[{""evidence"":{""code"":""unrecognized_listing_date"",""evidence"":{""date"":""Feb. 12 - 14, 215"",""location"":""Tampa, FL"",""name"":""Sweetheart Swing Classic"",""website"":""http://www.sweetheartswingclassic.com""}},""summary"":""unknown calendar date: 'Feb 12 - 14, 215'""}]},{""source"":""wsdc_calendar"",""status"":""finding"",""target_id"":""4524f01e997c4e2f34e9ad8b"",""timestamp"":""20160710033710"",""url"":""http://www.worldsdc.com:80/events-map/"",""warnings"":[{""evidence"":{""snapshot_id"":""snap_20260913T051034Z_c954a81d470a""},""summary"":""captured map marker lacks a name or printed date""}]},{""source"":""wsdc_calendar"",""status"":""parsed"",""target_id"":""ff3953a1ccb4da3e936fdabc"",""timestamp"":""20160909052448"",""url"":""http://www.worldsdc.com:80/event-calendar/"",""warnings"":[{""evidence"":{""code"":""unrecognized_listing_date"",""evidence"":{""classes"":[],""country_code"":null,""date"":""2017-01-26 - 1201-01-30"",""event_type"":""Registry Event"",""location"":"""",""name"":""Derby City Swing"",""website"":""http://www.DerbyCitySwing.com""}},""summary"":""unknown calendar date: '2017-01-26 - 1201-01-30'""}]},{""source"":""wsdc_calendar"",""status"":""finding"",""target_id"":""1e7c58035500bacb34f94ee2"",""timestamp"":""20160909104400"",""url"":""http://www.worldsdc.com:80/events-map/"",""warnings"":[{""evidence"":{""snapshot_id"":""snap_20260913T051124Z_69886cf0bd03""},""summary"":""captured map marker lacks a name or printed date""}]},{""source"":""wsdc_calendar"",""status"":""parsed"",""target_id"":""45e7d60cf892aa442bc764ee"",""timestamp"":""20161109222349"",""url"":""http://www.worldsdc.com:80/event-calendar/"",""warnings"":[{""evidence"":{""code"":""unrecognized_listing_date"",""evidence"":{""classes"":[],""country_code"":null,""date"":""2017-08-09 - 2016-08-02"",""event_type"":""Registry Event"",""location"":"""",""name"":""Sea Sun & Swing Camp"",""website"":""http://www.seasunswing.net/""}},""summary"":""unknown calendar date: '2017-08-09 - 2016-08-02'""}]},{""source"":""wsdc_calendar"",""status"":""finding"",""target_id"":""a2bc46c2c8df036f4f4893ce"",""timestamp"":""20161110035618"",""url"":""http://www.worldsdc.com:80/events-map/"",""warnings"":[{""evidence"":{""snapshot_id"":""snap_20260913T051154Z_e4edbdd2484e""},""summary"":""captured map marker lacks a name or printed date""}]},{""source"":""wsdc_calendar"",""status"":""finding"",""target_id"":""35f6bfc5b865f014caed252f"",""timestamp"":""20161212121213"",""url"":""http://www.worldsdc.com:80/events-map/?"",""warnings"":[{""evidence"":{""snapshot_id"":""snap_20260913T051213Z_81a2aa57dba1""},""summary"":""captured map marker lacks a name or printed date""}]},{""source"":""wsdc_calendar"",""status"":""parsed"",""target_id"":""63fc2e9fab71011f49928da1"",""timestamp"":""20190310202901"",""url"":""https://www.worldsdc.com/event-calendar/"",""warnings"":[{""evidence"":{""code"":""unrecognized_listing_date"",""evidence"":{""classes"":[],""country_code"":null,""date"":""2017-10-27 - 2017-10-02"",""event_type"":"""",""location"":"""",""name"":""Atlanta Swing Classic"",""website"":""""}},""summary"":""unknown calendar date: '2017-10-27 - 2017-10-02'""}]},{""source"":""wsdc_calendar"",""status"":""parsed"",""target_id"":""45af6af9a8be9960552c707c"",""timestamp"":""20190723190818"",""url"":""https://www.worldsdc.com/event-calendar/"",""warnings"":[{""evidence"":{""code"":""unrecognized_listing_date"",""evidence"":{""classes"":[],""country_code"":null,""date"":""2017-10-27 - 2017-10-02"",""event_type"":"""",""location"":"""",""name"":""Atlanta Swing Classic"",""website"":""""}},""summary"":""unknown calendar date: '2017-10-27 - 2017-10-02'""},{""evidence"":{""code"":""unrecognized_listing_date"",""evidence"":{""classes"":[],""country_code"":null,""date"":""2020-02-13 - 2020-02-10"",""event_type"":""Registry Event"",""location"":"""",""name"":""Capital Swing Presidents' Day Convention"",""website"":""http://www.capitalswingconvention.com""}},""summary"":""unknown calendar date: '2020-02-13 - 2020-02-10'""}]},{""source"":""wsdc_calendar"",""status"":""parsed"",""target_id"":""ff51b642e9a4b4954b6e59f5"",""timestamp"":""20190803171837"",""url"":""https://www.worldsdc.com/event-calendar/"",""warnings"":[{""evidence"":{""code"":""unrecognized_listing_date"",""evidence"":{""classes"":[],""country_code"":null,""date"":""2017-10-27 - 2017-10-02"",""event_type"":"""",""location"":"""",""name"":""Atlanta Swing Classic"",""website"":""""}},""summary"":""unknown calendar date: '2017-10-27 - 2017-10-02'""},{""evidence"":{""code"":""unrecognized_listing_date"",""evidence"":{""classes"":[],""country_code"":null,""date"":""2020-02-13 - 2020-02-10"",""event_type"":""Registry Event"",""location"":"""",""name"":""Capital Swing Presidents' Day Convention"",""website"":""http://www.capitalswingconvention.com""}},""summary"":""unknown calendar date: '2020-02-13 - 2020-02-10'""}]},{""source"":""wsdc_calendar"",""status"":""parsed"",""target_id"":""f19398f1d6ae2da489cbca06"",""timestamp"":""20190920150618"",""url"":""https://www.worldsdc.com/event-calendar/"",""warnings"":[{""evidence"":{""code"":""unrecognized_listing_date"",""evidence"":{""classes"":[],""country_code"":null,""date"":""2020-02-13 - 2020-02-10"",""event_type"":""Registry Event"",""location"":"""",""name"":""Capital Swing Presidents' Day Convention"",""website"":""http://www.capitalswingconvention.com""}},""summary"":""unknown calendar date: '2020-02-13 - 2020-02-10'""},{""evidence"":{""code"":""unrecognized_listing_date"",""evidence"":{""classes"":[],""country_code"":null,""date"":""2017-10-27 - 2017-10-02"",""event_type"":"""",""location"":"""",""name"":""Atlanta Swing Classic"",""website"":""""}},""summary"":""unknown calendar date: '2017-10-27 - 2017-10-02'""}]},{""source"":""wsdc_calendar"",""status"":""parsed"",""target_id"":""6ce7ce1a4672bb04f9e6f54a"",""timestamp"":""20191018054453"",""url"":""https://www.worldsdc.com/event-calendar/"",""warnings"":[{""evidence"":{""code"":""unrecognized_listing_date"",""evidence"":{""classes"":[],""country_code"":null,""date"":""2020-02-13 - 2020-02-10"",""event_type"":""Registry Event"",""location"":"""",""name"":""Capital Swing Presidents' Day Convention"",""website"":""http://www.capitalswingconvention.com""}},""summary"":""unknown calendar date: '2020-02-13 - 2020-02-10'""},{""evidence"":{""code"":""unrecognized_listing_date"",""evidence"":{""classes"":[],""country_code"":null,""date"":""2017-10-27 - 2017-10-02"",""event_type"":"""",""location"":"""",""name"":""Atlanta Swing Classic"",""website"":""""}},""summary"":""unknown calendar date: '2017-10-27 - 2017-10-02'""}]},{""source"":""wsdc_calendar"",""status"":""parsed"",""target_id"":""1b3c6c6919989e1fb2654ece"",""timestamp"":""20191106155651"",""url"":""https://www.worldsdc.com/event-calendar/"",""warnings"":[{""evidence"":{""code"":""unrecognized_listing_date"",""evidence"":{""classes"":[],""country_code"":null,""date"":""2017-10-27 - 2017-10-02"",""event_type"":"""",""location"":"""",""name"":""Atlanta Swing Classic"",""website"":""""}},""summary"":""unknown calendar date: '2017-10-27 - 2017-10-02'""},{""evidence"":{""code"":""unrecognized_listing_date"",""evidence"":{""classes"":[],""country_code"":null,""date"":""2020-02-13 - 2020-02-10"",""event_type"":""Registry Event"",""location"":"""",""name"":""Capital Swing Presidents' Day Convention"",""website"":""http://www.capitalswingconvention.com""}},""summary"":""unknown calendar date: '2020-02-13 - 2020-02-10'""}]},{""source"":""wsdc_calendar"",""status"":""parsed"",""target_id"":""0c1a65f8427b8be5c9cf8c7c"",""timestamp"":""20191212192203"",""url"":""https://www.worldsdc.com/event-calendar/"",""warnings"":[{""evidence"":{""code"":""unrecognized_listing_date"",""evidence"":{""classes"":[],""country_code"":null,""date"":""2017-10-27 - 2017-10-02"",""event_type"":"""",""location"":"""",""name"":""Atlanta Swing Classic"",""website"":""""}},""summary"":""unknown calendar date: '2017-10-27 - 2017-10-02'""}]},{""source"":""wsdc_calendar"",""status"":""parsed"",""target_id"":""a1552033d5ab342fc7915696"",""timestamp"":""20210920204412"",""url"":""https://www.worldsdc.com/event-calendar/"",""warnings"":[{""evidence"":{""code"":""unrecognized_listing_date"",""evidence"":{""classes"":[],""country_code"":null,""date"":""2021-10-15 - 2020-10-21"",""event_type"":""Registry Event"",""location"":"""",""name"":""European Swing Challenge (Cancelled due to Covid-19)"",""website"":""http://www.jiveaddiction.com""}},""summary"":""unknown calendar date: '2021-10-15 - 2020-10-21'""}]},{""source"":""wsdc_calendar"",""status"":""parsed"",""target_id"":""7b80fe7a9bb1bba64608cee6"",""timestamp"":""20211207001407"",""url"":""https://www.worldsdc.com/event-calendar/"",""warnings"":[{""evidence"":{""code"":""unrecognized_listing_date"",""evidence"":{""classes"":[],""country_code"":null,""date"":""2021-10-15 - 2020-10-21"",""event_type"":""Registry Event"",""location"":"""",""name"":""European Swing Challenge (Cancelled due to Covid-19)"",""website"":""http://www.jiveaddiction.com""}},""summary"":""unknown calendar date: '2021-10-15 - 2020-10-21'""}]},{""source"":""wsdc_calendar"",""status"":""parsed"",""target_id"":""60d215c8c0b614f4183762c9"",""timestamp"":""20220118200123"",""url"":""https://www.worldsdc.com/event-calendar/"",""warnings"":[{""evidence"":{""code"":""unrecognized_listing_date"",""evidence"":{""classes"":[],""country_code"":null,""date"":""2021-10-15 - 2020-10-21"",""event_type"":""Registry Event"",""location"":"""",""name"":""European Swing Challenge (Cancelled due to Covid-19)"",""website"":""http://www.jiveaddiction.com""}},""summary"":""unknown calendar date: '2021-10-15 - 2020-10-21'""}]},{""source"":""wsdc_calendar"",""status"":""parsed"",""target_id"":""31073eb64db45b0b3bc14037"",""timestamp"":""20220327070320"",""url"":""https://www.worldsdc.com/event-calendar/"",""warnings"":[{""evidence"":{""code"":""unrecognized_listing_date"",""evidence"":{""classes"":[],""country_code"":null,""date"":""2021-10-15 - 2020-10-21"",""event_type"":""Registry Event"",""location"":"""",""name"":""European Swing Challenge (Cancelled due to Covid-19)"",""website"":""http://www.jiveaddiction.com""}},""summary"":""unknown calendar date: '2021-10-15 - 2020-10-21'""}]},{""source"":""wsdc_calendar"",""status"":""parsed"",""target_id"":""a62ed37377f66f873478b99f"",""timestamp"":""20220516154440"",""url"":""https://www.worldsdc.com/event-calendar/"",""warnings"":[{""evidence"":{""code"":""unrecognized_listing_date"",""evidence"":{""classes"":[],""country_code"":null,""date"":""2021-10-15 - 2020-10-21"",""event_type"":""Registry Event"",""location"":"""",""name"":""European Swing Challenge (Cancelled due to Covid-19)"",""website"":""http://www.jiveaddiction.com""}},""summary"":""unknown calendar date: '2021-10-15 - 2020-10-21'""},{""evidence"":{""code"":""unrecognized_listing_date"",""evidence"":{""classes"":[],""country_code"":null,""date"":""2023-03-02 - 2022-03-08"",""event_type"":""Registry Event"",""location"":"""",""name"":""MADjam (Mid Atlantic Dance Jam)"",""website"":""http://www.atlanticdancejam.com""}},""summary"":""unknown calendar date: '2023-03-02 - 2022-03-08'""},{""evidence"":{""code"":""unrecognized_listing_date"",""evidence"":{""classes"":[],""country_code"":null,""date"":""2023-04-14 - 2022-04-17"",""event_type"":""Registry Event"",""location"":"""",""name"":""WESTY NANTES"",""website"":""https://www.westynantes.com/""}},""summary"":""unknown calendar date: '2023-04-14 - 2022-04-17'""}]},{""source"":""wsdc_calendar"",""status"":""parsed"",""target_id"":""772e82ab89c8201dae8a26f6"",""timestamp"":""20220927051335"",""url"":""https://www.worldsdc.com/event-calendar/"",""warnings"":[{""evidence"":{""code"":""unrecognized_listing_date"",""evidence"":{""classes"":[],""country_code"":null,""date"":""2023-04-14 - 2022-04-17"",""event_type"":""Registry Event"",""location"":"""",""name"":""WESTY NANTES"",""website"":""https://www.westynantes.com/""}},""summary"":""unknown calendar date: '2023-04-14 - 2022-04-17'""},{""evidence"":{""code"":""unrecognized_listing_date"",""evidence"":{""classes"":[],""country_code"":null,""date"":""2021-10-15 - 2020-10-21"",""event_type"":""Registry Event"",""location"":"""",""name"":""European Swing Challenge (Cancelled due to Covid-19)"",""website"":""http://www.jiveaddiction.com""}},""summary"":""unknown calendar date: '2021-10-15 - 2020-10-21'""},{""evidence"":{""code"":""unrecognized_listing_date"",""evidence"":{""classes"":[],""country_code"":null,""date"":""2023-03-02 - 2022-03-08"",""event_type"":""Registry Event"",""location"":"""",""name"":""MADjam (Mid Atlantic Dance Jam)"",""website"":""http://www.atlanticdancejam.com""}},""summary"":""unknown calendar date: '2023-03-02 - 2022-03-08'""}]},{""source"":""wsdc_calendar"",""status"":""pending"",""target_id"":""a9a1981e91474f1967356d61"",""timestamp"":""20250226151724"",""url"":""https://www.worldsdc.com/events/"",""warnings"":[]},{""source"":""wsdc_calendar"",""status"":""pending"",""target_id"":""ea4e68c086533dd6581c3015"",""timestamp"":""20250423104016"",""url"":""https://www.worldsdc.com/print-event-list/"",""warnings"":[]},{""source"":""wsdc_calendar"",""status"":""pending"",""target_id"":""24eaae0d5fea3221affb5a0a"",""timestamp"":""20250512152735"",""url"":""https://www.worldsdc.com/events/"",""warnings"":[]},{""source"":""wsdc_calendar"",""status"":""pending"",""target_id"":""828e41e7f8f4bfd34d171092"",""timestamp"":""20250814164915"",""url"":""https://www.worldsdc.com/print-event-list/"",""warnings"":[]},{""source"":""wsdc_calendar"",""status"":""pending"",""target_id"":""3c5a6116618208e4556dd9e7"",""timestamp"":""20251006110156"",""url"":""https://www.worldsdc.com/events/"",""warnings"":[]},{""source"":""wsdc_calendar"",""status"":""pending"",""target_id"":""e7dcb140bcbd077c67c0d425"",""timestamp"":""20251115173727"",""url"":""https://www.worldsdc.com/print-event-list/"",""warnings"":[]},{""source"":""wsdc_calendar"",""status"":""pending"",""target_id"":""f140e9fd5864d1c777006540"",""timestamp"":""20251219091106"",""url"":""https://www.worldsdc.com/events/"",""warnings"":[]},{""source"":""wsdc_calendar"",""status"":""pending"",""target_id"":""763f8950892b9e719910fcd3"",""timestamp"":""20251219113055"",""url"":""https://www.worldsdc.com/events/"",""warnings"":[]},{""source"":""wsdc_calendar"",""status"":""pending"",""target_id"":""f0dcc51ff963f79c44d90734"",""timestamp"":""20260107152659"",""url"":""https://www.worldsdc.com/events/"",""warnings"":[]},{""source"":""wsdc_calendar"",""status"":""pending"",""target_id"":""fa9d6701e2418b435644b296"",""timestamp"":""20260110202716"",""url"":""https://www.worldsdc.com/events/"",""warnings"":[]},{""source"":""wsdc_calendar"",""status"":""pending"",""target_id"":""9fad90785a2f773113d0c84d"",""timestamp"":""20260120214828"",""url"":""https://www.worldsdc.com/events/"",""warnings"":[]},{""source"":""wsdc_calendar"",""status"":""pending"",""target_id"":""032270847f79d7aebca98f65"",""timestamp"":""20260211205531"",""url"":""https://www.worldsdc.com/print-event-list/"",""warnings"":[]},{""source"":""wsdc_calendar"",""status"":""pending"",""target_id"":""edb1d1478b3fe19a626a30d7"",""timestamp"":""20260308093633"",""url"":""https://www.worldsdc.com/events/"",""warnings"":[]},{""source"":""wsdc_calendar"",""status"":""pending"",""target_id"":""017e59a25155c25983b14000"",""timestamp"":""20260513152740"",""url"":""https://www.worldsdc.com/print-event-list/"",""warnings"":[]},{""source"":""wsdc_calendar"",""status"":""pending"",""target_id"":""2b8b7d5b424f394e25c2b7bb"",""timestamp"":""20260513162349"",""url"":""https://www.worldsdc.com/events/"",""warnings"":[]},{""source"":""wsdc_calendar"",""status"":""pending"",""target_id"":""9592958a3cd694d86e677fc5"",""timestamp"":""20260521133133"",""url"":""https://www.worldsdc.com/events/"",""warnings"":[]},{""source"":""wsdc_calendar"",""status"":""pending"",""target_id"":""2dd8b6dc4d2d264495a33f0f"",""timestamp"":""20260813102731"",""url"":""https://worldsdc.com/events/"",""warnings"":[]}],""year"":2016}",phase1_incomplete,2016,phase1_year,,2016,history_year,,"Event-list catalog has pending captures, unresolved parse findings, or missing discovery"
"{""gaps"":[{""source"":""wsdc_newsletter"",""status"":""parsed"",""target_id"":""20080cca8335d832e9581711"",""timestamp"":null,""url"":""http://www.worldsdc.com/wp-content/uploads/2017/12/161202-WSDC-Newsletter-Vol-1-4.pdf"",""warnings"":[{""evidence"":{""code"":""newsletter_undated_listing"",""evidence"":{""page"":2,""rows"":[""HOLY LAND OPEN On Hiatus""]}},""summary"":""Listed event has no safely parsed date; preserve hiatus or other notice for review""}]},{""source"":""wsdc_newsletter"",""status"":""parsed"",""target_id"":""e993372b27c920b7bf25238f"",""timestamp"":null,""url"":""http://www.worldsdc.com/wp-content/uploads/2017/12/170705-WSDC-Newsletter-Vol-3-7-5-2017.pdf"",""warnings"":[{""evidence"":{""code"":""newsletter_undated_listing"",""evidence"":{""page"":2,""rows"":[""SUNNY SIDE DANCE CAMP On Hiatus""]}},""summary"":""Listed event has no safely parsed date; preserve hiatus or other notice for review""}]},{""source"":""wsdc_newsletter"",""status"":""parsed"",""target_id"":""e34b2344655e659de5b60d89"",""timestamp"":null,""url"":""http://www.worldsdc.com/wp-content/uploads/2017/12/171229-WSDC-Newsleter-Vol-5-12-29-2017.pdf"",""warnings"":[{""evidence"":{""code"":""newsletter_undated_listing"",""evidence"":{""page"":2,""rows"":[""AUSTRALIAN WEST COAST SWING AND ZOUK On Hiatus""]}},""summary"":""Listed event has no safely parsed date; preserve hiatus or other notice for review""}]},{""source"":""wsdc_newsletter"",""status"":""parsed"",""target_id"":""0e8afed4a25aa5c6fd5f2741"",""timestamp"":null,""url"":""http://www.worldsdc.com/wp-content/uploads/2020/12/170330-WSDC-Newsletter-Vol-2-3.pdf"",""warnings"":[{""evidence"":{""code"":""newsletter_undated_listing"",""evidence"":{""page"":2,""rows"":[""SLINGSHOT SWING On Hiatus"",""CMJ NSW WEST COAST SWING DANCE CHAMPIONSHIPS On Hiatus""]}},""summary"":""Listed event has no safely parsed date; preserve hiatus or other notice for review""},{""evidence"":{""code"":""approval_notice_review"",""evidence"":{""notice"":""Apr 13 – 16, 2017                      quarter of 2017 new registry events included:                  We currently have 154 Registry Events, 84 in"",""page"":1}},""summary"":""Prose approval notice needs a dated event interpretation""}]},{""source"":""wsdc_newsletter"",""status"":""parsed"",""target_id"":""c2b50fd841877f25729aeb0c"",""timestamp"":null,""url"":""http://www.worldsdc.com/wp-content/uploads/2020/12/171005-WSDC-Newsletter-Vol-4-10-5-2017.pdf"",""warnings"":[{""evidence"":{""code"":""newsletter_undated_listing"",""evidence"":{""page"":1,""rows"":[""SWUSTLICIOUS October 19-22, 201717""]}},""summary"":""Listed event has no safely parsed date; preserve hiatus or other notice for review""}]},{""source"":""wsdc_newsletter"",""status"":""parsed"",""target_id"":""c16974cf6a719bb6f6e3c9da"",""timestamp"":null,""url"":""http://www.worldsdc.com/wp-content/uploads/2020/12/WSDC-Newsleter-Vol-10-04-12-2019.pdf"",""warnings"":[{""evidence"":{""code"":""newsletter_undated_listing"",""evidence"":{""page"":2,""rows"":[""HUNGARIAN OPEN May 24 – 26, 20189""]}},""summary"":""Listed event has no safely parsed date; preserve hiatus or other notice for review""},{""evidence"":{""code"":""newsletter_colour_unverified"",""evidence"":{""colour_recovered"":false,""fallback"":""registry"",""snapshot_id"":""snap_20260913T053000Z_11d8e6dbdaab""}},""summary"":""Trial or member activity colour was not recovered; newsletter registry status uses the documented fallback""}]},{""source"":""wsdc_newsletter"",""status"":""parsed"",""target_id"":""9674911cc8f2d2803682db49"",""timestamp"":null,""url"":""http://www.worldsdc.com/wp-content/uploads/2020/12/WSDC-Newsleter-Vol-9-1-24-2019.pdf"",""warnings"":[{""evidence"":{""code"":""newsletter_undated_listing"",""evidence"":{""page"":2,""rows"":[""SWEETHEART SWING CLASSIC On Hiatus""]}},""summary"":""Listed event has no safely parsed date; preserve hiatus or other notice for review""},{""evidence"":{""code"":""approval_notice_review"",""evidence"":{""notice"":""from page 1)                                                    Leyva, who has been managing new events,                           Events"",""page"":2}},""summary"":""Prose approval notice needs a dated event interpretation""},{""evidence"":{""code"":""newsletter_colour_unverified"",""evidence"":{""colour_recovered"":false,""fallback"":""registry"",""snapshot_id"":""snap_20260913T053010Z_478d7ddb5edd""}},""summary"":""Trial or member activity colour was not recovered; newsletter registry status uses the documented fallback""}]},{""source"":""wsdc_newsletter"",""status"":""parsed"",""target_id"":""168739e4497cfe804a117c5e"",""timestamp"":null,""url"":""http://www.worldsdc.com/wp-content/uploads/2020/12/WSDC-Newsletter-Vol-11-6-25-2019.pdf"",""warnings"":[{""evidence"":{""code"":""newsletter_undated_listing"",""evidence"":{""page"":2,""rows"":[""OLD TOWN SWING On Hiatus""]}},""summary"":""Listed event has no safely parsed date; preserve hiatus or other notice for review""},{""evidence"":{""code"":""approval_notice_review"",""evidence"":{""notice"":""• ODYSSEY WEST COAST SWING                           Please send us your questions and topics of            especially those running new events, rely heavily"",""page"":1}},""summary"":""Prose approval notice needs a dated event interpretation""}]},{""source"":""wsdc_newsletter"",""status"":""parsed"",""target_id"":""0b9f1347030560c4c5502e28"",""timestamp"":null,""url"":""http://www.worldsdc.com/wp-content/uploads/2020/12/WSDC-Newsletter-Vol-12-10-10-2019.pdf"",""warnings"":[{""evidence"":{""code"":""newsletter_undated_listing"",""evidence"":{""page"":2,""rows"":[""NEW YEAR’S DANCE EXTRAVAGANZA Dec 31, 2019, Jan 3-5, 2020""]}},""summary"":""Listed event has no safely parsed date; preserve hiatus or other notice for review""}]},{""source"":""wsdc_newsletter"",""status"":""parsed"",""target_id"":""0226ef50385bfa517c9ef79c"",""timestamp"":null,""url"":""http://www.worldsdc.com/wp-content/uploads/2020/12/WSDC-Newsletter-Vol-6-April-9-2018.pdf"",""warnings"":[{""evidence"":{""code"":""newsletter_colour_unverified"",""evidence"":{""colour_recovered"":false,""fallback"":""registry"",""snapshot_id"":""snap_20260913T035045Z_008aaf4c6933""}},""summary"":""Trial or member activity colour was not recovered; newsletter registry status uses the documented fallback""}]},{""source"":""wsdc_newsletter"",""status"":""parsed"",""target_id"":""78a33801c49176cffe273d23"",""timestamp"":null,""url"":""http://www.worldsdc.com/wp-content/uploads/2020/12/WSDC-Newsletter-Vol-7-July-1-2018.pdf"",""warnings"":[{""evidence"":{""code"":""newsletter_undated_listing"",""evidence"":{""page"":1,""rows"":[""SACRAMENTO ALL SWING On Hiatus"",""SEA SUN & SWING CAMP Hiatus""]}},""summary"":""Listed event has no safely parsed date; preserve hiatus or other notice for review""}]},{""source"":""wsdc_newsletter"",""status"":""parsed"",""target_id"":""b64c2d8f8445f615c078e0bb"",""timestamp"":null,""url"":""http://www.worldsdc.com/wp-content/uploads/2020/12/WSDC-Newsletter-Vol-8-10-17-2018.pdf"",""warnings"":[{""evidence"":{""code"":""approval_notice_review"",""evidence"":{""notice"":""scores will not be posted to our database.  We                  events and new events.  Wednesday’s focus is                       December 6-9, 2018"",""page"":2}},""summary"":""Prose approval notice needs a dated event interpretation""}]},{""source"":""wsdc_newsletter"",""status"":""parsed"",""target_id"":""50d5b572f43b42b244112e92"",""timestamp"":null,""url"":""http://www.worldsdc.com/wp-content/uploads/2021/02/WSDC-Newsleter-Vol-13-1-6-2020.pdf"",""warnings"":[{""evidence"":{""code"":""newsletter_undated_listing"",""evidence"":{""page"":2,""rows"":[""ANCHOR FESTIVAL On Hiatus""]}},""summary"":""Listed event has no safely parsed date; preserve hiatus or other notice for review""},{""evidence"":{""code"":""newsletter_colour_unverified"",""evidence"":{""colour_recovered"":false,""fallback"":""registry"",""snapshot_id"":""snap_20260913T053303Z_220a0f22f0f6""}},""summary"":""Trial or member activity colour was not recovered; newsletter registry status uses the documented fallback""}]},{""source"":""wsdc_newsletter"",""status"":""parsed"",""target_id"":""2722818d1b9f0149372dd827"",""timestamp"":null,""url"":""http://www.worldsdc.com/wp-content/uploads/2022/06/WSDC-Newsleter-Vol-22-June-2022.pdf"",""warnings"":[{""evidence"":{""code"":""newsletter_undated_listing"",""evidence"":{""page"":2,""rows"":[""Portland Dance Festival"",""Toronto Open Swing & Hustle Championships"",""Sea Sun & Swing Camp"",""Odyssey West Coast Swing"",""Riga Summer Swing""]}},""summary"":""Listed event has no safely parsed date; preserve hiatus or other notice for review""}]},{""source"":""wsdc_newsletter"",""status"":""parsed"",""target_id"":""a85d2b013a50698e8e0a5c49"",""timestamp"":null,""url"":""http://www.worldsdc.com/wp-content/uploads/2022/09/WSDC-Newsleter-Vol-23-September-2022.pdf"",""warnings"":[{""evidence"":{""code"":""approval_notice_review"",""evidence"":{""notice"":""on the calendar, so that new events are able to select locations and dates that comply with our time distance rules."",""page"":3}},""summary"":""Prose approval notice needs a dated event interpretation""},{""evidence"":{""code"":""newsletter_undated_listing"",""evidence"":{""page"":3,""rows"":[""Countdown Swing Boston Dec 29, 2022, Jan 2, 2023"",""Palm Springs New Year’s West Coast Swing and Hustle Dance Classic"",""Spotlight New Year’s Celebration"",""New Year’s Swing Fling""]}},""summary"":""Listed event has no safely parsed date; preserve hiatus or other notice for review""}]},{""source"":""wsdc_newsletter"",""status"":""parsed"",""target_id"":""33973c1ce87271a5a7076911"",""timestamp"":null,""url"":""http://www.worldsdc.com/wp-content/uploads/2023/01/WSDC-Newsleter-Vol-25-1-5-2023.pdf"",""warnings"":[{""evidence"":{""code"":""newsletter_undated_listing"",""evidence"":{""page"":2,""rows"":[""High Desert Dance Classic On Hiatus"",""Anchor Festival Canceld due to Covid"",""Boston Tea Party Canceld due to Covid""]}},""summary"":""Listed event has no safely parsed date; preserve hiatus or other notice for review""},{""evidence"":{""code"":""newsletter_colour_unverified"",""evidence"":{""colour_recovered"":false,""fallback"":""registry"",""snapshot_id"":""snap_20260913T053423Z_68c1360eb9f6""}},""summary"":""Trial or member activity colour was not recovered; newsletter registry status uses the documented fallback""}]},{""source"":""wsdc_newsletter"",""status"":""parsed"",""target_id"":""41a01dbd519400746ec38193"",""timestamp"":null,""url"":""http://www.worldsdc.com/wp-content/uploads/2024/01/WSDC-Newsletter-Vol-29-1-5-2024-3.0.pdf"",""warnings"":[{""evidence"":{""code"":""approval_notice_review"",""evidence"":{""page"":3}},""summary"":""Newsletter page has no safely dated event rows; review its sidebar and approval notices""},{""evidence"":{""code"":""approval_notice_review"",""evidence"":{""notice"":""We want to see your spot on the calendar, so that new events are able to select locations and dates that                          ideal environment to promote"",""page"":3}},""summary"":""Prose approval notice needs a dated event interpretation""},{""evidence"":{""code"":""newsletter_undated_listing"",""evidence"":{""page"":2,""rows"":[""Anchor Festival On Hiatus""]}},""summary"":""Listed event has no safely parsed date; preserve hiatus or other notice for review""}]},{""source"":""wsdc_newsletter"",""status"":""parsed"",""target_id"":""b961cd353369476360a0b7d9"",""timestamp"":null,""url"":""http://www.worldsdc.com/wp-content/uploads/2024/05/WSDC-Newsletter-Vol-30-05-21-2024-5.0.pdf"",""warnings"":[{""evidence"":{""code"":""newsletter_colour_unverified"",""evidence"":{""colour_recovered"":false,""fallback"":""registry"",""snapshot_id"":""snap_20260913T053443Z_bf5de4bbd205""}},""summary"":""Trial or member activity colour was not recovered; newsletter registry status uses the documented fallback""},{""evidence"":{""code"":""approval_notice_review"",""evidence"":{""notice"":""• Hungarian open                         We would like to welcome the following new Registry Events that have been approved in 2024:"",""page"":1}},""summary"":""Prose approval notice needs a dated event interpretation""},{""evidence"":{""code"":""newsletter_undated_listing"",""evidence"":{""page"":3,""rows"":[""Ukrainian Open Canceled due to war""]}},""summary"":""Listed event has no safely parsed date; preserve hiatus or other notice for review""}]},{""source"":""wsdc_newsletter"",""status"":""parsed"",""target_id"":""f0d02027903ab0803154542c"",""timestamp"":null,""url"":""https://www.worldsdc.com/wp-content/uploads/2023/05/WSDC-Newsletter-Vol-26-05-16-2023-1.pdf"",""warnings"":[{""evidence"":{""code"":""newsletter_undated_listing"",""evidence"":{""page"":2,""rows"":[""Michigan classic On Hiatus"",""Dance N Play On Hiatus""]}},""summary"":""Listed event has no safely parsed date; preserve hiatus or other notice for review""},{""evidence"":{""code"":""newsletter_colour_unverified"",""evidence"":{""colour_recovered"":false,""fallback"":""registry"",""snapshot_id"":""snap_20260913T053450Z_ce3c79f4aa99""}},""summary"":""Trial or member activity colour was not recovered; newsletter registry status uses the documented fallback""}]},{""source"":""wsdc_newsletter"",""status"":""parsed"",""target_id"":""bcf0cbe3c6fa734ee64625e0"",""timestamp"":null,""url"":""https://www.worldsdc.com/wp-content/uploads/2023/09/WSDC-Newsletter-Vol-27-9-11-2023.pdf"",""warnings"":[{""evidence"":{""code"":""newsletter_undated_listing"",""evidence"":{""page"":1,""rows"":[""Norway Westie Fest On Hiatus"",""Austin Rocks On Hiatus"",""Philly Swing Classic On Hiatus"",""European Swing Challenge On Hiatus""]}},""summary"":""Listed event has no safely parsed date; preserve hiatus or other notice for review""},{""evidence"":{""code"":""approval_notice_review"",""evidence"":{""notice"":""September 7 - 10, 2023                        We would like to welcome the following new Registry Events that have been approved in 2023:"",""page"":1}},""summary"":""Prose approval notice needs a dated event interpretation""}]},{""source"":""swingdancecouncil"",""status"":""parsed"",""target_id"":""980fe458d3fe07a44a99b37b"",""timestamp"":""20150214083833"",""url"":""http://www.swingdancecouncil.com:80/ActiveServerPages/UpcomingEvents.asp"",""warnings"":[{""evidence"":{""code"":""unrecognized_listing_date"",""evidence"":{""date"":""Feb. 12 - 14, 215"",""location"":""Tampa, FL"",""name"":""Sweetheart Swing Classic"",""website"":""http://www.sweetheartswingclassic.com""}},""summary"":""unknown calendar date: 'Feb 12 - 14, 215'""}]},{""source"":""wsdc_calendar"",""status"":""finding"",""target_id"":""4524f01e997c4e2f34e9ad8b"",""timestamp"":""20160710033710"",""url"":""http://www.worldsdc.com:80/events-map/"",""warnings"":[{""evidence"":{""snapshot_id"":""snap_20260913T051034Z_c954a81d470a""},""summary"":""captured map marker lacks a name or printed date""}]},{""source"":""wsdc_calendar"",""status"":""parsed"",""target_id"":""ff3953a1ccb4da3e936fdabc"",""timestamp"":""20160909052448"",""url"":""http://www.worldsdc.com:80/event-calendar/"",""warnings"":[{""evidence"":{""code"":""unrecognized_listing_date"",""evidence"":{""classes"":[],""country_code"":null,""date"":""2017-01-26 - 1201-01-30"",""event_type"":""Registry Event"",""location"":"""",""name"":""Derby City Swing"",""website"":""http://www.DerbyCitySwing.com""}},""summary"":""unknown calendar date: '2017-01-26 - 1201-01-30'""}]},{""source"":""wsdc_calendar"",""status"":""finding"",""target_id"":""1e7c58035500bacb34f94ee2"",""timestamp"":""20160909104400"",""url"":""http://www.worldsdc.com:80/events-map/"",""warnings"":[{""evidence"":{""snapshot_id"":""snap_20260913T051124Z_69886cf0bd03""},""summary"":""captured map marker lacks a name or printed date""}]},{""source"":""wsdc_calendar"",""status"":""parsed"",""target_id"":""45e7d60cf892aa442bc764ee"",""timestamp"":""20161109222349"",""url"":""http://www.worldsdc.com:80/event-calendar/"",""warnings"":[{""evidence"":{""code"":""unrecognized_listing_date"",""evidence"":{""classes"":[],""country_code"":null,""date"":""2017-08-09 - 2016-08-02"",""event_type"":""Registry Event"",""location"":"""",""name"":""Sea Sun & Swing Camp"",""website"":""http://www.seasunswing.net/""}},""summary"":""unknown calendar date: '2017-08-09 - 2016-08-02'""}]},{""source"":""wsdc_calendar"",""status"":""finding"",""target_id"":""a2bc46c2c8df036f4f4893ce"",""timestamp"":""20161110035618"",""url"":""http://www.worldsdc.com:80/events-map/"",""warnings"":[{""evidence"":{""snapshot_id"":""snap_20260913T051154Z_e4edbdd2484e""},""summary"":""captured map marker lacks a name or printed date""}]},{""source"":""wsdc_calendar"",""status"":""finding"",""target_id"":""35f6bfc5b865f014caed252f"",""timestamp"":""20161212121213"",""url"":""http://www.worldsdc.com:80/events-map/?"",""warnings"":[{""evidence"":{""snapshot_id"":""snap_20260913T051213Z_81a2aa57dba1""},""summary"":""captured map marker lacks a name or printed date""}]},{""source"":""wsdc_calendar"",""status"":""parsed"",""target_id"":""63fc2e9fab71011f49928da1"",""timestamp"":""20190310202901"",""url"":""https://www.worldsdc.com/event-calendar/"",""warnings"":[{""evidence"":{""code"":""unrecognized_listing_date"",""evidence"":{""classes"":[],""country_code"":null,""date"":""2017-10-27 - 2017-10-02"",""event_type"":"""",""location"":"""",""name"":""Atlanta Swing Classic"",""website"":""""}},""summary"":""unknown calendar date: '2017-10-27 - 2017-10-02'""}]},{""source"":""wsdc_calendar"",""status"":""parsed"",""target_id"":""45af6af9a8be9960552c707c"",""timestamp"":""20190723190818"",""url"":""https://www.worldsdc.com/event-calendar/"",""warnings"":[{""evidence"":{""code"":""unrecognized_listing_date"",""evidence"":{""classes"":[],""country_code"":null,""date"":""2017-10-27 - 2017-10-02"",""event_type"":"""",""location"":"""",""name"":""Atlanta Swing Classic"",""website"":""""}},""summary"":""unknown calendar date: '2017-10-27 - 2017-10-02'""},{""evidence"":{""code"":""unrecognized_listing_date"",""evidence"":{""classes"":[],""country_code"":null,""date"":""2020-02-13 - 2020-02-10"",""event_type"":""Registry Event"",""location"":"""",""name"":""Capital Swing Presidents' Day Convention"",""website"":""http://www.capitalswingconvention.com""}},""summary"":""unknown calendar date: '2020-02-13 - 2020-02-10'""}]},{""source"":""wsdc_calendar"",""status"":""parsed"",""target_id"":""ff51b642e9a4b4954b6e59f5"",""timestamp"":""20190803171837"",""url"":""https://www.worldsdc.com/event-calendar/"",""warnings"":[{""evidence"":{""code"":""unrecognized_listing_date"",""evidence"":{""classes"":[],""country_code"":null,""date"":""2017-10-27 - 2017-10-02"",""event_type"":"""",""location"":"""",""name"":""Atlanta Swing Classic"",""website"":""""}},""summary"":""unknown calendar date: '2017-10-27 - 2017-10-02'""},{""evidence"":{""code"":""unrecognized_listing_date"",""evidence"":{""classes"":[],""country_code"":null,""date"":""2020-02-13 - 2020-02-10"",""event_type"":""Registry Event"",""location"":"""",""name"":""Capital Swing Presidents' Day Convention"",""website"":""http://www.capitalswingconvention.com""}},""summary"":""unknown calendar date: '2020-02-13 - 2020-02-10'""}]},{""source"":""wsdc_calendar"",""status"":""parsed"",""target_id"":""f19398f1d6ae2da489cbca06"",""timestamp"":""20190920150618"",""url"":""https://www.worldsdc.com/event-calendar/"",""warnings"":[{""evidence"":{""code"":""unrecognized_listing_date"",""evidence"":{""classes"":[],""country_code"":null,""date"":""2020-02-13 - 2020-02-10"",""event_type"":""Registry Event"",""location"":"""",""name"":""Capital Swing Presidents' Day Convention"",""website"":""http://www.capitalswingconvention.com""}},""summary"":""unknown calendar date: '2020-02-13 - 2020-02-10'""},{""evidence"":{""code"":""unrecognized_listing_date"",""evidence"":{""classes"":[],""country_code"":null,""date"":""2017-10-27 - 2017-10-02"",""event_type"":"""",""location"":"""",""name"":""Atlanta Swing Classic"",""website"":""""}},""summary"":""unknown calendar date: '2017-10-27 - 2017-10-02'""}]},{""source"":""wsdc_calendar"",""status"":""parsed"",""target_id"":""6ce7ce1a4672bb04f9e6f54a"",""timestamp"":""20191018054453"",""url"":""https://www.worldsdc.com/event-calendar/"",""warnings"":[{""evidence"":{""code"":""unrecognized_listing_date"",""evidence"":{""classes"":[],""country_code"":null,""date"":""2020-02-13 - 2020-02-10"",""event_type"":""Registry Event"",""location"":"""",""name"":""Capital Swing Presidents' Day Convention"",""website"":""http://www.capitalswingconvention.com""}},""summary"":""unknown calendar date: '2020-02-13 - 2020-02-10'""},{""evidence"":{""code"":""unrecognized_listing_date"",""evidence"":{""classes"":[],""country_code"":null,""date"":""2017-10-27 - 2017-10-02"",""event_type"":"""",""location"":"""",""name"":""Atlanta Swing Classic"",""website"":""""}},""summary"":""unknown calendar date: '2017-10-27 - 2017-10-02'""}]},{""source"":""wsdc_calendar"",""status"":""parsed"",""target_id"":""1b3c6c6919989e1fb2654ece"",""timestamp"":""20191106155651"",""url"":""https://www.worldsdc.com/event-calendar/"",""warnings"":[{""evidence"":{""code"":""unrecognized_listing_date"",""evidence"":{""classes"":[],""country_code"":null,""date"":""2017-10-27 - 2017-10-02"",""event_type"":"""",""location"":"""",""name"":""Atlanta Swing Classic"",""website"":""""}},""summary"":""unknown calendar date: '2017-10-27 - 2017-10-02'""},{""evidence"":{""code"":""unrecognized_listing_date"",""evidence"":{""classes"":[],""country_code"":null,""date"":""2020-02-13 - 2020-02-10"",""event_type"":""Registry Event"",""location"":"""",""name"":""Capital Swing Presidents' Day Convention"",""website"":""http://www.capitalswingconvention.com""}},""summary"":""unknown calendar date: '2020-02-13 - 2020-02-10'""}]},{""source"":""wsdc_calendar"",""status"":""parsed"",""target_id"":""0c1a65f8427b8be5c9cf8c7c"",""timestamp"":""20191212192203"",""url"":""https://www.worldsdc.com/event-calendar/"",""warnings"":[{""evidence"":{""code"":""unrecognized_listing_date"",""evidence"":{""classes"":[],""country_code"":null,""date"":""2017-10-27 - 2017-10-02"",""event_type"":"""",""location"":"""",""name"":""Atlanta Swing Classic"",""website"":""""}},""summary"":""unknown calendar date: '2017-10-27 - 2017-10-02'""}]},{""source"":""wsdc_calendar"",""status"":""parsed"",""target_id"":""a1552033d5ab342fc7915696"",""timestamp"":""20210920204412"",""url"":""https://www.worldsdc.com/event-calendar/"",""warnings"":[{""evidence"":{""code"":""unrecognized_listing_date"",""evidence"":{""classes"":[],""country_code"":null,""date"":""2021-10-15 - 2020-10-21"",""event_type"":""Registry Event"",""location"":"""",""name"":""European Swing Challenge (Cancelled due to Covid-19)"",""website"":""http://www.jiveaddiction.com""}},""summary"":""unknown calendar date: '2021-10-15 - 2020-10-21'""}]},{""source"":""wsdc_calendar"",""status"":""parsed"",""target_id"":""7b80fe7a9bb1bba64608cee6"",""timestamp"":""20211207001407"",""url"":""https://www.worldsdc.com/event-calendar/"",""warnings"":[{""evidence"":{""code"":""unrecognized_listing_date"",""evidence"":{""classes"":[],""country_code"":null,""date"":""2021-10-15 - 2020-10-21"",""event_type"":""Registry Event"",""location"":"""",""name"":""European Swing Challenge (Cancelled due to Covid-19)"",""website"":""http://www.jiveaddiction.com""}},""summary"":""unknown calendar date: '2021-10-15 - 2020-10-21'""}]},{""source"":""wsdc_calendar"",""status"":""parsed"",""target_id"":""60d215c8c0b614f4183762c9"",""timestamp"":""20220118200123"",""url"":""https://www.worldsdc.com/event-calendar/"",""warnings"":[{""evidence"":{""code"":""unrecognized_listing_date"",""evidence"":{""classes"":[],""country_code"":null,""date"":""2021-10-15 - 2020-10-21"",""event_type"":""Registry Event"",""location"":"""",""name"":""European Swing Challenge (Cancelled due to Covid-19)"",""website"":""http://www.jiveaddiction.com""}},""summary"":""unknown calendar date: '2021-10-15 - 2020-10-21'""}]},{""source"":""wsdc_calendar"",""status"":""parsed"",""target_id"":""31073eb64db45b0b3bc14037"",""timestamp"":""20220327070320"",""url"":""https://www.worldsdc.com/event-calendar/"",""warnings"":[{""evidence"":{""code"":""unrecognized_listing_date"",""evidence"":{""classes"":[],""country_code"":null,""date"":""2021-10-15 - 2020-10-21"",""event_type"":""Registry Event"",""location"":"""",""name"":""European Swing Challenge (Cancelled due to Covid-19)"",""website"":""http://www.jiveaddiction.com""}},""summary"":""unknown calendar date: '2021-10-15 - 2020-10-21'""}]},{""source"":""wsdc_calendar"",""status"":""parsed"",""target_id"":""a62ed37377f66f873478b99f"",""timestamp"":""20220516154440"",""url"":""https://www.worldsdc.com/event-calendar/"",""warnings"":[{""evidence"":{""code"":""unrecognized_listing_date"",""evidence"":{""classes"":[],""country_code"":null,""date"":""2021-10-15 - 2020-10-21"",""event_type"":""Registry Event"",""location"":"""",""name"":""European Swing Challenge (Cancelled due to Covid-19)"",""website"":""http://www.jiveaddiction.com""}},""summary"":""unknown calendar date: '2021-10-15 - 2020-10-21'""},{""evidence"":{""code"":""unrecognized_listing_date"",""evidence"":{""classes"":[],""country_code"":null,""date"":""2023-03-02 - 2022-03-08"",""event_type"":""Registry Event"",""location"":"""",""name"":""MADjam (Mid Atlantic Dance Jam)"",""website"":""http://www.atlanticdancejam.com""}},""summary"":""unknown calendar date: '2023-03-02 - 2022-03-08'""},{""evidence"":{""code"":""unrecognized_listing_date"",""evidence"":{""classes"":[],""country_code"":null,""date"":""2023-04-14 - 2022-04-17"",""event_type"":""Registry Event"",""location"":"""",""name"":""WESTY NANTES"",""website"":""https://www.westynantes.com/""}},""summary"":""unknown calendar date: '2023-04-14 - 2022-04-17'""}]},{""source"":""wsdc_calendar"",""status"":""parsed"",""target_id"":""772e82ab89c8201dae8a26f6"",""timestamp"":""20220927051335"",""url"":""https://www.worldsdc.com/event-calendar/"",""warnings"":[{""evidence"":{""code"":""unrecognized_listing_date"",""evidence"":{""classes"":[],""country_code"":null,""date"":""2023-04-14 - 2022-04-17"",""event_type"":""Registry Event"",""location"":"""",""name"":""WESTY NANTES"",""website"":""https://www.westynantes.com/""}},""summary"":""unknown calendar date: '2023-04-14 - 2022-04-17'""},{""evidence"":{""code"":""unrecognized_listing_date"",""evidence"":{""classes"":[],""country_code"":null,""date"":""2021-10-15 - 2020-10-21"",""event_type"":""Registry Event"",""location"":"""",""name"":""European Swing Challenge (Cancelled due to Covid-19)"",""website"":""http://www.jiveaddiction.com""}},""summary"":""unknown calendar date: '2021-10-15 - 2020-10-21'""},{""evidence"":{""code"":""unrecognized_listing_date"",""evidence"":{""classes"":[],""country_code"":null,""date"":""2023-03-02 - 2022-03-08"",""event_type"":""Registry Event"",""location"":"""",""name"":""MADjam (Mid Atlantic Dance Jam)"",""website"":""http://www.atlanticdancejam.com""}},""summary"":""unknown calendar date: '2023-03-02 - 2022-03-08'""}]},{""source"":""wsdc_calendar"",""status"":""pending"",""target_id"":""a9a1981e91474f1967356d61"",""timestamp"":""20250226151724"",""url"":""https://www.worldsdc.com/events/"",""warnings"":[]},{""source"":""wsdc_calendar"",""status"":""pending"",""target_id"":""ea4e68c086533dd6581c3015"",""timestamp"":""20250423104016"",""url"":""https://www.worldsdc.com/print-event-list/"",""warnings"":[]},{""source"":""wsdc_calendar"",""status"":""pending"",""target_id"":""24eaae0d5fea3221affb5a0a"",""timestamp"":""20250512152735"",""url"":""https://www.worldsdc.com/events/"",""warnings"":[]},{""source"":""wsdc_calendar"",""status"":""pending"",""target_id"":""828e41e7f8f4bfd34d171092"",""timestamp"":""20250814164915"",""url"":""https://www.worldsdc.com/print-event-list/"",""warnings"":[]},{""source"":""wsdc_calendar"",""status"":""pending"",""target_id"":""3c5a6116618208e4556dd9e7"",""timestamp"":""20251006110156"",""url"":""https://www.worldsdc.com/events/"",""warnings"":[]},{""source"":""wsdc_calendar"",""status"":""pending"",""target_id"":""e7dcb140bcbd077c67c0d425"",""timestamp"":""20251115173727"",""url"":""https://www.worldsdc.com/print-event-list/"",""warnings"":[]},{""source"":""wsdc_calendar"",""status"":""pending"",""target_id"":""f140e9fd5864d1c777006540"",""timestamp"":""20251219091106"",""url"":""https://www.worldsdc.com/events/"",""warnings"":[]},{""source"":""wsdc_calendar"",""status"":""pending"",""target_id"":""763f8950892b9e719910fcd3"",""timestamp"":""20251219113055"",""url"":""https://www.worldsdc.com/events/"",""warnings"":[]},{""source"":""wsdc_calendar"",""status"":""pending"",""target_id"":""f0dcc51ff963f79c44d90734"",""timestamp"":""20260107152659"",""url"":""https://www.worldsdc.com/events/"",""warnings"":[]},{""source"":""wsdc_calendar"",""status"":""pending"",""target_id"":""fa9d6701e2418b435644b296"",""timestamp"":""20260110202716"",""url"":""https://www.worldsdc.com/events/"",""warnings"":[]},{""source"":""wsdc_calendar"",""status"":""pending"",""target_id"":""9fad90785a2f773113d0c84d"",""timestamp"":""20260120214828"",""url"":""https://www.worldsdc.com/events/"",""warnings"":[]},{""source"":""wsdc_calendar"",""status"":""pending"",""target_id"":""032270847f79d7aebca98f65"",""timestamp"":""20260211205531"",""url"":""https://www.worldsdc.com/print-event-list/"",""warnings"":[]},{""source"":""wsdc_calendar"",""status"":""pending"",""target_id"":""edb1d1478b3fe19a626a30d7"",""timestamp"":""20260308093633"",""url"":""https://www.worldsdc.com/events/"",""warnings"":[]},{""source"":""wsdc_calendar"",""status"":""pending"",""target_id"":""017e59a25155c25983b14000"",""timestamp"":""20260513152740"",""url"":""https://www.worldsdc.com/print-event-list/"",""warnings"":[]},{""source"":""wsdc_calendar"",""status"":""pending"",""target_id"":""2b8b7d5b424f394e25c2b7bb"",""timestamp"":""20260513162349"",""url"":""https://www.worldsdc.com/events/"",""warnings"":[]},{""source"":""wsdc_calendar"",""status"":""pending"",""target_id"":""9592958a3cd694d86e677fc5"",""timestamp"":""20260521133133"",""url"":""https://www.worldsdc.com/events/"",""warnings"":[]},{""source"":""wsdc_calendar"",""status"":""pending"",""target_id"":""2dd8b6dc4d2d264495a33f0f"",""timestamp"":""20260813102731"",""url"":""https://worldsdc.com/events/"",""warnings"":[]}],""year"":2017}",phase1_incomplete,2017,phase1_year,,2017,history_year,,"Event-list catalog has pending captures, unresolved parse findings, or missing discovery"
"{""gaps"":[{""source"":""wsdc_newsletter"",""status"":""parsed"",""target_id"":""20080cca8335d832e9581711"",""timestamp"":null,""url"":""http://www.worldsdc.com/wp-content/uploads/2017/12/161202-WSDC-Newsletter-Vol-1-4.pdf"",""warnings"":[{""evidence"":{""code"":""newsletter_undated_listing"",""evidence"":{""page"":2,""rows"":[""HOLY LAND OPEN On Hiatus""]}},""summary"":""Listed event has no safely parsed date; preserve hiatus or other notice for review""}]},{""source"":""wsdc_newsletter"",""status"":""parsed"",""target_id"":""e993372b27c920b7bf25238f"",""timestamp"":null,""url"":""http://www.worldsdc.com/wp-content/uploads/2017/12/170705-WSDC-Newsletter-Vol-3-7-5-2017.pdf"",""warnings"":[{""evidence"":{""code"":""newsletter_undated_listing"",""evidence"":{""page"":2,""rows"":[""SUNNY SIDE DANCE CAMP On Hiatus""]}},""summary"":""Listed event has no safely parsed date; preserve hiatus or other notice for review""}]},{""source"":""wsdc_newsletter"",""status"":""parsed"",""target_id"":""e34b2344655e659de5b60d89"",""timestamp"":null,""url"":""http://www.worldsdc.com/wp-content/uploads/2017/12/171229-WSDC-Newsleter-Vol-5-12-29-2017.pdf"",""warnings"":[{""evidence"":{""code"":""newsletter_undated_listing"",""evidence"":{""page"":2,""rows"":[""AUSTRALIAN WEST COAST SWING AND ZOUK On Hiatus""]}},""summary"":""Listed event has no safely parsed date; preserve hiatus or other notice for review""}]},{""source"":""wsdc_newsletter"",""status"":""parsed"",""target_id"":""0e8afed4a25aa5c6fd5f2741"",""timestamp"":null,""url"":""http://www.worldsdc.com/wp-content/uploads/2020/12/170330-WSDC-Newsletter-Vol-2-3.pdf"",""warnings"":[{""evidence"":{""code"":""newsletter_undated_listing"",""evidence"":{""page"":2,""rows"":[""SLINGSHOT SWING On Hiatus"",""CMJ NSW WEST COAST SWING DANCE CHAMPIONSHIPS On Hiatus""]}},""summary"":""Listed event has no safely parsed date; preserve hiatus or other notice for review""},{""evidence"":{""code"":""approval_notice_review"",""evidence"":{""notice"":""Apr 13 – 16, 2017                      quarter of 2017 new registry events included:                  We currently have 154 Registry Events, 84 in"",""page"":1}},""summary"":""Prose approval notice needs a dated event interpretation""}]},{""source"":""wsdc_newsletter"",""status"":""parsed"",""target_id"":""c2b50fd841877f25729aeb0c"",""timestamp"":null,""url"":""http://www.worldsdc.com/wp-content/uploads/2020/12/171005-WSDC-Newsletter-Vol-4-10-5-2017.pdf"",""warnings"":[{""evidence"":{""code"":""newsletter_undated_listing"",""evidence"":{""page"":1,""rows"":[""SWUSTLICIOUS October 19-22, 201717""]}},""summary"":""Listed event has no safely parsed date; preserve hiatus or other notice for review""}]},{""source"":""wsdc_newsletter"",""status"":""parsed"",""target_id"":""c16974cf6a719bb6f6e3c9da"",""timestamp"":null,""url"":""http://www.worldsdc.com/wp-content/uploads/2020/12/WSDC-Newsleter-Vol-10-04-12-2019.pdf"",""warnings"":[{""evidence"":{""code"":""newsletter_undated_listing"",""evidence"":{""page"":2,""rows"":[""HUNGARIAN OPEN May 24 – 26, 20189""]}},""summary"":""Listed event has no safely parsed date; preserve hiatus or other notice for review""},{""evidence"":{""code"":""newsletter_colour_unverified"",""evidence"":{""colour_recovered"":false,""fallback"":""registry"",""snapshot_id"":""snap_20260913T053000Z_11d8e6dbdaab""}},""summary"":""Trial or member activity colour was not recovered; newsletter registry status uses the documented fallback""}]},{""source"":""wsdc_newsletter"",""status"":""parsed"",""target_id"":""9674911cc8f2d2803682db49"",""timestamp"":null,""url"":""http://www.worldsdc.com/wp-content/uploads/2020/12/WSDC-Newsleter-Vol-9-1-24-2019.pdf"",""warnings"":[{""evidence"":{""code"":""newsletter_undated_listing"",""evidence"":{""page"":2,""rows"":[""SWEETHEART SWING CLASSIC On Hiatus""]}},""summary"":""Listed event has no safely parsed date; preserve hiatus or other notice for review""},{""evidence"":{""code"":""approval_notice_review"",""evidence"":{""notice"":""from page 1)                                                    Leyva, who has been managing new events,                           Events"",""page"":2}},""summary"":""Prose approval notice needs a dated event interpretation""},{""evidence"":{""code"":""newsletter_colour_unverified"",""evidence"":{""colour_recovered"":false,""fallback"":""registry"",""snapshot_id"":""snap_20260913T053010Z_478d7ddb5edd""}},""summary"":""Trial or member activity colour was not recovered; newsletter registry status uses the documented fallback""}]},{""source"":""wsdc_newsletter"",""status"":""parsed"",""target_id"":""168739e4497cfe804a117c5e"",""timestamp"":null,""url"":""http://www.worldsdc.com/wp-content/uploads/2020/12/WSDC-Newsletter-Vol-11-6-25-2019.pdf"",""warnings"":[{""evidence"":{""code"":""newsletter_undated_listing"",""evidence"":{""page"":2,""rows"":[""OLD TOWN SWING On Hiatus""]}},""summary"":""Listed event has no safely parsed date; preserve hiatus or other notice for review""},{""evidence"":{""code"":""approval_notice_review"",""evidence"":{""notice"":""• ODYSSEY WEST COAST SWING                           Please send us your questions and topics of            especially those running new events, rely heavily"",""page"":1}},""summary"":""Prose approval notice needs a dated event interpretation""}]},{""source"":""wsdc_newsletter"",""status"":""parsed"",""target_id"":""0b9f1347030560c4c5502e28"",""timestamp"":null,""url"":""http://www.worldsdc.com/wp-content/uploads/2020/12/WSDC-Newsletter-Vol-12-10-10-2019.pdf"",""warnings"":[{""evidence"":{""code"":""newsletter_undated_listing"",""evidence"":{""page"":2,""rows"":[""NEW YEAR’S DANCE EXTRAVAGANZA Dec 31, 2019, Jan 3-5, 2020""]}},""summary"":""Listed event has no safely parsed date; preserve hiatus or other notice for review""}]},{""source"":""wsdc_newsletter"",""status"":""parsed"",""target_id"":""0226ef50385bfa517c9ef79c"",""timestamp"":null,""url"":""http://www.worldsdc.com/wp-content/uploads/2020/12/WSDC-Newsletter-Vol-6-April-9-2018.pdf"",""warnings"":[{""evidence"":{""code"":""newsletter_colour_unverified"",""evidence"":{""colour_recovered"":false,""fallback"":""registry"",""snapshot_id"":""snap_20260913T035045Z_008aaf4c6933""}},""summary"":""Trial or member activity colour was not recovered; newsletter registry status uses the documented fallback""}]},{""source"":""wsdc_newsletter"",""status"":""parsed"",""target_id"":""78a33801c49176cffe273d23"",""timestamp"":null,""url"":""http://www.worldsdc.com/wp-content/uploads/2020/12/WSDC-Newsletter-Vol-7-July-1-2018.pdf"",""warnings"":[{""evidence"":{""code"":""newsletter_undated_listing"",""evidence"":{""page"":1,""rows"":[""SACRAMENTO ALL SWING On Hiatus"",""SEA SUN & SWING CAMP Hiatus""]}},""summary"":""Listed event has no safely parsed date; preserve hiatus or other notice for review""}]},{""source"":""wsdc_newsletter"",""status"":""parsed"",""target_id"":""b64c2d8f8445f615c078e0bb"",""timestamp"":null,""url"":""http://www.worldsdc.com/wp-content/uploads/2020/12/WSDC-Newsletter-Vol-8-10-17-2018.pdf"",""warnings"":[{""evidence"":{""code"":""approval_notice_review"",""evidence"":{""notice"":""scores will not be posted to our database.  We                  events and new events.  Wednesday’s focus is                       December 6-9, 2018"",""page"":2}},""summary"":""Prose approval notice needs a dated event interpretation""}]},{""source"":""wsdc_newsletter"",""status"":""parsed"",""target_id"":""50d5b572f43b42b244112e92"",""timestamp"":null,""url"":""http://www.worldsdc.com/wp-content/uploads/2021/02/WSDC-Newsleter-Vol-13-1-6-2020.pdf"",""warnings"":[{""evidence"":{""code"":""newsletter_undated_listing"",""evidence"":{""page"":2,""rows"":[""ANCHOR FESTIVAL On Hiatus""]}},""summary"":""Listed event has no safely parsed date; preserve hiatus or other notice for review""},{""evidence"":{""code"":""newsletter_colour_unverified"",""evidence"":{""colour_recovered"":false,""fallback"":""registry"",""snapshot_id"":""snap_20260913T053303Z_220a0f22f0f6""}},""summary"":""Trial or member activity colour was not recovered; newsletter registry status uses the documented fallback""}]},{""source"":""wsdc_newsletter"",""status"":""parsed"",""target_id"":""2722818d1b9f0149372dd827"",""timestamp"":null,""url"":""http://www.worldsdc.com/wp-content/uploads/2022/06/WSDC-Newsleter-Vol-22-June-2022.pdf"",""warnings"":[{""evidence"":{""code"":""newsletter_undated_listing"",""evidence"":{""page"":2,""rows"":[""Portland Dance Festival"",""Toronto Open Swing & Hustle Championships"",""Sea Sun & Swing Camp"",""Odyssey West Coast Swing"",""Riga Summer Swing""]}},""summary"":""Listed event has no safely parsed date; preserve hiatus or other notice for review""}]},{""source"":""wsdc_newsletter"",""status"":""parsed"",""target_id"":""a85d2b013a50698e8e0a5c49"",""timestamp"":null,""url"":""http://www.worldsdc.com/wp-content/uploads/2022/09/WSDC-Newsleter-Vol-23-September-2022.pdf"",""warnings"":[{""evidence"":{""code"":""approval_notice_review"",""evidence"":{""notice"":""on the calendar, so that new events are able to select locations and dates that comply with our time distance rules."",""page"":3}},""summary"":""Prose approval notice needs a dated event interpretation""},{""evidence"":{""code"":""newsletter_undated_listing"",""evidence"":{""page"":3,""rows"":[""Countdown Swing Boston Dec 29, 2022, Jan 2, 2023"",""Palm Springs New Year’s West Coast Swing and Hustle Dance Classic"",""Spotlight New Year’s Celebration"",""New Year’s Swing Fling""]}},""summary"":""Listed event has no safely parsed date; preserve hiatus or other notice for review""}]},{""source"":""wsdc_newsletter"",""status"":""parsed"",""target_id"":""33973c1ce87271a5a7076911"",""timestamp"":null,""url"":""http://www.worldsdc.com/wp-content/uploads/2023/01/WSDC-Newsleter-Vol-25-1-5-2023.pdf"",""warnings"":[{""evidence"":{""code"":""newsletter_undated_listing"",""evidence"":{""page"":2,""rows"":[""High Desert Dance Classic On Hiatus"",""Anchor Festival Canceld due to Covid"",""Boston Tea Party Canceld due to Covid""]}},""summary"":""Listed event has no safely parsed date; preserve hiatus or other notice for review""},{""evidence"":{""code"":""newsletter_colour_unverified"",""evidence"":{""colour_recovered"":false,""fallback"":""registry"",""snapshot_id"":""snap_20260913T053423Z_68c1360eb9f6""}},""summary"":""Trial or member activity colour was not recovered; newsletter registry status uses the documented fallback""}]},{""source"":""wsdc_newsletter"",""status"":""parsed"",""target_id"":""41a01dbd519400746ec38193"",""timestamp"":null,""url"":""http://www.worldsdc.com/wp-content/uploads/2024/01/WSDC-Newsletter-Vol-29-1-5-2024-3.0.pdf"",""warnings"":[{""evidence"":{""code"":""approval_notice_review"",""evidence"":{""page"":3}},""summary"":""Newsletter page has no safely dated event rows; review its sidebar and approval notices""},{""evidence"":{""code"":""approval_notice_review"",""evidence"":{""notice"":""We want to see your spot on the calendar, so that new events are able to select locations and dates that                          ideal environment to promote"",""page"":3}},""summary"":""Prose approval notice needs a dated event interpretation""},{""evidence"":{""code"":""newsletter_undated_listing"",""evidence"":{""page"":2,""rows"":[""Anchor Festival On Hiatus""]}},""summary"":""Listed event has no safely parsed date; preserve hiatus or other notice for review""}]},{""source"":""wsdc_newsletter"",""status"":""parsed"",""target_id"":""b961cd353369476360a0b7d9"",""timestamp"":null,""url"":""http://www.worldsdc.com/wp-content/uploads/2024/05/WSDC-Newsletter-Vol-30-05-21-2024-5.0.pdf"",""warnings"":[{""evidence"":{""code"":""newsletter_colour_unverified"",""evidence"":{""colour_recovered"":false,""fallback"":""registry"",""snapshot_id"":""snap_20260913T053443Z_bf5de4bbd205""}},""summary"":""Trial or member activity colour was not recovered; newsletter registry status uses the documented fallback""},{""evidence"":{""code"":""approval_notice_review"",""evidence"":{""notice"":""• Hungarian open                         We would like to welcome the following new Registry Events that have been approved in 2024:"",""page"":1}},""summary"":""Prose approval notice needs a dated event interpretation""},{""evidence"":{""code"":""newsletter_undated_listing"",""evidence"":{""page"":3,""rows"":[""Ukrainian Open Canceled due to war""]}},""summary"":""Listed event has no safely parsed date; preserve hiatus or other notice for review""}]},{""source"":""wsdc_newsletter"",""status"":""parsed"",""target_id"":""f0d02027903ab0803154542c"",""timestamp"":null,""url"":""https://www.worldsdc.com/wp-content/uploads/2023/05/WSDC-Newsletter-Vol-26-05-16-2023-1.pdf"",""warnings"":[{""evidence"":{""code"":""newsletter_undated_listing"",""evidence"":{""page"":2,""rows"":[""Michigan classic On Hiatus"",""Dance N Play On Hiatus""]}},""summary"":""Listed event has no safely parsed date; preserve hiatus or other notice for review""},{""evidence"":{""code"":""newsletter_colour_unverified"",""evidence"":{""colour_recovered"":false,""fallback"":""registry"",""snapshot_id"":""snap_20260913T053450Z_ce3c79f4aa99""}},""summary"":""Trial or member activity colour was not recovered; newsletter registry status uses the documented fallback""}]},{""source"":""wsdc_newsletter"",""status"":""parsed"",""target_id"":""bcf0cbe3c6fa734ee64625e0"",""timestamp"":null,""url"":""https://www.worldsdc.com/wp-content/uploads/2023/09/WSDC-Newsletter-Vol-27-9-11-2023.pdf"",""warnings"":[{""evidence"":{""code"":""newsletter_undated_listing"",""evidence"":{""page"":1,""rows"":[""Norway Westie Fest On Hiatus"",""Austin Rocks On Hiatus"",""Philly Swing Classic On Hiatus"",""European Swing Challenge On Hiatus""]}},""summary"":""Listed event has no safely parsed date; preserve hiatus or other notice for review""},{""evidence"":{""code"":""approval_notice_review"",""evidence"":{""notice"":""September 7 - 10, 2023                        We would like to welcome the following new Registry Events that have been approved in 2023:"",""page"":1}},""summary"":""Prose approval notice needs a dated event interpretation""}]},{""source"":""wsdc_calendar"",""status"":""finding"",""target_id"":""4524f01e997c4e2f34e9ad8b"",""timestamp"":""20160710033710"",""url"":""http://www.worldsdc.com:80/events-map/"",""warnings"":[{""evidence"":{""snapshot_id"":""snap_20260913T051034Z_c954a81d470a""},""summary"":""captured map marker lacks a name or printed date""}]},{""source"":""wsdc_calendar"",""status"":""parsed"",""target_id"":""ff3953a1ccb4da3e936fdabc"",""timestamp"":""20160909052448"",""url"":""http://www.worldsdc.com:80/event-calendar/"",""warnings"":[{""evidence"":{""code"":""unrecognized_listing_date"",""evidence"":{""classes"":[],""country_code"":null,""date"":""2017-01-26 - 1201-01-30"",""event_type"":""Registry Event"",""location"":"""",""name"":""Derby City Swing"",""website"":""http://www.DerbyCitySwing.com""}},""summary"":""unknown calendar date: '2017-01-26 - 1201-01-30'""}]},{""source"":""wsdc_calendar"",""status"":""finding"",""target_id"":""1e7c58035500bacb34f94ee2"",""timestamp"":""20160909104400"",""url"":""http://www.worldsdc.com:80/events-map/"",""warnings"":[{""evidence"":{""snapshot_id"":""snap_20260913T051124Z_69886cf0bd03""},""summary"":""captured map marker lacks a name or printed date""}]},{""source"":""wsdc_calendar"",""status"":""parsed"",""target_id"":""45e7d60cf892aa442bc764ee"",""timestamp"":""20161109222349"",""url"":""http://www.worldsdc.com:80/event-calendar/"",""warnings"":[{""evidence"":{""code"":""unrecognized_listing_date"",""evidence"":{""classes"":[],""country_code"":null,""date"":""2017-08-09 - 2016-08-02"",""event_type"":""Registry Event"",""location"":"""",""name"":""Sea Sun & Swing Camp"",""website"":""http://www.seasunswing.net/""}},""summary"":""unknown calendar date: '2017-08-09 - 2016-08-02'""}]},{""source"":""wsdc_calendar"",""status"":""finding"",""target_id"":""a2bc46c2c8df036f4f4893ce"",""timestamp"":""20161110035618"",""url"":""http://www.worldsdc.com:80/events-map/"",""warnings"":[{""evidence"":{""snapshot_id"":""snap_20260913T051154Z_e4edbdd2484e""},""summary"":""captured map marker lacks a name or printed date""}]},{""source"":""wsdc_calendar"",""status"":""finding"",""target_id"":""35f6bfc5b865f014caed252f"",""timestamp"":""20161212121213"",""url"":""http://www.worldsdc.com:80/events-map/?"",""warnings"":[{""evidence"":{""snapshot_id"":""snap_20260913T051213Z_81a2aa57dba1""},""summary"":""captured map marker lacks a name or printed date""}]},{""source"":""wsdc_calendar"",""status"":""parsed"",""target_id"":""63fc2e9fab71011f49928da1"",""timestamp"":""20190310202901"",""url"":""https://www.worldsdc.com/event-calendar/"",""warnings"":[{""evidence"":{""code"":""unrecognized_listing_date"",""evidence"":{""classes"":[],""country_code"":null,""date"":""2017-10-27 - 2017-10-02"",""event_type"":"""",""location"":"""",""name"":""Atlanta Swing Classic"",""website"":""""}},""summary"":""unknown calendar date: '2017-10-27 - 2017-10-02'""}]},{""source"":""wsdc_calendar"",""status"":""parsed"",""target_id"":""45af6af9a8be9960552c707c"",""timestamp"":""20190723190818"",""url"":""https://www.worldsdc.com/event-calendar/"",""warnings"":[{""evidence"":{""code"":""unrecognized_listing_date"",""evidence"":{""classes"":[],""country_code"":null,""date"":""2017-10-27 - 2017-10-02"",""event_type"":"""",""location"":"""",""name"":""Atlanta Swing Classic"",""website"":""""}},""summary"":""unknown calendar date: '2017-10-27 - 2017-10-02'""},{""evidence"":{""code"":""unrecognized_listing_date"",""evidence"":{""classes"":[],""country_code"":null,""date"":""2020-02-13 - 2020-02-10"",""event_type"":""Registry Event"",""location"":"""",""name"":""Capital Swing Presidents' Day Convention"",""website"":""http://www.capitalswingconvention.com""}},""summary"":""unknown calendar date: '2020-02-13 - 2020-02-10'""}]},{""source"":""wsdc_calendar"",""status"":""parsed"",""target_id"":""ff51b642e9a4b4954b6e59f5"",""timestamp"":""20190803171837"",""url"":""https://www.worldsdc.com/event-calendar/"",""warnings"":[{""evidence"":{""code"":""unrecognized_listing_date"",""evidence"":{""classes"":[],""country_code"":null,""date"":""2017-10-27 - 2017-10-02"",""event_type"":"""",""location"":"""",""name"":""Atlanta Swing Classic"",""website"":""""}},""summary"":""unknown calendar date: '2017-10-27 - 2017-10-02'""},{""evidence"":{""code"":""unrecognized_listing_date"",""evidence"":{""classes"":[],""country_code"":null,""date"":""2020-02-13 - 2020-02-10"",""event_type"":""Registry Event"",""location"":"""",""name"":""Capital Swing Presidents' Day Convention"",""website"":""http://www.capitalswingconvention.com""}},""summary"":""unknown calendar date: '2020-02-13 - 2020-02-10'""}]},{""source"":""wsdc_calendar"",""status"":""parsed"",""target_id"":""f19398f1d6ae2da489cbca06"",""timestamp"":""20190920150618"",""url"":""https://www.worldsdc.com/event-calendar/"",""warnings"":[{""evidence"":{""code"":""unrecognized_listing_date"",""evidence"":{""classes"":[],""country_code"":null,""date"":""2020-02-13 - 2020-02-10"",""event_type"":""Registry Event"",""location"":"""",""name"":""Capital Swing Presidents' Day Convention"",""website"":""http://www.capitalswingconvention.com""}},""summary"":""unknown calendar date: '2020-02-13 - 2020-02-10'""},{""evidence"":{""code"":""unrecognized_listing_date"",""evidence"":{""classes"":[],""country_code"":null,""date"":""2017-10-27 - 2017-10-02"",""event_type"":"""",""location"":"""",""name"":""Atlanta Swing Classic"",""website"":""""}},""summary"":""unknown calendar date: '2017-10-27 - 2017-10-02'""}]},{""source"":""wsdc_calendar"",""status"":""parsed"",""target_id"":""6ce7ce1a4672bb04f9e6f54a"",""timestamp"":""20191018054453"",""url"":""https://www.worldsdc.com/event-calendar/"",""warnings"":[{""evidence"":{""code"":""unrecognized_listing_date"",""evidence"":{""classes"":[],""country_code"":null,""date"":""2020-02-13 - 2020-02-10"",""event_type"":""Registry Event"",""location"":"""",""name"":""Capital Swing Presidents' Day Convention"",""website"":""http://www.capitalswingconvention.com""}},""summary"":""unknown calendar date: '2020-02-13 - 2020-02-10'""},{""evidence"":{""code"":""unrecognized_listing_date"",""evidence"":{""classes"":[],""country_code"":null,""date"":""2017-10-27 - 2017-10-02"",""event_type"":"""",""location"":"""",""name"":""Atlanta Swing Classic"",""website"":""""}},""summary"":""unknown calendar date: '2017-10-27 - 2017-10-02'""}]},{""source"":""wsdc_calendar"",""status"":""parsed"",""target_id"":""1b3c6c6919989e1fb2654ece"",""timestamp"":""20191106155651"",""url"":""https://www.worldsdc.com/event-calendar/"",""warnings"":[{""evidence"":{""code"":""unrecognized_listing_date"",""evidence"":{""classes"":[],""country_code"":null,""date"":""2017-10-27 - 2017-10-02"",""event_type"":"""",""location"":"""",""name"":""Atlanta Swing Classic"",""website"":""""}},""summary"":""unknown calendar date: '2017-10-27 - 2017-10-02'""},{""evidence"":{""code"":""unrecognized_listing_date"",""evidence"":{""classes"":[],""country_code"":null,""date"":""2020-02-13 - 2020-02-10"",""event_type"":""Registry Event"",""location"":"""",""name"":""Capital Swing Presidents' Day Convention"",""website"":""http://www.capitalswingconvention.com""}},""summary"":""unknown calendar date: '2020-02-13 - 2020-02-10'""}]},{""source"":""wsdc_calendar"",""status"":""parsed"",""target_id"":""0c1a65f8427b8be5c9cf8c7c"",""timestamp"":""20191212192203"",""url"":""https://www.worldsdc.com/event-calendar/"",""warnings"":[{""evidence"":{""code"":""unrecognized_listing_date"",""evidence"":{""classes"":[],""country_code"":null,""date"":""2017-10-27 - 2017-10-02"",""event_type"":"""",""location"":"""",""name"":""Atlanta Swing Classic"",""website"":""""}},""summary"":""unknown calendar date: '2017-10-27 - 2017-10-02'""}]},{""source"":""wsdc_calendar"",""status"":""parsed"",""target_id"":""a1552033d5ab342fc7915696"",""timestamp"":""20210920204412"",""url"":""https://www.worldsdc.com/event-calendar/"",""warnings"":[{""evidence"":{""code"":""unrecognized_listing_date"",""evidence"":{""classes"":[],""country_code"":null,""date"":""2021-10-15 - 2020-10-21"",""event_type"":""Registry Event"",""location"":"""",""name"":""European Swing Challenge (Cancelled due to Covid-19)"",""website"":""http://www.jiveaddiction.com""}},""summary"":""unknown calendar date: '2021-10-15 - 2020-10-21'""}]},{""source"":""wsdc_calendar"",""status"":""parsed"",""target_id"":""7b80fe7a9bb1bba64608cee6"",""timestamp"":""20211207001407"",""url"":""https://www.worldsdc.com/event-calendar/"",""warnings"":[{""evidence"":{""code"":""unrecognized_listing_date"",""evidence"":{""classes"":[],""country_code"":null,""date"":""2021-10-15 - 2020-10-21"",""event_type"":""Registry Event"",""location"":"""",""name"":""European Swing Challenge (Cancelled due to Covid-19)"",""website"":""http://www.jiveaddiction.com""}},""summary"":""unknown calendar date: '2021-10-15 - 2020-10-21'""}]},{""source"":""wsdc_calendar"",""status"":""parsed"",""target_id"":""60d215c8c0b614f4183762c9"",""timestamp"":""20220118200123"",""url"":""https://www.worldsdc.com/event-calendar/"",""warnings"":[{""evidence"":{""code"":""unrecognized_listing_date"",""evidence"":{""classes"":[],""country_code"":null,""date"":""2021-10-15 - 2020-10-21"",""event_type"":""Registry Event"",""location"":"""",""name"":""European Swing Challenge (Cancelled due to Covid-19)"",""website"":""http://www.jiveaddiction.com""}},""summary"":""unknown calendar date: '2021-10-15 - 2020-10-21'""}]},{""source"":""wsdc_calendar"",""status"":""parsed"",""target_id"":""31073eb64db45b0b3bc14037"",""timestamp"":""20220327070320"",""url"":""https://www.worldsdc.com/event-calendar/"",""warnings"":[{""evidence"":{""code"":""unrecognized_listing_date"",""evidence"":{""classes"":[],""country_code"":null,""date"":""2021-10-15 - 2020-10-21"",""event_type"":""Registry Event"",""location"":"""",""name"":""European Swing Challenge (Cancelled due to Covid-19)"",""website"":""http://www.jiveaddiction.com""}},""summary"":""unknown calendar date: '2021-10-15 - 2020-10-21'""}]},{""source"":""wsdc_calendar"",""status"":""parsed"",""target_id"":""a62ed37377f66f873478b99f"",""timestamp"":""20220516154440"",""url"":""https://www.worldsdc.com/event-calendar/"",""warnings"":[{""evidence"":{""code"":""unrecognized_listing_date"",""evidence"":{""classes"":[],""country_code"":null,""date"":""2021-10-15 - 2020-10-21"",""event_type"":""Registry Event"",""location"":"""",""name"":""European Swing Challenge (Cancelled due to Covid-19)"",""website"":""http://www.jiveaddiction.com""}},""summary"":""unknown calendar date: '2021-10-15 - 2020-10-21'""},{""evidence"":{""code"":""unrecognized_listing_date"",""evidence"":{""classes"":[],""country_code"":null,""date"":""2023-03-02 - 2022-03-08"",""event_type"":""Registry Event"",""location"":"""",""name"":""MADjam (Mid Atlantic Dance Jam)"",""website"":""http://www.atlanticdancejam.com""}},""summary"":""unknown calendar date: '2023-03-02 - 2022-03-08'""},{""evidence"":{""code"":""unrecognized_listing_date"",""evidence"":{""classes"":[],""country_code"":null,""date"":""2023-04-14 - 2022-04-17"",""event_type"":""Registry Event"",""location"":"""",""name"":""WESTY NANTES"",""website"":""https://www.westynantes.com/""}},""summary"":""unknown calendar date: '2023-04-14 - 2022-04-17'""}]},{""source"":""wsdc_calendar"",""status"":""parsed"",""target_id"":""772e82ab89c8201dae8a26f6"",""timestamp"":""20220927051335"",""url"":""https://www.worldsdc.com/event-calendar/"",""warnings"":[{""evidence"":{""code"":""unrecognized_listing_date"",""evidence"":{""classes"":[],""country_code"":null,""date"":""2023-04-14 - 2022-04-17"",""event_type"":""Registry Event"",""location"":"""",""name"":""WESTY NANTES"",""website"":""https://www.westynantes.com/""}},""summary"":""unknown calendar date: '2023-04-14 - 2022-04-17'""},{""evidence"":{""code"":""unrecognized_listing_date"",""evidence"":{""classes"":[],""country_code"":null,""date"":""2021-10-15 - 2020-10-21"",""event_type"":""Registry Event"",""location"":"""",""name"":""European Swing Challenge (Cancelled due to Covid-19)"",""website"":""http://www.jiveaddiction.com""}},""summary"":""unknown calendar date: '2021-10-15 - 2020-10-21'""},{""evidence"":{""code"":""unrecognized_listing_date"",""evidence"":{""classes"":[],""country_code"":null,""date"":""2023-03-02 - 2022-03-08"",""event_type"":""Registry Event"",""location"":"""",""name"":""MADjam (Mid Atlantic Dance Jam)"",""website"":""http://www.atlanticdancejam.com""}},""summary"":""unknown calendar date: '2023-03-02 - 2022-03-08'""}]},{""source"":""wsdc_calendar"",""status"":""pending"",""target_id"":""a9a1981e91474f1967356d61"",""timestamp"":""20250226151724"",""url"":""https://www.worldsdc.com/events/"",""warnings"":[]},{""source"":""wsdc_calendar"",""status"":""pending"",""target_id"":""ea4e68c086533dd6581c3015"",""timestamp"":""20250423104016"",""url"":""https://www.worldsdc.com/print-event-list/"",""warnings"":[]},{""source"":""wsdc_calendar"",""status"":""pending"",""target_id"":""24eaae0d5fea3221affb5a0a"",""timestamp"":""20250512152735"",""url"":""https://www.worldsdc.com/events/"",""warnings"":[]},{""source"":""wsdc_calendar"",""status"":""pending"",""target_id"":""828e41e7f8f4bfd34d171092"",""timestamp"":""20250814164915"",""url"":""https://www.worldsdc.com/print-event-list/"",""warnings"":[]},{""source"":""wsdc_calendar"",""status"":""pending"",""target_id"":""3c5a6116618208e4556dd9e7"",""timestamp"":""20251006110156"",""url"":""https://www.worldsdc.com/events/"",""warnings"":[]},{""source"":""wsdc_calendar"",""status"":""pending"",""target_id"":""e7dcb140bcbd077c67c0d425"",""timestamp"":""20251115173727"",""url"":""https://www.worldsdc.com/print-event-list/"",""warnings"":[]},{""source"":""wsdc_calendar"",""status"":""pending"",""target_id"":""f140e9fd5864d1c777006540"",""timestamp"":""20251219091106"",""url"":""https://www.worldsdc.com/events/"",""warnings"":[]},{""source"":""wsdc_calendar"",""status"":""pending"",""target_id"":""763f8950892b9e719910fcd3"",""timestamp"":""20251219113055"",""url"":""https://www.worldsdc.com/events/"",""warnings"":[]},{""source"":""wsdc_calendar"",""status"":""pending"",""target_id"":""f0dcc51ff963f79c44d90734"",""timestamp"":""20260107152659"",""url"":""https://www.worldsdc.com/events/"",""warnings"":[]},{""source"":""wsdc_calendar"",""status"":""pending"",""target_id"":""fa9d6701e2418b435644b296"",""timestamp"":""20260110202716"",""url"":""https://www.worldsdc.com/events/"",""warnings"":[]},{""source"":""wsdc_calendar"",""status"":""pending"",""target_id"":""9fad90785a2f773113d0c84d"",""timestamp"":""20260120214828"",""url"":""https://www.worldsdc.com/events/"",""warnings"":[]},{""source"":""wsdc_calendar"",""status"":""pending"",""target_id"":""032270847f79d7aebca98f65"",""timestamp"":""20260211205531"",""url"":""https://www.worldsdc.com/print-event-list/"",""warnings"":[]},{""source"":""wsdc_calendar"",""status"":""pending"",""target_id"":""edb1d1478b3fe19a626a30d7"",""timestamp"":""20260308093633"",""url"":""https://www.worldsdc.com/events/"",""warnings"":[]},{""source"":""wsdc_calendar"",""status"":""pending"",""target_id"":""017e59a25155c25983b14000"",""timestamp"":""20260513152740"",""url"":""https://www.worldsdc.com/print-event-list/"",""warnings"":[]},{""source"":""wsdc_calendar"",""status"":""pending"",""target_id"":""2b8b7d5b424f394e25c2b7bb"",""timestamp"":""20260513162349"",""url"":""https://www.worldsdc.com/events/"",""warnings"":[]},{""source"":""wsdc_calendar"",""status"":""pending"",""target_id"":""9592958a3cd694d86e677fc5"",""timestamp"":""20260521133133"",""url"":""https://www.worldsdc.com/events/"",""warnings"":[]},{""source"":""wsdc_calendar"",""status"":""pending"",""target_id"":""2dd8b6dc4d2d264495a33f0f"",""timestamp"":""20260813102731"",""url"":""https://worldsdc.com/events/"",""warnings"":[]}],""year"":2018}",phase1_incomplete,2018,phase1_year,,2018,history_year,,"Event-list catalog has pending captures, unresolved parse findings, or missing discovery"
"{""gaps"":[{""source"":""wsdc_newsletter"",""status"":""parsed"",""target_id"":""20080cca8335d832e9581711"",""timestamp"":null,""url"":""http://www.worldsdc.com/wp-content/uploads/2017/12/161202-WSDC-Newsletter-Vol-1-4.pdf"",""warnings"":[{""evidence"":{""code"":""newsletter_undated_listing"",""evidence"":{""page"":2,""rows"":[""HOLY LAND OPEN On Hiatus""]}},""summary"":""Listed event has no safely parsed date; preserve hiatus or other notice for review""}]},{""source"":""wsdc_newsletter"",""status"":""parsed"",""target_id"":""e993372b27c920b7bf25238f"",""timestamp"":null,""url"":""http://www.worldsdc.com/wp-content/uploads/2017/12/170705-WSDC-Newsletter-Vol-3-7-5-2017.pdf"",""warnings"":[{""evidence"":{""code"":""newsletter_undated_listing"",""evidence"":{""page"":2,""rows"":[""SUNNY SIDE DANCE CAMP On Hiatus""]}},""summary"":""Listed event has no safely parsed date; preserve hiatus or other notice for review""}]},{""source"":""wsdc_newsletter"",""status"":""parsed"",""target_id"":""e34b2344655e659de5b60d89"",""timestamp"":null,""url"":""http://www.worldsdc.com/wp-content/uploads/2017/12/171229-WSDC-Newsleter-Vol-5-12-29-2017.pdf"",""warnings"":[{""evidence"":{""code"":""newsletter_undated_listing"",""evidence"":{""page"":2,""rows"":[""AUSTRALIAN WEST COAST SWING AND ZOUK On Hiatus""]}},""summary"":""Listed event has no safely parsed date; preserve hiatus or other notice for review""}]},{""source"":""wsdc_newsletter"",""status"":""parsed"",""target_id"":""0e8afed4a25aa5c6fd5f2741"",""timestamp"":null,""url"":""http://www.worldsdc.com/wp-content/uploads/2020/12/170330-WSDC-Newsletter-Vol-2-3.pdf"",""warnings"":[{""evidence"":{""code"":""newsletter_undated_listing"",""evidence"":{""page"":2,""rows"":[""SLINGSHOT SWING On Hiatus"",""CMJ NSW WEST COAST SWING DANCE CHAMPIONSHIPS On Hiatus""]}},""summary"":""Listed event has no safely parsed date; preserve hiatus or other notice for review""},{""evidence"":{""code"":""approval_notice_review"",""evidence"":{""notice"":""Apr 13 – 16, 2017                      quarter of 2017 new registry events included:                  We currently have 154 Registry Events, 84 in"",""page"":1}},""summary"":""Prose approval notice needs a dated event interpretation""}]},{""source"":""wsdc_newsletter"",""status"":""parsed"",""target_id"":""c2b50fd841877f25729aeb0c"",""timestamp"":null,""url"":""http://www.worldsdc.com/wp-content/uploads/2020/12/171005-WSDC-Newsletter-Vol-4-10-5-2017.pdf"",""warnings"":[{""evidence"":{""code"":""newsletter_undated_listing"",""evidence"":{""page"":1,""rows"":[""SWUSTLICIOUS October 19-22, 201717""]}},""summary"":""Listed event has no safely parsed date; preserve hiatus or other notice for review""}]},{""source"":""wsdc_newsletter"",""status"":""parsed"",""target_id"":""c16974cf6a719bb6f6e3c9da"",""timestamp"":null,""url"":""http://www.worldsdc.com/wp-content/uploads/2020/12/WSDC-Newsleter-Vol-10-04-12-2019.pdf"",""warnings"":[{""evidence"":{""code"":""newsletter_undated_listing"",""evidence"":{""page"":2,""rows"":[""HUNGARIAN OPEN May 24 – 26, 20189""]}},""summary"":""Listed event has no safely parsed date; preserve hiatus or other notice for review""},{""evidence"":{""code"":""newsletter_colour_unverified"",""evidence"":{""colour_recovered"":false,""fallback"":""registry"",""snapshot_id"":""snap_20260913T053000Z_11d8e6dbdaab""}},""summary"":""Trial or member activity colour was not recovered; newsletter registry status uses the documented fallback""}]},{""source"":""wsdc_newsletter"",""status"":""parsed"",""target_id"":""9674911cc8f2d2803682db49"",""timestamp"":null,""url"":""http://www.worldsdc.com/wp-content/uploads/2020/12/WSDC-Newsleter-Vol-9-1-24-2019.pdf"",""warnings"":[{""evidence"":{""code"":""newsletter_undated_listing"",""evidence"":{""page"":2,""rows"":[""SWEETHEART SWING CLASSIC On Hiatus""]}},""summary"":""Listed event has no safely parsed date; preserve hiatus or other notice for review""},{""evidence"":{""code"":""approval_notice_review"",""evidence"":{""notice"":""from page 1)                                                    Leyva, who has been managing new events,                           Events"",""page"":2}},""summary"":""Prose approval notice needs a dated event interpretation""},{""evidence"":{""code"":""newsletter_colour_unverified"",""evidence"":{""colour_recovered"":false,""fallback"":""registry"",""snapshot_id"":""snap_20260913T053010Z_478d7ddb5edd""}},""summary"":""Trial or member activity colour was not recovered; newsletter registry status uses the documented fallback""}]},{""source"":""wsdc_newsletter"",""status"":""parsed"",""target_id"":""168739e4497cfe804a117c5e"",""timestamp"":null,""url"":""http://www.worldsdc.com/wp-content/uploads/2020/12/WSDC-Newsletter-Vol-11-6-25-2019.pdf"",""warnings"":[{""evidence"":{""code"":""newsletter_undated_listing"",""evidence"":{""page"":2,""rows"":[""OLD TOWN SWING On Hiatus""]}},""summary"":""Listed event has no safely parsed date; preserve hiatus or other notice for review""},{""evidence"":{""code"":""approval_notice_review"",""evidence"":{""notice"":""• ODYSSEY WEST COAST SWING                           Please send us your questions and topics of            especially those running new events, rely heavily"",""page"":1}},""summary"":""Prose approval notice needs a dated event interpretation""}]},{""source"":""wsdc_newsletter"",""status"":""parsed"",""target_id"":""0b9f1347030560c4c5502e28"",""timestamp"":null,""url"":""http://www.worldsdc.com/wp-content/uploads/2020/12/WSDC-Newsletter-Vol-12-10-10-2019.pdf"",""warnings"":[{""evidence"":{""code"":""newsletter_undated_listing"",""evidence"":{""page"":2,""rows"":[""NEW YEAR’S DANCE EXTRAVAGANZA Dec 31, 2019, Jan 3-5, 2020""]}},""summary"":""Listed event has no safely parsed date; preserve hiatus or other notice for review""}]},{""source"":""wsdc_newsletter"",""status"":""parsed"",""target_id"":""0226ef50385bfa517c9ef79c"",""timestamp"":null,""url"":""http://www.worldsdc.com/wp-content/uploads/2020/12/WSDC-Newsletter-Vol-6-April-9-2018.pdf"",""warnings"":[{""evidence"":{""code"":""newsletter_colour_unverified"",""evidence"":{""colour_recovered"":false,""fallback"":""registry"",""snapshot_id"":""snap_20260913T035045Z_008aaf4c6933""}},""summary"":""Trial or member activity colour was not recovered; newsletter registry status uses the documented fallback""}]},{""source"":""wsdc_newsletter"",""status"":""parsed"",""target_id"":""78a33801c49176cffe273d23"",""timestamp"":null,""url"":""http://www.worldsdc.com/wp-content/uploads/2020/12/WSDC-Newsletter-Vol-7-July-1-2018.pdf"",""warnings"":[{""evidence"":{""code"":""newsletter_undated_listing"",""evidence"":{""page"":1,""rows"":[""SACRAMENTO ALL SWING On Hiatus"",""SEA SUN & SWING CAMP Hiatus""]}},""summary"":""Listed event has no safely parsed date; preserve hiatus or other notice for review""}]},{""source"":""wsdc_newsletter"",""status"":""parsed"",""target_id"":""b64c2d8f8445f615c078e0bb"",""timestamp"":null,""url"":""http://www.worldsdc.com/wp-content/uploads/2020/12/WSDC-Newsletter-Vol-8-10-17-2018.pdf"",""warnings"":[{""evidence"":{""code"":""approval_notice_review"",""evidence"":{""notice"":""scores will not be posted to our database.  We                  events and new events.  Wednesday’s focus is                       December 6-9, 2018"",""page"":2}},""summary"":""Prose approval notice needs a dated event interpretation""}]},{""source"":""wsdc_newsletter"",""status"":""parsed"",""target_id"":""50d5b572f43b42b244112e92"",""timestamp"":null,""url"":""http://www.worldsdc.com/wp-content/uploads/2021/02/WSDC-Newsleter-Vol-13-1-6-2020.pdf"",""warnings"":[{""evidence"":{""code"":""newsletter_undated_listing"",""evidence"":{""page"":2,""rows"":[""ANCHOR FESTIVAL On Hiatus""]}},""summary"":""Listed event has no safely parsed date; preserve hiatus or other notice for review""},{""evidence"":{""code"":""newsletter_colour_unverified"",""evidence"":{""colour_recovered"":false,""fallback"":""registry"",""snapshot_id"":""snap_20260913T053303Z_220a0f22f0f6""}},""summary"":""Trial or member activity colour was not recovered; newsletter registry status uses the documented fallback""}]},{""source"":""wsdc_newsletter"",""status"":""parsed"",""target_id"":""2722818d1b9f0149372dd827"",""timestamp"":null,""url"":""http://www.worldsdc.com/wp-content/uploads/2022/06/WSDC-Newsleter-Vol-22-June-2022.pdf"",""warnings"":[{""evidence"":{""code"":""newsletter_undated_listing"",""evidence"":{""page"":2,""rows"":[""Portland Dance Festival"",""Toronto Open Swing & Hustle Championships"",""Sea Sun & Swing Camp"",""Odyssey West Coast Swing"",""Riga Summer Swing""]}},""summary"":""Listed event has no safely parsed date; preserve hiatus or other notice for review""}]},{""source"":""wsdc_newsletter"",""status"":""parsed"",""target_id"":""a85d2b013a50698e8e0a5c49"",""timestamp"":null,""url"":""http://www.worldsdc.com/wp-content/uploads/2022/09/WSDC-Newsleter-Vol-23-September-2022.pdf"",""warnings"":[{""evidence"":{""code"":""approval_notice_review"",""evidence"":{""notice"":""on the calendar, so that new events are able to select locations and dates that comply with our time distance rules."",""page"":3}},""summary"":""Prose approval notice needs a dated event interpretation""},{""evidence"":{""code"":""newsletter_undated_listing"",""evidence"":{""page"":3,""rows"":[""Countdown Swing Boston Dec 29, 2022, Jan 2, 2023"",""Palm Springs New Year’s West Coast Swing and Hustle Dance Classic"",""Spotlight New Year’s Celebration"",""New Year’s Swing Fling""]}},""summary"":""Listed event has no safely parsed date; preserve hiatus or other notice for review""}]},{""source"":""wsdc_newsletter"",""status"":""parsed"",""target_id"":""33973c1ce87271a5a7076911"",""timestamp"":null,""url"":""http://www.worldsdc.com/wp-content/uploads/2023/01/WSDC-Newsleter-Vol-25-1-5-2023.pdf"",""warnings"":[{""evidence"":{""code"":""newsletter_undated_listing"",""evidence"":{""page"":2,""rows"":[""High Desert Dance Classic On Hiatus"",""Anchor Festival Canceld due to Covid"",""Boston Tea Party Canceld due to Covid""]}},""summary"":""Listed event has no safely parsed date; preserve hiatus or other notice for review""},{""evidence"":{""code"":""newsletter_colour_unverified"",""evidence"":{""colour_recovered"":false,""fallback"":""registry"",""snapshot_id"":""snap_20260913T053423Z_68c1360eb9f6""}},""summary"":""Trial or member activity colour was not recovered; newsletter registry status uses the documented fallback""}]},{""source"":""wsdc_newsletter"",""status"":""parsed"",""target_id"":""41a01dbd519400746ec38193"",""timestamp"":null,""url"":""http://www.worldsdc.com/wp-content/uploads/2024/01/WSDC-Newsletter-Vol-29-1-5-2024-3.0.pdf"",""warnings"":[{""evidence"":{""code"":""approval_notice_review"",""evidence"":{""page"":3}},""summary"":""Newsletter page has no safely dated event rows; review its sidebar and approval notices""},{""evidence"":{""code"":""approval_notice_review"",""evidence"":{""notice"":""We want to see your spot on the calendar, so that new events are able to select locations and dates that                          ideal environment to promote"",""page"":3}},""summary"":""Prose approval notice needs a dated event interpretation""},{""evidence"":{""code"":""newsletter_undated_listing"",""evidence"":{""page"":2,""rows"":[""Anchor Festival On Hiatus""]}},""summary"":""Listed event has no safely parsed date; preserve hiatus or other notice for review""}]},{""source"":""wsdc_newsletter"",""status"":""parsed"",""target_id"":""b961cd353369476360a0b7d9"",""timestamp"":null,""url"":""http://www.worldsdc.com/wp-content/uploads/2024/05/WSDC-Newsletter-Vol-30-05-21-2024-5.0.pdf"",""warnings"":[{""evidence"":{""code"":""newsletter_colour_unverified"",""evidence"":{""colour_recovered"":false,""fallback"":""registry"",""snapshot_id"":""snap_20260913T053443Z_bf5de4bbd205""}},""summary"":""Trial or member activity colour was not recovered; newsletter registry status uses the documented fallback""},{""evidence"":{""code"":""approval_notice_review"",""evidence"":{""notice"":""• Hungarian open                         We would like to welcome the following new Registry Events that have been approved in 2024:"",""page"":1}},""summary"":""Prose approval notice needs a dated event interpretation""},{""evidence"":{""code"":""newsletter_undated_listing"",""evidence"":{""page"":3,""rows"":[""Ukrainian Open Canceled due to war""]}},""summary"":""Listed event has no safely parsed date; preserve hiatus or other notice for review""}]},{""source"":""wsdc_newsletter"",""status"":""parsed"",""target_id"":""f0d02027903ab0803154542c"",""timestamp"":null,""url"":""https://www.worldsdc.com/wp-content/uploads/2023/05/WSDC-Newsletter-Vol-26-05-16-2023-1.pdf"",""warnings"":[{""evidence"":{""code"":""newsletter_undated_listing"",""evidence"":{""page"":2,""rows"":[""Michigan classic On Hiatus"",""Dance N Play On Hiatus""]}},""summary"":""Listed event has no safely parsed date; preserve hiatus or other notice for review""},{""evidence"":{""code"":""newsletter_colour_unverified"",""evidence"":{""colour_recovered"":false,""fallback"":""registry"",""snapshot_id"":""snap_20260913T053450Z_ce3c79f4aa99""}},""summary"":""Trial or member activity colour was not recovered; newsletter registry status uses the documented fallback""}]},{""source"":""wsdc_newsletter"",""status"":""parsed"",""target_id"":""bcf0cbe3c6fa734ee64625e0"",""timestamp"":null,""url"":""https://www.worldsdc.com/wp-content/uploads/2023/09/WSDC-Newsletter-Vol-27-9-11-2023.pdf"",""warnings"":[{""evidence"":{""code"":""newsletter_undated_listing"",""evidence"":{""page"":1,""rows"":[""Norway Westie Fest On Hiatus"",""Austin Rocks On Hiatus"",""Philly Swing Classic On Hiatus"",""European Swing Challenge On Hiatus""]}},""summary"":""Listed event has no safely parsed date; preserve hiatus or other notice for review""},{""evidence"":{""code"":""approval_notice_review"",""evidence"":{""notice"":""September 7 - 10, 2023                        We would like to welcome the following new Registry Events that have been approved in 2023:"",""page"":1}},""summary"":""Prose approval notice needs a dated event interpretation""}]},{""source"":""wsdc_calendar"",""status"":""finding"",""target_id"":""4524f01e997c4e2f34e9ad8b"",""timestamp"":""20160710033710"",""url"":""http://www.worldsdc.com:80/events-map/"",""warnings"":[{""evidence"":{""snapshot_id"":""snap_20260913T051034Z_c954a81d470a""},""summary"":""captured map marker lacks a name or printed date""}]},{""source"":""wsdc_calendar"",""status"":""parsed"",""target_id"":""ff3953a1ccb4da3e936fdabc"",""timestamp"":""20160909052448"",""url"":""http://www.worldsdc.com:80/event-calendar/"",""warnings"":[{""evidence"":{""code"":""unrecognized_listing_date"",""evidence"":{""classes"":[],""country_code"":null,""date"":""2017-01-26 - 1201-01-30"",""event_type"":""Registry Event"",""location"":"""",""name"":""Derby City Swing"",""website"":""http://www.DerbyCitySwing.com""}},""summary"":""unknown calendar date: '2017-01-26 - 1201-01-30'""}]},{""source"":""wsdc_calendar"",""status"":""finding"",""target_id"":""1e7c58035500bacb34f94ee2"",""timestamp"":""20160909104400"",""url"":""http://www.worldsdc.com:80/events-map/"",""warnings"":[{""evidence"":{""snapshot_id"":""snap_20260913T051124Z_69886cf0bd03""},""summary"":""captured map marker lacks a name or printed date""}]},{""source"":""wsdc_calendar"",""status"":""parsed"",""target_id"":""45e7d60cf892aa442bc764ee"",""timestamp"":""20161109222349"",""url"":""http://www.worldsdc.com:80/event-calendar/"",""warnings"":[{""evidence"":{""code"":""unrecognized_listing_date"",""evidence"":{""classes"":[],""country_code"":null,""date"":""2017-08-09 - 2016-08-02"",""event_type"":""Registry Event"",""location"":"""",""name"":""Sea Sun & Swing Camp"",""website"":""http://www.seasunswing.net/""}},""summary"":""unknown calendar date: '2017-08-09 - 2016-08-02'""}]},{""source"":""wsdc_calendar"",""status"":""finding"",""target_id"":""a2bc46c2c8df036f4f4893ce"",""timestamp"":""20161110035618"",""url"":""http://www.worldsdc.com:80/events-map/"",""warnings"":[{""evidence"":{""snapshot_id"":""snap_20260913T051154Z_e4edbdd2484e""},""summary"":""captured map marker lacks a name or printed date""}]},{""source"":""wsdc_calendar"",""status"":""finding"",""target_id"":""35f6bfc5b865f014caed252f"",""timestamp"":""20161212121213"",""url"":""http://www.worldsdc.com:80/events-map/?"",""warnings"":[{""evidence"":{""snapshot_id"":""snap_20260913T051213Z_81a2aa57dba1""},""summary"":""captured map marker lacks a name or printed date""}]},{""source"":""wsdc_calendar"",""status"":""parsed"",""target_id"":""63fc2e9fab71011f49928da1"",""timestamp"":""20190310202901"",""url"":""https://www.worldsdc.com/event-calendar/"",""warnings"":[{""evidence"":{""code"":""unrecognized_listing_date"",""evidence"":{""classes"":[],""country_code"":null,""date"":""2017-10-27 - 2017-10-02"",""event_type"":"""",""location"":"""",""name"":""Atlanta Swing Classic"",""website"":""""}},""summary"":""unknown calendar date: '2017-10-27 - 2017-10-02'""}]},{""source"":""wsdc_calendar"",""status"":""parsed"",""target_id"":""45af6af9a8be9960552c707c"",""timestamp"":""20190723190818"",""url"":""https://www.worldsdc.com/event-calendar/"",""warnings"":[{""evidence"":{""code"":""unrecognized_listing_date"",""evidence"":{""classes"":[],""country_code"":null,""date"":""2017-10-27 - 2017-10-02"",""event_type"":"""",""location"":"""",""name"":""Atlanta Swing Classic"",""website"":""""}},""summary"":""unknown calendar date: '2017-10-27 - 2017-10-02'""},{""evidence"":{""code"":""unrecognized_listing_date"",""evidence"":{""classes"":[],""country_code"":null,""date"":""2020-02-13 - 2020-02-10"",""event_type"":""Registry Event"",""location"":"""",""name"":""Capital Swing Presidents' Day Convention"",""website"":""http://www.capitalswingconvention.com""}},""summary"":""unknown calendar date: '2020-02-13 - 2020-02-10'""}]},{""source"":""wsdc_calendar"",""status"":""parsed"",""target_id"":""ff51b642e9a4b4954b6e59f5"",""timestamp"":""20190803171837"",""url"":""https://www.worldsdc.com/event-calendar/"",""warnings"":[{""evidence"":{""code"":""unrecognized_listing_date"",""evidence"":{""classes"":[],""country_code"":null,""date"":""2017-10-27 - 2017-10-02"",""event_type"":"""",""location"":"""",""name"":""Atlanta Swing Classic"",""website"":""""}},""summary"":""unknown calendar date: '2017-10-27 - 2017-10-02'""},{""evidence"":{""code"":""unrecognized_listing_date"",""evidence"":{""classes"":[],""country_code"":null,""date"":""2020-02-13 - 2020-02-10"",""event_type"":""Registry Event"",""location"":"""",""name"":""Capital Swing Presidents' Day Convention"",""website"":""http://www.capitalswingconvention.com""}},""summary"":""unknown calendar date: '2020-02-13 - 2020-02-10'""}]},{""source"":""wsdc_calendar"",""status"":""parsed"",""target_id"":""f19398f1d6ae2da489cbca06"",""timestamp"":""20190920150618"",""url"":""https://www.worldsdc.com/event-calendar/"",""warnings"":[{""evidence"":{""code"":""unrecognized_listing_date"",""evidence"":{""classes"":[],""country_code"":null,""date"":""2020-02-13 - 2020-02-10"",""event_type"":""Registry Event"",""location"":"""",""name"":""Capital Swing Presidents' Day Convention"",""website"":""http://www.capitalswingconvention.com""}},""summary"":""unknown calendar date: '2020-02-13 - 2020-02-10'""},{""evidence"":{""code"":""unrecognized_listing_date"",""evidence"":{""classes"":[],""country_code"":null,""date"":""2017-10-27 - 2017-10-02"",""event_type"":"""",""location"":"""",""name"":""Atlanta Swing Classic"",""website"":""""}},""summary"":""unknown calendar date: '2017-10-27 - 2017-10-02'""}]},{""source"":""wsdc_calendar"",""status"":""parsed"",""target_id"":""6ce7ce1a4672bb04f9e6f54a"",""timestamp"":""20191018054453"",""url"":""https://www.worldsdc.com/event-calendar/"",""warnings"":[{""evidence"":{""code"":""unrecognized_listing_date"",""evidence"":{""classes"":[],""country_code"":null,""date"":""2020-02-13 - 2020-02-10"",""event_type"":""Registry Event"",""location"":"""",""name"":""Capital Swing Presidents' Day Convention"",""website"":""http://www.capitalswingconvention.com""}},""summary"":""unknown calendar date: '2020-02-13 - 2020-02-10'""},{""evidence"":{""code"":""unrecognized_listing_date"",""evidence"":{""classes"":[],""country_code"":null,""date"":""2017-10-27 - 2017-10-02"",""event_type"":"""",""location"":"""",""name"":""Atlanta Swing Classic"",""website"":""""}},""summary"":""unknown calendar date: '2017-10-27 - 2017-10-02'""}]},{""source"":""wsdc_calendar"",""status"":""parsed"",""target_id"":""1b3c6c6919989e1fb2654ece"",""timestamp"":""20191106155651"",""url"":""https://www.worldsdc.com/event-calendar/"",""warnings"":[{""evidence"":{""code"":""unrecognized_listing_date"",""evidence"":{""classes"":[],""country_code"":null,""date"":""2017-10-27 - 2017-10-02"",""event_type"":"""",""location"":"""",""name"":""Atlanta Swing Classic"",""website"":""""}},""summary"":""unknown calendar date: '2017-10-27 - 2017-10-02'""},{""evidence"":{""code"":""unrecognized_listing_date"",""evidence"":{""classes"":[],""country_code"":null,""date"":""2020-02-13 - 2020-02-10"",""event_type"":""Registry Event"",""location"":"""",""name"":""Capital Swing Presidents' Day Convention"",""website"":""http://www.capitalswingconvention.com""}},""summary"":""unknown calendar date: '2020-02-13 - 2020-02-10'""}]},{""source"":""wsdc_calendar"",""status"":""parsed"",""target_id"":""0c1a65f8427b8be5c9cf8c7c"",""timestamp"":""20191212192203"",""url"":""https://www.worldsdc.com/event-calendar/"",""warnings"":[{""evidence"":{""code"":""unrecognized_listing_date"",""evidence"":{""classes"":[],""country_code"":null,""date"":""2017-10-27 - 2017-10-02"",""event_type"":"""",""location"":"""",""name"":""Atlanta Swing Classic"",""website"":""""}},""summary"":""unknown calendar date: '2017-10-27 - 2017-10-02'""}]},{""source"":""wsdc_calendar"",""status"":""parsed"",""target_id"":""a1552033d5ab342fc7915696"",""timestamp"":""20210920204412"",""url"":""https://www.worldsdc.com/event-calendar/"",""warnings"":[{""evidence"":{""code"":""unrecognized_listing_date"",""evidence"":{""classes"":[],""country_code"":null,""date"":""2021-10-15 - 2020-10-21"",""event_type"":""Registry Event"",""location"":"""",""name"":""European Swing Challenge (Cancelled due to Covid-19)"",""website"":""http://www.jiveaddiction.com""}},""summary"":""unknown calendar date: '2021-10-15 - 2020-10-21'""}]},{""source"":""wsdc_calendar"",""status"":""parsed"",""target_id"":""7b80fe7a9bb1bba64608cee6"",""timestamp"":""20211207001407"",""url"":""https://www.worldsdc.com/event-calendar/"",""warnings"":[{""evidence"":{""code"":""unrecognized_listing_date"",""evidence"":{""classes"":[],""country_code"":null,""date"":""2021-10-15 - 2020-10-21"",""event_type"":""Registry Event"",""location"":"""",""name"":""European Swing Challenge (Cancelled due to Covid-19)"",""website"":""http://www.jiveaddiction.com""}},""summary"":""unknown calendar date: '2021-10-15 - 2020-10-21'""}]},{""source"":""wsdc_calendar"",""status"":""parsed"",""target_id"":""60d215c8c0b614f4183762c9"",""timestamp"":""20220118200123"",""url"":""https://www.worldsdc.com/event-calendar/"",""warnings"":[{""evidence"":{""code"":""unrecognized_listing_date"",""evidence"":{""classes"":[],""country_code"":null,""date"":""2021-10-15 - 2020-10-21"",""event_type"":""Registry Event"",""location"":"""",""name"":""European Swing Challenge (Cancelled due to Covid-19)"",""website"":""http://www.jiveaddiction.com""}},""summary"":""unknown calendar date: '2021-10-15 - 2020-10-21'""}]},{""source"":""wsdc_calendar"",""status"":""parsed"",""target_id"":""31073eb64db45b0b3bc14037"",""timestamp"":""20220327070320"",""url"":""https://www.worldsdc.com/event-calendar/"",""warnings"":[{""evidence"":{""code"":""unrecognized_listing_date"",""evidence"":{""classes"":[],""country_code"":null,""date"":""2021-10-15 - 2020-10-21"",""event_type"":""Registry Event"",""location"":"""",""name"":""European Swing Challenge (Cancelled due to Covid-19)"",""website"":""http://www.jiveaddiction.com""}},""summary"":""unknown calendar date: '2021-10-15 - 2020-10-21'""}]},{""source"":""wsdc_calendar"",""status"":""parsed"",""target_id"":""a62ed37377f66f873478b99f"",""timestamp"":""20220516154440"",""url"":""https://www.worldsdc.com/event-calendar/"",""warnings"":[{""evidence"":{""code"":""unrecognized_listing_date"",""evidence"":{""classes"":[],""country_code"":null,""date"":""2021-10-15 - 2020-10-21"",""event_type"":""Registry Event"",""location"":"""",""name"":""European Swing Challenge (Cancelled due to Covid-19)"",""website"":""http://www.jiveaddiction.com""}},""summary"":""unknown calendar date: '2021-10-15 - 2020-10-21'""},{""evidence"":{""code"":""unrecognized_listing_date"",""evidence"":{""classes"":[],""country_code"":null,""date"":""2023-03-02 - 2022-03-08"",""event_type"":""Registry Event"",""location"":"""",""name"":""MADjam (Mid Atlantic Dance Jam)"",""website"":""http://www.atlanticdancejam.com""}},""summary"":""unknown calendar date: '2023-03-02 - 2022-03-08'""},{""evidence"":{""code"":""unrecognized_listing_date"",""evidence"":{""classes"":[],""country_code"":null,""date"":""2023-04-14 - 2022-04-17"",""event_type"":""Registry Event"",""location"":"""",""name"":""WESTY NANTES"",""website"":""https://www.westynantes.com/""}},""summary"":""unknown calendar date: '2023-04-14 - 2022-04-17'""}]},{""source"":""wsdc_calendar"",""status"":""parsed"",""target_id"":""772e82ab89c8201dae8a26f6"",""timestamp"":""20220927051335"",""url"":""https://www.worldsdc.com/event-calendar/"",""warnings"":[{""evidence"":{""code"":""unrecognized_listing_date"",""evidence"":{""classes"":[],""country_code"":null,""date"":""2023-04-14 - 2022-04-17"",""event_type"":""Registry Event"",""location"":"""",""name"":""WESTY NANTES"",""website"":""https://www.westynantes.com/""}},""summary"":""unknown calendar date: '2023-04-14 - 2022-04-17'""},{""evidence"":{""code"":""unrecognized_listing_date"",""evidence"":{""classes"":[],""country_code"":null,""date"":""2021-10-15 - 2020-10-21"",""event_type"":""Registry Event"",""location"":"""",""name"":""European Swing Challenge (Cancelled due to Covid-19)"",""website"":""http://www.jiveaddiction.com""}},""summary"":""unknown calendar date: '2021-10-15 - 2020-10-21'""},{""evidence"":{""code"":""unrecognized_listing_date"",""evidence"":{""classes"":[],""country_code"":null,""date"":""2023-03-02 - 2022-03-08"",""event_type"":""Registry Event"",""location"":"""",""name"":""MADjam (Mid Atlantic Dance Jam)"",""website"":""http://www.atlanticdancejam.com""}},""summary"":""unknown calendar date: '2023-03-02 - 2022-03-08'""}]},{""source"":""wsdc_calendar"",""status"":""pending"",""target_id"":""a9a1981e91474f1967356d61"",""timestamp"":""20250226151724"",""url"":""https://www.worldsdc.com/events/"",""warnings"":[]},{""source"":""wsdc_calendar"",""status"":""pending"",""target_id"":""ea4e68c086533dd6581c3015"",""timestamp"":""20250423104016"",""url"":""https://www.worldsdc.com/print-event-list/"",""warnings"":[]},{""source"":""wsdc_calendar"",""status"":""pending"",""target_id"":""24eaae0d5fea3221affb5a0a"",""timestamp"":""20250512152735"",""url"":""https://www.worldsdc.com/events/"",""warnings"":[]},{""source"":""wsdc_calendar"",""status"":""pending"",""target_id"":""828e41e7f8f4bfd34d171092"",""timestamp"":""20250814164915"",""url"":""https://www.worldsdc.com/print-event-list/"",""warnings"":[]},{""source"":""wsdc_calendar"",""status"":""pending"",""target_id"":""3c5a6116618208e4556dd9e7"",""timestamp"":""20251006110156"",""url"":""https://www.worldsdc.com/events/"",""warnings"":[]},{""source"":""wsdc_calendar"",""status"":""pending"",""target_id"":""e7dcb140bcbd077c67c0d425"",""timestamp"":""20251115173727"",""url"":""https://www.worldsdc.com/print-event-list/"",""warnings"":[]},{""source"":""wsdc_calendar"",""status"":""pending"",""target_id"":""f140e9fd5864d1c777006540"",""timestamp"":""20251219091106"",""url"":""https://www.worldsdc.com/events/"",""warnings"":[]},{""source"":""wsdc_calendar"",""status"":""pending"",""target_id"":""763f8950892b9e719910fcd3"",""timestamp"":""20251219113055"",""url"":""https://www.worldsdc.com/events/"",""warnings"":[]},{""source"":""wsdc_calendar"",""status"":""pending"",""target_id"":""f0dcc51ff963f79c44d90734"",""timestamp"":""20260107152659"",""url"":""https://www.worldsdc.com/events/"",""warnings"":[]},{""source"":""wsdc_calendar"",""status"":""pending"",""target_id"":""fa9d6701e2418b435644b296"",""timestamp"":""20260110202716"",""url"":""https://www.worldsdc.com/events/"",""warnings"":[]},{""source"":""wsdc_calendar"",""status"":""pending"",""target_id"":""9fad90785a2f773113d0c84d"",""timestamp"":""20260120214828"",""url"":""https://www.worldsdc.com/events/"",""warnings"":[]},{""source"":""wsdc_calendar"",""status"":""pending"",""target_id"":""032270847f79d7aebca98f65"",""timestamp"":""20260211205531"",""url"":""https://www.worldsdc.com/print-event-list/"",""warnings"":[]},{""source"":""wsdc_calendar"",""status"":""pending"",""target_id"":""edb1d1478b3fe19a626a30d7"",""timestamp"":""20260308093633"",""url"":""https://www.worldsdc.com/events/"",""warnings"":[]},{""source"":""wsdc_calendar"",""status"":""pending"",""target_id"":""017e59a25155c25983b14000"",""timestamp"":""20260513152740"",""url"":""https://www.worldsdc.com/print-event-list/"",""warnings"":[]},{""source"":""wsdc_calendar"",""status"":""pending"",""target_id"":""2b8b7d5b424f394e25c2b7bb"",""timestamp"":""20260513162349"",""url"":""https://www.worldsdc.com/events/"",""warnings"":[]},{""source"":""wsdc_calendar"",""status"":""pending"",""target_id"":""9592958a3cd694d86e677fc5"",""timestamp"":""20260521133133"",""url"":""https://www.worldsdc.com/events/"",""warnings"":[]},{""source"":""wsdc_calendar"",""status"":""pending"",""target_id"":""2dd8b6dc4d2d264495a33f0f"",""timestamp"":""20260813102731"",""url"":""https://worldsdc.com/events/"",""warnings"":[]}],""year"":2019}",phase1_incomplete,2019,phase1_year,,2019,history_year,,"Event-list catalog has pending captures, unresolved parse findings, or missing discovery"
"{""gaps"":[{""source"":""wsdc_newsletter"",""status"":""parsed"",""target_id"":""20080cca8335d832e9581711"",""timestamp"":null,""url"":""http://www.worldsdc.com/wp-content/uploads/2017/12/161202-WSDC-Newsletter-Vol-1-4.pdf"",""warnings"":[{""evidence"":{""code"":""newsletter_undated_listing"",""evidence"":{""page"":2,""rows"":[""HOLY LAND OPEN On Hiatus""]}},""summary"":""Listed event has no safely parsed date; preserve hiatus or other notice for review""}]},{""source"":""wsdc_newsletter"",""status"":""parsed"",""target_id"":""e993372b27c920b7bf25238f"",""timestamp"":null,""url"":""http://www.worldsdc.com/wp-content/uploads/2017/12/170705-WSDC-Newsletter-Vol-3-7-5-2017.pdf"",""warnings"":[{""evidence"":{""code"":""newsletter_undated_listing"",""evidence"":{""page"":2,""rows"":[""SUNNY SIDE DANCE CAMP On Hiatus""]}},""summary"":""Listed event has no safely parsed date; preserve hiatus or other notice for review""}]},{""source"":""wsdc_newsletter"",""status"":""parsed"",""target_id"":""e34b2344655e659de5b60d89"",""timestamp"":null,""url"":""http://www.worldsdc.com/wp-content/uploads/2017/12/171229-WSDC-Newsleter-Vol-5-12-29-2017.pdf"",""warnings"":[{""evidence"":{""code"":""newsletter_undated_listing"",""evidence"":{""page"":2,""rows"":[""AUSTRALIAN WEST COAST SWING AND ZOUK On Hiatus""]}},""summary"":""Listed event has no safely parsed date; preserve hiatus or other notice for review""}]},{""source"":""wsdc_newsletter"",""status"":""parsed"",""target_id"":""0e8afed4a25aa5c6fd5f2741"",""timestamp"":null,""url"":""http://www.worldsdc.com/wp-content/uploads/2020/12/170330-WSDC-Newsletter-Vol-2-3.pdf"",""warnings"":[{""evidence"":{""code"":""newsletter_undated_listing"",""evidence"":{""page"":2,""rows"":[""SLINGSHOT SWING On Hiatus"",""CMJ NSW WEST COAST SWING DANCE CHAMPIONSHIPS On Hiatus""]}},""summary"":""Listed event has no safely parsed date; preserve hiatus or other notice for review""},{""evidence"":{""code"":""approval_notice_review"",""evidence"":{""notice"":""Apr 13 – 16, 2017                      quarter of 2017 new registry events included:                  We currently have 154 Registry Events, 84 in"",""page"":1}},""summary"":""Prose approval notice needs a dated event interpretation""}]},{""source"":""wsdc_newsletter"",""status"":""parsed"",""target_id"":""c2b50fd841877f25729aeb0c"",""timestamp"":null,""url"":""http://www.worldsdc.com/wp-content/uploads/2020/12/171005-WSDC-Newsletter-Vol-4-10-5-2017.pdf"",""warnings"":[{""evidence"":{""code"":""newsletter_undated_listing"",""evidence"":{""page"":1,""rows"":[""SWUSTLICIOUS October 19-22, 201717""]}},""summary"":""Listed event has no safely parsed date; preserve hiatus or other notice for review""}]},{""source"":""wsdc_newsletter"",""status"":""parsed"",""target_id"":""c16974cf6a719bb6f6e3c9da"",""timestamp"":null,""url"":""http://www.worldsdc.com/wp-content/uploads/2020/12/WSDC-Newsleter-Vol-10-04-12-2019.pdf"",""warnings"":[{""evidence"":{""code"":""newsletter_undated_listing"",""evidence"":{""page"":2,""rows"":[""HUNGARIAN OPEN May 24 – 26, 20189""]}},""summary"":""Listed event has no safely parsed date; preserve hiatus or other notice for review""},{""evidence"":{""code"":""newsletter_colour_unverified"",""evidence"":{""colour_recovered"":false,""fallback"":""registry"",""snapshot_id"":""snap_20260913T053000Z_11d8e6dbdaab""}},""summary"":""Trial or member activity colour was not recovered; newsletter registry status uses the documented fallback""}]},{""source"":""wsdc_newsletter"",""status"":""parsed"",""target_id"":""9674911cc8f2d2803682db49"",""timestamp"":null,""url"":""http://www.worldsdc.com/wp-content/uploads/2020/12/WSDC-Newsleter-Vol-9-1-24-2019.pdf"",""warnings"":[{""evidence"":{""code"":""newsletter_undated_listing"",""evidence"":{""page"":2,""rows"":[""SWEETHEART SWING CLASSIC On Hiatus""]}},""summary"":""Listed event has no safely parsed date; preserve hiatus or other notice for review""},{""evidence"":{""code"":""approval_notice_review"",""evidence"":{""notice"":""from page 1)                                                    Leyva, who has been managing new events,                           Events"",""page"":2}},""summary"":""Prose approval notice needs a dated event interpretation""},{""evidence"":{""code"":""newsletter_colour_unverified"",""evidence"":{""colour_recovered"":false,""fallback"":""registry"",""snapshot_id"":""snap_20260913T053010Z_478d7ddb5edd""}},""summary"":""Trial or member activity colour was not recovered; newsletter registry status uses the documented fallback""}]},{""source"":""wsdc_newsletter"",""status"":""parsed"",""target_id"":""168739e4497cfe804a117c5e"",""timestamp"":null,""url"":""http://www.worldsdc.com/wp-content/uploads/2020/12/WSDC-Newsletter-Vol-11-6-25-2019.pdf"",""warnings"":[{""evidence"":{""code"":""newsletter_undated_listing"",""evidence"":{""page"":2,""rows"":[""OLD TOWN SWING On Hiatus""]}},""summary"":""Listed event has no safely parsed date; preserve hiatus or other notice for review""},{""evidence"":{""code"":""approval_notice_review"",""evidence"":{""notice"":""• ODYSSEY WEST COAST SWING                           Please send us your questions and topics of            especially those running new events, rely heavily"",""page"":1}},""summary"":""Prose approval notice needs a dated event interpretation""}]},{""source"":""wsdc_newsletter"",""status"":""parsed"",""target_id"":""0b9f1347030560c4c5502e28"",""timestamp"":null,""url"":""http://www.worldsdc.com/wp-content/uploads/2020/12/WSDC-Newsletter-Vol-12-10-10-2019.pdf"",""warnings"":[{""evidence"":{""code"":""newsletter_undated_listing"",""evidence"":{""page"":2,""rows"":[""NEW YEAR’S DANCE EXTRAVAGANZA Dec 31, 2019, Jan 3-5, 2020""]}},""summary"":""Listed event has no safely parsed date; preserve hiatus or other notice for review""}]},{""source"":""wsdc_newsletter"",""status"":""parsed"",""target_id"":""0226ef50385bfa517c9ef79c"",""timestamp"":null,""url"":""http://www.worldsdc.com/wp-content/uploads/2020/12/WSDC-Newsletter-Vol-6-April-9-2018.pdf"",""warnings"":[{""evidence"":{""code"":""newsletter_colour_unverified"",""evidence"":{""colour_recovered"":false,""fallback"":""registry"",""snapshot_id"":""snap_20260913T035045Z_008aaf4c6933""}},""summary"":""Trial or member activity colour was not recovered; newsletter registry status uses the documented fallback""}]},{""source"":""wsdc_newsletter"",""status"":""parsed"",""target_id"":""78a33801c49176cffe273d23"",""timestamp"":null,""url"":""http://www.worldsdc.com/wp-content/uploads/2020/12/WSDC-Newsletter-Vol-7-July-1-2018.pdf"",""warnings"":[{""evidence"":{""code"":""newsletter_undated_listing"",""evidence"":{""page"":1,""rows"":[""SACRAMENTO ALL SWING On Hiatus"",""SEA SUN & SWING CAMP Hiatus""]}},""summary"":""Listed event has no safely parsed date; preserve hiatus or other notice for review""}]},{""source"":""wsdc_newsletter"",""status"":""parsed"",""target_id"":""b64c2d8f8445f615c078e0bb"",""timestamp"":null,""url"":""http://www.worldsdc.com/wp-content/uploads/2020/12/WSDC-Newsletter-Vol-8-10-17-2018.pdf"",""warnings"":[{""evidence"":{""code"":""approval_notice_review"",""evidence"":{""notice"":""scores will not be posted to our database.  We                  events and new events.  Wednesday’s focus is                       December 6-9, 2018"",""page"":2}},""summary"":""Prose approval notice needs a dated event interpretation""}]},{""source"":""wsdc_newsletter"",""status"":""parsed"",""target_id"":""50d5b572f43b42b244112e92"",""timestamp"":null,""url"":""http://www.worldsdc.com/wp-content/uploads/2021/02/WSDC-Newsleter-Vol-13-1-6-2020.pdf"",""warnings"":[{""evidence"":{""code"":""newsletter_undated_listing"",""evidence"":{""page"":2,""rows"":[""ANCHOR FESTIVAL On Hiatus""]}},""summary"":""Listed event has no safely parsed date; preserve hiatus or other notice for review""},{""evidence"":{""code"":""newsletter_colour_unverified"",""evidence"":{""colour_recovered"":false,""fallback"":""registry"",""snapshot_id"":""snap_20260913T053303Z_220a0f22f0f6""}},""summary"":""Trial or member activity colour was not recovered; newsletter registry status uses the documented fallback""}]},{""source"":""wsdc_newsletter"",""status"":""parsed"",""target_id"":""2722818d1b9f0149372dd827"",""timestamp"":null,""url"":""http://www.worldsdc.com/wp-content/uploads/2022/06/WSDC-Newsleter-Vol-22-June-2022.pdf"",""warnings"":[{""evidence"":{""code"":""newsletter_undated_listing"",""evidence"":{""page"":2,""rows"":[""Portland Dance Festival"",""Toronto Open Swing & Hustle Championships"",""Sea Sun & Swing Camp"",""Odyssey West Coast Swing"",""Riga Summer Swing""]}},""summary"":""Listed event has no safely parsed date; preserve hiatus or other notice for review""}]},{""source"":""wsdc_newsletter"",""status"":""parsed"",""target_id"":""a85d2b013a50698e8e0a5c49"",""timestamp"":null,""url"":""http://www.worldsdc.com/wp-content/uploads/2022/09/WSDC-Newsleter-Vol-23-September-2022.pdf"",""warnings"":[{""evidence"":{""code"":""approval_notice_review"",""evidence"":{""notice"":""on the calendar, so that new events are able to select locations and dates that comply with our time distance rules."",""page"":3}},""summary"":""Prose approval notice needs a dated event interpretation""},{""evidence"":{""code"":""newsletter_undated_listing"",""evidence"":{""page"":3,""rows"":[""Countdown Swing Boston Dec 29, 2022, Jan 2, 2023"",""Palm Springs New Year’s West Coast Swing and Hustle Dance Classic"",""Spotlight New Year’s Celebration"",""New Year’s Swing Fling""]}},""summary"":""Listed event has no safely parsed date; preserve hiatus or other notice for review""}]},{""source"":""wsdc_newsletter"",""status"":""parsed"",""target_id"":""33973c1ce87271a5a7076911"",""timestamp"":null,""url"":""http://www.worldsdc.com/wp-content/uploads/2023/01/WSDC-Newsleter-Vol-25-1-5-2023.pdf"",""warnings"":[{""evidence"":{""code"":""newsletter_undated_listing"",""evidence"":{""page"":2,""rows"":[""High Desert Dance Classic On Hiatus"",""Anchor Festival Canceld due to Covid"",""Boston Tea Party Canceld due to Covid""]}},""summary"":""Listed event has no safely parsed date; preserve hiatus or other notice for review""},{""evidence"":{""code"":""newsletter_colour_unverified"",""evidence"":{""colour_recovered"":false,""fallback"":""registry"",""snapshot_id"":""snap_20260913T053423Z_68c1360eb9f6""}},""summary"":""Trial or member activity colour was not recovered; newsletter registry status uses the documented fallback""}]},{""source"":""wsdc_newsletter"",""status"":""parsed"",""target_id"":""41a01dbd519400746ec38193"",""timestamp"":null,""url"":""http://www.worldsdc.com/wp-content/uploads/2024/01/WSDC-Newsletter-Vol-29-1-5-2024-3.0.pdf"",""warnings"":[{""evidence"":{""code"":""approval_notice_review"",""evidence"":{""page"":3}},""summary"":""Newsletter page has no safely dated event rows; review its sidebar and approval notices""},{""evidence"":{""code"":""approval_notice_review"",""evidence"":{""notice"":""We want to see your spot on the calendar, so that new events are able to select locations and dates that                          ideal environment to promote"",""page"":3}},""summary"":""Prose approval notice needs a dated event interpretation""},{""evidence"":{""code"":""newsletter_undated_listing"",""evidence"":{""page"":2,""rows"":[""Anchor Festival On Hiatus""]}},""summary"":""Listed event has no safely parsed date; preserve hiatus or other notice for review""}]},{""source"":""wsdc_newsletter"",""status"":""parsed"",""target_id"":""b961cd353369476360a0b7d9"",""timestamp"":null,""url"":""http://www.worldsdc.com/wp-content/uploads/2024/05/WSDC-Newsletter-Vol-30-05-21-2024-5.0.pdf"",""warnings"":[{""evidence"":{""code"":""newsletter_colour_unverified"",""evidence"":{""colour_recovered"":false,""fallback"":""registry"",""snapshot_id"":""snap_20260913T053443Z_bf5de4bbd205""}},""summary"":""Trial or member activity colour was not recovered; newsletter registry status uses the documented fallback""},{""evidence"":{""code"":""approval_notice_review"",""evidence"":{""notice"":""• Hungarian open                         We would like to welcome the following new Registry Events that have been approved in 2024:"",""page"":1}},""summary"":""Prose approval notice needs a dated event interpretation""},{""evidence"":{""code"":""newsletter_undated_listing"",""evidence"":{""page"":3,""rows"":[""Ukrainian Open Canceled due to war""]}},""summary"":""Listed event has no safely parsed date; preserve hiatus or other notice for review""}]},{""source"":""wsdc_newsletter"",""status"":""parsed"",""target_id"":""f0d02027903ab0803154542c"",""timestamp"":null,""url"":""https://www.worldsdc.com/wp-content/uploads/2023/05/WSDC-Newsletter-Vol-26-05-16-2023-1.pdf"",""warnings"":[{""evidence"":{""code"":""newsletter_undated_listing"",""evidence"":{""page"":2,""rows"":[""Michigan classic On Hiatus"",""Dance N Play On Hiatus""]}},""summary"":""Listed event has no safely parsed date; preserve hiatus or other notice for review""},{""evidence"":{""code"":""newsletter_colour_unverified"",""evidence"":{""colour_recovered"":false,""fallback"":""registry"",""snapshot_id"":""snap_20260913T053450Z_ce3c79f4aa99""}},""summary"":""Trial or member activity colour was not recovered; newsletter registry status uses the documented fallback""}]},{""source"":""wsdc_newsletter"",""status"":""parsed"",""target_id"":""bcf0cbe3c6fa734ee64625e0"",""timestamp"":null,""url"":""https://www.worldsdc.com/wp-content/uploads/2023/09/WSDC-Newsletter-Vol-27-9-11-2023.pdf"",""warnings"":[{""evidence"":{""code"":""newsletter_undated_listing"",""evidence"":{""page"":1,""rows"":[""Norway Westie Fest On Hiatus"",""Austin Rocks On Hiatus"",""Philly Swing Classic On Hiatus"",""European Swing Challenge On Hiatus""]}},""summary"":""Listed event has no safely parsed date; preserve hiatus or other notice for review""},{""evidence"":{""code"":""approval_notice_review"",""evidence"":{""notice"":""September 7 - 10, 2023                        We would like to welcome the following new Registry Events that have been approved in 2023:"",""page"":1}},""summary"":""Prose approval notice needs a dated event interpretation""}]},{""source"":""wsdc_calendar"",""status"":""finding"",""target_id"":""4524f01e997c4e2f34e9ad8b"",""timestamp"":""20160710033710"",""url"":""http://www.worldsdc.com:80/events-map/"",""warnings"":[{""evidence"":{""snapshot_id"":""snap_20260913T051034Z_c954a81d470a""},""summary"":""captured map marker lacks a name or printed date""}]},{""source"":""wsdc_calendar"",""status"":""parsed"",""target_id"":""ff3953a1ccb4da3e936fdabc"",""timestamp"":""20160909052448"",""url"":""http://www.worldsdc.com:80/event-calendar/"",""warnings"":[{""evidence"":{""code"":""unrecognized_listing_date"",""evidence"":{""classes"":[],""country_code"":null,""date"":""2017-01-26 - 1201-01-30"",""event_type"":""Registry Event"",""location"":"""",""name"":""Derby City Swing"",""website"":""http://www.DerbyCitySwing.com""}},""summary"":""unknown calendar date: '2017-01-26 - 1201-01-30'""}]},{""source"":""wsdc_calendar"",""status"":""finding"",""target_id"":""1e7c58035500bacb34f94ee2"",""timestamp"":""20160909104400"",""url"":""http://www.worldsdc.com:80/events-map/"",""warnings"":[{""evidence"":{""snapshot_id"":""snap_20260913T051124Z_69886cf0bd03""},""summary"":""captured map marker lacks a name or printed date""}]},{""source"":""wsdc_calendar"",""status"":""parsed"",""target_id"":""45e7d60cf892aa442bc764ee"",""timestamp"":""20161109222349"",""url"":""http://www.worldsdc.com:80/event-calendar/"",""warnings"":[{""evidence"":{""code"":""unrecognized_listing_date"",""evidence"":{""classes"":[],""country_code"":null,""date"":""2017-08-09 - 2016-08-02"",""event_type"":""Registry Event"",""location"":"""",""name"":""Sea Sun & Swing Camp"",""website"":""http://www.seasunswing.net/""}},""summary"":""unknown calendar date: '2017-08-09 - 2016-08-02'""}]},{""source"":""wsdc_calendar"",""status"":""finding"",""target_id"":""a2bc46c2c8df036f4f4893ce"",""timestamp"":""20161110035618"",""url"":""http://www.worldsdc.com:80/events-map/"",""warnings"":[{""evidence"":{""snapshot_id"":""snap_20260913T051154Z_e4edbdd2484e""},""summary"":""captured map marker lacks a name or printed date""}]},{""source"":""wsdc_calendar"",""status"":""finding"",""target_id"":""35f6bfc5b865f014caed252f"",""timestamp"":""20161212121213"",""url"":""http://www.worldsdc.com:80/events-map/?"",""warnings"":[{""evidence"":{""snapshot_id"":""snap_20260913T051213Z_81a2aa57dba1""},""summary"":""captured map marker lacks a name or printed date""}]},{""source"":""wsdc_calendar"",""status"":""parsed"",""target_id"":""63fc2e9fab71011f49928da1"",""timestamp"":""20190310202901"",""url"":""https://www.worldsdc.com/event-calendar/"",""warnings"":[{""evidence"":{""code"":""unrecognized_listing_date"",""evidence"":{""classes"":[],""country_code"":null,""date"":""2017-10-27 - 2017-10-02"",""event_type"":"""",""location"":"""",""name"":""Atlanta Swing Classic"",""website"":""""}},""summary"":""unknown calendar date: '2017-10-27 - 2017-10-02'""}]},{""source"":""wsdc_calendar"",""status"":""parsed"",""target_id"":""45af6af9a8be9960552c707c"",""timestamp"":""20190723190818"",""url"":""https://www.worldsdc.com/event-calendar/"",""warnings"":[{""evidence"":{""code"":""unrecognized_listing_date"",""evidence"":{""classes"":[],""country_code"":null,""date"":""2017-10-27 - 2017-10-02"",""event_type"":"""",""location"":"""",""name"":""Atlanta Swing Classic"",""website"":""""}},""summary"":""unknown calendar date: '2017-10-27 - 2017-10-02'""},{""evidence"":{""code"":""unrecognized_listing_date"",""evidence"":{""classes"":[],""country_code"":null,""date"":""2020-02-13 - 2020-02-10"",""event_type"":""Registry Event"",""location"":"""",""name"":""Capital Swing Presidents' Day Convention"",""website"":""http://www.capitalswingconvention.com""}},""summary"":""unknown calendar date: '2020-02-13 - 2020-02-10'""}]},{""source"":""wsdc_calendar"",""status"":""parsed"",""target_id"":""ff51b642e9a4b4954b6e59f5"",""timestamp"":""20190803171837"",""url"":""https://www.worldsdc.com/event-calendar/"",""warnings"":[{""evidence"":{""code"":""unrecognized_listing_date"",""evidence"":{""classes"":[],""country_code"":null,""date"":""2017-10-27 - 2017-10-02"",""event_type"":"""",""location"":"""",""name"":""Atlanta Swing Classic"",""website"":""""}},""summary"":""unknown calendar date: '2017-10-27 - 2017-10-02'""},{""evidence"":{""code"":""unrecognized_listing_date"",""evidence"":{""classes"":[],""country_code"":null,""date"":""2020-02-13 - 2020-02-10"",""event_type"":""Registry Event"",""location"":"""",""name"":""Capital Swing Presidents' Day Convention"",""website"":""http://www.capitalswingconvention.com""}},""summary"":""unknown calendar date: '2020-02-13 - 2020-02-10'""}]},{""source"":""wsdc_calendar"",""status"":""parsed"",""target_id"":""f19398f1d6ae2da489cbca06"",""timestamp"":""20190920150618"",""url"":""https://www.worldsdc.com/event-calendar/"",""warnings"":[{""evidence"":{""code"":""unrecognized_listing_date"",""evidence"":{""classes"":[],""country_code"":null,""date"":""2020-02-13 - 2020-02-10"",""event_type"":""Registry Event"",""location"":"""",""name"":""Capital Swing Presidents' Day Convention"",""website"":""http://www.capitalswingconvention.com""}},""summary"":""unknown calendar date: '2020-02-13 - 2020-02-10'""},{""evidence"":{""code"":""unrecognized_listing_date"",""evidence"":{""classes"":[],""country_code"":null,""date"":""2017-10-27 - 2017-10-02"",""event_type"":"""",""location"":"""",""name"":""Atlanta Swing Classic"",""website"":""""}},""summary"":""unknown calendar date: '2017-10-27 - 2017-10-02'""}]},{""source"":""wsdc_calendar"",""status"":""parsed"",""target_id"":""6ce7ce1a4672bb04f9e6f54a"",""timestamp"":""20191018054453"",""url"":""https://www.worldsdc.com/event-calendar/"",""warnings"":[{""evidence"":{""code"":""unrecognized_listing_date"",""evidence"":{""classes"":[],""country_code"":null,""date"":""2020-02-13 - 2020-02-10"",""event_type"":""Registry Event"",""location"":"""",""name"":""Capital Swing Presidents' Day Convention"",""website"":""http://www.capitalswingconvention.com""}},""summary"":""unknown calendar date: '2020-02-13 - 2020-02-10'""},{""evidence"":{""code"":""unrecognized_listing_date"",""evidence"":{""classes"":[],""country_code"":null,""date"":""2017-10-27 - 2017-10-02"",""event_type"":"""",""location"":"""",""name"":""Atlanta Swing Classic"",""website"":""""}},""summary"":""unknown calendar date: '2017-10-27 - 2017-10-02'""}]},{""source"":""wsdc_calendar"",""status"":""parsed"",""target_id"":""1b3c6c6919989e1fb2654ece"",""timestamp"":""20191106155651"",""url"":""https://www.worldsdc.com/event-calendar/"",""warnings"":[{""evidence"":{""code"":""unrecognized_listing_date"",""evidence"":{""classes"":[],""country_code"":null,""date"":""2017-10-27 - 2017-10-02"",""event_type"":"""",""location"":"""",""name"":""Atlanta Swing Classic"",""website"":""""}},""summary"":""unknown calendar date: '2017-10-27 - 2017-10-02'""},{""evidence"":{""code"":""unrecognized_listing_date"",""evidence"":{""classes"":[],""country_code"":null,""date"":""2020-02-13 - 2020-02-10"",""event_type"":""Registry Event"",""location"":"""",""name"":""Capital Swing Presidents' Day Convention"",""website"":""http://www.capitalswingconvention.com""}},""summary"":""unknown calendar date: '2020-02-13 - 2020-02-10'""}]},{""source"":""wsdc_calendar"",""status"":""parsed"",""target_id"":""0c1a65f8427b8be5c9cf8c7c"",""timestamp"":""20191212192203"",""url"":""https://www.worldsdc.com/event-calendar/"",""warnings"":[{""evidence"":{""code"":""unrecognized_listing_date"",""evidence"":{""classes"":[],""country_code"":null,""date"":""2017-10-27 - 2017-10-02"",""event_type"":"""",""location"":"""",""name"":""Atlanta Swing Classic"",""website"":""""}},""summary"":""unknown calendar date: '2017-10-27 - 2017-10-02'""}]},{""source"":""wsdc_calendar"",""status"":""parsed"",""target_id"":""a1552033d5ab342fc7915696"",""timestamp"":""20210920204412"",""url"":""https://www.worldsdc.com/event-calendar/"",""warnings"":[{""evidence"":{""code"":""unrecognized_listing_date"",""evidence"":{""classes"":[],""country_code"":null,""date"":""2021-10-15 - 2020-10-21"",""event_type"":""Registry Event"",""location"":"""",""name"":""European Swing Challenge (Cancelled due to Covid-19)"",""website"":""http://www.jiveaddiction.com""}},""summary"":""unknown calendar date: '2021-10-15 - 2020-10-21'""}]},{""source"":""wsdc_calendar"",""status"":""parsed"",""target_id"":""7b80fe7a9bb1bba64608cee6"",""timestamp"":""20211207001407"",""url"":""https://www.worldsdc.com/event-calendar/"",""warnings"":[{""evidence"":{""code"":""unrecognized_listing_date"",""evidence"":{""classes"":[],""country_code"":null,""date"":""2021-10-15 - 2020-10-21"",""event_type"":""Registry Event"",""location"":"""",""name"":""European Swing Challenge (Cancelled due to Covid-19)"",""website"":""http://www.jiveaddiction.com""}},""summary"":""unknown calendar date: '2021-10-15 - 2020-10-21'""}]},{""source"":""wsdc_calendar"",""status"":""parsed"",""target_id"":""60d215c8c0b614f4183762c9"",""timestamp"":""20220118200123"",""url"":""https://www.worldsdc.com/event-calendar/"",""warnings"":[{""evidence"":{""code"":""unrecognized_listing_date"",""evidence"":{""classes"":[],""country_code"":null,""date"":""2021-10-15 - 2020-10-21"",""event_type"":""Registry Event"",""location"":"""",""name"":""European Swing Challenge (Cancelled due to Covid-19)"",""website"":""http://www.jiveaddiction.com""}},""summary"":""unknown calendar date: '2021-10-15 - 2020-10-21'""}]},{""source"":""wsdc_calendar"",""status"":""parsed"",""target_id"":""31073eb64db45b0b3bc14037"",""timestamp"":""20220327070320"",""url"":""https://www.worldsdc.com/event-calendar/"",""warnings"":[{""evidence"":{""code"":""unrecognized_listing_date"",""evidence"":{""classes"":[],""country_code"":null,""date"":""2021-10-15 - 2020-10-21"",""event_type"":""Registry Event"",""location"":"""",""name"":""European Swing Challenge (Cancelled due to Covid-19)"",""website"":""http://www.jiveaddiction.com""}},""summary"":""unknown calendar date: '2021-10-15 - 2020-10-21'""}]},{""source"":""wsdc_calendar"",""status"":""parsed"",""target_id"":""a62ed37377f66f873478b99f"",""timestamp"":""20220516154440"",""url"":""https://www.worldsdc.com/event-calendar/"",""warnings"":[{""evidence"":{""code"":""unrecognized_listing_date"",""evidence"":{""classes"":[],""country_code"":null,""date"":""2021-10-15 - 2020-10-21"",""event_type"":""Registry Event"",""location"":"""",""name"":""European Swing Challenge (Cancelled due to Covid-19)"",""website"":""http://www.jiveaddiction.com""}},""summary"":""unknown calendar date: '2021-10-15 - 2020-10-21'""},{""evidence"":{""code"":""unrecognized_listing_date"",""evidence"":{""classes"":[],""country_code"":null,""date"":""2023-03-02 - 2022-03-08"",""event_type"":""Registry Event"",""location"":"""",""name"":""MADjam (Mid Atlantic Dance Jam)"",""website"":""http://www.atlanticdancejam.com""}},""summary"":""unknown calendar date: '2023-03-02 - 2022-03-08'""},{""evidence"":{""code"":""unrecognized_listing_date"",""evidence"":{""classes"":[],""country_code"":null,""date"":""2023-04-14 - 2022-04-17"",""event_type"":""Registry Event"",""location"":"""",""name"":""WESTY NANTES"",""website"":""https://www.westynantes.com/""}},""summary"":""unknown calendar date: '2023-04-14 - 2022-04-17'""}]},{""source"":""wsdc_calendar"",""status"":""parsed"",""target_id"":""772e82ab89c8201dae8a26f6"",""timestamp"":""20220927051335"",""url"":""https://www.worldsdc.com/event-calendar/"",""warnings"":[{""evidence"":{""code"":""unrecognized_listing_date"",""evidence"":{""classes"":[],""country_code"":null,""date"":""2023-04-14 - 2022-04-17"",""event_type"":""Registry Event"",""location"":"""",""name"":""WESTY NANTES"",""website"":""https://www.westynantes.com/""}},""summary"":""unknown calendar date: '2023-04-14 - 2022-04-17'""},{""evidence"":{""code"":""unrecognized_listing_date"",""evidence"":{""classes"":[],""country_code"":null,""date"":""2021-10-15 - 2020-10-21"",""event_type"":""Registry Event"",""location"":"""",""name"":""European Swing Challenge (Cancelled due to Covid-19)"",""website"":""http://www.jiveaddiction.com""}},""summary"":""unknown calendar date: '2021-10-15 - 2020-10-21'""},{""evidence"":{""code"":""unrecognized_listing_date"",""evidence"":{""classes"":[],""country_code"":null,""date"":""2023-03-02 - 2022-03-08"",""event_type"":""Registry Event"",""location"":"""",""name"":""MADjam (Mid Atlantic Dance Jam)"",""website"":""http://www.atlanticdancejam.com""}},""summary"":""unknown calendar date: '2023-03-02 - 2022-03-08'""}]},{""source"":""wsdc_calendar"",""status"":""pending"",""target_id"":""a9a1981e91474f1967356d61"",""timestamp"":""20250226151724"",""url"":""https://www.worldsdc.com/events/"",""warnings"":[]},{""source"":""wsdc_calendar"",""status"":""pending"",""target_id"":""ea4e68c086533dd6581c3015"",""timestamp"":""20250423104016"",""url"":""https://www.worldsdc.com/print-event-list/"",""warnings"":[]},{""source"":""wsdc_calendar"",""status"":""pending"",""target_id"":""24eaae0d5fea3221affb5a0a"",""timestamp"":""20250512152735"",""url"":""https://www.worldsdc.com/events/"",""warnings"":[]},{""source"":""wsdc_calendar"",""status"":""pending"",""target_id"":""828e41e7f8f4bfd34d171092"",""timestamp"":""20250814164915"",""url"":""https://www.worldsdc.com/print-event-list/"",""warnings"":[]},{""source"":""wsdc_calendar"",""status"":""pending"",""target_id"":""3c5a6116618208e4556dd9e7"",""timestamp"":""20251006110156"",""url"":""https://www.worldsdc.com/events/"",""warnings"":[]},{""source"":""wsdc_calendar"",""status"":""pending"",""target_id"":""e7dcb140bcbd077c67c0d425"",""timestamp"":""20251115173727"",""url"":""https://www.worldsdc.com/print-event-list/"",""warnings"":[]},{""source"":""wsdc_calendar"",""status"":""pending"",""target_id"":""f140e9fd5864d1c777006540"",""timestamp"":""20251219091106"",""url"":""https://www.worldsdc.com/events/"",""warnings"":[]},{""source"":""wsdc_calendar"",""status"":""pending"",""target_id"":""763f8950892b9e719910fcd3"",""timestamp"":""20251219113055"",""url"":""https://www.worldsdc.com/events/"",""warnings"":[]},{""source"":""wsdc_calendar"",""status"":""pending"",""target_id"":""f0dcc51ff963f79c44d90734"",""timestamp"":""20260107152659"",""url"":""https://www.worldsdc.com/events/"",""warnings"":[]},{""source"":""wsdc_calendar"",""status"":""pending"",""target_id"":""fa9d6701e2418b435644b296"",""timestamp"":""20260110202716"",""url"":""https://www.worldsdc.com/events/"",""warnings"":[]},{""source"":""wsdc_calendar"",""status"":""pending"",""target_id"":""9fad90785a2f773113d0c84d"",""timestamp"":""20260120214828"",""url"":""https://www.worldsdc.com/events/"",""warnings"":[]},{""source"":""wsdc_calendar"",""status"":""pending"",""target_id"":""032270847f79d7aebca98f65"",""timestamp"":""20260211205531"",""url"":""https://www.worldsdc.com/print-event-list/"",""warnings"":[]},{""source"":""wsdc_calendar"",""status"":""pending"",""target_id"":""edb1d1478b3fe19a626a30d7"",""timestamp"":""20260308093633"",""url"":""https://www.worldsdc.com/events/"",""warnings"":[]},{""source"":""wsdc_calendar"",""status"":""pending"",""target_id"":""017e59a25155c25983b14000"",""timestamp"":""20260513152740"",""url"":""https://www.worldsdc.com/print-event-list/"",""warnings"":[]},{""source"":""wsdc_calendar"",""status"":""pending"",""target_id"":""2b8b7d5b424f394e25c2b7bb"",""timestamp"":""20260513162349"",""url"":""https://www.worldsdc.com/events/"",""warnings"":[]},{""source"":""wsdc_calendar"",""status"":""pending"",""target_id"":""9592958a3cd694d86e677fc5"",""timestamp"":""20260521133133"",""url"":""https://www.worldsdc.com/events/"",""warnings"":[]},{""source"":""wsdc_calendar"",""status"":""pending"",""target_id"":""2dd8b6dc4d2d264495a33f0f"",""timestamp"":""20260813102731"",""url"":""https://worldsdc.com/events/"",""warnings"":[]}],""year"":2020}",phase1_incomplete,2020,phase1_year,,2020,history_year,,"Event-list catalog has pending captures, unresolved parse findings, or missing discovery"
"{""gaps"":[{""source"":""wsdc_newsletter"",""status"":""parsed"",""target_id"":""20080cca8335d832e9581711"",""timestamp"":null,""url"":""http://www.worldsdc.com/wp-content/uploads/2017/12/161202-WSDC-Newsletter-Vol-1-4.pdf"",""warnings"":[{""evidence"":{""code"":""newsletter_undated_listing"",""evidence"":{""page"":2,""rows"":[""HOLY LAND OPEN On Hiatus""]}},""summary"":""Listed event has no safely parsed date; preserve hiatus or other notice for review""}]},{""source"":""wsdc_newsletter"",""status"":""parsed"",""target_id"":""e993372b27c920b7bf25238f"",""timestamp"":null,""url"":""http://www.worldsdc.com/wp-content/uploads/2017/12/170705-WSDC-Newsletter-Vol-3-7-5-2017.pdf"",""warnings"":[{""evidence"":{""code"":""newsletter_undated_listing"",""evidence"":{""page"":2,""rows"":[""SUNNY SIDE DANCE CAMP On Hiatus""]}},""summary"":""Listed event has no safely parsed date; preserve hiatus or other notice for review""}]},{""source"":""wsdc_newsletter"",""status"":""parsed"",""target_id"":""e34b2344655e659de5b60d89"",""timestamp"":null,""url"":""http://www.worldsdc.com/wp-content/uploads/2017/12/171229-WSDC-Newsleter-Vol-5-12-29-2017.pdf"",""warnings"":[{""evidence"":{""code"":""newsletter_undated_listing"",""evidence"":{""page"":2,""rows"":[""AUSTRALIAN WEST COAST SWING AND ZOUK On Hiatus""]}},""summary"":""Listed event has no safely parsed date; preserve hiatus or other notice for review""}]},{""source"":""wsdc_newsletter"",""status"":""parsed"",""target_id"":""0e8afed4a25aa5c6fd5f2741"",""timestamp"":null,""url"":""http://www.worldsdc.com/wp-content/uploads/2020/12/170330-WSDC-Newsletter-Vol-2-3.pdf"",""warnings"":[{""evidence"":{""code"":""newsletter_undated_listing"",""evidence"":{""page"":2,""rows"":[""SLINGSHOT SWING On Hiatus"",""CMJ NSW WEST COAST SWING DANCE CHAMPIONSHIPS On Hiatus""]}},""summary"":""Listed event has no safely parsed date; preserve hiatus or other notice for review""},{""evidence"":{""code"":""approval_notice_review"",""evidence"":{""notice"":""Apr 13 – 16, 2017                      quarter of 2017 new registry events included:                  We currently have 154 Registry Events, 84 in"",""page"":1}},""summary"":""Prose approval notice needs a dated event interpretation""}]},{""source"":""wsdc_newsletter"",""status"":""parsed"",""target_id"":""c2b50fd841877f25729aeb0c"",""timestamp"":null,""url"":""http://www.worldsdc.com/wp-content/uploads/2020/12/171005-WSDC-Newsletter-Vol-4-10-5-2017.pdf"",""warnings"":[{""evidence"":{""code"":""newsletter_undated_listing"",""evidence"":{""page"":1,""rows"":[""SWUSTLICIOUS October 19-22, 201717""]}},""summary"":""Listed event has no safely parsed date; preserve hiatus or other notice for review""}]},{""source"":""wsdc_newsletter"",""status"":""parsed"",""target_id"":""c16974cf6a719bb6f6e3c9da"",""timestamp"":null,""url"":""http://www.worldsdc.com/wp-content/uploads/2020/12/WSDC-Newsleter-Vol-10-04-12-2019.pdf"",""warnings"":[{""evidence"":{""code"":""newsletter_undated_listing"",""evidence"":{""page"":2,""rows"":[""HUNGARIAN OPEN May 24 – 26, 20189""]}},""summary"":""Listed event has no safely parsed date; preserve hiatus or other notice for review""},{""evidence"":{""code"":""newsletter_colour_unverified"",""evidence"":{""colour_recovered"":false,""fallback"":""registry"",""snapshot_id"":""snap_20260913T053000Z_11d8e6dbdaab""}},""summary"":""Trial or member activity colour was not recovered; newsletter registry status uses the documented fallback""}]},{""source"":""wsdc_newsletter"",""status"":""parsed"",""target_id"":""9674911cc8f2d2803682db49"",""timestamp"":null,""url"":""http://www.worldsdc.com/wp-content/uploads/2020/12/WSDC-Newsleter-Vol-9-1-24-2019.pdf"",""warnings"":[{""evidence"":{""code"":""newsletter_undated_listing"",""evidence"":{""page"":2,""rows"":[""SWEETHEART SWING CLASSIC On Hiatus""]}},""summary"":""Listed event has no safely parsed date; preserve hiatus or other notice for review""},{""evidence"":{""code"":""approval_notice_review"",""evidence"":{""notice"":""from page 1)                                                    Leyva, who has been managing new events,                           Events"",""page"":2}},""summary"":""Prose approval notice needs a dated event interpretation""},{""evidence"":{""code"":""newsletter_colour_unverified"",""evidence"":{""colour_recovered"":false,""fallback"":""registry"",""snapshot_id"":""snap_20260913T053010Z_478d7ddb5edd""}},""summary"":""Trial or member activity colour was not recovered; newsletter registry status uses the documented fallback""}]},{""source"":""wsdc_newsletter"",""status"":""parsed"",""target_id"":""168739e4497cfe804a117c5e"",""timestamp"":null,""url"":""http://www.worldsdc.com/wp-content/uploads/2020/12/WSDC-Newsletter-Vol-11-6-25-2019.pdf"",""warnings"":[{""evidence"":{""code"":""newsletter_undated_listing"",""evidence"":{""page"":2,""rows"":[""OLD TOWN SWING On Hiatus""]}},""summary"":""Listed event has no safely parsed date; preserve hiatus or other notice for review""},{""evidence"":{""code"":""approval_notice_review"",""evidence"":{""notice"":""• ODYSSEY WEST COAST SWING                           Please send us your questions and topics of            especially those running new events, rely heavily"",""page"":1}},""summary"":""Prose approval notice needs a dated event interpretation""}]},{""source"":""wsdc_newsletter"",""status"":""parsed"",""target_id"":""0b9f1347030560c4c5502e28"",""timestamp"":null,""url"":""http://www.worldsdc.com/wp-content/uploads/2020/12/WSDC-Newsletter-Vol-12-10-10-2019.pdf"",""warnings"":[{""evidence"":{""code"":""newsletter_undated_listing"",""evidence"":{""page"":2,""rows"":[""NEW YEAR’S DANCE EXTRAVAGANZA Dec 31, 2019, Jan 3-5, 2020""]}},""summary"":""Listed event has no safely parsed date; preserve hiatus or other notice for review""}]},{""source"":""wsdc_newsletter"",""status"":""parsed"",""target_id"":""0226ef50385bfa517c9ef79c"",""timestamp"":null,""url"":""http://www.worldsdc.com/wp-content/uploads/2020/12/WSDC-Newsletter-Vol-6-April-9-2018.pdf"",""warnings"":[{""evidence"":{""code"":""newsletter_colour_unverified"",""evidence"":{""colour_recovered"":false,""fallback"":""registry"",""snapshot_id"":""snap_20260913T035045Z_008aaf4c6933""}},""summary"":""Trial or member activity colour was not recovered; newsletter registry status uses the documented fallback""}]},{""source"":""wsdc_newsletter"",""status"":""parsed"",""target_id"":""78a33801c49176cffe273d23"",""timestamp"":null,""url"":""http://www.worldsdc.com/wp-content/uploads/2020/12/WSDC-Newsletter-Vol-7-July-1-2018.pdf"",""warnings"":[{""evidence"":{""code"":""newsletter_undated_listing"",""evidence"":{""page"":1,""rows"":[""SACRAMENTO ALL SWING On Hiatus"",""SEA SUN & SWING CAMP Hiatus""]}},""summary"":""Listed event has no safely parsed date; preserve hiatus or other notice for review""}]},{""source"":""wsdc_newsletter"",""status"":""parsed"",""target_id"":""b64c2d8f8445f615c078e0bb"",""timestamp"":null,""url"":""http://www.worldsdc.com/wp-content/uploads/2020/12/WSDC-Newsletter-Vol-8-10-17-2018.pdf"",""warnings"":[{""evidence"":{""code"":""approval_notice_review"",""evidence"":{""notice"":""scores will not be posted to our database.  We                  events and new events.  Wednesday’s focus is                       December 6-9, 2018"",""page"":2}},""summary"":""Prose approval notice needs a dated event interpretation""}]},{""source"":""wsdc_newsletter"",""status"":""parsed"",""target_id"":""50d5b572f43b42b244112e92"",""timestamp"":null,""url"":""http://www.worldsdc.com/wp-content/uploads/2021/02/WSDC-Newsleter-Vol-13-1-6-2020.pdf"",""warnings"":[{""evidence"":{""code"":""newsletter_undated_listing"",""evidence"":{""page"":2,""rows"":[""ANCHOR FESTIVAL On Hiatus""]}},""summary"":""Listed event has no safely parsed date; preserve hiatus or other notice for review""},{""evidence"":{""code"":""newsletter_colour_unverified"",""evidence"":{""colour_recovered"":false,""fallback"":""registry"",""snapshot_id"":""snap_20260913T053303Z_220a0f22f0f6""}},""summary"":""Trial or member activity colour was not recovered; newsletter registry status uses the documented fallback""}]},{""source"":""wsdc_newsletter"",""status"":""parsed"",""target_id"":""2722818d1b9f0149372dd827"",""timestamp"":null,""url"":""http://www.worldsdc.com/wp-content/uploads/2022/06/WSDC-Newsleter-Vol-22-June-2022.pdf"",""warnings"":[{""evidence"":{""code"":""newsletter_undated_listing"",""evidence"":{""page"":2,""rows"":[""Portland Dance Festival"",""Toronto Open Swing & Hustle Championships"",""Sea Sun & Swing Camp"",""Odyssey West Coast Swing"",""Riga Summer Swing""]}},""summary"":""Listed event has no safely parsed date; preserve hiatus or other notice for review""}]},{""source"":""wsdc_newsletter"",""status"":""parsed"",""target_id"":""a85d2b013a50698e8e0a5c49"",""timestamp"":null,""url"":""http://www.worldsdc.com/wp-content/uploads/2022/09/WSDC-Newsleter-Vol-23-September-2022.pdf"",""warnings"":[{""evidence"":{""code"":""approval_notice_review"",""evidence"":{""notice"":""on the calendar, so that new events are able to select locations and dates that comply with our time distance rules."",""page"":3}},""summary"":""Prose approval notice needs a dated event interpretation""},{""evidence"":{""code"":""newsletter_undated_listing"",""evidence"":{""page"":3,""rows"":[""Countdown Swing Boston Dec 29, 2022, Jan 2, 2023"",""Palm Springs New Year’s West Coast Swing and Hustle Dance Classic"",""Spotlight New Year’s Celebration"",""New Year’s Swing Fling""]}},""summary"":""Listed event has no safely parsed date; preserve hiatus or other notice for review""}]},{""source"":""wsdc_newsletter"",""status"":""parsed"",""target_id"":""33973c1ce87271a5a7076911"",""timestamp"":null,""url"":""http://www.worldsdc.com/wp-content/uploads/2023/01/WSDC-Newsleter-Vol-25-1-5-2023.pdf"",""warnings"":[{""evidence"":{""code"":""newsletter_undated_listing"",""evidence"":{""page"":2,""rows"":[""High Desert Dance Classic On Hiatus"",""Anchor Festival Canceld due to Covid"",""Boston Tea Party Canceld due to Covid""]}},""summary"":""Listed event has no safely parsed date; preserve hiatus or other notice for review""},{""evidence"":{""code"":""newsletter_colour_unverified"",""evidence"":{""colour_recovered"":false,""fallback"":""registry"",""snapshot_id"":""snap_20260913T053423Z_68c1360eb9f6""}},""summary"":""Trial or member activity colour was not recovered; newsletter registry status uses the documented fallback""}]},{""source"":""wsdc_newsletter"",""status"":""parsed"",""target_id"":""41a01dbd519400746ec38193"",""timestamp"":null,""url"":""http://www.worldsdc.com/wp-content/uploads/2024/01/WSDC-Newsletter-Vol-29-1-5-2024-3.0.pdf"",""warnings"":[{""evidence"":{""code"":""approval_notice_review"",""evidence"":{""page"":3}},""summary"":""Newsletter page has no safely dated event rows; review its sidebar and approval notices""},{""evidence"":{""code"":""approval_notice_review"",""evidence"":{""notice"":""We want to see your spot on the calendar, so that new events are able to select locations and dates that                          ideal environment to promote"",""page"":3}},""summary"":""Prose approval notice needs a dated event interpretation""},{""evidence"":{""code"":""newsletter_undated_listing"",""evidence"":{""page"":2,""rows"":[""Anchor Festival On Hiatus""]}},""summary"":""Listed event has no safely parsed date; preserve hiatus or other notice for review""}]},{""source"":""wsdc_newsletter"",""status"":""parsed"",""target_id"":""b961cd353369476360a0b7d9"",""timestamp"":null,""url"":""http://www.worldsdc.com/wp-content/uploads/2024/05/WSDC-Newsletter-Vol-30-05-21-2024-5.0.pdf"",""warnings"":[{""evidence"":{""code"":""newsletter_colour_unverified"",""evidence"":{""colour_recovered"":false,""fallback"":""registry"",""snapshot_id"":""snap_20260913T053443Z_bf5de4bbd205""}},""summary"":""Trial or member activity colour was not recovered; newsletter registry status uses the documented fallback""},{""evidence"":{""code"":""approval_notice_review"",""evidence"":{""notice"":""• Hungarian open                         We would like to welcome the following new Registry Events that have been approved in 2024:"",""page"":1}},""summary"":""Prose approval notice needs a dated event interpretation""},{""evidence"":{""code"":""newsletter_undated_listing"",""evidence"":{""page"":3,""rows"":[""Ukrainian Open Canceled due to war""]}},""summary"":""Listed event has no safely parsed date; preserve hiatus or other notice for review""}]},{""source"":""wsdc_newsletter"",""status"":""parsed"",""target_id"":""f0d02027903ab0803154542c"",""timestamp"":null,""url"":""https://www.worldsdc.com/wp-content/uploads/2023/05/WSDC-Newsletter-Vol-26-05-16-2023-1.pdf"",""warnings"":[{""evidence"":{""code"":""newsletter_undated_listing"",""evidence"":{""page"":2,""rows"":[""Michigan classic On Hiatus"",""Dance N Play On Hiatus""]}},""summary"":""Listed event has no safely parsed date; preserve hiatus or other notice for review""},{""evidence"":{""code"":""newsletter_colour_unverified"",""evidence"":{""colour_recovered"":false,""fallback"":""registry"",""snapshot_id"":""snap_20260913T053450Z_ce3c79f4aa99""}},""summary"":""Trial or member activity colour was not recovered; newsletter registry status uses the documented fallback""}]},{""source"":""wsdc_newsletter"",""status"":""parsed"",""target_id"":""bcf0cbe3c6fa734ee64625e0"",""timestamp"":null,""url"":""https://www.worldsdc.com/wp-content/uploads/2023/09/WSDC-Newsletter-Vol-27-9-11-2023.pdf"",""warnings"":[{""evidence"":{""code"":""newsletter_undated_listing"",""evidence"":{""page"":1,""rows"":[""Norway Westie Fest On Hiatus"",""Austin Rocks On Hiatus"",""Philly Swing Classic On Hiatus"",""European Swing Challenge On Hiatus""]}},""summary"":""Listed event has no safely parsed date; preserve hiatus or other notice for review""},{""evidence"":{""code"":""approval_notice_review"",""evidence"":{""notice"":""September 7 - 10, 2023                        We would like to welcome the following new Registry Events that have been approved in 2023:"",""page"":1}},""summary"":""Prose approval notice needs a dated event interpretation""}]},{""source"":""wsdc_calendar"",""status"":""finding"",""target_id"":""4524f01e997c4e2f34e9ad8b"",""timestamp"":""20160710033710"",""url"":""http://www.worldsdc.com:80/events-map/"",""warnings"":[{""evidence"":{""snapshot_id"":""snap_20260913T051034Z_c954a81d470a""},""summary"":""captured map marker lacks a name or printed date""}]},{""source"":""wsdc_calendar"",""status"":""parsed"",""target_id"":""ff3953a1ccb4da3e936fdabc"",""timestamp"":""20160909052448"",""url"":""http://www.worldsdc.com:80/event-calendar/"",""warnings"":[{""evidence"":{""code"":""unrecognized_listing_date"",""evidence"":{""classes"":[],""country_code"":null,""date"":""2017-01-26 - 1201-01-30"",""event_type"":""Registry Event"",""location"":"""",""name"":""Derby City Swing"",""website"":""http://www.DerbyCitySwing.com""}},""summary"":""unknown calendar date: '2017-01-26 - 1201-01-30'""}]},{""source"":""wsdc_calendar"",""status"":""finding"",""target_id"":""1e7c58035500bacb34f94ee2"",""timestamp"":""20160909104400"",""url"":""http://www.worldsdc.com:80/events-map/"",""warnings"":[{""evidence"":{""snapshot_id"":""snap_20260913T051124Z_69886cf0bd03""},""summary"":""captured map marker lacks a name or printed date""}]},{""source"":""wsdc_calendar"",""status"":""parsed"",""target_id"":""45e7d60cf892aa442bc764ee"",""timestamp"":""20161109222349"",""url"":""http://www.worldsdc.com:80/event-calendar/"",""warnings"":[{""evidence"":{""code"":""unrecognized_listing_date"",""evidence"":{""classes"":[],""country_code"":null,""date"":""2017-08-09 - 2016-08-02"",""event_type"":""Registry Event"",""location"":"""",""name"":""Sea Sun & Swing Camp"",""website"":""http://www.seasunswing.net/""}},""summary"":""unknown calendar date: '2017-08-09 - 2016-08-02'""}]},{""source"":""wsdc_calendar"",""status"":""finding"",""target_id"":""a2bc46c2c8df036f4f4893ce"",""timestamp"":""20161110035618"",""url"":""http://www.worldsdc.com:80/events-map/"",""warnings"":[{""evidence"":{""snapshot_id"":""snap_20260913T051154Z_e4edbdd2484e""},""summary"":""captured map marker lacks a name or printed date""}]},{""source"":""wsdc_calendar"",""status"":""finding"",""target_id"":""35f6bfc5b865f014caed252f"",""timestamp"":""20161212121213"",""url"":""http://www.worldsdc.com:80/events-map/?"",""warnings"":[{""evidence"":{""snapshot_id"":""snap_20260913T051213Z_81a2aa57dba1""},""summary"":""captured map marker lacks a name or printed date""}]},{""source"":""wsdc_calendar"",""status"":""parsed"",""target_id"":""63fc2e9fab71011f49928da1"",""timestamp"":""20190310202901"",""url"":""https://www.worldsdc.com/event-calendar/"",""warnings"":[{""evidence"":{""code"":""unrecognized_listing_date"",""evidence"":{""classes"":[],""country_code"":null,""date"":""2017-10-27 - 2017-10-02"",""event_type"":"""",""location"":"""",""name"":""Atlanta Swing Classic"",""website"":""""}},""summary"":""unknown calendar date: '2017-10-27 - 2017-10-02'""}]},{""source"":""wsdc_calendar"",""status"":""parsed"",""target_id"":""45af6af9a8be9960552c707c"",""timestamp"":""20190723190818"",""url"":""https://www.worldsdc.com/event-calendar/"",""warnings"":[{""evidence"":{""code"":""unrecognized_listing_date"",""evidence"":{""classes"":[],""country_code"":null,""date"":""2017-10-27 - 2017-10-02"",""event_type"":"""",""location"":"""",""name"":""Atlanta Swing Classic"",""website"":""""}},""summary"":""unknown calendar date: '2017-10-27 - 2017-10-02'""},{""evidence"":{""code"":""unrecognized_listing_date"",""evidence"":{""classes"":[],""country_code"":null,""date"":""2020-02-13 - 2020-02-10"",""event_type"":""Registry Event"",""location"":"""",""name"":""Capital Swing Presidents' Day Convention"",""website"":""http://www.capitalswingconvention.com""}},""summary"":""unknown calendar date: '2020-02-13 - 2020-02-10'""}]},{""source"":""wsdc_calendar"",""status"":""parsed"",""target_id"":""ff51b642e9a4b4954b6e59f5"",""timestamp"":""20190803171837"",""url"":""https://www.worldsdc.com/event-calendar/"",""warnings"":[{""evidence"":{""code"":""unrecognized_listing_date"",""evidence"":{""classes"":[],""country_code"":null,""date"":""2017-10-27 - 2017-10-02"",""event_type"":"""",""location"":"""",""name"":""Atlanta Swing Classic"",""website"":""""}},""summary"":""unknown calendar date: '2017-10-27 - 2017-10-02'""},{""evidence"":{""code"":""unrecognized_listing_date"",""evidence"":{""classes"":[],""country_code"":null,""date"":""2020-02-13 - 2020-02-10"",""event_type"":""Registry Event"",""location"":"""",""name"":""Capital Swing Presidents' Day Convention"",""website"":""http://www.capitalswingconvention.com""}},""summary"":""unknown calendar date: '2020-02-13 - 2020-02-10'""}]},{""source"":""wsdc_calendar"",""status"":""parsed"",""target_id"":""f19398f1d6ae2da489cbca06"",""timestamp"":""20190920150618"",""url"":""https://www.worldsdc.com/event-calendar/"",""warnings"":[{""evidence"":{""code"":""unrecognized_listing_date"",""evidence"":{""classes"":[],""country_code"":null,""date"":""2020-02-13 - 2020-02-10"",""event_type"":""Registry Event"",""location"":"""",""name"":""Capital Swing Presidents' Day Convention"",""website"":""http://www.capitalswingconvention.com""}},""summary"":""unknown calendar date: '2020-02-13 - 2020-02-10'""},{""evidence"":{""code"":""unrecognized_listing_date"",""evidence"":{""classes"":[],""country_code"":null,""date"":""2017-10-27 - 2017-10-02"",""event_type"":"""",""location"":"""",""name"":""Atlanta Swing Classic"",""website"":""""}},""summary"":""unknown calendar date: '2017-10-27 - 2017-10-02'""}]},{""source"":""wsdc_calendar"",""status"":""parsed"",""target_id"":""6ce7ce1a4672bb04f9e6f54a"",""timestamp"":""20191018054453"",""url"":""https://www.worldsdc.com/event-calendar/"",""warnings"":[{""evidence"":{""code"":""unrecognized_listing_date"",""evidence"":{""classes"":[],""country_code"":null,""date"":""2020-02-13 - 2020-02-10"",""event_type"":""Registry Event"",""location"":"""",""name"":""Capital Swing Presidents' Day Convention"",""website"":""http://www.capitalswingconvention.com""}},""summary"":""unknown calendar date: '2020-02-13 - 2020-02-10'""},{""evidence"":{""code"":""unrecognized_listing_date"",""evidence"":{""classes"":[],""country_code"":null,""date"":""2017-10-27 - 2017-10-02"",""event_type"":"""",""location"":"""",""name"":""Atlanta Swing Classic"",""website"":""""}},""summary"":""unknown calendar date: '2017-10-27 - 2017-10-02'""}]},{""source"":""wsdc_calendar"",""status"":""parsed"",""target_id"":""1b3c6c6919989e1fb2654ece"",""timestamp"":""20191106155651"",""url"":""https://www.worldsdc.com/event-calendar/"",""warnings"":[{""evidence"":{""code"":""unrecognized_listing_date"",""evidence"":{""classes"":[],""country_code"":null,""date"":""2017-10-27 - 2017-10-02"",""event_type"":"""",""location"":"""",""name"":""Atlanta Swing Classic"",""website"":""""}},""summary"":""unknown calendar date: '2017-10-27 - 2017-10-02'""},{""evidence"":{""code"":""unrecognized_listing_date"",""evidence"":{""classes"":[],""country_code"":null,""date"":""2020-02-13 - 2020-02-10"",""event_type"":""Registry Event"",""location"":"""",""name"":""Capital Swing Presidents' Day Convention"",""website"":""http://www.capitalswingconvention.com""}},""summary"":""unknown calendar date: '2020-02-13 - 2020-02-10'""}]},{""source"":""wsdc_calendar"",""status"":""parsed"",""target_id"":""0c1a65f8427b8be5c9cf8c7c"",""timestamp"":""20191212192203"",""url"":""https://www.worldsdc.com/event-calendar/"",""warnings"":[{""evidence"":{""code"":""unrecognized_listing_date"",""evidence"":{""classes"":[],""country_code"":null,""date"":""2017-10-27 - 2017-10-02"",""event_type"":"""",""location"":"""",""name"":""Atlanta Swing Classic"",""website"":""""}},""summary"":""unknown calendar date: '2017-10-27 - 2017-10-02'""}]},{""source"":""wsdc_calendar"",""status"":""parsed"",""target_id"":""a1552033d5ab342fc7915696"",""timestamp"":""20210920204412"",""url"":""https://www.worldsdc.com/event-calendar/"",""warnings"":[{""evidence"":{""code"":""unrecognized_listing_date"",""evidence"":{""classes"":[],""country_code"":null,""date"":""2021-10-15 - 2020-10-21"",""event_type"":""Registry Event"",""location"":"""",""name"":""European Swing Challenge (Cancelled due to Covid-19)"",""website"":""http://www.jiveaddiction.com""}},""summary"":""unknown calendar date: '2021-10-15 - 2020-10-21'""}]},{""source"":""wsdc_calendar"",""status"":""parsed"",""target_id"":""7b80fe7a9bb1bba64608cee6"",""timestamp"":""20211207001407"",""url"":""https://www.worldsdc.com/event-calendar/"",""warnings"":[{""evidence"":{""code"":""unrecognized_listing_date"",""evidence"":{""classes"":[],""country_code"":null,""date"":""2021-10-15 - 2020-10-21"",""event_type"":""Registry Event"",""location"":"""",""name"":""European Swing Challenge (Cancelled due to Covid-19)"",""website"":""http://www.jiveaddiction.com""}},""summary"":""unknown calendar date: '2021-10-15 - 2020-10-21'""}]},{""source"":""wsdc_calendar"",""status"":""parsed"",""target_id"":""60d215c8c0b614f4183762c9"",""timestamp"":""20220118200123"",""url"":""https://www.worldsdc.com/event-calendar/"",""warnings"":[{""evidence"":{""code"":""unrecognized_listing_date"",""evidence"":{""classes"":[],""country_code"":null,""date"":""2021-10-15 - 2020-10-21"",""event_type"":""Registry Event"",""location"":"""",""name"":""European Swing Challenge (Cancelled due to Covid-19)"",""website"":""http://www.jiveaddiction.com""}},""summary"":""unknown calendar date: '2021-10-15 - 2020-10-21'""}]},{""source"":""wsdc_calendar"",""status"":""parsed"",""target_id"":""31073eb64db45b0b3bc14037"",""timestamp"":""20220327070320"",""url"":""https://www.worldsdc.com/event-calendar/"",""warnings"":[{""evidence"":{""code"":""unrecognized_listing_date"",""evidence"":{""classes"":[],""country_code"":null,""date"":""2021-10-15 - 2020-10-21"",""event_type"":""Registry Event"",""location"":"""",""name"":""European Swing Challenge (Cancelled due to Covid-19)"",""website"":""http://www.jiveaddiction.com""}},""summary"":""unknown calendar date: '2021-10-15 - 2020-10-21'""}]},{""source"":""wsdc_calendar"",""status"":""parsed"",""target_id"":""a62ed37377f66f873478b99f"",""timestamp"":""20220516154440"",""url"":""https://www.worldsdc.com/event-calendar/"",""warnings"":[{""evidence"":{""code"":""unrecognized_listing_date"",""evidence"":{""classes"":[],""country_code"":null,""date"":""2021-10-15 - 2020-10-21"",""event_type"":""Registry Event"",""location"":"""",""name"":""European Swing Challenge (Cancelled due to Covid-19)"",""website"":""http://www.jiveaddiction.com""}},""summary"":""unknown calendar date: '2021-10-15 - 2020-10-21'""},{""evidence"":{""code"":""unrecognized_listing_date"",""evidence"":{""classes"":[],""country_code"":null,""date"":""2023-03-02 - 2022-03-08"",""event_type"":""Registry Event"",""location"":"""",""name"":""MADjam (Mid Atlantic Dance Jam)"",""website"":""http://www.atlanticdancejam.com""}},""summary"":""unknown calendar date: '2023-03-02 - 2022-03-08'""},{""evidence"":{""code"":""unrecognized_listing_date"",""evidence"":{""classes"":[],""country_code"":null,""date"":""2023-04-14 - 2022-04-17"",""event_type"":""Registry Event"",""location"":"""",""name"":""WESTY NANTES"",""website"":""https://www.westynantes.com/""}},""summary"":""unknown calendar date: '2023-04-14 - 2022-04-17'""}]},{""source"":""wsdc_calendar"",""status"":""parsed"",""target_id"":""772e82ab89c8201dae8a26f6"",""timestamp"":""20220927051335"",""url"":""https://www.worldsdc.com/event-calendar/"",""warnings"":[{""evidence"":{""code"":""unrecognized_listing_date"",""evidence"":{""classes"":[],""country_code"":null,""date"":""2023-04-14 - 2022-04-17"",""event_type"":""Registry Event"",""location"":"""",""name"":""WESTY NANTES"",""website"":""https://www.westynantes.com/""}},""summary"":""unknown calendar date: '2023-04-14 - 2022-04-17'""},{""evidence"":{""code"":""unrecognized_listing_date"",""evidence"":{""classes"":[],""country_code"":null,""date"":""2021-10-15 - 2020-10-21"",""event_type"":""Registry Event"",""location"":"""",""name"":""European Swing Challenge (Cancelled due to Covid-19)"",""website"":""http://www.jiveaddiction.com""}},""summary"":""unknown calendar date: '2021-10-15 - 2020-10-21'""},{""evidence"":{""code"":""unrecognized_listing_date"",""evidence"":{""classes"":[],""country_code"":null,""date"":""2023-03-02 - 2022-03-08"",""event_type"":""Registry Event"",""location"":"""",""name"":""MADjam (Mid Atlantic Dance Jam)"",""website"":""http://www.atlanticdancejam.com""}},""summary"":""unknown calendar date: '2023-03-02 - 2022-03-08'""}]},{""source"":""wsdc_calendar"",""status"":""pending"",""target_id"":""a9a1981e91474f1967356d61"",""timestamp"":""20250226151724"",""url"":""https://www.worldsdc.com/events/"",""warnings"":[]},{""source"":""wsdc_calendar"",""status"":""pending"",""target_id"":""ea4e68c086533dd6581c3015"",""timestamp"":""20250423104016"",""url"":""https://www.worldsdc.com/print-event-list/"",""warnings"":[]},{""source"":""wsdc_calendar"",""status"":""pending"",""target_id"":""24eaae0d5fea3221affb5a0a"",""timestamp"":""20250512152735"",""url"":""https://www.worldsdc.com/events/"",""warnings"":[]},{""source"":""wsdc_calendar"",""status"":""pending"",""target_id"":""828e41e7f8f4bfd34d171092"",""timestamp"":""20250814164915"",""url"":""https://www.worldsdc.com/print-event-list/"",""warnings"":[]},{""source"":""wsdc_calendar"",""status"":""pending"",""target_id"":""3c5a6116618208e4556dd9e7"",""timestamp"":""20251006110156"",""url"":""https://www.worldsdc.com/events/"",""warnings"":[]},{""source"":""wsdc_calendar"",""status"":""pending"",""target_id"":""e7dcb140bcbd077c67c0d425"",""timestamp"":""20251115173727"",""url"":""https://www.worldsdc.com/print-event-list/"",""warnings"":[]},{""source"":""wsdc_calendar"",""status"":""pending"",""target_id"":""f140e9fd5864d1c777006540"",""timestamp"":""20251219091106"",""url"":""https://www.worldsdc.com/events/"",""warnings"":[]},{""source"":""wsdc_calendar"",""status"":""pending"",""target_id"":""763f8950892b9e719910fcd3"",""timestamp"":""20251219113055"",""url"":""https://www.worldsdc.com/events/"",""warnings"":[]},{""source"":""wsdc_calendar"",""status"":""pending"",""target_id"":""f0dcc51ff963f79c44d90734"",""timestamp"":""20260107152659"",""url"":""https://www.worldsdc.com/events/"",""warnings"":[]},{""source"":""wsdc_calendar"",""status"":""pending"",""target_id"":""fa9d6701e2418b435644b296"",""timestamp"":""20260110202716"",""url"":""https://www.worldsdc.com/events/"",""warnings"":[]},{""source"":""wsdc_calendar"",""status"":""pending"",""target_id"":""9fad90785a2f773113d0c84d"",""timestamp"":""20260120214828"",""url"":""https://www.worldsdc.com/events/"",""warnings"":[]},{""source"":""wsdc_calendar"",""status"":""pending"",""target_id"":""032270847f79d7aebca98f65"",""timestamp"":""20260211205531"",""url"":""https://www.worldsdc.com/print-event-list/"",""warnings"":[]},{""source"":""wsdc_calendar"",""status"":""pending"",""target_id"":""edb1d1478b3fe19a626a30d7"",""timestamp"":""20260308093633"",""url"":""https://www.worldsdc.com/events/"",""warnings"":[]},{""source"":""wsdc_calendar"",""status"":""pending"",""target_id"":""017e59a25155c25983b14000"",""timestamp"":""20260513152740"",""url"":""https://www.worldsdc.com/print-event-list/"",""warnings"":[]},{""source"":""wsdc_calendar"",""status"":""pending"",""target_id"":""2b8b7d5b424f394e25c2b7bb"",""timestamp"":""20260513162349"",""url"":""https://www.worldsdc.com/events/"",""warnings"":[]},{""source"":""wsdc_calendar"",""status"":""pending"",""target_id"":""9592958a3cd694d86e677fc5"",""timestamp"":""20260521133133"",""url"":""https://www.worldsdc.com/events/"",""warnings"":[]},{""source"":""wsdc_calendar"",""status"":""pending"",""target_id"":""2dd8b6dc4d2d264495a33f0f"",""timestamp"":""20260813102731"",""url"":""https://worldsdc.com/events/"",""warnings"":[]}],""year"":2021}",phase1_incomplete,2021,phase1_year,,2021,history_year,,"Event-list catalog has pending captures, unresolved parse findings, or missing discovery"
"{""gaps"":[{""source"":""wsdc_newsletter"",""status"":""parsed"",""target_id"":""20080cca8335d832e9581711"",""timestamp"":null,""url"":""http://www.worldsdc.com/wp-content/uploads/2017/12/161202-WSDC-Newsletter-Vol-1-4.pdf"",""warnings"":[{""evidence"":{""code"":""newsletter_undated_listing"",""evidence"":{""page"":2,""rows"":[""HOLY LAND OPEN On Hiatus""]}},""summary"":""Listed event has no safely parsed date; preserve hiatus or other notice for review""}]},{""source"":""wsdc_newsletter"",""status"":""parsed"",""target_id"":""e993372b27c920b7bf25238f"",""timestamp"":null,""url"":""http://www.worldsdc.com/wp-content/uploads/2017/12/170705-WSDC-Newsletter-Vol-3-7-5-2017.pdf"",""warnings"":[{""evidence"":{""code"":""newsletter_undated_listing"",""evidence"":{""page"":2,""rows"":[""SUNNY SIDE DANCE CAMP On Hiatus""]}},""summary"":""Listed event has no safely parsed date; preserve hiatus or other notice for review""}]},{""source"":""wsdc_newsletter"",""status"":""parsed"",""target_id"":""e34b2344655e659de5b60d89"",""timestamp"":null,""url"":""http://www.worldsdc.com/wp-content/uploads/2017/12/171229-WSDC-Newsleter-Vol-5-12-29-2017.pdf"",""warnings"":[{""evidence"":{""code"":""newsletter_undated_listing"",""evidence"":{""page"":2,""rows"":[""AUSTRALIAN WEST COAST SWING AND ZOUK On Hiatus""]}},""summary"":""Listed event has no safely parsed date; preserve hiatus or other notice for review""}]},{""source"":""wsdc_newsletter"",""status"":""parsed"",""target_id"":""0e8afed4a25aa5c6fd5f2741"",""timestamp"":null,""url"":""http://www.worldsdc.com/wp-content/uploads/2020/12/170330-WSDC-Newsletter-Vol-2-3.pdf"",""warnings"":[{""evidence"":{""code"":""newsletter_undated_listing"",""evidence"":{""page"":2,""rows"":[""SLINGSHOT SWING On Hiatus"",""CMJ NSW WEST COAST SWING DANCE CHAMPIONSHIPS On Hiatus""]}},""summary"":""Listed event has no safely parsed date; preserve hiatus or other notice for review""},{""evidence"":{""code"":""approval_notice_review"",""evidence"":{""notice"":""Apr 13 – 16, 2017                      quarter of 2017 new registry events included:                  We currently have 154 Registry Events, 84 in"",""page"":1}},""summary"":""Prose approval notice needs a dated event interpretation""}]},{""source"":""wsdc_newsletter"",""status"":""parsed"",""target_id"":""c2b50fd841877f25729aeb0c"",""timestamp"":null,""url"":""http://www.worldsdc.com/wp-content/uploads/2020/12/171005-WSDC-Newsletter-Vol-4-10-5-2017.pdf"",""warnings"":[{""evidence"":{""code"":""newsletter_undated_listing"",""evidence"":{""page"":1,""rows"":[""SWUSTLICIOUS October 19-22, 201717""]}},""summary"":""Listed event has no safely parsed date; preserve hiatus or other notice for review""}]},{""source"":""wsdc_newsletter"",""status"":""parsed"",""target_id"":""c16974cf6a719bb6f6e3c9da"",""timestamp"":null,""url"":""http://www.worldsdc.com/wp-content/uploads/2020/12/WSDC-Newsleter-Vol-10-04-12-2019.pdf"",""warnings"":[{""evidence"":{""code"":""newsletter_undated_listing"",""evidence"":{""page"":2,""rows"":[""HUNGARIAN OPEN May 24 – 26, 20189""]}},""summary"":""Listed event has no safely parsed date; preserve hiatus or other notice for review""},{""evidence"":{""code"":""newsletter_colour_unverified"",""evidence"":{""colour_recovered"":false,""fallback"":""registry"",""snapshot_id"":""snap_20260913T053000Z_11d8e6dbdaab""}},""summary"":""Trial or member activity colour was not recovered; newsletter registry status uses the documented fallback""}]},{""source"":""wsdc_newsletter"",""status"":""parsed"",""target_id"":""9674911cc8f2d2803682db49"",""timestamp"":null,""url"":""http://www.worldsdc.com/wp-content/uploads/2020/12/WSDC-Newsleter-Vol-9-1-24-2019.pdf"",""warnings"":[{""evidence"":{""code"":""newsletter_undated_listing"",""evidence"":{""page"":2,""rows"":[""SWEETHEART SWING CLASSIC On Hiatus""]}},""summary"":""Listed event has no safely parsed date; preserve hiatus or other notice for review""},{""evidence"":{""code"":""approval_notice_review"",""evidence"":{""notice"":""from page 1)                                                    Leyva, who has been managing new events,                           Events"",""page"":2}},""summary"":""Prose approval notice needs a dated event interpretation""},{""evidence"":{""code"":""newsletter_colour_unverified"",""evidence"":{""colour_recovered"":false,""fallback"":""registry"",""snapshot_id"":""snap_20260913T053010Z_478d7ddb5edd""}},""summary"":""Trial or member activity colour was not recovered; newsletter registry status uses the documented fallback""}]},{""source"":""wsdc_newsletter"",""status"":""parsed"",""target_id"":""168739e4497cfe804a117c5e"",""timestamp"":null,""url"":""http://www.worldsdc.com/wp-content/uploads/2020/12/WSDC-Newsletter-Vol-11-6-25-2019.pdf"",""warnings"":[{""evidence"":{""code"":""newsletter_undated_listing"",""evidence"":{""page"":2,""rows"":[""OLD TOWN SWING On Hiatus""]}},""summary"":""Listed event has no safely parsed date; preserve hiatus or other notice for review""},{""evidence"":{""code"":""approval_notice_review"",""evidence"":{""notice"":""• ODYSSEY WEST COAST SWING                           Please send us your questions and topics of            especially those running new events, rely heavily"",""page"":1}},""summary"":""Prose approval notice needs a dated event interpretation""}]},{""source"":""wsdc_newsletter"",""status"":""parsed"",""target_id"":""0b9f1347030560c4c5502e28"",""timestamp"":null,""url"":""http://www.worldsdc.com/wp-content/uploads/2020/12/WSDC-Newsletter-Vol-12-10-10-2019.pdf"",""warnings"":[{""evidence"":{""code"":""newsletter_undated_listing"",""evidence"":{""page"":2,""rows"":[""NEW YEAR’S DANCE EXTRAVAGANZA Dec 31, 2019, Jan 3-5, 2020""]}},""summary"":""Listed event has no safely parsed date; preserve hiatus or other notice for review""}]},{""source"":""wsdc_newsletter"",""status"":""parsed"",""target_id"":""0226ef50385bfa517c9ef79c"",""timestamp"":null,""url"":""http://www.worldsdc.com/wp-content/uploads/2020/12/WSDC-Newsletter-Vol-6-April-9-2018.pdf"",""warnings"":[{""evidence"":{""code"":""newsletter_colour_unverified"",""evidence"":{""colour_recovered"":false,""fallback"":""registry"",""snapshot_id"":""snap_20260913T035045Z_008aaf4c6933""}},""summary"":""Trial or member activity colour was not recovered; newsletter registry status uses the documented fallback""}]},{""source"":""wsdc_newsletter"",""status"":""parsed"",""target_id"":""78a33801c49176cffe273d23"",""timestamp"":null,""url"":""http://www.worldsdc.com/wp-content/uploads/2020/12/WSDC-Newsletter-Vol-7-July-1-2018.pdf"",""warnings"":[{""evidence"":{""code"":""newsletter_undated_listing"",""evidence"":{""page"":1,""rows"":[""SACRAMENTO ALL SWING On Hiatus"",""SEA SUN & SWING CAMP Hiatus""]}},""summary"":""Listed event has no safely parsed date; preserve hiatus or other notice for review""}]},{""source"":""wsdc_newsletter"",""status"":""parsed"",""target_id"":""b64c2d8f8445f615c078e0bb"",""timestamp"":null,""url"":""http://www.worldsdc.com/wp-content/uploads/2020/12/WSDC-Newsletter-Vol-8-10-17-2018.pdf"",""warnings"":[{""evidence"":{""code"":""approval_notice_review"",""evidence"":{""notice"":""scores will not be posted to our database.  We                  events and new events.  Wednesday’s focus is                       December 6-9, 2018"",""page"":2}},""summary"":""Prose approval notice needs a dated event interpretation""}]},{""source"":""wsdc_newsletter"",""status"":""parsed"",""target_id"":""50d5b572f43b42b244112e92"",""timestamp"":null,""url"":""http://www.worldsdc.com/wp-content/uploads/2021/02/WSDC-Newsleter-Vol-13-1-6-2020.pdf"",""warnings"":[{""evidence"":{""code"":""newsletter_undated_listing"",""evidence"":{""page"":2,""rows"":[""ANCHOR FESTIVAL On Hiatus""]}},""summary"":""Listed event has no safely parsed date; preserve hiatus or other notice for review""},{""evidence"":{""code"":""newsletter_colour_unverified"",""evidence"":{""colour_recovered"":false,""fallback"":""registry"",""snapshot_id"":""snap_20260913T053303Z_220a0f22f0f6""}},""summary"":""Trial or member activity colour was not recovered; newsletter registry status uses the documented fallback""}]},{""source"":""wsdc_newsletter"",""status"":""parsed"",""target_id"":""2722818d1b9f0149372dd827"",""timestamp"":null,""url"":""http://www.worldsdc.com/wp-content/uploads/2022/06/WSDC-Newsleter-Vol-22-June-2022.pdf"",""warnings"":[{""evidence"":{""code"":""newsletter_undated_listing"",""evidence"":{""page"":2,""rows"":[""Portland Dance Festival"",""Toronto Open Swing & Hustle Championships"",""Sea Sun & Swing Camp"",""Odyssey West Coast Swing"",""Riga Summer Swing""]}},""summary"":""Listed event has no safely parsed date; preserve hiatus or other notice for review""}]},{""source"":""wsdc_newsletter"",""status"":""parsed"",""target_id"":""a85d2b013a50698e8e0a5c49"",""timestamp"":null,""url"":""http://www.worldsdc.com/wp-content/uploads/2022/09/WSDC-Newsleter-Vol-23-September-2022.pdf"",""warnings"":[{""evidence"":{""code"":""approval_notice_review"",""evidence"":{""notice"":""on the calendar, so that new events are able to select locations and dates that comply with our time distance rules."",""page"":3}},""summary"":""Prose approval notice needs a dated event interpretation""},{""evidence"":{""code"":""newsletter_undated_listing"",""evidence"":{""page"":3,""rows"":[""Countdown Swing Boston Dec 29, 2022, Jan 2, 2023"",""Palm Springs New Year’s West Coast Swing and Hustle Dance Classic"",""Spotlight New Year’s Celebration"",""New Year’s Swing Fling""]}},""summary"":""Listed event has no safely parsed date; preserve hiatus or other notice for review""}]},{""source"":""wsdc_newsletter"",""status"":""parsed"",""target_id"":""33973c1ce87271a5a7076911"",""timestamp"":null,""url"":""http://www.worldsdc.com/wp-content/uploads/2023/01/WSDC-Newsleter-Vol-25-1-5-2023.pdf"",""warnings"":[{""evidence"":{""code"":""newsletter_undated_listing"",""evidence"":{""page"":2,""rows"":[""High Desert Dance Classic On Hiatus"",""Anchor Festival Canceld due to Covid"",""Boston Tea Party Canceld due to Covid""]}},""summary"":""Listed event has no safely parsed date; preserve hiatus or other notice for review""},{""evidence"":{""code"":""newsletter_colour_unverified"",""evidence"":{""colour_recovered"":false,""fallback"":""registry"",""snapshot_id"":""snap_20260913T053423Z_68c1360eb9f6""}},""summary"":""Trial or member activity colour was not recovered; newsletter registry status uses the documented fallback""}]},{""source"":""wsdc_newsletter"",""status"":""parsed"",""target_id"":""41a01dbd519400746ec38193"",""timestamp"":null,""url"":""http://www.worldsdc.com/wp-content/uploads/2024/01/WSDC-Newsletter-Vol-29-1-5-2024-3.0.pdf"",""warnings"":[{""evidence"":{""code"":""approval_notice_review"",""evidence"":{""page"":3}},""summary"":""Newsletter page has no safely dated event rows; review its sidebar and approval notices""},{""evidence"":{""code"":""approval_notice_review"",""evidence"":{""notice"":""We want to see your spot on the calendar, so that new events are able to select locations and dates that                          ideal environment to promote"",""page"":3}},""summary"":""Prose approval notice needs a dated event interpretation""},{""evidence"":{""code"":""newsletter_undated_listing"",""evidence"":{""page"":2,""rows"":[""Anchor Festival On Hiatus""]}},""summary"":""Listed event has no safely parsed date; preserve hiatus or other notice for review""}]},{""source"":""wsdc_newsletter"",""status"":""parsed"",""target_id"":""b961cd353369476360a0b7d9"",""timestamp"":null,""url"":""http://www.worldsdc.com/wp-content/uploads/2024/05/WSDC-Newsletter-Vol-30-05-21-2024-5.0.pdf"",""warnings"":[{""evidence"":{""code"":""newsletter_colour_unverified"",""evidence"":{""colour_recovered"":false,""fallback"":""registry"",""snapshot_id"":""snap_20260913T053443Z_bf5de4bbd205""}},""summary"":""Trial or member activity colour was not recovered; newsletter registry status uses the documented fallback""},{""evidence"":{""code"":""approval_notice_review"",""evidence"":{""notice"":""• Hungarian open                         We would like to welcome the following new Registry Events that have been approved in 2024:"",""page"":1}},""summary"":""Prose approval notice needs a dated event interpretation""},{""evidence"":{""code"":""newsletter_undated_listing"",""evidence"":{""page"":3,""rows"":[""Ukrainian Open Canceled due to war""]}},""summary"":""Listed event has no safely parsed date; preserve hiatus or other notice for review""}]},{""source"":""wsdc_newsletter"",""status"":""parsed"",""target_id"":""f0d02027903ab0803154542c"",""timestamp"":null,""url"":""https://www.worldsdc.com/wp-content/uploads/2023/05/WSDC-Newsletter-Vol-26-05-16-2023-1.pdf"",""warnings"":[{""evidence"":{""code"":""newsletter_undated_listing"",""evidence"":{""page"":2,""rows"":[""Michigan classic On Hiatus"",""Dance N Play On Hiatus""]}},""summary"":""Listed event has no safely parsed date; preserve hiatus or other notice for review""},{""evidence"":{""code"":""newsletter_colour_unverified"",""evidence"":{""colour_recovered"":false,""fallback"":""registry"",""snapshot_id"":""snap_20260913T053450Z_ce3c79f4aa99""}},""summary"":""Trial or member activity colour was not recovered; newsletter registry status uses the documented fallback""}]},{""source"":""wsdc_newsletter"",""status"":""parsed"",""target_id"":""bcf0cbe3c6fa734ee64625e0"",""timestamp"":null,""url"":""https://www.worldsdc.com/wp-content/uploads/2023/09/WSDC-Newsletter-Vol-27-9-11-2023.pdf"",""warnings"":[{""evidence"":{""code"":""newsletter_undated_listing"",""evidence"":{""page"":1,""rows"":[""Norway Westie Fest On Hiatus"",""Austin Rocks On Hiatus"",""Philly Swing Classic On Hiatus"",""European Swing Challenge On Hiatus""]}},""summary"":""Listed event has no safely parsed date; preserve hiatus or other notice for review""},{""evidence"":{""code"":""approval_notice_review"",""evidence"":{""notice"":""September 7 - 10, 2023                        We would like to welcome the following new Registry Events that have been approved in 2023:"",""page"":1}},""summary"":""Prose approval notice needs a dated event interpretation""}]},{""source"":""wsdc_calendar"",""status"":""finding"",""target_id"":""4524f01e997c4e2f34e9ad8b"",""timestamp"":""20160710033710"",""url"":""http://www.worldsdc.com:80/events-map/"",""warnings"":[{""evidence"":{""snapshot_id"":""snap_20260913T051034Z_c954a81d470a""},""summary"":""captured map marker lacks a name or printed date""}]},{""source"":""wsdc_calendar"",""status"":""parsed"",""target_id"":""ff3953a1ccb4da3e936fdabc"",""timestamp"":""20160909052448"",""url"":""http://www.worldsdc.com:80/event-calendar/"",""warnings"":[{""evidence"":{""code"":""unrecognized_listing_date"",""evidence"":{""classes"":[],""country_code"":null,""date"":""2017-01-26 - 1201-01-30"",""event_type"":""Registry Event"",""location"":"""",""name"":""Derby City Swing"",""website"":""http://www.DerbyCitySwing.com""}},""summary"":""unknown calendar date: '2017-01-26 - 1201-01-30'""}]},{""source"":""wsdc_calendar"",""status"":""finding"",""target_id"":""1e7c58035500bacb34f94ee2"",""timestamp"":""20160909104400"",""url"":""http://www.worldsdc.com:80/events-map/"",""warnings"":[{""evidence"":{""snapshot_id"":""snap_20260913T051124Z_69886cf0bd03""},""summary"":""captured map marker lacks a name or printed date""}]},{""source"":""wsdc_calendar"",""status"":""parsed"",""target_id"":""45e7d60cf892aa442bc764ee"",""timestamp"":""20161109222349"",""url"":""http://www.worldsdc.com:80/event-calendar/"",""warnings"":[{""evidence"":{""code"":""unrecognized_listing_date"",""evidence"":{""classes"":[],""country_code"":null,""date"":""2017-08-09 - 2016-08-02"",""event_type"":""Registry Event"",""location"":"""",""name"":""Sea Sun & Swing Camp"",""website"":""http://www.seasunswing.net/""}},""summary"":""unknown calendar date: '2017-08-09 - 2016-08-02'""}]},{""source"":""wsdc_calendar"",""status"":""finding"",""target_id"":""a2bc46c2c8df036f4f4893ce"",""timestamp"":""20161110035618"",""url"":""http://www.worldsdc.com:80/events-map/"",""warnings"":[{""evidence"":{""snapshot_id"":""snap_20260913T051154Z_e4edbdd2484e""},""summary"":""captured map marker lacks a name or printed date""}]},{""source"":""wsdc_calendar"",""status"":""finding"",""target_id"":""35f6bfc5b865f014caed252f"",""timestamp"":""20161212121213"",""url"":""http://www.worldsdc.com:80/events-map/?"",""warnings"":[{""evidence"":{""snapshot_id"":""snap_20260913T051213Z_81a2aa57dba1""},""summary"":""captured map marker lacks a name or printed date""}]},{""source"":""wsdc_calendar"",""status"":""parsed"",""target_id"":""63fc2e9fab71011f49928da1"",""timestamp"":""20190310202901"",""url"":""https://www.worldsdc.com/event-calendar/"",""warnings"":[{""evidence"":{""code"":""unrecognized_listing_date"",""evidence"":{""classes"":[],""country_code"":null,""date"":""2017-10-27 - 2017-10-02"",""event_type"":"""",""location"":"""",""name"":""Atlanta Swing Classic"",""website"":""""}},""summary"":""unknown calendar date: '2017-10-27 - 2017-10-02'""}]},{""source"":""wsdc_calendar"",""status"":""parsed"",""target_id"":""45af6af9a8be9960552c707c"",""timestamp"":""20190723190818"",""url"":""https://www.worldsdc.com/event-calendar/"",""warnings"":[{""evidence"":{""code"":""unrecognized_listing_date"",""evidence"":{""classes"":[],""country_code"":null,""date"":""2017-10-27 - 2017-10-02"",""event_type"":"""",""location"":"""",""name"":""Atlanta Swing Classic"",""website"":""""}},""summary"":""unknown calendar date: '2017-10-27 - 2017-10-02'""},{""evidence"":{""code"":""unrecognized_listing_date"",""evidence"":{""classes"":[],""country_code"":null,""date"":""2020-02-13 - 2020-02-10"",""event_type"":""Registry Event"",""location"":"""",""name"":""Capital Swing Presidents' Day Convention"",""website"":""http://www.capitalswingconvention.com""}},""summary"":""unknown calendar date: '2020-02-13 - 2020-02-10'""}]},{""source"":""wsdc_calendar"",""status"":""parsed"",""target_id"":""ff51b642e9a4b4954b6e59f5"",""timestamp"":""20190803171837"",""url"":""https://www.worldsdc.com/event-calendar/"",""warnings"":[{""evidence"":{""code"":""unrecognized_listing_date"",""evidence"":{""classes"":[],""country_code"":null,""date"":""2017-10-27 - 2017-10-02"",""event_type"":"""",""location"":"""",""name"":""Atlanta Swing Classic"",""website"":""""}},""summary"":""unknown calendar date: '2017-10-27 - 2017-10-02'""},{""evidence"":{""code"":""unrecognized_listing_date"",""evidence"":{""classes"":[],""country_code"":null,""date"":""2020-02-13 - 2020-02-10"",""event_type"":""Registry Event"",""location"":"""",""name"":""Capital Swing Presidents' Day Convention"",""website"":""http://www.capitalswingconvention.com""}},""summary"":""unknown calendar date: '2020-02-13 - 2020-02-10'""}]},{""source"":""wsdc_calendar"",""status"":""parsed"",""target_id"":""f19398f1d6ae2da489cbca06"",""timestamp"":""20190920150618"",""url"":""https://www.worldsdc.com/event-calendar/"",""warnings"":[{""evidence"":{""code"":""unrecognized_listing_date"",""evidence"":{""classes"":[],""country_code"":null,""date"":""2020-02-13 - 2020-02-10"",""event_type"":""Registry Event"",""location"":"""",""name"":""Capital Swing Presidents' Day Convention"",""website"":""http://www.capitalswingconvention.com""}},""summary"":""unknown calendar date: '2020-02-13 - 2020-02-10'""},{""evidence"":{""code"":""unrecognized_listing_date"",""evidence"":{""classes"":[],""country_code"":null,""date"":""2017-10-27 - 2017-10-02"",""event_type"":"""",""location"":"""",""name"":""Atlanta Swing Classic"",""website"":""""}},""summary"":""unknown calendar date: '2017-10-27 - 2017-10-02'""}]},{""source"":""wsdc_calendar"",""status"":""parsed"",""target_id"":""6ce7ce1a4672bb04f9e6f54a"",""timestamp"":""20191018054453"",""url"":""https://www.worldsdc.com/event-calendar/"",""warnings"":[{""evidence"":{""code"":""unrecognized_listing_date"",""evidence"":{""classes"":[],""country_code"":null,""date"":""2020-02-13 - 2020-02-10"",""event_type"":""Registry Event"",""location"":"""",""name"":""Capital Swing Presidents' Day Convention"",""website"":""http://www.capitalswingconvention.com""}},""summary"":""unknown calendar date: '2020-02-13 - 2020-02-10'""},{""evidence"":{""code"":""unrecognized_listing_date"",""evidence"":{""classes"":[],""country_code"":null,""date"":""2017-10-27 - 2017-10-02"",""event_type"":"""",""location"":"""",""name"":""Atlanta Swing Classic"",""website"":""""}},""summary"":""unknown calendar date: '2017-10-27 - 2017-10-02'""}]},{""source"":""wsdc_calendar"",""status"":""parsed"",""target_id"":""1b3c6c6919989e1fb2654ece"",""timestamp"":""20191106155651"",""url"":""https://www.worldsdc.com/event-calendar/"",""warnings"":[{""evidence"":{""code"":""unrecognized_listing_date"",""evidence"":{""classes"":[],""country_code"":null,""date"":""2017-10-27 - 2017-10-02"",""event_type"":"""",""location"":"""",""name"":""Atlanta Swing Classic"",""website"":""""}},""summary"":""unknown calendar date: '2017-10-27 - 2017-10-02'""},{""evidence"":{""code"":""unrecognized_listing_date"",""evidence"":{""classes"":[],""country_code"":null,""date"":""2020-02-13 - 2020-02-10"",""event_type"":""Registry Event"",""location"":"""",""name"":""Capital Swing Presidents' Day Convention"",""website"":""http://www.capitalswingconvention.com""}},""summary"":""unknown calendar date: '2020-02-13 - 2020-02-10'""}]},{""source"":""wsdc_calendar"",""status"":""parsed"",""target_id"":""0c1a65f8427b8be5c9cf8c7c"",""timestamp"":""20191212192203"",""url"":""https://www.worldsdc.com/event-calendar/"",""warnings"":[{""evidence"":{""code"":""unrecognized_listing_date"",""evidence"":{""classes"":[],""country_code"":null,""date"":""2017-10-27 - 2017-10-02"",""event_type"":"""",""location"":"""",""name"":""Atlanta Swing Classic"",""website"":""""}},""summary"":""unknown calendar date: '2017-10-27 - 2017-10-02'""}]},{""source"":""wsdc_calendar"",""status"":""parsed"",""target_id"":""a1552033d5ab342fc7915696"",""timestamp"":""20210920204412"",""url"":""https://www.worldsdc.com/event-calendar/"",""warnings"":[{""evidence"":{""code"":""unrecognized_listing_date"",""evidence"":{""classes"":[],""country_code"":null,""date"":""2021-10-15 - 2020-10-21"",""event_type"":""Registry Event"",""location"":"""",""name"":""European Swing Challenge (Cancelled due to Covid-19)"",""website"":""http://www.jiveaddiction.com""}},""summary"":""unknown calendar date: '2021-10-15 - 2020-10-21'""}]},{""source"":""wsdc_calendar"",""status"":""parsed"",""target_id"":""7b80fe7a9bb1bba64608cee6"",""timestamp"":""20211207001407"",""url"":""https://www.worldsdc.com/event-calendar/"",""warnings"":[{""evidence"":{""code"":""unrecognized_listing_date"",""evidence"":{""classes"":[],""country_code"":null,""date"":""2021-10-15 - 2020-10-21"",""event_type"":""Registry Event"",""location"":"""",""name"":""European Swing Challenge (Cancelled due to Covid-19)"",""website"":""http://www.jiveaddiction.com""}},""summary"":""unknown calendar date: '2021-10-15 - 2020-10-21'""}]},{""source"":""wsdc_calendar"",""status"":""parsed"",""target_id"":""60d215c8c0b614f4183762c9"",""timestamp"":""20220118200123"",""url"":""https://www.worldsdc.com/event-calendar/"",""warnings"":[{""evidence"":{""code"":""unrecognized_listing_date"",""evidence"":{""classes"":[],""country_code"":null,""date"":""2021-10-15 - 2020-10-21"",""event_type"":""Registry Event"",""location"":"""",""name"":""European Swing Challenge (Cancelled due to Covid-19)"",""website"":""http://www.jiveaddiction.com""}},""summary"":""unknown calendar date: '2021-10-15 - 2020-10-21'""}]},{""source"":""wsdc_calendar"",""status"":""parsed"",""target_id"":""31073eb64db45b0b3bc14037"",""timestamp"":""20220327070320"",""url"":""https://www.worldsdc.com/event-calendar/"",""warnings"":[{""evidence"":{""code"":""unrecognized_listing_date"",""evidence"":{""classes"":[],""country_code"":null,""date"":""2021-10-15 - 2020-10-21"",""event_type"":""Registry Event"",""location"":"""",""name"":""European Swing Challenge (Cancelled due to Covid-19)"",""website"":""http://www.jiveaddiction.com""}},""summary"":""unknown calendar date: '2021-10-15 - 2020-10-21'""}]},{""source"":""wsdc_calendar"",""status"":""parsed"",""target_id"":""a62ed37377f66f873478b99f"",""timestamp"":""20220516154440"",""url"":""https://www.worldsdc.com/event-calendar/"",""warnings"":[{""evidence"":{""code"":""unrecognized_listing_date"",""evidence"":{""classes"":[],""country_code"":null,""date"":""2021-10-15 - 2020-10-21"",""event_type"":""Registry Event"",""location"":"""",""name"":""European Swing Challenge (Cancelled due to Covid-19)"",""website"":""http://www.jiveaddiction.com""}},""summary"":""unknown calendar date: '2021-10-15 - 2020-10-21'""},{""evidence"":{""code"":""unrecognized_listing_date"",""evidence"":{""classes"":[],""country_code"":null,""date"":""2023-03-02 - 2022-03-08"",""event_type"":""Registry Event"",""location"":"""",""name"":""MADjam (Mid Atlantic Dance Jam)"",""website"":""http://www.atlanticdancejam.com""}},""summary"":""unknown calendar date: '2023-03-02 - 2022-03-08'""},{""evidence"":{""code"":""unrecognized_listing_date"",""evidence"":{""classes"":[],""country_code"":null,""date"":""2023-04-14 - 2022-04-17"",""event_type"":""Registry Event"",""location"":"""",""name"":""WESTY NANTES"",""website"":""https://www.westynantes.com/""}},""summary"":""unknown calendar date: '2023-04-14 - 2022-04-17'""}]},{""source"":""wsdc_calendar"",""status"":""parsed"",""target_id"":""772e82ab89c8201dae8a26f6"",""timestamp"":""20220927051335"",""url"":""https://www.worldsdc.com/event-calendar/"",""warnings"":[{""evidence"":{""code"":""unrecognized_listing_date"",""evidence"":{""classes"":[],""country_code"":null,""date"":""2023-04-14 - 2022-04-17"",""event_type"":""Registry Event"",""location"":"""",""name"":""WESTY NANTES"",""website"":""https://www.westynantes.com/""}},""summary"":""unknown calendar date: '2023-04-14 - 2022-04-17'""},{""evidence"":{""code"":""unrecognized_listing_date"",""evidence"":{""classes"":[],""country_code"":null,""date"":""2021-10-15 - 2020-10-21"",""event_type"":""Registry Event"",""location"":"""",""name"":""European Swing Challenge (Cancelled due to Covid-19)"",""website"":""http://www.jiveaddiction.com""}},""summary"":""unknown calendar date: '2021-10-15 - 2020-10-21'""},{""evidence"":{""code"":""unrecognized_listing_date"",""evidence"":{""classes"":[],""country_code"":null,""date"":""2023-03-02 - 2022-03-08"",""event_type"":""Registry Event"",""location"":"""",""name"":""MADjam (Mid Atlantic Dance Jam)"",""website"":""http://www.atlanticdancejam.com""}},""summary"":""unknown calendar date: '2023-03-02 - 2022-03-08'""}]},{""source"":""wsdc_calendar"",""status"":""pending"",""target_id"":""a9a1981e91474f1967356d61"",""timestamp"":""20250226151724"",""url"":""https://www.worldsdc.com/events/"",""warnings"":[]},{""source"":""wsdc_calendar"",""status"":""pending"",""target_id"":""ea4e68c086533dd6581c3015"",""timestamp"":""20250423104016"",""url"":""https://www.worldsdc.com/print-event-list/"",""warnings"":[]},{""source"":""wsdc_calendar"",""status"":""pending"",""target_id"":""24eaae0d5fea3221affb5a0a"",""timestamp"":""20250512152735"",""url"":""https://www.worldsdc.com/events/"",""warnings"":[]},{""source"":""wsdc_calendar"",""status"":""pending"",""target_id"":""828e41e7f8f4bfd34d171092"",""timestamp"":""20250814164915"",""url"":""https://www.worldsdc.com/print-event-list/"",""warnings"":[]},{""source"":""wsdc_calendar"",""status"":""pending"",""target_id"":""3c5a6116618208e4556dd9e7"",""timestamp"":""20251006110156"",""url"":""https://www.worldsdc.com/events/"",""warnings"":[]},{""source"":""wsdc_calendar"",""status"":""pending"",""target_id"":""e7dcb140bcbd077c67c0d425"",""timestamp"":""20251115173727"",""url"":""https://www.worldsdc.com/print-event-list/"",""warnings"":[]},{""source"":""wsdc_calendar"",""status"":""pending"",""target_id"":""f140e9fd5864d1c777006540"",""timestamp"":""20251219091106"",""url"":""https://www.worldsdc.com/events/"",""warnings"":[]},{""source"":""wsdc_calendar"",""status"":""pending"",""target_id"":""763f8950892b9e719910fcd3"",""timestamp"":""20251219113055"",""url"":""https://www.worldsdc.com/events/"",""warnings"":[]},{""source"":""wsdc_calendar"",""status"":""pending"",""target_id"":""f0dcc51ff963f79c44d90734"",""timestamp"":""20260107152659"",""url"":""https://www.worldsdc.com/events/"",""warnings"":[]},{""source"":""wsdc_calendar"",""status"":""pending"",""target_id"":""fa9d6701e2418b435644b296"",""timestamp"":""20260110202716"",""url"":""https://www.worldsdc.com/events/"",""warnings"":[]},{""source"":""wsdc_calendar"",""status"":""pending"",""target_id"":""9fad90785a2f773113d0c84d"",""timestamp"":""20260120214828"",""url"":""https://www.worldsdc.com/events/"",""warnings"":[]},{""source"":""wsdc_calendar"",""status"":""pending"",""target_id"":""032270847f79d7aebca98f65"",""timestamp"":""20260211205531"",""url"":""https://www.worldsdc.com/print-event-list/"",""warnings"":[]},{""source"":""wsdc_calendar"",""status"":""pending"",""target_id"":""edb1d1478b3fe19a626a30d7"",""timestamp"":""20260308093633"",""url"":""https://www.worldsdc.com/events/"",""warnings"":[]},{""source"":""wsdc_calendar"",""status"":""pending"",""target_id"":""017e59a25155c25983b14000"",""timestamp"":""20260513152740"",""url"":""https://www.worldsdc.com/print-event-list/"",""warnings"":[]},{""source"":""wsdc_calendar"",""status"":""pending"",""target_id"":""2b8b7d5b424f394e25c2b7bb"",""timestamp"":""20260513162349"",""url"":""https://www.worldsdc.com/events/"",""warnings"":[]},{""source"":""wsdc_calendar"",""status"":""pending"",""target_id"":""9592958a3cd694d86e677fc5"",""timestamp"":""20260521133133"",""url"":""https://www.worldsdc.com/events/"",""warnings"":[]},{""source"":""wsdc_calendar"",""status"":""pending"",""target_id"":""2dd8b6dc4d2d264495a33f0f"",""timestamp"":""20260813102731"",""url"":""https://worldsdc.com/events/"",""warnings"":[]}],""year"":2022}",phase1_incomplete,2022,phase1_year,,2022,history_year,,"Event-list catalog has pending captures, unresolved parse findings, or missing discovery"
"{""gaps"":[{""source"":""wsdc_newsletter"",""status"":""parsed"",""target_id"":""20080cca8335d832e9581711"",""timestamp"":null,""url"":""http://www.worldsdc.com/wp-content/uploads/2017/12/161202-WSDC-Newsletter-Vol-1-4.pdf"",""warnings"":[{""evidence"":{""code"":""newsletter_undated_listing"",""evidence"":{""page"":2,""rows"":[""HOLY LAND OPEN On Hiatus""]}},""summary"":""Listed event has no safely parsed date; preserve hiatus or other notice for review""}]},{""source"":""wsdc_newsletter"",""status"":""parsed"",""target_id"":""e993372b27c920b7bf25238f"",""timestamp"":null,""url"":""http://www.worldsdc.com/wp-content/uploads/2017/12/170705-WSDC-Newsletter-Vol-3-7-5-2017.pdf"",""warnings"":[{""evidence"":{""code"":""newsletter_undated_listing"",""evidence"":{""page"":2,""rows"":[""SUNNY SIDE DANCE CAMP On Hiatus""]}},""summary"":""Listed event has no safely parsed date; preserve hiatus or other notice for review""}]},{""source"":""wsdc_newsletter"",""status"":""parsed"",""target_id"":""e34b2344655e659de5b60d89"",""timestamp"":null,""url"":""http://www.worldsdc.com/wp-content/uploads/2017/12/171229-WSDC-Newsleter-Vol-5-12-29-2017.pdf"",""warnings"":[{""evidence"":{""code"":""newsletter_undated_listing"",""evidence"":{""page"":2,""rows"":[""AUSTRALIAN WEST COAST SWING AND ZOUK On Hiatus""]}},""summary"":""Listed event has no safely parsed date; preserve hiatus or other notice for review""}]},{""source"":""wsdc_newsletter"",""status"":""parsed"",""target_id"":""0e8afed4a25aa5c6fd5f2741"",""timestamp"":null,""url"":""http://www.worldsdc.com/wp-content/uploads/2020/12/170330-WSDC-Newsletter-Vol-2-3.pdf"",""warnings"":[{""evidence"":{""code"":""newsletter_undated_listing"",""evidence"":{""page"":2,""rows"":[""SLINGSHOT SWING On Hiatus"",""CMJ NSW WEST COAST SWING DANCE CHAMPIONSHIPS On Hiatus""]}},""summary"":""Listed event has no safely parsed date; preserve hiatus or other notice for review""},{""evidence"":{""code"":""approval_notice_review"",""evidence"":{""notice"":""Apr 13 – 16, 2017                      quarter of 2017 new registry events included:                  We currently have 154 Registry Events, 84 in"",""page"":1}},""summary"":""Prose approval notice needs a dated event interpretation""}]},{""source"":""wsdc_newsletter"",""status"":""parsed"",""target_id"":""c2b50fd841877f25729aeb0c"",""timestamp"":null,""url"":""http://www.worldsdc.com/wp-content/uploads/2020/12/171005-WSDC-Newsletter-Vol-4-10-5-2017.pdf"",""warnings"":[{""evidence"":{""code"":""newsletter_undated_listing"",""evidence"":{""page"":1,""rows"":[""SWUSTLICIOUS October 19-22, 201717""]}},""summary"":""Listed event has no safely parsed date; preserve hiatus or other notice for review""}]},{""source"":""wsdc_newsletter"",""status"":""parsed"",""target_id"":""c16974cf6a719bb6f6e3c9da"",""timestamp"":null,""url"":""http://www.worldsdc.com/wp-content/uploads/2020/12/WSDC-Newsleter-Vol-10-04-12-2019.pdf"",""warnings"":[{""evidence"":{""code"":""newsletter_undated_listing"",""evidence"":{""page"":2,""rows"":[""HUNGARIAN OPEN May 24 – 26, 20189""]}},""summary"":""Listed event has no safely parsed date; preserve hiatus or other notice for review""},{""evidence"":{""code"":""newsletter_colour_unverified"",""evidence"":{""colour_recovered"":false,""fallback"":""registry"",""snapshot_id"":""snap_20260913T053000Z_11d8e6dbdaab""}},""summary"":""Trial or member activity colour was not recovered; newsletter registry status uses the documented fallback""}]},{""source"":""wsdc_newsletter"",""status"":""parsed"",""target_id"":""9674911cc8f2d2803682db49"",""timestamp"":null,""url"":""http://www.worldsdc.com/wp-content/uploads/2020/12/WSDC-Newsleter-Vol-9-1-24-2019.pdf"",""warnings"":[{""evidence"":{""code"":""newsletter_undated_listing"",""evidence"":{""page"":2,""rows"":[""SWEETHEART SWING CLASSIC On Hiatus""]}},""summary"":""Listed event has no safely parsed date; preserve hiatus or other notice for review""},{""evidence"":{""code"":""approval_notice_review"",""evidence"":{""notice"":""from page 1)                                                    Leyva, who has been managing new events,                           Events"",""page"":2}},""summary"":""Prose approval notice needs a dated event interpretation""},{""evidence"":{""code"":""newsletter_colour_unverified"",""evidence"":{""colour_recovered"":false,""fallback"":""registry"",""snapshot_id"":""snap_20260913T053010Z_478d7ddb5edd""}},""summary"":""Trial or member activity colour was not recovered; newsletter registry status uses the documented fallback""}]},{""source"":""wsdc_newsletter"",""status"":""parsed"",""target_id"":""168739e4497cfe804a117c5e"",""timestamp"":null,""url"":""http://www.worldsdc.com/wp-content/uploads/2020/12/WSDC-Newsletter-Vol-11-6-25-2019.pdf"",""warnings"":[{""evidence"":{""code"":""newsletter_undated_listing"",""evidence"":{""page"":2,""rows"":[""OLD TOWN SWING On Hiatus""]}},""summary"":""Listed event has no safely parsed date; preserve hiatus or other notice for review""},{""evidence"":{""code"":""approval_notice_review"",""evidence"":{""notice"":""• ODYSSEY WEST COAST SWING                           Please send us your questions and topics of            especially those running new events, rely heavily"",""page"":1}},""summary"":""Prose approval notice needs a dated event interpretation""}]},{""source"":""wsdc_newsletter"",""status"":""parsed"",""target_id"":""0b9f1347030560c4c5502e28"",""timestamp"":null,""url"":""http://www.worldsdc.com/wp-content/uploads/2020/12/WSDC-Newsletter-Vol-12-10-10-2019.pdf"",""warnings"":[{""evidence"":{""code"":""newsletter_undated_listing"",""evidence"":{""page"":2,""rows"":[""NEW YEAR’S DANCE EXTRAVAGANZA Dec 31, 2019, Jan 3-5, 2020""]}},""summary"":""Listed event has no safely parsed date; preserve hiatus or other notice for review""}]},{""source"":""wsdc_newsletter"",""status"":""parsed"",""target_id"":""0226ef50385bfa517c9ef79c"",""timestamp"":null,""url"":""http://www.worldsdc.com/wp-content/uploads/2020/12/WSDC-Newsletter-Vol-6-April-9-2018.pdf"",""warnings"":[{""evidence"":{""code"":""newsletter_colour_unverified"",""evidence"":{""colour_recovered"":false,""fallback"":""registry"",""snapshot_id"":""snap_20260913T035045Z_008aaf4c6933""}},""summary"":""Trial or member activity colour was not recovered; newsletter registry status uses the documented fallback""}]},{""source"":""wsdc_newsletter"",""status"":""parsed"",""target_id"":""78a33801c49176cffe273d23"",""timestamp"":null,""url"":""http://www.worldsdc.com/wp-content/uploads/2020/12/WSDC-Newsletter-Vol-7-July-1-2018.pdf"",""warnings"":[{""evidence"":{""code"":""newsletter_undated_listing"",""evidence"":{""page"":1,""rows"":[""SACRAMENTO ALL SWING On Hiatus"",""SEA SUN & SWING CAMP Hiatus""]}},""summary"":""Listed event has no safely parsed date; preserve hiatus or other notice for review""}]},{""source"":""wsdc_newsletter"",""status"":""parsed"",""target_id"":""b64c2d8f8445f615c078e0bb"",""timestamp"":null,""url"":""http://www.worldsdc.com/wp-content/uploads/2020/12/WSDC-Newsletter-Vol-8-10-17-2018.pdf"",""warnings"":[{""evidence"":{""code"":""approval_notice_review"",""evidence"":{""notice"":""scores will not be posted to our database.  We                  events and new events.  Wednesday’s focus is                       December 6-9, 2018"",""page"":2}},""summary"":""Prose approval notice needs a dated event interpretation""}]},{""source"":""wsdc_newsletter"",""status"":""parsed"",""target_id"":""50d5b572f43b42b244112e92"",""timestamp"":null,""url"":""http://www.worldsdc.com/wp-content/uploads/2021/02/WSDC-Newsleter-Vol-13-1-6-2020.pdf"",""warnings"":[{""evidence"":{""code"":""newsletter_undated_listing"",""evidence"":{""page"":2,""rows"":[""ANCHOR FESTIVAL On Hiatus""]}},""summary"":""Listed event has no safely parsed date; preserve hiatus or other notice for review""},{""evidence"":{""code"":""newsletter_colour_unverified"",""evidence"":{""colour_recovered"":false,""fallback"":""registry"",""snapshot_id"":""snap_20260913T053303Z_220a0f22f0f6""}},""summary"":""Trial or member activity colour was not recovered; newsletter registry status uses the documented fallback""}]},{""source"":""wsdc_newsletter"",""status"":""parsed"",""target_id"":""2722818d1b9f0149372dd827"",""timestamp"":null,""url"":""http://www.worldsdc.com/wp-content/uploads/2022/06/WSDC-Newsleter-Vol-22-June-2022.pdf"",""warnings"":[{""evidence"":{""code"":""newsletter_undated_listing"",""evidence"":{""page"":2,""rows"":[""Portland Dance Festival"",""Toronto Open Swing & Hustle Championships"",""Sea Sun & Swing Camp"",""Odyssey West Coast Swing"",""Riga Summer Swing""]}},""summary"":""Listed event has no safely parsed date; preserve hiatus or other notice for review""}]},{""source"":""wsdc_newsletter"",""status"":""parsed"",""target_id"":""a85d2b013a50698e8e0a5c49"",""timestamp"":null,""url"":""http://www.worldsdc.com/wp-content/uploads/2022/09/WSDC-Newsleter-Vol-23-September-2022.pdf"",""warnings"":[{""evidence"":{""code"":""approval_notice_review"",""evidence"":{""notice"":""on the calendar, so that new events are able to select locations and dates that comply with our time distance rules."",""page"":3}},""summary"":""Prose approval notice needs a dated event interpretation""},{""evidence"":{""code"":""newsletter_undated_listing"",""evidence"":{""page"":3,""rows"":[""Countdown Swing Boston Dec 29, 2022, Jan 2, 2023"",""Palm Springs New Year’s West Coast Swing and Hustle Dance Classic"",""Spotlight New Year’s Celebration"",""New Year’s Swing Fling""]}},""summary"":""Listed event has no safely parsed date; preserve hiatus or other notice for review""}]},{""source"":""wsdc_newsletter"",""status"":""parsed"",""target_id"":""33973c1ce87271a5a7076911"",""timestamp"":null,""url"":""http://www.worldsdc.com/wp-content/uploads/2023/01/WSDC-Newsleter-Vol-25-1-5-2023.pdf"",""warnings"":[{""evidence"":{""code"":""newsletter_undated_listing"",""evidence"":{""page"":2,""rows"":[""High Desert Dance Classic On Hiatus"",""Anchor Festival Canceld due to Covid"",""Boston Tea Party Canceld due to Covid""]}},""summary"":""Listed event has no safely parsed date; preserve hiatus or other notice for review""},{""evidence"":{""code"":""newsletter_colour_unverified"",""evidence"":{""colour_recovered"":false,""fallback"":""registry"",""snapshot_id"":""snap_20260913T053423Z_68c1360eb9f6""}},""summary"":""Trial or member activity colour was not recovered; newsletter registry status uses the documented fallback""}]},{""source"":""wsdc_newsletter"",""status"":""parsed"",""target_id"":""41a01dbd519400746ec38193"",""timestamp"":null,""url"":""http://www.worldsdc.com/wp-content/uploads/2024/01/WSDC-Newsletter-Vol-29-1-5-2024-3.0.pdf"",""warnings"":[{""evidence"":{""code"":""approval_notice_review"",""evidence"":{""page"":3}},""summary"":""Newsletter page has no safely dated event rows; review its sidebar and approval notices""},{""evidence"":{""code"":""approval_notice_review"",""evidence"":{""notice"":""We want to see your spot on the calendar, so that new events are able to select locations and dates that                          ideal environment to promote"",""page"":3}},""summary"":""Prose approval notice needs a dated event interpretation""},{""evidence"":{""code"":""newsletter_undated_listing"",""evidence"":{""page"":2,""rows"":[""Anchor Festival On Hiatus""]}},""summary"":""Listed event has no safely parsed date; preserve hiatus or other notice for review""}]},{""source"":""wsdc_newsletter"",""status"":""parsed"",""target_id"":""b961cd353369476360a0b7d9"",""timestamp"":null,""url"":""http://www.worldsdc.com/wp-content/uploads/2024/05/WSDC-Newsletter-Vol-30-05-21-2024-5.0.pdf"",""warnings"":[{""evidence"":{""code"":""newsletter_colour_unverified"",""evidence"":{""colour_recovered"":false,""fallback"":""registry"",""snapshot_id"":""snap_20260913T053443Z_bf5de4bbd205""}},""summary"":""Trial or member activity colour was not recovered; newsletter registry status uses the documented fallback""},{""evidence"":{""code"":""approval_notice_review"",""evidence"":{""notice"":""• Hungarian open                         We would like to welcome the following new Registry Events that have been approved in 2024:"",""page"":1}},""summary"":""Prose approval notice needs a dated event interpretation""},{""evidence"":{""code"":""newsletter_undated_listing"",""evidence"":{""page"":3,""rows"":[""Ukrainian Open Canceled due to war""]}},""summary"":""Listed event has no safely parsed date; preserve hiatus or other notice for review""}]},{""source"":""wsdc_newsletter"",""status"":""parsed"",""target_id"":""f0d02027903ab0803154542c"",""timestamp"":null,""url"":""https://www.worldsdc.com/wp-content/uploads/2023/05/WSDC-Newsletter-Vol-26-05-16-2023-1.pdf"",""warnings"":[{""evidence"":{""code"":""newsletter_undated_listing"",""evidence"":{""page"":2,""rows"":[""Michigan classic On Hiatus"",""Dance N Play On Hiatus""]}},""summary"":""Listed event has no safely parsed date; preserve hiatus or other notice for review""},{""evidence"":{""code"":""newsletter_colour_unverified"",""evidence"":{""colour_recovered"":false,""fallback"":""registry"",""snapshot_id"":""snap_20260913T053450Z_ce3c79f4aa99""}},""summary"":""Trial or member activity colour was not recovered; newsletter registry status uses the documented fallback""}]},{""source"":""wsdc_newsletter"",""status"":""parsed"",""target_id"":""bcf0cbe3c6fa734ee64625e0"",""timestamp"":null,""url"":""https://www.worldsdc.com/wp-content/uploads/2023/09/WSDC-Newsletter-Vol-27-9-11-2023.pdf"",""warnings"":[{""evidence"":{""code"":""newsletter_undated_listing"",""evidence"":{""page"":1,""rows"":[""Norway Westie Fest On Hiatus"",""Austin Rocks On Hiatus"",""Philly Swing Classic On Hiatus"",""European Swing Challenge On Hiatus""]}},""summary"":""Listed event has no safely parsed date; preserve hiatus or other notice for review""},{""evidence"":{""code"":""approval_notice_review"",""evidence"":{""notice"":""September 7 - 10, 2023                        We would like to welcome the following new Registry Events that have been approved in 2023:"",""page"":1}},""summary"":""Prose approval notice needs a dated event interpretation""}]},{""source"":""wsdc_calendar"",""status"":""finding"",""target_id"":""4524f01e997c4e2f34e9ad8b"",""timestamp"":""20160710033710"",""url"":""http://www.worldsdc.com:80/events-map/"",""warnings"":[{""evidence"":{""snapshot_id"":""snap_20260913T051034Z_c954a81d470a""},""summary"":""captured map marker lacks a name or printed date""}]},{""source"":""wsdc_calendar"",""status"":""parsed"",""target_id"":""ff3953a1ccb4da3e936fdabc"",""timestamp"":""20160909052448"",""url"":""http://www.worldsdc.com:80/event-calendar/"",""warnings"":[{""evidence"":{""code"":""unrecognized_listing_date"",""evidence"":{""classes"":[],""country_code"":null,""date"":""2017-01-26 - 1201-01-30"",""event_type"":""Registry Event"",""location"":"""",""name"":""Derby City Swing"",""website"":""http://www.DerbyCitySwing.com""}},""summary"":""unknown calendar date: '2017-01-26 - 1201-01-30'""}]},{""source"":""wsdc_calendar"",""status"":""finding"",""target_id"":""1e7c58035500bacb34f94ee2"",""timestamp"":""20160909104400"",""url"":""http://www.worldsdc.com:80/events-map/"",""warnings"":[{""evidence"":{""snapshot_id"":""snap_20260913T051124Z_69886cf0bd03""},""summary"":""captured map marker lacks a name or printed date""}]},{""source"":""wsdc_calendar"",""status"":""parsed"",""target_id"":""45e7d60cf892aa442bc764ee"",""timestamp"":""20161109222349"",""url"":""http://www.worldsdc.com:80/event-calendar/"",""warnings"":[{""evidence"":{""code"":""unrecognized_listing_date"",""evidence"":{""classes"":[],""country_code"":null,""date"":""2017-08-09 - 2016-08-02"",""event_type"":""Registry Event"",""location"":"""",""name"":""Sea Sun & Swing Camp"",""website"":""http://www.seasunswing.net/""}},""summary"":""unknown calendar date: '2017-08-09 - 2016-08-02'""}]},{""source"":""wsdc_calendar"",""status"":""finding"",""target_id"":""a2bc46c2c8df036f4f4893ce"",""timestamp"":""20161110035618"",""url"":""http://www.worldsdc.com:80/events-map/"",""warnings"":[{""evidence"":{""snapshot_id"":""snap_20260913T051154Z_e4edbdd2484e""},""summary"":""captured map marker lacks a name or printed date""}]},{""source"":""wsdc_calendar"",""status"":""finding"",""target_id"":""35f6bfc5b865f014caed252f"",""timestamp"":""20161212121213"",""url"":""http://www.worldsdc.com:80/events-map/?"",""warnings"":[{""evidence"":{""snapshot_id"":""snap_20260913T051213Z_81a2aa57dba1""},""summary"":""captured map marker lacks a name or printed date""}]},{""source"":""wsdc_calendar"",""status"":""parsed"",""target_id"":""63fc2e9fab71011f49928da1"",""timestamp"":""20190310202901"",""url"":""https://www.worldsdc.com/event-calendar/"",""warnings"":[{""evidence"":{""code"":""unrecognized_listing_date"",""evidence"":{""classes"":[],""country_code"":null,""date"":""2017-10-27 - 2017-10-02"",""event_type"":"""",""location"":"""",""name"":""Atlanta Swing Classic"",""website"":""""}},""summary"":""unknown calendar date: '2017-10-27 - 2017-10-02'""}]},{""source"":""wsdc_calendar"",""status"":""parsed"",""target_id"":""45af6af9a8be9960552c707c"",""timestamp"":""20190723190818"",""url"":""https://www.worldsdc.com/event-calendar/"",""warnings"":[{""evidence"":{""code"":""unrecognized_listing_date"",""evidence"":{""classes"":[],""country_code"":null,""date"":""2017-10-27 - 2017-10-02"",""event_type"":"""",""location"":"""",""name"":""Atlanta Swing Classic"",""website"":""""}},""summary"":""unknown calendar date: '2017-10-27 - 2017-10-02'""},{""evidence"":{""code"":""unrecognized_listing_date"",""evidence"":{""classes"":[],""country_code"":null,""date"":""2020-02-13 - 2020-02-10"",""event_type"":""Registry Event"",""location"":"""",""name"":""Capital Swing Presidents' Day Convention"",""website"":""http://www.capitalswingconvention.com""}},""summary"":""unknown calendar date: '2020-02-13 - 2020-02-10'""}]},{""source"":""wsdc_calendar"",""status"":""parsed"",""target_id"":""ff51b642e9a4b4954b6e59f5"",""timestamp"":""20190803171837"",""url"":""https://www.worldsdc.com/event-calendar/"",""warnings"":[{""evidence"":{""code"":""unrecognized_listing_date"",""evidence"":{""classes"":[],""country_code"":null,""date"":""2017-10-27 - 2017-10-02"",""event_type"":"""",""location"":"""",""name"":""Atlanta Swing Classic"",""website"":""""}},""summary"":""unknown calendar date: '2017-10-27 - 2017-10-02'""},{""evidence"":{""code"":""unrecognized_listing_date"",""evidence"":{""classes"":[],""country_code"":null,""date"":""2020-02-13 - 2020-02-10"",""event_type"":""Registry Event"",""location"":"""",""name"":""Capital Swing Presidents' Day Convention"",""website"":""http://www.capitalswingconvention.com""}},""summary"":""unknown calendar date: '2020-02-13 - 2020-02-10'""}]},{""source"":""wsdc_calendar"",""status"":""parsed"",""target_id"":""f19398f1d6ae2da489cbca06"",""timestamp"":""20190920150618"",""url"":""https://www.worldsdc.com/event-calendar/"",""warnings"":[{""evidence"":{""code"":""unrecognized_listing_date"",""evidence"":{""classes"":[],""country_code"":null,""date"":""2020-02-13 - 2020-02-10"",""event_type"":""Registry Event"",""location"":"""",""name"":""Capital Swing Presidents' Day Convention"",""website"":""http://www.capitalswingconvention.com""}},""summary"":""unknown calendar date: '2020-02-13 - 2020-02-10'""},{""evidence"":{""code"":""unrecognized_listing_date"",""evidence"":{""classes"":[],""country_code"":null,""date"":""2017-10-27 - 2017-10-02"",""event_type"":"""",""location"":"""",""name"":""Atlanta Swing Classic"",""website"":""""}},""summary"":""unknown calendar date: '2017-10-27 - 2017-10-02'""}]},{""source"":""wsdc_calendar"",""status"":""parsed"",""target_id"":""6ce7ce1a4672bb04f9e6f54a"",""timestamp"":""20191018054453"",""url"":""https://www.worldsdc.com/event-calendar/"",""warnings"":[{""evidence"":{""code"":""unrecognized_listing_date"",""evidence"":{""classes"":[],""country_code"":null,""date"":""2020-02-13 - 2020-02-10"",""event_type"":""Registry Event"",""location"":"""",""name"":""Capital Swing Presidents' Day Convention"",""website"":""http://www.capitalswingconvention.com""}},""summary"":""unknown calendar date: '2020-02-13 - 2020-02-10'""},{""evidence"":{""code"":""unrecognized_listing_date"",""evidence"":{""classes"":[],""country_code"":null,""date"":""2017-10-27 - 2017-10-02"",""event_type"":"""",""location"":"""",""name"":""Atlanta Swing Classic"",""website"":""""}},""summary"":""unknown calendar date: '2017-10-27 - 2017-10-02'""}]},{""source"":""wsdc_calendar"",""status"":""parsed"",""target_id"":""1b3c6c6919989e1fb2654ece"",""timestamp"":""20191106155651"",""url"":""https://www.worldsdc.com/event-calendar/"",""warnings"":[{""evidence"":{""code"":""unrecognized_listing_date"",""evidence"":{""classes"":[],""country_code"":null,""date"":""2017-10-27 - 2017-10-02"",""event_type"":"""",""location"":"""",""name"":""Atlanta Swing Classic"",""website"":""""}},""summary"":""unknown calendar date: '2017-10-27 - 2017-10-02'""},{""evidence"":{""code"":""unrecognized_listing_date"",""evidence"":{""classes"":[],""country_code"":null,""date"":""2020-02-13 - 2020-02-10"",""event_type"":""Registry Event"",""location"":"""",""name"":""Capital Swing Presidents' Day Convention"",""website"":""http://www.capitalswingconvention.com""}},""summary"":""unknown calendar date: '2020-02-13 - 2020-02-10'""}]},{""source"":""wsdc_calendar"",""status"":""parsed"",""target_id"":""0c1a65f8427b8be5c9cf8c7c"",""timestamp"":""20191212192203"",""url"":""https://www.worldsdc.com/event-calendar/"",""warnings"":[{""evidence"":{""code"":""unrecognized_listing_date"",""evidence"":{""classes"":[],""country_code"":null,""date"":""2017-10-27 - 2017-10-02"",""event_type"":"""",""location"":"""",""name"":""Atlanta Swing Classic"",""website"":""""}},""summary"":""unknown calendar date: '2017-10-27 - 2017-10-02'""}]},{""source"":""wsdc_calendar"",""status"":""parsed"",""target_id"":""a1552033d5ab342fc7915696"",""timestamp"":""20210920204412"",""url"":""https://www.worldsdc.com/event-calendar/"",""warnings"":[{""evidence"":{""code"":""unrecognized_listing_date"",""evidence"":{""classes"":[],""country_code"":null,""date"":""2021-10-15 - 2020-10-21"",""event_type"":""Registry Event"",""location"":"""",""name"":""European Swing Challenge (Cancelled due to Covid-19)"",""website"":""http://www.jiveaddiction.com""}},""summary"":""unknown calendar date: '2021-10-15 - 2020-10-21'""}]},{""source"":""wsdc_calendar"",""status"":""parsed"",""target_id"":""7b80fe7a9bb1bba64608cee6"",""timestamp"":""20211207001407"",""url"":""https://www.worldsdc.com/event-calendar/"",""warnings"":[{""evidence"":{""code"":""unrecognized_listing_date"",""evidence"":{""classes"":[],""country_code"":null,""date"":""2021-10-15 - 2020-10-21"",""event_type"":""Registry Event"",""location"":"""",""name"":""European Swing Challenge (Cancelled due to Covid-19)"",""website"":""http://www.jiveaddiction.com""}},""summary"":""unknown calendar date: '2021-10-15 - 2020-10-21'""}]},{""source"":""wsdc_calendar"",""status"":""parsed"",""target_id"":""60d215c8c0b614f4183762c9"",""timestamp"":""20220118200123"",""url"":""https://www.worldsdc.com/event-calendar/"",""warnings"":[{""evidence"":{""code"":""unrecognized_listing_date"",""evidence"":{""classes"":[],""country_code"":null,""date"":""2021-10-15 - 2020-10-21"",""event_type"":""Registry Event"",""location"":"""",""name"":""European Swing Challenge (Cancelled due to Covid-19)"",""website"":""http://www.jiveaddiction.com""}},""summary"":""unknown calendar date: '2021-10-15 - 2020-10-21'""}]},{""source"":""wsdc_calendar"",""status"":""parsed"",""target_id"":""31073eb64db45b0b3bc14037"",""timestamp"":""20220327070320"",""url"":""https://www.worldsdc.com/event-calendar/"",""warnings"":[{""evidence"":{""code"":""unrecognized_listing_date"",""evidence"":{""classes"":[],""country_code"":null,""date"":""2021-10-15 - 2020-10-21"",""event_type"":""Registry Event"",""location"":"""",""name"":""European Swing Challenge (Cancelled due to Covid-19)"",""website"":""http://www.jiveaddiction.com""}},""summary"":""unknown calendar date: '2021-10-15 - 2020-10-21'""}]},{""source"":""wsdc_calendar"",""status"":""parsed"",""target_id"":""a62ed37377f66f873478b99f"",""timestamp"":""20220516154440"",""url"":""https://www.worldsdc.com/event-calendar/"",""warnings"":[{""evidence"":{""code"":""unrecognized_listing_date"",""evidence"":{""classes"":[],""country_code"":null,""date"":""2021-10-15 - 2020-10-21"",""event_type"":""Registry Event"",""location"":"""",""name"":""European Swing Challenge (Cancelled due to Covid-19)"",""website"":""http://www.jiveaddiction.com""}},""summary"":""unknown calendar date: '2021-10-15 - 2020-10-21'""},{""evidence"":{""code"":""unrecognized_listing_date"",""evidence"":{""classes"":[],""country_code"":null,""date"":""2023-03-02 - 2022-03-08"",""event_type"":""Registry Event"",""location"":"""",""name"":""MADjam (Mid Atlantic Dance Jam)"",""website"":""http://www.atlanticdancejam.com""}},""summary"":""unknown calendar date: '2023-03-02 - 2022-03-08'""},{""evidence"":{""code"":""unrecognized_listing_date"",""evidence"":{""classes"":[],""country_code"":null,""date"":""2023-04-14 - 2022-04-17"",""event_type"":""Registry Event"",""location"":"""",""name"":""WESTY NANTES"",""website"":""https://www.westynantes.com/""}},""summary"":""unknown calendar date: '2023-04-14 - 2022-04-17'""}]},{""source"":""wsdc_calendar"",""status"":""parsed"",""target_id"":""772e82ab89c8201dae8a26f6"",""timestamp"":""20220927051335"",""url"":""https://www.worldsdc.com/event-calendar/"",""warnings"":[{""evidence"":{""code"":""unrecognized_listing_date"",""evidence"":{""classes"":[],""country_code"":null,""date"":""2023-04-14 - 2022-04-17"",""event_type"":""Registry Event"",""location"":"""",""name"":""WESTY NANTES"",""website"":""https://www.westynantes.com/""}},""summary"":""unknown calendar date: '2023-04-14 - 2022-04-17'""},{""evidence"":{""code"":""unrecognized_listing_date"",""evidence"":{""classes"":[],""country_code"":null,""date"":""2021-10-15 - 2020-10-21"",""event_type"":""Registry Event"",""location"":"""",""name"":""European Swing Challenge (Cancelled due to Covid-19)"",""website"":""http://www.jiveaddiction.com""}},""summary"":""unknown calendar date: '2021-10-15 - 2020-10-21'""},{""evidence"":{""code"":""unrecognized_listing_date"",""evidence"":{""classes"":[],""country_code"":null,""date"":""2023-03-02 - 2022-03-08"",""event_type"":""Registry Event"",""location"":"""",""name"":""MADjam (Mid Atlantic Dance Jam)"",""website"":""http://www.atlanticdancejam.com""}},""summary"":""unknown calendar date: '2023-03-02 - 2022-03-08'""}]},{""source"":""wsdc_calendar"",""status"":""pending"",""target_id"":""a9a1981e91474f1967356d61"",""timestamp"":""20250226151724"",""url"":""https://www.worldsdc.com/events/"",""warnings"":[]},{""source"":""wsdc_calendar"",""status"":""pending"",""target_id"":""ea4e68c086533dd6581c3015"",""timestamp"":""20250423104016"",""url"":""https://www.worldsdc.com/print-event-list/"",""warnings"":[]},{""source"":""wsdc_calendar"",""status"":""pending"",""target_id"":""24eaae0d5fea3221affb5a0a"",""timestamp"":""20250512152735"",""url"":""https://www.worldsdc.com/events/"",""warnings"":[]},{""source"":""wsdc_calendar"",""status"":""pending"",""target_id"":""828e41e7f8f4bfd34d171092"",""timestamp"":""20250814164915"",""url"":""https://www.worldsdc.com/print-event-list/"",""warnings"":[]},{""source"":""wsdc_calendar"",""status"":""pending"",""target_id"":""3c5a6116618208e4556dd9e7"",""timestamp"":""20251006110156"",""url"":""https://www.worldsdc.com/events/"",""warnings"":[]},{""source"":""wsdc_calendar"",""status"":""pending"",""target_id"":""e7dcb140bcbd077c67c0d425"",""timestamp"":""20251115173727"",""url"":""https://www.worldsdc.com/print-event-list/"",""warnings"":[]},{""source"":""wsdc_calendar"",""status"":""pending"",""target_id"":""f140e9fd5864d1c777006540"",""timestamp"":""20251219091106"",""url"":""https://www.worldsdc.com/events/"",""warnings"":[]},{""source"":""wsdc_calendar"",""status"":""pending"",""target_id"":""763f8950892b9e719910fcd3"",""timestamp"":""20251219113055"",""url"":""https://www.worldsdc.com/events/"",""warnings"":[]},{""source"":""wsdc_calendar"",""status"":""pending"",""target_id"":""f0dcc51ff963f79c44d90734"",""timestamp"":""20260107152659"",""url"":""https://www.worldsdc.com/events/"",""warnings"":[]},{""source"":""wsdc_calendar"",""status"":""pending"",""target_id"":""fa9d6701e2418b435644b296"",""timestamp"":""20260110202716"",""url"":""https://www.worldsdc.com/events/"",""warnings"":[]},{""source"":""wsdc_calendar"",""status"":""pending"",""target_id"":""9fad90785a2f773113d0c84d"",""timestamp"":""20260120214828"",""url"":""https://www.worldsdc.com/events/"",""warnings"":[]},{""source"":""wsdc_calendar"",""status"":""pending"",""target_id"":""032270847f79d7aebca98f65"",""timestamp"":""20260211205531"",""url"":""https://www.worldsdc.com/print-event-list/"",""warnings"":[]},{""source"":""wsdc_calendar"",""status"":""pending"",""target_id"":""edb1d1478b3fe19a626a30d7"",""timestamp"":""20260308093633"",""url"":""https://www.worldsdc.com/events/"",""warnings"":[]},{""source"":""wsdc_calendar"",""status"":""pending"",""target_id"":""017e59a25155c25983b14000"",""timestamp"":""20260513152740"",""url"":""https://www.worldsdc.com/print-event-list/"",""warnings"":[]},{""source"":""wsdc_calendar"",""status"":""pending"",""target_id"":""2b8b7d5b424f394e25c2b7bb"",""timestamp"":""20260513162349"",""url"":""https://www.worldsdc.com/events/"",""warnings"":[]},{""source"":""wsdc_calendar"",""status"":""pending"",""target_id"":""9592958a3cd694d86e677fc5"",""timestamp"":""20260521133133"",""url"":""https://www.worldsdc.com/events/"",""warnings"":[]},{""source"":""wsdc_calendar"",""status"":""pending"",""target_id"":""2dd8b6dc4d2d264495a33f0f"",""timestamp"":""20260813102731"",""url"":""https://worldsdc.com/events/"",""warnings"":[]}],""year"":2023}",phase1_incomplete,2023,phase1_year,,2023,history_year,,"Event-list catalog has pending captures, unresolved parse findings, or missing discovery"
"{""gaps"":[{""source"":""wsdc_newsletter"",""status"":""parsed"",""target_id"":""20080cca8335d832e9581711"",""timestamp"":null,""url"":""http://www.worldsdc.com/wp-content/uploads/2017/12/161202-WSDC-Newsletter-Vol-1-4.pdf"",""warnings"":[{""evidence"":{""code"":""newsletter_undated_listing"",""evidence"":{""page"":2,""rows"":[""HOLY LAND OPEN On Hiatus""]}},""summary"":""Listed event has no safely parsed date; preserve hiatus or other notice for review""}]},{""source"":""wsdc_newsletter"",""status"":""parsed"",""target_id"":""e993372b27c920b7bf25238f"",""timestamp"":null,""url"":""http://www.worldsdc.com/wp-content/uploads/2017/12/170705-WSDC-Newsletter-Vol-3-7-5-2017.pdf"",""warnings"":[{""evidence"":{""code"":""newsletter_undated_listing"",""evidence"":{""page"":2,""rows"":[""SUNNY SIDE DANCE CAMP On Hiatus""]}},""summary"":""Listed event has no safely parsed date; preserve hiatus or other notice for review""}]},{""source"":""wsdc_newsletter"",""status"":""parsed"",""target_id"":""e34b2344655e659de5b60d89"",""timestamp"":null,""url"":""http://www.worldsdc.com/wp-content/uploads/2017/12/171229-WSDC-Newsleter-Vol-5-12-29-2017.pdf"",""warnings"":[{""evidence"":{""code"":""newsletter_undated_listing"",""evidence"":{""page"":2,""rows"":[""AUSTRALIAN WEST COAST SWING AND ZOUK On Hiatus""]}},""summary"":""Listed event has no safely parsed date; preserve hiatus or other notice for review""}]},{""source"":""wsdc_newsletter"",""status"":""parsed"",""target_id"":""0e8afed4a25aa5c6fd5f2741"",""timestamp"":null,""url"":""http://www.worldsdc.com/wp-content/uploads/2020/12/170330-WSDC-Newsletter-Vol-2-3.pdf"",""warnings"":[{""evidence"":{""code"":""newsletter_undated_listing"",""evidence"":{""page"":2,""rows"":[""SLINGSHOT SWING On Hiatus"",""CMJ NSW WEST COAST SWING DANCE CHAMPIONSHIPS On Hiatus""]}},""summary"":""Listed event has no safely parsed date; preserve hiatus or other notice for review""},{""evidence"":{""code"":""approval_notice_review"",""evidence"":{""notice"":""Apr 13 – 16, 2017                      quarter of 2017 new registry events included:                  We currently have 154 Registry Events, 84 in"",""page"":1}},""summary"":""Prose approval notice needs a dated event interpretation""}]},{""source"":""wsdc_newsletter"",""status"":""parsed"",""target_id"":""c2b50fd841877f25729aeb0c"",""timestamp"":null,""url"":""http://www.worldsdc.com/wp-content/uploads/2020/12/171005-WSDC-Newsletter-Vol-4-10-5-2017.pdf"",""warnings"":[{""evidence"":{""code"":""newsletter_undated_listing"",""evidence"":{""page"":1,""rows"":[""SWUSTLICIOUS October 19-22, 201717""]}},""summary"":""Listed event has no safely parsed date; preserve hiatus or other notice for review""}]},{""source"":""wsdc_newsletter"",""status"":""parsed"",""target_id"":""c16974cf6a719bb6f6e3c9da"",""timestamp"":null,""url"":""http://www.worldsdc.com/wp-content/uploads/2020/12/WSDC-Newsleter-Vol-10-04-12-2019.pdf"",""warnings"":[{""evidence"":{""code"":""newsletter_undated_listing"",""evidence"":{""page"":2,""rows"":[""HUNGARIAN OPEN May 24 – 26, 20189""]}},""summary"":""Listed event has no safely parsed date; preserve hiatus or other notice for review""},{""evidence"":{""code"":""newsletter_colour_unverified"",""evidence"":{""colour_recovered"":false,""fallback"":""registry"",""snapshot_id"":""snap_20260913T053000Z_11d8e6dbdaab""}},""summary"":""Trial or member activity colour was not recovered; newsletter registry status uses the documented fallback""}]},{""source"":""wsdc_newsletter"",""status"":""parsed"",""target_id"":""9674911cc8f2d2803682db49"",""timestamp"":null,""url"":""http://www.worldsdc.com/wp-content/uploads/2020/12/WSDC-Newsleter-Vol-9-1-24-2019.pdf"",""warnings"":[{""evidence"":{""code"":""newsletter_undated_listing"",""evidence"":{""page"":2,""rows"":[""SWEETHEART SWING CLASSIC On Hiatus""]}},""summary"":""Listed event has no safely parsed date; preserve hiatus or other notice for review""},{""evidence"":{""code"":""approval_notice_review"",""evidence"":{""notice"":""from page 1)                                                    Leyva, who has been managing new events,                           Events"",""page"":2}},""summary"":""Prose approval notice needs a dated event interpretation""},{""evidence"":{""code"":""newsletter_colour_unverified"",""evidence"":{""colour_recovered"":false,""fallback"":""registry"",""snapshot_id"":""snap_20260913T053010Z_478d7ddb5edd""}},""summary"":""Trial or member activity colour was not recovered; newsletter registry status uses the documented fallback""}]},{""source"":""wsdc_newsletter"",""status"":""parsed"",""target_id"":""168739e4497cfe804a117c5e"",""timestamp"":null,""url"":""http://www.worldsdc.com/wp-content/uploads/2020/12/WSDC-Newsletter-Vol-11-6-25-2019.pdf"",""warnings"":[{""evidence"":{""code"":""newsletter_undated_listing"",""evidence"":{""page"":2,""rows"":[""OLD TOWN SWING On Hiatus""]}},""summary"":""Listed event has no safely parsed date; preserve hiatus or other notice for review""},{""evidence"":{""code"":""approval_notice_review"",""evidence"":{""notice"":""• ODYSSEY WEST COAST SWING                           Please send us your questions and topics of            especially those running new events, rely heavily"",""page"":1}},""summary"":""Prose approval notice needs a dated event interpretation""}]},{""source"":""wsdc_newsletter"",""status"":""parsed"",""target_id"":""0b9f1347030560c4c5502e28"",""timestamp"":null,""url"":""http://www.worldsdc.com/wp-content/uploads/2020/12/WSDC-Newsletter-Vol-12-10-10-2019.pdf"",""warnings"":[{""evidence"":{""code"":""newsletter_undated_listing"",""evidence"":{""page"":2,""rows"":[""NEW YEAR’S DANCE EXTRAVAGANZA Dec 31, 2019, Jan 3-5, 2020""]}},""summary"":""Listed event has no safely parsed date; preserve hiatus or other notice for review""}]},{""source"":""wsdc_newsletter"",""status"":""parsed"",""target_id"":""0226ef50385bfa517c9ef79c"",""timestamp"":null,""url"":""http://www.worldsdc.com/wp-content/uploads/2020/12/WSDC-Newsletter-Vol-6-April-9-2018.pdf"",""warnings"":[{""evidence"":{""code"":""newsletter_colour_unverified"",""evidence"":{""colour_recovered"":false,""fallback"":""registry"",""snapshot_id"":""snap_20260913T035045Z_008aaf4c6933""}},""summary"":""Trial or member activity colour was not recovered; newsletter registry status uses the documented fallback""}]},{""source"":""wsdc_newsletter"",""status"":""parsed"",""target_id"":""78a33801c49176cffe273d23"",""timestamp"":null,""url"":""http://www.worldsdc.com/wp-content/uploads/2020/12/WSDC-Newsletter-Vol-7-July-1-2018.pdf"",""warnings"":[{""evidence"":{""code"":""newsletter_undated_listing"",""evidence"":{""page"":1,""rows"":[""SACRAMENTO ALL SWING On Hiatus"",""SEA SUN & SWING CAMP Hiatus""]}},""summary"":""Listed event has no safely parsed date; preserve hiatus or other notice for review""}]},{""source"":""wsdc_newsletter"",""status"":""parsed"",""target_id"":""b64c2d8f8445f615c078e0bb"",""timestamp"":null,""url"":""http://www.worldsdc.com/wp-content/uploads/2020/12/WSDC-Newsletter-Vol-8-10-17-2018.pdf"",""warnings"":[{""evidence"":{""code"":""approval_notice_review"",""evidence"":{""notice"":""scores will not be posted to our database.  We                  events and new events.  Wednesday’s focus is                       December 6-9, 2018"",""page"":2}},""summary"":""Prose approval notice needs a dated event interpretation""}]},{""source"":""wsdc_newsletter"",""status"":""parsed"",""target_id"":""50d5b572f43b42b244112e92"",""timestamp"":null,""url"":""http://www.worldsdc.com/wp-content/uploads/2021/02/WSDC-Newsleter-Vol-13-1-6-2020.pdf"",""warnings"":[{""evidence"":{""code"":""newsletter_undated_listing"",""evidence"":{""page"":2,""rows"":[""ANCHOR FESTIVAL On Hiatus""]}},""summary"":""Listed event has no safely parsed date; preserve hiatus or other notice for review""},{""evidence"":{""code"":""newsletter_colour_unverified"",""evidence"":{""colour_recovered"":false,""fallback"":""registry"",""snapshot_id"":""snap_20260913T053303Z_220a0f22f0f6""}},""summary"":""Trial or member activity colour was not recovered; newsletter registry status uses the documented fallback""}]},{""source"":""wsdc_newsletter"",""status"":""parsed"",""target_id"":""2722818d1b9f0149372dd827"",""timestamp"":null,""url"":""http://www.worldsdc.com/wp-content/uploads/2022/06/WSDC-Newsleter-Vol-22-June-2022.pdf"",""warnings"":[{""evidence"":{""code"":""newsletter_undated_listing"",""evidence"":{""page"":2,""rows"":[""Portland Dance Festival"",""Toronto Open Swing & Hustle Championships"",""Sea Sun & Swing Camp"",""Odyssey West Coast Swing"",""Riga Summer Swing""]}},""summary"":""Listed event has no safely parsed date; preserve hiatus or other notice for review""}]},{""source"":""wsdc_newsletter"",""status"":""parsed"",""target_id"":""a85d2b013a50698e8e0a5c49"",""timestamp"":null,""url"":""http://www.worldsdc.com/wp-content/uploads/2022/09/WSDC-Newsleter-Vol-23-September-2022.pdf"",""warnings"":[{""evidence"":{""code"":""approval_notice_review"",""evidence"":{""notice"":""on the calendar, so that new events are able to select locations and dates that comply with our time distance rules."",""page"":3}},""summary"":""Prose approval notice needs a dated event interpretation""},{""evidence"":{""code"":""newsletter_undated_listing"",""evidence"":{""page"":3,""rows"":[""Countdown Swing Boston Dec 29, 2022, Jan 2, 2023"",""Palm Springs New Year’s West Coast Swing and Hustle Dance Classic"",""Spotlight New Year’s Celebration"",""New Year’s Swing Fling""]}},""summary"":""Listed event has no safely parsed date; preserve hiatus or other notice for review""}]},{""source"":""wsdc_newsletter"",""status"":""parsed"",""target_id"":""33973c1ce87271a5a7076911"",""timestamp"":null,""url"":""http://www.worldsdc.com/wp-content/uploads/2023/01/WSDC-Newsleter-Vol-25-1-5-2023.pdf"",""warnings"":[{""evidence"":{""code"":""newsletter_undated_listing"",""evidence"":{""page"":2,""rows"":[""High Desert Dance Classic On Hiatus"",""Anchor Festival Canceld due to Covid"",""Boston Tea Party Canceld due to Covid""]}},""summary"":""Listed event has no safely parsed date; preserve hiatus or other notice for review""},{""evidence"":{""code"":""newsletter_colour_unverified"",""evidence"":{""colour_recovered"":false,""fallback"":""registry"",""snapshot_id"":""snap_20260913T053423Z_68c1360eb9f6""}},""summary"":""Trial or member activity colour was not recovered; newsletter registry status uses the documented fallback""}]},{""source"":""wsdc_newsletter"",""status"":""parsed"",""target_id"":""41a01dbd519400746ec38193"",""timestamp"":null,""url"":""http://www.worldsdc.com/wp-content/uploads/2024/01/WSDC-Newsletter-Vol-29-1-5-2024-3.0.pdf"",""warnings"":[{""evidence"":{""code"":""approval_notice_review"",""evidence"":{""page"":3}},""summary"":""Newsletter page has no safely dated event rows; review its sidebar and approval notices""},{""evidence"":{""code"":""approval_notice_review"",""evidence"":{""notice"":""We want to see your spot on the calendar, so that new events are able to select locations and dates that                          ideal environment to promote"",""page"":3}},""summary"":""Prose approval notice needs a dated event interpretation""},{""evidence"":{""code"":""newsletter_undated_listing"",""evidence"":{""page"":2,""rows"":[""Anchor Festival On Hiatus""]}},""summary"":""Listed event has no safely parsed date; preserve hiatus or other notice for review""}]},{""source"":""wsdc_newsletter"",""status"":""parsed"",""target_id"":""b961cd353369476360a0b7d9"",""timestamp"":null,""url"":""http://www.worldsdc.com/wp-content/uploads/2024/05/WSDC-Newsletter-Vol-30-05-21-2024-5.0.pdf"",""warnings"":[{""evidence"":{""code"":""newsletter_colour_unverified"",""evidence"":{""colour_recovered"":false,""fallback"":""registry"",""snapshot_id"":""snap_20260913T053443Z_bf5de4bbd205""}},""summary"":""Trial or member activity colour was not recovered; newsletter registry status uses the documented fallback""},{""evidence"":{""code"":""approval_notice_review"",""evidence"":{""notice"":""• Hungarian open                         We would like to welcome the following new Registry Events that have been approved in 2024:"",""page"":1}},""summary"":""Prose approval notice needs a dated event interpretation""},{""evidence"":{""code"":""newsletter_undated_listing"",""evidence"":{""page"":3,""rows"":[""Ukrainian Open Canceled due to war""]}},""summary"":""Listed event has no safely parsed date; preserve hiatus or other notice for review""}]},{""source"":""wsdc_newsletter"",""status"":""parsed"",""target_id"":""f0d02027903ab0803154542c"",""timestamp"":null,""url"":""https://www.worldsdc.com/wp-content/uploads/2023/05/WSDC-Newsletter-Vol-26-05-16-2023-1.pdf"",""warnings"":[{""evidence"":{""code"":""newsletter_undated_listing"",""evidence"":{""page"":2,""rows"":[""Michigan classic On Hiatus"",""Dance N Play On Hiatus""]}},""summary"":""Listed event has no safely parsed date; preserve hiatus or other notice for review""},{""evidence"":{""code"":""newsletter_colour_unverified"",""evidence"":{""colour_recovered"":false,""fallback"":""registry"",""snapshot_id"":""snap_20260913T053450Z_ce3c79f4aa99""}},""summary"":""Trial or member activity colour was not recovered; newsletter registry status uses the documented fallback""}]},{""source"":""wsdc_newsletter"",""status"":""parsed"",""target_id"":""bcf0cbe3c6fa734ee64625e0"",""timestamp"":null,""url"":""https://www.worldsdc.com/wp-content/uploads/2023/09/WSDC-Newsletter-Vol-27-9-11-2023.pdf"",""warnings"":[{""evidence"":{""code"":""newsletter_undated_listing"",""evidence"":{""page"":1,""rows"":[""Norway Westie Fest On Hiatus"",""Austin Rocks On Hiatus"",""Philly Swing Classic On Hiatus"",""European Swing Challenge On Hiatus""]}},""summary"":""Listed event has no safely parsed date; preserve hiatus or other notice for review""},{""evidence"":{""code"":""approval_notice_review"",""evidence"":{""notice"":""September 7 - 10, 2023                        We would like to welcome the following new Registry Events that have been approved in 2023:"",""page"":1}},""summary"":""Prose approval notice needs a dated event interpretation""}]},{""source"":""wsdc_calendar"",""status"":""finding"",""target_id"":""4524f01e997c4e2f34e9ad8b"",""timestamp"":""20160710033710"",""url"":""http://www.worldsdc.com:80/events-map/"",""warnings"":[{""evidence"":{""snapshot_id"":""snap_20260913T051034Z_c954a81d470a""},""summary"":""captured map marker lacks a name or printed date""}]},{""source"":""wsdc_calendar"",""status"":""parsed"",""target_id"":""ff3953a1ccb4da3e936fdabc"",""timestamp"":""20160909052448"",""url"":""http://www.worldsdc.com:80/event-calendar/"",""warnings"":[{""evidence"":{""code"":""unrecognized_listing_date"",""evidence"":{""classes"":[],""country_code"":null,""date"":""2017-01-26 - 1201-01-30"",""event_type"":""Registry Event"",""location"":"""",""name"":""Derby City Swing"",""website"":""http://www.DerbyCitySwing.com""}},""summary"":""unknown calendar date: '2017-01-26 - 1201-01-30'""}]},{""source"":""wsdc_calendar"",""status"":""finding"",""target_id"":""1e7c58035500bacb34f94ee2"",""timestamp"":""20160909104400"",""url"":""http://www.worldsdc.com:80/events-map/"",""warnings"":[{""evidence"":{""snapshot_id"":""snap_20260913T051124Z_69886cf0bd03""},""summary"":""captured map marker lacks a name or printed date""}]},{""source"":""wsdc_calendar"",""status"":""parsed"",""target_id"":""45e7d60cf892aa442bc764ee"",""timestamp"":""20161109222349"",""url"":""http://www.worldsdc.com:80/event-calendar/"",""warnings"":[{""evidence"":{""code"":""unrecognized_listing_date"",""evidence"":{""classes"":[],""country_code"":null,""date"":""2017-08-09 - 2016-08-02"",""event_type"":""Registry Event"",""location"":"""",""name"":""Sea Sun & Swing Camp"",""website"":""http://www.seasunswing.net/""}},""summary"":""unknown calendar date: '2017-08-09 - 2016-08-02'""}]},{""source"":""wsdc_calendar"",""status"":""finding"",""target_id"":""a2bc46c2c8df036f4f4893ce"",""timestamp"":""20161110035618"",""url"":""http://www.worldsdc.com:80/events-map/"",""warnings"":[{""evidence"":{""snapshot_id"":""snap_20260913T051154Z_e4edbdd2484e""},""summary"":""captured map marker lacks a name or printed date""}]},{""source"":""wsdc_calendar"",""status"":""finding"",""target_id"":""35f6bfc5b865f014caed252f"",""timestamp"":""20161212121213"",""url"":""http://www.worldsdc.com:80/events-map/?"",""warnings"":[{""evidence"":{""snapshot_id"":""snap_20260913T051213Z_81a2aa57dba1""},""summary"":""captured map marker lacks a name or printed date""}]},{""source"":""wsdc_calendar"",""status"":""parsed"",""target_id"":""63fc2e9fab71011f49928da1"",""timestamp"":""20190310202901"",""url"":""https://www.worldsdc.com/event-calendar/"",""warnings"":[{""evidence"":{""code"":""unrecognized_listing_date"",""evidence"":{""classes"":[],""country_code"":null,""date"":""2017-10-27 - 2017-10-02"",""event_type"":"""",""location"":"""",""name"":""Atlanta Swing Classic"",""website"":""""}},""summary"":""unknown calendar date: '2017-10-27 - 2017-10-02'""}]},{""source"":""wsdc_calendar"",""status"":""parsed"",""target_id"":""45af6af9a8be9960552c707c"",""timestamp"":""20190723190818"",""url"":""https://www.worldsdc.com/event-calendar/"",""warnings"":[{""evidence"":{""code"":""unrecognized_listing_date"",""evidence"":{""classes"":[],""country_code"":null,""date"":""2017-10-27 - 2017-10-02"",""event_type"":"""",""location"":"""",""name"":""Atlanta Swing Classic"",""website"":""""}},""summary"":""unknown calendar date: '2017-10-27 - 2017-10-02'""},{""evidence"":{""code"":""unrecognized_listing_date"",""evidence"":{""classes"":[],""country_code"":null,""date"":""2020-02-13 - 2020-02-10"",""event_type"":""Registry Event"",""location"":"""",""name"":""Capital Swing Presidents' Day Convention"",""website"":""http://www.capitalswingconvention.com""}},""summary"":""unknown calendar date: '2020-02-13 - 2020-02-10'""}]},{""source"":""wsdc_calendar"",""status"":""parsed"",""target_id"":""ff51b642e9a4b4954b6e59f5"",""timestamp"":""20190803171837"",""url"":""https://www.worldsdc.com/event-calendar/"",""warnings"":[{""evidence"":{""code"":""unrecognized_listing_date"",""evidence"":{""classes"":[],""country_code"":null,""date"":""2017-10-27 - 2017-10-02"",""event_type"":"""",""location"":"""",""name"":""Atlanta Swing Classic"",""website"":""""}},""summary"":""unknown calendar date: '2017-10-27 - 2017-10-02'""},{""evidence"":{""code"":""unrecognized_listing_date"",""evidence"":{""classes"":[],""country_code"":null,""date"":""2020-02-13 - 2020-02-10"",""event_type"":""Registry Event"",""location"":"""",""name"":""Capital Swing Presidents' Day Convention"",""website"":""http://www.capitalswingconvention.com""}},""summary"":""unknown calendar date: '2020-02-13 - 2020-02-10'""}]},{""source"":""wsdc_calendar"",""status"":""parsed"",""target_id"":""f19398f1d6ae2da489cbca06"",""timestamp"":""20190920150618"",""url"":""https://www.worldsdc.com/event-calendar/"",""warnings"":[{""evidence"":{""code"":""unrecognized_listing_date"",""evidence"":{""classes"":[],""country_code"":null,""date"":""2020-02-13 - 2020-02-10"",""event_type"":""Registry Event"",""location"":"""",""name"":""Capital Swing Presidents' Day Convention"",""website"":""http://www.capitalswingconvention.com""}},""summary"":""unknown calendar date: '2020-02-13 - 2020-02-10'""},{""evidence"":{""code"":""unrecognized_listing_date"",""evidence"":{""classes"":[],""country_code"":null,""date"":""2017-10-27 - 2017-10-02"",""event_type"":"""",""location"":"""",""name"":""Atlanta Swing Classic"",""website"":""""}},""summary"":""unknown calendar date: '2017-10-27 - 2017-10-02'""}]},{""source"":""wsdc_calendar"",""status"":""parsed"",""target_id"":""6ce7ce1a4672bb04f9e6f54a"",""timestamp"":""20191018054453"",""url"":""https://www.worldsdc.com/event-calendar/"",""warnings"":[{""evidence"":{""code"":""unrecognized_listing_date"",""evidence"":{""classes"":[],""country_code"":null,""date"":""2020-02-13 - 2020-02-10"",""event_type"":""Registry Event"",""location"":"""",""name"":""Capital Swing Presidents' Day Convention"",""website"":""http://www.capitalswingconvention.com""}},""summary"":""unknown calendar date: '2020-02-13 - 2020-02-10'""},{""evidence"":{""code"":""unrecognized_listing_date"",""evidence"":{""classes"":[],""country_code"":null,""date"":""2017-10-27 - 2017-10-02"",""event_type"":"""",""location"":"""",""name"":""Atlanta Swing Classic"",""website"":""""}},""summary"":""unknown calendar date: '2017-10-27 - 2017-10-02'""}]},{""source"":""wsdc_calendar"",""status"":""parsed"",""target_id"":""1b3c6c6919989e1fb2654ece"",""timestamp"":""20191106155651"",""url"":""https://www.worldsdc.com/event-calendar/"",""warnings"":[{""evidence"":{""code"":""unrecognized_listing_date"",""evidence"":{""classes"":[],""country_code"":null,""date"":""2017-10-27 - 2017-10-02"",""event_type"":"""",""location"":"""",""name"":""Atlanta Swing Classic"",""website"":""""}},""summary"":""unknown calendar date: '2017-10-27 - 2017-10-02'""},{""evidence"":{""code"":""unrecognized_listing_date"",""evidence"":{""classes"":[],""country_code"":null,""date"":""2020-02-13 - 2020-02-10"",""event_type"":""Registry Event"",""location"":"""",""name"":""Capital Swing Presidents' Day Convention"",""website"":""http://www.capitalswingconvention.com""}},""summary"":""unknown calendar date: '2020-02-13 - 2020-02-10'""}]},{""source"":""wsdc_calendar"",""status"":""parsed"",""target_id"":""0c1a65f8427b8be5c9cf8c7c"",""timestamp"":""20191212192203"",""url"":""https://www.worldsdc.com/event-calendar/"",""warnings"":[{""evidence"":{""code"":""unrecognized_listing_date"",""evidence"":{""classes"":[],""country_code"":null,""date"":""2017-10-27 - 2017-10-02"",""event_type"":"""",""location"":"""",""name"":""Atlanta Swing Classic"",""website"":""""}},""summary"":""unknown calendar date: '2017-10-27 - 2017-10-02'""}]},{""source"":""wsdc_calendar"",""status"":""parsed"",""target_id"":""a1552033d5ab342fc7915696"",""timestamp"":""20210920204412"",""url"":""https://www.worldsdc.com/event-calendar/"",""warnings"":[{""evidence"":{""code"":""unrecognized_listing_date"",""evidence"":{""classes"":[],""country_code"":null,""date"":""2021-10-15 - 2020-10-21"",""event_type"":""Registry Event"",""location"":"""",""name"":""European Swing Challenge (Cancelled due to Covid-19)"",""website"":""http://www.jiveaddiction.com""}},""summary"":""unknown calendar date: '2021-10-15 - 2020-10-21'""}]},{""source"":""wsdc_calendar"",""status"":""parsed"",""target_id"":""7b80fe7a9bb1bba64608cee6"",""timestamp"":""20211207001407"",""url"":""https://www.worldsdc.com/event-calendar/"",""warnings"":[{""evidence"":{""code"":""unrecognized_listing_date"",""evidence"":{""classes"":[],""country_code"":null,""date"":""2021-10-15 - 2020-10-21"",""event_type"":""Registry Event"",""location"":"""",""name"":""European Swing Challenge (Cancelled due to Covid-19)"",""website"":""http://www.jiveaddiction.com""}},""summary"":""unknown calendar date: '2021-10-15 - 2020-10-21'""}]},{""source"":""wsdc_calendar"",""status"":""parsed"",""target_id"":""60d215c8c0b614f4183762c9"",""timestamp"":""20220118200123"",""url"":""https://www.worldsdc.com/event-calendar/"",""warnings"":[{""evidence"":{""code"":""unrecognized_listing_date"",""evidence"":{""classes"":[],""country_code"":null,""date"":""2021-10-15 - 2020-10-21"",""event_type"":""Registry Event"",""location"":"""",""name"":""European Swing Challenge (Cancelled due to Covid-19)"",""website"":""http://www.jiveaddiction.com""}},""summary"":""unknown calendar date: '2021-10-15 - 2020-10-21'""}]},{""source"":""wsdc_calendar"",""status"":""parsed"",""target_id"":""31073eb64db45b0b3bc14037"",""timestamp"":""20220327070320"",""url"":""https://www.worldsdc.com/event-calendar/"",""warnings"":[{""evidence"":{""code"":""unrecognized_listing_date"",""evidence"":{""classes"":[],""country_code"":null,""date"":""2021-10-15 - 2020-10-21"",""event_type"":""Registry Event"",""location"":"""",""name"":""European Swing Challenge (Cancelled due to Covid-19)"",""website"":""http://www.jiveaddiction.com""}},""summary"":""unknown calendar date: '2021-10-15 - 2020-10-21'""}]},{""source"":""wsdc_calendar"",""status"":""parsed"",""target_id"":""a62ed37377f66f873478b99f"",""timestamp"":""20220516154440"",""url"":""https://www.worldsdc.com/event-calendar/"",""warnings"":[{""evidence"":{""code"":""unrecognized_listing_date"",""evidence"":{""classes"":[],""country_code"":null,""date"":""2021-10-15 - 2020-10-21"",""event_type"":""Registry Event"",""location"":"""",""name"":""European Swing Challenge (Cancelled due to Covid-19)"",""website"":""http://www.jiveaddiction.com""}},""summary"":""unknown calendar date: '2021-10-15 - 2020-10-21'""},{""evidence"":{""code"":""unrecognized_listing_date"",""evidence"":{""classes"":[],""country_code"":null,""date"":""2023-03-02 - 2022-03-08"",""event_type"":""Registry Event"",""location"":"""",""name"":""MADjam (Mid Atlantic Dance Jam)"",""website"":""http://www.atlanticdancejam.com""}},""summary"":""unknown calendar date: '2023-03-02 - 2022-03-08'""},{""evidence"":{""code"":""unrecognized_listing_date"",""evidence"":{""classes"":[],""country_code"":null,""date"":""2023-04-14 - 2022-04-17"",""event_type"":""Registry Event"",""location"":"""",""name"":""WESTY NANTES"",""website"":""https://www.westynantes.com/""}},""summary"":""unknown calendar date: '2023-04-14 - 2022-04-17'""}]},{""source"":""wsdc_calendar"",""status"":""parsed"",""target_id"":""772e82ab89c8201dae8a26f6"",""timestamp"":""20220927051335"",""url"":""https://www.worldsdc.com/event-calendar/"",""warnings"":[{""evidence"":{""code"":""unrecognized_listing_date"",""evidence"":{""classes"":[],""country_code"":null,""date"":""2023-04-14 - 2022-04-17"",""event_type"":""Registry Event"",""location"":"""",""name"":""WESTY NANTES"",""website"":""https://www.westynantes.com/""}},""summary"":""unknown calendar date: '2023-04-14 - 2022-04-17'""},{""evidence"":{""code"":""unrecognized_listing_date"",""evidence"":{""classes"":[],""country_code"":null,""date"":""2021-10-15 - 2020-10-21"",""event_type"":""Registry Event"",""location"":"""",""name"":""European Swing Challenge (Cancelled due to Covid-19)"",""website"":""http://www.jiveaddiction.com""}},""summary"":""unknown calendar date: '2021-10-15 - 2020-10-21'""},{""evidence"":{""code"":""unrecognized_listing_date"",""evidence"":{""classes"":[],""country_code"":null,""date"":""2023-03-02 - 2022-03-08"",""event_type"":""Registry Event"",""location"":"""",""name"":""MADjam (Mid Atlantic Dance Jam)"",""website"":""http://www.atlanticdancejam.com""}},""summary"":""unknown calendar date: '2023-03-02 - 2022-03-08'""}]},{""source"":""wsdc_calendar"",""status"":""pending"",""target_id"":""a9a1981e91474f1967356d61"",""timestamp"":""20250226151724"",""url"":""https://www.worldsdc.com/events/"",""warnings"":[]},{""source"":""wsdc_calendar"",""status"":""pending"",""target_id"":""ea4e68c086533dd6581c3015"",""timestamp"":""20250423104016"",""url"":""https://www.worldsdc.com/print-event-list/"",""warnings"":[]},{""source"":""wsdc_calendar"",""status"":""pending"",""target_id"":""24eaae0d5fea3221affb5a0a"",""timestamp"":""20250512152735"",""url"":""https://www.worldsdc.com/events/"",""warnings"":[]},{""source"":""wsdc_calendar"",""status"":""pending"",""target_id"":""828e41e7f8f4bfd34d171092"",""timestamp"":""20250814164915"",""url"":""https://www.worldsdc.com/print-event-list/"",""warnings"":[]},{""source"":""wsdc_calendar"",""status"":""pending"",""target_id"":""3c5a6116618208e4556dd9e7"",""timestamp"":""20251006110156"",""url"":""https://www.worldsdc.com/events/"",""warnings"":[]},{""source"":""wsdc_calendar"",""status"":""pending"",""target_id"":""e7dcb140bcbd077c67c0d425"",""timestamp"":""20251115173727"",""url"":""https://www.worldsdc.com/print-event-list/"",""warnings"":[]},{""source"":""wsdc_calendar"",""status"":""pending"",""target_id"":""f140e9fd5864d1c777006540"",""timestamp"":""20251219091106"",""url"":""https://www.worldsdc.com/events/"",""warnings"":[]},{""source"":""wsdc_calendar"",""status"":""pending"",""target_id"":""763f8950892b9e719910fcd3"",""timestamp"":""20251219113055"",""url"":""https://www.worldsdc.com/events/"",""warnings"":[]},{""source"":""wsdc_calendar"",""status"":""pending"",""target_id"":""f0dcc51ff963f79c44d90734"",""timestamp"":""20260107152659"",""url"":""https://www.worldsdc.com/events/"",""warnings"":[]},{""source"":""wsdc_calendar"",""status"":""pending"",""target_id"":""fa9d6701e2418b435644b296"",""timestamp"":""20260110202716"",""url"":""https://www.worldsdc.com/events/"",""warnings"":[]},{""source"":""wsdc_calendar"",""status"":""pending"",""target_id"":""9fad90785a2f773113d0c84d"",""timestamp"":""20260120214828"",""url"":""https://www.worldsdc.com/events/"",""warnings"":[]},{""source"":""wsdc_calendar"",""status"":""pending"",""target_id"":""032270847f79d7aebca98f65"",""timestamp"":""20260211205531"",""url"":""https://www.worldsdc.com/print-event-list/"",""warnings"":[]},{""source"":""wsdc_calendar"",""status"":""pending"",""target_id"":""edb1d1478b3fe19a626a30d7"",""timestamp"":""20260308093633"",""url"":""https://www.worldsdc.com/events/"",""warnings"":[]},{""source"":""wsdc_calendar"",""status"":""pending"",""target_id"":""017e59a25155c25983b14000"",""timestamp"":""20260513152740"",""url"":""https://www.worldsdc.com/print-event-list/"",""warnings"":[]},{""source"":""wsdc_calendar"",""status"":""pending"",""target_id"":""2b8b7d5b424f394e25c2b7bb"",""timestamp"":""20260513162349"",""url"":""https://www.worldsdc.com/events/"",""warnings"":[]},{""source"":""wsdc_calendar"",""status"":""pending"",""target_id"":""9592958a3cd694d86e677fc5"",""timestamp"":""20260521133133"",""url"":""https://www.worldsdc.com/events/"",""warnings"":[]},{""source"":""wsdc_calendar"",""status"":""pending"",""target_id"":""2dd8b6dc4d2d264495a33f0f"",""timestamp"":""20260813102731"",""url"":""https://worldsdc.com/events/"",""warnings"":[]}],""year"":2024}",phase1_incomplete,2024,phase1_year,,2024,history_year,,"Event-list catalog has pending captures, unresolved parse findings, or missing discovery"
"{""gaps"":[{""source"":""wsdc_newsletter"",""status"":""parsed"",""target_id"":""20080cca8335d832e9581711"",""timestamp"":null,""url"":""http://www.worldsdc.com/wp-content/uploads/2017/12/161202-WSDC-Newsletter-Vol-1-4.pdf"",""warnings"":[{""evidence"":{""code"":""newsletter_undated_listing"",""evidence"":{""page"":2,""rows"":[""HOLY LAND OPEN On Hiatus""]}},""summary"":""Listed event has no safely parsed date; preserve hiatus or other notice for review""}]},{""source"":""wsdc_newsletter"",""status"":""parsed"",""target_id"":""e993372b27c920b7bf25238f"",""timestamp"":null,""url"":""http://www.worldsdc.com/wp-content/uploads/2017/12/170705-WSDC-Newsletter-Vol-3-7-5-2017.pdf"",""warnings"":[{""evidence"":{""code"":""newsletter_undated_listing"",""evidence"":{""page"":2,""rows"":[""SUNNY SIDE DANCE CAMP On Hiatus""]}},""summary"":""Listed event has no safely parsed date; preserve hiatus or other notice for review""}]},{""source"":""wsdc_newsletter"",""status"":""parsed"",""target_id"":""e34b2344655e659de5b60d89"",""timestamp"":null,""url"":""http://www.worldsdc.com/wp-content/uploads/2017/12/171229-WSDC-Newsleter-Vol-5-12-29-2017.pdf"",""warnings"":[{""evidence"":{""code"":""newsletter_undated_listing"",""evidence"":{""page"":2,""rows"":[""AUSTRALIAN WEST COAST SWING AND ZOUK On Hiatus""]}},""summary"":""Listed event has no safely parsed date; preserve hiatus or other notice for review""}]},{""source"":""wsdc_newsletter"",""status"":""parsed"",""target_id"":""0e8afed4a25aa5c6fd5f2741"",""timestamp"":null,""url"":""http://www.worldsdc.com/wp-content/uploads/2020/12/170330-WSDC-Newsletter-Vol-2-3.pdf"",""warnings"":[{""evidence"":{""code"":""newsletter_undated_listing"",""evidence"":{""page"":2,""rows"":[""SLINGSHOT SWING On Hiatus"",""CMJ NSW WEST COAST SWING DANCE CHAMPIONSHIPS On Hiatus""]}},""summary"":""Listed event has no safely parsed date; preserve hiatus or other notice for review""},{""evidence"":{""code"":""approval_notice_review"",""evidence"":{""notice"":""Apr 13 – 16, 2017                      quarter of 2017 new registry events included:                  We currently have 154 Registry Events, 84 in"",""page"":1}},""summary"":""Prose approval notice needs a dated event interpretation""}]},{""source"":""wsdc_newsletter"",""status"":""parsed"",""target_id"":""c2b50fd841877f25729aeb0c"",""timestamp"":null,""url"":""http://www.worldsdc.com/wp-content/uploads/2020/12/171005-WSDC-Newsletter-Vol-4-10-5-2017.pdf"",""warnings"":[{""evidence"":{""code"":""newsletter_undated_listing"",""evidence"":{""page"":1,""rows"":[""SWUSTLICIOUS October 19-22, 201717""]}},""summary"":""Listed event has no safely parsed date; preserve hiatus or other notice for review""}]},{""source"":""wsdc_newsletter"",""status"":""parsed"",""target_id"":""c16974cf6a719bb6f6e3c9da"",""timestamp"":null,""url"":""http://www.worldsdc.com/wp-content/uploads/2020/12/WSDC-Newsleter-Vol-10-04-12-2019.pdf"",""warnings"":[{""evidence"":{""code"":""newsletter_undated_listing"",""evidence"":{""page"":2,""rows"":[""HUNGARIAN OPEN May 24 – 26, 20189""]}},""summary"":""Listed event has no safely parsed date; preserve hiatus or other notice for review""},{""evidence"":{""code"":""newsletter_colour_unverified"",""evidence"":{""colour_recovered"":false,""fallback"":""registry"",""snapshot_id"":""snap_20260913T053000Z_11d8e6dbdaab""}},""summary"":""Trial or member activity colour was not recovered; newsletter registry status uses the documented fallback""}]},{""source"":""wsdc_newsletter"",""status"":""parsed"",""target_id"":""9674911cc8f2d2803682db49"",""timestamp"":null,""url"":""http://www.worldsdc.com/wp-content/uploads/2020/12/WSDC-Newsleter-Vol-9-1-24-2019.pdf"",""warnings"":[{""evidence"":{""code"":""newsletter_undated_listing"",""evidence"":{""page"":2,""rows"":[""SWEETHEART SWING CLASSIC On Hiatus""]}},""summary"":""Listed event has no safely parsed date; preserve hiatus or other notice for review""},{""evidence"":{""code"":""approval_notice_review"",""evidence"":{""notice"":""from page 1)                                                    Leyva, who has been managing new events,                           Events"",""page"":2}},""summary"":""Prose approval notice needs a dated event interpretation""},{""evidence"":{""code"":""newsletter_colour_unverified"",""evidence"":{""colour_recovered"":false,""fallback"":""registry"",""snapshot_id"":""snap_20260913T053010Z_478d7ddb5edd""}},""summary"":""Trial or member activity colour was not recovered; newsletter registry status uses the documented fallback""}]},{""source"":""wsdc_newsletter"",""status"":""parsed"",""target_id"":""168739e4497cfe804a117c5e"",""timestamp"":null,""url"":""http://www.worldsdc.com/wp-content/uploads/2020/12/WSDC-Newsletter-Vol-11-6-25-2019.pdf"",""warnings"":[{""evidence"":{""code"":""newsletter_undated_listing"",""evidence"":{""page"":2,""rows"":[""OLD TOWN SWING On Hiatus""]}},""summary"":""Listed event has no safely parsed date; preserve hiatus or other notice for review""},{""evidence"":{""code"":""approval_notice_review"",""evidence"":{""notice"":""• ODYSSEY WEST COAST SWING                           Please send us your questions and topics of            especially those running new events, rely heavily"",""page"":1}},""summary"":""Prose approval notice needs a dated event interpretation""}]},{""source"":""wsdc_newsletter"",""status"":""parsed"",""target_id"":""0b9f1347030560c4c5502e28"",""timestamp"":null,""url"":""http://www.worldsdc.com/wp-content/uploads/2020/12/WSDC-Newsletter-Vol-12-10-10-2019.pdf"",""warnings"":[{""evidence"":{""code"":""newsletter_undated_listing"",""evidence"":{""page"":2,""rows"":[""NEW YEAR’S DANCE EXTRAVAGANZA Dec 31, 2019, Jan 3-5, 2020""]}},""summary"":""Listed event has no safely parsed date; preserve hiatus or other notice for review""}]},{""source"":""wsdc_newsletter"",""status"":""parsed"",""target_id"":""0226ef50385bfa517c9ef79c"",""timestamp"":null,""url"":""http://www.worldsdc.com/wp-content/uploads/2020/12/WSDC-Newsletter-Vol-6-April-9-2018.pdf"",""warnings"":[{""evidence"":{""code"":""newsletter_colour_unverified"",""evidence"":{""colour_recovered"":false,""fallback"":""registry"",""snapshot_id"":""snap_20260913T035045Z_008aaf4c6933""}},""summary"":""Trial or member activity colour was not recovered; newsletter registry status uses the documented fallback""}]},{""source"":""wsdc_newsletter"",""status"":""parsed"",""target_id"":""78a33801c49176cffe273d23"",""timestamp"":null,""url"":""http://www.worldsdc.com/wp-content/uploads/2020/12/WSDC-Newsletter-Vol-7-July-1-2018.pdf"",""warnings"":[{""evidence"":{""code"":""newsletter_undated_listing"",""evidence"":{""page"":1,""rows"":[""SACRAMENTO ALL SWING On Hiatus"",""SEA SUN & SWING CAMP Hiatus""]}},""summary"":""Listed event has no safely parsed date; preserve hiatus or other notice for review""}]},{""source"":""wsdc_newsletter"",""status"":""parsed"",""target_id"":""b64c2d8f8445f615c078e0bb"",""timestamp"":null,""url"":""http://www.worldsdc.com/wp-content/uploads/2020/12/WSDC-Newsletter-Vol-8-10-17-2018.pdf"",""warnings"":[{""evidence"":{""code"":""approval_notice_review"",""evidence"":{""notice"":""scores will not be posted to our database.  We                  events and new events.  Wednesday’s focus is                       December 6-9, 2018"",""page"":2}},""summary"":""Prose approval notice needs a dated event interpretation""}]},{""source"":""wsdc_newsletter"",""status"":""parsed"",""target_id"":""50d5b572f43b42b244112e92"",""timestamp"":null,""url"":""http://www.worldsdc.com/wp-content/uploads/2021/02/WSDC-Newsleter-Vol-13-1-6-2020.pdf"",""warnings"":[{""evidence"":{""code"":""newsletter_undated_listing"",""evidence"":{""page"":2,""rows"":[""ANCHOR FESTIVAL On Hiatus""]}},""summary"":""Listed event has no safely parsed date; preserve hiatus or other notice for review""},{""evidence"":{""code"":""newsletter_colour_unverified"",""evidence"":{""colour_recovered"":false,""fallback"":""registry"",""snapshot_id"":""snap_20260913T053303Z_220a0f22f0f6""}},""summary"":""Trial or member activity colour was not recovered; newsletter registry status uses the documented fallback""}]},{""source"":""wsdc_newsletter"",""status"":""parsed"",""target_id"":""2722818d1b9f0149372dd827"",""timestamp"":null,""url"":""http://www.worldsdc.com/wp-content/uploads/2022/06/WSDC-Newsleter-Vol-22-June-2022.pdf"",""warnings"":[{""evidence"":{""code"":""newsletter_undated_listing"",""evidence"":{""page"":2,""rows"":[""Portland Dance Festival"",""Toronto Open Swing & Hustle Championships"",""Sea Sun & Swing Camp"",""Odyssey West Coast Swing"",""Riga Summer Swing""]}},""summary"":""Listed event has no safely parsed date; preserve hiatus or other notice for review""}]},{""source"":""wsdc_newsletter"",""status"":""parsed"",""target_id"":""a85d2b013a50698e8e0a5c49"",""timestamp"":null,""url"":""http://www.worldsdc.com/wp-content/uploads/2022/09/WSDC-Newsleter-Vol-23-September-2022.pdf"",""warnings"":[{""evidence"":{""code"":""approval_notice_review"",""evidence"":{""notice"":""on the calendar, so that new events are able to select locations and dates that comply with our time distance rules."",""page"":3}},""summary"":""Prose approval notice needs a dated event interpretation""},{""evidence"":{""code"":""newsletter_undated_listing"",""evidence"":{""page"":3,""rows"":[""Countdown Swing Boston Dec 29, 2022, Jan 2, 2023"",""Palm Springs New Year’s West Coast Swing and Hustle Dance Classic"",""Spotlight New Year’s Celebration"",""New Year’s Swing Fling""]}},""summary"":""Listed event has no safely parsed date; preserve hiatus or other notice for review""}]},{""source"":""wsdc_newsletter"",""status"":""parsed"",""target_id"":""33973c1ce87271a5a7076911"",""timestamp"":null,""url"":""http://www.worldsdc.com/wp-content/uploads/2023/01/WSDC-Newsleter-Vol-25-1-5-2023.pdf"",""warnings"":[{""evidence"":{""code"":""newsletter_undated_listing"",""evidence"":{""page"":2,""rows"":[""High Desert Dance Classic On Hiatus"",""Anchor Festival Canceld due to Covid"",""Boston Tea Party Canceld due to Covid""]}},""summary"":""Listed event has no safely parsed date; preserve hiatus or other notice for review""},{""evidence"":{""code"":""newsletter_colour_unverified"",""evidence"":{""colour_recovered"":false,""fallback"":""registry"",""snapshot_id"":""snap_20260913T053423Z_68c1360eb9f6""}},""summary"":""Trial or member activity colour was not recovered; newsletter registry status uses the documented fallback""}]},{""source"":""wsdc_newsletter"",""status"":""parsed"",""target_id"":""41a01dbd519400746ec38193"",""timestamp"":null,""url"":""http://www.worldsdc.com/wp-content/uploads/2024/01/WSDC-Newsletter-Vol-29-1-5-2024-3.0.pdf"",""warnings"":[{""evidence"":{""code"":""approval_notice_review"",""evidence"":{""page"":3}},""summary"":""Newsletter page has no safely dated event rows; review its sidebar and approval notices""},{""evidence"":{""code"":""approval_notice_review"",""evidence"":{""notice"":""We want to see your spot on the calendar, so that new events are able to select locations and dates that                          ideal environment to promote"",""page"":3}},""summary"":""Prose approval notice needs a dated event interpretation""},{""evidence"":{""code"":""newsletter_undated_listing"",""evidence"":{""page"":2,""rows"":[""Anchor Festival On Hiatus""]}},""summary"":""Listed event has no safely parsed date; preserve hiatus or other notice for review""}]},{""source"":""wsdc_newsletter"",""status"":""parsed"",""target_id"":""b961cd353369476360a0b7d9"",""timestamp"":null,""url"":""http://www.worldsdc.com/wp-content/uploads/2024/05/WSDC-Newsletter-Vol-30-05-21-2024-5.0.pdf"",""warnings"":[{""evidence"":{""code"":""newsletter_colour_unverified"",""evidence"":{""colour_recovered"":false,""fallback"":""registry"",""snapshot_id"":""snap_20260913T053443Z_bf5de4bbd205""}},""summary"":""Trial or member activity colour was not recovered; newsletter registry status uses the documented fallback""},{""evidence"":{""code"":""approval_notice_review"",""evidence"":{""notice"":""• Hungarian open                         We would like to welcome the following new Registry Events that have been approved in 2024:"",""page"":1}},""summary"":""Prose approval notice needs a dated event interpretation""},{""evidence"":{""code"":""newsletter_undated_listing"",""evidence"":{""page"":3,""rows"":[""Ukrainian Open Canceled due to war""]}},""summary"":""Listed event has no safely parsed date; preserve hiatus or other notice for review""}]},{""source"":""wsdc_newsletter"",""status"":""parsed"",""target_id"":""f0d02027903ab0803154542c"",""timestamp"":null,""url"":""https://www.worldsdc.com/wp-content/uploads/2023/05/WSDC-Newsletter-Vol-26-05-16-2023-1.pdf"",""warnings"":[{""evidence"":{""code"":""newsletter_undated_listing"",""evidence"":{""page"":2,""rows"":[""Michigan classic On Hiatus"",""Dance N Play On Hiatus""]}},""summary"":""Listed event has no safely parsed date; preserve hiatus or other notice for review""},{""evidence"":{""code"":""newsletter_colour_unverified"",""evidence"":{""colour_recovered"":false,""fallback"":""registry"",""snapshot_id"":""snap_20260913T053450Z_ce3c79f4aa99""}},""summary"":""Trial or member activity colour was not recovered; newsletter registry status uses the documented fallback""}]},{""source"":""wsdc_newsletter"",""status"":""parsed"",""target_id"":""bcf0cbe3c6fa734ee64625e0"",""timestamp"":null,""url"":""https://www.worldsdc.com/wp-content/uploads/2023/09/WSDC-Newsletter-Vol-27-9-11-2023.pdf"",""warnings"":[{""evidence"":{""code"":""newsletter_undated_listing"",""evidence"":{""page"":1,""rows"":[""Norway Westie Fest On Hiatus"",""Austin Rocks On Hiatus"",""Philly Swing Classic On Hiatus"",""European Swing Challenge On Hiatus""]}},""summary"":""Listed event has no safely parsed date; preserve hiatus or other notice for review""},{""evidence"":{""code"":""approval_notice_review"",""evidence"":{""notice"":""September 7 - 10, 2023                        We would like to welcome the following new Registry Events that have been approved in 2023:"",""page"":1}},""summary"":""Prose approval notice needs a dated event interpretation""}]},{""source"":""wsdc_calendar"",""status"":""finding"",""target_id"":""4524f01e997c4e2f34e9ad8b"",""timestamp"":""20160710033710"",""url"":""http://www.worldsdc.com:80/events-map/"",""warnings"":[{""evidence"":{""snapshot_id"":""snap_20260913T051034Z_c954a81d470a""},""summary"":""captured map marker lacks a name or printed date""}]},{""source"":""wsdc_calendar"",""status"":""parsed"",""target_id"":""ff3953a1ccb4da3e936fdabc"",""timestamp"":""20160909052448"",""url"":""http://www.worldsdc.com:80/event-calendar/"",""warnings"":[{""evidence"":{""code"":""unrecognized_listing_date"",""evidence"":{""classes"":[],""country_code"":null,""date"":""2017-01-26 - 1201-01-30"",""event_type"":""Registry Event"",""location"":"""",""name"":""Derby City Swing"",""website"":""http://www.DerbyCitySwing.com""}},""summary"":""unknown calendar date: '2017-01-26 - 1201-01-30'""}]},{""source"":""wsdc_calendar"",""status"":""finding"",""target_id"":""1e7c58035500bacb34f94ee2"",""timestamp"":""20160909104400"",""url"":""http://www.worldsdc.com:80/events-map/"",""warnings"":[{""evidence"":{""snapshot_id"":""snap_20260913T051124Z_69886cf0bd03""},""summary"":""captured map marker lacks a name or printed date""}]},{""source"":""wsdc_calendar"",""status"":""parsed"",""target_id"":""45e7d60cf892aa442bc764ee"",""timestamp"":""20161109222349"",""url"":""http://www.worldsdc.com:80/event-calendar/"",""warnings"":[{""evidence"":{""code"":""unrecognized_listing_date"",""evidence"":{""classes"":[],""country_code"":null,""date"":""2017-08-09 - 2016-08-02"",""event_type"":""Registry Event"",""location"":"""",""name"":""Sea Sun & Swing Camp"",""website"":""http://www.seasunswing.net/""}},""summary"":""unknown calendar date: '2017-08-09 - 2016-08-02'""}]},{""source"":""wsdc_calendar"",""status"":""finding"",""target_id"":""a2bc46c2c8df036f4f4893ce"",""timestamp"":""20161110035618"",""url"":""http://www.worldsdc.com:80/events-map/"",""warnings"":[{""evidence"":{""snapshot_id"":""snap_20260913T051154Z_e4edbdd2484e""},""summary"":""captured map marker lacks a name or printed date""}]},{""source"":""wsdc_calendar"",""status"":""finding"",""target_id"":""35f6bfc5b865f014caed252f"",""timestamp"":""20161212121213"",""url"":""http://www.worldsdc.com:80/events-map/?"",""warnings"":[{""evidence"":{""snapshot_id"":""snap_20260913T051213Z_81a2aa57dba1""},""summary"":""captured map marker lacks a name or printed date""}]},{""source"":""wsdc_calendar"",""status"":""parsed"",""target_id"":""63fc2e9fab71011f49928da1"",""timestamp"":""20190310202901"",""url"":""https://www.worldsdc.com/event-calendar/"",""warnings"":[{""evidence"":{""code"":""unrecognized_listing_date"",""evidence"":{""classes"":[],""country_code"":null,""date"":""2017-10-27 - 2017-10-02"",""event_type"":"""",""location"":"""",""name"":""Atlanta Swing Classic"",""website"":""""}},""summary"":""unknown calendar date: '2017-10-27 - 2017-10-02'""}]},{""source"":""wsdc_calendar"",""status"":""parsed"",""target_id"":""45af6af9a8be9960552c707c"",""timestamp"":""20190723190818"",""url"":""https://www.worldsdc.com/event-calendar/"",""warnings"":[{""evidence"":{""code"":""unrecognized_listing_date"",""evidence"":{""classes"":[],""country_code"":null,""date"":""2017-10-27 - 2017-10-02"",""event_type"":"""",""location"":"""",""name"":""Atlanta Swing Classic"",""website"":""""}},""summary"":""unknown calendar date: '2017-10-27 - 2017-10-02'""},{""evidence"":{""code"":""unrecognized_listing_date"",""evidence"":{""classes"":[],""country_code"":null,""date"":""2020-02-13 - 2020-02-10"",""event_type"":""Registry Event"",""location"":"""",""name"":""Capital Swing Presidents' Day Convention"",""website"":""http://www.capitalswingconvention.com""}},""summary"":""unknown calendar date: '2020-02-13 - 2020-02-10'""}]},{""source"":""wsdc_calendar"",""status"":""parsed"",""target_id"":""ff51b642e9a4b4954b6e59f5"",""timestamp"":""20190803171837"",""url"":""https://www.worldsdc.com/event-calendar/"",""warnings"":[{""evidence"":{""code"":""unrecognized_listing_date"",""evidence"":{""classes"":[],""country_code"":null,""date"":""2017-10-27 - 2017-10-02"",""event_type"":"""",""location"":"""",""name"":""Atlanta Swing Classic"",""website"":""""}},""summary"":""unknown calendar date: '2017-10-27 - 2017-10-02'""},{""evidence"":{""code"":""unrecognized_listing_date"",""evidence"":{""classes"":[],""country_code"":null,""date"":""2020-02-13 - 2020-02-10"",""event_type"":""Registry Event"",""location"":"""",""name"":""Capital Swing Presidents' Day Convention"",""website"":""http://www.capitalswingconvention.com""}},""summary"":""unknown calendar date: '2020-02-13 - 2020-02-10'""}]},{""source"":""wsdc_calendar"",""status"":""parsed"",""target_id"":""f19398f1d6ae2da489cbca06"",""timestamp"":""20190920150618"",""url"":""https://www.worldsdc.com/event-calendar/"",""warnings"":[{""evidence"":{""code"":""unrecognized_listing_date"",""evidence"":{""classes"":[],""country_code"":null,""date"":""2020-02-13 - 2020-02-10"",""event_type"":""Registry Event"",""location"":"""",""name"":""Capital Swing Presidents' Day Convention"",""website"":""http://www.capitalswingconvention.com""}},""summary"":""unknown calendar date: '2020-02-13 - 2020-02-10'""},{""evidence"":{""code"":""unrecognized_listing_date"",""evidence"":{""classes"":[],""country_code"":null,""date"":""2017-10-27 - 2017-10-02"",""event_type"":"""",""location"":"""",""name"":""Atlanta Swing Classic"",""website"":""""}},""summary"":""unknown calendar date: '2017-10-27 - 2017-10-02'""}]},{""source"":""wsdc_calendar"",""status"":""parsed"",""target_id"":""6ce7ce1a4672bb04f9e6f54a"",""timestamp"":""20191018054453"",""url"":""https://www.worldsdc.com/event-calendar/"",""warnings"":[{""evidence"":{""code"":""unrecognized_listing_date"",""evidence"":{""classes"":[],""country_code"":null,""date"":""2020-02-13 - 2020-02-10"",""event_type"":""Registry Event"",""location"":"""",""name"":""Capital Swing Presidents' Day Convention"",""website"":""http://www.capitalswingconvention.com""}},""summary"":""unknown calendar date: '2020-02-13 - 2020-02-10'""},{""evidence"":{""code"":""unrecognized_listing_date"",""evidence"":{""classes"":[],""country_code"":null,""date"":""2017-10-27 - 2017-10-02"",""event_type"":"""",""location"":"""",""name"":""Atlanta Swing Classic"",""website"":""""}},""summary"":""unknown calendar date: '2017-10-27 - 2017-10-02'""}]},{""source"":""wsdc_calendar"",""status"":""parsed"",""target_id"":""1b3c6c6919989e1fb2654ece"",""timestamp"":""20191106155651"",""url"":""https://www.worldsdc.com/event-calendar/"",""warnings"":[{""evidence"":{""code"":""unrecognized_listing_date"",""evidence"":{""classes"":[],""country_code"":null,""date"":""2017-10-27 - 2017-10-02"",""event_type"":"""",""location"":"""",""name"":""Atlanta Swing Classic"",""website"":""""}},""summary"":""unknown calendar date: '2017-10-27 - 2017-10-02'""},{""evidence"":{""code"":""unrecognized_listing_date"",""evidence"":{""classes"":[],""country_code"":null,""date"":""2020-02-13 - 2020-02-10"",""event_type"":""Registry Event"",""location"":"""",""name"":""Capital Swing Presidents' Day Convention"",""website"":""http://www.capitalswingconvention.com""}},""summary"":""unknown calendar date: '2020-02-13 - 2020-02-10'""}]},{""source"":""wsdc_calendar"",""status"":""parsed"",""target_id"":""0c1a65f8427b8be5c9cf8c7c"",""timestamp"":""20191212192203"",""url"":""https://www.worldsdc.com/event-calendar/"",""warnings"":[{""evidence"":{""code"":""unrecognized_listing_date"",""evidence"":{""classes"":[],""country_code"":null,""date"":""2017-10-27 - 2017-10-02"",""event_type"":"""",""location"":"""",""name"":""Atlanta Swing Classic"",""website"":""""}},""summary"":""unknown calendar date: '2017-10-27 - 2017-10-02'""}]},{""source"":""wsdc_calendar"",""status"":""parsed"",""target_id"":""a1552033d5ab342fc7915696"",""timestamp"":""20210920204412"",""url"":""https://www.worldsdc.com/event-calendar/"",""warnings"":[{""evidence"":{""code"":""unrecognized_listing_date"",""evidence"":{""classes"":[],""country_code"":null,""date"":""2021-10-15 - 2020-10-21"",""event_type"":""Registry Event"",""location"":"""",""name"":""European Swing Challenge (Cancelled due to Covid-19)"",""website"":""http://www.jiveaddiction.com""}},""summary"":""unknown calendar date: '2021-10-15 - 2020-10-21'""}]},{""source"":""wsdc_calendar"",""status"":""parsed"",""target_id"":""7b80fe7a9bb1bba64608cee6"",""timestamp"":""20211207001407"",""url"":""https://www.worldsdc.com/event-calendar/"",""warnings"":[{""evidence"":{""code"":""unrecognized_listing_date"",""evidence"":{""classes"":[],""country_code"":null,""date"":""2021-10-15 - 2020-10-21"",""event_type"":""Registry Event"",""location"":"""",""name"":""European Swing Challenge (Cancelled due to Covid-19)"",""website"":""http://www.jiveaddiction.com""}},""summary"":""unknown calendar date: '2021-10-15 - 2020-10-21'""}]},{""source"":""wsdc_calendar"",""status"":""parsed"",""target_id"":""60d215c8c0b614f4183762c9"",""timestamp"":""20220118200123"",""url"":""https://www.worldsdc.com/event-calendar/"",""warnings"":[{""evidence"":{""code"":""unrecognized_listing_date"",""evidence"":{""classes"":[],""country_code"":null,""date"":""2021-10-15 - 2020-10-21"",""event_type"":""Registry Event"",""location"":"""",""name"":""European Swing Challenge (Cancelled due to Covid-19)"",""website"":""http://www.jiveaddiction.com""}},""summary"":""unknown calendar date: '2021-10-15 - 2020-10-21'""}]},{""source"":""wsdc_calendar"",""status"":""parsed"",""target_id"":""31073eb64db45b0b3bc14037"",""timestamp"":""20220327070320"",""url"":""https://www.worldsdc.com/event-calendar/"",""warnings"":[{""evidence"":{""code"":""unrecognized_listing_date"",""evidence"":{""classes"":[],""country_code"":null,""date"":""2021-10-15 - 2020-10-21"",""event_type"":""Registry Event"",""location"":"""",""name"":""European Swing Challenge (Cancelled due to Covid-19)"",""website"":""http://www.jiveaddiction.com""}},""summary"":""unknown calendar date: '2021-10-15 - 2020-10-21'""}]},{""source"":""wsdc_calendar"",""status"":""parsed"",""target_id"":""a62ed37377f66f873478b99f"",""timestamp"":""20220516154440"",""url"":""https://www.worldsdc.com/event-calendar/"",""warnings"":[{""evidence"":{""code"":""unrecognized_listing_date"",""evidence"":{""classes"":[],""country_code"":null,""date"":""2021-10-15 - 2020-10-21"",""event_type"":""Registry Event"",""location"":"""",""name"":""European Swing Challenge (Cancelled due to Covid-19)"",""website"":""http://www.jiveaddiction.com""}},""summary"":""unknown calendar date: '2021-10-15 - 2020-10-21'""},{""evidence"":{""code"":""unrecognized_listing_date"",""evidence"":{""classes"":[],""country_code"":null,""date"":""2023-03-02 - 2022-03-08"",""event_type"":""Registry Event"",""location"":"""",""name"":""MADjam (Mid Atlantic Dance Jam)"",""website"":""http://www.atlanticdancejam.com""}},""summary"":""unknown calendar date: '2023-03-02 - 2022-03-08'""},{""evidence"":{""code"":""unrecognized_listing_date"",""evidence"":{""classes"":[],""country_code"":null,""date"":""2023-04-14 - 2022-04-17"",""event_type"":""Registry Event"",""location"":"""",""name"":""WESTY NANTES"",""website"":""https://www.westynantes.com/""}},""summary"":""unknown calendar date: '2023-04-14 - 2022-04-17'""}]},{""source"":""wsdc_calendar"",""status"":""parsed"",""target_id"":""772e82ab89c8201dae8a26f6"",""timestamp"":""20220927051335"",""url"":""https://www.worldsdc.com/event-calendar/"",""warnings"":[{""evidence"":{""code"":""unrecognized_listing_date"",""evidence"":{""classes"":[],""country_code"":null,""date"":""2023-04-14 - 2022-04-17"",""event_type"":""Registry Event"",""location"":"""",""name"":""WESTY NANTES"",""website"":""https://www.westynantes.com/""}},""summary"":""unknown calendar date: '2023-04-14 - 2022-04-17'""},{""evidence"":{""code"":""unrecognized_listing_date"",""evidence"":{""classes"":[],""country_code"":null,""date"":""2021-10-15 - 2020-10-21"",""event_type"":""Registry Event"",""location"":"""",""name"":""European Swing Challenge (Cancelled due to Covid-19)"",""website"":""http://www.jiveaddiction.com""}},""summary"":""unknown calendar date: '2021-10-15 - 2020-10-21'""},{""evidence"":{""code"":""unrecognized_listing_date"",""evidence"":{""classes"":[],""country_code"":null,""date"":""2023-03-02 - 2022-03-08"",""event_type"":""Registry Event"",""location"":"""",""name"":""MADjam (Mid Atlantic Dance Jam)"",""website"":""http://www.atlanticdancejam.com""}},""summary"":""unknown calendar date: '2023-03-02 - 2022-03-08'""}]},{""source"":""wsdc_calendar"",""status"":""pending"",""target_id"":""a9a1981e91474f1967356d61"",""timestamp"":""20250226151724"",""url"":""https://www.worldsdc.com/events/"",""warnings"":[]},{""source"":""wsdc_calendar"",""status"":""pending"",""target_id"":""ea4e68c086533dd6581c3015"",""timestamp"":""20250423104016"",""url"":""https://www.worldsdc.com/print-event-list/"",""warnings"":[]},{""source"":""wsdc_calendar"",""status"":""pending"",""target_id"":""24eaae0d5fea3221affb5a0a"",""timestamp"":""20250512152735"",""url"":""https://www.worldsdc.com/events/"",""warnings"":[]},{""source"":""wsdc_calendar"",""status"":""pending"",""target_id"":""828e41e7f8f4bfd34d171092"",""timestamp"":""20250814164915"",""url"":""https://www.worldsdc.com/print-event-list/"",""warnings"":[]},{""source"":""wsdc_calendar"",""status"":""pending"",""target_id"":""3c5a6116618208e4556dd9e7"",""timestamp"":""20251006110156"",""url"":""https://www.worldsdc.com/events/"",""warnings"":[]},{""source"":""wsdc_calendar"",""status"":""pending"",""target_id"":""e7dcb140bcbd077c67c0d425"",""timestamp"":""20251115173727"",""url"":""https://www.worldsdc.com/print-event-list/"",""warnings"":[]},{""source"":""wsdc_calendar"",""status"":""pending"",""target_id"":""f140e9fd5864d1c777006540"",""timestamp"":""20251219091106"",""url"":""https://www.worldsdc.com/events/"",""warnings"":[]},{""source"":""wsdc_calendar"",""status"":""pending"",""target_id"":""763f8950892b9e719910fcd3"",""timestamp"":""20251219113055"",""url"":""https://www.worldsdc.com/events/"",""warnings"":[]},{""source"":""wsdc_calendar"",""status"":""pending"",""target_id"":""f0dcc51ff963f79c44d90734"",""timestamp"":""20260107152659"",""url"":""https://www.worldsdc.com/events/"",""warnings"":[]},{""source"":""wsdc_calendar"",""status"":""pending"",""target_id"":""fa9d6701e2418b435644b296"",""timestamp"":""20260110202716"",""url"":""https://www.worldsdc.com/events/"",""warnings"":[]},{""source"":""wsdc_calendar"",""status"":""pending"",""target_id"":""9fad90785a2f773113d0c84d"",""timestamp"":""20260120214828"",""url"":""https://www.worldsdc.com/events/"",""warnings"":[]},{""source"":""wsdc_calendar"",""status"":""pending"",""target_id"":""032270847f79d7aebca98f65"",""timestamp"":""20260211205531"",""url"":""https://www.worldsdc.com/print-event-list/"",""warnings"":[]},{""source"":""wsdc_calendar"",""status"":""pending"",""target_id"":""edb1d1478b3fe19a626a30d7"",""timestamp"":""20260308093633"",""url"":""https://www.worldsdc.com/events/"",""warnings"":[]},{""source"":""wsdc_calendar"",""status"":""pending"",""target_id"":""017e59a25155c25983b14000"",""timestamp"":""20260513152740"",""url"":""https://www.worldsdc.com/print-event-list/"",""warnings"":[]},{""source"":""wsdc_calendar"",""status"":""pending"",""target_id"":""2b8b7d5b424f394e25c2b7bb"",""timestamp"":""20260513162349"",""url"":""https://www.worldsdc.com/events/"",""warnings"":[]},{""source"":""wsdc_calendar"",""status"":""pending"",""target_id"":""9592958a3cd694d86e677fc5"",""timestamp"":""20260521133133"",""url"":""https://www.worldsdc.com/events/"",""warnings"":[]},{""source"":""wsdc_calendar"",""status"":""pending"",""target_id"":""2dd8b6dc4d2d264495a33f0f"",""timestamp"":""20260813102731"",""url"":""https://worldsdc.com/events/"",""warnings"":[]}],""year"":2025}",phase1_incomplete,2025,phase1_year,,2025,history_year,,"Event-list catalog has pending captures, unresolved parse findings, or missing discovery"
"{""gaps"":[{""source"":""wsdc_newsletter"",""status"":""parsed"",""target_id"":""20080cca8335d832e9581711"",""timestamp"":null,""url"":""http://www.worldsdc.com/wp-content/uploads/2017/12/161202-WSDC-Newsletter-Vol-1-4.pdf"",""warnings"":[{""evidence"":{""code"":""newsletter_undated_listing"",""evidence"":{""page"":2,""rows"":[""HOLY LAND OPEN On Hiatus""]}},""summary"":""Listed event has no safely parsed date; preserve hiatus or other notice for review""}]},{""source"":""wsdc_newsletter"",""status"":""parsed"",""target_id"":""e993372b27c920b7bf25238f"",""timestamp"":null,""url"":""http://www.worldsdc.com/wp-content/uploads/2017/12/170705-WSDC-Newsletter-Vol-3-7-5-2017.pdf"",""warnings"":[{""evidence"":{""code"":""newsletter_undated_listing"",""evidence"":{""page"":2,""rows"":[""SUNNY SIDE DANCE CAMP On Hiatus""]}},""summary"":""Listed event has no safely parsed date; preserve hiatus or other notice for review""}]},{""source"":""wsdc_newsletter"",""status"":""parsed"",""target_id"":""e34b2344655e659de5b60d89"",""timestamp"":null,""url"":""http://www.worldsdc.com/wp-content/uploads/2017/12/171229-WSDC-Newsleter-Vol-5-12-29-2017.pdf"",""warnings"":[{""evidence"":{""code"":""newsletter_undated_listing"",""evidence"":{""page"":2,""rows"":[""AUSTRALIAN WEST COAST SWING AND ZOUK On Hiatus""]}},""summary"":""Listed event has no safely parsed date; preserve hiatus or other notice for review""}]},{""source"":""wsdc_newsletter"",""status"":""parsed"",""target_id"":""0e8afed4a25aa5c6fd5f2741"",""timestamp"":null,""url"":""http://www.worldsdc.com/wp-content/uploads/2020/12/170330-WSDC-Newsletter-Vol-2-3.pdf"",""warnings"":[{""evidence"":{""code"":""newsletter_undated_listing"",""evidence"":{""page"":2,""rows"":[""SLINGSHOT SWING On Hiatus"",""CMJ NSW WEST COAST SWING DANCE CHAMPIONSHIPS On Hiatus""]}},""summary"":""Listed event has no safely parsed date; preserve hiatus or other notice for review""},{""evidence"":{""code"":""approval_notice_review"",""evidence"":{""notice"":""Apr 13 – 16, 2017                      quarter of 2017 new registry events included:                  We currently have 154 Registry Events, 84 in"",""page"":1}},""summary"":""Prose approval notice needs a dated event interpretation""}]},{""source"":""wsdc_newsletter"",""status"":""parsed"",""target_id"":""c2b50fd841877f25729aeb0c"",""timestamp"":null,""url"":""http://www.worldsdc.com/wp-content/uploads/2020/12/171005-WSDC-Newsletter-Vol-4-10-5-2017.pdf"",""warnings"":[{""evidence"":{""code"":""newsletter_undated_listing"",""evidence"":{""page"":1,""rows"":[""SWUSTLICIOUS October 19-22, 201717""]}},""summary"":""Listed event has no safely parsed date; preserve hiatus or other notice for review""}]},{""source"":""wsdc_newsletter"",""status"":""parsed"",""target_id"":""c16974cf6a719bb6f6e3c9da"",""timestamp"":null,""url"":""http://www.worldsdc.com/wp-content/uploads/2020/12/WSDC-Newsleter-Vol-10-04-12-2019.pdf"",""warnings"":[{""evidence"":{""code"":""newsletter_undated_listing"",""evidence"":{""page"":2,""rows"":[""HUNGARIAN OPEN May 24 – 26, 20189""]}},""summary"":""Listed event has no safely parsed date; preserve hiatus or other notice for review""},{""evidence"":{""code"":""newsletter_colour_unverified"",""evidence"":{""colour_recovered"":false,""fallback"":""registry"",""snapshot_id"":""snap_20260913T053000Z_11d8e6dbdaab""}},""summary"":""Trial or member activity colour was not recovered; newsletter registry status uses the documented fallback""}]},{""source"":""wsdc_newsletter"",""status"":""parsed"",""target_id"":""9674911cc8f2d2803682db49"",""timestamp"":null,""url"":""http://www.worldsdc.com/wp-content/uploads/2020/12/WSDC-Newsleter-Vol-9-1-24-2019.pdf"",""warnings"":[{""evidence"":{""code"":""newsletter_undated_listing"",""evidence"":{""page"":2,""rows"":[""SWEETHEART SWING CLASSIC On Hiatus""]}},""summary"":""Listed event has no safely parsed date; preserve hiatus or other notice for review""},{""evidence"":{""code"":""approval_notice_review"",""evidence"":{""notice"":""from page 1)                                                    Leyva, who has been managing new events,                           Events"",""page"":2}},""summary"":""Prose approval notice needs a dated event interpretation""},{""evidence"":{""code"":""newsletter_colour_unverified"",""evidence"":{""colour_recovered"":false,""fallback"":""registry"",""snapshot_id"":""snap_20260913T053010Z_478d7ddb5edd""}},""summary"":""Trial or member activity colour was not recovered; newsletter registry status uses the documented fallback""}]},{""source"":""wsdc_newsletter"",""status"":""parsed"",""target_id"":""168739e4497cfe804a117c5e"",""timestamp"":null,""url"":""http://www.worldsdc.com/wp-content/uploads/2020/12/WSDC-Newsletter-Vol-11-6-25-2019.pdf"",""warnings"":[{""evidence"":{""code"":""newsletter_undated_listing"",""evidence"":{""page"":2,""rows"":[""OLD TOWN SWING On Hiatus""]}},""summary"":""Listed event has no safely parsed date; preserve hiatus or other notice for review""},{""evidence"":{""code"":""approval_notice_review"",""evidence"":{""notice"":""• ODYSSEY WEST COAST SWING                           Please send us your questions and topics of            especially those running new events, rely heavily"",""page"":1}},""summary"":""Prose approval notice needs a dated event interpretation""}]},{""source"":""wsdc_newsletter"",""status"":""parsed"",""target_id"":""0b9f1347030560c4c5502e28"",""timestamp"":null,""url"":""http://www.worldsdc.com/wp-content/uploads/2020/12/WSDC-Newsletter-Vol-12-10-10-2019.pdf"",""warnings"":[{""evidence"":{""code"":""newsletter_undated_listing"",""evidence"":{""page"":2,""rows"":[""NEW YEAR’S DANCE EXTRAVAGANZA Dec 31, 2019, Jan 3-5, 2020""]}},""summary"":""Listed event has no safely parsed date; preserve hiatus or other notice for review""}]},{""source"":""wsdc_newsletter"",""status"":""parsed"",""target_id"":""0226ef50385bfa517c9ef79c"",""timestamp"":null,""url"":""http://www.worldsdc.com/wp-content/uploads/2020/12/WSDC-Newsletter-Vol-6-April-9-2018.pdf"",""warnings"":[{""evidence"":{""code"":""newsletter_colour_unverified"",""evidence"":{""colour_recovered"":false,""fallback"":""registry"",""snapshot_id"":""snap_20260913T035045Z_008aaf4c6933""}},""summary"":""Trial or member activity colour was not recovered; newsletter registry status uses the documented fallback""}]},{""source"":""wsdc_newsletter"",""status"":""parsed"",""target_id"":""78a33801c49176cffe273d23"",""timestamp"":null,""url"":""http://www.worldsdc.com/wp-content/uploads/2020/12/WSDC-Newsletter-Vol-7-July-1-2018.pdf"",""warnings"":[{""evidence"":{""code"":""newsletter_undated_listing"",""evidence"":{""page"":1,""rows"":[""SACRAMENTO ALL SWING On Hiatus"",""SEA SUN & SWING CAMP Hiatus""]}},""summary"":""Listed event has no safely parsed date; preserve hiatus or other notice for review""}]},{""source"":""wsdc_newsletter"",""status"":""parsed"",""target_id"":""b64c2d8f8445f615c078e0bb"",""timestamp"":null,""url"":""http://www.worldsdc.com/wp-content/uploads/2020/12/WSDC-Newsletter-Vol-8-10-17-2018.pdf"",""warnings"":[{""evidence"":{""code"":""approval_notice_review"",""evidence"":{""notice"":""scores will not be posted to our database.  We                  events and new events.  Wednesday’s focus is                       December 6-9, 2018"",""page"":2}},""summary"":""Prose approval notice needs a dated event interpretation""}]},{""source"":""wsdc_newsletter"",""status"":""parsed"",""target_id"":""50d5b572f43b42b244112e92"",""timestamp"":null,""url"":""http://www.worldsdc.com/wp-content/uploads/2021/02/WSDC-Newsleter-Vol-13-1-6-2020.pdf"",""warnings"":[{""evidence"":{""code"":""newsletter_undated_listing"",""evidence"":{""page"":2,""rows"":[""ANCHOR FESTIVAL On Hiatus""]}},""summary"":""Listed event has no safely parsed date; preserve hiatus or other notice for review""},{""evidence"":{""code"":""newsletter_colour_unverified"",""evidence"":{""colour_recovered"":false,""fallback"":""registry"",""snapshot_id"":""snap_20260913T053303Z_220a0f22f0f6""}},""summary"":""Trial or member activity colour was not recovered; newsletter registry status uses the documented fallback""}]},{""source"":""wsdc_newsletter"",""status"":""parsed"",""target_id"":""2722818d1b9f0149372dd827"",""timestamp"":null,""url"":""http://www.worldsdc.com/wp-content/uploads/2022/06/WSDC-Newsleter-Vol-22-June-2022.pdf"",""warnings"":[{""evidence"":{""code"":""newsletter_undated_listing"",""evidence"":{""page"":2,""rows"":[""Portland Dance Festival"",""Toronto Open Swing & Hustle Championships"",""Sea Sun & Swing Camp"",""Odyssey West Coast Swing"",""Riga Summer Swing""]}},""summary"":""Listed event has no safely parsed date; preserve hiatus or other notice for review""}]},{""source"":""wsdc_newsletter"",""status"":""parsed"",""target_id"":""a85d2b013a50698e8e0a5c49"",""timestamp"":null,""url"":""http://www.worldsdc.com/wp-content/uploads/2022/09/WSDC-Newsleter-Vol-23-September-2022.pdf"",""warnings"":[{""evidence"":{""code"":""approval_notice_review"",""evidence"":{""notice"":""on the calendar, so that new events are able to select locations and dates that comply with our time distance rules."",""page"":3}},""summary"":""Prose approval notice needs a dated event interpretation""},{""evidence"":{""code"":""newsletter_undated_listing"",""evidence"":{""page"":3,""rows"":[""Countdown Swing Boston Dec 29, 2022, Jan 2, 2023"",""Palm Springs New Year’s West Coast Swing and Hustle Dance Classic"",""Spotlight New Year’s Celebration"",""New Year’s Swing Fling""]}},""summary"":""Listed event has no safely parsed date; preserve hiatus or other notice for review""}]},{""source"":""wsdc_newsletter"",""status"":""parsed"",""target_id"":""33973c1ce87271a5a7076911"",""timestamp"":null,""url"":""http://www.worldsdc.com/wp-content/uploads/2023/01/WSDC-Newsleter-Vol-25-1-5-2023.pdf"",""warnings"":[{""evidence"":{""code"":""newsletter_undated_listing"",""evidence"":{""page"":2,""rows"":[""High Desert Dance Classic On Hiatus"",""Anchor Festival Canceld due to Covid"",""Boston Tea Party Canceld due to Covid""]}},""summary"":""Listed event has no safely parsed date; preserve hiatus or other notice for review""},{""evidence"":{""code"":""newsletter_colour_unverified"",""evidence"":{""colour_recovered"":false,""fallback"":""registry"",""snapshot_id"":""snap_20260913T053423Z_68c1360eb9f6""}},""summary"":""Trial or member activity colour was not recovered; newsletter registry status uses the documented fallback""}]},{""source"":""wsdc_newsletter"",""status"":""parsed"",""target_id"":""41a01dbd519400746ec38193"",""timestamp"":null,""url"":""http://www.worldsdc.com/wp-content/uploads/2024/01/WSDC-Newsletter-Vol-29-1-5-2024-3.0.pdf"",""warnings"":[{""evidence"":{""code"":""approval_notice_review"",""evidence"":{""page"":3}},""summary"":""Newsletter page has no safely dated event rows; review its sidebar and approval notices""},{""evidence"":{""code"":""approval_notice_review"",""evidence"":{""notice"":""We want to see your spot on the calendar, so that new events are able to select locations and dates that                          ideal environment to promote"",""page"":3}},""summary"":""Prose approval notice needs a dated event interpretation""},{""evidence"":{""code"":""newsletter_undated_listing"",""evidence"":{""page"":2,""rows"":[""Anchor Festival On Hiatus""]}},""summary"":""Listed event has no safely parsed date; preserve hiatus or other notice for review""}]},{""source"":""wsdc_newsletter"",""status"":""parsed"",""target_id"":""b961cd353369476360a0b7d9"",""timestamp"":null,""url"":""http://www.worldsdc.com/wp-content/uploads/2024/05/WSDC-Newsletter-Vol-30-05-21-2024-5.0.pdf"",""warnings"":[{""evidence"":{""code"":""newsletter_colour_unverified"",""evidence"":{""colour_recovered"":false,""fallback"":""registry"",""snapshot_id"":""snap_20260913T053443Z_bf5de4bbd205""}},""summary"":""Trial or member activity colour was not recovered; newsletter registry status uses the documented fallback""},{""evidence"":{""code"":""approval_notice_review"",""evidence"":{""notice"":""• Hungarian open                         We would like to welcome the following new Registry Events that have been approved in 2024:"",""page"":1}},""summary"":""Prose approval notice needs a dated event interpretation""},{""evidence"":{""code"":""newsletter_undated_listing"",""evidence"":{""page"":3,""rows"":[""Ukrainian Open Canceled due to war""]}},""summary"":""Listed event has no safely parsed date; preserve hiatus or other notice for review""}]},{""source"":""wsdc_newsletter"",""status"":""parsed"",""target_id"":""f0d02027903ab0803154542c"",""timestamp"":null,""url"":""https://www.worldsdc.com/wp-content/uploads/2023/05/WSDC-Newsletter-Vol-26-05-16-2023-1.pdf"",""warnings"":[{""evidence"":{""code"":""newsletter_undated_listing"",""evidence"":{""page"":2,""rows"":[""Michigan classic On Hiatus"",""Dance N Play On Hiatus""]}},""summary"":""Listed event has no safely parsed date; preserve hiatus or other notice for review""},{""evidence"":{""code"":""newsletter_colour_unverified"",""evidence"":{""colour_recovered"":false,""fallback"":""registry"",""snapshot_id"":""snap_20260913T053450Z_ce3c79f4aa99""}},""summary"":""Trial or member activity colour was not recovered; newsletter registry status uses the documented fallback""}]},{""source"":""wsdc_newsletter"",""status"":""parsed"",""target_id"":""bcf0cbe3c6fa734ee64625e0"",""timestamp"":null,""url"":""https://www.worldsdc.com/wp-content/uploads/2023/09/WSDC-Newsletter-Vol-27-9-11-2023.pdf"",""warnings"":[{""evidence"":{""code"":""newsletter_undated_listing"",""evidence"":{""page"":1,""rows"":[""Norway Westie Fest On Hiatus"",""Austin Rocks On Hiatus"",""Philly Swing Classic On Hiatus"",""European Swing Challenge On Hiatus""]}},""summary"":""Listed event has no safely parsed date; preserve hiatus or other notice for review""},{""evidence"":{""code"":""approval_notice_review"",""evidence"":{""notice"":""September 7 - 10, 2023                        We would like to welcome the following new Registry Events that have been approved in 2023:"",""page"":1}},""summary"":""Prose approval notice needs a dated event interpretation""}]},{""source"":""wsdc_calendar"",""status"":""finding"",""target_id"":""4524f01e997c4e2f34e9ad8b"",""timestamp"":""20160710033710"",""url"":""http://www.worldsdc.com:80/events-map/"",""warnings"":[{""evidence"":{""snapshot_id"":""snap_20260913T051034Z_c954a81d470a""},""summary"":""captured map marker lacks a name or printed date""}]},{""source"":""wsdc_calendar"",""status"":""parsed"",""target_id"":""ff3953a1ccb4da3e936fdabc"",""timestamp"":""20160909052448"",""url"":""http://www.worldsdc.com:80/event-calendar/"",""warnings"":[{""evidence"":{""code"":""unrecognized_listing_date"",""evidence"":{""classes"":[],""country_code"":null,""date"":""2017-01-26 - 1201-01-30"",""event_type"":""Registry Event"",""location"":"""",""name"":""Derby City Swing"",""website"":""http://www.DerbyCitySwing.com""}},""summary"":""unknown calendar date: '2017-01-26 - 1201-01-30'""}]},{""source"":""wsdc_calendar"",""status"":""finding"",""target_id"":""1e7c58035500bacb34f94ee2"",""timestamp"":""20160909104400"",""url"":""http://www.worldsdc.com:80/events-map/"",""warnings"":[{""evidence"":{""snapshot_id"":""snap_20260913T051124Z_69886cf0bd03""},""summary"":""captured map marker lacks a name or printed date""}]},{""source"":""wsdc_calendar"",""status"":""parsed"",""target_id"":""45e7d60cf892aa442bc764ee"",""timestamp"":""20161109222349"",""url"":""http://www.worldsdc.com:80/event-calendar/"",""warnings"":[{""evidence"":{""code"":""unrecognized_listing_date"",""evidence"":{""classes"":[],""country_code"":null,""date"":""2017-08-09 - 2016-08-02"",""event_type"":""Registry Event"",""location"":"""",""name"":""Sea Sun & Swing Camp"",""website"":""http://www.seasunswing.net/""}},""summary"":""unknown calendar date: '2017-08-09 - 2016-08-02'""}]},{""source"":""wsdc_calendar"",""status"":""finding"",""target_id"":""a2bc46c2c8df036f4f4893ce"",""timestamp"":""20161110035618"",""url"":""http://www.worldsdc.com:80/events-map/"",""warnings"":[{""evidence"":{""snapshot_id"":""snap_20260913T051154Z_e4edbdd2484e""},""summary"":""captured map marker lacks a name or printed date""}]},{""source"":""wsdc_calendar"",""status"":""finding"",""target_id"":""35f6bfc5b865f014caed252f"",""timestamp"":""20161212121213"",""url"":""http://www.worldsdc.com:80/events-map/?"",""warnings"":[{""evidence"":{""snapshot_id"":""snap_20260913T051213Z_81a2aa57dba1""},""summary"":""captured map marker lacks a name or printed date""}]},{""source"":""wsdc_calendar"",""status"":""parsed"",""target_id"":""63fc2e9fab71011f49928da1"",""timestamp"":""20190310202901"",""url"":""https://www.worldsdc.com/event-calendar/"",""warnings"":[{""evidence"":{""code"":""unrecognized_listing_date"",""evidence"":{""classes"":[],""country_code"":null,""date"":""2017-10-27 - 2017-10-02"",""event_type"":"""",""location"":"""",""name"":""Atlanta Swing Classic"",""website"":""""}},""summary"":""unknown calendar date: '2017-10-27 - 2017-10-02'""}]},{""source"":""wsdc_calendar"",""status"":""parsed"",""target_id"":""45af6af9a8be9960552c707c"",""timestamp"":""20190723190818"",""url"":""https://www.worldsdc.com/event-calendar/"",""warnings"":[{""evidence"":{""code"":""unrecognized_listing_date"",""evidence"":{""classes"":[],""country_code"":null,""date"":""2017-10-27 - 2017-10-02"",""event_type"":"""",""location"":"""",""name"":""Atlanta Swing Classic"",""website"":""""}},""summary"":""unknown calendar date: '2017-10-27 - 2017-10-02'""},{""evidence"":{""code"":""unrecognized_listing_date"",""evidence"":{""classes"":[],""country_code"":null,""date"":""2020-02-13 - 2020-02-10"",""event_type"":""Registry Event"",""location"":"""",""name"":""Capital Swing Presidents' Day Convention"",""website"":""http://www.capitalswingconvention.com""}},""summary"":""unknown calendar date: '2020-02-13 - 2020-02-10'""}]},{""source"":""wsdc_calendar"",""status"":""parsed"",""target_id"":""ff51b642e9a4b4954b6e59f5"",""timestamp"":""20190803171837"",""url"":""https://www.worldsdc.com/event-calendar/"",""warnings"":[{""evidence"":{""code"":""unrecognized_listing_date"",""evidence"":{""classes"":[],""country_code"":null,""date"":""2017-10-27 - 2017-10-02"",""event_type"":"""",""location"":"""",""name"":""Atlanta Swing Classic"",""website"":""""}},""summary"":""unknown calendar date: '2017-10-27 - 2017-10-02'""},{""evidence"":{""code"":""unrecognized_listing_date"",""evidence"":{""classes"":[],""country_code"":null,""date"":""2020-02-13 - 2020-02-10"",""event_type"":""Registry Event"",""location"":"""",""name"":""Capital Swing Presidents' Day Convention"",""website"":""http://www.capitalswingconvention.com""}},""summary"":""unknown calendar date: '2020-02-13 - 2020-02-10'""}]},{""source"":""wsdc_calendar"",""status"":""parsed"",""target_id"":""f19398f1d6ae2da489cbca06"",""timestamp"":""20190920150618"",""url"":""https://www.worldsdc.com/event-calendar/"",""warnings"":[{""evidence"":{""code"":""unrecognized_listing_date"",""evidence"":{""classes"":[],""country_code"":null,""date"":""2020-02-13 - 2020-02-10"",""event_type"":""Registry Event"",""location"":"""",""name"":""Capital Swing Presidents' Day Convention"",""website"":""http://www.capitalswingconvention.com""}},""summary"":""unknown calendar date: '2020-02-13 - 2020-02-10'""},{""evidence"":{""code"":""unrecognized_listing_date"",""evidence"":{""classes"":[],""country_code"":null,""date"":""2017-10-27 - 2017-10-02"",""event_type"":"""",""location"":"""",""name"":""Atlanta Swing Classic"",""website"":""""}},""summary"":""unknown calendar date: '2017-10-27 - 2017-10-02'""}]},{""source"":""wsdc_calendar"",""status"":""parsed"",""target_id"":""6ce7ce1a4672bb04f9e6f54a"",""timestamp"":""20191018054453"",""url"":""https://www.worldsdc.com/event-calendar/"",""warnings"":[{""evidence"":{""code"":""unrecognized_listing_date"",""evidence"":{""classes"":[],""country_code"":null,""date"":""2020-02-13 - 2020-02-10"",""event_type"":""Registry Event"",""location"":"""",""name"":""Capital Swing Presidents' Day Convention"",""website"":""http://www.capitalswingconvention.com""}},""summary"":""unknown calendar date: '2020-02-13 - 2020-02-10'""},{""evidence"":{""code"":""unrecognized_listing_date"",""evidence"":{""classes"":[],""country_code"":null,""date"":""2017-10-27 - 2017-10-02"",""event_type"":"""",""location"":"""",""name"":""Atlanta Swing Classic"",""website"":""""}},""summary"":""unknown calendar date: '2017-10-27 - 2017-10-02'""}]},{""source"":""wsdc_calendar"",""status"":""parsed"",""target_id"":""1b3c6c6919989e1fb2654ece"",""timestamp"":""20191106155651"",""url"":""https://www.worldsdc.com/event-calendar/"",""warnings"":[{""evidence"":{""code"":""unrecognized_listing_date"",""evidence"":{""classes"":[],""country_code"":null,""date"":""2017-10-27 - 2017-10-02"",""event_type"":"""",""location"":"""",""name"":""Atlanta Swing Classic"",""website"":""""}},""summary"":""unknown calendar date: '2017-10-27 - 2017-10-02'""},{""evidence"":{""code"":""unrecognized_listing_date"",""evidence"":{""classes"":[],""country_code"":null,""date"":""2020-02-13 - 2020-02-10"",""event_type"":""Registry Event"",""location"":"""",""name"":""Capital Swing Presidents' Day Convention"",""website"":""http://www.capitalswingconvention.com""}},""summary"":""unknown calendar date: '2020-02-13 - 2020-02-10'""}]},{""source"":""wsdc_calendar"",""status"":""parsed"",""target_id"":""0c1a65f8427b8be5c9cf8c7c"",""timestamp"":""20191212192203"",""url"":""https://www.worldsdc.com/event-calendar/"",""warnings"":[{""evidence"":{""code"":""unrecognized_listing_date"",""evidence"":{""classes"":[],""country_code"":null,""date"":""2017-10-27 - 2017-10-02"",""event_type"":"""",""location"":"""",""name"":""Atlanta Swing Classic"",""website"":""""}},""summary"":""unknown calendar date: '2017-10-27 - 2017-10-02'""}]},{""source"":""wsdc_calendar"",""status"":""parsed"",""target_id"":""a1552033d5ab342fc7915696"",""timestamp"":""20210920204412"",""url"":""https://www.worldsdc.com/event-calendar/"",""warnings"":[{""evidence"":{""code"":""unrecognized_listing_date"",""evidence"":{""classes"":[],""country_code"":null,""date"":""2021-10-15 - 2020-10-21"",""event_type"":""Registry Event"",""location"":"""",""name"":""European Swing Challenge (Cancelled due to Covid-19)"",""website"":""http://www.jiveaddiction.com""}},""summary"":""unknown calendar date: '2021-10-15 - 2020-10-21'""}]},{""source"":""wsdc_calendar"",""status"":""parsed"",""target_id"":""7b80fe7a9bb1bba64608cee6"",""timestamp"":""20211207001407"",""url"":""https://www.worldsdc.com/event-calendar/"",""warnings"":[{""evidence"":{""code"":""unrecognized_listing_date"",""evidence"":{""classes"":[],""country_code"":null,""date"":""2021-10-15 - 2020-10-21"",""event_type"":""Registry Event"",""location"":"""",""name"":""European Swing Challenge (Cancelled due to Covid-19)"",""website"":""http://www.jiveaddiction.com""}},""summary"":""unknown calendar date: '2021-10-15 - 2020-10-21'""}]},{""source"":""wsdc_calendar"",""status"":""parsed"",""target_id"":""60d215c8c0b614f4183762c9"",""timestamp"":""20220118200123"",""url"":""https://www.worldsdc.com/event-calendar/"",""warnings"":[{""evidence"":{""code"":""unrecognized_listing_date"",""evidence"":{""classes"":[],""country_code"":null,""date"":""2021-10-15 - 2020-10-21"",""event_type"":""Registry Event"",""location"":"""",""name"":""European Swing Challenge (Cancelled due to Covid-19)"",""website"":""http://www.jiveaddiction.com""}},""summary"":""unknown calendar date: '2021-10-15 - 2020-10-21'""}]},{""source"":""wsdc_calendar"",""status"":""parsed"",""target_id"":""31073eb64db45b0b3bc14037"",""timestamp"":""20220327070320"",""url"":""https://www.worldsdc.com/event-calendar/"",""warnings"":[{""evidence"":{""code"":""unrecognized_listing_date"",""evidence"":{""classes"":[],""country_code"":null,""date"":""2021-10-15 - 2020-10-21"",""event_type"":""Registry Event"",""location"":"""",""name"":""European Swing Challenge (Cancelled due to Covid-19)"",""website"":""http://www.jiveaddiction.com""}},""summary"":""unknown calendar date: '2021-10-15 - 2020-10-21'""}]},{""source"":""wsdc_calendar"",""status"":""parsed"",""target_id"":""a62ed37377f66f873478b99f"",""timestamp"":""20220516154440"",""url"":""https://www.worldsdc.com/event-calendar/"",""warnings"":[{""evidence"":{""code"":""unrecognized_listing_date"",""evidence"":{""classes"":[],""country_code"":null,""date"":""2021-10-15 - 2020-10-21"",""event_type"":""Registry Event"",""location"":"""",""name"":""European Swing Challenge (Cancelled due to Covid-19)"",""website"":""http://www.jiveaddiction.com""}},""summary"":""unknown calendar date: '2021-10-15 - 2020-10-21'""},{""evidence"":{""code"":""unrecognized_listing_date"",""evidence"":{""classes"":[],""country_code"":null,""date"":""2023-03-02 - 2022-03-08"",""event_type"":""Registry Event"",""location"":"""",""name"":""MADjam (Mid Atlantic Dance Jam)"",""website"":""http://www.atlanticdancejam.com""}},""summary"":""unknown calendar date: '2023-03-02 - 2022-03-08'""},{""evidence"":{""code"":""unrecognized_listing_date"",""evidence"":{""classes"":[],""country_code"":null,""date"":""2023-04-14 - 2022-04-17"",""event_type"":""Registry Event"",""location"":"""",""name"":""WESTY NANTES"",""website"":""https://www.westynantes.com/""}},""summary"":""unknown calendar date: '2023-04-14 - 2022-04-17'""}]},{""source"":""wsdc_calendar"",""status"":""parsed"",""target_id"":""772e82ab89c8201dae8a26f6"",""timestamp"":""20220927051335"",""url"":""https://www.worldsdc.com/event-calendar/"",""warnings"":[{""evidence"":{""code"":""unrecognized_listing_date"",""evidence"":{""classes"":[],""country_code"":null,""date"":""2023-04-14 - 2022-04-17"",""event_type"":""Registry Event"",""location"":"""",""name"":""WESTY NANTES"",""website"":""https://www.westynantes.com/""}},""summary"":""unknown calendar date: '2023-04-14 - 2022-04-17'""},{""evidence"":{""code"":""unrecognized_listing_date"",""evidence"":{""classes"":[],""country_code"":null,""date"":""2021-10-15 - 2020-10-21"",""event_type"":""Registry Event"",""location"":"""",""name"":""European Swing Challenge (Cancelled due to Covid-19)"",""website"":""http://www.jiveaddiction.com""}},""summary"":""unknown calendar date: '2021-10-15 - 2020-10-21'""},{""evidence"":{""code"":""unrecognized_listing_date"",""evidence"":{""classes"":[],""country_code"":null,""date"":""2023-03-02 - 2022-03-08"",""event_type"":""Registry Event"",""location"":"""",""name"":""MADjam (Mid Atlantic Dance Jam)"",""website"":""http://www.atlanticdancejam.com""}},""summary"":""unknown calendar date: '2023-03-02 - 2022-03-08'""}]},{""source"":""wsdc_calendar"",""status"":""pending"",""target_id"":""a9a1981e91474f1967356d61"",""timestamp"":""20250226151724"",""url"":""https://www.worldsdc.com/events/"",""warnings"":[]},{""source"":""wsdc_calendar"",""status"":""pending"",""target_id"":""ea4e68c086533dd6581c3015"",""timestamp"":""20250423104016"",""url"":""https://www.worldsdc.com/print-event-list/"",""warnings"":[]},{""source"":""wsdc_calendar"",""status"":""pending"",""target_id"":""24eaae0d5fea3221affb5a0a"",""timestamp"":""20250512152735"",""url"":""https://www.worldsdc.com/events/"",""warnings"":[]},{""source"":""wsdc_calendar"",""status"":""pending"",""target_id"":""828e41e7f8f4bfd34d171092"",""timestamp"":""20250814164915"",""url"":""https://www.worldsdc.com/print-event-list/"",""warnings"":[]},{""source"":""wsdc_calendar"",""status"":""pending"",""target_id"":""3c5a6116618208e4556dd9e7"",""timestamp"":""20251006110156"",""url"":""https://www.worldsdc.com/events/"",""warnings"":[]},{""source"":""wsdc_calendar"",""status"":""pending"",""target_id"":""e7dcb140bcbd077c67c0d425"",""timestamp"":""20251115173727"",""url"":""https://www.worldsdc.com/print-event-list/"",""warnings"":[]},{""source"":""wsdc_calendar"",""status"":""pending"",""target_id"":""f140e9fd5864d1c777006540"",""timestamp"":""20251219091106"",""url"":""https://www.worldsdc.com/events/"",""warnings"":[]},{""source"":""wsdc_calendar"",""status"":""pending"",""target_id"":""763f8950892b9e719910fcd3"",""timestamp"":""20251219113055"",""url"":""https://www.worldsdc.com/events/"",""warnings"":[]},{""source"":""wsdc_calendar"",""status"":""pending"",""target_id"":""f0dcc51ff963f79c44d90734"",""timestamp"":""20260107152659"",""url"":""https://www.worldsdc.com/events/"",""warnings"":[]},{""source"":""wsdc_calendar"",""status"":""pending"",""target_id"":""fa9d6701e2418b435644b296"",""timestamp"":""20260110202716"",""url"":""https://www.worldsdc.com/events/"",""warnings"":[]},{""source"":""wsdc_calendar"",""status"":""pending"",""target_id"":""9fad90785a2f773113d0c84d"",""timestamp"":""20260120214828"",""url"":""https://www.worldsdc.com/events/"",""warnings"":[]},{""source"":""wsdc_calendar"",""status"":""pending"",""target_id"":""032270847f79d7aebca98f65"",""timestamp"":""20260211205531"",""url"":""https://www.worldsdc.com/print-event-list/"",""warnings"":[]},{""source"":""wsdc_calendar"",""status"":""pending"",""target_id"":""edb1d1478b3fe19a626a30d7"",""timestamp"":""20260308093633"",""url"":""https://www.worldsdc.com/events/"",""warnings"":[]},{""source"":""wsdc_calendar"",""status"":""pending"",""target_id"":""017e59a25155c25983b14000"",""timestamp"":""20260513152740"",""url"":""https://www.worldsdc.com/print-event-list/"",""warnings"":[]},{""source"":""wsdc_calendar"",""status"":""pending"",""target_id"":""2b8b7d5b424f394e25c2b7bb"",""timestamp"":""20260513162349"",""url"":""https://www.worldsdc.com/events/"",""warnings"":[]},{""source"":""wsdc_calendar"",""status"":""pending"",""target_id"":""9592958a3cd694d86e677fc5"",""timestamp"":""20260521133133"",""url"":""https://www.worldsdc.com/events/"",""warnings"":[]},{""source"":""wsdc_calendar"",""status"":""pending"",""target_id"":""2dd8b6dc4d2d264495a33f0f"",""timestamp"":""20260813102731"",""url"":""https://worldsdc.com/events/"",""warnings"":[]}],""year"":2026}",phase1_incomplete,2026,phase1_year,,2026,history_year,,"Event-list catalog has pending captures, unresolved parse findings, or missing discovery"
