candidate_series,printed_name,snapshot_ids,suggested_override,years
[],3.TAF Schleswig Cup West Coast Swing 2019,"[""snap_20260910T032911Z_34e948f7fea1""]","3.TAF Schleswig Cup West Coast Swing 2019,listed-3-taf-schleswig-cup-west-coast-swing,scoringdance,review series identity",[2019]
[],5280 Westival (Cancelled due to Covid-19),"[""snap_20260913T052653Z_4309094e8fb4""]","5280 Westival (Cancelled due to Covid-19),listed-5280-westival-cancelled-due-to-covid-19,wsdc_calendar,review series identity",[2020]
[],5280 Westival (Rescheduled to 11/5-9/2020)),"[""snap_20260913T052653Z_4309094e8fb4""]","5280 Westival (Rescheduled to 11/5-9/2020)),listed-5280-westival-rescheduled-to-11-5-9,wsdc_calendar,review series identity",[2020]
[],AISA WEST COAST SWING OPEN,"[""snap_20260913T035045Z_008aaf4c6933"", ""snap_20260913T052940Z_0177184cf9eb"", ""snap_20260913T053000Z_11d8e6dbdaab""]","AISA WEST COAST SWING OPEN,listed-aisa-west-coast-swing-open,wsdc_newsletter,review series identity","[2017, 2018, 2019]"
[],ALL STAR SWING JAM,"[""snap_20260913T053303Z_220a0f22f0f6""]","ALL STAR SWING JAM,listed-all-star-swing-jam,wsdc_newsletter,review series identity",[2020]
[],AUSTRAIN WCS SPECTACLE,"[""snap_20260913T052910Z_44c788523cf4""]","AUSTRAIN WCS SPECTACLE,listed-austrain-wcs-spectacle,wsdc_newsletter,review series identity",[2017]
[],AUSTRALIAN WEST COAST SWING AND ZOUK,"[""snap_20260913T052910Z_44c788523cf4""]","AUSTRALIAN WEST COAST SWING AND ZOUK,listed-australian-west-coast-swing-and-zouk,wsdc_newsletter,review series identity",[2017]
[],All Star Swing Jam,"[""snap_20260913T053423Z_68c1360eb9f6"", ""snap_20260913T053435Z_ed5072b4dea1""]","All Star Swing Jam,listed-all-star-swing-jam,wsdc_newsletter,review series identity","[2023, 2024]"
[],All Star SwingJam (Cancelled due to Coronavirus),"[""snap_20260913T052653Z_4309094e8fb4""]","All Star SwingJam (Cancelled due to Coronavirus),listed-all-star-swingjam-cancelled-due-to-coronavirus,wsdc_calendar,review series identity",[2020]
[],All Star SwingJam (Unconfirmed),"[""snap_20260913T055430Z_17be191620ce""]","All Star SwingJam (Unconfirmed),listed-all-star-swingjam-unconfirmed,wsdc_calendar,review series identity",[2025]
[],All Star Swingjam (Cancelled due to Covid-19),"[""snap_20260913T052653Z_4309094e8fb4""]","All Star Swingjam (Cancelled due to Covid-19),listed-all-star-swingjam-cancelled-due-to-covid-19,wsdc_calendar,review series identity",[2021]
[],Aloha Open 2024,"[""snap_20260910T061248Z_d6c553e499ac""]","Aloha Open 2024,listed-aloha-open,scoringdance,review series identity",[2024]
[],Aloha Open 2025,"[""snap_20260910T061253Z_52e900c7a8be""]","Aloha Open 2025,listed-aloha-open,scoringdance,review series identity",[2025]
[],America's Classic Championships,"[""snap_20260913T050613Z_a7106c385749"", ""snap_20260913T050713Z_532a13011352"", ""snap_20260913T050724Z_6ddaacedd7ed""]","America's Classic Championships,listed-america-s-classic-championships,swingdancecouncil,review series identity","[2012, 2013, 2014]"
[],American  Dance Camp,"[""snap_20260913T051244Z_a3c08b0b73ee""]","American  Dance Camp,listed-american-dance-camp,wsdc_calendar,review series identity",[2017]
[],Americano Dance Camp (Unconfirmed),"[""snap_20260913T055430Z_17be191620ce""]","Americano Dance Camp (Unconfirmed),listed-americano-dance-camp-unconfirmed,wsdc_calendar,review series identity",[2025]
[],Americano Dance Camp Unconfirmed),"[""snap_20260913T055220Z_d77aed35c78d""]","Americano Dance Camp Unconfirmed),listed-americano-dance-camp-unconfirmed,wsdc_calendar,review series identity",[2024]
[],Anchor Festival (Cancelled due to Covid-19),"[""snap_20260913T052824Z_0ea63567e442""]","Anchor Festival (Cancelled due to Covid-19),listed-anchor-festival-cancelled-due-to-covid-19,wsdc_calendar,review series identity",[2023]
[],Anti Valentines Swing and Shag,"[""snap_20260913T050743Z_aa7582b60497""]","Anti Valentines Swing and Shag,listed-anti-valentines-swing-and-shag,swingdancecouncil,review series identity",[2015]
[],Arizona Dance Classic (Unconfirmed),"[""snap_20260913T052834Z_980218abecff"", ""snap_20260913T055241Z_d374c58b5248"", ""snap_20260913T055430Z_17be191620ce""]","Arizona Dance Classic (Unconfirmed),listed-arizona-dance-classic-unconfirmed,wsdc_calendar,review series identity","[2023, 2024, 2025]"
[],Arousa Westie Fest (Trial Event),"[""snap_20260913T055220Z_d77aed35c78d""]","Arousa Westie Fest (Trial Event),listed-arousa-westie-fest-trial-event,wsdc_calendar,review series identity",[2024]
[],Asia West Coast Swing Open (Cancelled due to Coronavirus),"[""snap_20260913T052653Z_4309094e8fb4""]","Asia West Coast Swing Open (Cancelled due to Coronavirus),listed-asia-west-coast-swing-open-cancelled-due-to-coronavirus,wsdc_calendar,review series identity",[2020]
[],Asia West Coast Swing Open (Cancelled due to Covid-19),"[""snap_20260913T052653Z_4309094e8fb4""]","Asia West Coast Swing Open (Cancelled due to Covid-19),listed-asia-west-coast-swing-open-cancelled-due-to-covid-19,wsdc_calendar,review series identity",[2022]
[],Asian Swing Championships,"[""snap_20260913T050653Z_5cf4ae4e6585""]","Asian Swing Championships,listed-asian-swing-championships,swingdancecouncil,review series identity",[2012]
[],Asian West Coast Swing Open,"[""snap_20260913T050803Z_89757c41ead1""]","Asian West Coast Swing Open,listed-asian-west-coast-swing-open,swingdancecouncil,review series identity",[2015]
[],Asian West Coast Swing Open - Swingvitation,"[""snap_20260913T050713Z_532a13011352"", ""snap_20260913T050724Z_6ddaacedd7ed""]","Asian West Coast Swing Open - Swingvitation,listed-asian-west-coast-swing-open-swingvitation,swingdancecouncil,review series identity","[2013, 2014]"
[],Atlanta Swing Classic (Cancelled due to Covid-19),"[""snap_20260913T052653Z_4309094e8fb4""]","Atlanta Swing Classic (Cancelled due to Covid-19),listed-atlanta-swing-classic-cancelled-due-to-covid-19,wsdc_calendar,review series identity",[2020]
[],Austin Rocks 2020 (Cancelled due Covid-19),"[""snap_20260913T052653Z_4309094e8fb4""]","Austin Rocks 2020 (Cancelled due Covid-19),listed-austin-rocks-cancelled-due-covid-19,wsdc_calendar,review series identity",[2020]
[],Austin Rocks 2021 (Cancelled due to Covid-19),"[""snap_20260913T052653Z_4309094e8fb4""]","Austin Rocks 2021 (Cancelled due to Covid-19),listed-austin-rocks-cancelled-due-to-covid-19,wsdc_calendar,review series identity",[2021]
[],Austin Rocks 2022 (Cancelled due to Covid-19),"[""snap_20260913T052653Z_4309094e8fb4""]","Austin Rocks 2022 (Cancelled due to Covid-19),listed-austin-rocks-cancelled-due-to-covid-19,wsdc_calendar,review series identity",[2022]
[],Austin Rocks 2024 (Unconfirmed),"[""snap_20260913T055241Z_d374c58b5248""]","Austin Rocks 2024 (Unconfirmed),listed-austin-rocks-unconfirmed,wsdc_calendar,review series identity",[2024]
[],Austin Swing Dance Championships (Cancelled due to Covid-19),"[""snap_20260913T052054Z_f2004ad7080a"", ""snap_20260913T052653Z_4309094e8fb4""]","Austin Swing Dance Championships (Cancelled due to Covid-19),listed-austin-swing-dance-championships-cancelled-due-to-covid-19,wsdc_calendar,review series identity","[2020, 2021, 2022]"
[],Australian Classic WCS Dance Championships,"[""snap_20260913T053435Z_ed5072b4dea1""]","Australian Classic WCS Dance Championships,listed-australian-classic-wcs-dance-championships,wsdc_newsletter,review series identity",[2024]
[],Australian Open WCS Dance Champ's,"[""snap_20260913T050724Z_6ddaacedd7ed"", ""snap_20260913T050933Z_8684c9031883"", ""snap_20260913T051023Z_de41000bfa60""]","Australian Open WCS Dance Champ's,listed-australian-open-wcs-dance-champ-s,swingdancecouncil,review series identity","[2013, 2015, 2016]"
[],Australian Open West Coast Swing Dance Champ's,"[""snap_20260913T050533Z_9b70788c5a8a"", ""snap_20260913T050703Z_0dc4bfe1a4a1""]","Australian Open West Coast Swing Dance Champ's,listed-australian-open-west-coast-swing-dance-champ-s,swingdancecouncil,review series identity","[2011, 2012]"
[],Autumn Beat,"[""de51b1e142624d9a854864ae05264d1b""]","Autumn Beat,listed-autumn-beat,wsdc_calendar,review series identity",[2026]
[],Autumn Swing Challenge (Unconfirmed),"[""snap_20260913T052844Z_b95ece79a3ac"", ""snap_20260913T055241Z_d374c58b5248""]","Autumn Swing Challenge (Unconfirmed),listed-autumn-swing-challenge-unconfirmed,wsdc_calendar,review series identity","[2023, 2024]"
[],Autumn Swing Challenge 2020 (Cancelled due to Covid-19),"[""snap_20260913T052653Z_4309094e8fb4""]","Autumn Swing Challenge 2020 (Cancelled due to Covid-19),listed-autumn-swing-challenge-cancelled-due-to-covid-19,wsdc_calendar,review series identity",[2020]
[],Avignon City Swing (Cancelled due to Covid-19),"[""snap_20260913T052653Z_4309094e8fb4""]","Avignon City Swing (Cancelled due to Covid-19),listed-avignon-city-swing-cancelled-due-to-covid-19,wsdc_calendar,review series identity",[2022]
[],BARCELONA WESTIE SUMMER,"[""snap_20260913T053153Z_b3d4d7e4936b""]","BARCELONA WESTIE SUMMER,listed-barcelona-westie-summer,wsdc_newsletter,review series identity",[2019]
[],BIG APPLE COUNTRY DANCE CHAMPIONSHIPS,"[""snap_20260913T052919Z_08ef5aac2666"", ""snap_20260913T053153Z_b3d4d7e4936b"", ""snap_20260913T053243Z_3347ef6a3141""]","BIG APPLE COUNTRY DANCE CHAMPIONSHIPS,listed-big-apple-country-dance-championships,wsdc_newsletter,review series identity","[2017, 2018, 2019]"
[],BINDAAS Bachata Festival 2024,"[""snap_20260910T053906Z_f342697aa8e1""]","BINDAAS Bachata Festival 2024,listed-bindaas-bachata-festival,scoringdance,review series identity",[2024]
[],BINDAAS Bachata Festival 2025,"[""snap_20260910T051244Z_07fe29c24305""]","BINDAAS Bachata Festival 2025,listed-bindaas-bachata-festival,scoringdance,review series identity",[2025]
[],BOOGIE BY THE BAY (NASDE),"[""snap_20260913T052950Z_43d0406b9025"", ""snap_20260913T053204Z_ea0a1cfa6f68"", ""snap_20260913T053253Z_e19d60bb1ba4""]","BOOGIE BY THE BAY (NASDE),listed-boogie-by-the-bay-nasde,wsdc_newsletter,review series identity","[2017, 2018, 2019]"
[],BRIDGE TOWN SWING,"[""snap_20260913T052919Z_08ef5aac2666""]","BRIDGE TOWN SWING,listed-bridge-town-swing,wsdc_newsletter,review series identity",[2017]
[],BTO Open (Cancelled due to Covid-19),"[""snap_20260913T052653Z_4309094e8fb4""]","BTO Open (Cancelled due to Covid-19),listed-bto-open-cancelled-due-to-covid-19,wsdc_calendar,review series identity","[2021, 2022]"
[],BY-TOWN ONTARIO OPEN (BTO),"[""snap_20260913T053303Z_220a0f22f0f6""]","BY-TOWN ONTARIO OPEN (BTO),listed-by-town-ontario-open-bto,wsdc_newsletter,review series identity",[2020]
[],BachaZouk Bachata Festival 2026,"[""snap_20260910T053556Z_32aecf05d35e""]","BachaZouk Bachata Festival 2026,listed-bachazouk-bachata-festival,scoringdance,review series identity",[2026]
[],Bachata Beach Festival,"[""snap_20260910T060737Z_e4e544a55ed6""]","Bachata Beach Festival,listed-bachata-beach-festival,scoringdance,review series identity",[2026]
[],Bachata Beach Festival 2025,"[""snap_20260910T060626Z_42d65aeb4a35""]","Bachata Beach Festival 2025,listed-bachata-beach-festival,scoringdance,review series identity",[2025]
[],Bachata Beyond 2025 | The Enchanted Realm of Rhythm,"[""snap_20260910T063518Z_706ee953570a""]","Bachata Beyond 2025 | The Enchanted Realm of Rhythm,listed-bachata-beyond-the-enchanted-realm-of-rhythm,scoringdance,review series identity",[2025]
[],Bachata Explosion 2024,"[""snap_20260910T053716Z_9ffcab169ee9""]","Bachata Explosion 2024,listed-bachata-explosion,scoringdance,review series identity",[2024]
[],Bachata Festival Germany 2025,"[""snap_20260910T061018Z_c10a513c73e4""]","Bachata Festival Germany 2025,listed-bachata-festival-germany,scoringdance,review series identity",[2025]
[],Bachata Geneva Festival - Bachata Social World Cup 2025,"[""snap_20260910T051224Z_49f9718589da""]","Bachata Geneva Festival - Bachata Social World Cup 2025,listed-bachata-geneva-festival-bachata-social-world-cup,scoringdance,review series identity",[2025]
[],Bachata Sensual Chicago 2025,"[""snap_20260910T053841Z_0cb855607d86""]","Bachata Sensual Chicago 2025,listed-bachata-sensual-chicago,scoringdance,review series identity",[2025]
[],Bachata Sensual Congress Germany 2024,"[""snap_20260910T053626Z_d7d5eba9551c""]","Bachata Sensual Congress Germany 2024,listed-bachata-sensual-congress-germany,scoringdance,review series identity",[2024]
[],Bachata Sensual Congress Germany 2025,"[""snap_20260910T060151Z_5f8a2c18de8f""]","Bachata Sensual Congress Germany 2025,listed-bachata-sensual-congress-germany,scoringdance,review series identity",[2025]
[],Bachata Sphere Weekend Paris 2025,"[""snap_20260910T063703Z_3e48ad267eae""]","Bachata Sphere Weekend Paris 2025,listed-bachata-sphere-weekend-paris,scoringdance,review series identity",[2025]
[],Bachata Zouk Royals 2025,"[""snap_20260910T063458Z_425dabfc0f83""]","Bachata Zouk Royals 2025,listed-bachata-zouk-royals,scoringdance,review series identity",[2025]
[],Bachatation Festival 2025,"[""snap_20260910T053424Z_ec178ea4f6fd""]","Bachatation Festival 2025,listed-bachatation-festival,scoringdance,review series identity",[2025]
[],Baltic Swing (Cancelled due to Covid-19),"[""snap_20260913T052653Z_4309094e8fb4""]","Baltic Swing (Cancelled due to Covid-19),listed-baltic-swing-cancelled-due-to-covid-19,wsdc_calendar,review series identity","[2020, 2021]"
[],Bama Jamma,"[""snap_20260913T055220Z_d77aed35c78d""]","Bama Jamma,listed-bama-jamma,wsdc_calendar,review series identity",[2024]
[],Bama Jamma (Trial Event),"[""snap_20260913T055241Z_d374c58b5248""]","Bama Jamma (Trial Event),listed-bama-jamma-trial-event,wsdc_calendar,review series identity",[2024]
[],Barcelona Westie Summer (Trial),"[""snap_20260913T051353Z_65d61746a3d0""]","Barcelona Westie Summer (Trial),listed-barcelona-westie-summer-trial,wsdc_calendar,review series identity",[2019]
[],Barock Swing,"[""snap_20260913T055411Z_037bc2fb7478""]","Barock Swing,listed-barock-swing,wsdc_calendar,review series identity",[2025]
[],BaroqueSwing Ludwigsburg 2026,"[""snap_20260910T060932Z_1ca69bb1632c""]","BaroqueSwing Ludwigsburg 2026,listed-baroqueswing-ludwigsburg,scoringdance,review series identity",[2026]
[],Bavarian Open (Cancelled due to Covid 19),"[""snap_20260913T052653Z_4309094e8fb4""]","Bavarian Open (Cancelled due to Covid 19),listed-bavarian-open-cancelled-due-to-covid-19,wsdc_calendar,review series identity",[2021]
[],Bavarian Open (Cancelled due to Covid-19),"[""snap_20260913T052653Z_4309094e8fb4""]","Bavarian Open (Cancelled due to Covid-19),listed-bavarian-open-cancelled-due-to-covid-19,wsdc_calendar,review series identity",[2020]
[],Bavarian Open WCS Championships,"[""snap_20260913T053443Z_bf5de4bbd205""]","Bavarian Open WCS Championships,listed-bavarian-open-wcs-championships,wsdc_newsletter,review series identity",[2024]
[],BeeMAD (Trial Event),"[""snap_20260913T055241Z_d374c58b5248""]","BeeMAD (Trial Event),listed-beemad-trial-event,wsdc_calendar,review series identity",[2024]
[],Bend Connection 2024,"[""snap_20260910T060252Z_4622b3db71a8""]","Bend Connection 2024,listed-bend-connection,scoringdance,review series identity",[2024]
[],Berlin Swing Revolution (Cancelled due to Covid-19),"[""snap_20260913T052653Z_4309094e8fb4""]","Berlin Swing Revolution (Cancelled due to Covid-19),listed-berlin-swing-revolution-cancelled-due-to-covid-19,wsdc_calendar,review series identity",[2020]
[],Berlin Swing Revolution (Unconfirmed),"[""snap_20260913T052844Z_b95ece79a3ac""]","Berlin Swing Revolution (Unconfirmed),listed-berlin-swing-revolution-unconfirmed,wsdc_calendar,review series identity",[2023]
[],Best of the Best (Cancelled due to Covid-19),"[""snap_20260913T052653Z_4309094e8fb4""]","Best of the Best (Cancelled due to Covid-19),listed-best-of-the-best-cancelled-due-to-covid-19,wsdc_calendar,review series identity",[2021]
[],Best of the Best (Cancelleld due to Covid-19),"[""snap_20260913T052653Z_4309094e8fb4""]","Best of the Best (Cancelleld due to Covid-19),listed-best-of-the-best-cancelleld-due-to-covid-19,wsdc_calendar,review series identity",[2020]
[],Best of the Best (Unconfirmed),"[""snap_20260913T055220Z_d77aed35c78d""]","Best of the Best (Unconfirmed),listed-best-of-the-best-unconfirmed,wsdc_calendar,review series identity",[2024]
[],Big 3 Festival Hamburg 2026 (Bachata Jack & Jill),"[""snap_20260910T060830Z_35a5572a75b9""]","Big 3 Festival Hamburg 2026 (Bachata Jack & Jill),listed-big-3-festival-hamburg-bachata-jack-jill,scoringdance,review series identity",[2026]
[],Big 3 Festival Hamburg 2026 (Salsa Jack & Jill),"[""snap_20260910T063142Z_598e949bb012""]","Big 3 Festival Hamburg 2026 (Salsa Jack & Jill),listed-big-3-festival-hamburg-salsa-jack-jill,scoringdance,review series identity",[2026]
[],Big Apple CDF,"[""snap_20260909T150512Z_694f97493af0""]","Big Apple CDF,listed-big-apple-cdf,eepro,review series identity",[2025]
[],Big Apple Country Dance,"[""snap_20260913T050503Z_1dc9d7a88150"", ""snap_20260913T050713Z_532a13011352""]","Big Apple Country Dance,listed-big-apple-country-dance,swingdancecouncil,review series identity","[2010, 2013]"
[],Big Apple Country Dance & NY Swing Congress,"[""snap_20260913T050824Z_b47e1d7bdc49"", ""snap_20260913T051244Z_a3c08b0b73ee""]","Big Apple Country Dance & NY Swing Congress,listed-big-apple-country-dance-ny-swing-congress,swingdancecouncil,review series identity","[2015, 2016, 2017]"
[],Big Apple Country Dance Championships,"[""snap_20260913T053404Z_622d98a01fec""]","Big Apple Country Dance Championships,listed-big-apple-country-dance-championships,wsdc_newsletter,review series identity",[2022]
[],Big Bang Swing Classic,"[""snap_20260913T050803Z_89757c41ead1""]","Big Bang Swing Classic,listed-big-bang-swing-classic,swingdancecouncil,review series identity",[2016]
[],Boogie By The Bay    (NASDE),"[""snap_20260913T051244Z_a3c08b0b73ee""]","Boogie By The Bay    (NASDE),listed-boogie-by-the-bay-nasde,wsdc_calendar,review series identity",[2016]
[],Boogie By The Bay (Cancelled due to Covid-19),"[""snap_20260913T052653Z_4309094e8fb4""]","Boogie By The Bay (Cancelled due to Covid-19),listed-boogie-by-the-bay-cancelled-due-to-covid-19,wsdc_calendar,review series identity",[2020]
[],Boogie By the Bay (NASDE),"[""snap_20260913T053414Z_e2920d5d80be""]","Boogie By the Bay (NASDE),listed-boogie-by-the-bay-nasde,wsdc_newsletter,review series identity",[2022]
[],Boogie by the Bay (Cancelled due to Covid-19),"[""snap_20260913T052653Z_4309094e8fb4""]","Boogie by the Bay (Cancelled due to Covid-19),listed-boogie-by-the-bay-cancelled-due-to-covid-19,wsdc_calendar,review series identity",[2021]
[],Boston Tea Party (Cancelled due to Coronavirus),"[""snap_20260913T052653Z_4309094e8fb4""]","Boston Tea Party (Cancelled due to Coronavirus),listed-boston-tea-party-cancelled-due-to-coronavirus,wsdc_calendar,review series identity",[2020]
[],Boston Tea Party (Cancelled due to Covid-19),"[""snap_20260913T052653Z_4309094e8fb4"", ""snap_20260913T052824Z_0ea63567e442""]","Boston Tea Party (Cancelled due to Covid-19),listed-boston-tea-party-cancelled-due-to-covid-19,wsdc_calendar,review series identity","[2021, 2023]"
[],Bridge Town Swing,"[""snap_20260913T052314Z_cd0f43b0da24""]","Bridge Town Swing,listed-bridge-town-swing,wsdc_calendar,review series identity",[2021]
[],BridgeTown Swing (Cancelled due to Covid-19),"[""snap_20260913T052653Z_4309094e8fb4""]","BridgeTown Swing (Cancelled due to Covid-19),listed-bridgetown-swing-cancelled-due-to-covid-19,wsdc_calendar,review series identity","[2020, 2021]"
[],BridgeTown Swing (Unconfirmed),"[""snap_20260913T055241Z_d374c58b5248""]","BridgeTown Swing (Unconfirmed),listed-bridgetown-swing-unconfirmed,wsdc_calendar,review series identity",[2024]
[],Budafest 2020,"[""snap_20260910T053516Z_7e10395e88b5""]","Budafest 2020,listed-budafest,scoringdance,review series identity",[2020]
[],Budafest 2022,"[""snap_20260910T053409Z_523d0ad03994""]","Budafest 2022,listed-budafest,scoringdance,review series identity",[2022]
[],Budafest 2023,"[""snap_20260910T060428Z_adf6f0c9888a""]","Budafest 2023,listed-budafest,scoringdance,review series identity",[2023]
[],Budafest 2024,"[""snap_20260910T044304Z_cdfe8460c06d""]","Budafest 2024,listed-budafest,scoringdance,review series identity",[2024]
[],Budafest 2025,"[""snap_20260910T061303Z_4ad7eb457c1f""]","Budafest 2025,listed-budafest,scoringdance,review series identity",[2025]
[],Budafest 2026,"[""snap_20260910T053940Z_628e8e59842a""]","Budafest 2026,listed-budafest,scoringdance,review series identity",[2026]
[],By-town Ontario Open (BTO),"[""snap_20260913T053435Z_ed5072b4dea1""]","By-town Ontario Open (BTO),listed-by-town-ontario-open-bto,wsdc_newsletter,review series identity",[2024]
[],By-town Ontario Open (BTO) (Trial),"[""snap_20260913T051713Z_ef94353a0af6""]","By-town Ontario Open (BTO) (Trial),listed-by-town-ontario-open-bto-trial,wsdc_calendar,review series identity",[2020]
[],C.A.S.H. Bash (Cancelled due to Covid-10),"[""snap_20260913T052353Z_ca327a4a9b2a"", ""snap_20260913T052403Z_9f16e086052c""]","C.A.S.H. Bash (Cancelled due to Covid-10),listed-c-a-s-h-bash-cancelled-due-to-covid-10,wsdc_calendar,review series identity","[2020, 2021]"
[],C.A.S.H. Bash (Cancelled due to Covid-19),"[""snap_20260913T052653Z_4309094e8fb4""]","C.A.S.H. Bash (Cancelled due to Covid-19),listed-c-a-s-h-bash-cancelled-due-to-covid-19,wsdc_calendar,review series identity","[2020, 2021]"
[],C.A.S.H. Bash (Unconfirmed),"[""snap_20260913T055220Z_d77aed35c78d""]","C.A.S.H. Bash (Unconfirmed),listed-c-a-s-h-bash-unconfirmed,wsdc_calendar,review series identity",[2024]
[],CANADIAN SWING CHAM- PIONSHIPS (CSC),"[""snap_20260913T052940Z_0177184cf9eb""]","CANADIAN SWING CHAM- PIONSHIPS (CSC),listed-canadian-swing-cham-pionships-csc,wsdc_newsletter,review series identity",[2017]
[],CAPITAL S.D. PRESI- DENTS DAY (NASDE),"[""snap_20260913T052910Z_44c788523cf4""]","CAPITAL S.D. PRESI- DENTS DAY (NASDE),listed-capital-s-d-presi-dents-day-nasde,wsdc_newsletter,review series identity",[2017]
[],CAPITAL SWING DANCE CONVENTION (NASDE),"[""snap_20260913T053010Z_478d7ddb5edd"", ""snap_20260913T053303Z_220a0f22f0f6""]","CAPITAL SWING DANCE CONVENTION (NASDE),listed-capital-swing-dance-convention-nasde,wsdc_newsletter,review series identity","[2019, 2020]"
[],CAPITAL SWING DANCE PRESIDENT’S DAY (NASDE),"[""snap_20260913T052930Z_9938b86a7094""]","CAPITAL SWING DANCE PRESIDENT’S DAY (NASDE),listed-capital-swing-dance-president-s-day-nasde,wsdc_newsletter,review series identity",[2018]
[],CHICAGO CLASSIC (NASDE),"[""snap_20260913T052910Z_44c788523cf4"", ""snap_20260913T052930Z_9938b86a7094"", ""snap_20260913T053010Z_478d7ddb5edd"", ""snap_20260913T053303Z_220a0f22f0f6""]","CHICAGO CLASSIC (NASDE),listed-chicago-classic-nasde,wsdc_newsletter,review series identity","[2017, 2018, 2019, 2020]"
[],CITY OF ANGELS SWING,"[""snap_20260913T035045Z_008aaf4c6933"", ""snap_20260913T053000Z_11d8e6dbdaab""]","CITY OF ANGELS SWING,listed-city-of-angels-swing,wsdc_newsletter,review series identity","[2018, 2019]"
[],CMJ NSW West Coast Swing Dance Championships,"[""snap_20260913T051244Z_a3c08b0b73ee""]","CMJ NSW West Coast Swing Dance Championships,listed-cmj-nsw-west-coast-swing-dance-championships,wsdc_calendar,review series identity","[2016, 2017]"
[],Calgary Dance Stampede (Canceled due to Covid-19),"[""snap_20260913T052653Z_4309094e8fb4""]","Calgary Dance Stampede (Canceled due to Covid-19),listed-calgary-dance-stampede-canceled-due-to-covid-19,wsdc_calendar,review series identity",[2021]
[],Calgary Dance Stampede (Canceled due to Covid-19) (Trial),"[""snap_20260913T052154Z_1104e248a2f1""]","Calgary Dance Stampede (Canceled due to Covid-19) (Trial),listed-calgary-dance-stampede-canceled-due-to-covid-19-trial,wsdc_calendar,review series identity",[2021]
[],Calgary Dance Stampede (Cancelled due to Coronavirus),"[""snap_20260913T052653Z_4309094e8fb4""]","Calgary Dance Stampede (Cancelled due to Coronavirus),listed-calgary-dance-stampede-cancelled-due-to-coronavirus,wsdc_calendar,review series identity",[2020]
[],Calgary Dance Stampede (Trial),"[""snap_20260913T052023Z_35ecb3c663ec"", ""snap_20260913T052554Z_9d33672cd3e2""]","Calgary Dance Stampede (Trial),listed-calgary-dance-stampede-trial,wsdc_calendar,review series identity","[2021, 2022]"
[],Calgary Town Open,"[""de51b1e142624d9a854864ae05264d1b""]","Calgary Town Open,listed-calgary-town-open,wsdc_calendar,review series identity",[2026]
[],Canadian Swing Championships (Cancelled due to Coronavirus),"[""snap_20260913T052653Z_4309094e8fb4""]","Canadian Swing Championships (Cancelled due to Coronavirus),listed-canadian-swing-championships-cancelled-due-to-coronavirus,wsdc_calendar,review series identity",[2020]
[],Capital S.D.President,"[""snap_20260913T051133Z_f78d9dfcc6e7""]","Capital S.D.President,listed-capital-s-d-president,wsdc_calendar,review series identity",[2017]
[],Capital S.D.President (NASDE),"[""snap_20260913T051203Z_a0219560bfe8""]","Capital S.D.President (NASDE),listed-capital-s-d-president-nasde,wsdc_calendar,review series identity",[2017]
[],Capital S.D.President's Day Weekend Convention,"[""snap_20260913T050433Z_b749ee48056f"", ""snap_20260913T050613Z_a7106c385749"", ""snap_20260913T050713Z_532a13011352"", ""snap_20260913T050743Z_aa7582b60497"", ""snap_20260913T051023Z_de41000bfa60""]","Capital S.D.President's Day Weekend Convention,listed-capital-s-d-president-s-day-weekend-convention,swingdancecouncil,review series identity","[2010, 2012, 2013, 2015, 2016]"
[],Capital Swing,"[""snap_20260909T150512Z_694f97493af0""]","Capital Swing,listed-capital-swing,eepro,review series identity","[2025, 2026]"
[],Capital Swing Cup,"[""snap_20260913T050443Z_6a757e752fa4""]","Capital Swing Cup,listed-capital-swing-cup,swingdancecouncil,review series identity",[2010]
[],Capital Swing Dance Convention (Cancelled due to Covid-19),"[""snap_20260913T052653Z_4309094e8fb4""]","Capital Swing Dance Convention (Cancelled due to Covid-19),listed-capital-swing-dance-convention-cancelled-due-to-covid-19,wsdc_calendar,review series identity","[2021, 2022]"
[],Capital Swing Dance Convention (NASDE),"[""snap_20260913T053435Z_ed5072b4dea1""]","Capital Swing Dance Convention (NASDE),listed-capital-swing-dance-convention-nasde,wsdc_newsletter,review series identity",[2024]
[],Capital Swing Dance Presidents Day (NASDE),"[""snap_20260913T051244Z_a3c08b0b73ee""]","Capital Swing Dance Presidents Day (NASDE),listed-capital-swing-dance-presidents-day-nasde,wsdc_calendar,review series identity",[2017]
[],Capital Swing Presidents' Day Convention (Cancelled due to Covid-19),"[""snap_20260913T052610Z_9b5425eda664""]","Capital Swing Presidents' Day Convention (Cancelled due to Covid-19),listed-capital-swing-presidents-day-convention-cancelled-due-to-covid-19,wsdc_calendar,review series identity",[2020]
[],Carnival Swing 2018,"[""snap_20260910T032911Z_34e948f7fea1""]","Carnival Swing 2018,listed-carnival-swing,scoringdance,review series identity",[2018]
[],Carnival Swing Cologne 2019,"[""snap_20260910T053721Z_be05513ccc06""]","Carnival Swing Cologne 2019,listed-carnival-swing-cologne,scoringdance,review series identity",[2019]
[],Carnival Swing Cologne 2020,"[""snap_20260910T053449Z_31593ec0a25c""]","Carnival Swing Cologne 2020,listed-carnival-swing-cologne,scoringdance,review series identity",[2020]
[],Ceroc Champs 2025,"[""snap_20260910T053633Z_bf409aa9f9db""]","Ceroc Champs 2025,listed-ceroc-champs,scoringdance,review series identity",[2025]
[],Charlotte Westie Fest (Cancelled due to Covid-19),"[""snap_20260913T052653Z_4309094e8fb4""]","Charlotte Westie Fest (Cancelled due to Covid-19),listed-charlotte-westie-fest-cancelled-due-to-covid-19,wsdc_calendar,review series identity",[2021]
[],Chicago Classic (NASDE),"[""snap_20260913T053435Z_ed5072b4dea1""]","Chicago Classic (NASDE),listed-chicago-classic-nasde,wsdc_newsletter,review series identity",[2024]
[],Chicago Classic (Postponed due to Coronavirus),"[""snap_20260913T052653Z_4309094e8fb4""]","Chicago Classic (Postponed due to Coronavirus),listed-chicago-classic-postponed-due-to-coronavirus,wsdc_calendar,review series identity",[2020]
[],Chicagoland Country and Swing Dance Festival (Cancelled due to Covid-19),"[""snap_20260913T052653Z_4309094e8fb4""]","Chicagoland Country and Swing Dance Festival (Cancelled due to Covid-19),listed-chicagoland-country-and-swing-dance-festival-cancelled-due-to-covid-19,wsdc_calendar,review series identity",[2020]
[],Chicagoland Country and Swing Dance Festival (Unconfirmed),"[""snap_20260913T055430Z_17be191620ce""]","Chicagoland Country and Swing Dance Festival (Unconfirmed),listed-chicagoland-country-and-swing-dance-festival-unconfirmed,wsdc_calendar,review series identity",[2025]
[],Chicagoland Dance Festival (Unconfirmed),"[""snap_20260913T055220Z_d77aed35c78d""]","Chicagoland Dance Festival (Unconfirmed),listed-chicagoland-dance-festival-unconfirmed,wsdc_calendar,review series identity",[2024]
[],Christmas In Dixie,"[""snap_20260913T050553Z_63f77fe501d5""]","Christmas In Dixie,listed-christmas-in-dixie,swingdancecouncil,review series identity","[2011, 2012]"
[],City of Angels (Cancelled due to Coronavirus),"[""snap_20260913T052653Z_4309094e8fb4""]","City of Angels (Cancelled due to Coronavirus),listed-city-of-angels-cancelled-due-to-coronavirus,wsdc_calendar,review series identity",[2020]
[],City of Angels Swing,"[""snap_20260913T050613Z_a7106c385749"", ""snap_20260913T050713Z_532a13011352"", ""snap_20260913T050724Z_6ddaacedd7ed"", ""snap_20260913T050803Z_89757c41ead1"", ""snap_20260913T051023Z_de41000bfa60"", ""snap_20260913T051244Z_a3c08b0b73ee"", ""snap_20260913T052054Z_f2004ad7080a""]","City of Angels Swing,listed-city-of-angels-swing,swingdancecouncil,review series identity","[2012, 2013, 2014, 2015, 2016, 2017, 2021]"
[],City of Angels Swing 2024,"[""snap_20260910T060403Z_ad66431dc25c""]","City of Angels Swing 2024,listed-city-of-angels-swing,scoringdance,review series identity",[2024]
[],City of Angels Swing( Cancelled due to Covid-19),"[""snap_20260913T052653Z_4309094e8fb4""]","City of Angels Swing( Cancelled due to Covid-19),listed-city-of-angels-swing-cancelled-due-to-covid-19,wsdc_calendar,review series identity",[2021]
[],Cologne Swing Weekend 2022,"[""snap_20260910T063423Z_613bca345f94""]","Cologne Swing Weekend 2022,listed-cologne-swing-weekend,scoringdance,review series identity",[2022]
[],Cologne Swing Weekend 2023,"[""snap_20260910T061258Z_1482ab8d7818""]","Cologne Swing Weekend 2023,listed-cologne-swing-weekend,scoringdance,review series identity",[2023]
[],Cologne Zouk Festival,"[""snap_20260910T032911Z_34e948f7fea1""]","Cologne Zouk Festival,listed-cologne-zouk-festival,scoringdance,review series identity",[2018]
[],Colorado Country Classic (Cancelled due to Covid-19),"[""snap_20260913T052653Z_4309094e8fb4""]","Colorado Country Classic (Cancelled due to Covid-19),listed-colorado-country-classic-cancelled-due-to-covid-19,wsdc_calendar,review series identity",[2020]
[],Colorado Country Classic (Unconfirmed),"[""snap_20260913T055430Z_17be191620ce""]","Colorado Country Classic (Unconfirmed),listed-colorado-country-classic-unconfirmed,wsdc_calendar,review series identity",[2025]
[],Copenhagen Bachata Congress 2024,"[""snap_20260910T053211Z_415eedc2f263""]","Copenhagen Bachata Congress 2024,listed-copenhagen-bachata-congress,scoringdance,review series identity",[2024]
"[""wsdc-334"", ""wsdc-39""]",Countdown Swing Boston,"[""snap_20260909T150512Z_694f97493af0"", ""snap_20260913T052653Z_4309094e8fb4"", ""snap_20260913T052753Z_9fefc779c3b2"", ""snap_20260913T052844Z_b95ece79a3ac"", ""snap_20260913T055411Z_037bc2fb7478""]","Countdown Swing Boston,listed-countdown-swing-boston,wsdc_calendar,review series identity","[2020, 2021, 2022, 2023, 2024, 2025, 2026]"
[],Countdown Swing Boston (Unconfirmed),"[""snap_20260913T055411Z_037bc2fb7478""]","Countdown Swing Boston (Unconfirmed),listed-countdown-swing-boston-unconfirmed,wsdc_calendar,review series identity",[2024]
[],Country Couver 2025,"[""snap_20260910T060804Z_76e77086d3ed""]","Country Couver 2025,listed-country-couver,scoringdance,review series identity",[2025]
[],CozySwing 2018,"[""snap_20260910T053314Z_138de2f6f759""]","CozySwing 2018,listed-cozyswing,scoringdance,review series identity",[2018]
[],D-Townswing (Cancelled due to Coronaviris),"[""snap_20260913T052653Z_4309094e8fb4""]","D-Townswing (Cancelled due to Coronaviris),listed-d-townswing-cancelled-due-to-coronaviris,wsdc_calendar,review series identity",[2020]
[],D-Townswing (Cancelleld due to Covid-19),"[""snap_20260913T052653Z_4309094e8fb4""]","D-Townswing (Cancelleld due to Covid-19),listed-d-townswing-cancelleld-due-to-covid-19,wsdc_calendar,review series identity",[2021]
[],DC Swing eXperience (DCSX) (Cancelled due to Covid-19),"[""snap_20260913T052653Z_4309094e8fb4""]","DC Swing eXperience (DCSX) (Cancelled due to Covid-19),listed-dc-swing-experience-dcsx-cancelled-due-to-covid-19,wsdc_calendar,review series identity","[2020, 2021]"
[],DCSX (DC Swing eXperience),"[""snap_20260913T052744Z_6206c331a747""]","DCSX (DC Swing eXperience),listed-dcsx-dc-swing-experience,wsdc_calendar,review series identity",[2024]
[],DCSX (DC Swing eXperience) 2023,"[""snap_20260913T052744Z_6206c331a747""]","DCSX (DC Swing eXperience) 2023,listed-dcsx-dc-swing-experience,wsdc_calendar,review series identity",[2023]
[],DFW proAMjam,"[""snap_20260913T050633Z_04b39eb0707f"", ""snap_20260913T050724Z_6ddaacedd7ed"", ""snap_20260913T050813Z_f30944bfb2a3""]","DFW proAMjam,listed-dfw-proamjam,swingdancecouncil,review series identity","[2012, 2014, 2015]"
[],Dance Camp Chicago (Cancelled due to Covid 19),"[""snap_20260913T052653Z_4309094e8fb4""]","Dance Camp Chicago (Cancelled due to Covid 19),listed-dance-camp-chicago-cancelled-due-to-covid-19,wsdc_calendar,review series identity",[2021]
[],Dance Mardi Gras (Unconfirmed),"[""snap_20260913T055220Z_d77aed35c78d""]","Dance Mardi Gras (Unconfirmed),listed-dance-mardi-gras-unconfirmed,wsdc_calendar,review series identity",[2024]
[],Dance N Play (Cancelled due to Covid-19),"[""snap_20260913T052653Z_4309094e8fb4""]","Dance N Play (Cancelled due to Covid-19),listed-dance-n-play-cancelled-due-to-covid-19,wsdc_calendar,review series identity",[2022]
[],Dance N Play (Canclled due to Covid-19),"[""snap_20260913T052653Z_4309094e8fb4""]","Dance N Play (Canclled due to Covid-19),listed-dance-n-play-canclled-due-to-covid-19,wsdc_calendar,review series identity",[2020]
[],Dance N Play (Unconfirmed),"[""snap_20260913T055430Z_17be191620ce""]","Dance N Play (Unconfirmed),listed-dance-n-play-unconfirmed,wsdc_calendar,review series identity",[2025]
[],Dance N Play WCS Event,"[""snap_20260913T050724Z_6ddaacedd7ed""]","Dance N Play WCS Event,listed-dance-n-play-wcs-event,swingdancecouncil,review series identity",[2014]
[],Dave Moldover,"[""snap_20260913T051734Z_2512163ed68e""]","Dave Moldover,listed-dave-moldover,wsdc_calendar,review series identity",[2020]
[],Derby City Swing (Cancelled due to Covid-19),"[""snap_20260913T052653Z_4309094e8fb4""]","Derby City Swing (Cancelled due to Covid-19),listed-derby-city-swing-cancelled-due-to-covid-19,wsdc_calendar,review series identity",[2022]
[],Desert City Swing (Unconfirmed),"[""snap_20260913T055220Z_d77aed35c78d""]","Desert City Swing (Unconfirmed),listed-desert-city-swing-unconfirmed,wsdc_calendar,review series identity",[2024]
[],Detonation Dance (Cancelled due to Coronavirus),"[""snap_20260913T052653Z_4309094e8fb4""]","Detonation Dance (Cancelled due to Coronavirus),listed-detonation-dance-cancelled-due-to-coronavirus,wsdc_calendar,review series identity",[2020]
[],Disco America,"[""snap_20260909T150512Z_694f97493af0""]","Disco America,listed-disco-america,eepro,review series identity","[2024, 2026]"
[],Dutch Open 2023,"[""snap_20260910T054148Z_d7e4d3f9ec1e""]","Dutch Open 2023,listed-dutch-open,scoringdance,review series identity",[2023]
[],Dutch Open 2024,"[""snap_20260910T053751Z_c459d8f2a31f""]","Dutch Open 2024,listed-dutch-open,scoringdance,review series identity",[2024]
[],Dutch Open 2025,"[""snap_20260910T063502Z_c4783647af7f""]","Dutch Open 2025,listed-dutch-open,scoringdance,review series identity",[2025]
[],Dutch Open 2026,"[""snap_20260910T060733Z_a87b2f4501f9""]","Dutch Open 2026,listed-dutch-open,scoringdance,review series identity",[2026]
[],Dutch Open Championships,"[""snap_20260913T050553Z_63f77fe501d5"", ""snap_20260913T050653Z_5cf4ae4e6585""]","Dutch Open Championships,listed-dutch-open-championships,swingdancecouncil,review series identity","[2011, 2012]"
[],Dutch Open West Coast Swing (Cancelled due to Coronavirus),"[""snap_20260913T052653Z_4309094e8fb4""]","Dutch Open West Coast Swing (Cancelled due to Coronavirus),listed-dutch-open-west-coast-swing-cancelled-due-to-coronavirus,wsdc_calendar,review series identity",[2020]
[],Dutch Open West Coast Swing (Cancelled due to Covid-19),"[""snap_20260913T052653Z_4309094e8fb4""]","Dutch Open West Coast Swing (Cancelled due to Covid-19),listed-dutch-open-west-coast-swing-cancelled-due-to-covid-19,wsdc_calendar,review series identity",[2021]
[],Dutch Open West Coast Swing (Cancelleld due to Covid-19),"[""snap_20260913T052653Z_4309094e8fb4""]","Dutch Open West Coast Swing (Cancelleld due to Covid-19),listed-dutch-open-west-coast-swing-cancelleld-due-to-covid-19,wsdc_calendar,review series identity",[2022]
[],EASTER SWING (NASDE),"[""snap_20260913T052930Z_9938b86a7094"", ""snap_20260913T052940Z_0177184cf9eb"", ""snap_20260913T053000Z_11d8e6dbdaab""]","EASTER SWING (NASDE),listed-easter-swing-nasde,wsdc_newsletter,review series identity","[2017, 2018, 2019]"
[],EMERALD CITY SWING,"[""snap_20260913T053243Z_3347ef6a3141""]","EMERALD CITY SWING,listed-emerald-city-swing,wsdc_newsletter,review series identity",[2018]
[],Easter Swing (Cancelled due to Coronavirus),"[""snap_20260913T052653Z_4309094e8fb4""]","Easter Swing (Cancelled due to Coronavirus),listed-easter-swing-cancelled-due-to-coronavirus,wsdc_calendar,review series identity",[2020]
[],Easter Swing (Cancelled due to Covid-19),"[""snap_20260913T052653Z_4309094e8fb4""]","Easter Swing (Cancelled due to Covid-19),listed-easter-swing-cancelled-due-to-covid-19,wsdc_calendar,review series identity",[2021]
[],Easter Swing (NASDE),"[""snap_20260913T053450Z_ce3c79f4aa99""]","Easter Swing (NASDE),listed-easter-swing-nasde,wsdc_newsletter,review series identity",[2023]
[],Easterns Dance Challenge,"[""snap_20260913T050503Z_1dc9d7a88150""]","Easterns Dance Challenge,listed-easterns-dance-challenge,swingdancecouncil,review series identity",[2010]
[],European Swing Challenge (Cancelled due to Covid-19),"[""snap_20260913T052314Z_cd0f43b0da24"", ""snap_20260913T052653Z_4309094e8fb4""]","European Swing Challenge (Cancelled due to Covid-19),listed-european-swing-challenge-cancelled-due-to-covid-19,wsdc_calendar,review series identity","[2020, 2021]"
[],European Swing Challenge (Unconfirmed),"[""snap_20260913T052844Z_b95ece79a3ac"", ""snap_20260913T055320Z_474ef226d4a5""]","European Swing Challenge (Unconfirmed),listed-european-swing-challenge-unconfirmed,wsdc_calendar,review series identity","[2023, 2024]"
[],Extravadanza Bachata Congress 2025,"[""snap_20260910T053512Z_00ad7cc782ab""]","Extravadanza Bachata Congress 2025,listed-extravadanza-bachata-congress,scoringdance,review series identity",[2025]
[],FLOOR PLAY NEW YEARS SWING VACATION,"[""snap_20260913T052950Z_43d0406b9025"", ""snap_20260913T053204Z_ea0a1cfa6f68"", ""snap_20260913T053253Z_e19d60bb1ba4""]","FLOOR PLAY NEW YEARS SWING VACATION,listed-floor-play-new-years-swing-vacation,wsdc_newsletter,review series identity","[2018, 2019]"
[],FORIDA DANCE MAGIC,"[""snap_20260913T052919Z_08ef5aac2666"", ""snap_20260913T053153Z_b3d4d7e4936b"", ""snap_20260913T053243Z_3347ef6a3141""]","FORIDA DANCE MAGIC,listed-forida-dance-magic,wsdc_newsletter,review series identity","[2017, 2018, 2019]"
[],"Fall, Fall in Swing (Cancelled due to Coronavirus)","[""snap_20260913T052653Z_4309094e8fb4""]","Fall, Fall in Swing (Cancelled due to Coronavirus),listed-fall-fall-in-swing-cancelled-due-to-coronavirus,wsdc_calendar,review series identity",[2020]
[],Festival City Swing Edinburgh 2025,"[""snap_20260910T053404Z_af947048bc14""]","Festival City Swing Edinburgh 2025,listed-festival-city-swing-edinburgh,scoringdance,review series identity",[2025]
[],Festival City Swing Edinburgh 2026,"[""snap_20260910T060716Z_f1624b69a3b1""]","Festival City Swing Edinburgh 2026,listed-festival-city-swing-edinburgh,scoringdance,review series identity",[2026]
[],Finnfest (Cancelled due to Covid-19),"[""snap_20260913T052653Z_4309094e8fb4""]","Finnfest (Cancelled due to Covid-19),listed-finnfest-cancelled-due-to-covid-19,wsdc_calendar,review series identity","[2020, 2021]"
[],Finnfest (Unconfirmed),"[""snap_20260913T055220Z_d77aed35c78d""]","Finnfest (Unconfirmed),listed-finnfest-unconfirmed,wsdc_calendar,review series identity",[2024]
[],Finnish Open WCS,"[""snap_20260913T050813Z_f30944bfb2a3""]","Finnish Open WCS,listed-finnish-open-wcs,swingdancecouncil,review series identity",[2015]
[],First Night Boston,"[""snap_20260913T050713Z_532a13011352"", ""snap_20260913T050724Z_6ddaacedd7ed""]","First Night Boston,listed-first-night-boston,swingdancecouncil,review series identity",[2013]
[],Floor Play New Years Swing Vacation,"[""snap_20260913T053414Z_e2920d5d80be""]","Floor Play New Years Swing Vacation,listed-floor-play-new-years-swing-vacation,wsdc_newsletter,review series identity",[2023]
[],Floor Play Swing Vacation (Cancelled due to Covid-19),"[""snap_20260913T052653Z_4309094e8fb4""]","Floor Play Swing Vacation (Cancelled due to Covid-19),listed-floor-play-swing-vacation-cancelled-due-to-covid-19,wsdc_calendar,review series identity",[2021]
[],Floor Play Swing Vacation (Unconfirmed),"[""snap_20260913T055241Z_d374c58b5248""]","Floor Play Swing Vacation (Unconfirmed),listed-floor-play-swing-vacation-unconfirmed,wsdc_calendar,review series identity",[2024]
[],FloorPlay Orlando Swing Vacation,"[""snap_20260913T050523Z_599faad414ce"", ""snap_20260913T050603Z_94f4a330dd97"", ""snap_20260913T050713Z_532a13011352"", ""snap_20260913T050724Z_6ddaacedd7ed""]","FloorPlay Orlando Swing Vacation,listed-floorplay-orlando-swing-vacation,swingdancecouncil,review series identity","[2011, 2012, 2013, 2014]"
[],Floorplays New Years Swing Vacation,"[""snap_20260913T050433Z_b749ee48056f"", ""snap_20260913T050503Z_1dc9d7a88150""]","Floorplays New Years Swing Vacation,listed-floorplays-new-years-swing-vacation,swingdancecouncil,review series identity","[2010, 2011]"
[],Florida Dance Magic (Cancelled due to Coronavirus),"[""snap_20260913T052653Z_4309094e8fb4""]","Florida Dance Magic (Cancelled due to Coronavirus),listed-florida-dance-magic-cancelled-due-to-coronavirus,wsdc_calendar,review series identity",[2020]
[],Florida Dance Magic (Cancelled due to Covid-19),"[""snap_20260913T052653Z_4309094e8fb4""]","Florida Dance Magic (Cancelled due to Covid-19),listed-florida-dance-magic-cancelled-due-to-covid-19,wsdc_calendar,review series identity",[2021]
[],Florida Dance Magic (On Hiatus in 2023),"[""snap_20260913T052844Z_b95ece79a3ac""]","Florida Dance Magic (On Hiatus in 2023),listed-florida-dance-magic-in,wsdc_calendar,review series identity",[2023]
[],Florida Wesite Fest,"[""snap_20260913T052919Z_08ef5aac2666""]","Florida Wesite Fest,listed-florida-wesite-fest,wsdc_newsletter,review series identity",[2017]
[],Flow Festival NYC,"[""snap_20260913T055430Z_17be191620ce""]","Flow Festival NYC,listed-flow-festival-nyc,wsdc_calendar,review series identity",[2026]
[],Flowstate,"[""snap_20260910T051329Z_e69cfe7b5d3d""]","Flowstate,listed-flowstate,scoringdance,review series identity",[2024]
[],Flowstate 2025,"[""snap_20260910T061042Z_2fb3aaf7878b""]","Flowstate 2025,listed-flowstate,scoringdance,review series identity",[2025]
[],Flowstate | WCS & Zouk Festival,"[""snap_20260913T055353Z_2f7c24378244""]","Flowstate | WCS & Zouk Festival,listed-flowstate-wcs-zouk-festival,wsdc_calendar,review series identity",[2024]
[],Forida Dance Magic,"[""snap_20260913T053404Z_622d98a01fec"", ""snap_20260913T053443Z_bf5de4bbd205""]","Forida Dance Magic,listed-forida-dance-magic,wsdc_newsletter,review series identity","[2022, 2024]"
[],FreZnoDance Classic,"[""snap_20260913T050503Z_1dc9d7a88150""]","FreZnoDance Classic,listed-freznodance-classic,swingdancecouncil,review series identity",[2010]
[],Freedom Swing Dance Challenge (Cancelled due to Covid-19),"[""snap_20260913T052653Z_4309094e8fb4""]","Freedom Swing Dance Challenge (Cancelled due to Covid-19),listed-freedom-swing-dance-challenge-cancelled-due-to-covid-19,wsdc_calendar,review series identity",[2021]
[],French Connection 2025,"[""snap_20260910T060746Z_c3065c9befc0""]","French Connection 2025,listed-french-connection,scoringdance,review series identity",[2025]
[],French Connection 2026,"[""snap_20260910T060210Z_acd990521dc3""]","French Connection 2026,listed-french-connection,scoringdance,review series identity",[2026]
[],French Open 2024,"[""snap_20260910T063613Z_05dde9093ae9""]","French Open 2024,listed-french-open,scoringdance,review series identity",[2024]
[],French Open 2025,"[""snap_20260910T060323Z_23617be80b15""]","French Open 2025,listed-french-open,scoringdance,review series identity",[2025]
[],French Open 2026,"[""snap_20260910T053308Z_99c8e4d26bcd""]","French Open 2026,listed-french-open,scoringdance,review series identity",[2026]
[],French Open Disney West Coast Swing,"[""snap_20260913T050713Z_532a13011352""]","French Open Disney West Coast Swing,listed-french-open-disney-west-coast-swing,swingdancecouncil,review series identity",[2013]
[],French Open WCS (Cancelled due to Covid-19),"[""snap_20260913T052653Z_4309094e8fb4""]","French Open WCS (Cancelled due to Covid-19),listed-french-open-wcs-cancelled-due-to-covid-19,wsdc_calendar,review series identity",[2020]
[],GNDC,"[""snap_20260909T150512Z_694f97493af0""]","GNDC,listed-gndc,eepro,review series identity","[2025, 2026]"
[],GPSDC ANNUAL JULY 4TH CONVENTION,"[""snap_20260913T052919Z_08ef5aac2666"", ""snap_20260913T053153Z_b3d4d7e4936b"", ""snap_20260913T053243Z_3347ef6a3141""]","GPSDC ANNUAL JULY 4TH CONVENTION,listed-gpsdc-annual-july-convention,wsdc_newsletter,review series identity","[2017, 2018, 2019]"
[],GPSDC Annual July 4th Convention,"[""snap_20260913T050503Z_1dc9d7a88150"", ""snap_20260913T050643Z_3b5c53c6d4d5"", ""snap_20260913T050713Z_532a13011352"", ""snap_20260913T050724Z_6ddaacedd7ed"", ""snap_20260913T050803Z_89757c41ead1"", ""snap_20260913T051244Z_a3c08b0b73ee"", ""snap_20260913T053404Z_622d98a01fec""]","GPSDC Annual July 4th Convention,listed-gpsdc-annual-july-convention,swingdancecouncil,review series identity","[2010, 2012, 2013, 2014, 2015, 2016, 2022]"
[],German Open Bachata Championship 2023,"[""snap_20260910T063438Z_4cba004a445c""]","German Open Bachata Championship 2023,listed-german-open-bachata-championship,scoringdance,review series identity",[2023]
[],German Open Championship 2024,"[""snap_20260910T060957Z_7fcf35900758""]","German Open Championship 2024,listed-german-open-championship,scoringdance,review series identity",[2024]
[],German Open Championships (Unconfirmed),"[""snap_20260913T055220Z_d77aed35c78d""]","German Open Championships (Unconfirmed),listed-german-open-championships-unconfirmed,wsdc_calendar,review series identity",[2024]
[],Global Grand Prix,"[""snap_20260913T053414Z_e2920d5d80be""]","Global Grand Prix,listed-global-grand-prix,wsdc_newsletter,review series identity",[2022]
[],Global Grand Prix - Swing Dance Championships (Trial),"[""snap_20260913T052744Z_6206c331a747""]","Global Grand Prix - Swing Dance Championships (Trial),listed-global-grand-prix-swing-dance-championships-trial,wsdc_calendar,review series identity",[2022]
[],Global Grand Prix - West Coast Swing Reunion (Unconfirmed),"[""snap_20260913T055241Z_d374c58b5248""]","Global Grand Prix - West Coast Swing Reunion (Unconfirmed),listed-global-grand-prix-west-coast-swing-reunion-unconfirmed,wsdc_calendar,review series identity",[2024]
[],Global Grand Prix Swing Dance Championships 2022,"[""snap_20260910T060711Z_64718517441b""]","Global Grand Prix Swing Dance Championships 2022,listed-global-grand-prix-swing-dance-championships,scoringdance,review series identity",[2022]
[],Global Grand Prix Swing Dance Championships 2023,"[""snap_20260910T051239Z_40b8b674b294""]","Global Grand Prix Swing Dance Championships 2023,listed-global-grand-prix-swing-dance-championships,scoringdance,review series identity",[2023]
[],Global Grand Prix Swing Dance Championships 2024,"[""snap_20260910T060328Z_4ec026e6b66d""]","Global Grand Prix Swing Dance Championships 2024,listed-global-grand-prix-swing-dance-championships,scoringdance,review series identity",[2024]
[],Global Grand Prix WCS 2025,"[""snap_20260910T054405Z_2e5f268f69c7""]","Global Grand Prix WCS 2025,listed-global-grand-prix-wcs,scoringdance,review series identity",[2025]
[],Go West Swing Fest (Cancelled due to Coronavirus),"[""snap_20260913T052653Z_4309094e8fb4""]","Go West Swing Fest (Cancelled due to Coronavirus),listed-go-west-swing-fest-cancelled-due-to-coronavirus,wsdc_calendar,review series identity",[2020]
[],Go West Swing Fest (Cancelled due to Covid-19),"[""snap_20260913T052653Z_4309094e8fb4""]","Go West Swing Fest (Cancelled due to Covid-19),listed-go-west-swing-fest-cancelled-due-to-covid-19,wsdc_calendar,review series identity",[2022]
[],Go West Swing Fest (Unconfirmed),"[""snap_20260913T055241Z_d374c58b5248"", ""snap_20260913T055320Z_474ef226d4a5""]","Go West Swing Fest (Unconfirmed),listed-go-west-swing-fest-unconfirmed,wsdc_calendar,review series identity",[2024]
[],Grand Party Sofia 2025,"[""snap_20260910T051259Z_bbd331989846""]","Grand Party Sofia 2025,listed-grand-party-sofia,scoringdance,review series identity",[2025]
[],Grand Party Sofia 2026,"[""snap_20260910T060900Z_06c0c3eb16fe""]","Grand Party Sofia 2026,listed-grand-party-sofia,scoringdance,review series identity",[2026]
[],HONEY FEST (Trial),"[""snap_20260913T052744Z_6206c331a747""]","HONEY FEST (Trial),listed-honey-fest-trial,wsdc_calendar,review series identity",[2023]
[],Halloween In Harrisburg & SwingZing,"[""snap_20260913T050503Z_1dc9d7a88150""]","Halloween In Harrisburg & SwingZing,listed-halloween-in-harrisburg-swingzing,swingdancecouncil,review series identity",[2010]
[],Halloween SwingThing (Cancelled due to Covid-19),"[""snap_20260913T052653Z_4309094e8fb4""]","Halloween SwingThing (Cancelled due to Covid-19),listed-halloween-swingthing-cancelled-due-to-covid-19,wsdc_calendar,review series identity",[2020]
[],Halloween Swingthing (Cancelled due to Covid-19),"[""snap_20260913T052653Z_4309094e8fb4""]","Halloween Swingthing (Cancelled due to Covid-19),listed-halloween-swingthing-cancelled-due-to-covid-19,wsdc_calendar,review series identity",[2021]
[],Halloween Swingthing (Unconfirmed),"[""snap_20260913T055241Z_d374c58b5248""]","Halloween Swingthing (Unconfirmed),listed-halloween-swingthing-unconfirmed,wsdc_calendar,review series identity",[2024]
[],Hembsy Chill SILC Competition 2025,"[""snap_20260910T054224Z_1349ffceab74""]","Hembsy Chill SILC Competition 2025,listed-hembsy-chill-silc-competition,scoringdance,review series identity",[2025]
[],Hembsy Chill SILC Competition 2026,"[""snap_20260910T061032Z_11446e02d91a""]","Hembsy Chill SILC Competition 2026,listed-hembsy-chill-silc-competition,scoringdance,review series identity",[2026]
[],High Desert Dance Classic (Cancelled due to Coronavirus),"[""snap_20260913T052653Z_4309094e8fb4""]","High Desert Dance Classic (Cancelled due to Coronavirus),listed-high-desert-dance-classic-cancelled-due-to-coronavirus,wsdc_calendar,review series identity",[2020]
[],High Desert Dance Classic (On Hiatus for 2023),"[""snap_20260913T052804Z_e1e669041068""]","High Desert Dance Classic (On Hiatus for 2023),listed-high-desert-dance-classic-for,wsdc_calendar,review series identity",[2023]
[],High Desert Dance Classic (Virtual 1-Day)),"[""snap_20260913T052653Z_4309094e8fb4""]","High Desert Dance Classic (Virtual 1-Day)),listed-high-desert-dance-classic-virtual-1-day,wsdc_calendar,review series identity",[2021]
[],Holy Land Open  - On Hiatus - Registry Event,"[""snap_20260913T051244Z_a3c08b0b73ee""]","Holy Land Open  - On Hiatus - Registry Event,listed-holy-land-open-registry-event,wsdc_calendar,review series identity",[2017]
[],Houston Swing Classic,"[""snap_20260913T050653Z_5cf4ae4e6585""]","Houston Swing Classic,listed-houston-swing-classic,swingdancecouncil,review series identity",[2012]
[],Hungarian Open (Cancelled due to Coronavirus),"[""snap_20260913T052653Z_4309094e8fb4""]","Hungarian Open (Cancelled due to Coronavirus),listed-hungarian-open-cancelled-due-to-coronavirus,wsdc_calendar,review series identity",[2020]
[],Hungarian Open (Unconfirmed),"[""snap_20260913T055220Z_d77aed35c78d""]","Hungarian Open (Unconfirmed),listed-hungarian-open-unconfirmed,wsdc_calendar,review series identity",[2024]
[],IHSC,"[""snap_20260913T050613Z_a7106c385749"", ""snap_20260913T050713Z_532a13011352"", ""snap_20260913T050803Z_89757c41ead1""]","IHSC,listed-ihsc,swingdancecouncil,review series identity","[2012, 2013, 2015]"
[],ITALIAN OPEN WCS,"[""snap_20260913T052950Z_43d0406b9025""]","ITALIAN OPEN WCS,listed-italian-open-wcs,wsdc_newsletter,review series identity",[2017]
[],Indy Dance Explosion (Unconfirmed),"[""snap_20260913T055241Z_d374c58b5248""]","Indy Dance Explosion (Unconfirmed),listed-indy-dance-explosion-unconfirmed,wsdc_calendar,review series identity",[2024]
[],Infinite Swing Munich 2026,"[""snap_20260910T054354Z_ed79ffc2f8fb""]","Infinite Swing Munich 2026,listed-infinite-swing-munich,scoringdance,review series identity",[2026]
[],Italian Open West Coast Swing,"[""snap_20260913T050933Z_8684c9031883"", ""snap_20260913T051244Z_a3c08b0b73ee""]","Italian Open West Coast Swing,listed-italian-open-west-coast-swing,swingdancecouncil,review series identity","[2015, 2016, 2017]"
[],Jack & Jill O,"[""snap_20260913T051244Z_a3c08b0b73ee""]","Jack & Jill O,listed-jack-jill-o,wsdc_calendar,review series identity",[2016]
[],Jack & Jill O'Rama (Cancelled due to Covid-19),"[""snap_20260913T052054Z_f2004ad7080a"", ""snap_20260913T052653Z_4309094e8fb4""]","Jack & Jill O'Rama (Cancelled due to Covid-19),listed-jack-jill-o-rama-cancelled-due-to-covid-19,wsdc_calendar,review series identity","[2020, 2021]"
"[""wsdc-279"", ""wsdc-283""]",KAZAN EL FEST,"[""snap_20260913T053153Z_b3d4d7e4936b""]","KAZAN EL FEST,listed-kazan-el-fest,wsdc_newsletter,review series identity",[2019]
[],KIWI Fest (Cancelled due to Coronavirus),"[""snap_20260913T052653Z_4309094e8fb4""]","KIWI Fest (Cancelled due to Coronavirus),listed-kiwi-fest-cancelled-due-to-coronavirus,wsdc_calendar,review series identity",[2020]
[],KIWI Fest (Cancelled due to Covid-19),"[""snap_20260913T052653Z_4309094e8fb4""]","KIWI Fest (Cancelled due to Covid-19),listed-kiwi-fest-cancelled-due-to-covid-19,wsdc_calendar,review series identity",[2021]
[],KIWI Fest (Cancelled due to War in Ukraine),"[""snap_20260913T055241Z_d374c58b5248""]","KIWI Fest (Cancelled due to War in Ukraine),listed-kiwi-fest-cancelled-due-to-war-in-ukraine,wsdc_calendar,review series identity",[2024]
[],KIWI Fest (Unconfirmed),"[""snap_20260913T052844Z_b95ece79a3ac""]","KIWI Fest (Unconfirmed),listed-kiwi-fest-unconfirmed,wsdc_calendar,review series identity",[2024]
[],KIWIfest,"[""snap_20260913T035045Z_008aaf4c6933"", ""snap_20260913T053000Z_11d8e6dbdaab""]","KIWIfest,listed-kiwifest,wsdc_newsletter,review series identity","[2018, 2019]"
"[""wsdc-279"", ""wsdc-283""]",Kazan EL Fest,"[""snap_20260913T051734Z_2512163ed68e"", ""snap_20260913T052253Z_3f7ff1a00522"", ""snap_20260913T052844Z_b95ece79a3ac""]","Kazan EL Fest,listed-kazan-el-fest,wsdc_calendar,review series identity","[2017, 2018, 2023]"
[],Kazan EL Fest (Cancelled due to Covid-19),"[""snap_20260913T052653Z_4309094e8fb4""]","Kazan EL Fest (Cancelled due to Covid-19),listed-kazan-el-fest-cancelled-due-to-covid-19,wsdc_calendar,review series identity",[2021]
[],Kazan EL Fest (Unconfirmed),"[""snap_20260913T055220Z_d77aed35c78d""]","Kazan EL Fest (Unconfirmed),listed-kazan-el-fest-unconfirmed,wsdc_calendar,review series identity",[2024]
"[""wsdc-279"", ""wsdc-283""]",Kazan El Fest,"[""snap_20260913T053404Z_622d98a01fec""]","Kazan El Fest,listed-kazan-el-fest,wsdc_newsletter,review series identity",[2022]
[],King Swing (Cancelled due to Coronavirus),"[""snap_20260913T052653Z_4309094e8fb4""]","King Swing (Cancelled due to Coronavirus),listed-king-swing-cancelled-due-to-coronavirus,wsdc_calendar,review series identity",[2020]
[],Korea Open Swing Dance Championships,"[""snap_20260913T050724Z_6ddaacedd7ed""]","Korea Open Swing Dance Championships,listed-korea-open-swing-dance-championships,swingdancecouncil,review series identity",[2013]
[],Korea Westival (Cancelled due to Covid-19),"[""snap_20260913T052653Z_4309094e8fb4""]","Korea Westival (Cancelled due to Covid-19),listed-korea-westival-cancelled-due-to-covid-19,wsdc_calendar,review series identity","[2020, 2021]"
[],Korean Open,"[""snap_20260913T052753Z_9fefc779c3b2""]","Korean Open,listed-korean-open,wsdc_calendar,review series identity",[2023]
[],Korean Open 2026,"[""snap_20260910T053545Z_62cc8ca592bf""]","Korean Open 2026,listed-korean-open,scoringdance,review series identity",[2026]
[],LIBERTY SWING (NASDE),"[""snap_20260913T052940Z_0177184cf9eb""]","LIBERTY SWING (NASDE),listed-liberty-swing-nasde,wsdc_newsletter,review series identity",[2017]
[],LIBERTY SWING DANCE CHAMPIONSHIPS (NASDE),"[""snap_20260913T035045Z_008aaf4c6933""]","LIBERTY SWING DANCE CHAMPIONSHIPS (NASDE),listed-liberty-swing-dance-championships-nasde,wsdc_newsletter,review series identity",[2018]
[],LIBERTY SWING DANCE CHAMPIONSHIPS (NASDE) WSDC MEMBERSHIP MEETING,"[""snap_20260913T053000Z_11d8e6dbdaab""]","LIBERTY SWING DANCE CHAMPIONSHIPS (NASDE) WSDC MEMBERSHIP MEETING,listed-liberty-swing-dance-championships-nasde-wsdc-membership-meeting,wsdc_newsletter,review series identity",[2019]
[],Latin Dream Bachata Festival 2025,"[""snap_20260910T063528Z_b26858ba799b""]","Latin Dream Bachata Festival 2025,listed-latin-dream-bachata-festival,scoringdance,review series identity",[2025]
[],Latin Dreams 2026,"[""snap_20260910T060113Z_f26c51bf96a5""]","Latin Dreams 2026,listed-latin-dreams,scoringdance,review series identity",[2026]
[],Liberty Swing,"[""snap_20260909T150512Z_694f97493af0""]","Liberty Swing,listed-liberty-swing,eepro,review series identity","[2025, 2026]"
[],Liberty Swing Championships,"[""snap_20260913T050503Z_1dc9d7a88150"", ""snap_20260913T050633Z_04b39eb0707f"", ""snap_20260913T050713Z_532a13011352"", ""snap_20260913T050724Z_6ddaacedd7ed"", ""snap_20260913T050824Z_b47e1d7bdc49"", ""snap_20260913T051133Z_f78d9dfcc6e7"", ""snap_20260913T051244Z_a3c08b0b73ee""]","Liberty Swing Championships,listed-liberty-swing-championships,swingdancecouncil,review series identity","[2010, 2012, 2013, 2014, 2015, 2016, 2017]"
[],Liberty Swing Championships      (NASDE),"[""snap_20260913T051244Z_a3c08b0b73ee""]","Liberty Swing Championships      (NASDE),listed-liberty-swing-championships-nasde,wsdc_calendar,review series identity",[2017]
[],Liberty Swing Dance Championships (Cancelled due to Covid-19),"[""snap_20260913T052653Z_4309094e8fb4""]","Liberty Swing Dance Championships (Cancelled due to Covid-19),listed-liberty-swing-dance-championships-cancelled-due-to-covid-19,wsdc_calendar,review series identity","[2020, 2021]"
[],Liberty Swing Dance Championships (NASDE),"[""snap_20260913T053404Z_622d98a01fec""]","Liberty Swing Dance Championships (NASDE),listed-liberty-swing-dance-championships-nasde,wsdc_newsletter,review series identity",[2022]
[],Liberty Swing dance Championships (NASDE),"[""snap_20260913T053450Z_ce3c79f4aa99""]","Liberty Swing dance Championships (NASDE),listed-liberty-swing-dance-championships-nasde,wsdc_newsletter,review series identity",[2023]
[],Liberty Swing dance Championships (NASDE)WSDC Membership Meeting,"[""snap_20260913T053443Z_bf5de4bbd205""]","Liberty Swing dance Championships (NASDE)WSDC Membership Meeting,listed-liberty-swing-dance-championships-nasde-wsdc-membership-meeting,wsdc_newsletter,review series identity",[2024]
[],London SWINGvitational (Cancelled due to Covid-19),"[""snap_20260913T052653Z_4309094e8fb4""]","London SWINGvitational (Cancelled due to Covid-19),listed-london-swingvitational-cancelled-due-to-covid-19,wsdc_calendar,review series identity",[2020]
[],London SWINGvitational (On Hiatus) - Registry Event,"[""snap_20260913T051244Z_a3c08b0b73ee""]","London SWINGvitational (On Hiatus) - Registry Event,listed-london-swingvitational-registry-event,wsdc_calendar,review series identity",[2016]
[],London SWINGvitational (Unconfirmed),"[""snap_20260913T055353Z_2f7c24378244""]","London SWINGvitational (Unconfirmed),listed-london-swingvitational-unconfirmed,wsdc_calendar,review series identity",[2024]
[],Lone Star Invitational (Unconfirmed),"[""snap_20260913T052844Z_b95ece79a3ac""]","Lone Star Invitational (Unconfirmed),listed-lone-star-invitational-unconfirmed,wsdc_calendar,review series identity",[2023]
[],LoneStar Invitational (Unconfirmed),"[""snap_20260913T055241Z_d374c58b5248""]","LoneStar Invitational (Unconfirmed),listed-lonestar-invitational-unconfirmed,wsdc_calendar,review series identity",[2024]
[],Lonestar Invitational (Unconfirmed),"[""snap_20260913T055430Z_17be191620ce""]","Lonestar Invitational (Unconfirmed),listed-lonestar-invitational-unconfirmed,wsdc_calendar,review series identity",[2025]
[],Los Angeles Premier Dance Classic,"[""snap_20260913T050503Z_1dc9d7a88150""]","Los Angeles Premier Dance Classic,listed-los-angeles-premier-dance-classic,swingdancecouncil,review series identity",[2010]
[],Luxembourg Bachata Family Festival 2025,"[""snap_20260910T063513Z_2fdded52addc""]","Luxembourg Bachata Family Festival 2025,listed-luxembourg-bachata-family-festival,scoringdance,review series identity",[2025]
[],Lyon Bachata Festival 2026,"[""snap_20260910T032911Z_34e948f7fea1""]","Lyon Bachata Festival 2026,listed-lyon-bachata-festival,scoringdance,review series identity",[2026]
[],MAD MAD WEST,"[""snap_20260913T053000Z_11d8e6dbdaab""]","MAD MAD WEST,listed-mad-mad-west,wsdc_newsletter,review series identity",[2019]
[],MADjam,"[""snap_20260909T150512Z_694f97493af0""]","MADjam,listed-madjam,eepro,review series identity",[2026]
[],MID ATLANTIC DANCE JAM (MADJAM) (NASDE),"[""snap_20260913T052910Z_44c788523cf4"", ""snap_20260913T052930Z_9938b86a7094""]","MID ATLANTIC DANCE JAM (MADJAM) (NASDE),listed-mid-atlantic-dance-jam-madjam-nasde,wsdc_newsletter,review series identity","[2017, 2018]"
[],MID ATLANTIC DANCE JAM - MADJAM (NASDE),"[""snap_20260913T053010Z_478d7ddb5edd"", ""snap_20260913T053303Z_220a0f22f0f6""]","MID ATLANTIC DANCE JAM - MADJAM (NASDE),listed-mid-atlantic-dance-jam-madjam-nasde,wsdc_newsletter,review series identity","[2019, 2020]"
[],MId Atlantic Dance Jam (MADjam)(Cancelled due to Covid-19),"[""snap_20260913T052653Z_4309094e8fb4""]","MId Atlantic Dance Jam (MADjam)(Cancelled due to Covid-19),listed-mid-atlantic-dance-jam-madjam-cancelled-due-to-covid-19,wsdc_calendar,review series identity",[2021]
[],MOSCOW XMAS SWING DANCE CAMP,"[""snap_20260913T052910Z_44c788523cf4"", ""snap_20260913T052930Z_9938b86a7094""]","MOSCOW XMAS SWING DANCE CAMP,listed-moscow-xmas-swing-dance-camp,wsdc_newsletter,review series identity","[2017, 2018]"
[],Mad Mad West,"[""snap_20260913T053204Z_ea0a1cfa6f68""]","Mad Mad West,listed-mad-mad-west,wsdc_newsletter,review series identity",[2020]
[],Mad Mad West (Cancelled Due to Coronavirus),"[""snap_20260913T052653Z_4309094e8fb4""]","Mad Mad West (Cancelled Due to Coronavirus),listed-mad-mad-west-cancelled-due-to-coronavirus,wsdc_calendar,review series identity",[2020]
[],Mad Mad West (Cancelled Due to Covid-19),"[""snap_20260913T052653Z_4309094e8fb4""]","Mad Mad West (Cancelled Due to Covid-19),listed-mad-mad-west-cancelled-due-to-covid-19,wsdc_calendar,review series identity",[2021]
[],Mediterranean Open 2025,"[""snap_20260910T063217Z_0a2928b381e2""]","Mediterranean Open 2025,listed-mediterranean-open,scoringdance,review series identity",[2025]
[],Mediterranean Open 2026,"[""snap_20260910T051344Z_a5d95924b8ba""]","Mediterranean Open 2026,listed-mediterranean-open,scoringdance,review series identity",[2026]
[],Meet Me In St. Louis Swing Dance Championships (Cancelled due to Covid-19),"[""snap_20260913T052653Z_4309094e8fb4""]","Meet Me In St. Louis Swing Dance Championships (Cancelled due to Covid-19),listed-meet-me-in-st-louis-swing-dance-championships-cancelled-due-to-covid-19,wsdc_calendar,review series identity",[2021]
[],Meet Me in St. Louis Swing Dance Championships (Cancelled due to Covid-19),"[""snap_20260913T052653Z_4309094e8fb4""]","Meet Me in St. Louis Swing Dance Championships (Cancelled due to Covid-19),listed-meet-me-in-st-louis-swing-dance-championships-cancelled-due-to-covid-19,wsdc_calendar,review series identity",[2020]
[],Miami Dance Magic,"[""snap_20260913T050503Z_1dc9d7a88150"", ""snap_20260913T050513Z_91f15ae62698"", ""snap_20260913T050643Z_3b5c53c6d4d5"", ""snap_20260913T050713Z_532a13011352"", ""snap_20260913T050724Z_6ddaacedd7ed"", ""snap_20260913T050733Z_35c526f5b7e9""]","Miami Dance Magic,listed-miami-dance-magic,swingdancecouncil,review series identity","[2010, 2011, 2012, 2013, 2014, 2015]"
[],Michigan Classic (Cancelled due to Coronavirus),"[""snap_20260913T052653Z_4309094e8fb4""]","Michigan Classic (Cancelled due to Coronavirus),listed-michigan-classic-cancelled-due-to-coronavirus,wsdc_calendar,review series identity",[2020]
[],Michigan Classic (Unconfirmed),"[""snap_20260913T055430Z_17be191620ce""]","Michigan Classic (Unconfirmed),listed-michigan-classic-unconfirmed,wsdc_calendar,review series identity",[2025]
[],Michigan Classic Swing 2025,"[""snap_20260913T055430Z_17be191620ce""]","Michigan Classic Swing 2025,listed-michigan-classic-swing,wsdc_calendar,review series identity",[2025]
[],Michigan Swing Dance Champs (Cancelled due to Covid-19),"[""snap_20260913T052653Z_4309094e8fb4""]","Michigan Swing Dance Champs (Cancelled due to Covid-19),listed-michigan-swing-dance-champs-cancelled-due-to-covid-19,wsdc_calendar,review series identity",[2021]
[],Mid Atlantic Dance jam MADjam (NASDE),"[""snap_20260913T053435Z_ed5072b4dea1""]","Mid Atlantic Dance jam MADjam (NASDE),listed-mid-atlantic-dance-jam-madjam-nasde,wsdc_newsletter,review series identity",[2024]
[],Midland Swing Open (Cancelled due Covid-19),"[""snap_20260913T052653Z_4309094e8fb4""]","Midland Swing Open (Cancelled due Covid-19),listed-midland-swing-open-cancelled-due-covid-19,wsdc_calendar,review series identity",[2020]
[],Midland Swing Open 15th Anniversary,"[""snap_20260913T053443Z_bf5de4bbd205""]","Midland Swing Open 15th Anniversary,listed-midland-swing-open-anniversary,wsdc_newsletter,review series identity",[2024]
[],Midnight Madness (Unconfirmed),"[""snap_20260913T055241Z_d374c58b5248""]","Midnight Madness (Unconfirmed),listed-midnight-madness-unconfirmed,wsdc_calendar,review series identity",[2024]
[],Midwest Westie Fest (Cancelled due to Covid-19),"[""snap_20260913T052653Z_4309094e8fb4""]","Midwest Westie Fest (Cancelled due to Covid-19),listed-midwest-westie-fest-cancelled-due-to-covid-19,wsdc_calendar,review series identity","[2020, 2021]"
[],Midwest Westie Fest (Unconfirmed),"[""snap_20260913T055430Z_17be191620ce""]","Midwest Westie Fest (Unconfirmed),listed-midwest-westie-fest-unconfirmed,wsdc_calendar,review series identity",[2025]
[],Midwest Westie Fest workshop style format non-WSDC competitions,"[""snap_20260913T053404Z_622d98a01fec""]","Midwest Westie Fest workshop style format non-WSDC competitions,listed-midwest-westie-fest-workshop-style-format-non-wsdc-competitions,wsdc_newsletter,review series identity",[2022]
[],Milan Modern Swing (Cancelled due to Covid-19),"[""snap_20260913T052653Z_4309094e8fb4""]","Milan Modern Swing (Cancelled due to Covid-19),listed-milan-modern-swing-cancelled-due-to-covid-19,wsdc_calendar,review series identity","[2020, 2021]"
[],Monterey Swinfest  2026,"[""snap_20260910T060237Z_ec3a9683fbdf""]","Monterey Swinfest  2026,listed-monterey-swinfest,scoringdance,review series identity",[2026]
[],MontereySwingfest 2025,"[""snap_20260910T060152Z_76459cf37859""]","MontereySwingfest 2025,listed-montereyswingfest,scoringdance,review series identity",[2025]
[],Montreal Dance Festival,"[""snap_20260913T050703Z_0dc4bfe1a4a1"", ""snap_20260913T050724Z_6ddaacedd7ed""]","Montreal Dance Festival,listed-montreal-dance-festival,swingdancecouncil,review series identity","[2012, 2013]"
[],Montreal Westie Fest (Cancelled due to Covid-19),"[""snap_20260913T052653Z_4309094e8fb4""]","Montreal Westie Fest (Cancelled due to Covid-19),listed-montreal-westie-fest-cancelled-due-to-covid-19,wsdc_calendar,review series identity",[2020]
[],Montreal Westie Fest (Unconfirmed),"[""snap_20260913T055220Z_d77aed35c78d""]","Montreal Westie Fest (Unconfirmed),listed-montreal-westie-fest-unconfirmed,wsdc_calendar,review series identity",[2024]
[],Mooseland Swing 2024 (Trial Event),"[""snap_20260913T055309Z_e2e9db9abb1c""]","Mooseland Swing 2024 (Trial Event),listed-mooseland-swing-trial-event,wsdc_calendar,review series identity",[2024]
[],Moscow Christmas Swing Dance Camp,"[""snap_20260913T050733Z_35c526f5b7e9""]","Moscow Christmas Swing Dance Camp,listed-moscow-christmas-swing-dance-camp,swingdancecouncil,review series identity",[2015]
[],Moscow Open,"[""snap_20260913T052353Z_ca327a4a9b2a""]","Moscow Open,listed-moscow-open,wsdc_calendar,review series identity",[2018]
[],Moscow Westie Fest (Unconfirmed),"[""snap_20260913T055353Z_2f7c24378244""]","Moscow Westie Fest (Unconfirmed),listed-moscow-westie-fest-unconfirmed,wsdc_calendar,review series identity",[2024]
[],Moscow Xmas Swing Dance Camp,"[""snap_20260913T051004Z_e0f6b15c7de4""]","Moscow Xmas Swing Dance Camp,listed-moscow-xmas-swing-dance-camp,swingdancecouncil,review series identity",[2016]
[],Mountain Magic (Cancelled due to Covid-19),"[""snap_20260913T052653Z_4309094e8fb4""]","Mountain Magic (Cancelled due to Covid-19),listed-mountain-magic-cancelled-due-to-covid-19,wsdc_calendar,review series identity",[2021]
[],Mountain Magic Dance Convention (Unconfirmed),"[""snap_20260913T055241Z_d374c58b5248""]","Mountain Magic Dance Convention (Unconfirmed),listed-mountain-magic-dance-convention-unconfirmed,wsdc_calendar,review series identity",[2024]
[],Mountain Magic Dance Convention 2020 (Cancelled due to Covid-19),"[""snap_20260913T052653Z_4309094e8fb4""]","Mountain Magic Dance Convention 2020 (Cancelled due to Covid-19),listed-mountain-magic-dance-convention-cancelled-due-to-covid-19,wsdc_calendar,review series identity",[2020]
[],Munich Bachata Fest 2023,"[""snap_20260910T061112Z_795d91204e10""]","Munich Bachata Fest 2023,listed-munich-bachata-fest,scoringdance,review series identity",[2023]
[],Munich Bachata Fest 2025,"[""snap_20260910T053825Z_42442219a3b3""]","Munich Bachata Fest 2025,listed-munich-bachata-fest,scoringdance,review series identity",[2025]
[],Munich Bachata Fest 2026,"[""snap_20260910T060142Z_d2c960cf644c""]","Munich Bachata Fest 2026,listed-munich-bachata-fest,scoringdance,review series identity",[2026]
[],Municorn Swing (Canceled due to Covid-19),"[""snap_20260913T052753Z_9fefc779c3b2""]","Municorn Swing (Canceled due to Covid-19),listed-municorn-swing-canceled-due-to-covid-19,wsdc_calendar,review series identity",[2023]
[],Municorn Swing (Cancelled due to Covid-19),"[""snap_20260913T052653Z_4309094e8fb4""]","Municorn Swing (Cancelled due to Covid-19),listed-municorn-swing-cancelled-due-to-covid-19,wsdc_calendar,review series identity","[2021, 2022]"
[],Municorn Swing (Unconfirmed),"[""snap_20260913T055411Z_037bc2fb7478""]","Municorn Swing (Unconfirmed),listed-municorn-swing-unconfirmed,wsdc_calendar,review series identity",[2025]
[],Music City Swing Dance Championships,"[""snap_20260913T050433Z_b749ee48056f""]","Music City Swing Dance Championships,listed-music-city-swing-dance-championships,swingdancecouncil,review series identity",[2010]
[],N:XT LEVEL SWING 2025,"[""snap_20260910T061037Z_da86147fd3de""]","N:XT LEVEL SWING 2025,listed-n-xt-level-swing,scoringdance,review series identity",[2025]
[],NE Dance Festival,"[""snap_20260909T150512Z_694f97493af0""]","NE Dance Festival,listed-ne-dance-festival,eepro,review series identity",[2025]
[],NJ Hustle Congress,"[""snap_20260909T150512Z_694f97493af0""]","NJ Hustle Congress,listed-nj-hustle-congress,eepro,review series identity","[2025, 2026]"
[],NORDIC WCS CHAMP,"[""snap_20260913T052940Z_0177184cf9eb""]","NORDIC WCS CHAMP,listed-nordic-wcs-champ,wsdc_newsletter,review series identity",[2017]
[],NRW United Bachata Festival 2025,"[""snap_20260910T060820Z_8b419222e962""]","NRW United Bachata Festival 2025,listed-nrw-united-bachata-festival,scoringdance,review series identity",[2025]
[],NSW CMJ WEST COAST SWING DANCE CHAMPIONSHIPS,"[""snap_20260913T035045Z_008aaf4c6933""]","NSW CMJ WEST COAST SWING DANCE CHAMPIONSHIPS,listed-nsw-cmj-west-coast-swing-dance-championships,wsdc_newsletter,review series identity",[2018]
[],NSW WCS DANCE CHAMPIONSHIPS,"[""snap_20260913T053000Z_11d8e6dbdaab""]","NSW WCS DANCE CHAMPIONSHIPS,listed-nsw-wcs-dance-championships,wsdc_newsletter,review series identity",[2019]
[],Neverland Swing (Cancelled due to Covid-19),"[""snap_20260913T052653Z_4309094e8fb4""]","Neverland Swing (Cancelled due to Covid-19),listed-neverland-swing-cancelled-due-to-covid-19,wsdc_calendar,review series identity",[2020]
[],Neverland Swing (Unconfirmed),"[""snap_20260913T055241Z_d374c58b5248""]","Neverland Swing (Unconfirmed),listed-neverland-swing-unconfirmed,wsdc_calendar,review series identity",[2024]
[],New England Dance Festival (Cancelled due to Covid-19),"[""snap_20260913T052314Z_cd0f43b0da24"", ""snap_20260913T052653Z_4309094e8fb4""]","New England Dance Festival (Cancelled due to Covid-19),listed-new-england-dance-festival-cancelled-due-to-covid-19,wsdc_calendar,review series identity","[2020, 2021]"
[],New England Dance Festival (Unconfirmed),"[""snap_20260913T052844Z_b95ece79a3ac"", ""snap_20260913T055220Z_d77aed35c78d"", ""snap_20260913T055402Z_7d4968c3ecb5""]","New England Dance Festival (Unconfirmed),listed-new-england-dance-festival-unconfirmed,wsdc_calendar,review series identity","[2023, 2024, 2025]"
[],New Year's Dance Extravaganaza,"[""snap_20260913T050733Z_35c526f5b7e9"", ""snap_20260913T050803Z_89757c41ead1"", ""snap_20260913T051004Z_e0f6b15c7de4"", ""snap_20260913T051023Z_de41000bfa60""]","New Year's Dance Extravaganaza,listed-new-year-s-dance-extravaganaza,swingdancecouncil,review series identity","[2014, 2015, 2016]"
[],New Year's Swing Fling (Unconfirmed),"[""snap_20260913T052844Z_b95ece79a3ac"", ""snap_20260913T055353Z_2f7c24378244""]","New Year's Swing Fling (Unconfirmed),listed-new-year-s-swing-fling-unconfirmed,wsdc_calendar,review series identity","[2023, 2024]"
[],New Year's Swing Fling 2020 (Cancelled due to Covid-19),"[""snap_20260913T052653Z_4309094e8fb4""]","New Year's Swing Fling 2020 (Cancelled due to Covid-19),listed-new-year-s-swing-fling-cancelled-due-to-covid-19,wsdc_calendar,review series identity",[2021]
[],New Years Dance Extravaganza,"[""snap_20260913T050603Z_94f4a330dd97""]","New Years Dance Extravaganza,listed-new-years-dance-extravaganza,swingdancecouncil,review series identity","[2011, 2012]"
[],New Years Dancin Eve,"[""snap_20260913T050433Z_b749ee48056f"", ""snap_20260913T050503Z_1dc9d7a88150"", ""snap_20260913T050523Z_599faad414ce""]","New Years Dancin Eve,listed-new-years-dancin-eve,swingdancecouncil,review series identity","[2010, 2011]"
[],New Years Swing Dance Classic,"[""snap_20260913T051644Z_dd7f13d8db52""]","New Years Swing Dance Classic,listed-new-years-swing-dance-classic,wsdc_calendar,review series identity",[2020]
[],New Zealand Open (Unconfirmed),"[""snap_20260913T055220Z_d77aed35c78d""]","New Zealand Open (Unconfirmed),listed-new-zealand-open-unconfirmed,wsdc_calendar,review series identity",[2024]
[],Nordic Bachata Congress 2025,"[""snap_20260910T054259Z_4805ef397844""]","Nordic Bachata Congress 2025,listed-nordic-bachata-congress,scoringdance,review series identity",[2025]
[],Nordic WCS Champ's,"[""snap_20260913T051023Z_de41000bfa60""]","Nordic WCS Champ's,listed-nordic-wcs-champ-s,swingdancecouncil,review series identity",[2016]
[],"Nordic WCS Champ's (Formerly ""Spring Swing"")","[""snap_20260913T050803Z_89757c41ead1""]","Nordic WCS Champ's (Formerly ""Spring Swing""),listed-nordic-wcs-champ-s-formerly-spring-swing,swingdancecouncil,review series identity",[2015]
[],Nordic WCS Championships (Cancelled due to Corona Virus),"[""snap_20260913T052653Z_4309094e8fb4""]","Nordic WCS Championships (Cancelled due to Corona Virus),listed-nordic-wcs-championships-cancelled-due-to-corona-virus,wsdc_calendar,review series identity",[2020]
[],Nordic WCS Championships (Unconfirmed),"[""snap_20260913T055241Z_d374c58b5248""]","Nordic WCS Championships (Unconfirmed),listed-nordic-wcs-championships-unconfirmed,wsdc_calendar,review series identity",[2024]
[],Normandie On West,"[""snap_20260910T060440Z_0528f9c34bc7""]","Normandie On West,listed-normandie-on-west,scoringdance,review series identity",[2022]
[],Northeast Swing Clasic,"[""snap_20260909T150512Z_694f97493af0""]","Northeast Swing Clasic,listed-northeast-swing-clasic,eepro,review series identity",[2025]
[],Norway Westie Fest (Cancelled due to Covid-19),"[""snap_20260913T052653Z_4309094e8fb4"", ""snap_20260913T052703Z_1e8fae7d6c53""]","Norway Westie Fest (Cancelled due to Covid-19),listed-norway-westie-fest-cancelled-due-to-covid-19,wsdc_calendar,review series identity","[2020, 2021, 2022]"
[],Norway Westie Fest (Unconfirmed),"[""snap_20260913T052844Z_b95ece79a3ac"", ""snap_20260913T055258Z_9e85bd42b4ea""]","Norway Westie Fest (Unconfirmed),listed-norway-westie-fest-unconfirmed,wsdc_calendar,review series identity","[2023, 2024]"
[],Norwegian Open 2025,"[""snap_20260910T063523Z_e7ae47117066""]","Norwegian Open 2025,listed-norwegian-open,scoringdance,review series identity",[2025]
[],Novice Invitational (Cancelled due to Coronavirus),"[""snap_20260913T052653Z_4309094e8fb4""]","Novice Invitational (Cancelled due to Coronavirus),listed-novice-invitational-cancelled-due-to-coronavirus,wsdc_calendar,review series identity",[2020]
[],Novice Invitational (Cancelled due to Covid-19),"[""snap_20260913T052653Z_4309094e8fb4""]","Novice Invitational (Cancelled due to Covid-19),listed-novice-invitational-cancelled-due-to-covid-19,wsdc_calendar,review series identity",[2021]
[],Odyssey West Coast Swing (Unconfirmed),"[""snap_20260913T055241Z_d374c58b5248"", ""snap_20260913T055430Z_17be191620ce""]","Odyssey West Coast Swing (Unconfirmed),listed-odyssey-west-coast-swing-unconfirmed,wsdc_calendar,review series identity","[2024, 2025]"
[],Orange Blossom,"[""snap_20260909T150512Z_694f97493af0""]","Orange Blossom,listed-orange-blossom,eepro,review series identity","[2025, 2026]"
[],Orange Blossom Dance Festival (Cancelled due to Covid-19),"[""snap_20260913T052653Z_4309094e8fb4""]","Orange Blossom Dance Festival (Cancelled due to Covid-19),listed-orange-blossom-dance-festival-cancelled-due-to-covid-19,wsdc_calendar,review series identity",[2020]
[],Orange Blossom Dance Festival (Unconfirmed),"[""snap_20260913T055430Z_17be191620ce""]","Orange Blossom Dance Festival (Unconfirmed),listed-orange-blossom-dance-festival-unconfirmed,wsdc_calendar,review series identity",[2025]
[],PALM SPRINGS NEW YEAR’S WEST COAST SWING AND HUSTLE DANCE CLASSIC,"[""snap_20260913T052950Z_43d0406b9025"", ""snap_20260913T053204Z_ea0a1cfa6f68"", ""snap_20260913T053253Z_e19d60bb1ba4""]","PALM SPRINGS NEW YEAR’S WEST COAST SWING AND HUSTLE DANCE CLASSIC,listed-palm-springs-new-year-s-west-coast-swing-and-hustle-dance-classic,wsdc_newsletter,review series identity","[2018, 2019, 2020]"
[],PARADISE COUNTRY & SWING FESTIVAL,"[""snap_20260913T052950Z_43d0406b9025""]","PARADISE COUNTRY & SWING FESTIVAL,listed-paradise-country-swing-festival,wsdc_newsletter,review series identity",[2017]
"[""wsdc-272"", ""wsdc-307""]",PARIS WESTIE FEST,"[""snap_20260913T052910Z_44c788523cf4"", ""snap_20260913T052930Z_9938b86a7094"", ""snap_20260913T053010Z_478d7ddb5edd"", ""snap_20260913T053303Z_220a0f22f0f6""]","PARIS WESTIE FEST,listed-paris-westie-fest,wsdc_newsletter,review series identity","[2017, 2018, 2019, 2020]"
[],PHILLY SWING CLASSIC (Cancelled due to Covid-19),"[""snap_20260913T052653Z_4309094e8fb4""]","PHILLY SWING CLASSIC (Cancelled due to Covid-19),listed-philly-swing-classic-cancelled-due-to-covid-19,wsdc_calendar,review series identity",[2020]
[],Palm Springs New Year's Swing Classic & Dance Camp,"[""snap_20260913T050733Z_35c526f5b7e9"", ""snap_20260913T051004Z_e0f6b15c7de4"", ""snap_20260913T051023Z_de41000bfa60"", ""snap_20260913T051054Z_b7d1cb375244""]","Palm Springs New Year's Swing Classic & Dance Camp,listed-palm-springs-new-year-s-swing-classic-dance-camp,swingdancecouncil,review series identity","[2014, 2015, 2016, 2017]"
[],Palm Springs New Year's Swingin' Dance Camp,"[""snap_20260913T050503Z_1dc9d7a88150"", ""snap_20260913T050603Z_94f4a330dd97"", ""snap_20260913T050713Z_532a13011352"", ""snap_20260913T050724Z_6ddaacedd7ed""]","Palm Springs New Year's Swingin' Dance Camp,listed-palm-springs-new-year-s-swingin-dance-camp,swingdancecouncil,review series identity","[2010, 2011, 2013, 2014]"
[],Palm Springs Swing Dance Classic / Summer Dance Camp,"[""snap_20260913T050503Z_1dc9d7a88150"", ""snap_20260913T050523Z_599faad414ce""]","Palm Springs Swing Dance Classic / Summer Dance Camp,listed-palm-springs-swing-dance-classic-summer-dance-camp,swingdancecouncil,review series identity","[2010, 2011]"
[],Palm Springs Swingin' Summer Dance Camp,"[""snap_20260913T050643Z_3b5c53c6d4d5"", ""snap_20260913T050713Z_532a13011352"", ""snap_20260913T050724Z_6ddaacedd7ed""]","Palm Springs Swingin' Summer Dance Camp,listed-palm-springs-swingin-summer-dance-camp,swingdancecouncil,review series identity","[2012, 2013, 2014]"
[],Paradise Country Dance Festival (Cancelled due to Covid-19),"[""snap_20260913T052653Z_4309094e8fb4""]","Paradise Country Dance Festival (Cancelled due to Covid-19),listed-paradise-country-dance-festival-cancelled-due-to-covid-19,wsdc_calendar,review series identity",[2021]
[],Paradise Dance Festival (Unconfirmed),"[""snap_20260913T055353Z_2f7c24378244""]","Paradise Dance Festival (Unconfirmed),listed-paradise-dance-festival-unconfirmed,wsdc_calendar,review series identity",[2024]
[],Paris Spring Classic,"[""snap_20260913T053435Z_ed5072b4dea1""]","Paris Spring Classic,listed-paris-spring-classic,wsdc_newsletter,review series identity",[2024]
[],Paris Swing Classic (Cancelled due to Covid-19),"[""snap_20260913T052653Z_4309094e8fb4""]","Paris Swing Classic (Cancelled due to Covid-19),listed-paris-swing-classic-cancelled-due-to-covid-19,wsdc_calendar,review series identity",[2022]
[],Philly Swing Classic (Unconfirmed),"[""snap_20260913T055220Z_d77aed35c78d""]","Philly Swing Classic (Unconfirmed),listed-philly-swing-classic-unconfirmed,wsdc_calendar,review series identity",[2024]
[],Phoenix 4th of July (Cancelled due to Covid-19),"[""snap_20260913T052653Z_4309094e8fb4""]","Phoenix 4th of July (Cancelled due to Covid-19),listed-phoenix-of-july-cancelled-due-to-covid-19,wsdc_calendar,review series identity","[2020, 2021]"
[],Portland Dance Festival (Cancelled due to Covid-19),"[""snap_20260913T052653Z_4309094e8fb4""]","Portland Dance Festival (Cancelled due to Covid-19),listed-portland-dance-festival-cancelled-due-to-covid-19,wsdc_calendar,review series identity",[2020]
[],Portland Dance Festival (Unconfirmed),"[""snap_20260913T052834Z_980218abecff""]","Portland Dance Festival (Unconfirmed),listed-portland-dance-festival-unconfirmed,wsdc_calendar,review series identity",[2024]
[],Pure Bachata - Role Rotation Weekend Cologne 2024,"[""snap_20260910T060109Z_3bfbf7722d67""]","Pure Bachata - Role Rotation Weekend Cologne 2024,listed-pure-bachata-role-rotation-weekend-cologne,scoringdance,review series identity",[2024]
[],Pure Bachata - Role Rotation Weekend Cologne 2026,"[""snap_20260910T063433Z_fb2427859294""]","Pure Bachata - Role Rotation Weekend Cologne 2026,listed-pure-bachata-role-rotation-weekend-cologne,scoringdance,review series identity",[2026]
[],Pure Bachata - Urban Fusion Festival 2025,"[""snap_20260910T060227Z_fc8a97b06b43""]","Pure Bachata - Urban Fusion Festival 2025,listed-pure-bachata-urban-fusion-festival,scoringdance,review series identity",[2025]
[],Pure Bachata Summer Festival (Bachata World Cup Geneva 2026 Qualifiers Event – Germany),"[""snap_20260910T054103Z_c2a9b4454df1""]","Pure Bachata Summer Festival (Bachata World Cup Geneva 2026 Qualifiers Event – Germany),listed-pure-bachata-summer-festival-bachata-world-cup-geneva-qualifiers-event-germany,scoringdance,review series identity",[2025]
[],Pure Bachata Summer Festival Cologne,"[""snap_20260910T032911Z_34e948f7fea1""]","Pure Bachata Summer Festival Cologne,listed-pure-bachata-summer-festival-cologne,scoringdance,review series identity",[2018]
[],Pure Bachata Winter Festival 2024,"[""snap_20260910T053359Z_5fdf844ca712""]","Pure Bachata Winter Festival 2024,listed-pure-bachata-winter-festival,scoringdance,review series identity",[2024]
[],Pure Bachata Winter Festival 2025,"[""snap_20260910T063628Z_882f121da579""]","Pure Bachata Winter Festival 2025,listed-pure-bachata-winter-festival,scoringdance,review series identity",[2025]
[],Retaliation Swing (Trial Event),"[""snap_20260913T055309Z_e2e9db9abb1c""]","Retaliation Swing (Trial Event),listed-retaliation-swing-trial-event,wsdc_calendar,review series identity",[2024]
[],Riga Summer Swing (Cancelled due to Covid-19),"[""snap_20260913T052653Z_4309094e8fb4""]","Riga Summer Swing (Cancelled due to Covid-19),listed-riga-summer-swing-cancelled-due-to-covid-19,wsdc_calendar,review series identity","[2020, 2021]"
[],Riga Summer Swing (On Hiatus due to War in Ukraine),"[""snap_20260913T052844Z_b95ece79a3ac""]","Riga Summer Swing (On Hiatus due to War in Ukraine),listed-riga-summer-swing-due-to-war-in-ukraine,wsdc_calendar,review series identity",[2023]
[],Riga Summer Swing (Unconfirmed),"[""snap_20260913T052834Z_980218abecff"", ""snap_20260913T055430Z_17be191620ce""]","Riga Summer Swing (Unconfirmed),listed-riga-summer-swing-unconfirmed,wsdc_calendar,review series identity","[2023, 2025]"
[],Rija Summer Swing,"[""snap_20260913T051234Z_f0158d065885""]","Rija Summer Swing,listed-rija-summer-swing,wsdc_calendar,review series identity",[2017]
[],River City Swing (Cancelled due to Covid-19),"[""snap_20260913T052653Z_4309094e8fb4""]","River City Swing (Cancelled due to Covid-19),listed-river-city-swing-cancelled-due-to-covid-19,wsdc_calendar,review series identity","[2020, 2021]"
[],River City Swing (Unconfirmed),"[""snap_20260913T055220Z_d77aed35c78d""]","River City Swing (Unconfirmed),listed-river-city-swing-unconfirmed,wsdc_calendar,review series identity",[2024]
[],RiverSwingNights,"[""de51b1e142624d9a854864ae05264d1b""]","RiverSwingNights,listed-riverswingnights,wsdc_calendar,review series identity",[2026]
[],Rock The Barn (Cancelled due to Covid-19),"[""snap_20260913T052653Z_4309094e8fb4""]","Rock The Barn (Cancelled due to Covid-19),listed-rock-the-barn-cancelled-due-to-covid-19,wsdc_calendar,review series identity",[2021]
[],Rock the Barn (Cancelled due to Covid-19),"[""snap_20260913T052653Z_4309094e8fb4""]","Rock the Barn (Cancelled due to Covid-19),listed-rock-the-barn-cancelled-due-to-covid-19,wsdc_calendar,review series identity",[2020]
[],Rolling Swing (Unconfirmed),"[""snap_20260913T055241Z_d374c58b5248""]","Rolling Swing (Unconfirmed),listed-rolling-swing-unconfirmed,wsdc_calendar,review series identity",[2024]
[],Rose City Swing (Cancelled due to Covid-19),"[""snap_20260913T052653Z_4309094e8fb4""]","Rose City Swing (Cancelled due to Covid-19),listed-rose-city-swing-cancelled-due-to-covid-19,wsdc_calendar,review series identity",[2021]
[],Russian Open WCS Championship 2020 (Cancelled due to Coronavirus),"[""snap_20260913T052653Z_4309094e8fb4""]","Russian Open WCS Championship 2020 (Cancelled due to Coronavirus),listed-russian-open-wcs-championship-cancelled-due-to-coronavirus,wsdc_calendar,review series identity",[2020]
[],S.O.Swing,"[""snap_20260913T050713Z_532a13011352"", ""snap_20260913T050724Z_6ddaacedd7ed""]","S.O.Swing,listed-s-o-swing,swingdancecouncil,review series identity","[2013, 2014]"
[],SASS,"[""snap_20260909T150512Z_694f97493af0""]","SASS,listed-sass,eepro,review series identity",[2025]
[],SCOTTISH SWING CLASSIC,"[""snap_20260913T035045Z_008aaf4c6933"", ""snap_20260913T053000Z_11d8e6dbdaab""]","SCOTTISH SWING CLASSIC,listed-scottish-swing-classic,wsdc_newsletter,review series identity","[2018, 2019]"
[],SEA Q-FEST (Unconfirmed),"[""snap_20260913T055220Z_d77aed35c78d""]","SEA Q-FEST (Unconfirmed),listed-sea-q-fest-unconfirmed,wsdc_calendar,review series identity",[2024]
"[""wsdc-325"", ""wsdc-330""]",SIMPLY ADELAIDE WEST COAST SWING,"[""snap_20260913T053204Z_ea0a1cfa6f68""]","SIMPLY ADELAIDE WEST COAST SWING,listed-simply-adelaide-west-coast-swing,wsdc_newsletter,review series identity",[2019]
[],SOM - Swing of Music (Trial Event),"[""snap_20260913T055241Z_d374c58b5248""]","SOM - Swing of Music (Trial Event),listed-som-swing-of-music-trial-event,wsdc_calendar,review series identity",[2024]
[],SOSWING CONVENTION,"[""snap_20260913T035045Z_008aaf4c6933"", ""snap_20260913T052940Z_0177184cf9eb"", ""snap_20260913T053000Z_11d8e6dbdaab""]","SOSWING CONVENTION,listed-soswing-convention,wsdc_newsletter,review series identity","[2017, 2018, 2019]"
[],SOSwing Convention,"[""snap_20260913T051023Z_de41000bfa60""]","SOSwing Convention,listed-soswing-convention,swingdancecouncil,review series identity",[2016]
[],SOswing (Cancelled due to Coronavirus),"[""snap_20260913T052653Z_4309094e8fb4""]","SOswing (Cancelled due to Coronavirus),listed-soswing-cancelled-due-to-coronavirus,wsdc_calendar,review series identity","[2020, 2021]"
[],SOswing Convention,"[""snap_20260913T053450Z_ce3c79f4aa99""]","SOswing Convention,listed-soswing-convention,wsdc_newsletter,review series identity",[2023]
[],SOswing Convention 2024,"[""snap_20260910T053621Z_8249c7aa0b85""]","SOswing Convention 2024,listed-soswing-convention,scoringdance,review series identity",[2024]
[],SOswing Convention 2025,"[""snap_20260910T060257Z_bed8a86fd55d""]","SOswing Convention 2025,listed-soswing-convention,scoringdance,review series identity",[2025]
[],SOswing Convention 2026,"[""snap_20260910T060440Z_f5d00de4b9e1""]","SOswing Convention 2026,listed-soswing-convention,scoringdance,review series identity",[2026]
[],SPOTLIGHT DANCE CELEBRATION,"[""snap_20260913T052910Z_44c788523cf4""]","SPOTLIGHT DANCE CELEBRATION,listed-spotlight-dance-celebration,wsdc_newsletter,review series identity",[2017]
[],SSAS- Spooky Albany Swing Spectacular,"[""snap_20260913T055430Z_17be191620ce""]","SSAS- Spooky Albany Swing Spectacular,listed-ssas-spooky-albany-swing-spectacular,wsdc_calendar,review series identity",[2025]
[],SUMMER HUMMER (NASDE),"[""snap_20260913T052919Z_08ef5aac2666"", ""snap_20260913T053153Z_b3d4d7e4936b"", ""snap_20260913T053243Z_3347ef6a3141""]","SUMMER HUMMER (NASDE),listed-summer-hummer-nasde,wsdc_newsletter,review series identity","[2017, 2018, 2019]"
"[""wsdc-321"", ""wsdc-331""]",SWING FICTION,"[""snap_20260913T053000Z_11d8e6dbdaab""]","SWING FICTION,listed-swing-fiction,wsdc_newsletter,review series identity",[2019]
[],SWINGAPALOOZA (Unconfirmed),"[""snap_20260913T055402Z_7d4968c3ecb5""]","SWINGAPALOOZA (Unconfirmed),listed-swingapalooza-unconfirmed,wsdc_calendar,review series identity",[2025]
[],SWINGDIEGO (NASDE),"[""snap_20260913T035045Z_008aaf4c6933"", ""snap_20260913T052940Z_0177184cf9eb"", ""snap_20260913T053000Z_11d8e6dbdaab""]","SWINGDIEGO (NASDE),listed-swingdiego-nasde,wsdc_newsletter,review series identity","[2017, 2018, 2019]"
[],SWINGIN,"[""snap_20260913T052940Z_0177184cf9eb""]","SWINGIN,listed-swingin,wsdc_newsletter,review series identity",[2017]
[],SWINGTIME IN THE ROCKIES (NASDE),"[""snap_20260913T052919Z_08ef5aac2666""]","SWINGTIME IN THE ROCKIES (NASDE),listed-swingtime-in-the-rockies-nasde,wsdc_newsletter,review series identity",[2017]
[],Saint Petersburg WCS Nights (Cancelled due to Covid-19),"[""snap_20260913T052653Z_4309094e8fb4""]","Saint Petersburg WCS Nights (Cancelled due to Covid-19),listed-saint-petersburg-wcs-nights-cancelled-due-to-covid-19,wsdc_calendar,review series identity",[2020]
[],San Diego Dance Festival  (Cancelled due to Covid-19),"[""snap_20260913T052653Z_4309094e8fb4""]","San Diego Dance Festival  (Cancelled due to Covid-19),listed-san-diego-dance-festival-cancelled-due-to-covid-19,wsdc_calendar,review series identity",[2022]
[],San Diego Dance Festival (Cancelled due to Coronavirus),"[""snap_20260913T052653Z_4309094e8fb4""]","San Diego Dance Festival (Cancelled due to Coronavirus),listed-san-diego-dance-festival-cancelled-due-to-coronavirus,wsdc_calendar,review series identity",[2020]
[],San Diego Dance Festival (Cancelled due to Covid-19),"[""snap_20260913T052653Z_4309094e8fb4""]","San Diego Dance Festival (Cancelled due to Covid-19),listed-san-diego-dance-festival-cancelled-due-to-covid-19,wsdc_calendar,review series identity",[2021]
[],San Diego Dance Festival (Unconfirmed),"[""snap_20260913T055430Z_17be191620ce""]","San Diego Dance Festival (Unconfirmed),listed-san-diego-dance-festival-unconfirmed,wsdc_calendar,review series identity",[2025]
[],SaunaSwing (Unconfirmed),"[""snap_20260913T055430Z_17be191620ce""]","SaunaSwing (Unconfirmed),listed-saunaswing-unconfirmed,wsdc_calendar,review series identity",[2025]
[],Scandinavian Open 2025 [SNOW],"[""snap_20260910T063122Z_30396944a079""]","Scandinavian Open 2025 [SNOW],listed-scandinavian-open-snow,scoringdance,review series identity",[2025]
[],"Scandinavian Open WCS ""SNOW"" (Unconfirmed)","[""snap_20260913T055220Z_d77aed35c78d""]","Scandinavian Open WCS ""SNOW"" (Unconfirmed),listed-scandinavian-open-wcs-snow-unconfirmed,wsdc_calendar,review series identity",[2024]
[],Scandinavian Open WCS (Cancelled due to Covid-19),"[""snap_20260913T052653Z_4309094e8fb4""]","Scandinavian Open WCS (Cancelled due to Covid-19),listed-scandinavian-open-wcs-cancelled-due-to-covid-19,wsdc_calendar,review series identity",[2021]
[],Scandinavian Open WCS (Unconfirmed),"[""snap_20260913T052834Z_980218abecff""]","Scandinavian Open WCS (Unconfirmed),listed-scandinavian-open-wcs-unconfirmed,wsdc_calendar,review series identity",[2023]
[],Scottish Swing Classic (Cancelled due to Coronavirus),"[""snap_20260913T052653Z_4309094e8fb4""]","Scottish Swing Classic (Cancelled due to Coronavirus),listed-scottish-swing-classic-cancelled-due-to-coronavirus,wsdc_calendar,review series identity",[2020]
[],Scottish Swing Classic (Unconfirmed),"[""snap_20260913T052844Z_b95ece79a3ac""]","Scottish Swing Classic (Unconfirmed),listed-scottish-swing-classic-unconfirmed,wsdc_calendar,review series identity",[2023]
[],Scottish Swing Classic *,"[""snap_20260913T053450Z_ce3c79f4aa99""]","Scottish Swing Classic *,listed-scottish-swing-classic,wsdc_newsletter,review series identity",[2023]
[],Sea Q-Fest,"[""snap_20260913T053443Z_bf5de4bbd205"", ""snap_20260913T053454Z_10de9e3a897e""]","Sea Q-Fest,listed-sea-q-fest,wsdc_newsletter,review series identity","[2023, 2024]"
[],Sea Sun & Swing Camp (Hiatus in 2025),"[""snap_20260913T055430Z_17be191620ce""]","Sea Sun & Swing Camp (Hiatus in 2025),listed-sea-sun-swing-camp-in,wsdc_calendar,review series identity",[2025]
[],Sea Sun & Swing Camp (Unconfirmed),"[""snap_20260913T055411Z_037bc2fb7478""]","Sea Sun & Swing Camp (Unconfirmed),listed-sea-sun-swing-camp-unconfirmed,wsdc_calendar,review series identity",[2025]
[],Sea Sun and Swing (Cancelled due to Covid-19),"[""snap_20260913T052653Z_4309094e8fb4""]","Sea Sun and Swing (Cancelled due to Covid-19),listed-sea-sun-and-swing-cancelled-due-to-covid-19,wsdc_calendar,review series identity",[2021]
[],Sea to Sky (Cancelled due to Covid-19),"[""snap_20260913T052653Z_4309094e8fb4""]","Sea to Sky (Cancelled due to Covid-19),listed-sea-to-sky-cancelled-due-to-covid-19,wsdc_calendar,review series identity",[2020]
[],Sea to Sky Seattle WCS (Unconfirmed),"[""snap_20260913T055241Z_d374c58b5248""]","Sea to Sky Seattle WCS (Unconfirmed),listed-sea-to-sky-seattle-wcs-unconfirmed,wsdc_calendar,review series identity",[2024]
[],SeaToSky West Coast Swing Championships,"[""snap_20260913T050503Z_1dc9d7a88150""]","SeaToSky West Coast Swing Championships,listed-seatosky-west-coast-swing-championships,swingdancecouncil,review series identity",[2010]
[],SeaToSky West Coast Swing Dance Champ's,"[""snap_20260913T050533Z_9b70788c5a8a"", ""snap_20260913T050603Z_94f4a330dd97"", ""snap_20260913T050703Z_0dc4bfe1a4a1""]","SeaToSky West Coast Swing Dance Champ's,listed-seatosky-west-coast-swing-dance-champ-s,swingdancecouncil,review series identity","[2011, 2012]"
[],Seattle Easter Swing,"[""snap_20260913T050503Z_1dc9d7a88150"", ""snap_20260913T050613Z_a7106c385749"", ""snap_20260913T050713Z_532a13011352"", ""snap_20260913T050724Z_6ddaacedd7ed"", ""snap_20260913T050803Z_89757c41ead1"", ""snap_20260913T051023Z_de41000bfa60""]","Seattle Easter Swing,listed-seattle-easter-swing,swingdancecouncil,review series identity","[2010, 2012, 2013, 2014, 2015, 2016]"
[],Shakedown Swing  (Cancelled due to Covid-19),"[""snap_20260913T052653Z_4309094e8fb4""]","Shakedown Swing  (Cancelled due to Covid-19),listed-shakedown-swing-cancelled-due-to-covid-19,wsdc_calendar,review series identity",[2020]
[],Shakedown Swing (Unconfirmed),"[""snap_20260913T055220Z_d77aed35c78d"", ""snap_20260913T055430Z_17be191620ce""]","Shakedown Swing (Unconfirmed),listed-shakedown-swing-unconfirmed,wsdc_calendar,review series identity","[2024, 2025]"
[],Shooba Dooba Swing (Unconfirmed),"[""snap_20260913T052844Z_b95ece79a3ac"", ""snap_20260913T055339Z_5308cf7b884e""]","Shooba Dooba Swing (Unconfirmed),listed-shooba-dooba-swing-unconfirmed,wsdc_calendar,review series identity","[2023, 2024]"
[],Show Me Showdown (Cancelled due to Coronavirus),"[""snap_20260913T052653Z_4309094e8fb4""]","Show Me Showdown (Cancelled due to Coronavirus),listed-show-me-showdown-cancelled-due-to-coronavirus,wsdc_calendar,review series identity",[2020]
[],Show Me Showdown (Unconfirmed),"[""snap_20260913T052844Z_b95ece79a3ac"", ""snap_20260913T055430Z_17be191620ce""]","Show Me Showdown (Unconfirmed),listed-show-me-showdown-unconfirmed,wsdc_calendar,review series identity","[2023, 2025]"
[],ShowMe Showdown,"[""snap_20260913T055241Z_d374c58b5248""]","ShowMe Showdown,listed-showme-showdown,wsdc_calendar,review series identity",[2024]
[],Simply Adelaide,"[""snap_20260913T053303Z_220a0f22f0f6""]","Simply Adelaide,listed-simply-adelaide,wsdc_newsletter,review series identity",[2020]
[],Simply Adelaide WCS,"[""snap_20260913T053454Z_10de9e3a897e""]","Simply Adelaide WCS,listed-simply-adelaide-wcs,wsdc_newsletter,review series identity",[2023]
"[""wsdc-325"", ""wsdc-330""]",Simply Adelaide West Coast Swing,"[""de51b1e142624d9a854864ae05264d1b"", ""snap_20260913T052653Z_4309094e8fb4"", ""snap_20260913T055430Z_17be191620ce""]","Simply Adelaide West Coast Swing,listed-simply-adelaide-west-coast-swing,wsdc_calendar,review series identity","[2020, 2021, 2025, 2026]"
[],Simply Adelaide West Coast Swing (Trial),"[""snap_20260913T051644Z_dd7f13d8db52""]","Simply Adelaide West Coast Swing (Trial),listed-simply-adelaide-west-coast-swing-trial,wsdc_calendar,review series identity",[2019]
"[""wsdc-325"", ""wsdc-330""]",Simply Adelaide West Coast Swing 2023,"[""snap_20260913T052844Z_b95ece79a3ac""]","Simply Adelaide West Coast Swing 2023,listed-simply-adelaide-west-coast-swing,wsdc_calendar,review series identity",[2023]
[],Simply Adelaide West Coast Swing 2023 (Unconfirmed),"[""snap_20260913T055220Z_d77aed35c78d""]","Simply Adelaide West Coast Swing 2023 (Unconfirmed),listed-simply-adelaide-west-coast-swing-unconfirmed,wsdc_calendar,review series identity",[2024]
"[""wsdc-325"", ""wsdc-330""]",Simply Adelaide West Coast Swing 2024,"[""snap_20260913T055353Z_2f7c24378244""]","Simply Adelaide West Coast Swing 2024,listed-simply-adelaide-west-coast-swing,wsdc_calendar,review series identity",[2024]
"[""wsdc-325"", ""wsdc-330""]",Simply Adelaide west coast swing,"[""snap_20260913T053414Z_e2920d5d80be""]","Simply Adelaide west coast swing,listed-simply-adelaide-west-coast-swing,wsdc_newsletter,review series identity",[2022]
[],Slovenian Open (Trial Event),"[""snap_20260913T055241Z_d374c58b5248""]","Slovenian Open (Trial Event),listed-slovenian-open-trial-event,wsdc_calendar,review series identity",[2024]
[],Soul Flow - West Coast Swing Festival (Hiatus -- 2026),"[""de51b1e142624d9a854864ae05264d1b""]","Soul Flow - West Coast Swing Festival (Hiatus -- 2026),listed-soul-flow-west-coast-swing-festival,wsdc_calendar,review series identity",[2026]
[],South Bay Dance Fling (Unconfirmed),"[""snap_20260913T055430Z_17be191620ce""]","South Bay Dance Fling (Unconfirmed),listed-south-bay-dance-fling-unconfirmed,wsdc_calendar,review series identity",[2025]
[],South Westie Swing 2022,"[""snap_20260910T063227Z_c9ce662f41e2""]","South Westie Swing 2022,listed-south-westie-swing,scoringdance,review series identity",[2022]
[],Southern Oregon Swing,"[""snap_20260913T050553Z_63f77fe501d5"", ""snap_20260913T050623Z_d97f842d3cbc""]","Southern Oregon Swing,listed-southern-oregon-swing,swingdancecouncil,review series identity",[2012]
[],Spooky Westie Weekend (unconirmed),"[""snap_20260913T055241Z_d374c58b5248""]","Spooky Westie Weekend (unconirmed),listed-spooky-westie-weekend-unconirmed,wsdc_calendar,review series identity",[2024]
[],Spotlight Dance Celebration,"[""snap_20260913T050603Z_94f4a330dd97"", ""snap_20260913T050713Z_532a13011352"", ""snap_20260913T050724Z_6ddaacedd7ed"", ""snap_20260913T050733Z_35c526f5b7e9"", ""snap_20260913T051004Z_e0f6b15c7de4""]","Spotlight Dance Celebration,listed-spotlight-dance-celebration,swingdancecouncil,review series identity","[2011, 2012, 2013, 2014, 2016]"
[],Spotlight New Year's Celebration (Cancelled due to Covid-19),"[""snap_20260913T052054Z_f2004ad7080a"", ""snap_20260913T052653Z_4309094e8fb4""]","Spotlight New Year's Celebration (Cancelled due to Covid-19),listed-spotlight-new-year-s-celebration-cancelled-due-to-covid-19,wsdc_calendar,review series identity","[2020, 2022]"
[],Spring Fever,"[""snap_20260913T053450Z_ce3c79f4aa99""]","Spring Fever,listed-spring-fever,wsdc_newsletter,review series identity",[2023]
[],Spring Fever (Unconfirmed),"[""snap_20260913T055241Z_d374c58b5248""]","Spring Fever (Unconfirmed),listed-spring-fever-unconfirmed,wsdc_calendar,review series identity",[2024]
[],Spring Time Swing (Trial Event),"[""snap_20260913T055241Z_d374c58b5248""]","Spring Time Swing (Trial Event),listed-spring-time-swing-trial-event,wsdc_calendar,review series identity",[2024]
[],St.Petersburg WCS Nights (Unconfirmed),"[""snap_20260913T055220Z_d77aed35c78d""]","St.Petersburg WCS Nights (Unconfirmed),listed-st-petersburg-wcs-nights-unconfirmed,wsdc_calendar,review series identity",[2024]
[],Stockholm Sensusal Festival 2024,"[""snap_20260910T063252Z_4c9af20a8edc""]","Stockholm Sensusal Festival 2024,listed-stockholm-sensusal-festival,scoringdance,review series identity",[2024]
[],Summer Hummer (Cancelled due to Covid-19),"[""snap_20260913T052653Z_4309094e8fb4""]","Summer Hummer (Cancelled due to Covid-19),listed-summer-hummer-cancelled-due-to-covid-19,wsdc_calendar,review series identity","[2020, 2021, 2022]"
[],Summer Hummer (NASDE),"[""snap_20260913T053443Z_bf5de4bbd205""]","Summer Hummer (NASDE),listed-summer-hummer-nasde,wsdc_newsletter,review series identity",[2024]
[],Summer Hummer (Unconfirmed),"[""snap_20260913T055220Z_d77aed35c78d""]","Summer Hummer (Unconfirmed),listed-summer-hummer-unconfirmed,wsdc_calendar,review series identity",[2024]
"[""wsdc-191"", ""wsdc-230""]",Sunny Side Dance Camp,"[""snap_20260913T050703Z_0dc4bfe1a4a1"", ""snap_20260913T050724Z_6ddaacedd7ed"", ""snap_20260913T050843Z_ac31baa840e2"", ""snap_20260913T051023Z_de41000bfa60"", ""snap_20260913T051244Z_a3c08b0b73ee"", ""snap_20260913T051323Z_5eacfc6206a3""]","Sunny Side Dance Camp,listed-sunny-side-dance-camp,swingdancecouncil,review series identity","[2012, 2014, 2015, 2016, 2017]"
[],Swedish Swing Summer,"[""snap_20260913T050943Z_63c65573e873""]","Swedish Swing Summer,listed-swedish-swing-summer,swingdancecouncil,review series identity",[2016]
[],Swing,"[""snap_20260913T053243Z_3347ef6a3141""]","Swing,listed-swing,wsdc_newsletter,review series identity",[2019]
[],Swing & Country Challenge,"[""snap_20260913T050903Z_eeca76f57b94""]","Swing & Country Challenge,listed-swing-country-challenge,swingdancecouncil,review series identity",[2015]
[],Swing City Chicago (Cancelled due to Covid-19),"[""snap_20260913T052653Z_4309094e8fb4""]","Swing City Chicago (Cancelled due to Covid-19),listed-swing-city-chicago-cancelled-due-to-covid-19,wsdc_calendar,review series identity","[2020, 2021]"
[],Swing Crush Trial Event,"[""snap_20260913T055220Z_d77aed35c78d""]","Swing Crush Trial Event,listed-swing-crush-trial-event,wsdc_calendar,review series identity",[2024]
[],Swing Dance America (Cancelled due to Coronavirus),"[""snap_20260913T052653Z_4309094e8fb4""]","Swing Dance America (Cancelled due to Coronavirus),listed-swing-dance-america-cancelled-due-to-coronavirus,wsdc_calendar,review series identity",[2020]
[],Swing Dance America (Cancelled due to Covid-19),"[""snap_20260913T052653Z_4309094e8fb4""]","Swing Dance America (Cancelled due to Covid-19),listed-swing-dance-america-cancelled-due-to-covid-19,wsdc_calendar,review series identity",[2021]
[],Swing Escape (Cancelled due to Coronavirus),"[""snap_20260913T052653Z_4309094e8fb4""]","Swing Escape (Cancelled due to Coronavirus),listed-swing-escape-cancelled-due-to-coronavirus,wsdc_calendar,review series identity",[2020]
[],Swing Escape (Unconfirmed),"[""snap_20260913T055220Z_d77aed35c78d""]","Swing Escape (Unconfirmed),listed-swing-escape-unconfirmed,wsdc_calendar,review series identity",[2024]
"[""wsdc-321"", ""wsdc-331""]",Swing Fiction,"[""snap_20260913T053303Z_220a0f22f0f6"", ""snap_20260913T053443Z_bf5de4bbd205"", ""snap_20260913T053450Z_ce3c79f4aa99"", ""snap_20260913T055430Z_17be191620ce""]","Swing Fiction,listed-swing-fiction,wsdc_newsletter,review series identity","[2020, 2023, 2024, 2025]"
[],Swing Fiction (Cancelled due to Coronavirus),"[""snap_20260913T052653Z_4309094e8fb4""]","Swing Fiction (Cancelled due to Coronavirus),listed-swing-fiction-cancelled-due-to-coronavirus,wsdc_calendar,review series identity",[2020]
[],Swing Fiction (Cancelled due to Covid-19),"[""snap_20260913T052610Z_9b5425eda664"", ""snap_20260913T052653Z_4309094e8fb4""]","Swing Fiction (Cancelled due to Covid-19),listed-swing-fiction-cancelled-due-to-covid-19,wsdc_calendar,review series identity","[2021, 2022]"
[],Swing Fling (Cancelled due to Covid-19),"[""snap_20260913T052653Z_4309094e8fb4""]","Swing Fling (Cancelled due to Covid-19),listed-swing-fling-cancelled-due-to-covid-19,wsdc_calendar,review series identity",[2021]
[],Swing Fling Cancelled due to Covid-19),"[""snap_20260913T052653Z_4309094e8fb4""]","Swing Fling Cancelled due to Covid-19),listed-swing-fling-cancelled-due-to-covid-19,wsdc_calendar,review series identity",[2020]
[],Swing Holland,"[""snap_20260913T050813Z_f30944bfb2a3"", ""snap_20260913T050943Z_63c65573e873""]","Swing Holland,listed-swing-holland,swingdancecouncil,review series identity","[2015, 2016]"
[],Swing In Capital (Cancelled due to Coronavirus),"[""snap_20260913T052653Z_4309094e8fb4""]","Swing In Capital (Cancelled due to Coronavirus),listed-swing-in-capital-cancelled-due-to-coronavirus,wsdc_calendar,review series identity",[2020]
[],Swing In Capital (Unconfirmed),"[""snap_20260913T052834Z_980218abecff"", ""snap_20260913T055220Z_d77aed35c78d""]","Swing In Capital (Unconfirmed),listed-swing-in-capital-unconfirmed,wsdc_calendar,review series identity","[2023, 2024]"
[],Swing Niagara Dance Champ's (ON HIATUS),"[""snap_20260913T050724Z_6ddaacedd7ed""]","Swing Niagara Dance Champ's (ON HIATUS),listed-swing-niagara-dance-champ-s,swingdancecouncil,review series identity",[2013]
[],Swing Over Orlando (Cancelled due to Covid-19),"[""snap_20260913T052653Z_4309094e8fb4""]","Swing Over Orlando (Cancelled due to Covid-19),listed-swing-over-orlando-cancelled-due-to-covid-19,wsdc_calendar,review series identity","[2020, 2021]"
[],Swing Resolution (Cancelled due to Covid-19),"[""snap_20260913T052653Z_4309094e8fb4""]","Swing Resolution (Cancelled due to Covid-19),listed-swing-resolution-cancelled-due-to-covid-19,wsdc_calendar,review series identity",[2021]
[],Swing Revolution,"[""snap_20260913T035045Z_008aaf4c6933""]","Swing Revolution,listed-swing-revolution,wsdc_newsletter,review series identity",[2019]
[],Swing of Music 2025,"[""snap_20260910T060641Z_015550e4aff5""]","Swing of Music 2025,listed-swing-of-music,scoringdance,review series identity",[2025]
[],Swing of Music 2026,"[""snap_20260910T060358Z_ee543ea8fb47""]","Swing of Music 2026,listed-swing-of-music,scoringdance,review series identity",[2026]
[],SwingCouver (Unconfirmed),"[""snap_20260913T055241Z_d374c58b5248""]","SwingCouver (Unconfirmed),listed-swingcouver-unconfirmed,wsdc_calendar,review series identity",[2024]
[],SwingCouver (cancelled due to Covid-19),"[""snap_20260913T052653Z_4309094e8fb4""]","SwingCouver (cancelled due to Covid-19),listed-swingcouver-cancelled-due-to-covid-19,wsdc_calendar,review series identity","[2021, 2022]"
[],SwingCouver 2023/24,"[""snap_20260910T054338Z_6d3193dbd1ad""]","SwingCouver 2023/24,listed-swingcouver-24,scoringdance,review series identity",[2023]
[],SwingTime (Cancelled due to Covid-19),"[""snap_20260913T052653Z_4309094e8fb4""]","SwingTime (Cancelled due to Covid-19),listed-swingtime-cancelled-due-to-covid-19,wsdc_calendar,review series identity",[2021]
[],SwingTime Denver (Unconfirmed),"[""snap_20260913T055430Z_17be191620ce""]","SwingTime Denver (Unconfirmed),listed-swingtime-denver-unconfirmed,wsdc_calendar,review series identity",[2025]
[],SwingTime Denver (Unfonfirmed),"[""snap_20260913T055241Z_d374c58b5248""]","SwingTime Denver (Unfonfirmed),listed-swingtime-denver-unfonfirmed,wsdc_calendar,review series identity",[2024]
[],SwingVester 2024/25,"[""snap_20260910T060537Z_dce754010b45""]","SwingVester 2024/25,listed-swingvester-25,scoringdance,review series identity",[2024]
[],SwingVester 2025/26 WSDC,"[""snap_20260910T061233Z_4588103f377e""]","SwingVester 2025/26 WSDC,listed-swingvester-26-wsdc,scoringdance,review series identity",[2025]
[],Swingapalooza (Cancelled due to Coronavirus),"[""snap_20260913T052653Z_4309094e8fb4""]","Swingapalooza (Cancelled due to Coronavirus),listed-swingapalooza-cancelled-due-to-coronavirus,wsdc_calendar,review series identity",[2020]
[],Swingapalooza (Cancelled due to Covid-19),"[""snap_20260913T052653Z_4309094e8fb4""]","Swingapalooza (Cancelled due to Covid-19),listed-swingapalooza-cancelled-due-to-covid-19,wsdc_calendar,review series identity",[2021]
[],Swingin' Down The Mersey,"[""snap_20260913T050443Z_6a757e752fa4""]","Swingin' Down The Mersey,listed-swingin-down-the-mersey,swingdancecouncil,review series identity",[2010]
[],Swingin' Into Spring (Cancelled due to Coronavirus),"[""snap_20260913T052653Z_4309094e8fb4""]","Swingin' Into Spring (Cancelled due to Coronavirus),listed-swingin-into-spring-cancelled-due-to-coronavirus,wsdc_calendar,review series identity",[2020]
[],Swingin' Into Spring (Unconfirmed),"[""snap_20260913T052834Z_980218abecff"", ""snap_20260913T055241Z_d374c58b5248""]","Swingin' Into Spring (Unconfirmed),listed-swingin-into-spring-unconfirmed,wsdc_calendar,review series identity","[2023, 2024]"
[],Swingle Bell Rock,"[""snap_20260909T150512Z_694f97493af0""]","Swingle Bell Rock,listed-swingle-bell-rock,eepro,review series identity",[2025]
[],Swingmasters at World Dance masters,"[""snap_20260913T051244Z_a3c08b0b73ee""]","Swingmasters at World Dance masters,listed-swingmasters-at-world-dance-masters,wsdc_calendar,review series identity",[2016]
[],Swingover 2020 (Cancelled due to Coronavirus),"[""snap_20260913T052653Z_4309094e8fb4""]","Swingover 2020 (Cancelled due to Coronavirus),listed-swingover-cancelled-due-to-coronavirus,wsdc_calendar,review series identity",[2020]
[],Swingsation (Cancelled due to Coronavirus),"[""snap_20260913T052653Z_4309094e8fb4""]","Swingsation (Cancelled due to Coronavirus),listed-swingsation-cancelled-due-to-coronavirus,wsdc_calendar,review series identity",[2020]
[],Swingside Invitational (Unconfirmed),"[""snap_20260913T055241Z_d374c58b5248""]","Swingside Invitational (Unconfirmed),listed-swingside-invitational-unconfirmed,wsdc_calendar,review series identity",[2024]
[],Swingtacular: The Galactic Open 2020 (Cancelled due to Covid-19),"[""snap_20260913T052653Z_4309094e8fb4""]","Swingtacular: The Galactic Open 2020 (Cancelled due to Covid-19),listed-swingtacular-the-galactic-open-cancelled-due-to-covid-19,wsdc_calendar,review series identity",[2020]
[],Swingtacular: The Galactic Open 2021 (Cancelled due to Covid-19),"[""snap_20260913T052653Z_4309094e8fb4""]","Swingtacular: The Galactic Open 2021 (Cancelled due to Covid-19),listed-swingtacular-the-galactic-open-cancelled-due-to-covid-19,wsdc_calendar,review series identity",[2021]
[],Swingtimate (Unconfirmed),"[""snap_20260913T052844Z_b95ece79a3ac"", ""snap_20260913T055402Z_7d4968c3ecb5""]","Swingtimate (Unconfirmed),listed-swingtimate-unconfirmed,wsdc_calendar,review series identity","[2023, 2024]"
"[""wsdc-47"", ""wsdc-66""]",Swingtime in the Rockies,"[""snap_20260913T050503Z_1dc9d7a88150"", ""snap_20260913T050523Z_599faad414ce"", ""snap_20260913T050643Z_3b5c53c6d4d5"", ""snap_20260913T050713Z_532a13011352"", ""snap_20260913T050724Z_6ddaacedd7ed"", ""snap_20260913T050824Z_b47e1d7bdc49"", ""snap_20260913T051323Z_5eacfc6206a3"", ""snap_20260913T051734Z_2512163ed68e"", ""snap_20260913T052253Z_3f7ff1a00522""]","Swingtime in the Rockies,listed-swingtime-in-the-rockies,swingdancecouncil,review series identity","[2010, 2011, 2012, 2013, 2014, 2015, 2016, 2017, 2018, 2020]"
[],Swingtime in the Rockies (Cancelled due to Covid-19),"[""snap_20260913T052653Z_4309094e8fb4""]","Swingtime in the Rockies (Cancelled due to Covid-19),listed-swingtime-in-the-rockies-cancelled-due-to-covid-19,wsdc_calendar,review series identity",[2020]
[],Swingtzerland (Cancelled due to Covid-19),"[""snap_20260913T052653Z_4309094e8fb4"", ""snap_20260913T052804Z_e1e669041068""]","Swingtzerland (Cancelled due to Covid-19),listed-swingtzerland-cancelled-due-to-covid-19,wsdc_calendar,review series identity","[2021, 2022, 2023]"
[],Swingvester (Cancelled due to Covid-19),"[""snap_20260913T052653Z_4309094e8fb4""]","Swingvester (Cancelled due to Covid-19),listed-swingvester-cancelled-due-to-covid-19,wsdc_calendar,review series identity",[2021]
[],Swiss Open WCS,"[""de51b1e142624d9a854864ae05264d1b""]","Swiss Open WCS,listed-swiss-open-wcs,wsdc_calendar,review series identity",[2026]
[],Swiss Open WCS (On Hiatus),"[""snap_20260913T050733Z_35c526f5b7e9""]","Swiss Open WCS (On Hiatus),listed-swiss-open-wcs,swingdancecouncil,review series identity",[2015]
[],Swustlicious (Cancelled due to Covid-19),"[""snap_20260913T052653Z_4309094e8fb4""]","Swustlicious (Cancelled due to Covid-19),listed-swustlicious-cancelled-due-to-covid-19,wsdc_calendar,review series identity","[2020, 2021]"
[],Swustlicious (unconfirmed),"[""snap_20260913T055241Z_d374c58b5248""]","Swustlicious (unconfirmed),listed-swustlicious-unconfirmed,wsdc_calendar,review series identity",[2024]
[],TAF Deutsche Meisterschaft West Coast Swing 2019,"[""snap_20260910T060446Z_9e025464dbfa""]","TAF Deutsche Meisterschaft West Coast Swing 2019,listed-taf-deutsche-meisterschaft-west-coast-swing,scoringdance,review series identity",[2019]
[],TAF German Masters West 2019,"[""snap_20260910T060132Z_dbf18a1fc59b""]","TAF German Masters West 2019,listed-taf-german-masters-west,scoringdance,review series identity",[2019]
[],TAF German Masters West Coast Swing Nord 2019,"[""snap_20260910T032911Z_34e948f7fea1""]","TAF German Masters West Coast Swing Nord 2019,listed-taf-german-masters-west-coast-swing-nord,scoringdance,review series identity",[2019]
[],TAHITIAN OPEN WEST COAST SWING,"[""snap_20260913T053000Z_11d8e6dbdaab""]","TAHITIAN OPEN WEST COAST SWING,listed-tahitian-open-west-coast-swing,wsdc_newsletter,review series identity",[2019]
[],TAMPA BAY CLASSIC (NASDE),"[""snap_20260913T052919Z_08ef5aac2666"", ""snap_20260913T053204Z_ea0a1cfa6f68"", ""snap_20260913T053243Z_3347ef6a3141""]","TAMPA BAY CLASSIC (NASDE),listed-tampa-bay-classic-nasde,wsdc_newsletter,review series identity","[2017, 2018, 2019]"
[],TLV SwingFest (Cancelled due to Corona Virus),"[""snap_20260913T052653Z_4309094e8fb4""]","TLV SwingFest (Cancelled due to Corona Virus),listed-tlv-swingfest-cancelled-due-to-corona-virus,wsdc_calendar,review series identity",[2020]
[],TLV SwingFest (Cancelled due to War),"[""snap_20260913T055241Z_d374c58b5248""]","TLV SwingFest (Cancelled due to War),listed-tlv-swingfest-cancelled-due-to-war,wsdc_calendar,review series identity",[2024]
[],TLV SwingFest (Unconfirmed),"[""snap_20260913T055220Z_d77aed35c78d""]","TLV SwingFest (Unconfirmed),listed-tlv-swingfest-unconfirmed,wsdc_calendar,review series identity",[2024]
[],TOSHC - Toronto Open Swing and Hustle Championships,"[""snap_20260913T052744Z_6206c331a747""]","TOSHC - Toronto Open Swing and Hustle Championships,listed-toshc-toronto-open-swing-and-hustle-championships,wsdc_calendar,review series identity",[2023]
[],Tahitian Open West Coast Swing (Cancelled due to Coronavirus),"[""snap_20260913T052610Z_9b5425eda664""]","Tahitian Open West Coast Swing (Cancelled due to Coronavirus),listed-tahitian-open-west-coast-swing-cancelled-due-to-coronavirus,wsdc_calendar,review series identity",[2019]
[],Tampa Bay Classic (Cancelled due to Covid-19),"[""snap_20260913T052653Z_4309094e8fb4""]","Tampa Bay Classic (Cancelled due to Covid-19),listed-tampa-bay-classic-cancelled-due-to-covid-19,wsdc_calendar,review series identity",[2020]
[],Tampa Bay Classic (Unconfirmed),"[""snap_20260913T052844Z_b95ece79a3ac""]","Tampa Bay Classic (Unconfirmed),listed-tampa-bay-classic-unconfirmed,wsdc_calendar,review series identity",[2024]
[],Terra Livre Dance Festival 2025 (Summer Edition),"[""snap_20260910T063118Z_90ebe357910b""]","Terra Livre Dance Festival 2025 (Summer Edition),listed-terra-livre-dance-festival-summer-edition,scoringdance,review series identity",[2025]
[],Terra Livre Dance Festival 2025 (Winter Edition),"[""snap_20260910T053504Z_cfe6d72a232b""]","Terra Livre Dance Festival 2025 (Winter Edition),listed-terra-livre-dance-festival-winter-edition,scoringdance,review series identity",[2025]
[],Texas Classic (Unconfirmed),"[""snap_20260913T055220Z_d77aed35c78d"", ""snap_20260913T055430Z_17be191620ce""]","Texas Classic (Unconfirmed),listed-texas-classic-unconfirmed,wsdc_calendar,review series identity","[2024, 2025]"
[],The After Party - TAP (Unconfirmed),"[""snap_20260913T052844Z_b95ece79a3ac""]","The After Party - TAP (Unconfirmed),listed-the-after-party-tap-unconfirmed,wsdc_calendar,review series identity",[2023]
[],The After Party aka TAP,"[""de51b1e142624d9a854864ae05264d1b""]","The After Party aka TAP,listed-the-after-party-aka-tap,wsdc_calendar,review series identity",[2026]
[],The Aloha Open (Trial Event),"[""snap_20260913T055309Z_e2e9db9abb1c""]","The Aloha Open (Trial Event),listed-the-aloha-open-trial-event,wsdc_calendar,review series identity",[2024]
[],The Bend Connection (Trial Event),"[""snap_20260913T055241Z_d374c58b5248""]","The Bend Connection (Trial Event),listed-the-bend-connection-trial-event,wsdc_calendar,review series identity",[2024]
[],The Bend Connection (Unconfirmed),"[""snap_20260913T055411Z_037bc2fb7478""]","The Bend Connection (Unconfirmed),listed-the-bend-connection-unconfirmed,wsdc_calendar,review series identity",[2025]
[],The Canadian Open,"[""snap_20260913T050623Z_d97f842d3cbc""]","The Canadian Open,listed-the-canadian-open,swingdancecouncil,review series identity",[2012]
[],The Chicago Classic   (NASDE) - HIATUS - Registry Event,"[""snap_20260913T051244Z_a3c08b0b73ee""]","The Chicago Classic   (NASDE) - HIATUS - Registry Event,listed-the-chicago-classic-nasde-registry-event,wsdc_calendar,review series identity",[2017]
[],The Chicago Classic (Cancelled due to Covid-19),"[""snap_20260913T052653Z_4309094e8fb4""]","The Chicago Classic (Cancelled due to Covid-19),listed-the-chicago-classic-cancelled-due-to-covid-19,wsdc_calendar,review series identity",[2021]
[],The Chicago Classic (NASDE) - HIATUS,"[""snap_20260913T051234Z_f0158d065885""]","The Chicago Classic (NASDE) - HIATUS,listed-the-chicago-classic-nasde,wsdc_calendar,review series identity",[2017]
[],The City of Lights,"[""snap_20260913T050503Z_1dc9d7a88150"", ""snap_20260913T050653Z_5cf4ae4e6585""]","The City of Lights,listed-the-city-of-lights,swingdancecouncil,review series identity","[2010, 2012]"
[],The New Zealand Open Swing Dance Championships,"[""snap_20260913T050533Z_9b70788c5a8a"", ""snap_20260913T050703Z_0dc4bfe1a4a1"", ""snap_20260913T050724Z_6ddaacedd7ed""]","The New Zealand Open Swing Dance Championships,listed-the-new-zealand-open-swing-dance-championships,swingdancecouncil,review series identity","[2011, 2012, 2013, 2014]"
[],The Open,"[""snap_20260909T150512Z_694f97493af0""]","The Open,listed-the-open,eepro,review series identity",[2025]
[],The Open Swing Dance Championships,"[""de51b1e142624d9a854864ae05264d1b"", ""snap_20260913T055353Z_2f7c24378244""]","The Open Swing Dance Championships,listed-the-open-swing-dance-championships,wsdc_calendar,review series identity","[2024, 2026]"
[],The Texas Classic (Cancelled due to Coronavirus),"[""snap_20260913T052653Z_4309094e8fb4""]","The Texas Classic (Cancelled due to Coronavirus),listed-the-texas-classic-cancelled-due-to-coronavirus,wsdc_calendar,review series identity",[2020]
[],The US Open Swing Dance Championships,"[""snap_20260913T055339Z_5308cf7b884e""]","The US Open Swing Dance Championships,listed-the-us-open-swing-dance-championships,wsdc_calendar,review series identity",[2024]
[],The WCS German Open Championships,"[""snap_20260913T051734Z_2512163ed68e""]","The WCS German Open Championships,listed-the-wcs-german-open-championships,wsdc_calendar,review series identity",[2020]
[],The WCS German Open Championships (Cancelled due to Covid-19),"[""snap_20260913T052653Z_4309094e8fb4""]","The WCS German Open Championships (Cancelled due to Covid-19),listed-the-wcs-german-open-championships-cancelled-due-to-covid-19,wsdc_calendar,review series identity",[2020]
[],Toronto International Swing Dance Championships,"[""snap_20260913T050503Z_1dc9d7a88150""]","Toronto International Swing Dance Championships,listed-toronto-international-swing-dance-championships,swingdancecouncil,review series identity",[2011]
[],Toronto Open Swing & Hustle Championships (Cancelled due to Covid-19),"[""snap_20260913T052653Z_4309094e8fb4""]","Toronto Open Swing & Hustle Championships (Cancelled due to Covid-19),listed-toronto-open-swing-hustle-championships-cancelled-due-to-covid-19,wsdc_calendar,review series identity","[2020, 2021]"
[],Toronto Open Swing Dance Championships,"[""snap_20260913T050433Z_b749ee48056f""]","Toronto Open Swing Dance Championships,listed-toronto-open-swing-dance-championships,swingdancecouncil,review series identity",[2010]
[],Toronto Open Swing and Hustle Championships (Unconfirmed),"[""snap_20260913T055241Z_d374c58b5248"", ""snap_20260913T055430Z_17be191620ce""]","Toronto Open Swing and Hustle Championships (Unconfirmed),listed-toronto-open-swing-and-hustle-championships-unconfirmed,wsdc_calendar,review series identity","[2024, 2025]"
[],Trilogy Swing (Cancelled due to Covid-19),"[""snap_20260913T052653Z_4309094e8fb4""]","Trilogy Swing (Cancelled due to Covid-19),listed-trilogy-swing-cancelled-due-to-covid-19,wsdc_calendar,review series identity","[2020, 2021]"
[],Trilogy Swing (Unconfirmed),"[""snap_20260913T055220Z_d77aed35c78d""]","Trilogy Swing (Unconfirmed),listed-trilogy-swing-unconfirmed,wsdc_calendar,review series identity",[2024]
[],Tulsa Fall Fling,"[""snap_20260913T050443Z_6a757e752fa4"", ""snap_20260913T050653Z_5cf4ae4e6585"", ""snap_20260913T050903Z_eeca76f57b94""]","Tulsa Fall Fling,listed-tulsa-fall-fling,swingdancecouncil,review series identity","[2010, 2012, 2015]"
[],Tulsa Spring Swing (Cancelled due to Coronavirus),"[""snap_20260913T052653Z_4309094e8fb4""]","Tulsa Spring Swing (Cancelled due to Coronavirus),listed-tulsa-spring-swing-cancelled-due-to-coronavirus,wsdc_calendar,review series identity",[2020]
[],Tulsa Spring Swing (Cancelled due to Covid-19),"[""snap_20260913T052653Z_4309094e8fb4""]","Tulsa Spring Swing (Cancelled due to Covid-19),listed-tulsa-spring-swing-cancelled-due-to-covid-19,wsdc_calendar,review series identity","[2021, 2022, 2023]"
[],Twin Cities Rebels Swing Dance Club,"[""snap_20260913T052610Z_9b5425eda664""]","Twin Cities Rebels Swing Dance Club,listed-twin-cities-rebels-swing-dance-club,wsdc_calendar,review series identity",[2019]
[],U.K. & European WCS Championships (Cancelled due to Coronavirus),"[""snap_20260913T052610Z_9b5425eda664""]","U.K. & European WCS Championships (Cancelled due to Coronavirus),listed-u-k-european-wcs-championships-cancelled-due-to-coronavirus,wsdc_calendar,review series identity",[2019]
[],U.K. WCS Dance Championships,"[""snap_20260913T050503Z_1dc9d7a88150""]","U.K. WCS Dance Championships,listed-u-k-wcs-dance-championships,swingdancecouncil,review series identity",[2010]
[],UCWDC COUNTRY DANCE WORLD CHANPIONSHIPS,"[""snap_20260913T052910Z_44c788523cf4"", ""snap_20260913T052930Z_9938b86a7094""]","UCWDC COUNTRY DANCE WORLD CHANPIONSHIPS,listed-ucwdc-country-dance-world-chanpionships,wsdc_newsletter,review series identity","[2017, 2018]"
[],UCWDC COUNTRY DANCE WORLD CHAPIONSHIPS **,"[""snap_20260913T053253Z_e19d60bb1ba4""]","UCWDC COUNTRY DANCE WORLD CHAPIONSHIPS **,listed-ucwdc-country-dance-world-chapionships,wsdc_newsletter,review series identity",[2019]
[],UCWDC World Championships,"[""snap_20260913T053423Z_68c1360eb9f6""]","UCWDC World Championships,listed-ucwdc-world-championships,wsdc_newsletter,review series identity",[2023]
[],UK & European Championships (Cancelled due to Covid-19),"[""snap_20260913T052653Z_4309094e8fb4"", ""snap_20260913T052834Z_980218abecff""]","UK & European Championships (Cancelled due to Covid-19),listed-uk-european-championships-cancelled-due-to-covid-19,wsdc_calendar,review series identity","[2022, 2023]"
[],UK & European Championships (Unconfirmed),"[""snap_20260913T055220Z_d77aed35c78d""]","UK & European Championships (Unconfirmed),listed-uk-european-championships-unconfirmed,wsdc_calendar,review series identity",[2024]
[],UK & European WCS Championships (Canceled due to Covid-19),"[""snap_20260913T052653Z_4309094e8fb4""]","UK & European WCS Championships (Canceled due to Covid-19),listed-uk-european-wcs-championships-canceled-due-to-covid-19,wsdc_calendar,review series identity",[2021]
[],UK & European WCS Championships (Cancelled due to the Coronavirus),"[""snap_20260913T052653Z_4309094e8fb4""]","UK & European WCS Championships (Cancelled due to the Coronavirus),listed-uk-european-wcs-championships-cancelled-due-to-the-coronavirus,wsdc_calendar,review series identity",[2020]
[],UK WCS Champs (Cancelled due to Covid-19),"[""snap_20260913T052834Z_980218abecff""]","UK WCS Champs (Cancelled due to Covid-19),listed-uk-wcs-champs-cancelled-due-to-covid-19,wsdc_calendar,review series identity",[2023]
[],UK WCS Champs (On Hiatus),"[""snap_20260913T055241Z_d374c58b5248""]","UK WCS Champs (On Hiatus),listed-uk-wcs-champs,wsdc_calendar,review series identity",[2024]
[],UK WCS Champs (Unconfirmed),"[""snap_20260913T055220Z_d77aed35c78d""]","UK WCS Champs (Unconfirmed),listed-uk-wcs-champs-unconfirmed,wsdc_calendar,review series identity",[2024]
[],US OPEN SWING DANCE CHAMPIONSHIPS (NASDE),"[""snap_20260913T052950Z_43d0406b9025"", ""snap_20260913T053204Z_ea0a1cfa6f68"", ""snap_20260913T053253Z_e19d60bb1ba4""]","US OPEN SWING DANCE CHAMPIONSHIPS (NASDE),listed-us-open-swing-dance-championships-nasde,wsdc_newsletter,review series identity","[2017, 2018, 2019]"
[],"US OPEN SWING DANCE CHAMPIONSHIPS, INC (Cancelled due to Covid-19)","[""snap_20260913T052653Z_4309094e8fb4""]","US OPEN SWING DANCE CHAMPIONSHIPS, INC (Cancelled due to Covid-19),listed-us-open-swing-dance-championships-inc-cancelled-due-to-covid-19,wsdc_calendar,review series identity",[2020]
[],"US OPEN SWING DANCE CHAMPIONSHIPS, INC \""THE OPEN\""","[""snap_20260913T052324Z_2608f92141b3""]","US OPEN SWING DANCE CHAMPIONSHIPS, INC \""THE OPEN\"",listed-us-open-swing-dance-championships-inc-the-open,wsdc_calendar,review series identity",[2021]
[],US Open Swing Dance Championships     (NASDE),"[""snap_20260913T051244Z_a3c08b0b73ee""]","US Open Swing Dance Championships     (NASDE),listed-us-open-swing-dance-championships-nasde,wsdc_calendar,review series identity",[2016]
[],US Open Swing Dance Championships (Cancelled due to Covid-19),"[""snap_20260913T052444Z_b8bf6145753d"", ""snap_20260913T052653Z_4309094e8fb4""]","US Open Swing Dance Championships (Cancelled due to Covid-19),listed-us-open-swing-dance-championships-cancelled-due-to-covid-19,wsdc_calendar,review series identity","[2021, 2022]"
[],US Open Swing Dance Championships (NASDE),"[""snap_20260913T053414Z_e2920d5d80be""]","US Open Swing Dance Championships (NASDE),listed-us-open-swing-dance-championships-nasde,wsdc_newsletter,review series identity",[2022]
[],USA GRAND NATIONAL DANCE CHAMPIONSHIP (NASDE),"[""snap_20260913T035045Z_008aaf4c6933"", ""snap_20260913T052940Z_0177184cf9eb"", ""snap_20260913T053000Z_11d8e6dbdaab""]","USA GRAND NATIONAL DANCE CHAMPIONSHIP (NASDE),listed-usa-grand-national-dance-championship-nasde,wsdc_newsletter,review series identity","[2017, 2018, 2019]"
[],USA Grand National Dance Championship,"[""snap_20260913T050633Z_04b39eb0707f"", ""snap_20260913T050713Z_532a13011352"", ""snap_20260913T050724Z_6ddaacedd7ed"", ""snap_20260913T050803Z_89757c41ead1"", ""snap_20260913T051023Z_de41000bfa60"", ""snap_20260913T051734Z_2512163ed68e""]","USA Grand National Dance Championship,listed-usa-grand-national-dance-championship,swingdancecouncil,review series identity","[2012, 2013, 2014, 2015, 2016, 2020]"
[],USA Grand National Dance Championship (Cancelled due to Covid-19),"[""snap_20260913T052653Z_4309094e8fb4""]","USA Grand National Dance Championship (Cancelled due to Covid-19),listed-usa-grand-national-dance-championship-cancelled-due-to-covid-19,wsdc_calendar,review series identity","[2020, 2021, 2022]"
[],USA Grand national dance championship (NASDE),"[""snap_20260913T053443Z_bf5de4bbd205""]","USA Grand national dance championship (NASDE),listed-usa-grand-national-dance-championship-nasde,wsdc_newsletter,review series identity",[2024]
[],USA Grand national dance championship (NASDE) WSDC Membership Meeting,"[""snap_20260913T053450Z_ce3c79f4aa99""]","USA Grand national dance championship (NASDE) WSDC Membership Meeting,listed-usa-grand-national-dance-championship-nasde-wsdc-membership-meeting,wsdc_newsletter,review series identity",[2023]
[],USA J & J Swing Dance Championships,"[""snap_20260913T050503Z_1dc9d7a88150""]","USA J & J Swing Dance Championships,listed-usa-j-j-swing-dance-championships,swingdancecouncil,review series identity",[2010]
[],Ukrainian Open (Cancelled due to War),"[""snap_20260913T052834Z_980218abecff"", ""snap_20260913T055241Z_d374c58b5248""]","Ukrainian Open (Cancelled due to War),listed-ukrainian-open-cancelled-due-to-war,wsdc_calendar,review series identity","[2023, 2024]"
[],UpTown Swing (Unconfirmed),"[""snap_20260913T055241Z_d374c58b5248"", ""snap_20260913T055430Z_17be191620ce""]","UpTown Swing (Unconfirmed),listed-uptown-swing-unconfirmed,wsdc_calendar,review series identity","[2024, 2025]"
[],Upstate Dance Challenge (Cancelled due to Covid-19),"[""snap_20260913T052653Z_4309094e8fb4""]","Upstate Dance Challenge (Cancelled due to Covid-19),listed-upstate-dance-challenge-cancelled-due-to-covid-19,wsdc_calendar,review series identity","[2020, 2021]"
[],Vermont Swing Championships,"[""snap_20260913T050703Z_0dc4bfe1a4a1"", ""snap_20260913T050713Z_532a13011352"", ""snap_20260913T050724Z_6ddaacedd7ed"", ""snap_20260913T050843Z_ac31baa840e2"", ""snap_20260913T050913Z_e6ad854e9c1e""]","Vermont Swing Championships,listed-vermont-swing-championships,swingdancecouncil,review series identity","[2012, 2013, 2014, 2015, 2016]"
[],Virginia State Open Swing Dance Championships,"[""snap_20260913T050503Z_1dc9d7a88150""]","Virginia State Open Swing Dance Championships,listed-virginia-state-open-swing-dance-championships,swingdancecouncil,review series identity",[2010]
[],WCS Champions At Sea,"[""snap_20260913T050943Z_63c65573e873""]","WCS Champions At Sea,listed-wcs-champions-at-sea,swingdancecouncil,review series identity",[2015]
[],WCS Festival (Cancelled due to Covid-19),"[""snap_20260913T052653Z_4309094e8fb4""]","WCS Festival (Cancelled due to Covid-19),listed-wcs-festival-cancelled-due-to-covid-19,wsdc_calendar,review series identity","[2020, 2021]"
[],WCS Festival Düsseldorf 2022,"[""snap_20260910T060917Z_f97aa1239e52""]","WCS Festival Düsseldorf 2022,listed-wcs-festival-dusseldorf,scoringdance,review series identity",[2022]
[],WCS Festival Düsseldorf 2023,"[""snap_20260910T061238Z_465e82ec2fb3""]","WCS Festival Düsseldorf 2023,listed-wcs-festival-dusseldorf,scoringdance,review series identity",[2023]
[],WCS Festival Düsseldorf 2024,"[""snap_20260910T051349Z_6b741148c10d""]","WCS Festival Düsseldorf 2024,listed-wcs-festival-dusseldorf,scoringdance,review series identity",[2024]
[],WCS Festival Düsseldorf 2025,"[""snap_20260910T060244Z_9d2a07606b61""]","WCS Festival Düsseldorf 2025,listed-wcs-festival-dusseldorf,scoringdance,review series identity",[2025]
[],WCS Magyar Kupa,"[""snap_20260910T063152Z_c3c4d4813187""]","WCS Magyar Kupa,listed-wcs-magyar-kupa,scoringdance,review series identity",[2024]
[],WCS Magyar Kupa 2025,"[""snap_20260910T054011Z_045336ef5a1c""]","WCS Magyar Kupa 2025,listed-wcs-magyar-kupa,scoringdance,review series identity",[2025]
[],WCS Party (Trial Event),"[""snap_20260913T055309Z_e2e9db9abb1c""]","WCS Party (Trial Event),listed-wcs-party-trial-event,wsdc_calendar,review series identity",[2024]
[],WCS Party in Vienna,"[""de51b1e142624d9a854864ae05264d1b""]","WCS Party in Vienna,listed-wcs-party-in-vienna,wsdc_calendar,review series identity",[2026]
[],WCSParty 2024,"[""snap_20260910T063312Z_403f2774cce8""]","WCSParty 2024,listed-wcsparty,scoringdance,review series identity",[2024]
[],WCSParty 2025,"[""snap_20260910T054248Z_38b636bf13ef""]","WCSParty 2025,listed-wcsparty,scoringdance,review series identity",[2025]
[],WEST COAST SWING BUDAFEST,"[""snap_20260913T052910Z_44c788523cf4"", ""snap_20260913T052930Z_9938b86a7094""]","WEST COAST SWING BUDAFEST,listed-west-coast-swing-budafest,wsdc_newsletter,review series identity","[2017, 2018]"
[],WESTCÂMBIO BRAZIL,"[""snap_20260913T053153Z_b3d4d7e4936b""]","WESTCÂMBIO BRAZIL,listed-westcambio-brazil,wsdc_newsletter,review series identity",[2019]
[],WESTIE ANGELS,"[""snap_20260913T052950Z_43d0406b9025"", ""snap_20260913T053204Z_ea0a1cfa6f68"", ""snap_20260913T053253Z_e19d60bb1ba4""]","WESTIE ANGELS,listed-westie-angels,wsdc_newsletter,review series identity","[2017, 2018, 2019]"
[],WSDC test,"[""snap_20260913T051234Z_f0158d065885""]","WSDC test,listed-wsdc-test,wsdc_calendar,review series identity",[2017]
[],WSDC test one,"[""snap_20260913T051244Z_a3c08b0b73ee""]","WSDC test one,listed-wsdc-test-one,wsdc_calendar,review series identity",[2018]
[],Warsaw Halloween Swing (Cancelled due to Covid-19),"[""snap_20260913T052653Z_4309094e8fb4""]","Warsaw Halloween Swing (Cancelled due to Covid-19),listed-warsaw-halloween-swing-cancelled-due-to-covid-19,wsdc_calendar,review series identity",[2020]
[],West Coast Dance Challenge,"[""snap_20260913T050533Z_9b70788c5a8a""]","West Coast Dance Challenge,listed-west-coast-dance-challenge,swingdancecouncil,review series identity",[2011]
[],West Coast Dance Challenge Seattle Super Swing Weekend,"[""snap_20260913T050503Z_1dc9d7a88150""]","West Coast Dance Challenge Seattle Super Swing Weekend,listed-west-coast-dance-challenge-seattle-super-swing-weekend,swingdancecouncil,review series identity",[2010]
[],West Coast Swing & Country Challenge,"[""snap_20260913T050903Z_eeca76f57b94""]","West Coast Swing & Country Challenge,listed-west-coast-swing-country-challenge,swingdancecouncil,review series identity",[2015]
[],West Coast Swing BudaFest,"[""snap_20260913T050613Z_a7106c385749"", ""snap_20260913T050713Z_532a13011352"", ""snap_20260913T050724Z_6ddaacedd7ed"", ""snap_20260913T050733Z_35c526f5b7e9""]","West Coast Swing BudaFest,listed-west-coast-swing-budafest,swingdancecouncil,review series identity","[2012, 2013, 2014, 2015]"
[],West Coast Swing Helsinki,"[""snap_20260913T050933Z_8684c9031883"", ""snap_20260913T051133Z_f78d9dfcc6e7"", ""snap_20260913T051244Z_a3c08b0b73ee""]","West Coast Swing Helsinki,listed-west-coast-swing-helsinki,swingdancecouncil,review series identity","[2015, 2016]"
[],West Swing Fest,"[""snap_20260913T053253Z_e19d60bb1ba4""]","West Swing Fest,listed-west-swing-fest,wsdc_newsletter,review series identity",[2019]
[],West in Lyon (Cancelled due to Coronavirus),"[""snap_20260913T052653Z_4309094e8fb4""]","West in Lyon (Cancelled due to Coronavirus),listed-west-in-lyon-cancelled-due-to-coronavirus,wsdc_calendar,review series identity",[2020]
[],West in Lyon (Cancelled due to Covid-19),"[""snap_20260913T052653Z_4309094e8fb4""]","West in Lyon (Cancelled due to Covid-19),listed-west-in-lyon-cancelled-due-to-covid-19,wsdc_calendar,review series identity",[2021]
[],Westcation,"[""snap_20260913T052653Z_4309094e8fb4""]","Westcation,listed-westcation,wsdc_calendar,review series identity",[2020]
[],Westcation (Trial),"[""snap_20260913T051833Z_85a8db0d59a5""]","Westcation (Trial),listed-westcation-trial,wsdc_calendar,review series identity",[2020]
[],WesterOz Swing (Cancelled due to Covid-19),"[""snap_20260913T052653Z_4309094e8fb4""]","WesterOz Swing (Cancelled due to Covid-19),listed-westeroz-swing-cancelled-due-to-covid-19,wsdc_calendar,review series identity","[2021, 2022]"
[],Westie Angels,"[""snap_20260913T051244Z_a3c08b0b73ee"", ""snap_20260913T053414Z_e2920d5d80be""]","Westie Angels,listed-westie-angels,wsdc_calendar,review series identity","[2016, 2022]"
[],Westie Harbor,"[""de51b1e142624d9a854864ae05264d1b""]","Westie Harbor,listed-westie-harbor,wsdc_calendar,review series identity",[2026]
[],Westie Pink City (Unconfirmed),"[""snap_20260913T052844Z_b95ece79a3ac""]","Westie Pink City (Unconfirmed),listed-westie-pink-city-unconfirmed,wsdc_calendar,review series identity",[2023]
[],Westie Spring Thing 2020 (Cancelled due to Coronavirus),"[""snap_20260913T052653Z_4309094e8fb4""]","Westie Spring Thing 2020 (Cancelled due to Coronavirus),listed-westie-spring-thing-cancelled-due-to-coronavirus,wsdc_calendar,review series identity",[2020]
[],Westie Swing Thing,"[""snap_20260913T053253Z_e19d60bb1ba4""]","Westie Swing Thing,listed-westie-swing-thing,wsdc_newsletter,review series identity",[2019]
[],Westie in Pink City,"[""snap_20260913T052930Z_9938b86a7094""]","Westie in Pink City,listed-westie-in-pink-city,wsdc_newsletter,review series identity",[2018]
[],Westie on the Water,"[""snap_20260913T053303Z_220a0f22f0f6""]","Westie on the Water,listed-westie-on-the-water,wsdc_newsletter,review series identity",[2020]
[],Westie's Angels (Unconfirmed),"[""snap_20260913T055241Z_d374c58b5248""]","Westie's Angels (Unconfirmed),listed-westie-s-angels-unconfirmed,wsdc_calendar,review series identity",[2024]
[],Westies on the Water (Trial),"[""snap_20260913T051644Z_dd7f13d8db52""]","Westies on the Water (Trial),listed-westies-on-the-water-trial,wsdc_calendar,review series identity",[2019]
[],Westies on the Water (Unconfirmed),"[""snap_20260913T055220Z_d77aed35c78d""]","Westies on the Water (Unconfirmed),listed-westies-on-the-water-unconfirmed,wsdc_calendar,review series identity",[2024]
[],Westy Nantes (Cancelled due to Coronavirus),"[""snap_20260913T052653Z_4309094e8fb4""]","Westy Nantes (Cancelled due to Coronavirus),listed-westy-nantes-cancelled-due-to-coronavirus,wsdc_calendar,review series identity",[2020]
[],Westy Nantes (Cancelled due to Covid-19),"[""snap_20260913T052653Z_4309094e8fb4""]","Westy Nantes (Cancelled due to Covid-19),listed-westy-nantes-cancelled-due-to-covid-19,wsdc_calendar,review series identity",[2021]
[],Wild Wild Westie (Cancelled due to Covid-19),"[""snap_20260913T052653Z_4309094e8fb4""]","Wild Wild Westie (Cancelled due to Covid-19),listed-wild-wild-westie-cancelled-due-to-covid-19,wsdc_calendar,review series identity",[2020]
[],Wild Wild Westie (Unconfirmed),"[""snap_20260913T055220Z_d77aed35c78d""]","Wild Wild Westie (Unconfirmed),listed-wild-wild-westie-unconfirmed,wsdc_calendar,review series identity",[2024]
[],Winter Coast Swing (Cancelled due to Covid-19),"[""snap_20260913T052653Z_4309094e8fb4""]","Winter Coast Swing (Cancelled due to Covid-19),listed-winter-coast-swing-cancelled-due-to-covid-19,wsdc_calendar,review series identity","[2021, 2022]"
[],Winter White (Cancelled due to Covid-19),"[""snap_20260913T052653Z_4309094e8fb4""]","Winter White (Cancelled due to Covid-19),listed-winter-white-cancelled-due-to-covid-19,wsdc_calendar,review series identity",[2020]
[],Winter White WCS (Cancelled due to Covid-19),"[""snap_20260913T052653Z_4309094e8fb4""]","Winter White WCS (Cancelled due to Covid-19),listed-winter-white-wcs-cancelled-due-to-covid-19,wsdc_calendar,review series identity",[2021]
[],Winter White WCS Unconfirmed),"[""snap_20260913T055220Z_d77aed35c78d""]","Winter White WCS Unconfirmed),listed-winter-white-wcs-unconfirmed,wsdc_calendar,review series identity",[2024]
[],Wisconsin Dance Challenge,"[""snap_20260913T050503Z_1dc9d7a88150"", ""snap_20260913T050643Z_3b5c53c6d4d5"", ""snap_20260913T050713Z_532a13011352""]","Wisconsin Dance Challenge,listed-wisconsin-dance-challenge,swingdancecouncil,review series identity","[2010, 2012, 2013]"
[],Workshopweekend Heidelberg Jan2019,"[""snap_20260910T032911Z_34e948f7fea1""]","Workshopweekend Heidelberg Jan2019,listed-workshopweekend-heidelberg-jan2019,scoringdance,review series identity",[2019]
[],World Dance Masters,"[""snap_20260913T050503Z_1dc9d7a88150"", ""snap_20260913T050523Z_599faad414ce"", ""snap_20260913T050643Z_3b5c53c6d4d5""]","World Dance Masters,listed-world-dance-masters,swingdancecouncil,review series identity","[2010, 2011, 2012]"
[],World Hustle Dance Championships,"[""snap_20260913T050503Z_1dc9d7a88150"", ""snap_20260913T050633Z_04b39eb0707f""]","World Hustle Dance Championships,listed-world-hustle-dance-championships,swingdancecouncil,review series identity","[2010, 2012]"
[],World Swing Dance Champ's,"[""snap_20260913T050503Z_1dc9d7a88150"", ""snap_20260913T050633Z_04b39eb0707f""]","World Swing Dance Champ's,listed-world-swing-dance-champ-s,swingdancecouncil,review series identity","[2010, 2012]"
"[""wsdc-152"", ""wsdc-75""]",Worlds UCWDC,"[""snap_20260913T051323Z_5eacfc6206a3"", ""snap_20260913T051854Z_0f29c1d7c737"", ""snap_20260913T052503Z_8d6dd61630dd""]","Worlds UCWDC,listed-worlds-ucwdc,wsdc_calendar,review series identity","[2017, 2018, 2019]"
[],Zouk 1st German Open Championship 2019,"[""snap_20260910T054026Z_da863051bc1e""]","Zouk 1st German Open Championship 2019,listed-zouk-german-open-championship,scoringdance,review series identity",[2019]
