contest_id,entry_id,event_id,link_status,name_raw,published_wsdc_id,role,source
2024-06-disco-america/advanced-pro-am-follower-3-dance,2024-06-disco-america/advanced-pro-am-follower-3-dance/F-139,2024-06-disco-america,unmatched,Kathryn Johanessen and Jameson Kilburn,,follower,eepro
2024-06-disco-america/advanced-pro-am-follower-bachata,2024-06-disco-america/advanced-pro-am-follower-bachata/F-291,2024-06-disco-america,unmatched,Maria Hurd and Gustavo Rueda,,follower,eepro
2024-06-disco-america/advanced-pro-am-follower-bachata,2024-06-disco-america/advanced-pro-am-follower-bachata/F-name-kaydee-molnar-and-nick-pfeiffer,2024-06-disco-america,unmatched,Kaydee Molnar and Nick Pfeiffer,,follower,eepro
2024-06-disco-america/advanced-pro-am-follower-salsa,2024-06-disco-america/advanced-pro-am-follower-salsa/F-118,2024-06-disco-america,unmatched,Kaydee Molnar and Nick Pfeiffer,,follower,eepro
2024-06-disco-america/advanced-pro-am-follower-salsa,2024-06-disco-america/advanced-pro-am-follower-salsa/F-291,2024-06-disco-america,unmatched,Maria Hurd and Gustavo Rueda,,follower,eepro
2024-06-disco-america/advanced-pro-am-follower,2024-06-disco-america/advanced-pro-am-follower/F-255,2024-06-disco-america,unmatched,Denise Higgins and Steven James,,follower,eepro
2024-06-disco-america/intermediate-pro-am-follower-3-dance,2024-06-disco-america/intermediate-pro-am-follower-3-dance/F-124,2024-06-disco-america,unmatched,Sara Jones and Gustavo Rueda,,follower,eepro
2024-06-disco-america/intermediate-pro-am-follower-3-dance,2024-06-disco-america/intermediate-pro-am-follower-3-dance/F-234,2024-06-disco-america,unmatched,Katie Valentine and Robert Chukrallah,,follower,eepro
2024-06-disco-america/intermediate-pro-am-follower-3-dance,2024-06-disco-america/intermediate-pro-am-follower-3-dance/F-268,2024-06-disco-america,unmatched,Marla Conley and Lori Ann Roche,,follower,eepro
2024-06-disco-america/intermediate-pro-am-follower-3-dance,2024-06-disco-america/intermediate-pro-am-follower-3-dance/F-291,2024-06-disco-america,unmatched,Maria Hurd and Jameson Kilburn,,follower,eepro
2024-06-disco-america/intermediate-pro-am-follower-3-dance,2024-06-disco-america/intermediate-pro-am-follower-3-dance/F-name-deborah-blumenthal-and-christopher-crevatas,2024-06-disco-america,unmatched,Deborah Blumenthal and Christopher Crevatas,,follower,eepro
2024-06-disco-america/intermediate-pro-am-follower-bachata,2024-06-disco-america/intermediate-pro-am-follower-bachata/F-103,2024-06-disco-america,unmatched,Lynne Moore and Sharonne Vinokurov,,follower,eepro
2024-06-disco-america/intermediate-pro-am-follower-bachata,2024-06-disco-america/intermediate-pro-am-follower-bachata/F-234,2024-06-disco-america,unmatched,Katie Valentine and Robert Chukrallah,,follower,eepro
2024-06-disco-america/intermediate-pro-am-follower-bachata,2024-06-disco-america/intermediate-pro-am-follower-bachata/F-291,2024-06-disco-america,unmatched,Maria Hurd and Gustavo Rueda,,follower,eepro
2024-06-disco-america/intermediate-pro-am-follower-bachata,2024-06-disco-america/intermediate-pro-am-follower-bachata/F-name-kaydee-molnar-and-nick-pfeiffer,2024-06-disco-america,unmatched,Kaydee Molnar and Nick Pfeiffer,,follower,eepro
2024-06-disco-america/intermediate-pro-am-follower-salsa,2024-06-disco-america/intermediate-pro-am-follower-salsa/F-103,2024-06-disco-america,unmatched,Lynne Moore and Sharonne Vinokurov,,follower,eepro
2024-06-disco-america/intermediate-pro-am-follower-salsa,2024-06-disco-america/intermediate-pro-am-follower-salsa/F-118,2024-06-disco-america,unmatched,Kaydee Molnar and Nick Pfeiffer,,follower,eepro
2024-06-disco-america/intermediate-pro-am-follower-salsa,2024-06-disco-america/intermediate-pro-am-follower-salsa/F-132,2024-06-disco-america,unmatched,Deborah Cacase and Robert Lawrence,,follower,eepro
2024-06-disco-america/intermediate-pro-am-follower-salsa,2024-06-disco-america/intermediate-pro-am-follower-salsa/F-144,2024-06-disco-america,unmatched,Rachael Palilio and Roberto Pagan,,follower,eepro
2024-06-disco-america/intermediate-pro-am-follower-salsa,2024-06-disco-america/intermediate-pro-am-follower-salsa/F-255,2024-06-disco-america,unmatched,Denise Higgins and Steven James,,follower,eepro
2024-06-disco-america/intermediate-pro-am-follower-salsa,2024-06-disco-america/intermediate-pro-am-follower-salsa/F-268,2024-06-disco-america,unmatched,Marla Conley and Lori Ann Roche,,follower,eepro
2024-06-disco-america/intermediate-pro-am-follower-salsa,2024-06-disco-america/intermediate-pro-am-follower-salsa/F-291,2024-06-disco-america,unmatched,Maria Hurd and Jameson,,follower,eepro
2024-06-disco-america/intermediate-pro-am-follower,2024-06-disco-america/intermediate-pro-am-follower/F-124,2024-06-disco-america,unmatched,Sara Jones and Gustavo Rueda,,follower,eepro
2024-06-disco-america/intermediate-pro-am-follower,2024-06-disco-america/intermediate-pro-am-follower/F-268,2024-06-disco-america,unmatched,Marla Conley and Lori Ann Roche,,follower,eepro
2024-06-disco-america/novice-amateur-just-salsa-novice,2024-06-disco-america/novice-amateur-just-salsa-novice/L-271,2024-06-disco-america,unmatched,Ronald Almagro and Briana Simoes,,leader,eepro
2024-06-disco-america/novice-amateur-just-wcs-novice,2024-06-disco-america/novice-amateur-just-wcs-novice/L-105,2024-06-disco-america,unmatched,James Mignone and Debra Kaye,,leader,eepro
2024-06-disco-america/novice-pro-am-follower-3-dance,2024-06-disco-america/novice-pro-am-follower-3-dance/F-245,2024-06-disco-america,unmatched,EvaVictoria White and Gustavo Rueda,,follower,eepro
2024-06-disco-america/novice-pro-am-follower-bachata,2024-06-disco-america/novice-pro-am-follower-bachata/F-110,2024-06-disco-america,unmatched,Emily Morales Medina and Roberto Pagan,,follower,eepro
2024-06-disco-america/novice-pro-am-follower-bachata,2024-06-disco-america/novice-pro-am-follower-bachata/F-132,2024-06-disco-america,unmatched,Deborah Cacase and Robert Lawrence,,follower,eepro
2024-06-disco-america/novice-pro-am-follower-salsa,2024-06-disco-america/novice-pro-am-follower-salsa/F-110,2024-06-disco-america,unmatched,Emily Morales Medina and Roberto Pagan,,follower,eepro
2024-06-disco-america/novice-pro-am-follower-salsa,2024-06-disco-america/novice-pro-am-follower-salsa/F-124,2024-06-disco-america,unmatched,Sara Jones and Sharrone,,follower,eepro
2024-06-disco-america/novice-pro-am-follower-salsa,2024-06-disco-america/novice-pro-am-follower-salsa/F-245,2024-06-disco-america,unmatched,EvaVictoria White and Sharone,,follower,eepro
2024-06-disco-america/novice-pro-am-follower-salsa,2024-06-disco-america/novice-pro-am-follower-salsa/F-268,2024-06-disco-america,unmatched,Marla Conley and Lori Ann Roche,,follower,eepro
2024-06-disco-america/novice-pro-am-follower,2024-06-disco-america/novice-pro-am-follower/F-124,2024-06-disco-america,unmatched,Sara Jones and Gustavo Rueda,,follower,eepro
2024-06-disco-america/novice-pro-am-follower,2024-06-disco-america/novice-pro-am-follower/F-234,2024-06-disco-america,unmatched,Katie Valentine and Robert Chukrallah,,follower,eepro
2024-06-disco-america/novice-pro-am-follower,2024-06-disco-america/novice-pro-am-follower/F-245,2024-06-disco-america,unmatched,EvaVictoria White and Gustavo R,,follower,eepro
2024-06-disco-america/novice-pro-am-follower,2024-06-disco-america/novice-pro-am-follower/F-268,2024-06-disco-america,unmatched,Marla Conley and Lori Ann Roche,,follower,eepro
2024-06-disco-america/novice-pro-am-leader-bachata,2024-06-disco-america/novice-pro-am-leader-bachata/L-201,2024-06-disco-america,unmatched,Dirk F Moore and Sharonne Vinokurov,,leader,eepro
2024-06-disco-america/novice-pro-am-leader,2024-06-disco-america/novice-pro-am-leader/L-201,2024-06-disco-america,unmatched,Dirk F Moore and Sharonne Vinokurov,,leader,eepro
2024-06-disco-america/open-open-team-division,2024-06-disco-america/open-open-team-division/L-001,2024-06-disco-america,unmatched,Beat Brigade and RainerTrubere,,leader,eepro
2024-06-disco-america/other-advanced-amateur-just-hustle-advanced,2024-06-disco-america/other-advanced-amateur-just-hustle-advanced/L-1,2024-06-disco-america,unmatched,Bob Goot and Rose Burns,,leader,eepro
2024-06-disco-america/other-advanced-amateur-just-hustle-advanced,2024-06-disco-america/other-advanced-amateur-just-hustle-advanced/L-228,2024-06-disco-america,unmatched,Jack Ciecka and Anne-Marie Gavlas,,leader,eepro
2024-06-disco-america/other-advanced-amateur-just-hustle-silver-50-advanced,2024-06-disco-america/other-advanced-amateur-just-hustle-silver-50-advanced/L-204,2024-06-disco-america,unmatched,Bob Goot and Rose Burns,,leader,eepro
2024-06-disco-america/other-advanced-amateur-just-hustle-silver-50-advanced,2024-06-disco-america/other-advanced-amateur-just-hustle-silver-50-advanced/L-228,2024-06-disco-america,unmatched,Jack Ciecka and Anne Marie Gavlas,,leader,eepro
2024-06-disco-america/other-advanced-amateur-just-hustle-silver-50-advanced,2024-06-disco-america/other-advanced-amateur-just-hustle-silver-50-advanced/L-232,2024-06-disco-america,unmatched,Michael Phillip and Renee George,,leader,eepro
2024-06-disco-america/other-advanced-pro-am-follower-hustle-silver-50,2024-06-disco-america/other-advanced-pro-am-follower-hustle-silver-50/F-132,2024-06-disco-america,unmatched,Deborah Cacase and Robert Lawrence,,follower,eepro
2024-06-disco-america/other-advanced-pro-am-follower-hustle-silver-50,2024-06-disco-america/other-advanced-pro-am-follower-hustle-silver-50/F-135,2024-06-disco-america,unmatched,Barbara Gandy and Jaime Serna,,follower,eepro
2024-06-disco-america/other-advanced-pro-am-follower-hustle-silver-50,2024-06-disco-america/other-advanced-pro-am-follower-hustle-silver-50/F-139,2024-06-disco-america,unmatched,Kathryn Johanessen and Jameson Kilburn,,follower,eepro
2024-06-disco-america/other-advanced-pro-am-follower-hustle-silver-50,2024-06-disco-america/other-advanced-pro-am-follower-hustle-silver-50/F-229,2024-06-disco-america,unmatched,Carolina Castillo and Abdiel Jacobsen,,follower,eepro
2024-06-disco-america/other-advanced-pro-am-follower-hustle-silver-50,2024-06-disco-america/other-advanced-pro-am-follower-hustle-silver-50/F-231,2024-06-disco-america,unmatched,Renee George and Rainer Trubere,,follower,eepro
2024-06-disco-america/other-advanced-pro-am-follower-hustle-silver-50,2024-06-disco-america/other-advanced-pro-am-follower-hustle-silver-50/F-277,2024-06-disco-america,unmatched,Rose Burns and Jaime Serna,,follower,eepro
2024-06-disco-america/other-advanced-pro-am-follower-hustle-silver-50,2024-06-disco-america/other-advanced-pro-am-follower-hustle-silver-50/F-291,2024-06-disco-america,unmatched,Maria Hurd and Daniel McGee,,follower,eepro
2024-06-disco-america/other-advanced-pro-am-follower-hustle,2024-06-disco-america/other-advanced-pro-am-follower-hustle/F-124,2024-06-disco-america,unmatched,Sara Jones and Jaime Serna,,follower,eepro
2024-06-disco-america/other-advanced-pro-am-follower-hustle,2024-06-disco-america/other-advanced-pro-am-follower-hustle/F-132,2024-06-disco-america,unmatched,Deborah Cacase and Robert Lawrence,,follower,eepro
2024-06-disco-america/other-advanced-pro-am-follower-hustle,2024-06-disco-america/other-advanced-pro-am-follower-hustle/F-135,2024-06-disco-america,unmatched,Barbara Gandy and Jaime Serna,,follower,eepro
2024-06-disco-america/other-advanced-pro-am-follower-hustle,2024-06-disco-america/other-advanced-pro-am-follower-hustle/F-139,2024-06-disco-america,unmatched,Kathryn Johanessen and Jameson Kilburn,,follower,eepro
2024-06-disco-america/other-advanced-pro-am-follower-hustle,2024-06-disco-america/other-advanced-pro-am-follower-hustle/F-152,2024-06-disco-america,unmatched,Melissa Cibelli and Robert Lawrence,,follower,eepro
2024-06-disco-america/other-advanced-pro-am-follower-hustle,2024-06-disco-america/other-advanced-pro-am-follower-hustle/F-229,2024-06-disco-america,unmatched,Carolina Castillo and Abdiel Jacobsen,,follower,eepro
2024-06-disco-america/other-advanced-pro-am-follower-hustle,2024-06-disco-america/other-advanced-pro-am-follower-hustle/F-235,2024-06-disco-america,unmatched,Anna Patterson and Jaime Serna,,follower,eepro
2024-06-disco-america/other-advanced-pro-am-follower-hustle,2024-06-disco-america/other-advanced-pro-am-follower-hustle/F-253,2024-06-disco-america,unmatched,Audrey Rigsbee and Daniel McGee,,follower,eepro
2024-06-disco-america/other-advanced-pro-am-follower-hustle,2024-06-disco-america/other-advanced-pro-am-follower-hustle/F-300,2024-06-disco-america,unmatched,Alisa Pasciuto and abdiel Jacobsen,,follower,eepro
2024-06-disco-america/other-advanced-pro-am-follower-hustle,2024-06-disco-america/other-advanced-pro-am-follower-hustle/F-92,2024-06-disco-america,unmatched,Monique Esposito and Jamie Serna,,follower,eepro
2024-06-disco-america/other-advanced-pro-am-leader-hustle-silver-50,2024-06-disco-america/other-advanced-pro-am-leader-hustle-silver-50/L-204,2024-06-disco-america,unmatched,Bob Goot and Erica Smith,,leader,eepro
2024-06-disco-america/other-advanced-pro-am-leader-hustle-silver-50,2024-06-disco-america/other-advanced-pro-am-leader-hustle-silver-50/L-228,2024-06-disco-america,unmatched,Jack Ciecka and Ashely Lumberg,,leader,eepro
2024-06-disco-america/other-advanced-pro-am-leader-hustle-silver-50,2024-06-disco-america/other-advanced-pro-am-leader-hustle-silver-50/L-244,2024-06-disco-america,unmatched,David Cicalese and Annie Lebedeva,,leader,eepro
2024-06-disco-america/other-advanced-pro-am-leader-hustle,2024-06-disco-america/other-advanced-pro-am-leader-hustle/L-204,2024-06-disco-america,unmatched,Bob Goot and Erica Smith,,leader,eepro
2024-06-disco-america/other-advanced-pro-am-leader-hustle,2024-06-disco-america/other-advanced-pro-am-leader-hustle/L-228,2024-06-disco-america,unmatched,Jack Ciecka and Ashely Lumberg,,leader,eepro
2024-06-disco-america/other-advanced-pro-am-leader-hustle,2024-06-disco-america/other-advanced-pro-am-leader-hustle/L-244,2024-06-disco-america,unmatched,David Cicalese and Daniel McGee,,leader,eepro
2024-06-disco-america/other-amateur-just-hustle-pre-adv,2024-06-disco-america/other-amateur-just-hustle-pre-adv/L-272,2024-06-disco-america,unmatched,Mei Cheung and Aly Blake,,leader,eepro
2024-06-disco-america/other-amateur-just-hustle-pre-int,2024-06-disco-america/other-amateur-just-hustle-pre-int/L-129,2024-06-disco-america,unmatched,Edwin Hisona and Cara Lyons,,leader,eepro
2024-06-disco-america/other-amateur-just-hustle-pre-int,2024-06-disco-america/other-amateur-just-hustle-pre-int/L-232,2024-06-disco-america,unmatched,Michael Phillip and Renee George,,leader,eepro
2024-06-disco-america/other-amateur-just-hustle-pre-int,2024-06-disco-america/other-amateur-just-hustle-pre-int/L-267,2024-06-disco-america,unmatched,Tony Castro and Jacquie Vasques,,leader,eepro
2024-06-disco-america/other-classic-follower-proam-hustle,2024-06-disco-america/other-classic-follower-proam-hustle/F-139,2024-06-disco-america,unmatched,Kathryn Johanessen and Jameson Kilburn,,follower,eepro
2024-06-disco-america/other-intermediate-amateur-just-hustle-intermediate,2024-06-disco-america/other-intermediate-amateur-just-hustle-intermediate/L-129,2024-06-disco-america,unmatched,Edwin Hisona and Cara Lyons,,leader,eepro
2024-06-disco-america/other-intermediate-amateur-just-hustle-intermediate,2024-06-disco-america/other-intermediate-amateur-just-hustle-intermediate/L-224,2024-06-disco-america,unmatched,Glenn Ninonuevo and Marina Zats,,leader,eepro
2024-06-disco-america/other-intermediate-amateur-just-hustle-intermediate,2024-06-disco-america/other-intermediate-amateur-just-hustle-intermediate/L-232,2024-06-disco-america,unmatched,Michael Phillip and Renee George,,leader,eepro
2024-06-disco-america/other-intermediate-amateur-just-hustle-intermediate,2024-06-disco-america/other-intermediate-amateur-just-hustle-intermediate/L-251,2024-06-disco-america,unmatched,Kathi Breen and Daniel Gioioso,,leader,eepro
2024-06-disco-america/other-intermediate-amateur-just-hustle-intermediate,2024-06-disco-america/other-intermediate-amateur-just-hustle-intermediate/L-272,2024-06-disco-america,unmatched,Mei Cheung and Aly Blake,,leader,eepro
2024-06-disco-america/other-intermediate-amateur-just-hustle-silver-50-intermediate,2024-06-disco-america/other-intermediate-amateur-just-hustle-silver-50-intermediate/L-104,2024-06-disco-america,unmatched,Myrma Santiago and Abraham Nieves,,leader,eepro
2024-06-disco-america/other-intermediate-amateur-just-hustle-silver-50-intermediate,2024-06-disco-america/other-intermediate-amateur-just-hustle-silver-50-intermediate/L-105,2024-06-disco-america,unmatched,James Mignone and Debra Kaye,,leader,eepro
2024-06-disco-america/other-intermediate-amateur-just-hustle-silver-50-intermediate,2024-06-disco-america/other-intermediate-amateur-just-hustle-silver-50-intermediate/L-224,2024-06-disco-america,unmatched,Glenn Ninonuevo and Marina Zats,,leader,eepro
2024-06-disco-america/other-intermediate-amateur-just-hustle-silver-50-intermediate,2024-06-disco-america/other-intermediate-amateur-just-hustle-silver-50-intermediate/L-226,2024-06-disco-america,unmatched,Joe Fabrizio and Patricia Fortier,,leader,eepro
2024-06-disco-america/other-intermediate-amateur-just-hustle-silver-50-intermediate,2024-06-disco-america/other-intermediate-amateur-just-hustle-silver-50-intermediate/L-232,2024-06-disco-america,unmatched,Michael Phillip and Renee George,,leader,eepro
2024-06-disco-america/other-intermediate-amateur-just-hustle-silver-50-intermediate,2024-06-disco-america/other-intermediate-amateur-just-hustle-silver-50-intermediate/L-251,2024-06-disco-america,unmatched,Kathi Breen and Daniel Gioioso,,leader,eepro
2024-06-disco-america/other-intermediate-pro-am-follower-hustle-silver-50,2024-06-disco-america/other-intermediate-pro-am-follower-hustle-silver-50/F-102,2024-06-disco-america,unmatched,Michele Shore and Christopher Crevatas,,follower,eepro
2024-06-disco-america/other-intermediate-pro-am-follower-hustle-silver-50,2024-06-disco-america/other-intermediate-pro-am-follower-hustle-silver-50/F-130,2024-06-disco-america,unmatched,Daniel Gioioso and Daniel McGee,,follower,eepro
2024-06-disco-america/other-intermediate-pro-am-follower-hustle-silver-50,2024-06-disco-america/other-intermediate-pro-am-follower-hustle-silver-50/F-231,2024-06-disco-america,unmatched,Renee George and Rainer Trubere,,follower,eepro
2024-06-disco-america/other-intermediate-pro-am-follower-hustle-silver-50,2024-06-disco-america/other-intermediate-pro-am-follower-hustle-silver-50/F-234,2024-06-disco-america,unmatched,Katie Valentine and Robert Chukrallah,,follower,eepro
2024-06-disco-america/other-intermediate-pro-am-follower-hustle-silver-50,2024-06-disco-america/other-intermediate-pro-am-follower-hustle-silver-50/F-256,2024-06-disco-america,unmatched,Karen Mirabelli and Daniel McGee,,follower,eepro
2024-06-disco-america/other-intermediate-pro-am-follower-hustle-silver-50,2024-06-disco-america/other-intermediate-pro-am-follower-hustle-silver-50/F-291,2024-06-disco-america,unmatched,Maria Hurd and Daniel McGee,,follower,eepro
2024-06-disco-america/other-intermediate-pro-am-follower-hustle,2024-06-disco-america/other-intermediate-pro-am-follower-hustle/F-101,2024-06-disco-america,unmatched,jacqueline Vargas and Robert Lawrence,,follower,eepro
2024-06-disco-america/other-intermediate-pro-am-follower-hustle,2024-06-disco-america/other-intermediate-pro-am-follower-hustle/F-108,2024-06-disco-america,unmatched,Andrea Clemens and Daniel McGee,,follower,eepro
2024-06-disco-america/other-intermediate-pro-am-follower-hustle,2024-06-disco-america/other-intermediate-pro-am-follower-hustle/F-144,2024-06-disco-america,unmatched,Rachael Palilio and Roberto Pagan,,follower,eepro
2024-06-disco-america/other-intermediate-pro-am-follower-hustle,2024-06-disco-america/other-intermediate-pro-am-follower-hustle/F-225,2024-06-disco-america,unmatched,Patricia Fortier and Danny McGee,,follower,eepro
2024-06-disco-america/other-intermediate-pro-am-follower-hustle,2024-06-disco-america/other-intermediate-pro-am-follower-hustle/F-231,2024-06-disco-america,unmatched,Renee George and Rainer Trubere,,follower,eepro
2024-06-disco-america/other-intermediate-pro-am-follower-hustle,2024-06-disco-america/other-intermediate-pro-am-follower-hustle/F-236,2024-06-disco-america,unmatched,Jaime Goodrich and Abdiel Jacobs,,follower,eepro
2024-06-disco-america/other-intermediate-pro-am-follower-hustle,2024-06-disco-america/other-intermediate-pro-am-follower-hustle/F-254,2024-06-disco-america,unmatched,Gianna Granato and Daniel McGee,,follower,eepro
2024-06-disco-america/other-intermediate-pro-am-follower-hustle,2024-06-disco-america/other-intermediate-pro-am-follower-hustle/F-255,2024-06-disco-america,unmatched,Denise Higgins and Steven James,,follower,eepro
2024-06-disco-america/other-intermediate-pro-am-follower-hustle,2024-06-disco-america/other-intermediate-pro-am-follower-hustle/F-256,2024-06-disco-america,unmatched,Karen Mirabelli and Daniel McGee,,follower,eepro
2024-06-disco-america/other-intermediate-pro-am-follower-hustle,2024-06-disco-america/other-intermediate-pro-am-follower-hustle/F-268,2024-06-disco-america,unmatched,Marla Conley and Lori Ann Roche,,follower,eepro
2024-06-disco-america/other-intermediate-pro-am-follower-hustle,2024-06-disco-america/other-intermediate-pro-am-follower-hustle/F-277,2024-06-disco-america,unmatched,Rose Burns and Jaime Serna,,follower,eepro
2024-06-disco-america/other-intermediate-pro-am-follower-hustle,2024-06-disco-america/other-intermediate-pro-am-follower-hustle/F-283,2024-06-disco-america,unmatched,Marina Zats and Jaime Serna,,follower,eepro
2024-06-disco-america/other-intermediate-pro-am-follower-hustle,2024-06-disco-america/other-intermediate-pro-am-follower-hustle/F-291,2024-06-disco-america,unmatched,Maria Hurd and Daniel Mc Gee,,follower,eepro
2024-06-disco-america/other-intermediate-pro-am-follower-hustle,2024-06-disco-america/other-intermediate-pro-am-follower-hustle/F-98,2024-06-disco-america,unmatched,Jennifer Yeager and Michael Petroski,,follower,eepro
2024-06-disco-america/other-intermediate-pro-am-follower-hustle,2024-06-disco-america/other-intermediate-pro-am-follower-hustle/F-name-kaydee-molnar-and-nick-pfeiffer,2024-06-disco-america,unmatched,Kaydee Molnar and Nick Pfeiffer,,follower,eepro
2024-06-disco-america/other-intermediate-pro-am-leader-hustle-silver-50,2024-06-disco-america/other-intermediate-pro-am-leader-hustle-silver-50/L-221,2024-06-disco-america,unmatched,James Patrick and Taryn Rucinski,,leader,eepro
2024-06-disco-america/other-intermediate-pro-am-leader-hustle-silver-50,2024-06-disco-america/other-intermediate-pro-am-leader-hustle-silver-50/L-226,2024-06-disco-america,unmatched,joseph fabrizio and Ashely Lumberg,,leader,eepro
2024-06-disco-america/other-intermediate-pro-am-leader-hustle-silver-50,2024-06-disco-america/other-intermediate-pro-am-leader-hustle-silver-50/L-90,2024-06-disco-america,unmatched,James Rosin and Ashely Lumberg,,leader,eepro
2024-06-disco-america/other-intermediate-pro-am-leader-hustle,2024-06-disco-america/other-intermediate-pro-am-leader-hustle/L-154,2024-06-disco-america,unmatched,Edmund Tan and Diane Nardone,,leader,eepro
2024-06-disco-america/other-intermediate-pro-am-leader-hustle,2024-06-disco-america/other-intermediate-pro-am-leader-hustle/L-221,2024-06-disco-america,unmatched,James Patrick and Taryn Rucinski,,leader,eepro
2024-06-disco-america/other-intermediate-pro-am-leader-hustle,2024-06-disco-america/other-intermediate-pro-am-leader-hustle/L-90,2024-06-disco-america,unmatched,James Rosin and ASHELY LUMBERG,,leader,eepro
2024-06-disco-america/other-novice-amateur-just-hustle-novice,2024-06-disco-america/other-novice-amateur-just-hustle-novice/L-267,2024-06-disco-america,unmatched,Tony Castro and Denise Castro,,leader,eepro
2024-06-disco-america/other-novice-amateur-just-hustle-novice,2024-06-disco-america/other-novice-amateur-just-hustle-novice/L-271,2024-06-disco-america,unmatched,Ronald Almagro and Briana Simoes,,leader,eepro
2024-06-disco-america/other-novice-amateur-just-hustle-silver-50-novice,2024-06-disco-america/other-novice-amateur-just-hustle-silver-50-novice/L-267,2024-06-disco-america,unmatched,Tony Castro and Denise Castro,,leader,eepro
2024-06-disco-america/other-novice-pro-am-follower-hustle-silver-50,2024-06-disco-america/other-novice-pro-am-follower-hustle-silver-50/F-115,2024-06-disco-america,unmatched,Cynthia Vasquez and Luc Tshiboyi,,follower,eepro
2024-06-disco-america/other-novice-pro-am-follower-hustle-silver-50,2024-06-disco-america/other-novice-pro-am-follower-hustle-silver-50/F-125,2024-06-disco-america,unmatched,Nancy Ross and Luc Tshiboyi,,follower,eepro
2024-06-disco-america/other-novice-pro-am-follower-hustle-silver-50,2024-06-disco-america/other-novice-pro-am-follower-hustle-silver-50/F-89,2024-06-disco-america,unmatched,Laurie Jones and Christopher Crevatas,,follower,eepro
2024-06-disco-america/other-novice-pro-am-follower-hustle-silver-50,2024-06-disco-america/other-novice-pro-am-follower-hustle-silver-50/F-name-tracy-figueroa-and-christopher-crevatas,2024-06-disco-america,unmatched,Tracy Figueroa and Christopher Crevatas,,follower,eepro
2024-06-disco-america/other-novice-pro-am-follower-hustle,2024-06-disco-america/other-novice-pro-am-follower-hustle/F-110,2024-06-disco-america,unmatched,Emily Morales Medina and Roberto Pagan,,follower,eepro
2024-06-disco-america/other-novice-pro-am-follower-hustle,2024-06-disco-america/other-novice-pro-am-follower-hustle/F-115,2024-06-disco-america,unmatched,Cynthia Vasquez and Luc Tshiboyi,,follower,eepro
2024-06-disco-america/other-novice-pro-am-follower-hustle,2024-06-disco-america/other-novice-pro-am-follower-hustle/F-119,2024-06-disco-america,unmatched,Audrey Abramowitz and Sharrone,,follower,eepro
2024-06-disco-america/other-novice-pro-am-follower-hustle,2024-06-disco-america/other-novice-pro-am-follower-hustle/F-125,2024-06-disco-america,unmatched,Nancy Ross and Luc Tshiboyi,,follower,eepro
2024-06-disco-america/other-novice-pro-am-follower-hustle,2024-06-disco-america/other-novice-pro-am-follower-hustle/F-236,2024-06-disco-america,unmatched,Jaime Goodrich and Abdiel Jacobsen,,follower,eepro
2024-06-disco-america/other-novice-pro-am-follower-hustle,2024-06-disco-america/other-novice-pro-am-follower-hustle/F-245,2024-06-disco-america,unmatched,EvaVictoria White and Gustavo Rueda,,follower,eepro
2024-06-disco-america/other-novice-pro-am-follower-hustle,2024-06-disco-america/other-novice-pro-am-follower-hustle/F-252,2024-06-disco-america,unmatched,Barbara Lapido and Annie Lebedeva,,follower,eepro
2024-06-disco-america/other-novice-pro-am-follower-hustle,2024-06-disco-america/other-novice-pro-am-follower-hustle/F-89,2024-06-disco-america,unmatched,Laurie Jones and Christopher Crevatas,,follower,eepro
2024-06-disco-america/other-novice-pro-am-follower-hustle,2024-06-disco-america/other-novice-pro-am-follower-hustle/F-94,2024-06-disco-america,unmatched,Kylie Foley and Michael Petroski,,follower,eepro
2024-06-disco-america/other-novice-pro-am-follower-hustle,2024-06-disco-america/other-novice-pro-am-follower-hustle/F-name-tracy-figueroa-and-christopher-crevatas,2024-06-disco-america,unmatched,Tracy Figueroa and Christopher Crevatas,,follower,eepro
2024-06-disco-america/other-novice-pro-am-leader-hustle,2024-06-disco-america/other-novice-pro-am-leader-hustle/L-104,2024-06-disco-america,unmatched,Abraham Nieves and Diane Nardone,,leader,eepro
2024-06-disco-america/other-pro-am-follower-hustle-pre-adv,2024-06-disco-america/other-pro-am-follower-hustle-pre-adv/F-108,2024-06-disco-america,unmatched,Andrea Clemens and Daniel McGee,,follower,eepro
2024-06-disco-america/other-pro-am-follower-hustle-pre-adv,2024-06-disco-america/other-pro-am-follower-hustle-pre-adv/F-118,2024-06-disco-america,unmatched,Kaydee Molnar and Nick Pfeiffer,,follower,eepro
2024-06-disco-america/other-pro-am-follower-hustle-pre-adv,2024-06-disco-america/other-pro-am-follower-hustle-pre-adv/F-124,2024-06-disco-america,unmatched,Sara Jones and Jaime Serna,,follower,eepro
2024-06-disco-america/other-pro-am-follower-hustle-pre-adv,2024-06-disco-america/other-pro-am-follower-hustle-pre-adv/F-135,2024-06-disco-america,unmatched,Barbara Gandy and Jaime Serna,,follower,eepro
2024-06-disco-america/other-pro-am-follower-hustle-pre-adv,2024-06-disco-america/other-pro-am-follower-hustle-pre-adv/F-229,2024-06-disco-america,unmatched,Carolina Castillo and Abdiel Jacobsen,,follower,eepro
2024-06-disco-america/other-pro-am-follower-hustle-pre-adv,2024-06-disco-america/other-pro-am-follower-hustle-pre-adv/F-235,2024-06-disco-america,unmatched,Anna Patterson and Jaime Serna,,follower,eepro
2024-06-disco-america/other-pro-am-follower-hustle-pre-adv,2024-06-disco-america/other-pro-am-follower-hustle-pre-adv/F-255,2024-06-disco-america,possible,Denise Higgins and Steven James,,follower,eepro
2024-06-disco-america/other-pro-am-follower-hustle-pre-adv,2024-06-disco-america/other-pro-am-follower-hustle-pre-adv/F-256,2024-06-disco-america,unmatched,Karen Mirabelli and Daniel McGee,,follower,eepro
2024-06-disco-america/other-pro-am-follower-hustle-pre-adv,2024-06-disco-america/other-pro-am-follower-hustle-pre-adv/F-268,2024-06-disco-america,unmatched,Marla Conley and Lori Ann Roche,,follower,eepro
2024-06-disco-america/other-pro-am-follower-hustle-pre-adv,2024-06-disco-america/other-pro-am-follower-hustle-pre-adv/F-277,2024-06-disco-america,unmatched,Rose Burns and Jaime Serna,,follower,eepro
2024-06-disco-america/other-pro-am-follower-hustle-pre-adv,2024-06-disco-america/other-pro-am-follower-hustle-pre-adv/F-283,2024-06-disco-america,unmatched,Marina Zats and Jaime Serna,,follower,eepro
2024-06-disco-america/other-pro-am-follower-hustle-pre-adv,2024-06-disco-america/other-pro-am-follower-hustle-pre-adv/F-291,2024-06-disco-america,unmatched,Maria Hurd and Daniel Mc Gee,,follower,eepro
2024-06-disco-america/other-pro-am-follower-hustle-pre-adv,2024-06-disco-america/other-pro-am-follower-hustle-pre-adv/F-92,2024-06-disco-america,unmatched,Monique Esposito and Jamie Serna,,follower,eepro
2024-06-disco-america/other-pro-am-follower-hustle-pre-int,2024-06-disco-america/other-pro-am-follower-hustle-pre-int/F-101,2024-06-disco-america,unmatched,jacqueline Vargas and Robert Lawrence,,follower,eepro
2024-06-disco-america/other-pro-am-follower-hustle-pre-int,2024-06-disco-america/other-pro-am-follower-hustle-pre-int/F-102,2024-06-disco-america,unmatched,Michele Shore and Christopher Crevatas,,follower,eepro
2024-06-disco-america/other-pro-am-follower-hustle-pre-int,2024-06-disco-america/other-pro-am-follower-hustle-pre-int/F-115,2024-06-disco-america,unmatched,Cynthia Vasquez and Luc Tshiboyi,,follower,eepro
2024-06-disco-america/other-pro-am-follower-hustle-pre-int,2024-06-disco-america/other-pro-am-follower-hustle-pre-int/F-130,2024-06-disco-america,unmatched,Daniel Gioioso and Daniel McGee,,follower,eepro
2024-06-disco-america/other-pro-am-follower-hustle-pre-int,2024-06-disco-america/other-pro-am-follower-hustle-pre-int/F-231,2024-06-disco-america,unmatched,Renee George and Rainer Trubere,,follower,eepro
2024-06-disco-america/other-pro-am-follower-hustle-pre-int,2024-06-disco-america/other-pro-am-follower-hustle-pre-int/F-236,2024-06-disco-america,unmatched,Jaime Goodrich and Abdiel Jacobsen,,follower,eepro
2024-06-disco-america/other-pro-am-follower-hustle-pre-int,2024-06-disco-america/other-pro-am-follower-hustle-pre-int/F-254,2024-06-disco-america,unmatched,Gianna Granato and Daniel McGee,,follower,eepro
2024-06-disco-america/other-pro-am-follower-hustle-pre-int,2024-06-disco-america/other-pro-am-follower-hustle-pre-int/F-268,2024-06-disco-america,unmatched,Marla Conley and Lori Ann Roche,,follower,eepro
2024-06-disco-america/other-pro-am-follower-hustle-pre-int,2024-06-disco-america/other-pro-am-follower-hustle-pre-int/F-98,2024-06-disco-america,unmatched,Jennifer Yeager and Michael Petroski,,follower,eepro
2024-06-disco-america/other-pro-am-follower-hustle-pre-nov,2024-06-disco-america/other-pro-am-follower-hustle-pre-nov/F-106,2024-06-disco-america,unmatched,Tracy Figueroa and Christopher Crevatas,,follower,eepro
2024-06-disco-america/other-pro-am-follower-hustle-pre-nov,2024-06-disco-america/other-pro-am-follower-hustle-pre-nov/F-116,2024-06-disco-america,unmatched,Jenn Chung and Taryn Rucinski,,follower,eepro
2024-06-disco-america/other-pro-am-follower-hustle-pre-nov,2024-06-disco-america/other-pro-am-follower-hustle-pre-nov/F-245,2024-06-disco-america,unmatched,EvaVictoria White and Gustavo Rueda,,follower,eepro
2024-06-disco-america/other-pro-am-follower-hustle-pre-nov,2024-06-disco-america/other-pro-am-follower-hustle-pre-nov/F-89,2024-06-disco-america,unmatched,Laurie Jones and Christopher Crevatas,,follower,eepro
2024-06-disco-america/other-pro-am-follower-hustle-pre-nov,2024-06-disco-america/other-pro-am-follower-hustle-pre-nov/F-94,2024-06-disco-america,unmatched,Kylie Foley and Michael Petoski,,follower,eepro
2024-06-disco-america/other-pro-am-follower-hustle-rising-star,2024-06-disco-america/other-pro-am-follower-hustle-rising-star/F-300,2024-06-disco-america,unmatched,Alisa Pasciuto and abdiel Jacobsen,,follower,eepro
2024-06-disco-america/other-pro-am-leader-hustle-pre-adv,2024-06-disco-america/other-pro-am-leader-hustle-pre-adv/L-154,2024-06-disco-america,unmatched,Edmund Tan and Diane Nardone,,leader,eepro
2024-06-disco-america/other-pro-am-leader-hustle-pre-adv,2024-06-disco-america/other-pro-am-leader-hustle-pre-adv/L-221,2024-06-disco-america,unmatched,James Patrick and Taryn Rucinski,,leader,eepro
2024-06-disco-america/other-professional-just-hustle,2024-06-disco-america/other-professional-just-hustle/L-109,2024-06-disco-america,unmatched,Christopher Crevatas and Taryn Rucinski,,leader,eepro
2024-06-disco-america/other-professional-just-hustle,2024-06-disco-america/other-professional-just-hustle/L-111,2024-06-disco-america,probable,Bob Carleone and Sam Sye,11788,leader,eepro
2024-06-disco-america/other-professional-just-hustle,2024-06-disco-america/other-professional-just-hustle/L-133,2024-06-disco-america,unmatched,Michael Petroski and Sharonne Vinokurov,,leader,eepro
2024-06-disco-america/other-professional-just-hustle,2024-06-disco-america/other-professional-just-hustle/L-148,2024-06-disco-america,possible,Marc Brewer and Rose Turuka,,leader,eepro
2024-06-disco-america/other-professional-just-hustle,2024-06-disco-america/other-professional-just-hustle/L-223,2024-06-disco-america,unmatched,Steven James and Annie Lebedeva,,leader,eepro
2024-06-disco-america/other-professional-just-hustle,2024-06-disco-america/other-professional-just-hustle/L-93,2024-06-disco-america,unmatched,Gustavo Rueda and Faustine Lavie,,leader,eepro
2024-06-disco-america/other-sophisticated-advanced-amateur-just-hustle-sophisticated-40-advanced,2024-06-disco-america/other-sophisticated-advanced-amateur-just-hustle-sophisticated-40-advanced/L-204,2024-06-disco-america,unmatched,Bob Goot and Rose Burns,,leader,eepro
2024-06-disco-america/other-sophisticated-advanced-amateur-just-hustle-sophisticated-40-advanced,2024-06-disco-america/other-sophisticated-advanced-amateur-just-hustle-sophisticated-40-advanced/L-228,2024-06-disco-america,unmatched,Jack Ciecka and Anne-Marie Gavlas,,leader,eepro
2024-06-disco-america/other-sophisticated-advanced-amateur-just-hustle-sophisticated-40-advanced,2024-06-disco-america/other-sophisticated-advanced-amateur-just-hustle-sophisticated-40-advanced/L-232,2024-06-disco-america,unmatched,Michael Phillip and Renee George,,leader,eepro
2024-06-disco-america/other-sophisticated-advanced-pro-am-follower-hustle-40,2024-06-disco-america/other-sophisticated-advanced-pro-am-follower-hustle-40/F-108,2024-06-disco-america,unmatched,Andrea Clemens and Daniel McGee,,follower,eepro
2024-06-disco-america/other-sophisticated-advanced-pro-am-follower-hustle-40,2024-06-disco-america/other-sophisticated-advanced-pro-am-follower-hustle-40/F-124,2024-06-disco-america,unmatched,Sara Jones and Jaime Serna,,follower,eepro
2024-06-disco-america/other-sophisticated-advanced-pro-am-follower-hustle-40,2024-06-disco-america/other-sophisticated-advanced-pro-am-follower-hustle-40/F-135,2024-06-disco-america,unmatched,Barbara Gandy and Jaime Serna,,follower,eepro
2024-06-disco-america/other-sophisticated-advanced-pro-am-follower-hustle-40,2024-06-disco-america/other-sophisticated-advanced-pro-am-follower-hustle-40/F-139,2024-06-disco-america,unmatched,Kathryn Johanessen and Jameson Kilburn,,follower,eepro
2024-06-disco-america/other-sophisticated-advanced-pro-am-follower-hustle-40,2024-06-disco-america/other-sophisticated-advanced-pro-am-follower-hustle-40/F-152,2024-06-disco-america,unmatched,Melissa Cibelli and Robert Lawrence,,follower,eepro
2024-06-disco-america/other-sophisticated-advanced-pro-am-follower-hustle-40,2024-06-disco-america/other-sophisticated-advanced-pro-am-follower-hustle-40/F-229,2024-06-disco-america,unmatched,Carolina Castillo and Abdiel Jacobsen,,follower,eepro
2024-06-disco-america/other-sophisticated-advanced-pro-am-follower-hustle-40,2024-06-disco-america/other-sophisticated-advanced-pro-am-follower-hustle-40/F-231,2024-06-disco-america,unmatched,Renee George and Rainer Trubere,,follower,eepro
2024-06-disco-america/other-sophisticated-advanced-pro-am-follower-hustle-40,2024-06-disco-america/other-sophisticated-advanced-pro-am-follower-hustle-40/F-235,2024-06-disco-america,unmatched,Anna Patterson and Jaime Serna,,follower,eepro
2024-06-disco-america/other-sophisticated-advanced-pro-am-follower-hustle-40,2024-06-disco-america/other-sophisticated-advanced-pro-am-follower-hustle-40/F-291,2024-06-disco-america,unmatched,Maria Hurd and Daniel McGee,,follower,eepro
2024-06-disco-america/other-sophisticated-advanced-pro-am-follower-hustle-40,2024-06-disco-america/other-sophisticated-advanced-pro-am-follower-hustle-40/F-92,2024-06-disco-america,unmatched,Monique Esposito and Jamie Serna,,follower,eepro
2024-06-disco-america/other-sophisticated-advanced-pro-am-leader-hustle-40,2024-06-disco-america/other-sophisticated-advanced-pro-am-leader-hustle-40/L-228,2024-06-disco-america,unmatched,Jack Ciecka and Ashely Lumberg,,leader,eepro
2024-06-disco-america/other-sophisticated-advanced-pro-am-leader-hustle-40,2024-06-disco-america/other-sophisticated-advanced-pro-am-leader-hustle-40/L-244,2024-06-disco-america,unmatched,David Cicalese and Annie Lebedeva,,leader,eepro
2024-06-disco-america/other-sophisticated-intermediate-amateur-just-hustle-sophisticated-40-intermediate,2024-06-disco-america/other-sophisticated-intermediate-amateur-just-hustle-sophisticated-40-intermediate/L-224,2024-06-disco-america,unmatched,Glenn Ninonuevo and Marina Zats,,leader,eepro
2024-06-disco-america/other-sophisticated-intermediate-amateur-just-hustle-sophisticated-40-intermediate,2024-06-disco-america/other-sophisticated-intermediate-amateur-just-hustle-sophisticated-40-intermediate/L-226,2024-06-disco-america,unmatched,Joe Fabrizio and Patricia Fortier,,leader,eepro
2024-06-disco-america/other-sophisticated-intermediate-amateur-just-hustle-sophisticated-40-intermediate,2024-06-disco-america/other-sophisticated-intermediate-amateur-just-hustle-sophisticated-40-intermediate/L-232,2024-06-disco-america,unmatched,Michael Phillip and Renee George,,leader,eepro
2024-06-disco-america/other-sophisticated-intermediate-pro-am-follower-hustle-40,2024-06-disco-america/other-sophisticated-intermediate-pro-am-follower-hustle-40/F-231,2024-06-disco-america,unmatched,Renee George and Rainer Trubere,,follower,eepro
2024-06-disco-america/other-sophisticated-intermediate-pro-am-follower-hustle-40,2024-06-disco-america/other-sophisticated-intermediate-pro-am-follower-hustle-40/F-236,2024-06-disco-america,unmatched,Jaime Goodrich and Abdiel Jacobsen,,follower,eepro
2024-06-disco-america/other-sophisticated-intermediate-pro-am-follower-hustle-40,2024-06-disco-america/other-sophisticated-intermediate-pro-am-follower-hustle-40/F-268,2024-06-disco-america,unmatched,Marla Conley and Lori Ann Roche,,follower,eepro
2024-06-disco-america/other-sophisticated-intermediate-pro-am-follower-hustle-40,2024-06-disco-america/other-sophisticated-intermediate-pro-am-follower-hustle-40/F-291,2024-06-disco-america,unmatched,Maria Hurd and Daniel Mc Gee,,follower,eepro
2024-06-disco-america/other-sophisticated-intermediate-pro-am-follower-hustle-40,2024-06-disco-america/other-sophisticated-intermediate-pro-am-follower-hustle-40/F-98,2024-06-disco-america,unmatched,Jennifer Yeager and Michael Petroski,,follower,eepro
2024-06-disco-america/other-sophisticated-intermediate-pro-am-follower-hustle-40,2024-06-disco-america/other-sophisticated-intermediate-pro-am-follower-hustle-40/F-name-andrea-clemens-and-daniel-mcgee,2024-06-disco-america,unmatched,Andrea Clemens and Daniel McGee,,follower,eepro
2024-06-disco-america/other-sophisticated-intermediate-pro-am-follower-hustle-40,2024-06-disco-america/other-sophisticated-intermediate-pro-am-follower-hustle-40/F-name-jessica-gaines-and-christopher-crevatas,2024-06-disco-america,unmatched,Jessica Gaines and Christopher Crevatas,,follower,eepro
2024-06-disco-america/other-sophisticated-intermediate-pro-am-leader-hustle-40,2024-06-disco-america/other-sophisticated-intermediate-pro-am-leader-hustle-40/L-226,2024-06-disco-america,unmatched,joseph fabrizio and Ashely Lumberg,,leader,eepro
2024-06-disco-america/other-sophisticated-intermediate-pro-am-leader-hustle-40,2024-06-disco-america/other-sophisticated-intermediate-pro-am-leader-hustle-40/L-90,2024-06-disco-america,unmatched,James Rosin and Ashely Lumberg,,leader,eepro
2024-06-disco-america/other-sophisticated-novice-pro-am-follower-hustle-40,2024-06-disco-america/other-sophisticated-novice-pro-am-follower-hustle-40/F-115,2024-06-disco-america,unmatched,Cynthia Vasquez and Luc Tshiboyi,,follower,eepro
2024-06-disco-america/other-sophisticated-novice-pro-am-follower-hustle-40,2024-06-disco-america/other-sophisticated-novice-pro-am-follower-hustle-40/F-116,2024-06-disco-america,unmatched,Jenn Chung and Taryn Rucinski,,follower,eepro
2024-06-disco-america/other-sophisticated-novice-pro-am-follower-hustle-40,2024-06-disco-america/other-sophisticated-novice-pro-am-follower-hustle-40/F-236,2024-06-disco-america,unmatched,Jaime Goodrich and Abdiel Jacobsen,,follower,eepro
2024-06-disco-america/pro-am-follower-bachata-silver-50,2024-06-disco-america/pro-am-follower-bachata-silver-50/F-234,2024-06-disco-america,unmatched,Katie Valentine and Robert Chukrallah,,follower,eepro
2024-06-disco-america/pro-am-follower-bachata-silver-50,2024-06-disco-america/pro-am-follower-bachata-silver-50/F-291,2024-06-disco-america,unmatched,Maria Hurd and Gustavo Rueda,,follower,eepro
2024-06-disco-america/pro-am-follower-salsa-silver-50,2024-06-disco-america/pro-am-follower-salsa-silver-50/F-132,2024-06-disco-america,unmatched,Deborah Cacase and Robert Lawrence,,follower,eepro
2024-06-disco-america/pro-am-follower-salsa-silver-50,2024-06-disco-america/pro-am-follower-salsa-silver-50/F-234,2024-06-disco-america,unmatched,Katie Valentine and Robert Chukrallah,,follower,eepro
2024-06-disco-america/pro-am-follower-salsa-silver-50,2024-06-disco-america/pro-am-follower-salsa-silver-50/F-291,2024-06-disco-america,unmatched,Maria Hurd and Jameson,,follower,eepro
2024-06-disco-america/pro-am-follower-theater-arts,2024-06-disco-america/pro-am-follower-theater-arts/F-254,2024-06-disco-america,unmatched,Gianna Granato and Daniel McGee,,follower,eepro
2024-06-disco-america/professional-3-dance,2024-06-disco-america/professional-3-dance/L-109,2024-06-disco-america,unmatched,Christopher Crevatas and Taryn Rucinski,,leader,eepro
2024-06-disco-america/professional-3-dance,2024-06-disco-america/professional-3-dance/L-111,2024-06-disco-america,probable,Bob Carleone and Sam Sye,11788,leader,eepro
2024-06-disco-america/professional-3-dance,2024-06-disco-america/professional-3-dance/L-148,2024-06-disco-america,possible,Marc Brewer and Rose Turuka,,leader,eepro
2024-06-disco-america/showcase-follower-proam,2024-06-disco-america/showcase-follower-proam/F-234,2024-06-disco-america,unmatched,Katie Valentine and Robert Chukrallah,,follower,eepro
2024-06-disco-america/showcase-leader-proam,2024-06-disco-america/showcase-leader-proam/L-221,2024-06-disco-america,unmatched,James Patrick and Taryn Rucinski,,leader,eepro
2025-01-austin-swing-dance-championships/intermediate-strictly-pro-am-am-followers,2025-01-austin-swing-dance-championships/intermediate-strictly-pro-am-am-followers/F-153,2025-01-austin-swing-dance-championships,unmatched,Malin Nyberg and Tommy Schwegmann,,follower,eepro
2025-01-austin-swing-dance-championships/intermediate-strictly-pro-am-am-followers,2025-01-austin-swing-dance-championships/intermediate-strictly-pro-am-am-followers/F-185,2025-01-austin-swing-dance-championships,unmatched,Amanda Vasquez and Sebastian Quinones,,follower,eepro
2025-01-austin-swing-dance-championships/intermediate-strictly-pro-am-am-followers,2025-01-austin-swing-dance-championships/intermediate-strictly-pro-am-am-followers/F-200,2025-01-austin-swing-dance-championships,unmatched,Megan Landau and Mia Primavera,,follower,eepro
2025-01-austin-swing-dance-championships/intermediate-strictly-pro-am-am-followers,2025-01-austin-swing-dance-championships/intermediate-strictly-pro-am-am-followers/F-201,2025-01-austin-swing-dance-championships,unmatched,Lynn Telzer and Keerigan Rudd,,follower,eepro
2025-01-austin-swing-dance-championships/intermediate-strictly-pro-am-am-followers,2025-01-austin-swing-dance-championships/intermediate-strictly-pro-am-am-followers/F-211,2025-01-austin-swing-dance-championships,unmatched,Hannah Haist and Miquel Menendez,,follower,eepro
2025-01-austin-swing-dance-championships/intermediate-strictly-pro-am-am-followers,2025-01-austin-swing-dance-championships/intermediate-strictly-pro-am-am-followers/F-224,2025-01-austin-swing-dance-championships,unmatched,Karrington Haist and Keerigan Rudd,,follower,eepro
2025-01-austin-swing-dance-championships/intermediate-strictly-pro-am-am-followers,2025-01-austin-swing-dance-championships/intermediate-strictly-pro-am-am-followers/F-246,2025-01-austin-swing-dance-championships,unmatched,Elisabeth Garlington and Doug Rousar,,follower,eepro
2025-01-austin-swing-dance-championships/intermediate-strictly-pro-am-am-followers,2025-01-austin-swing-dance-championships/intermediate-strictly-pro-am-am-followers/F-258,2025-01-austin-swing-dance-championships,unmatched,Madison Broussard and Miquel Menendez,,follower,eepro
2025-01-austin-swing-dance-championships/intermediate-strictly-pro-am-am-followers,2025-01-austin-swing-dance-championships/intermediate-strictly-pro-am-am-followers/F-267,2025-01-austin-swing-dance-championships,unmatched,Alyssa Kim and Keerigan Rudd,,follower,eepro
2025-01-austin-swing-dance-championships/intermediate-strictly-pro-am-am-followers,2025-01-austin-swing-dance-championships/intermediate-strictly-pro-am-am-followers/F-276,2025-01-austin-swing-dance-championships,unmatched,Britta Albertson and Keerigan Rudd,,follower,eepro
2025-01-austin-swing-dance-championships/intermediate-strictly-pro-am-am-followers,2025-01-austin-swing-dance-championships/intermediate-strictly-pro-am-am-followers/F-291,2025-01-austin-swing-dance-championships,unmatched,Gaby Sandoval and Michael Hassey,,follower,eepro
2025-01-austin-swing-dance-championships/intermediate-strictly-pro-am-am-followers,2025-01-austin-swing-dance-championships/intermediate-strictly-pro-am-am-followers/F-416,2025-01-austin-swing-dance-championships,unmatched,Tom Teramoto and Keerigan Rudd,,follower,eepro
2025-01-austin-swing-dance-championships/intermediate-strictly-pro-am-am-followers,2025-01-austin-swing-dance-championships/intermediate-strictly-pro-am-am-followers/F-483,2025-01-austin-swing-dance-championships,unmatched,Monica Huang and Sebastian Quinones,,follower,eepro
2025-01-austin-swing-dance-championships/intermediate-strictly-pro-am-am-leaders,2025-01-austin-swing-dance-championships/intermediate-strictly-pro-am-am-leaders/L-129,2025-01-austin-swing-dance-championships,unmatched,Philip Piersol and Mia Primavera,,leader,eepro
2025-01-austin-swing-dance-championships/intermediate-strictly-pro-am-am-leaders,2025-01-austin-swing-dance-championships/intermediate-strictly-pro-am-am-leaders/L-191,2025-01-austin-swing-dance-championships,unmatched,Ryan Osbourn and Kristen Wallace,,leader,eepro
2025-01-austin-swing-dance-championships/intermediate-strictly-pro-am-am-leaders,2025-01-austin-swing-dance-championships/intermediate-strictly-pro-am-am-leaders/L-206,2025-01-austin-swing-dance-championships,unmatched,Jack Carlson and Felicia Hoeppner,,leader,eepro
2025-01-austin-swing-dance-championships/intermediate-strictly-pro-am-am-leaders,2025-01-austin-swing-dance-championships/intermediate-strictly-pro-am-am-leaders/L-241,2025-01-austin-swing-dance-championships,unmatched,George Vasquez and Felicia Hoeppner,,leader,eepro
2025-01-austin-swing-dance-championships/intermediate-strictly-pro-am-am-leaders,2025-01-austin-swing-dance-championships/intermediate-strictly-pro-am-am-leaders/L-242,2025-01-austin-swing-dance-championships,unmatched,Himanshu Paul and Susan Kirklin,,leader,eepro
2025-01-austin-swing-dance-championships/intermediate-strictly-pro-am-am-leaders,2025-01-austin-swing-dance-championships/intermediate-strictly-pro-am-am-leaders/L-250,2025-01-austin-swing-dance-championships,unmatched,Gabriel Hotchkiss and Kaley Thompson,,leader,eepro
2025-01-austin-swing-dance-championships/intermediate-strictly-pro-am-am-leaders,2025-01-austin-swing-dance-championships/intermediate-strictly-pro-am-am-leaders/L-286,2025-01-austin-swing-dance-championships,unmatched,Nicholas Johnson and Susan Kirklin,,leader,eepro
2025-01-austin-swing-dance-championships/intermediate-strictly-pro-am-am-leaders,2025-01-austin-swing-dance-championships/intermediate-strictly-pro-am-am-leaders/L-426,2025-01-austin-swing-dance-championships,unmatched,Isaiah Copher and Felicia Hoeponer,,leader,eepro
2025-01-austin-swing-dance-championships/intermediate-strictly-pro-am-am-leaders,2025-01-austin-swing-dance-championships/intermediate-strictly-pro-am-am-leaders/L-439,2025-01-austin-swing-dance-championships,unmatched,Easton England and Felicia Hoeppner,,leader,eepro
2025-01-austin-swing-dance-championships/intermediate-strictly-pro-am-am-leaders,2025-01-austin-swing-dance-championships/intermediate-strictly-pro-am-am-leaders/L-453,2025-01-austin-swing-dance-championships,unmatched,Jordan Keith and Mia Primavera,,leader,eepro
2025-01-austin-swing-dance-championships/intermediate-strictly-pro-am-am-leaders,2025-01-austin-swing-dance-championships/intermediate-strictly-pro-am-am-leaders/L-485,2025-01-austin-swing-dance-championships,unmatched,Timothy Nall and Susan Kirklin,,leader,eepro
2025-01-austin-swing-dance-championships/intermediate-strictly-pro-am-am-leaders,2025-01-austin-swing-dance-championships/intermediate-strictly-pro-am-am-leaders/L-496,2025-01-austin-swing-dance-championships,unmatched,Patrick Hoop and Suma Datta,,leader,eepro
2025-01-austin-swing-dance-championships/masters-strictly-pro-am-am-followers,2025-01-austin-swing-dance-championships/masters-strictly-pro-am-am-followers/F-279,2025-01-austin-swing-dance-championships,probable,Glenda Fletcher and Doug Rousar,3337,follower,eepro
2025-01-austin-swing-dance-championships/masters-strictly-pro-am-am-followers,2025-01-austin-swing-dance-championships/masters-strictly-pro-am-am-followers/F-462,2025-01-austin-swing-dance-championships,probable,Wendy Smith and Devin Raymond,17642,follower,eepro
2025-01-austin-swing-dance-championships/masters-strictly-pro-am-am-leaders,2025-01-austin-swing-dance-championships/masters-strictly-pro-am-am-leaders/L-236,2025-01-austin-swing-dance-championships,probable,Daisy Kena and Laureen Baldovi,61,leader,eepro
2025-01-austin-swing-dance-championships/masters-strictly-pro-am-am-leaders,2025-01-austin-swing-dance-championships/masters-strictly-pro-am-am-leaders/L-248,2025-01-austin-swing-dance-championships,probable,Phillip Nicholson and Adela Su,6616,leader,eepro
2025-01-austin-swing-dance-championships/novice-strictly-pro-am-am-followers,2025-01-austin-swing-dance-championships/novice-strictly-pro-am-am-followers/F-105,2025-01-austin-swing-dance-championships,unmatched,Caity Hehr and Augie Leija,,follower,eepro
2025-01-austin-swing-dance-championships/novice-strictly-pro-am-am-followers,2025-01-austin-swing-dance-championships/novice-strictly-pro-am-am-followers/F-121,2025-01-austin-swing-dance-championships,unmatched,Amber Morgan and Keerigan Rudd,,follower,eepro
2025-01-austin-swing-dance-championships/novice-strictly-pro-am-am-followers,2025-01-austin-swing-dance-championships/novice-strictly-pro-am-am-followers/F-140,2025-01-austin-swing-dance-championships,unmatched,Cat Valladares and Tommy Schwegmam,,follower,eepro
2025-01-austin-swing-dance-championships/novice-strictly-pro-am-am-followers,2025-01-austin-swing-dance-championships/novice-strictly-pro-am-am-followers/F-176,2025-01-austin-swing-dance-championships,unmatched,Alison Coffey and Sebastian Quinones,,follower,eepro
2025-01-austin-swing-dance-championships/novice-strictly-pro-am-am-followers,2025-01-austin-swing-dance-championships/novice-strictly-pro-am-am-followers/F-214,2025-01-austin-swing-dance-championships,unmatched,Sydni Hearn and Keerigan Rudd,,follower,eepro
2025-01-austin-swing-dance-championships/novice-strictly-pro-am-am-followers,2025-01-austin-swing-dance-championships/novice-strictly-pro-am-am-followers/F-228,2025-01-austin-swing-dance-championships,unmatched,Isabella Espinosa and Mia Primavera,,follower,eepro
2025-01-austin-swing-dance-championships/novice-strictly-pro-am-am-followers,2025-01-austin-swing-dance-championships/novice-strictly-pro-am-am-followers/F-244,2025-01-austin-swing-dance-championships,unmatched,Elizabeth Wong and Tommy Schwegmann,,follower,eepro
2025-01-austin-swing-dance-championships/novice-strictly-pro-am-am-followers,2025-01-austin-swing-dance-championships/novice-strictly-pro-am-am-followers/F-274,2025-01-austin-swing-dance-championships,unmatched,Nicole Bruner and Joe Mendence,,follower,eepro
2025-01-austin-swing-dance-championships/novice-strictly-pro-am-am-followers,2025-01-austin-swing-dance-championships/novice-strictly-pro-am-am-followers/F-298,2025-01-austin-swing-dance-championships,unmatched,Teri Hoop and Tommy Schwegmann,,follower,eepro
2025-01-austin-swing-dance-championships/novice-strictly-pro-am-am-followers,2025-01-austin-swing-dance-championships/novice-strictly-pro-am-am-followers/F-323,2025-01-austin-swing-dance-championships,unmatched,Makena Loveland and Felicia Hoeppner,,follower,eepro
2025-01-austin-swing-dance-championships/novice-strictly-pro-am-am-followers,2025-01-austin-swing-dance-championships/novice-strictly-pro-am-am-followers/F-333,2025-01-austin-swing-dance-championships,unmatched,Ariel Shirk and Bastion Fennell,,follower,eepro
2025-01-austin-swing-dance-championships/novice-strictly-pro-am-am-followers,2025-01-austin-swing-dance-championships/novice-strictly-pro-am-am-followers/F-402,2025-01-austin-swing-dance-championships,unmatched,Jessica Jakobeit and Sebastian Quinones,,follower,eepro
2025-01-austin-swing-dance-championships/novice-strictly-pro-am-am-followers,2025-01-austin-swing-dance-championships/novice-strictly-pro-am-am-followers/F-406,2025-01-austin-swing-dance-championships,unmatched,McKenna Vroom and Keerigan Rudd,,follower,eepro
2025-01-austin-swing-dance-championships/novice-strictly-pro-am-am-followers,2025-01-austin-swing-dance-championships/novice-strictly-pro-am-am-followers/F-425,2025-01-austin-swing-dance-championships,unmatched,Jennifer Rookey and Tommy Schwegmann,,follower,eepro
2025-01-austin-swing-dance-championships/novice-strictly-pro-am-am-followers,2025-01-austin-swing-dance-championships/novice-strictly-pro-am-am-followers/F-466,2025-01-austin-swing-dance-championships,unmatched,Tori Oelsen and Michael Hassey,,follower,eepro
2025-01-austin-swing-dance-championships/novice-strictly-pro-am-am-followers,2025-01-austin-swing-dance-championships/novice-strictly-pro-am-am-followers/F-467,2025-01-austin-swing-dance-championships,unmatched,Kelly Nelson and Keerigan Rudd,,follower,eepro
2025-01-austin-swing-dance-championships/novice-strictly-pro-am-am-leaders,2025-01-austin-swing-dance-championships/novice-strictly-pro-am-am-leaders/L-148,2025-01-austin-swing-dance-championships,unmatched,Luke Applin and Keerigan Rudd,,leader,eepro
2025-01-austin-swing-dance-championships/novice-strictly-pro-am-am-leaders,2025-01-austin-swing-dance-championships/novice-strictly-pro-am-am-leaders/L-196,2025-01-austin-swing-dance-championships,unmatched,Micah Schwegmann and Annie Monnin,,leader,eepro
2025-01-austin-swing-dance-championships/novice-strictly-pro-am-am-leaders,2025-01-austin-swing-dance-championships/novice-strictly-pro-am-am-leaders/L-217,2025-01-austin-swing-dance-championships,unmatched,Brandon Li and Mia Primavera,,leader,eepro
2025-01-austin-swing-dance-championships/novice-strictly-pro-am-am-leaders,2025-01-austin-swing-dance-championships/novice-strictly-pro-am-am-leaders/L-236,2025-01-austin-swing-dance-championships,unmatched,Daisy Kena and Maria Bileychik,,leader,eepro
2025-01-austin-swing-dance-championships/novice-strictly-pro-am-am-leaders,2025-01-austin-swing-dance-championships/novice-strictly-pro-am-am-leaders/L-240,2025-01-austin-swing-dance-championships,unmatched,Ethan Jasso and Felicia Hoeppner,,leader,eepro
2025-01-austin-swing-dance-championships/novice-strictly-pro-am-am-leaders,2025-01-austin-swing-dance-championships/novice-strictly-pro-am-am-leaders/L-248,2025-01-austin-swing-dance-championships,unmatched,Phillip Nicholson and Adela Su,,leader,eepro
2025-01-austin-swing-dance-championships/novice-strictly-pro-am-am-leaders,2025-01-austin-swing-dance-championships/novice-strictly-pro-am-am-leaders/L-260,2025-01-austin-swing-dance-championships,unmatched,John Burroughs and Susan Kirklin,,leader,eepro
2025-01-austin-swing-dance-championships/novice-strictly-pro-am-am-leaders,2025-01-austin-swing-dance-championships/novice-strictly-pro-am-am-leaders/L-317,2025-01-austin-swing-dance-championships,unmatched,George Voulgarakis and Mia Primavera,,leader,eepro
2025-01-austin-swing-dance-championships/novice-strictly-pro-am-am-leaders,2025-01-austin-swing-dance-championships/novice-strictly-pro-am-am-leaders/L-416,2025-01-austin-swing-dance-championships,unmatched,Tom Teramoto and Jeanne DeGeyter,,leader,eepro
2025-01-austin-swing-dance-championships/novice-strictly-pro-am-am-leaders,2025-01-austin-swing-dance-championships/novice-strictly-pro-am-am-leaders/L-446,2025-01-austin-swing-dance-championships,unmatched,Anthony Ramos and Kaley Thompson,,leader,eepro
2025-01-austin-swing-dance-championships/novice-strictly-pro-am-am-leaders,2025-01-austin-swing-dance-championships/novice-strictly-pro-am-am-leaders/L-447,2025-01-austin-swing-dance-championships,unmatched,Denny Pham and Felicia Hoeppner,,leader,eepro
2025-01-austin-swing-dance-championships/novice-strictly-pro-am-am-leaders,2025-01-austin-swing-dance-championships/novice-strictly-pro-am-am-leaders/L-458,2025-01-austin-swing-dance-championships,unmatched,Anthony Robinski and Felicia Hoeponer,,leader,eepro
2025-01-austin-swing-dance-championships/novice-strictly-pro-am-am-leaders,2025-01-austin-swing-dance-championships/novice-strictly-pro-am-am-leaders/L-459,2025-01-austin-swing-dance-championships,unmatched,Brandon Hall and Maria Bileychik,,leader,eepro
2025-01-austin-swing-dance-championships/novice-strictly-pro-am-am-leaders,2025-01-austin-swing-dance-championships/novice-strictly-pro-am-am-leaders/L-491,2025-01-austin-swing-dance-championships,unmatched,Connor Beck and Stacy Wheeler,,leader,eepro
2025-01-derby-city-swing/intermediate-pro-am-follower-advanced,2025-01-derby-city-swing/intermediate-pro-am-follower-advanced/F-150,2025-01-derby-city-swing,probable,Maya McNair and Jason Miklic,22694,follower,eepro
2025-01-derby-city-swing/intermediate-pro-am-follower-advanced,2025-01-derby-city-swing/intermediate-pro-am-follower-advanced/F-235,2025-01-derby-city-swing,unmatched,Tanya Wells Cranshaw and Matt Auclair,,follower,eepro
2025-01-derby-city-swing/intermediate-pro-am-follower-advanced,2025-01-derby-city-swing/intermediate-pro-am-follower-advanced/F-265,2025-01-derby-city-swing,unmatched,Ella Bell and Jesse Lopez,,follower,eepro
2025-01-derby-city-swing/intermediate-pro-am-follower-advanced,2025-01-derby-city-swing/intermediate-pro-am-follower-advanced/F-364,2025-01-derby-city-swing,unmatched,Diana Burkholder and Matt Auclair,,follower,eepro
2025-01-derby-city-swing/intermediate-pro-am-leader-advanced,2025-01-derby-city-swing/intermediate-pro-am-leader-advanced/L-281,2025-01-derby-city-swing,unmatched,Mitchell Gegg and Julie Edwards Auclair,,leader,eepro
2025-01-derby-city-swing/masters-strictly-pro-am-am-follower,2025-01-derby-city-swing/masters-strictly-pro-am-am-follower/F-171,2025-01-derby-city-swing,probable,Tammy Davis and PJ Turner,4152,follower,eepro
2025-01-derby-city-swing/masters-strictly-pro-am-am-follower,2025-01-derby-city-swing/masters-strictly-pro-am-am-follower/F-214,2025-01-derby-city-swing,possible,Sandrine Menoret and Jason Marker,,follower,eepro
2025-01-derby-city-swing/masters-strictly-pro-am-am-follower,2025-01-derby-city-swing/masters-strictly-pro-am-am-follower/F-364,2025-01-derby-city-swing,probable,Diana Burkholder and Matt Auclair,50,follower,eepro
2025-01-derby-city-swing/masters-strictly-pro-am-am-leader,2025-01-derby-city-swing/masters-strictly-pro-am-am-leader/L-121,2025-01-derby-city-swing,probable,Phillip Nicholson and Adela Su,6616,leader,eepro
2025-01-derby-city-swing/masters-strictly-pro-am-am-leader,2025-01-derby-city-swing/masters-strictly-pro-am-am-leader/L-184,2025-01-derby-city-swing,probable,Donald Schanaberger and Ariel Peck,12162,leader,eepro
2025-01-derby-city-swing/masters-strictly-pro-am-am-leader,2025-01-derby-city-swing/masters-strictly-pro-am-am-leader/L-224,2025-01-derby-city-swing,probable,Dan Mudd and Sophy Kdep,2929,leader,eepro
2025-01-derby-city-swing/newcomer-pro-am-follower-novice,2025-01-derby-city-swing/newcomer-pro-am-follower-novice/F-115,2025-01-derby-city-swing,unmatched,Tobi Oberman and Matt Auclair,,follower,eepro
2025-01-derby-city-swing/newcomer-pro-am-follower-novice,2025-01-derby-city-swing/newcomer-pro-am-follower-novice/F-148,2025-01-derby-city-swing,unmatched,Jennifer Schanaberger and Matt Auclair,,follower,eepro
2025-01-derby-city-swing/newcomer-pro-am-follower-novice,2025-01-derby-city-swing/newcomer-pro-am-follower-novice/F-151,2025-01-derby-city-swing,unmatched,Cory Johnson and Matt Auclair,,follower,eepro
2025-01-derby-city-swing/newcomer-pro-am-follower-novice,2025-01-derby-city-swing/newcomer-pro-am-follower-novice/F-206,2025-01-derby-city-swing,unmatched,Zoe Osborn and Jesse Lopez,,follower,eepro
2025-01-derby-city-swing/newcomer-pro-am-follower-novice,2025-01-derby-city-swing/newcomer-pro-am-follower-novice/F-267,2025-01-derby-city-swing,unmatched,Tiffany Good and Matt Auclair,,follower,eepro
2025-01-derby-city-swing/newcomer-pro-am-leader-novice,2025-01-derby-city-swing/newcomer-pro-am-leader-novice/L-112,2025-01-derby-city-swing,unmatched,Robert Drensek and Jennifer Nye,,leader,eepro
2025-01-derby-city-swing/newcomer-pro-am-leader-novice,2025-01-derby-city-swing/newcomer-pro-am-leader-novice/L-224,2025-01-derby-city-swing,unmatched,Dan Mudd and Sophy Kdep,,leader,eepro
2025-01-derby-city-swing/newcomer-pro-am-leader-novice,2025-01-derby-city-swing/newcomer-pro-am-leader-novice/L-269,2025-01-derby-city-swing,unmatched,James Goepel and Julie Auclair,,leader,eepro
2025-01-derby-city-swing/newcomer-pro-am-leader-novice,2025-01-derby-city-swing/newcomer-pro-am-leader-novice/L-300,2025-01-derby-city-swing,unmatched,Harish Kommineni and Ariel Peck,,leader,eepro
2025-01-derby-city-swing/newcomer-strictly-pro-am-am-follower,2025-01-derby-city-swing/newcomer-strictly-pro-am-am-follower/F-101,2025-01-derby-city-swing,unmatched,Alea Clark and Bree Reynolds,,follower,eepro
2025-01-derby-city-swing/newcomer-strictly-pro-am-am-follower,2025-01-derby-city-swing/newcomer-strictly-pro-am-am-follower/F-146,2025-01-derby-city-swing,unmatched,Alexandra Garg and Jason Marker,,follower,eepro
2025-01-derby-city-swing/newcomer-strictly-pro-am-am-follower,2025-01-derby-city-swing/newcomer-strictly-pro-am-am-follower/F-280,2025-01-derby-city-swing,unmatched,Indi Puckett and Jesse Lopez,,follower,eepro
2025-01-derby-city-swing/newcomer-strictly-pro-am-am-follower,2025-01-derby-city-swing/newcomer-strictly-pro-am-am-follower/F-291,2025-01-derby-city-swing,unmatched,Tyler Reamy and Doug Morgan,,follower,eepro
2025-01-derby-city-swing/newcomer-strictly-pro-am-am-follower,2025-01-derby-city-swing/newcomer-strictly-pro-am-am-follower/F-334,2025-01-derby-city-swing,unmatched,Ozlem Davis and Jesse Lopez,,follower,eepro
2025-01-derby-city-swing/newcomer-strictly-pro-am-am-follower,2025-01-derby-city-swing/newcomer-strictly-pro-am-am-follower/F-344,2025-01-derby-city-swing,unmatched,Rachel Mieras and Lamarr Williford,,follower,eepro
2025-01-derby-city-swing/newcomer-strictly-pro-am-am-follower,2025-01-derby-city-swing/newcomer-strictly-pro-am-am-follower/F-354,2025-01-derby-city-swing,unmatched,Robin Stutts and Jake Haning,,follower,eepro
2025-01-derby-city-swing/newcomer-strictly-pro-am-am-follower,2025-01-derby-city-swing/newcomer-strictly-pro-am-am-follower/F-410,2025-01-derby-city-swing,unmatched,Kyla Sullivan and Stephane Schneider,,follower,eepro
2025-01-derby-city-swing/newcomer-strictly-pro-am-am-leader,2025-01-derby-city-swing/newcomer-strictly-pro-am-am-leader/L-166,2025-01-derby-city-swing,unmatched,Isaiah Smith and Corinne Smith,,leader,eepro
2025-01-derby-city-swing/newcomer-strictly-pro-am-am-leader,2025-01-derby-city-swing/newcomer-strictly-pro-am-am-leader/L-224,2025-01-derby-city-swing,unmatched,Dan Mudd and Sophy Kdep,,leader,eepro
2025-01-derby-city-swing/newcomer-strictly-pro-am-am-leader,2025-01-derby-city-swing/newcomer-strictly-pro-am-am-leader/L-236,2025-01-derby-city-swing,unmatched,Doug Sheldon and Ariel Peck,,leader,eepro
2025-01-derby-city-swing/newcomer-strictly-pro-am-am-leader,2025-01-derby-city-swing/newcomer-strictly-pro-am-am-leader/L-268,2025-01-derby-city-swing,unmatched,John Baker and Corinne Smith,,leader,eepro
2025-01-derby-city-swing/novice-strictly-pro-am-am-follower,2025-01-derby-city-swing/novice-strictly-pro-am-am-follower/F-115,2025-01-derby-city-swing,unmatched,Tobi Oberman and Matt Auclair,,follower,eepro
2025-01-derby-city-swing/novice-strictly-pro-am-am-follower,2025-01-derby-city-swing/novice-strictly-pro-am-am-follower/F-142,2025-01-derby-city-swing,unmatched,Avery Norris and Jesse Lopez,,follower,eepro
2025-01-derby-city-swing/novice-strictly-pro-am-am-follower,2025-01-derby-city-swing/novice-strictly-pro-am-am-follower/F-148,2025-01-derby-city-swing,unmatched,Jennifer Schanaberger and Matt Auclair,,follower,eepro
2025-01-derby-city-swing/novice-strictly-pro-am-am-follower,2025-01-derby-city-swing/novice-strictly-pro-am-am-follower/F-177,2025-01-derby-city-swing,unmatched,Kelsey Cook and Eric Byers,,follower,eepro
2025-01-derby-city-swing/novice-strictly-pro-am-am-follower,2025-01-derby-city-swing/novice-strictly-pro-am-am-follower/F-206,2025-01-derby-city-swing,unmatched,Zoe Osborn and Isaiah Tingus,,follower,eepro
2025-01-derby-city-swing/novice-strictly-pro-am-am-follower,2025-01-derby-city-swing/novice-strictly-pro-am-am-follower/F-216,2025-01-derby-city-swing,unmatched,Lori Byrd and Duane Erwin,,follower,eepro
2025-01-derby-city-swing/novice-strictly-pro-am-am-follower,2025-01-derby-city-swing/novice-strictly-pro-am-am-follower/F-218,2025-01-derby-city-swing,unmatched,Kirsten U Russell and Stephane Schneider,,follower,eepro
2025-01-derby-city-swing/novice-strictly-pro-am-am-follower,2025-01-derby-city-swing/novice-strictly-pro-am-am-follower/F-234,2025-01-derby-city-swing,unmatched,Britni Alexander and Sebastian Quinones,,follower,eepro
2025-01-derby-city-swing/novice-strictly-pro-am-am-follower,2025-01-derby-city-swing/novice-strictly-pro-am-am-follower/F-241,2025-01-derby-city-swing,unmatched,Alexandria Rinne and Jesse Lopez,,follower,eepro
2025-01-derby-city-swing/novice-strictly-pro-am-am-follower,2025-01-derby-city-swing/novice-strictly-pro-am-am-follower/F-251,2025-01-derby-city-swing,unmatched,Laura Hirschmann and Lamarr Williford,,follower,eepro
2025-01-derby-city-swing/novice-strictly-pro-am-am-follower,2025-01-derby-city-swing/novice-strictly-pro-am-am-follower/F-267,2025-01-derby-city-swing,unmatched,Tiffany Good and Matt Auclair,,follower,eepro
2025-01-derby-city-swing/novice-strictly-pro-am-am-follower,2025-01-derby-city-swing/novice-strictly-pro-am-am-follower/F-287,2025-01-derby-city-swing,probable,Amanda Turner and PJ Turner,22792,follower,eepro
2025-01-derby-city-swing/novice-strictly-pro-am-am-follower,2025-01-derby-city-swing/novice-strictly-pro-am-am-follower/F-290,2025-01-derby-city-swing,unmatched,Sophia Tingus and Isaiah Tingus,,follower,eepro
2025-01-derby-city-swing/novice-strictly-pro-am-am-follower,2025-01-derby-city-swing/novice-strictly-pro-am-am-follower/F-310,2025-01-derby-city-swing,unmatched,Patricia Clark and Bree Reynolds,,follower,eepro
2025-01-derby-city-swing/novice-strictly-pro-am-am-follower,2025-01-derby-city-swing/novice-strictly-pro-am-am-follower/F-336,2025-01-derby-city-swing,unmatched,Alaina Clark and Jesse Lopez,,follower,eepro
2025-01-derby-city-swing/novice-strictly-pro-am-am-follower,2025-01-derby-city-swing/novice-strictly-pro-am-am-follower/F-394,2025-01-derby-city-swing,unmatched,Miren Asumendi and Jake Haning,,follower,eepro
2025-01-derby-city-swing/novice-strictly-pro-am-am-follower,2025-01-derby-city-swing/novice-strictly-pro-am-am-follower/F-413,2025-01-derby-city-swing,unmatched,Florissa Maher and Jake Haning,,follower,eepro
2025-01-derby-city-swing/novice-strictly-pro-am-am-leader,2025-01-derby-city-swing/novice-strictly-pro-am-am-leader/L-121,2025-01-derby-city-swing,unmatched,Phillip Nicholson and Adela Su,,leader,eepro
2025-01-derby-city-swing/novice-strictly-pro-am-am-leader,2025-01-derby-city-swing/novice-strictly-pro-am-am-leader/L-141,2025-01-derby-city-swing,unmatched,Richard Stewart and Ariel Peck,,leader,eepro
2025-01-derby-city-swing/novice-strictly-pro-am-am-leader,2025-01-derby-city-swing/novice-strictly-pro-am-am-leader/L-208,2025-01-derby-city-swing,unmatched,Zane Youmans and Laynee Day,,leader,eepro
2025-01-derby-city-swing/novice-strictly-pro-am-am-leader,2025-01-derby-city-swing/novice-strictly-pro-am-am-leader/L-269,2025-01-derby-city-swing,unmatched,James Goepel and Julie Auclair,,leader,eepro
2025-01-derby-city-swing/novice-strictly-pro-am-am-leader,2025-01-derby-city-swing/novice-strictly-pro-am-am-leader/L-284,2025-01-derby-city-swing,unmatched,Miguel Gonzales and Ariel Peck,,leader,eepro
2025-01-derby-city-swing/novice-strictly-pro-am-am-leader,2025-01-derby-city-swing/novice-strictly-pro-am-am-leader/L-300,2025-01-derby-city-swing,unmatched,Harish Kommineni and Ariel Peck,,leader,eepro
2025-01-derby-city-swing/novice-strictly-pro-am-am-leader,2025-01-derby-city-swing/novice-strictly-pro-am-am-leader/L-303,2025-01-derby-city-swing,unmatched,Sam Lucas and Abi Schneider,,leader,eepro
2025-01-derby-city-swing/novice-strictly-pro-am-am-leader,2025-01-derby-city-swing/novice-strictly-pro-am-am-leader/L-411,2025-01-derby-city-swing,unmatched,James Lacey and Ariel Peck,,leader,eepro
2025-01-derby-city-swing/rising-star,2025-01-derby-city-swing/rising-star/L-288,2025-01-derby-city-swing,probable,Andrew Roach and Abigail Roach,21287,leader,eepro
2025-01-derby-city-swing/rising-star,2025-01-derby-city-swing/rising-star/L-289,2025-01-derby-city-swing,probable,Richard DeFelice and Susan DeFelice,7776,leader,eepro
2025-01-derby-city-swing/strictly-pro-am-int-adv-am-follower,2025-01-derby-city-swing/strictly-pro-am-int-adv-am-follower/F-104,2025-01-derby-city-swing,probable,Hannah Ginsburg and Sebastian Quinones,11759,follower,eepro
2025-01-derby-city-swing/strictly-pro-am-int-adv-am-follower,2025-01-derby-city-swing/strictly-pro-am-int-adv-am-follower/F-147,2025-01-derby-city-swing,probable,Britney Porter and Isaiah Tingus,17343,follower,eepro
2025-01-derby-city-swing/strictly-pro-am-int-adv-am-follower,2025-01-derby-city-swing/strictly-pro-am-int-adv-am-follower/F-150,2025-01-derby-city-swing,unmatched,Maya McNair and Jason Miklic,,follower,eepro
2025-01-derby-city-swing/strictly-pro-am-int-adv-am-follower,2025-01-derby-city-swing/strictly-pro-am-int-adv-am-follower/F-162,2025-01-derby-city-swing,probable,Leah Noparstak and Matt Auclair,50,follower,eepro
2025-01-derby-city-swing/strictly-pro-am-int-adv-am-follower,2025-01-derby-city-swing/strictly-pro-am-int-adv-am-follower/F-171,2025-01-derby-city-swing,probable,Tammy Davis and PJ Turner,4152,follower,eepro
2025-01-derby-city-swing/strictly-pro-am-int-adv-am-follower,2025-01-derby-city-swing/strictly-pro-am-int-adv-am-follower/F-178,2025-01-derby-city-swing,probable,Erin Black and John Su,10847,follower,eepro
2025-01-derby-city-swing/strictly-pro-am-int-adv-am-follower,2025-01-derby-city-swing/strictly-pro-am-int-adv-am-follower/F-211,2025-01-derby-city-swing,unmatched,Kelsey Tasker and PJ Turner,,follower,eepro
2025-01-derby-city-swing/strictly-pro-am-int-adv-am-follower,2025-01-derby-city-swing/strictly-pro-am-int-adv-am-follower/F-214,2025-01-derby-city-swing,possible,Sandrine Menoret and Jason Marker,,follower,eepro
2025-01-derby-city-swing/strictly-pro-am-int-adv-am-follower,2025-01-derby-city-swing/strictly-pro-am-int-adv-am-follower/F-235,2025-01-derby-city-swing,unmatched,Tanya Wells Cranshaw and Matt Auclair,,follower,eepro
2025-01-derby-city-swing/strictly-pro-am-int-adv-am-follower,2025-01-derby-city-swing/strictly-pro-am-int-adv-am-follower/F-265,2025-01-derby-city-swing,unmatched,Ella Bell and Jessie Lopez,,follower,eepro
2025-01-derby-city-swing/strictly-pro-am-int-adv-am-follower,2025-01-derby-city-swing/strictly-pro-am-int-adv-am-follower/F-274,2025-01-derby-city-swing,possible,Crystal C. Smith and Jason Miklic,,follower,eepro
2025-01-derby-city-swing/strictly-pro-am-int-adv-am-follower,2025-01-derby-city-swing/strictly-pro-am-int-adv-am-follower/F-330,2025-01-derby-city-swing,unmatched,Amy Finder and PJ Turner,,follower,eepro
2025-01-derby-city-swing/strictly-pro-am-int-adv-am-follower,2025-01-derby-city-swing/strictly-pro-am-int-adv-am-follower/F-353,2025-01-derby-city-swing,probable,Robyn Giffen and Sheven Kekoolani,7258,follower,eepro
2025-01-derby-city-swing/strictly-pro-am-int-adv-am-follower,2025-01-derby-city-swing/strictly-pro-am-int-adv-am-follower/F-364,2025-01-derby-city-swing,unmatched,Diana Burkholder and Matt Auclair,,follower,eepro
2025-01-derby-city-swing/strictly-pro-am-int-adv-am-leader,2025-01-derby-city-swing/strictly-pro-am-int-adv-am-leader/L-149,2025-01-derby-city-swing,probable,Mengu Gungor and Corinne Smith,22160,leader,eepro
2025-01-derby-city-swing/strictly-pro-am-int-adv-am-leader,2025-01-derby-city-swing/strictly-pro-am-int-adv-am-leader/L-198,2025-01-derby-city-swing,probable,Eddie Nunez and Hailey Toro,10224,leader,eepro
2025-01-derby-city-swing/strictly-pro-am-int-adv-am-leader,2025-01-derby-city-swing/strictly-pro-am-int-adv-am-leader/L-281,2025-01-derby-city-swing,probable,Mitchell Gegg and Julie Auclair,11308,leader,eepro
2025-01-derby-city-swing/strictly-pro-am-int-adv-am-leader,2025-01-derby-city-swing/strictly-pro-am-int-adv-am-leader/L-407,2025-01-derby-city-swing,probable,Matthew Fox and Ariel Peck,12162,leader,eepro
2025-01-derby-city-swing/strictly-pro-am-int-adv-am-leader,2025-01-derby-city-swing/strictly-pro-am-int-adv-am-leader/L-412,2025-01-derby-city-swing,probable,Sean Callahan and Rachel Bowlby,20259,leader,eepro
2025-01-freedom-swing-dance-challenge/rising-star,2025-01-freedom-swing-dance-challenge/rising-star/L-000,2025-01-freedom-swing-dance-challenge,probable,Ilon Weeldreyer and Gaia Read,16292,leader,eepro
2025-01-freedom-swing-dance-challenge/rising-star,2025-01-freedom-swing-dance-challenge/rising-star/L-166,2025-01-freedom-swing-dance-challenge,probable,Lucky Sipin and Maelys Fillon,15470,leader,eepro
2025-01-freedom-swing-dance-challenge/rising-star,2025-01-freedom-swing-dance-challenge/rising-star/L-192,2025-01-freedom-swing-dance-challenge,probable,Keith Stremmel and Debbie Adams,13910,leader,eepro
2025-01-freedom-swing-dance-challenge/rising-star,2025-01-freedom-swing-dance-challenge/rising-star/L-596,2025-01-freedom-swing-dance-challenge,probable,Leo Cook and Jessie Rosenberg,7868,leader,eepro
2025-01-freedom-swing-dance-challenge/rising-star,2025-01-freedom-swing-dance-challenge/rising-star/L-667,2025-01-freedom-swing-dance-challenge,probable,Alec Grant and Jennifer Ferreira,9815,leader,eepro
2025-01-nj-hustle-congress/intermediate-amateur-triple-threat-intermediate-advanced,2025-01-nj-hustle-congress/intermediate-amateur-triple-threat-intermediate-advanced/L-179,2025-01-nj-hustle-congress,unmatched,John Iddings and Judalyn Iddings,,leader,eepro
2025-01-nj-hustle-congress/intermediate-pro-am-follower-triple-threat-advanced,2025-01-nj-hustle-congress/intermediate-pro-am-follower-triple-threat-advanced/F-190,2025-01-nj-hustle-congress,unmatched,Jiffy Sarver and Nino DiGiulio,,follower,eepro
2025-01-nj-hustle-congress/intermediate-pro-am-leader-triple-threat-advanced,2025-01-nj-hustle-congress/intermediate-pro-am-leader-triple-threat-advanced/L-179,2025-01-nj-hustle-congress,unmatched,John Iddings and Rose Turuka,,leader,eepro
2025-01-nj-hustle-congress/novice-amateur-just-cha-cha-legends-novice-intermediate,2025-01-nj-hustle-congress/novice-amateur-just-cha-cha-legends-novice-intermediate/L-271,2025-01-nj-hustle-congress,unmatched,Michael Phillip and Renee George,,leader,eepro
2025-01-nj-hustle-congress/novice-amateur-just-cha-cha-open-novice-intermediate,2025-01-nj-hustle-congress/novice-amateur-just-cha-cha-open-novice-intermediate/L-271,2025-01-nj-hustle-congress,unmatched,Michael Phillip and Renee George,,leader,eepro
2025-01-nj-hustle-congress/novice-amateur-triple-threat-novice-intermediate,2025-01-nj-hustle-congress/novice-amateur-triple-threat-novice-intermediate/L-271,2025-01-nj-hustle-congress,unmatched,Michael Phillip and Renee George,,leader,eepro
2025-01-nj-hustle-congress/novice-pro-am-follower-triple-threat-intermediate,2025-01-nj-hustle-congress/novice-pro-am-follower-triple-threat-intermediate/F-174,2025-01-nj-hustle-congress,unmatched,Laura Wicklund and Marc Brewer,,follower,eepro
2025-01-nj-hustle-congress/novice-pro-am-follower-triple-threat-intermediate,2025-01-nj-hustle-congress/novice-pro-am-follower-triple-threat-intermediate/F-189,2025-01-nj-hustle-congress,unmatched,Juanita Perez and Nino DiGiulio,,follower,eepro
2025-01-nj-hustle-congress/novice-pro-am-follower-triple-threat-intermediate,2025-01-nj-hustle-congress/novice-pro-am-follower-triple-threat-intermediate/F-192,2025-01-nj-hustle-congress,unmatched,Marla Conley and Lori Ann Roche,,follower,eepro
2025-01-nj-hustle-congress/novice-pro-am-follower-triple-threat-intermediate,2025-01-nj-hustle-congress/novice-pro-am-follower-triple-threat-intermediate/F-265,2025-01-nj-hustle-congress,unmatched,Judalyn Iddings and Nino DiGiulio,,follower,eepro
2025-01-nj-hustle-congress/other-advanced-amateur-just-hustle-legends-advanced,2025-01-nj-hustle-congress/other-advanced-amateur-just-hustle-legends-advanced/L-270,2025-01-nj-hustle-congress,unmatched,Bob Goot and Rose Burns,,leader,eepro
2025-01-nj-hustle-congress/other-advanced-amateur-just-hustle-legends-advanced,2025-01-nj-hustle-congress/other-advanced-amateur-just-hustle-legends-advanced/L-271,2025-01-nj-hustle-congress,unmatched,Michael Phillip and Renee George,,leader,eepro
2025-01-nj-hustle-congress/other-advanced-amateur-just-hustle-open-advanced,2025-01-nj-hustle-congress/other-advanced-amateur-just-hustle-open-advanced/L-175,2025-01-nj-hustle-congress,unmatched,Jianfeng (Alex) Peng and Eric Castillo,,leader,eepro
2025-01-nj-hustle-congress/other-advanced-amateur-just-hustle-open-advanced,2025-01-nj-hustle-congress/other-advanced-amateur-just-hustle-open-advanced/L-270,2025-01-nj-hustle-congress,unmatched,Bob Goot and Rose Smith,,leader,eepro
2025-01-nj-hustle-congress/other-advanced-amateur-just-hustle-open-advanced,2025-01-nj-hustle-congress/other-advanced-amateur-just-hustle-open-advanced/L-271,2025-01-nj-hustle-congress,unmatched,Michael Phillip and Renee George,,leader,eepro
2025-01-nj-hustle-congress/other-advanced-pro-am-follower-hustle-legends,2025-01-nj-hustle-congress/other-advanced-pro-am-follower-hustle-legends/F-182,2025-01-nj-hustle-congress,unmatched,Cynthia Lehning and Jaime Serna,,follower,eepro
2025-01-nj-hustle-congress/other-advanced-pro-am-follower-hustle-legends,2025-01-nj-hustle-congress/other-advanced-pro-am-follower-hustle-legends/F-259,2025-01-nj-hustle-congress,unmatched,Sara Jones and Jaime Serna,,follower,eepro
2025-01-nj-hustle-congress/other-advanced-pro-am-follower-hustle-legends,2025-01-nj-hustle-congress/other-advanced-pro-am-follower-hustle-legends/F-262,2025-01-nj-hustle-congress,unmatched,Renee George and Rainer Trubere,,follower,eepro
2025-01-nj-hustle-congress/other-advanced-pro-am-follower-hustle-open,2025-01-nj-hustle-congress/other-advanced-pro-am-follower-hustle-open/F-177,2025-01-nj-hustle-congress,unmatched,Eric Castillo and Ann Lebedeva,,follower,eepro
2025-01-nj-hustle-congress/other-advanced-pro-am-follower-hustle-open,2025-01-nj-hustle-congress/other-advanced-pro-am-follower-hustle-open/F-181,2025-01-nj-hustle-congress,unmatched,Anna Patterson and Gustavo Rueda,,follower,eepro
2025-01-nj-hustle-congress/other-advanced-pro-am-follower-hustle-open,2025-01-nj-hustle-congress/other-advanced-pro-am-follower-hustle-open/F-190,2025-01-nj-hustle-congress,unmatched,Jiffy Sarver and Nino DiGiulio,,follower,eepro
2025-01-nj-hustle-congress/other-advanced-pro-am-follower-hustle-open,2025-01-nj-hustle-congress/other-advanced-pro-am-follower-hustle-open/F-259,2025-01-nj-hustle-congress,unmatched,Sara Jones and Jaime Serna,,follower,eepro
2025-01-nj-hustle-congress/other-advanced-pro-am-follower-hustle-open,2025-01-nj-hustle-congress/other-advanced-pro-am-follower-hustle-open/F-294,2025-01-nj-hustle-congress,unmatched,Tessa Morgan and Jamie Serna,,follower,eepro
2025-01-nj-hustle-congress/other-advanced-pro-am-leader-hustle-legends,2025-01-nj-hustle-congress/other-advanced-pro-am-leader-hustle-legends/L-188,2025-01-nj-hustle-congress,unmatched,Jack Ciecka and Ashley Lumberg,,leader,eepro
2025-01-nj-hustle-congress/other-advanced-pro-am-leader-hustle-legends,2025-01-nj-hustle-congress/other-advanced-pro-am-leader-hustle-legends/L-264,2025-01-nj-hustle-congress,unmatched,Robert Alexander and Lori Ann Roche,,leader,eepro
2025-01-nj-hustle-congress/other-advanced-pro-am-leader-hustle-legends,2025-01-nj-hustle-congress/other-advanced-pro-am-leader-hustle-legends/L-298,2025-01-nj-hustle-congress,unmatched,Dwight Mitchell and Taryn Rucinski,,leader,eepro
2025-01-nj-hustle-congress/other-advanced-pro-am-leader-hustle-open,2025-01-nj-hustle-congress/other-advanced-pro-am-leader-hustle-open/L-175,2025-01-nj-hustle-congress,unmatched,Jianfeng (Alex) Peng and Annie Lebedeva,,leader,eepro
2025-01-nj-hustle-congress/other-advanced-pro-am-leader-hustle-open,2025-01-nj-hustle-congress/other-advanced-pro-am-leader-hustle-open/L-188,2025-01-nj-hustle-congress,unmatched,Jack Ciecka and Ashley Lumberg,,leader,eepro
2025-01-nj-hustle-congress/other-advanced-pro-am-leader-hustle-open,2025-01-nj-hustle-congress/other-advanced-pro-am-leader-hustle-open/L-298,2025-01-nj-hustle-congress,unmatched,Dwight Mitchell and Taryn Rucinski,,leader,eepro
2025-01-nj-hustle-congress/other-intermediate-amateur-just-hustle-legends-intermediate,2025-01-nj-hustle-congress/other-intermediate-amateur-just-hustle-legends-intermediate/L-271,2025-01-nj-hustle-congress,unmatched,Michael Phillip and Renee George,,leader,eepro
2025-01-nj-hustle-congress/other-intermediate-amateur-just-hustle-legends-intermediate,2025-01-nj-hustle-congress/other-intermediate-amateur-just-hustle-legends-intermediate/L-274,2025-01-nj-hustle-congress,unmatched,Kathi Breen and Daniel Gioioso,,leader,eepro
2025-01-nj-hustle-congress/other-intermediate-amateur-just-hustle-open-intermediate,2025-01-nj-hustle-congress/other-intermediate-amateur-just-hustle-open-intermediate/L-179,2025-01-nj-hustle-congress,unmatched,John Iddings and Judalyn Iddings,,leader,eepro
2025-01-nj-hustle-congress/other-intermediate-amateur-just-hustle-open-intermediate,2025-01-nj-hustle-congress/other-intermediate-amateur-just-hustle-open-intermediate/L-270,2025-01-nj-hustle-congress,unmatched,Bob Goot and Karen Mirabella,,leader,eepro
2025-01-nj-hustle-congress/other-intermediate-amateur-just-hustle-open-intermediate,2025-01-nj-hustle-congress/other-intermediate-amateur-just-hustle-open-intermediate/L-271,2025-01-nj-hustle-congress,unmatched,Michael Phillip and Renee George,,leader,eepro
2025-01-nj-hustle-congress/other-intermediate-amateur-just-hustle-open-intermediate,2025-01-nj-hustle-congress/other-intermediate-amateur-just-hustle-open-intermediate/L-274,2025-01-nj-hustle-congress,unmatched,Kathi Breen and Daniel Gioioso,,leader,eepro
2025-01-nj-hustle-congress/other-intermediate-pro-am-follower-hustle-legends,2025-01-nj-hustle-congress/other-intermediate-pro-am-follower-hustle-legends/F-185,2025-01-nj-hustle-congress,unmatched,Karen Mirabelli and Danny McGee,,follower,eepro
2025-01-nj-hustle-congress/other-intermediate-pro-am-follower-hustle-legends,2025-01-nj-hustle-congress/other-intermediate-pro-am-follower-hustle-legends/F-187,2025-01-nj-hustle-congress,unmatched,Rose Burns and Jaime Serna,,follower,eepro
2025-01-nj-hustle-congress/other-intermediate-pro-am-follower-hustle-legends,2025-01-nj-hustle-congress/other-intermediate-pro-am-follower-hustle-legends/F-249,2025-01-nj-hustle-congress,unmatched,Louise Giuliamo and Kim Vanaman,,follower,eepro
2025-01-nj-hustle-congress/other-intermediate-pro-am-follower-hustle-legends,2025-01-nj-hustle-congress/other-intermediate-pro-am-follower-hustle-legends/F-261,2025-01-nj-hustle-congress,unmatched,Daniel Gioioso and Daniel McGee,,follower,eepro
2025-01-nj-hustle-congress/other-intermediate-pro-am-follower-hustle-legends,2025-01-nj-hustle-congress/other-intermediate-pro-am-follower-hustle-legends/F-262,2025-01-nj-hustle-congress,unmatched,Renee George and Rainer Trubere,,follower,eepro
2025-01-nj-hustle-congress/other-intermediate-pro-am-follower-hustle-open,2025-01-nj-hustle-congress/other-intermediate-pro-am-follower-hustle-open/F-174,2025-01-nj-hustle-congress,unmatched,Laura Wicklund and Marc Brewer,,follower,eepro
2025-01-nj-hustle-congress/other-intermediate-pro-am-follower-hustle-open,2025-01-nj-hustle-congress/other-intermediate-pro-am-follower-hustle-open/F-178,2025-01-nj-hustle-congress,unmatched,Dinah Laster and Louie Orlando,,follower,eepro
2025-01-nj-hustle-congress/other-intermediate-pro-am-follower-hustle-open,2025-01-nj-hustle-congress/other-intermediate-pro-am-follower-hustle-open/F-181,2025-01-nj-hustle-congress,unmatched,Anna Patterson and Gustavo Rueda,,follower,eepro
2025-01-nj-hustle-congress/other-intermediate-pro-am-follower-hustle-open,2025-01-nj-hustle-congress/other-intermediate-pro-am-follower-hustle-open/F-183,2025-01-nj-hustle-congress,unmatched,Ann Huang and Steven James,,follower,eepro
2025-01-nj-hustle-congress/other-intermediate-pro-am-follower-hustle-open,2025-01-nj-hustle-congress/other-intermediate-pro-am-follower-hustle-open/F-185,2025-01-nj-hustle-congress,unmatched,Karen Mirabelli and Danny McGee,,follower,eepro
2025-01-nj-hustle-congress/other-intermediate-pro-am-follower-hustle-open,2025-01-nj-hustle-congress/other-intermediate-pro-am-follower-hustle-open/F-187,2025-01-nj-hustle-congress,unmatched,Rose Burns and Jaime Serna,,follower,eepro
2025-01-nj-hustle-congress/other-intermediate-pro-am-follower-hustle-open,2025-01-nj-hustle-congress/other-intermediate-pro-am-follower-hustle-open/F-189,2025-01-nj-hustle-congress,unmatched,Juanita Perez and Nino DiGiulio,,follower,eepro
2025-01-nj-hustle-congress/other-intermediate-pro-am-follower-hustle-open,2025-01-nj-hustle-congress/other-intermediate-pro-am-follower-hustle-open/F-192,2025-01-nj-hustle-congress,unmatched,Marla Conley and Lori Ann Roche,,follower,eepro
2025-01-nj-hustle-congress/other-intermediate-pro-am-follower-hustle-open,2025-01-nj-hustle-congress/other-intermediate-pro-am-follower-hustle-open/F-249,2025-01-nj-hustle-congress,unmatched,Louise Giuliamo and Kim Vanaman,,follower,eepro
2025-01-nj-hustle-congress/other-intermediate-pro-am-follower-hustle-open,2025-01-nj-hustle-congress/other-intermediate-pro-am-follower-hustle-open/F-259,2025-01-nj-hustle-congress,unmatched,Sara Jones and Jaime Serna,,follower,eepro
2025-01-nj-hustle-congress/other-intermediate-pro-am-follower-hustle-open,2025-01-nj-hustle-congress/other-intermediate-pro-am-follower-hustle-open/F-260,2025-01-nj-hustle-congress,unmatched,Tatiana Montes and Billy Marti,,follower,eepro
2025-01-nj-hustle-congress/other-intermediate-pro-am-follower-hustle-open,2025-01-nj-hustle-congress/other-intermediate-pro-am-follower-hustle-open/F-261,2025-01-nj-hustle-congress,unmatched,Daniel Gioioso and Daniel McGee,,follower,eepro
2025-01-nj-hustle-congress/other-intermediate-pro-am-follower-hustle-open,2025-01-nj-hustle-congress/other-intermediate-pro-am-follower-hustle-open/F-262,2025-01-nj-hustle-congress,unmatched,Renee George and Rainer Trubere,,follower,eepro
2025-01-nj-hustle-congress/other-intermediate-pro-am-follower-hustle-open,2025-01-nj-hustle-congress/other-intermediate-pro-am-follower-hustle-open/F-265,2025-01-nj-hustle-congress,unmatched,Judalyn Iddings and Nino DiGiulio,,follower,eepro
2025-01-nj-hustle-congress/other-intermediate-pro-am-follower-hustle-open,2025-01-nj-hustle-congress/other-intermediate-pro-am-follower-hustle-open/F-267,2025-01-nj-hustle-congress,unmatched,Sherry Zhang and Louie Orlando,,follower,eepro
2025-01-nj-hustle-congress/other-intermediate-pro-am-follower-hustle-open,2025-01-nj-hustle-congress/other-intermediate-pro-am-follower-hustle-open/F-289,2025-01-nj-hustle-congress,unmatched,Jessica Gaines and Christopher Crevatas,,follower,eepro
2025-01-nj-hustle-congress/other-intermediate-pro-am-leader-hustle-legends,2025-01-nj-hustle-congress/other-intermediate-pro-am-leader-hustle-legends/L-179,2025-01-nj-hustle-congress,unmatched,John Iddings and Rose Turuka,,leader,eepro
2025-01-nj-hustle-congress/other-intermediate-pro-am-leader-hustle-legends,2025-01-nj-hustle-congress/other-intermediate-pro-am-leader-hustle-legends/L-264,2025-01-nj-hustle-congress,unmatched,Robert Alexander and Lori Ann Roche,,leader,eepro
2025-01-nj-hustle-congress/other-intermediate-pro-am-leader-hustle-legends,2025-01-nj-hustle-congress/other-intermediate-pro-am-leader-hustle-legends/L-288,2025-01-nj-hustle-congress,unmatched,James Rosin and Ashely Lumberg,,leader,eepro
2025-01-nj-hustle-congress/other-intermediate-pro-am-leader-hustle-legends,2025-01-nj-hustle-congress/other-intermediate-pro-am-leader-hustle-legends/L-298,2025-01-nj-hustle-congress,unmatched,Dwight Mitchell and Taryn Rucinski,,leader,eepro
2025-01-nj-hustle-congress/other-intermediate-pro-am-leader-hustle-open,2025-01-nj-hustle-congress/other-intermediate-pro-am-leader-hustle-open/L-288,2025-01-nj-hustle-congress,unmatched,James Rosin and Ashely Lumberg,,leader,eepro
2025-01-nj-hustle-congress/other-intermediate-pro-am-leader-hustle-open,2025-01-nj-hustle-congress/other-intermediate-pro-am-leader-hustle-open/L-298,2025-01-nj-hustle-congress,unmatched,Dwight Mitchell and Taryn Rucinski,,leader,eepro
2025-01-nj-hustle-congress/other-novice-pro-am-follower-hustle-legends,2025-01-nj-hustle-congress/other-novice-pro-am-follower-hustle-legends/F-184,2025-01-nj-hustle-congress,unmatched,Leena Mammen and Gustavo Rueda,,follower,eepro
2025-01-nj-hustle-congress/other-novice-pro-am-follower-hustle-legends,2025-01-nj-hustle-congress/other-novice-pro-am-follower-hustle-legends/F-186,2025-01-nj-hustle-congress,unmatched,Peggy Rucinski and Taryn Rucinski,,follower,eepro
2025-01-nj-hustle-congress/other-novice-pro-am-follower-hustle-legends,2025-01-nj-hustle-congress/other-novice-pro-am-follower-hustle-legends/F-254,2025-01-nj-hustle-congress,unmatched,Valerie Addas and Robert Finocchio,,follower,eepro
2025-01-nj-hustle-congress/other-novice-pro-am-follower-hustle-legends,2025-01-nj-hustle-congress/other-novice-pro-am-follower-hustle-legends/F-261,2025-01-nj-hustle-congress,unmatched,Daniel Gioioso and Daniel McGee,,follower,eepro
2025-01-nj-hustle-congress/other-novice-pro-am-follower-hustle-legends,2025-01-nj-hustle-congress/other-novice-pro-am-follower-hustle-legends/F-266,2025-01-nj-hustle-congress,unmatched,Michele Shore and Christopher Crevatas,,follower,eepro
2025-01-nj-hustle-congress/other-novice-pro-am-follower-hustle-open,2025-01-nj-hustle-congress/other-novice-pro-am-follower-hustle-open/F-174,2025-01-nj-hustle-congress,unmatched,Laura Wicklund and Marc Brewer,,follower,eepro
2025-01-nj-hustle-congress/other-novice-pro-am-follower-hustle-open,2025-01-nj-hustle-congress/other-novice-pro-am-follower-hustle-open/F-178,2025-01-nj-hustle-congress,unmatched,Dinah Laster and Louie Orlando,,follower,eepro
2025-01-nj-hustle-congress/other-novice-pro-am-follower-hustle-open,2025-01-nj-hustle-congress/other-novice-pro-am-follower-hustle-open/F-183,2025-01-nj-hustle-congress,unmatched,Ann Huang and Steven James,,follower,eepro
2025-01-nj-hustle-congress/other-novice-pro-am-follower-hustle-open,2025-01-nj-hustle-congress/other-novice-pro-am-follower-hustle-open/F-184,2025-01-nj-hustle-congress,unmatched,Leena Mammen and Gustavo Rueda,,follower,eepro
2025-01-nj-hustle-congress/other-novice-pro-am-follower-hustle-open,2025-01-nj-hustle-congress/other-novice-pro-am-follower-hustle-open/F-186,2025-01-nj-hustle-congress,unmatched,Peggy Rucinski and Taryn Rucinski,,follower,eepro
2025-01-nj-hustle-congress/other-novice-pro-am-follower-hustle-open,2025-01-nj-hustle-congress/other-novice-pro-am-follower-hustle-open/F-192,2025-01-nj-hustle-congress,unmatched,Marla Conley and Lori Ann Roche,,follower,eepro
2025-01-nj-hustle-congress/other-novice-pro-am-follower-hustle-open,2025-01-nj-hustle-congress/other-novice-pro-am-follower-hustle-open/F-258,2025-01-nj-hustle-congress,unmatched,Claudia Ramirez and Nino DiGiulio,,follower,eepro
2025-01-nj-hustle-congress/other-novice-pro-am-follower-hustle-open,2025-01-nj-hustle-congress/other-novice-pro-am-follower-hustle-open/F-260,2025-01-nj-hustle-congress,unmatched,Tatiana Montes and Billy Martin,,follower,eepro
2025-01-nj-hustle-congress/other-novice-pro-am-follower-hustle-open,2025-01-nj-hustle-congress/other-novice-pro-am-follower-hustle-open/F-261,2025-01-nj-hustle-congress,unmatched,Daniel Gioioso and Daniel McGee,,follower,eepro
2025-01-nj-hustle-congress/other-novice-pro-am-follower-hustle-open,2025-01-nj-hustle-congress/other-novice-pro-am-follower-hustle-open/F-266,2025-01-nj-hustle-congress,unmatched,Michele Shore and Christopher Crevatas,,follower,eepro
2025-01-nj-hustle-congress/other-novice-pro-am-follower-hustle-open,2025-01-nj-hustle-congress/other-novice-pro-am-follower-hustle-open/F-267,2025-01-nj-hustle-congress,unmatched,Sherry Zhang and Louie Orlando,,follower,eepro
2025-01-nj-hustle-congress/other-pro-am-hustle-for-the-hounds,2025-01-nj-hustle-congress/other-pro-am-hustle-for-the-hounds/L-183,2025-01-nj-hustle-congress,unmatched,Ann Huang and Steven James,,leader,eepro
2025-01-nj-hustle-congress/other-pro-am-hustle-for-the-hounds,2025-01-nj-hustle-congress/other-pro-am-hustle-for-the-hounds/L-259,2025-01-nj-hustle-congress,unmatched,Sara Jones and Jaime Serna,,leader,eepro
2025-01-nj-hustle-congress/other-professional-just-hustle,2025-01-nj-hustle-congress/other-professional-just-hustle/L-185,2025-01-nj-hustle-congress,unmatched,Faustine Lavie and Gustavo Rueda,,leader,eepro
2025-01-nj-hustle-congress/other-professional-just-hustle,2025-01-nj-hustle-congress/other-professional-just-hustle/L-248,2025-01-nj-hustle-congress,unmatched,Steven James and Annie Lebedeva,,leader,eepro
2025-01-nj-hustle-congress/other-professional-just-hustle,2025-01-nj-hustle-congress/other-professional-just-hustle/L-260,2025-01-nj-hustle-congress,unmatched,Billy Marti and Satomi Montague,,leader,eepro
2025-01-nj-hustle-congress/other-professional-just-hustle,2025-01-nj-hustle-congress/other-professional-just-hustle/L-292,2025-01-nj-hustle-congress,unmatched,Christopher Crevatas and Taryn Rucinski,,leader,eepro
2025-02-capital-swing/all-american-j-j,2025-02-capital-swing/all-american-j-j/L-227,2025-02-capital-swing,unmatched,Trenten Jackson and April McKenzie,,leader,eepro
2025-02-capital-swing/all-american-j-j,2025-02-capital-swing/all-american-j-j/L-285,2025-02-capital-swing,probable,Phillip Nicholson and Patty Houston,7388,leader,eepro
2025-02-capital-swing/all-american-j-j,2025-02-capital-swing/all-american-j-j/L-358,2025-02-capital-swing,probable,James Register and Hana Kim,23416,leader,eepro
2025-02-capital-swing/all-american-j-j,2025-02-capital-swing/all-american-j-j/L-368,2025-02-capital-swing,probable,Scott Fleischer and Leah lawrence,12159,leader,eepro
2025-02-capital-swing/all-american-j-j,2025-02-capital-swing/all-american-j-j/L-391,2025-02-capital-swing,probable,Robert French and Angie Bryan,2865,leader,eepro
2025-02-capital-swing/all-american-j-j,2025-02-capital-swing/all-american-j-j/L-419,2025-02-capital-swing,probable,David Adler and Carol Grago,17550,leader,eepro
2025-02-capital-swing/all-american-j-j,2025-02-capital-swing/all-american-j-j/L-451,2025-02-capital-swing,unmatched,TaeHoon Jun and Cathy Grago,,leader,eepro
2025-02-capital-swing/all-american-j-j,2025-02-capital-swing/all-american-j-j/L-475,2025-02-capital-swing,probable,John-Mark Mamalakis and Christa Farmer,21836,leader,eepro
2025-02-capital-swing/all-american-j-j,2025-02-capital-swing/all-american-j-j/L-485,2025-02-capital-swing,probable,James Wyke and Elizabeth Wyke,19409,leader,eepro
2025-02-capital-swing/all-american-j-j,2025-02-capital-swing/all-american-j-j/L-487,2025-02-capital-swing,probable,Stanislav Ivanov and Rachel Baumgardner,2768,leader,eepro
2025-02-capital-swing/all-american-j-j,2025-02-capital-swing/all-american-j-j/L-493,2025-02-capital-swing,probable,Hyojin Kim and Raven McCoy,23313,leader,eepro
2025-02-capital-swing/all-american-j-j,2025-02-capital-swing/all-american-j-j/L-497,2025-02-capital-swing,probable,YoungWan Kim and Heather Sabel,23973,leader,eepro
2025-02-capital-swing/all-american-j-j,2025-02-capital-swing/all-american-j-j/L-521,2025-02-capital-swing,probable,Tobias Ziegler and Adela Su,6616,leader,eepro
2025-02-capital-swing/all-american-j-j,2025-02-capital-swing/all-american-j-j/L-526,2025-02-capital-swing,probable,Jack Carlson and Brian Nuyen,25449,leader,eepro
2025-02-capital-swing/all-american-j-j,2025-02-capital-swing/all-american-j-j/L-528,2025-02-capital-swing,unmatched,Igor Laryukhin and Lalana Aramthaveethong,,leader,eepro
2025-02-capital-swing/all-american-j-j,2025-02-capital-swing/all-american-j-j/L-532,2025-02-capital-swing,probable,John Su and Jenna Silva,16674,leader,eepro
2025-02-capital-swing/all-american-j-j,2025-02-capital-swing/all-american-j-j/L-533,2025-02-capital-swing,probable,Keerigan Rudd and Regina Ledesma,8724,leader,eepro
2025-02-capital-swing/all-american-j-j,2025-02-capital-swing/all-american-j-j/L-549,2025-02-capital-swing,probable,Sarah Rempel and Judith Asem,14090,leader,eepro
2025-02-capital-swing/all-american-j-j,2025-02-capital-swing/all-american-j-j/L-559,2025-02-capital-swing,probable,Tony Chen and Jung Kang,12572,leader,eepro
2025-02-capital-swing/all-american-j-j,2025-02-capital-swing/all-american-j-j/L-572,2025-02-capital-swing,probable,Jerome Subey and Savannah Harris-Read,12821,leader,eepro
2025-02-capital-swing/all-american-j-j,2025-02-capital-swing/all-american-j-j/L-577,2025-02-capital-swing,probable,Chase Warner and Jessica Greene,22885,leader,eepro
2025-02-capital-swing/all-american-j-j,2025-02-capital-swing/all-american-j-j/L-579,2025-02-capital-swing,possible,Jeffrey Wang and Christina Musser,,leader,eepro
2025-02-capital-swing/all-american-j-j,2025-02-capital-swing/all-american-j-j/L-584,2025-02-capital-swing,possible,Conor McClure and Jessica Morgenstern,,leader,eepro
2025-02-capital-swing/all-american-j-j,2025-02-capital-swing/all-american-j-j/L-593,2025-02-capital-swing,probable,Matthew Jacobson and Caitlin Tang-Hornbuckle,26363,leader,eepro
2025-02-capital-swing/all-american-j-j,2025-02-capital-swing/all-american-j-j/L-608,2025-02-capital-swing,probable,Jeff Wingo and Elizabeth Spann,10719,leader,eepro
2025-02-capital-swing/all-american-j-j,2025-02-capital-swing/all-american-j-j/L-611,2025-02-capital-swing,probable,George Voulgarakis and Anna Zabek,16785,leader,eepro
2025-02-capital-swing/all-american-j-j,2025-02-capital-swing/all-american-j-j/L-615,2025-02-capital-swing,probable,Zach Gotsch and Alice Lee,23030,leader,eepro
2025-02-capital-swing/all-american-j-j,2025-02-capital-swing/all-american-j-j/L-626,2025-02-capital-swing,possible,Charles Buffington and Tobe Pilato,,leader,eepro
2025-02-capital-swing/all-american-j-j,2025-02-capital-swing/all-american-j-j/L-632,2025-02-capital-swing,probable,Tien Khieu and Tikwiza Nkowane,16681,leader,eepro
2025-02-capital-swing/all-american-j-j,2025-02-capital-swing/all-american-j-j/L-639,2025-02-capital-swing,probable,Mandy Fried and Brenda Shatto,14644,leader,eepro
2025-02-capital-swing/all-american-j-j,2025-02-capital-swing/all-american-j-j/L-642,2025-02-capital-swing,probable,Jaden Pfeiffer and Ashley Smith,5066,leader,eepro
2025-02-capital-swing/all-american-j-j,2025-02-capital-swing/all-american-j-j/L-650,2025-02-capital-swing,probable,James H and Taylor Lurie,24694,leader,eepro
2025-02-capital-swing/all-american-j-j,2025-02-capital-swing/all-american-j-j/L-651,2025-02-capital-swing,unmatched,Jeff Smith and Jennifer Buschmann,,leader,eepro
2025-02-capital-swing/all-american-j-j,2025-02-capital-swing/all-american-j-j/L-656,2025-02-capital-swing,probable,John F. Santos and Mia Primavera,14091,leader,eepro
2025-02-capital-swing/all-american-j-j,2025-02-capital-swing/all-american-j-j/L-662,2025-02-capital-swing,probable,Stephen Freeman and Alana Swift,25070,leader,eepro
2025-02-capital-swing/all-american-j-j,2025-02-capital-swing/all-american-j-j/L-663,2025-02-capital-swing,possible,Christopher Dumond and Laura T Thompson,,leader,eepro
2025-02-capital-swing/all-american-j-j,2025-02-capital-swing/all-american-j-j/L-664,2025-02-capital-swing,unmatched,Scott Goodhart and Shalay Andrus,,leader,eepro
2025-02-capital-swing/all-american-j-j,2025-02-capital-swing/all-american-j-j/L-669,2025-02-capital-swing,unmatched,Tony Schubert and Jade Ruiz,,leader,eepro
2025-02-capital-swing/all-american-j-j,2025-02-capital-swing/all-american-j-j/L-674,2025-02-capital-swing,possible,Matthew Snook and Nan Turner,,leader,eepro
2025-02-capital-swing/all-american-j-j,2025-02-capital-swing/all-american-j-j/L-692,2025-02-capital-swing,probable,PJ Turner and Samantha Buckwalter,2761,leader,eepro
2025-02-capital-swing/all-american-j-j,2025-02-capital-swing/all-american-j-j/L-700,2025-02-capital-swing,probable,Harold Baker and Shanna Porcari,6916,leader,eepro
2025-02-capital-swing/all-american-j-j,2025-02-capital-swing/all-american-j-j/L-702,2025-02-capital-swing,unmatched,Deon Harrell and Sheryl Fernandez,,leader,eepro
2025-02-capital-swing/all-american-j-j,2025-02-capital-swing/all-american-j-j/L-706,2025-02-capital-swing,probable,David Mulford and Joanna Meinl,5062,leader,eepro
2025-02-capital-swing/all-american-j-j,2025-02-capital-swing/all-american-j-j/L-717,2025-02-capital-swing,probable,Neil Joshi and Morgan Halstead,25190,leader,eepro
2025-02-capital-swing/all-american-j-j,2025-02-capital-swing/all-american-j-j/L-719,2025-02-capital-swing,probable,Joel Gibson and Joni Rivera,8630,leader,eepro
2025-02-capital-swing/all-american-j-j,2025-02-capital-swing/all-american-j-j/L-729,2025-02-capital-swing,probable,Andrew Pifferini and Kristen Wallace,14487,leader,eepro
2025-02-capital-swing/all-american-j-j,2025-02-capital-swing/all-american-j-j/L-740,2025-02-capital-swing,probable,Joseph Conroy and Danielle Neal,16010,leader,eepro
2025-02-capital-swing/all-american-j-j,2025-02-capital-swing/all-american-j-j/L-745,2025-02-capital-swing,unmatched,William Hughes and Felicia Hoeppner,,leader,eepro
2025-02-capital-swing/all-american-j-j,2025-02-capital-swing/all-american-j-j/L-750,2025-02-capital-swing,probable,George Martin and Marlynn Lane,9236,leader,eepro
2025-02-capital-swing/all-american-j-j,2025-02-capital-swing/all-american-j-j/L-752,2025-02-capital-swing,possible,Clay Slocum and Michelle Beltran,,leader,eepro
2025-02-capital-swing/all-american-j-j,2025-02-capital-swing/all-american-j-j/L-760,2025-02-capital-swing,probable,Joel Torgeson and Nicole Heuga,10364,leader,eepro
2025-02-capital-swing/all-american-j-j,2025-02-capital-swing/all-american-j-j/L-761,2025-02-capital-swing,unmatched,Victor Chen and Fumiko Jenkins,,leader,eepro
2025-02-capital-swing/all-american-j-j,2025-02-capital-swing/all-american-j-j/L-768,2025-02-capital-swing,probable,Yushi Wang and Teveya West,9303,leader,eepro
2025-02-capital-swing/all-american-j-j,2025-02-capital-swing/all-american-j-j/L-780,2025-02-capital-swing,probable,Aidan Keith-Hynes and Kathleen Sun,15296,leader,eepro
2025-02-capital-swing/all-american-j-j,2025-02-capital-swing/all-american-j-j/L-784,2025-02-capital-swing,probable,Tip West and Michelle Kinkaid,468,leader,eepro
2025-02-capital-swing/all-american-j-j,2025-02-capital-swing/all-american-j-j/L-788,2025-02-capital-swing,probable,Omar Gonzalez and Morgan Hearrell,20233,leader,eepro
2025-02-capital-swing/all-american-j-j,2025-02-capital-swing/all-american-j-j/L-797,2025-02-capital-swing,unmatched,Michael DiFranco and Michelle Brasl,,leader,eepro
2025-02-capital-swing/all-american-j-j,2025-02-capital-swing/all-american-j-j/L-805,2025-02-capital-swing,probable,Nick Hughes and Mackenzie Goodmanson,5178,leader,eepro
2025-02-capital-swing/all-american-j-j,2025-02-capital-swing/all-american-j-j/L-811,2025-02-capital-swing,possible,Andrew Opyrchal and Gina Tucci,,leader,eepro
2025-02-capital-swing/all-american-j-j,2025-02-capital-swing/all-american-j-j/L-817,2025-02-capital-swing,probable,Pete Castro and Millicent Jiang,24842,leader,eepro
2025-02-capital-swing/all-american-j-j,2025-02-capital-swing/all-american-j-j/L-822,2025-02-capital-swing,probable,Srikar Bhagavatula and Theresa McGarry,584,leader,eepro
2025-02-capital-swing/all-american-j-j,2025-02-capital-swing/all-american-j-j/L-825,2025-02-capital-swing,probable,Sean Carney and Jungmi Park,21662,leader,eepro
2025-02-capital-swing/all-american-j-j,2025-02-capital-swing/all-american-j-j/L-838,2025-02-capital-swing,possible,Za M Thomaier and JiHyun Park,,leader,eepro
2025-02-capital-swing/all-american-j-j,2025-02-capital-swing/all-american-j-j/L-840,2025-02-capital-swing,probable,Egan Anselmo and Chantelle Pianetta,7857,leader,eepro
2025-02-capital-swing/all-american-j-j,2025-02-capital-swing/all-american-j-j/L-845,2025-02-capital-swing,probable,Jason Taylor and Kristie Vian,3606,leader,eepro
2025-02-swing-crush/swing-crush-hi-lo-hi-follower-lo-leader,2025-02-swing-crush/swing-crush-hi-lo-hi-follower-lo-leader/F-10,2025-02-swing-crush,unmatched,James Sisneros and Kristen Wallace,,follower,eepro
2025-02-swing-crush/swing-crush-hi-lo-hi-follower-lo-leader,2025-02-swing-crush/swing-crush-hi-lo-hi-follower-lo-leader/F-102,2025-02-swing-crush,unmatched,Colton Kaiser and Agnieszka Maslanka,,follower,eepro
2025-02-swing-crush/swing-crush-hi-lo-hi-follower-lo-leader,2025-02-swing-crush/swing-crush-hi-lo-hi-follower-lo-leader/F-104,2025-02-swing-crush,unmatched,Zachary Morris and Julie Winspear,,follower,eepro
2025-02-swing-crush/swing-crush-hi-lo-hi-follower-lo-leader,2025-02-swing-crush/swing-crush-hi-lo-hi-follower-lo-leader/F-106,2025-02-swing-crush,probable,Dawit Palmer and Brittani Powers,27925,follower,eepro
2025-02-swing-crush/swing-crush-hi-lo-hi-follower-lo-leader,2025-02-swing-crush/swing-crush-hi-lo-hi-follower-lo-leader/F-11,2025-02-swing-crush,unmatched,George Vasquez and Morgan Hearrell,,follower,eepro
2025-02-swing-crush/swing-crush-hi-lo-hi-follower-lo-leader,2025-02-swing-crush/swing-crush-hi-lo-hi-follower-lo-leader/F-132,2025-02-swing-crush,unmatched,C Chang and Mia Primavera,,follower,eepro
2025-02-swing-crush/swing-crush-hi-lo-hi-follower-lo-leader,2025-02-swing-crush/swing-crush-hi-lo-hi-follower-lo-leader/F-133,2025-02-swing-crush,unmatched,James Sisneros and Kristen Wallace,,follower,eepro
2025-02-swing-crush/swing-crush-hi-lo-hi-follower-lo-leader,2025-02-swing-crush/swing-crush-hi-lo-hi-follower-lo-leader/F-137,2025-02-swing-crush,unmatched,Himanshu Paul and Margie Tuttle,,follower,eepro
2025-02-swing-crush/swing-crush-hi-lo-hi-follower-lo-leader,2025-02-swing-crush/swing-crush-hi-lo-hi-follower-lo-leader/F-138,2025-02-swing-crush,unmatched,Connor Beck and Stephanie Dierks,,follower,eepro
2025-02-swing-crush/swing-crush-hi-lo-hi-follower-lo-leader,2025-02-swing-crush/swing-crush-hi-lo-hi-follower-lo-leader/F-154,2025-02-swing-crush,unmatched,Luis Farías and Suma Datta,,follower,eepro
2025-02-swing-crush/swing-crush-hi-lo-hi-follower-lo-leader,2025-02-swing-crush/swing-crush-hi-lo-hi-follower-lo-leader/F-167,2025-02-swing-crush,unmatched,Easton England and Kimberly Connolly,,follower,eepro
2025-02-swing-crush/swing-crush-hi-lo-hi-follower-lo-leader,2025-02-swing-crush/swing-crush-hi-lo-hi-follower-lo-leader/F-169,2025-02-swing-crush,unmatched,Gabe Ofordu and Krista Vizcarra,,follower,eepro
2025-02-swing-crush/swing-crush-hi-lo-hi-follower-lo-leader,2025-02-swing-crush/swing-crush-hi-lo-hi-follower-lo-leader/F-17,2025-02-swing-crush,unmatched,Himanshu Paul and Margie Tuttle,,follower,eepro
2025-02-swing-crush/swing-crush-hi-lo-hi-follower-lo-leader,2025-02-swing-crush/swing-crush-hi-lo-hi-follower-lo-leader/F-170,2025-02-swing-crush,probable,Nicholas Johnson and Emilia Jaskot,19266,follower,eepro
2025-02-swing-crush/swing-crush-hi-lo-hi-follower-lo-leader,2025-02-swing-crush/swing-crush-hi-lo-hi-follower-lo-leader/F-171,2025-02-swing-crush,unmatched,Robert Axley and Anni Hellwagen,,follower,eepro
2025-02-swing-crush/swing-crush-hi-lo-hi-follower-lo-leader,2025-02-swing-crush/swing-crush-hi-lo-hi-follower-lo-leader/F-178,2025-02-swing-crush,unmatched,Hudson Ritchie and Caroline Paige,,follower,eepro
2025-02-swing-crush/swing-crush-hi-lo-hi-follower-lo-leader,2025-02-swing-crush/swing-crush-hi-lo-hi-follower-lo-leader/F-182,2025-02-swing-crush,probable,Ron Demery and Stephanie Dierks,21093,follower,eepro
2025-02-swing-crush/swing-crush-hi-lo-hi-follower-lo-leader,2025-02-swing-crush/swing-crush-hi-lo-hi-follower-lo-leader/F-183,2025-02-swing-crush,unmatched,Zane Youmans and Kaley Thompson,,follower,eepro
2025-02-swing-crush/swing-crush-hi-lo-hi-follower-lo-leader,2025-02-swing-crush/swing-crush-hi-lo-hi-follower-lo-leader/F-184,2025-02-swing-crush,unmatched,Damian Weger and Brianna Garcia,,follower,eepro
2025-02-swing-crush/swing-crush-hi-lo-hi-follower-lo-leader,2025-02-swing-crush/swing-crush-hi-lo-hi-follower-lo-leader/F-186,2025-02-swing-crush,unmatched,Emmanuel Matthews and Susan Kirklin,,follower,eepro
2025-02-swing-crush/swing-crush-hi-lo-hi-follower-lo-leader,2025-02-swing-crush/swing-crush-hi-lo-hi-follower-lo-leader/F-19,2025-02-swing-crush,unmatched,C Chang and Mia Primavera,,follower,eepro
2025-02-swing-crush/swing-crush-hi-lo-hi-follower-lo-leader,2025-02-swing-crush/swing-crush-hi-lo-hi-follower-lo-leader/F-193,2025-02-swing-crush,unmatched,Gabriel Hernandez and Felicia Hoeppner,,follower,eepro
2025-02-swing-crush/swing-crush-hi-lo-hi-follower-lo-leader,2025-02-swing-crush/swing-crush-hi-lo-hi-follower-lo-leader/F-196,2025-02-swing-crush,unmatched,Daniel Semac and Katie Montgomery,,follower,eepro
2025-02-swing-crush/swing-crush-hi-lo-hi-follower-lo-leader,2025-02-swing-crush/swing-crush-hi-lo-hi-follower-lo-leader/F-20,2025-02-swing-crush,unmatched,Benjamin Artz and Agnieszka Maslanka,,follower,eepro
2025-02-swing-crush/swing-crush-hi-lo-hi-follower-lo-leader,2025-02-swing-crush/swing-crush-hi-lo-hi-follower-lo-leader/F-215,2025-02-swing-crush,unmatched,Matthew Salmon and Macie Sandlin,,follower,eepro
2025-02-swing-crush/swing-crush-hi-lo-hi-follower-lo-leader,2025-02-swing-crush/swing-crush-hi-lo-hi-follower-lo-leader/F-221,2025-02-swing-crush,unmatched,Zachary Morris and Julie Winspear,,follower,eepro
2025-02-swing-crush/swing-crush-hi-lo-hi-follower-lo-leader,2025-02-swing-crush/swing-crush-hi-lo-hi-follower-lo-leader/F-23,2025-02-swing-crush,probable,Mathias Mendillo and Cameo McHenry,22890,follower,eepro
2025-02-swing-crush/swing-crush-hi-lo-hi-follower-lo-leader,2025-02-swing-crush/swing-crush-hi-lo-hi-follower-lo-leader/F-233,2025-02-swing-crush,probable,Devon Holcombe and Emily Hung,24046,follower,eepro
2025-02-swing-crush/swing-crush-hi-lo-hi-follower-lo-leader,2025-02-swing-crush/swing-crush-hi-lo-hi-follower-lo-leader/F-242,2025-02-swing-crush,unmatched,Phoenix MacAiodh and Kim Bass,,follower,eepro
2025-02-swing-crush/swing-crush-hi-lo-hi-follower-lo-leader,2025-02-swing-crush/swing-crush-hi-lo-hi-follower-lo-leader/F-244,2025-02-swing-crush,unmatched,Austin Cashion and Colleen Uspensky,,follower,eepro
2025-02-swing-crush/swing-crush-hi-lo-hi-follower-lo-leader,2025-02-swing-crush/swing-crush-hi-lo-hi-follower-lo-leader/F-246,2025-02-swing-crush,unmatched,Luke Applin and Cameo McHenry,,follower,eepro
2025-02-swing-crush/swing-crush-hi-lo-hi-follower-lo-leader,2025-02-swing-crush/swing-crush-hi-lo-hi-follower-lo-leader/F-248,2025-02-swing-crush,unmatched,William McGregor and Morgan Hearrell,,follower,eepro
2025-02-swing-crush/swing-crush-hi-lo-hi-follower-lo-leader,2025-02-swing-crush/swing-crush-hi-lo-hi-follower-lo-leader/F-256,2025-02-swing-crush,unmatched,Benjamin Artz and Agnieszka Maslanka,,follower,eepro
2025-02-swing-crush/swing-crush-hi-lo-hi-follower-lo-leader,2025-02-swing-crush/swing-crush-hi-lo-hi-follower-lo-leader/F-259,2025-02-swing-crush,unmatched,Gabe Ofordu and Krista Vizcarra,,follower,eepro
2025-02-swing-crush/swing-crush-hi-lo-hi-follower-lo-leader,2025-02-swing-crush/swing-crush-hi-lo-hi-follower-lo-leader/F-262,2025-02-swing-crush,unmatched,Rick Brunson and Kaley Thompson,,follower,eepro
2025-02-swing-crush/swing-crush-hi-lo-hi-follower-lo-leader,2025-02-swing-crush/swing-crush-hi-lo-hi-follower-lo-leader/F-36,2025-02-swing-crush,unmatched,Jeff Ort and Brianna Garcia,,follower,eepro
2025-02-swing-crush/swing-crush-hi-lo-hi-follower-lo-leader,2025-02-swing-crush/swing-crush-hi-lo-hi-follower-lo-leader/F-39,2025-02-swing-crush,unmatched,Chaz Boudreaux and Susan Kirklin,,follower,eepro
2025-02-swing-crush/swing-crush-hi-lo-hi-follower-lo-leader,2025-02-swing-crush/swing-crush-hi-lo-hi-follower-lo-leader/F-46,2025-02-swing-crush,unmatched,Jeronimo Diaz and Felicia Hoeppner,,follower,eepro
2025-02-swing-crush/swing-crush-hi-lo-hi-follower-lo-leader,2025-02-swing-crush/swing-crush-hi-lo-hi-follower-lo-leader/F-48,2025-02-swing-crush,unmatched,Anthony Robinski and Katie Montgomery,,follower,eepro
2025-02-swing-crush/swing-crush-hi-lo-hi-follower-lo-leader,2025-02-swing-crush/swing-crush-hi-lo-hi-follower-lo-leader/F-52,2025-02-swing-crush,unmatched,Easton England and Kimberly Connolly,,follower,eepro
2025-02-swing-crush/swing-crush-hi-lo-hi-follower-lo-leader,2025-02-swing-crush/swing-crush-hi-lo-hi-follower-lo-leader/F-58,2025-02-swing-crush,unmatched,Brandon Hall and Macie Sandlin,,follower,eepro
2025-02-swing-crush/swing-crush-hi-lo-hi-follower-lo-leader,2025-02-swing-crush/swing-crush-hi-lo-hi-follower-lo-leader/F-69,2025-02-swing-crush,unmatched,Jonathan Morgan and Emily Hung,,follower,eepro
2025-02-swing-crush/swing-crush-hi-lo-hi-follower-lo-leader,2025-02-swing-crush/swing-crush-hi-lo-hi-follower-lo-leader/F-77,2025-02-swing-crush,unmatched,Nicholas Light and Kim Bass,,follower,eepro
2025-02-swing-crush/swing-crush-hi-lo-hi-follower-lo-leader,2025-02-swing-crush/swing-crush-hi-lo-hi-follower-lo-leader/F-80,2025-02-swing-crush,unmatched,George Hughes and Colleen Uspensky,,follower,eepro
2025-02-swing-crush/swing-crush-hi-lo-hi-follower-lo-leader,2025-02-swing-crush/swing-crush-hi-lo-hi-follower-lo-leader/F-88,2025-02-swing-crush,unmatched,Mathias Mendillo and Cameo McHenry,,follower,eepro
2025-02-swing-crush/swing-crush-hi-lo-hi-follower-lo-leader,2025-02-swing-crush/swing-crush-hi-lo-hi-follower-lo-leader/F-91,2025-02-swing-crush,unmatched,George Vasquez and Morgan Hearrell,,follower,eepro
2025-02-swing-crush/swing-crush-hi-lo-hi-leader-lo-follower,2025-02-swing-crush/swing-crush-hi-lo-hi-leader-lo-follower/F-100,2025-02-swing-crush,unmatched,Ryan Osbourn and Jessica Jakobeit,,follower,eepro
2025-02-swing-crush/swing-crush-hi-lo-hi-leader-lo-follower,2025-02-swing-crush/swing-crush-hi-lo-hi-leader-lo-follower/F-105,2025-02-swing-crush,unmatched,Devin Wilson and Rachel Moran,,follower,eepro
2025-02-swing-crush/swing-crush-hi-lo-hi-leader-lo-follower,2025-02-swing-crush/swing-crush-hi-lo-hi-leader-lo-follower/F-108,2025-02-swing-crush,unmatched,Gregory Freeman and Amber Anderson,,follower,eepro
2025-02-swing-crush/swing-crush-hi-lo-hi-leader-lo-follower,2025-02-swing-crush/swing-crush-hi-lo-hi-leader-lo-follower/F-124,2025-02-swing-crush,unmatched,Augie Leija and Sydni Hearn,,follower,eepro
2025-02-swing-crush/swing-crush-hi-lo-hi-leader-lo-follower,2025-02-swing-crush/swing-crush-hi-lo-hi-leader-lo-follower/F-13,2025-02-swing-crush,unmatched,Devin Wilson and Rachel Moran,,follower,eepro
2025-02-swing-crush/swing-crush-hi-lo-hi-leader-lo-follower,2025-02-swing-crush/swing-crush-hi-lo-hi-leader-lo-follower/F-136,2025-02-swing-crush,unmatched,Randell Livelo and Caryn May,,follower,eepro
2025-02-swing-crush/swing-crush-hi-lo-hi-leader-lo-follower,2025-02-swing-crush/swing-crush-hi-lo-hi-leader-lo-follower/F-144,2025-02-swing-crush,unmatched,Garrett Thompson and Leilani Long,,follower,eepro
2025-02-swing-crush/swing-crush-hi-lo-hi-leader-lo-follower,2025-02-swing-crush/swing-crush-hi-lo-hi-leader-lo-follower/F-147,2025-02-swing-crush,unmatched,Benji Schwimmer and Celisse Hecq,,follower,eepro
2025-02-swing-crush/swing-crush-hi-lo-hi-leader-lo-follower,2025-02-swing-crush/swing-crush-hi-lo-hi-leader-lo-follower/F-15,2025-02-swing-crush,unmatched,Garrett Thompson and Leilani Long,,follower,eepro
2025-02-swing-crush/swing-crush-hi-lo-hi-leader-lo-follower,2025-02-swing-crush/swing-crush-hi-lo-hi-leader-lo-follower/F-168,2025-02-swing-crush,unmatched,Michael Stephens and Lynn Telzer,,follower,eepro
2025-02-swing-crush/swing-crush-hi-lo-hi-leader-lo-follower,2025-02-swing-crush/swing-crush-hi-lo-hi-leader-lo-follower/F-174,2025-02-swing-crush,unmatched,Joseph Maldonado and Nicole Bruner,,follower,eepro
2025-02-swing-crush/swing-crush-hi-lo-hi-leader-lo-follower,2025-02-swing-crush/swing-crush-hi-lo-hi-leader-lo-follower/F-2,2025-02-swing-crush,unmatched,Augie Leija and Sydni Hearn,,follower,eepro
2025-02-swing-crush/swing-crush-hi-lo-hi-leader-lo-follower,2025-02-swing-crush/swing-crush-hi-lo-hi-leader-lo-follower/F-20,2025-02-swing-crush,unmatched,Sebastian Quinones and Stacey Troy,,follower,eepro
2025-02-swing-crush/swing-crush-hi-lo-hi-leader-lo-follower,2025-02-swing-crush/swing-crush-hi-lo-hi-leader-lo-follower/F-20.1,2025-02-swing-crush,unmatched,Sebastian Quinones and Insha Noorani,,follower,eepro
2025-02-swing-crush/swing-crush-hi-lo-hi-leader-lo-follower,2025-02-swing-crush/swing-crush-hi-lo-hi-leader-lo-follower/F-22,2025-02-swing-crush,probable,Ben McHenry and Sandrine Menoret,3181,follower,eepro
2025-02-swing-crush/swing-crush-hi-lo-hi-leader-lo-follower,2025-02-swing-crush/swing-crush-hi-lo-hi-leader-lo-follower/F-234,2025-02-swing-crush,unmatched,Leonardo Vidal and Jubilee Call,,follower,eepro
2025-02-swing-crush/swing-crush-hi-lo-hi-leader-lo-follower,2025-02-swing-crush/swing-crush-hi-lo-hi-leader-lo-follower/F-236,2025-02-swing-crush,unmatched,Joe Mendence and Tom Teramoto,,follower,eepro
2025-02-swing-crush/swing-crush-hi-lo-hi-leader-lo-follower,2025-02-swing-crush/swing-crush-hi-lo-hi-leader-lo-follower/F-25,2025-02-swing-crush,unmatched,Joel Torgeson and Johanna Orellana,,follower,eepro
2025-02-swing-crush/swing-crush-hi-lo-hi-leader-lo-follower,2025-02-swing-crush/swing-crush-hi-lo-hi-leader-lo-follower/F-263,2025-02-swing-crush,unmatched,Benji Schwimmer and Celisse Hecq,,follower,eepro
2025-02-swing-crush/swing-crush-hi-lo-hi-leader-lo-follower,2025-02-swing-crush/swing-crush-hi-lo-hi-leader-lo-follower/F-27,2025-02-swing-crush,unmatched,Tommy Schwegmann and Tiffany Good,,follower,eepro
2025-02-swing-crush/swing-crush-hi-lo-hi-leader-lo-follower,2025-02-swing-crush/swing-crush-hi-lo-hi-leader-lo-follower/F-29,2025-02-swing-crush,unmatched,Keerigan Rudd and Monica Huang,,follower,eepro
2025-02-swing-crush/swing-crush-hi-lo-hi-leader-lo-follower,2025-02-swing-crush/swing-crush-hi-lo-hi-leader-lo-follower/F-295,2025-02-swing-crush,unmatched,Michael Kielbasa and Kira Stein,,follower,eepro
2025-02-swing-crush/swing-crush-hi-lo-hi-leader-lo-follower,2025-02-swing-crush/swing-crush-hi-lo-hi-leader-lo-follower/F-295.1,2025-02-swing-crush,unmatched,Michael Kielbasa and Marie Tamliani,,follower,eepro
2025-02-swing-crush/swing-crush-hi-lo-hi-leader-lo-follower,2025-02-swing-crush/swing-crush-hi-lo-hi-leader-lo-follower/F-297,2025-02-swing-crush,unmatched,Hugo Miguez and Jennifer Wolfe,,follower,eepro
2025-02-swing-crush/swing-crush-hi-lo-hi-leader-lo-follower,2025-02-swing-crush/swing-crush-hi-lo-hi-leader-lo-follower/F-297.1,2025-02-swing-crush,unmatched,Hugo Miguez and Kimberly Kidd,,follower,eepro
2025-02-swing-crush/swing-crush-hi-lo-hi-leader-lo-follower,2025-02-swing-crush/swing-crush-hi-lo-hi-leader-lo-follower/F-43,2025-02-swing-crush,unmatched,Keerigan Rudd and Monica Huang,,follower,eepro
2025-02-swing-crush/swing-crush-hi-lo-hi-leader-lo-follower,2025-02-swing-crush/swing-crush-hi-lo-hi-leader-lo-follower/F-47,2025-02-swing-crush,unmatched,Michael Kielbasa and Kira Stein,,follower,eepro
2025-02-swing-crush/swing-crush-hi-lo-hi-leader-lo-follower,2025-02-swing-crush/swing-crush-hi-lo-hi-leader-lo-follower/F-54,2025-02-swing-crush,unmatched,Leonardo Vidal and Jubilee Call,,follower,eepro
2025-02-swing-crush/swing-crush-hi-lo-hi-leader-lo-follower,2025-02-swing-crush/swing-crush-hi-lo-hi-leader-lo-follower/F-61,2025-02-swing-crush,unmatched,Joel Torgeson and Johanna Orellana,,follower,eepro
2025-02-swing-crush/swing-crush-hi-lo-hi-leader-lo-follower,2025-02-swing-crush/swing-crush-hi-lo-hi-leader-lo-follower/F-8,2025-02-swing-crush,unmatched,Jonathan Wolfgram and Alison Klein,,follower,eepro
2025-02-swing-crush/swing-crush-hi-lo-hi-leader-lo-follower,2025-02-swing-crush/swing-crush-hi-lo-hi-leader-lo-follower/F-89,2025-02-swing-crush,unmatched,Hugo Miguez and Jennifer Wolfe,,follower,eepro
2025-02-swing-crush/swing-crush-hi-lo-hi-leader-lo-follower,2025-02-swing-crush/swing-crush-hi-lo-hi-leader-lo-follower/F-97,2025-02-swing-crush,unmatched,Zitai Huang and Nichole Carder,,follower,eepro
2025-02-swing-crush/swing-crush-hi-lo-hi-leader-lo-follower,2025-02-swing-crush/swing-crush-hi-lo-hi-leader-lo-follower/F-98,2025-02-swing-crush,unmatched,Joseph Maldonado and Nicole Bruner,,follower,eepro
2025-03-novice-invitational/pro-am,2025-03-novice-invitational/pro-am/L-409,2025-03-novice-invitational,unmatched,Alyssa Kim and Glenn Ball,,leader,eepro
2025-03-novice-invitational/pro-am,2025-03-novice-invitational/pro-am/L-798,2025-03-novice-invitational,probable,Miguel Gonzales and Jeanne DeGeyter,216,leader,eepro
2025-03-novice-invitational/pro-am,2025-03-novice-invitational/pro-am/L-838,2025-03-novice-invitational,unmatched,Makena Loveland and Felicia Hoeppner,,leader,eepro
2025-03-novice-invitational/pro-am,2025-03-novice-invitational/pro-am/L-898,2025-03-novice-invitational,unmatched,Robin Knudsen and Glenn Ball,,leader,eepro
2025-04-swingover/pro-am,2025-04-swingover/pro-am/L-085,2025-04-swingover,unmatched,Christine Zoyhofski and Derek Levya,,leader,eepro
2025-04-swingover/pro-am,2025-04-swingover/pro-am/L-094,2025-04-swingover,unmatched,Easton England and Felicia Hoeppner,,leader,eepro
2025-04-swingover/pro-am,2025-04-swingover/pro-am/L-137,2025-04-swingover,unmatched,Makena Loveland and Felicia Hoeppner,,leader,eepro
2025-04-swingover/pro-am,2025-04-swingover/pro-am/L-148,2025-04-swingover,unmatched,Daniella Robichaud and Markus Smith,,leader,eepro
2025-04-swingover/pro-am,2025-04-swingover/pro-am/L-154,2025-04-swingover,unmatched,Anne Brade and Jason Marker,,leader,eepro
2025-04-swingover/pro-am,2025-04-swingover/pro-am/L-196,2025-04-swingover,probable,Roberta Pearlstein and Stacy Kay,8814,leader,eepro
2025-04-swingover/pro-am,2025-04-swingover/pro-am/L-202,2025-04-swingover,probable,Kevin Davis and Nicole Zwerlein,7637,leader,eepro
2025-04-swingover/pro-am,2025-04-swingover/pro-am/L-207,2025-04-swingover,unmatched,Teresa TJ Flowers and Ryan Pflumm,,leader,eepro
2025-04-swingover/pro-am,2025-04-swingover/pro-am/L-244,2025-04-swingover,probable,Chloe Christine and Lyla Ruth,20733,leader,eepro
2025-04-swingover/pro-am,2025-04-swingover/pro-am/L-307,2025-04-swingover,unmatched,Cristen Appleton and Sebastian Shindel,,leader,eepro
2025-04-swingover/pro-am,2025-04-swingover/pro-am/L-308,2025-04-swingover,unmatched,Kelsey Buckley and Markus Smith,,leader,eepro
2025-04-swingover/pro-am,2025-04-swingover/pro-am/L-313,2025-04-swingover,unmatched,Kim Salvesen and Derek Leyva,,leader,eepro
2025-04-swingover/rising-star,2025-04-swingover/rising-star/L-149,2025-04-swingover,unmatched,Hannah Bonaguide and Shawn McGettigan,,leader,eepro
2025-04-swingover/rising-star,2025-04-swingover/rising-star/L-name-matt-davis-and-kristen-shaw,2025-04-swingover,probable,Matt Davis and Kristen Shaw,9123,leader,eepro
2025-04-tulsa-spring-swing/intermediate-pro-am-advanced,2025-04-tulsa-spring-swing/intermediate-pro-am-advanced/L-145,2025-04-tulsa-spring-swing,unmatched,Tom Teramoto and Tom Cameron,,leader,eepro
2025-04-tulsa-spring-swing/intermediate-pro-am-advanced,2025-04-tulsa-spring-swing/intermediate-pro-am-advanced/L-309,2025-04-tulsa-spring-swing,unmatched,Mitchell Gegg and Julie Auclair,,leader,eepro
2025-04-tulsa-spring-swing/intermediate-strictly-pro-am-am-followers,2025-04-tulsa-spring-swing/intermediate-strictly-pro-am-am-followers/F-101,2025-04-tulsa-spring-swing,unmatched,Sarah McDonald and CJ Caraway,,follower,eepro
2025-04-tulsa-spring-swing/intermediate-strictly-pro-am-am-followers,2025-04-tulsa-spring-swing/intermediate-strictly-pro-am-am-followers/F-103,2025-04-tulsa-spring-swing,unmatched,Glenda Fletcher and Ben Clemons,,follower,eepro
2025-04-tulsa-spring-swing/intermediate-strictly-pro-am-am-followers,2025-04-tulsa-spring-swing/intermediate-strictly-pro-am-am-followers/F-143,2025-04-tulsa-spring-swing,unmatched,Diana Burkholder and Matt Auclair,,follower,eepro
2025-04-tulsa-spring-swing/intermediate-strictly-pro-am-am-followers,2025-04-tulsa-spring-swing/intermediate-strictly-pro-am-am-followers/F-145,2025-04-tulsa-spring-swing,unmatched,Tom Teramoto and Ben Clemons,,follower,eepro
2025-04-tulsa-spring-swing/intermediate-strictly-pro-am-am-followers,2025-04-tulsa-spring-swing/intermediate-strictly-pro-am-am-followers/F-189,2025-04-tulsa-spring-swing,unmatched,Britta Albertson and Ben Clemons,,follower,eepro
2025-04-tulsa-spring-swing/intermediate-strictly-pro-am-am-followers,2025-04-tulsa-spring-swing/intermediate-strictly-pro-am-am-followers/F-190,2025-04-tulsa-spring-swing,unmatched,Sue Barnett and Terry Roseborough,,follower,eepro
2025-04-tulsa-spring-swing/intermediate-strictly-pro-am-am-followers,2025-04-tulsa-spring-swing/intermediate-strictly-pro-am-am-followers/F-316,2025-04-tulsa-spring-swing,unmatched,Leslie Frid and Ben Clemons,,follower,eepro
2025-04-tulsa-spring-swing/intermediate-strictly-pro-am-am-followers,2025-04-tulsa-spring-swing/intermediate-strictly-pro-am-am-followers/F-338,2025-04-tulsa-spring-swing,unmatched,Taylor Holland and Matt Auclair,,follower,eepro
2025-04-tulsa-spring-swing/intermediate-strictly-pro-am-am-followers,2025-04-tulsa-spring-swing/intermediate-strictly-pro-am-am-followers/F-344,2025-04-tulsa-spring-swing,unmatched,Nicole Bruner and Joe Mendence,,follower,eepro
2025-04-tulsa-spring-swing/intermediate-strictly-pro-am-am-followers,2025-04-tulsa-spring-swing/intermediate-strictly-pro-am-am-followers/F-349,2025-04-tulsa-spring-swing,unmatched,Maria Rodriguez and Matt Auclair,,follower,eepro
2025-04-tulsa-spring-swing/intermediate-strictly-pro-am-am-followers,2025-04-tulsa-spring-swing/intermediate-strictly-pro-am-am-followers/F-369,2025-04-tulsa-spring-swing,unmatched,Jade St. Denis and Joe Mendence,,follower,eepro
2025-04-tulsa-spring-swing/intermediate-strictly-pro-am-am-leaders,2025-04-tulsa-spring-swing/intermediate-strictly-pro-am-am-leaders/L-119,2025-04-tulsa-spring-swing,unmatched,Isaiah Copher and Felicia Hoeppner,,leader,eepro
2025-04-tulsa-spring-swing/intermediate-strictly-pro-am-am-leaders,2025-04-tulsa-spring-swing/intermediate-strictly-pro-am-am-leaders/L-129,2025-04-tulsa-spring-swing,unmatched,Easton England and Felicia Hoeppner,,leader,eepro
2025-04-tulsa-spring-swing/intermediate-strictly-pro-am-am-leaders,2025-04-tulsa-spring-swing/intermediate-strictly-pro-am-am-leaders/L-132,2025-04-tulsa-spring-swing,unmatched,Jackson Mcknight and Felicia Hoeppner,,leader,eepro
2025-04-tulsa-spring-swing/intermediate-strictly-pro-am-am-leaders,2025-04-tulsa-spring-swing/intermediate-strictly-pro-am-am-leaders/L-133,2025-04-tulsa-spring-swing,unmatched,Rick Brunson and Felicia Hoeppner,,leader,eepro
2025-04-tulsa-spring-swing/intermediate-strictly-pro-am-am-leaders,2025-04-tulsa-spring-swing/intermediate-strictly-pro-am-am-leaders/L-148,2025-04-tulsa-spring-swing,unmatched,Benton Hoskison and Maria Bileychik,,leader,eepro
2025-04-tulsa-spring-swing/intermediate-strictly-pro-am-am-leaders,2025-04-tulsa-spring-swing/intermediate-strictly-pro-am-am-leaders/L-183,2025-04-tulsa-spring-swing,unmatched,James Williams and Maria Bileychik,,leader,eepro
2025-04-tulsa-spring-swing/intermediate-strictly-pro-am-am-leaders,2025-04-tulsa-spring-swing/intermediate-strictly-pro-am-am-leaders/L-198,2025-04-tulsa-spring-swing,unmatched,James Sisneros and Maria Bileychik,,leader,eepro
2025-04-tulsa-spring-swing/intermediate-strictly-pro-am-am-leaders,2025-04-tulsa-spring-swing/intermediate-strictly-pro-am-am-leaders/L-309,2025-04-tulsa-spring-swing,unmatched,Mitchell Gegg and Julie Auclair,,leader,eepro
2025-04-tulsa-spring-swing/intermediate-strictly-pro-am-am-leaders,2025-04-tulsa-spring-swing/intermediate-strictly-pro-am-am-leaders/L-371,2025-04-tulsa-spring-swing,unmatched,Cole Enger and Felicia Hoeppner,,leader,eepro
2025-04-tulsa-spring-swing/invitational-jj,2025-04-tulsa-spring-swing/invitational-jj/F-name-austin-and-lily,2025-04-tulsa-spring-swing,unmatched,Austin and Lily,,follower,eepro
2025-04-tulsa-spring-swing/invitational-jj,2025-04-tulsa-spring-swing/invitational-jj/F-name-bella-and-felicia,2025-04-tulsa-spring-swing,unmatched,Bella and Felicia,,follower,eepro
2025-04-tulsa-spring-swing/invitational-jj,2025-04-tulsa-spring-swing/invitational-jj/F-name-david-and-trose,2025-04-tulsa-spring-swing,unmatched,David and TRose,,follower,eepro
2025-04-tulsa-spring-swing/invitational-jj,2025-04-tulsa-spring-swing/invitational-jj/F-name-douglas-and-chelsea,2025-04-tulsa-spring-swing,unmatched,Douglas and Chelsea,,follower,eepro
2025-04-tulsa-spring-swing/invitational-jj,2025-04-tulsa-spring-swing/invitational-jj/F-name-kris-and-julie,2025-04-tulsa-spring-swing,unmatched,Kris and Julie,,follower,eepro
2025-04-tulsa-spring-swing/invitational-jj,2025-04-tulsa-spring-swing/invitational-jj/F-name-maria-and-matt,2025-04-tulsa-spring-swing,unmatched,Maria and Matt,,follower,eepro
2025-04-tulsa-spring-swing/invitational-jj,2025-04-tulsa-spring-swing/invitational-jj/F-name-susan-and-cj,2025-04-tulsa-spring-swing,unmatched,Susan and CJ,,follower,eepro
2025-04-tulsa-spring-swing/mixed-level-j-j-combined,2025-04-tulsa-spring-swing/mixed-level-j-j-combined/L-102,2025-04-tulsa-spring-swing,probable,Matthew Fox and Brittani Powers,20052,leader,eepro
2025-04-tulsa-spring-swing/mixed-level-j-j-combined,2025-04-tulsa-spring-swing/mixed-level-j-j-combined/L-110,2025-04-tulsa-spring-swing,probable,Robert Nail and Tom Teramoto,23256,leader,eepro
2025-04-tulsa-spring-swing/mixed-level-j-j-combined,2025-04-tulsa-spring-swing/mixed-level-j-j-combined/L-119,2025-04-tulsa-spring-swing,probable,Isaiah Copher and Bailey Ricketts,15657,leader,eepro
2025-04-tulsa-spring-swing/mixed-level-j-j-combined,2025-04-tulsa-spring-swing/mixed-level-j-j-combined/L-120,2025-04-tulsa-spring-swing,probable,Stephen Seymour and Brittany Richardson,20920,leader,eepro
2025-04-tulsa-spring-swing/mixed-level-j-j-combined,2025-04-tulsa-spring-swing/mixed-level-j-j-combined/L-129,2025-04-tulsa-spring-swing,probable,Easton England and Miki Ok,23264,leader,eepro
2025-04-tulsa-spring-swing/mixed-level-j-j-combined,2025-04-tulsa-spring-swing/mixed-level-j-j-combined/L-140,2025-04-tulsa-spring-swing,probable,Brandon Hall and Trinity Madden,21991,leader,eepro
2025-04-tulsa-spring-swing/mixed-level-j-j-combined,2025-04-tulsa-spring-swing/mixed-level-j-j-combined/L-153,2025-04-tulsa-spring-swing,unmatched,Nicholas Johnson and Kathryn Chilson,,leader,eepro
2025-04-tulsa-spring-swing/mixed-level-j-j-combined,2025-04-tulsa-spring-swing/mixed-level-j-j-combined/L-169,2025-04-tulsa-spring-swing,probable,Detlef Hohl and Makena Loveland,27256,leader,eepro
2025-04-tulsa-spring-swing/mixed-level-j-j-combined,2025-04-tulsa-spring-swing/mixed-level-j-j-combined/L-183,2025-04-tulsa-spring-swing,probable,James Williams and Quita Hall,25089,leader,eepro
2025-04-tulsa-spring-swing/mixed-level-j-j-combined,2025-04-tulsa-spring-swing/mixed-level-j-j-combined/L-191,2025-04-tulsa-spring-swing,unmatched,Miguel Gonzales and Felicia Hoeppner,,leader,eepro
2025-04-tulsa-spring-swing/mixed-level-j-j-combined,2025-04-tulsa-spring-swing/mixed-level-j-j-combined/L-198,2025-04-tulsa-spring-swing,probable,James Sisneros and Kelsey Gonzales,20687,leader,eepro
2025-04-tulsa-spring-swing/mixed-level-j-j-combined,2025-04-tulsa-spring-swing/mixed-level-j-j-combined/L-314,2025-04-tulsa-spring-swing,unmatched,Jake Twork and Jubilee Call,,leader,eepro
2025-04-tulsa-spring-swing/mixed-level-j-j-combined,2025-04-tulsa-spring-swing/mixed-level-j-j-combined/L-315,2025-04-tulsa-spring-swing,probable,Matt Auclair and Emily Straight,22783,leader,eepro
2025-04-tulsa-spring-swing/mixed-level-j-j-combined,2025-04-tulsa-spring-swing/mixed-level-j-j-combined/L-317,2025-04-tulsa-spring-swing,unmatched,Ryan McDaniel and Nicole Bruner,,leader,eepro
2025-04-tulsa-spring-swing/mixed-level-j-j-combined,2025-04-tulsa-spring-swing/mixed-level-j-j-combined/L-327,2025-04-tulsa-spring-swing,probable,Connor Metz and Brianna Garcia,18317,leader,eepro
2025-04-tulsa-spring-swing/mixed-level-j-j-combined,2025-04-tulsa-spring-swing/mixed-level-j-j-combined/L-343,2025-04-tulsa-spring-swing,probable,Josh Fike and Lily Auclair,14081,leader,eepro
2025-04-tulsa-spring-swing/mixed-level-j-j-combined,2025-04-tulsa-spring-swing/mixed-level-j-j-combined/L-348,2025-04-tulsa-spring-swing,probable,Stephen Hrncir and Grace Jackson,25468,leader,eepro
2025-04-tulsa-spring-swing/mixed-level-j-j-combined,2025-04-tulsa-spring-swing/mixed-level-j-j-combined/L-351,2025-04-tulsa-spring-swing,probable,Josh Kneeland and Julie Auclair,11308,leader,eepro
2025-04-tulsa-spring-swing/mixed-level-j-j-combined,2025-04-tulsa-spring-swing/mixed-level-j-j-combined/L-354,2025-04-tulsa-spring-swing,probable,Alex Schmitt and Sydni Hearn,25290,leader,eepro
2025-04-tulsa-spring-swing/mixed-level-j-j-combined,2025-04-tulsa-spring-swing/mixed-level-j-j-combined/L-357,2025-04-tulsa-spring-swing,probable,Sandy Samuel and Sahiba Grover,23858,leader,eepro
2025-04-tulsa-spring-swing/mixed-level-j-j-combined,2025-04-tulsa-spring-swing/mixed-level-j-j-combined/L-371,2025-04-tulsa-spring-swing,probable,Cole Enger and Britta Albertson,23246,leader,eepro
2025-04-tulsa-spring-swing/mixed-level-j-j-combined,2025-04-tulsa-spring-swing/mixed-level-j-j-combined/L-372,2025-04-tulsa-spring-swing,unmatched,Luke Reeves and Natasha Nichols,,leader,eepro
2025-04-tulsa-spring-swing/mixed-level-j-j-combined,2025-04-tulsa-spring-swing/mixed-level-j-j-combined/L-380,2025-04-tulsa-spring-swing,possible,Jeramy Govert and Becci Govert,,leader,eepro
2025-04-tulsa-spring-swing/newcomer-pro-am-novice,2025-04-tulsa-spring-swing/newcomer-pro-am-novice/L-115,2025-04-tulsa-spring-swing,unmatched,Makena Loveland and Felicia Hoeppner,,leader,eepro
2025-04-tulsa-spring-swing/newcomer-pro-am-novice,2025-04-tulsa-spring-swing/newcomer-pro-am-novice/L-185,2025-04-tulsa-spring-swing,unmatched,James Goepel and Julie Auclair,,leader,eepro
2025-04-tulsa-spring-swing/newcomer-pro-am-novice,2025-04-tulsa-spring-swing/newcomer-pro-am-novice/L-354,2025-04-tulsa-spring-swing,unmatched,Alex Schmitt and Lily Auclair,,leader,eepro
2025-04-tulsa-spring-swing/newcomer-pro-am-novice,2025-04-tulsa-spring-swing/newcomer-pro-am-novice/L-361,2025-04-tulsa-spring-swing,unmatched,Lisa Schierholz and Jonathan Wolfgram,,leader,eepro
2025-04-tulsa-spring-swing/newcomer-strictly-pro-am-am-followers,2025-04-tulsa-spring-swing/newcomer-strictly-pro-am-am-followers/F-139,2025-04-tulsa-spring-swing,unmatched,Patricia Geng and Terry Roseborough,,follower,eepro
2025-04-tulsa-spring-swing/newcomer-strictly-pro-am-am-followers,2025-04-tulsa-spring-swing/newcomer-strictly-pro-am-am-followers/F-161,2025-04-tulsa-spring-swing,unmatched,Astrid Fike and Dan Zielinski,,follower,eepro
2025-04-tulsa-spring-swing/newcomer-strictly-pro-am-am-followers,2025-04-tulsa-spring-swing/newcomer-strictly-pro-am-am-followers/F-176,2025-04-tulsa-spring-swing,unmatched,Dawn Bodi and Terry Roseborough,,follower,eepro
2025-04-tulsa-spring-swing/newcomer-strictly-pro-am-am-followers,2025-04-tulsa-spring-swing/newcomer-strictly-pro-am-am-followers/F-191,2025-04-tulsa-spring-swing,unmatched,Miguel Gonzales and Doug Rousar,,follower,eepro
2025-04-tulsa-spring-swing/newcomer-strictly-pro-am-am-followers,2025-04-tulsa-spring-swing/newcomer-strictly-pro-am-am-followers/F-335,2025-04-tulsa-spring-swing,unmatched,Luke Applin and Felicia Hoeppner,,follower,eepro
2025-04-tulsa-spring-swing/newcomer-strictly-pro-am-am-leaders,2025-04-tulsa-spring-swing/newcomer-strictly-pro-am-am-leaders/L-343,2025-04-tulsa-spring-swing,unmatched,Josh Fike and Christina White,,leader,eepro
2025-04-tulsa-spring-swing/newcomer-strictly-pro-am-am-leaders,2025-04-tulsa-spring-swing/newcomer-strictly-pro-am-am-leaders/L-344,2025-04-tulsa-spring-swing,unmatched,Nicole Bruner and Felicia Hoeppner,,leader,eepro
2025-04-tulsa-spring-swing/newcomer-strictly-pro-am-am-leaders,2025-04-tulsa-spring-swing/newcomer-strictly-pro-am-am-leaders/L-354,2025-04-tulsa-spring-swing,unmatched,Alex Schmitt and Lily Auclair,,leader,eepro
2025-04-tulsa-spring-swing/novice-strictly-pro-am-am-followers,2025-04-tulsa-spring-swing/novice-strictly-pro-am-am-followers/F-104,2025-04-tulsa-spring-swing,unmatched,Lori Byrd and Terry Roseborough,,follower,eepro
2025-04-tulsa-spring-swing/novice-strictly-pro-am-am-followers,2025-04-tulsa-spring-swing/novice-strictly-pro-am-am-followers/F-111,2025-04-tulsa-spring-swing,unmatched,Joyce Fisher and Matt Auclair,,follower,eepro
2025-04-tulsa-spring-swing/novice-strictly-pro-am-am-followers,2025-04-tulsa-spring-swing/novice-strictly-pro-am-am-followers/F-115,2025-04-tulsa-spring-swing,unmatched,Makena Loveland and Felicia Hoeppner,,follower,eepro
2025-04-tulsa-spring-swing/novice-strictly-pro-am-am-followers,2025-04-tulsa-spring-swing/novice-strictly-pro-am-am-followers/F-142,2025-04-tulsa-spring-swing,unmatched,Lana Adams and CJ Caraway,,follower,eepro
2025-04-tulsa-spring-swing/novice-strictly-pro-am-am-followers,2025-04-tulsa-spring-swing/novice-strictly-pro-am-am-followers/F-163,2025-04-tulsa-spring-swing,unmatched,Roxanne May and Terry Roseborough,,follower,eepro
2025-04-tulsa-spring-swing/novice-strictly-pro-am-am-followers,2025-04-tulsa-spring-swing/novice-strictly-pro-am-am-followers/F-167,2025-04-tulsa-spring-swing,unmatched,Jubilee Call and Terry Roseborough,,follower,eepro
2025-04-tulsa-spring-swing/novice-strictly-pro-am-am-followers,2025-04-tulsa-spring-swing/novice-strictly-pro-am-am-followers/F-193,2025-04-tulsa-spring-swing,unmatched,Lydia Boden and Ben Clemons,,follower,eepro
2025-04-tulsa-spring-swing/novice-strictly-pro-am-am-followers,2025-04-tulsa-spring-swing/novice-strictly-pro-am-am-followers/F-324,2025-04-tulsa-spring-swing,unmatched,Brandy Dailey and Ben Clemons,,follower,eepro
2025-04-tulsa-spring-swing/novice-strictly-pro-am-am-followers,2025-04-tulsa-spring-swing/novice-strictly-pro-am-am-followers/F-331,2025-04-tulsa-spring-swing,unmatched,Maddy Knox and Joe Mendence,,follower,eepro
2025-04-tulsa-spring-swing/novice-strictly-pro-am-am-followers,2025-04-tulsa-spring-swing/novice-strictly-pro-am-am-followers/F-337,2025-04-tulsa-spring-swing,unmatched,Rachel Gillis and Joe Mendence,,follower,eepro
2025-04-tulsa-spring-swing/novice-strictly-pro-am-am-followers,2025-04-tulsa-spring-swing/novice-strictly-pro-am-am-followers/F-359,2025-04-tulsa-spring-swing,unmatched,Becca Davis and David Brown,,follower,eepro
2025-04-tulsa-spring-swing/novice-strictly-pro-am-am-followers,2025-04-tulsa-spring-swing/novice-strictly-pro-am-am-followers/F-361,2025-04-tulsa-spring-swing,unmatched,Lisa Schierholz and Jonathan Wolfgram,,follower,eepro
2025-04-tulsa-spring-swing/novice-strictly-pro-am-am-followers,2025-04-tulsa-spring-swing/novice-strictly-pro-am-am-followers/F-370,2025-04-tulsa-spring-swing,unmatched,Olivia Huhta and Ben Clemons,,follower,eepro
2025-04-tulsa-spring-swing/novice-strictly-pro-am-am-leaders,2025-04-tulsa-spring-swing/novice-strictly-pro-am-am-leaders/L-110,2025-04-tulsa-spring-swing,unmatched,Robert Nail and Christina White,,leader,eepro
2025-04-tulsa-spring-swing/novice-strictly-pro-am-am-leaders,2025-04-tulsa-spring-swing/novice-strictly-pro-am-am-leaders/L-135,2025-04-tulsa-spring-swing,unmatched,Weston Terning and Christina White,,leader,eepro
2025-04-tulsa-spring-swing/novice-strictly-pro-am-am-leaders,2025-04-tulsa-spring-swing/novice-strictly-pro-am-am-leaders/L-140,2025-04-tulsa-spring-swing,unmatched,Brandon Hall and Maria Bileychik,,leader,eepro
2025-04-tulsa-spring-swing/novice-strictly-pro-am-am-leaders,2025-04-tulsa-spring-swing/novice-strictly-pro-am-am-leaders/L-145,2025-04-tulsa-spring-swing,unmatched,Tom Teramoto and Maria Bileychik,,leader,eepro
2025-04-tulsa-spring-swing/novice-strictly-pro-am-am-leaders,2025-04-tulsa-spring-swing/novice-strictly-pro-am-am-leaders/L-169,2025-04-tulsa-spring-swing,unmatched,Detlef Hohl and Maria Bileychik,,leader,eepro
2025-04-tulsa-spring-swing/novice-strictly-pro-am-am-leaders,2025-04-tulsa-spring-swing/novice-strictly-pro-am-am-leaders/L-185,2025-04-tulsa-spring-swing,unmatched,James Goepel and Julie Auclair,,leader,eepro
2025-04-tulsa-spring-swing/novice-strictly-pro-am-am-leaders,2025-04-tulsa-spring-swing/novice-strictly-pro-am-am-leaders/L-191,2025-04-tulsa-spring-swing,unmatched,Miguel Gonzales and Lily Auclair,,leader,eepro
2025-04-tulsa-spring-swing/novice-strictly-pro-am-am-leaders,2025-04-tulsa-spring-swing/novice-strictly-pro-am-am-leaders/L-335,2025-04-tulsa-spring-swing,unmatched,Luke Applin and Felicia Hoeppner,,leader,eepro
2025-04-tulsa-spring-swing/novice-strictly-pro-am-am-leaders,2025-04-tulsa-spring-swing/novice-strictly-pro-am-am-leaders/L-348,2025-04-tulsa-spring-swing,unmatched,Stephen Hrncir and Katie Slater,,leader,eepro
2025-04-tulsa-spring-swing/novice-strictly-pro-am-am-leaders,2025-04-tulsa-spring-swing/novice-strictly-pro-am-am-leaders/L-385,2025-04-tulsa-spring-swing,probable,Jordan Manning and Trinity Madden,23851,leader,eepro
2025-05-gndc/everybody-dance-now-j-j,2025-05-gndc/everybody-dance-now-j-j/L-104,2025-05-gndc,probable,Jaden Lewis and Larisa Tingle,8004,leader,eepro
2025-05-gndc/everybody-dance-now-j-j,2025-05-gndc/everybody-dance-now-j-j/L-105,2025-05-gndc,probable,Alexander Connelly and Una Kacavenda,24516,leader,eepro
2025-05-gndc/everybody-dance-now-j-j,2025-05-gndc/everybody-dance-now-j-j/L-119,2025-05-gndc,probable,Stephen Barnes and Kayla Coghlan,21286,leader,eepro
2025-05-gndc/everybody-dance-now-j-j,2025-05-gndc/everybody-dance-now-j-j/L-132,2025-05-gndc,unmatched,Gabriel Diaz and Allysa Sefferino,,leader,eepro
2025-05-gndc/everybody-dance-now-j-j,2025-05-gndc/everybody-dance-now-j-j/L-145,2025-05-gndc,probable,Riley Grecco and Mandy Corbett,13798,leader,eepro
2025-05-gndc/everybody-dance-now-j-j,2025-05-gndc/everybody-dance-now-j-j/L-148,2025-05-gndc,probable,Nolan Whitely and Laureen Baldovi,61,leader,eepro
2025-05-gndc/everybody-dance-now-j-j,2025-05-gndc/everybody-dance-now-j-j/L-163,2025-05-gndc,probable,Dan Mudd and Tamara Watson,21275,leader,eepro
2025-05-gndc/everybody-dance-now-j-j,2025-05-gndc/everybody-dance-now-j-j/L-164,2025-05-gndc,probable,Brandon Haas and Alyssa Turner,22797,leader,eepro
2025-05-gndc/everybody-dance-now-j-j,2025-05-gndc/everybody-dance-now-j-j/L-171,2025-05-gndc,probable,Eddie Nunez and Jessica de Jager,21720,leader,eepro
2025-05-gndc/everybody-dance-now-j-j,2025-05-gndc/everybody-dance-now-j-j/L-181,2025-05-gndc,probable,Mathias Mendillo and Yubin Kim,15836,leader,eepro
2025-05-gndc/everybody-dance-now-j-j,2025-05-gndc/everybody-dance-now-j-j/L-190,2025-05-gndc,probable,Cody McElligott and Abigail Baker,6228,leader,eepro
2025-05-gndc/everybody-dance-now-j-j,2025-05-gndc/everybody-dance-now-j-j/L-197,2025-05-gndc,probable,Igor Laryukhin and Kristen Shaw,9123,leader,eepro
2025-05-gndc/everybody-dance-now-j-j,2025-05-gndc/everybody-dance-now-j-j/L-216,2025-05-gndc,probable,Casey Bender and Hannah Ginsburg,23427,leader,eepro
2025-05-gndc/everybody-dance-now-j-j,2025-05-gndc/everybody-dance-now-j-j/L-233,2025-05-gndc,unmatched,Brandon Li and Debra Ramsey,,leader,eepro
2025-05-gndc/everybody-dance-now-j-j,2025-05-gndc/everybody-dance-now-j-j/L-255,2025-05-gndc,probable,Jason Donahoo and Tatiana Doldonova,22932,leader,eepro
2025-05-gndc/everybody-dance-now-j-j,2025-05-gndc/everybody-dance-now-j-j/L-283,2025-05-gndc,probable,Trevon Chaney and Danielle Blohm,20193,leader,eepro
2025-05-gndc/everybody-dance-now-j-j,2025-05-gndc/everybody-dance-now-j-j/L-308,2025-05-gndc,probable,Keith Barnard and Sebastian McCollum,23076,leader,eepro
2025-05-gndc/everybody-dance-now-j-j,2025-05-gndc/everybody-dance-now-j-j/L-325,2025-05-gndc,probable,Brittney Bush and Serena Elhard,9337,leader,eepro
2025-05-gndc/everybody-dance-now-j-j,2025-05-gndc/everybody-dance-now-j-j/L-355,2025-05-gndc,unmatched,Ethan Jasso and Katie Montgomery,,leader,eepro
2025-05-gndc/everybody-dance-now-j-j,2025-05-gndc/everybody-dance-now-j-j/L-359,2025-05-gndc,probable,Fiore Marra and Anastasia Suvorova,23576,leader,eepro
2025-05-gndc/everybody-dance-now-j-j,2025-05-gndc/everybody-dance-now-j-j/L-367,2025-05-gndc,probable,Samuel Bingham and Dani Mullin Darasz,8593,leader,eepro
2025-05-gndc/everybody-dance-now-j-j,2025-05-gndc/everybody-dance-now-j-j/L-369,2025-05-gndc,probable,Isaiah Copher and Emily Schubert,18535,leader,eepro
2025-05-gndc/everybody-dance-now-j-j,2025-05-gndc/everybody-dance-now-j-j/L-374,2025-05-gndc,possible,Sebastian Shindel and Melissa Miller,,leader,eepro
2025-05-gndc/everybody-dance-now-j-j,2025-05-gndc/everybody-dance-now-j-j/L-513,2025-05-gndc,probable,Adrian Maldonado and Morgan Hearrell,20233,leader,eepro
2025-05-gndc/everybody-dance-now-j-j,2025-05-gndc/everybody-dance-now-j-j/L-543,2025-05-gndc,possible,George Voulgarakis and Stephanie Beck,,leader,eepro
2025-05-gndc/everybody-dance-now-j-j,2025-05-gndc/everybody-dance-now-j-j/L-568,2025-05-gndc,probable,Louis Sheridan and Elise Holland,22525,leader,eepro
2025-05-gndc/everybody-dance-now-j-j,2025-05-gndc/everybody-dance-now-j-j/L-602,2025-05-gndc,probable,Koby Allard and Dixie Zins,23072,leader,eepro
2025-05-gndc/everybody-dance-now-j-j,2025-05-gndc/everybody-dance-now-j-j/L-606,2025-05-gndc,probable,Alex Kim and Brianna Garcia,18317,leader,eepro
2025-05-gndc/everybody-dance-now-j-j,2025-05-gndc/everybody-dance-now-j-j/L-614,2025-05-gndc,possible,Ryan Dobbins and Arya Kern,,leader,eepro
2025-05-gndc/everybody-dance-now-j-j,2025-05-gndc/everybody-dance-now-j-j/L-620,2025-05-gndc,probable,Phillip Nicholson and Elizabeth Spann,10719,leader,eepro
2025-05-gndc/everybody-dance-now-j-j,2025-05-gndc/everybody-dance-now-j-j/L-634,2025-05-gndc,probable,Aidan Keith-Hynes and Taylor Lurie,24694,leader,eepro
2025-05-gndc/everybody-dance-now-j-j,2025-05-gndc/everybody-dance-now-j-j/L-739,2025-05-gndc,probable,Trenten Jackson and Madeleine Konzelman,14870,leader,eepro
2025-05-gndc/everybody-dance-now-j-j,2025-05-gndc/everybody-dance-now-j-j/L-744,2025-05-gndc,probable,Jeramy Govert and Jasmine Morrison,23436,leader,eepro
2025-05-gndc/everybody-dance-now-j-j,2025-05-gndc/everybody-dance-now-j-j/L-759,2025-05-gndc,probable,Conor mcclure and Maddy Knox,24233,leader,eepro
2025-05-gndc/juniors-junior-shag,2025-05-gndc/juniors-junior-shag/L-191,2025-05-gndc,probable,Ben Smith and Liv Kirby,23007,leader,eepro
2025-05-gndc/juniors-junior-shag,2025-05-gndc/juniors-junior-shag/L-240,2025-05-gndc,probable,Jackson McLaughlin and Saddie Honeycutt,24234,leader,eepro
2025-05-gndc/juniors-junior-shag,2025-05-gndc/juniors-junior-shag/L-327,2025-05-gndc,unmatched,Tucker Brown and Gracie Pandure,,leader,eepro
2025-05-gndc/juniors-junior-shag,2025-05-gndc/juniors-junior-shag/L-340,2025-05-gndc,unmatched,Zane Morgan and Maci Walters,,leader,eepro
2025-05-gndc/juniors-junior-shag,2025-05-gndc/juniors-junior-shag/L-397,2025-05-gndc,probable,Easton brown and Graylen Kirby,23012,leader,eepro
2025-05-gndc/juniors-junior-shag,2025-05-gndc/juniors-junior-shag/L-425,2025-05-gndc,unmatched,Parker Caldwell and Claire Fogel,,leader,eepro
2025-05-gndc/juniors-junior-shag,2025-05-gndc/juniors-junior-shag/L-430,2025-05-gndc,unmatched,Joel Sogluizzo and Rebecca Hodges,,leader,eepro
2025-05-gndc/juniors-junior-shag,2025-05-gndc/juniors-junior-shag/L-542,2025-05-gndc,unmatched,Carson Flogel and Lillie Greene,,leader,eepro
2025-05-gndc/juniors-junior-shag,2025-05-gndc/juniors-junior-shag/L-596,2025-05-gndc,unmatched,William Benoit and Abrielle Benoit,,leader,eepro
2025-05-gndc/juniors-junior-shag,2025-05-gndc/juniors-junior-shag/L-662,2025-05-gndc,unmatched,Connor Sanders and Maggie Jackson,,leader,eepro
2025-05-gndc/juniors-junior-shag,2025-05-gndc/juniors-junior-shag/L-671,2025-05-gndc,unmatched,Hunter Matthews and Abigail Hodges,,leader,eepro
2025-05-gndc/juniors-junior-shag,2025-05-gndc/juniors-junior-shag/L-681,2025-05-gndc,unmatched,Mikah Velez and Savannah Bradshaw,,leader,eepro
2025-05-gndc/juniors-junior-shag,2025-05-gndc/juniors-junior-shag/L-742,2025-05-gndc,unmatched,Billy West and Ava Farlow,,leader,eepro
2025-05-gndc/juniors-junior-shag,2025-05-gndc/juniors-junior-shag/L-name-idris-bah-and-rosie-greene,2025-05-gndc,unmatched,Idris Bah and Rosie Greene,,leader,eepro
2025-05-gndc/masters-carolina-masters-shag,2025-05-gndc/masters-carolina-masters-shag/L-170,2025-05-gndc,unmatched,Scott Campbell and Rene'e Scott,,leader,eepro
2025-05-gndc/masters-carolina-masters-shag,2025-05-gndc/masters-carolina-masters-shag/L-224,2025-05-gndc,unmatched,Garrett Humphries and Loretta O’Donald,,leader,eepro
2025-05-gndc/masters-carolina-masters-shag,2025-05-gndc/masters-carolina-masters-shag/L-241,2025-05-gndc,unmatched,Ashley Stewart and Patricia Joyce,,leader,eepro
2025-05-gndc/masters-carolina-masters-shag,2025-05-gndc/masters-carolina-masters-shag/L-376,2025-05-gndc,unmatched,Joey Sogluizzo and Jennifer Sogluizzo,,leader,eepro
2025-05-gndc/masters-carolina-masters-shag,2025-05-gndc/masters-carolina-masters-shag/L-433,2025-05-gndc,unmatched,Sam West and Sarah Kemp,,leader,eepro
2025-05-gndc/masters-carolina-masters-shag,2025-05-gndc/masters-carolina-masters-shag/L-709,2025-05-gndc,probable,Keith Smith and Carmen Vaughn,12508,leader,eepro
2025-05-gndc/masters-carolina-masters-shag,2025-05-gndc/masters-carolina-masters-shag/L-773,2025-05-gndc,possible,Gene Pope and Tobitha Stewart,,leader,eepro
2025-05-gndc/novice-strictly-shag-proam-am-follower,2025-05-gndc/novice-strictly-shag-proam-am-follower/F-219,2025-05-gndc,unmatched,Robin Casey and Gene Pope,,follower,eepro
2025-05-gndc/novice-strictly-shag-proam-am-follower,2025-05-gndc/novice-strictly-shag-proam-am-follower/F-427,2025-05-gndc,unmatched,Maci Walters and Joey Sogluizzo,,follower,eepro
2025-05-gndc/novice-strictly-shag-proam-am-follower,2025-05-gndc/novice-strictly-shag-proam-am-follower/F-617,2025-05-gndc,unmatched,Crystal Lambert and Adam Holmes,,follower,eepro
2025-05-gndc/novice-strictly-shag-proam-am-follower,2025-05-gndc/novice-strictly-shag-proam-am-follower/F-633,2025-05-gndc,unmatched,Rebecca Hodges and Joey Sogluzzio,,follower,eepro
2025-05-gndc/novice-strictly-shag-proam-am-follower,2025-05-gndc/novice-strictly-shag-proam-am-follower/F-757,2025-05-gndc,unmatched,Abigail Hodges and Adam Holmes,,follower,eepro
2025-05-gndc/novice-strictly-shag-proam-am-follower,2025-05-gndc/novice-strictly-shag-proam-am-follower/F-771,2025-05-gndc,unmatched,Leah Bryant and Adam Holmes,,follower,eepro
2025-05-gndc/novice-strictly-shag-proam-am-leader,2025-05-gndc/novice-strictly-shag-proam-am-leader/L-118,2025-05-gndc,unmatched,Chad Farlow and Ava Farlow,,leader,eepro
2025-05-gndc/novice-strictly-shag-proam-am-leader,2025-05-gndc/novice-strictly-shag-proam-am-leader/L-191,2025-05-gndc,unmatched,Ben Smith and Autumn Jones,,leader,eepro
2025-05-gndc/novice-strictly-shag-proam-am-leader,2025-05-gndc/novice-strictly-shag-proam-am-leader/L-218,2025-05-gndc,unmatched,Curtis Casey and Erica Russell,,leader,eepro
2025-05-gndc/novice-strictly-shag-proam-am-leader,2025-05-gndc/novice-strictly-shag-proam-am-leader/L-257,2025-05-gndc,unmatched,James Bryant and Erica Russell,,leader,eepro
2025-05-gndc/novice-strictly-shag-proam-am-leader,2025-05-gndc/novice-strictly-shag-proam-am-leader/L-340,2025-05-gndc,unmatched,Zane Morgan and Jennifer Sogluizzo,,leader,eepro
2025-05-gndc/novice-strictly-shag-proam-am-leader,2025-05-gndc/novice-strictly-shag-proam-am-leader/L-423,2025-05-gndc,unmatched,Jeff Varn and Myers Floyd,,leader,eepro
2025-05-gndc/novice-strictly-shag-proam-am-leader,2025-05-gndc/novice-strictly-shag-proam-am-leader/L-564,2025-05-gndc,unmatched,Jason Swaim and Vickie Chambers,,leader,eepro
2025-05-gndc/novice-strictly-shag-proam-am-leader,2025-05-gndc/novice-strictly-shag-proam-am-leader/L-662,2025-05-gndc,unmatched,Connor Sanders and Autumn Jones,,leader,eepro
2025-05-gndc/pro-am,2025-05-gndc/pro-am/L-119,2025-05-gndc,probable,Stephen Barnes and Debbie Ramsey-Boz,714,leader,eepro
2025-05-gndc/pro-am,2025-05-gndc/pro-am/L-131,2025-05-gndc,possible,Liv Kirby and Graylen Kirby,,leader,eepro
2025-05-gndc/pro-am,2025-05-gndc/pro-am/L-150,2025-05-gndc,unmatched,Anne Brade and Jason Marker,,leader,eepro
2025-05-gndc/pro-am,2025-05-gndc/pro-am/L-315,2025-05-gndc,unmatched,Tara Tramel and Jerome Subey,,leader,eepro
2025-05-gndc/pro-am,2025-05-gndc/pro-am/L-329,2025-05-gndc,unmatched,Florissa Maher and Jake Haning,,leader,eepro
2025-05-gndc/pro-am,2025-05-gndc/pro-am/L-337,2025-05-gndc,unmatched,Teresa TJ Flowers and Ryan Pflumm,,leader,eepro
2025-05-gndc/pro-am,2025-05-gndc/pro-am/L-441,2025-05-gndc,unmatched,Micail Samiere and Michael Hosale,,leader,eepro
2025-05-gndc/pro-am,2025-05-gndc/pro-am/L-443,2025-05-gndc,probable,Easton England and Noelle Hoeppner,17182,leader,eepro
2025-05-gndc/pro-am,2025-05-gndc/pro-am/L-562,2025-05-gndc,unmatched,Lillie Greene and William Greene,,leader,eepro
2025-05-gndc/pro-am,2025-05-gndc/pro-am/L-563,2025-05-gndc,unmatched,Rosie Greene and William Greene,,leader,eepro
2025-05-gndc/pro-am,2025-05-gndc/pro-am/L-573,2025-05-gndc,unmatched,Michelle Busby and Jerome Subey,,leader,eepro
2025-05-gndc/pro-am,2025-05-gndc/pro-am/L-637,2025-05-gndc,probable,Roberta Pearlstein and Stacy Kay,8814,leader,eepro
2025-05-gndc/pro-am,2025-05-gndc/pro-am/L-644,2025-05-gndc,unmatched,Nicole Bruner and Joe Mendence,,leader,eepro
2025-05-gndc/pro-am,2025-05-gndc/pro-am/L-668,2025-05-gndc,unmatched,Cristen Appleton and Sebastian Shindel,,leader,eepro
2025-05-gndc/pro-am,2025-05-gndc/pro-am/L-671,2025-05-gndc,unmatched,Hunter Matthews and Jennifer Sogluizzo,,leader,eepro
2025-05-gndc/pro-am,2025-05-gndc/pro-am/L-name-bek-vance-and-ryan-pflumm,2025-05-gndc,unmatched,Bek Vance and Ryan Pflumm,,leader,eepro
2025-05-gndc/pro-am,2025-05-gndc/pro-am/L-name-idris-bah-and-lani-greene,2025-05-gndc,unmatched,Idris Bah and Lani Greene,,leader,eepro
2025-05-gndc/pro-am,2025-05-gndc/pro-am/L-name-michele-fischer-and-robert-royston,2025-05-gndc,unmatched,Michele Fischer and Robert Royston,,leader,eepro
2025-05-gndc/rising-star,2025-05-gndc/rising-star/L-287,2025-05-gndc,probable,Matt Davis and Kristen Shaw,9123,leader,eepro
2025-05-gndc/rising-star,2025-05-gndc/rising-star/L-317,2025-05-gndc,probable,Ben Dobson and Jillian Carroll,19138,leader,eepro
2025-05-gndc/rising-star,2025-05-gndc/rising-star/L-320,2025-05-gndc,probable,Trenten Jackson and Haley Hauglum,13528,leader,eepro
2025-05-gndc/rising-star,2025-05-gndc/rising-star/L-332,2025-05-gndc,probable,Andrew Roach and Abigail Roach,21287,leader,eepro
2025-05-gndc/rising-star,2025-05-gndc/rising-star/L-426,2025-05-gndc,probable,Ilon Weeldreyer and Gaia Read,16292,leader,eepro
2025-05-gndc/rising-star,2025-05-gndc/rising-star/L-428,2025-05-gndc,unmatched,Alec Grant and Jen Ferreira,,leader,eepro
2025-05-gndc/rising-star,2025-05-gndc/rising-star/L-710,2025-05-gndc,probable,Jeffrey Bragg and Rebecca Menon,16186,leader,eepro
2025-05-gndc/shag-mixed-doubles-experienced,2025-05-gndc/shag-mixed-doubles-experienced/L-139,2025-05-gndc,unmatched,Steve Balok and Kristal Taylor Davis,,leader,eepro
2025-05-gndc/shag-mixed-doubles-experienced,2025-05-gndc/shag-mixed-doubles-experienced/L-170,2025-05-gndc,probable,Scott Campbell and Graylen Kirby,23012,leader,eepro
2025-05-gndc/shag-mixed-doubles-experienced,2025-05-gndc/shag-mixed-doubles-experienced/L-327,2025-05-gndc,probable,Tucker Brown and Liv Kirby,23007,leader,eepro
2025-05-gndc/shag-mixed-doubles-experienced,2025-05-gndc/shag-mixed-doubles-experienced/L-595,2025-05-gndc,unmatched,Mack West and Myers Floyd,,leader,eepro
2025-05-gndc/shag-mixed-doubles-experienced,2025-05-gndc/shag-mixed-doubles-experienced/L-742,2025-05-gndc,unmatched,Billy West and Autumn Jones,,leader,eepro
2025-05-gndc/shag-mixed-doubles-non-professional,2025-05-gndc/shag-mixed-doubles-non-professional/L-191,2025-05-gndc,probable,Ben Smith and Saddie Honeycutt,24234,leader,eepro
2025-05-gndc/shag-mixed-doubles-non-professional,2025-05-gndc/shag-mixed-doubles-non-professional/L-240,2025-05-gndc,unmatched,Jackson McLaughlin and Rebecca Hodges,,leader,eepro
2025-05-gndc/shag-mixed-doubles-non-professional,2025-05-gndc/shag-mixed-doubles-non-professional/L-257,2025-05-gndc,unmatched,James Bryant and Abigail Hodges,,leader,eepro
2025-05-gndc/shag-mixed-doubles-non-professional,2025-05-gndc/shag-mixed-doubles-non-professional/L-425,2025-05-gndc,unmatched,Parker Caldwell and Maci Walters,,leader,eepro
2025-05-gndc/shag-mixed-doubles-non-professional,2025-05-gndc/shag-mixed-doubles-non-professional/L-662,2025-05-gndc,unmatched,Connor Sanders and Maggie Jackson,,leader,eepro
2025-05-gndc/shag-mixed-doubles-non-professional,2025-05-gndc/shag-mixed-doubles-non-professional/L-671,2025-05-gndc,probable,Hunter Matthews and Crystal Lambert,2547,leader,eepro
2025-05-gndc/strictly-amateur-shag-proam-am-follower,2025-05-gndc/strictly-amateur-shag-proam-am-follower/F-133,2025-05-gndc,probable,Mitzi Sheeks and Ashley Stewart,24336,follower,eepro
2025-05-gndc/strictly-amateur-shag-proam-am-follower,2025-05-gndc/strictly-amateur-shag-proam-am-follower/F-144,2025-05-gndc,probable,Elaine Morgan and Lamarr Williford,9437,follower,eepro
2025-05-gndc/strictly-amateur-shag-proam-am-follower,2025-05-gndc/strictly-amateur-shag-proam-am-follower/F-189,2025-05-gndc,unmatched,Savannah Bradshaw and John Bradshaw,,follower,eepro
2025-05-gndc/strictly-amateur-shag-proam-am-follower,2025-05-gndc/strictly-amateur-shag-proam-am-follower/F-303,2025-05-gndc,possible,Elena Lassiter and Scott Campbell,,follower,eepro
2025-05-gndc/strictly-amateur-shag-proam-am-follower,2025-05-gndc/strictly-amateur-shag-proam-am-follower/F-326,2025-05-gndc,possible,Maggie Jackson and Scott Campbell,,follower,eepro
2025-05-gndc/strictly-amateur-shag-proam-am-follower,2025-05-gndc/strictly-amateur-shag-proam-am-follower/F-375,2025-05-gndc,unmatched,Saddie Honeycutt and Sam West,,follower,eepro
2025-05-gndc/strictly-amateur-shag-proam-am-follower,2025-05-gndc/strictly-amateur-shag-proam-am-follower/F-466,2025-05-gndc,unmatched,Claire Flogel and William Greene,,follower,eepro
2025-05-gndc/strictly-amateur-shag-proam-am-follower,2025-05-gndc/strictly-amateur-shag-proam-am-follower/F-562,2025-05-gndc,unmatched,Lillie Greene and William Greene,,follower,eepro
2025-05-gndc/strictly-amateur-shag-proam-am-follower,2025-05-gndc/strictly-amateur-shag-proam-am-follower/F-563,2025-05-gndc,unmatched,Rosie Greene and William Greene,,follower,eepro
2025-05-gndc/strictly-amateur-shag-proam-am-follower,2025-05-gndc/strictly-amateur-shag-proam-am-follower/F-616,2025-05-gndc,unmatched,Katie Slater and Stephen Balok,,follower,eepro
2025-05-gndc/strictly-amateur-shag-proam-am-follower,2025-05-gndc/strictly-amateur-shag-proam-am-follower/F-622,2025-05-gndc,unmatched,Sara Adcox and Ashley Stewart,,follower,eepro
2025-05-gndc/strictly-amateur-shag-proam-am-leader,2025-05-gndc/strictly-amateur-shag-proam-am-leader/L-101,2025-05-gndc,unmatched,Stephen Carrico and Marsha Rose,,leader,eepro
2025-05-gndc/strictly-amateur-shag-proam-am-leader,2025-05-gndc/strictly-amateur-shag-proam-am-leader/L-169,2025-05-gndc,possible,Jeff Harmston and Tobitha Stewart,,leader,eepro
2025-05-gndc/strictly-amateur-shag-proam-am-leader,2025-05-gndc/strictly-amateur-shag-proam-am-leader/L-204,2025-05-gndc,unmatched,Garrett Thompson and Myers Van Floyd,,leader,eepro
2025-05-gndc/strictly-amateur-shag-proam-am-leader,2025-05-gndc/strictly-amateur-shag-proam-am-leader/L-320,2025-05-gndc,probable,Trenten Jackson and Graylen Kirby,23012,leader,eepro
2025-05-gndc/strictly-amateur-shag-proam-am-leader,2025-05-gndc/strictly-amateur-shag-proam-am-leader/L-325,2025-05-gndc,probable,Brittney Bush and Liv Kirby,23007,leader,eepro
2025-05-gndc/strictly-amateur-shag-proam-am-leader,2025-05-gndc/strictly-amateur-shag-proam-am-leader/L-342,2025-05-gndc,unmatched,Leo Lorenzo and Graylen Kirby,,leader,eepro
2025-05-gndc/strictly-amateur-shag-proam-am-leader,2025-05-gndc/strictly-amateur-shag-proam-am-leader/L-425,2025-05-gndc,unmatched,Parker Caldwell and Tobitha Stewart,,leader,eepro
2025-05-gndc/strictly-amateur-shag-proam-am-leader,2025-05-gndc/strictly-amateur-shag-proam-am-leader/L-430,2025-05-gndc,unmatched,Joel Sogluizzo and Jennifer Sogluizzo,,leader,eepro
2025-05-gndc/strictly-amateur-shag-proam-am-leader,2025-05-gndc/strictly-amateur-shag-proam-am-leader/L-621,2025-05-gndc,unmatched,Jim Adcox and Vickie Chambers,,leader,eepro
2025-05-gndc/strictly-amateur-shag-proam-am-leader,2025-05-gndc/strictly-amateur-shag-proam-am-leader/L-671,2025-05-gndc,unmatched,Hunter Matthews and Tobitha Stewart,,leader,eepro
2025-05-gndc/strictly-amateur-shag-proam-am-leader,2025-05-gndc/strictly-amateur-shag-proam-am-leader/L-681,2025-05-gndc,unmatched,Mikah Velez and Autumn Jones,,leader,eepro
2025-06-jack-jill-o-rama/advanced-pro-follow-am-lead-j-j-advanced,2025-06-jack-jill-o-rama/advanced-pro-follow-am-lead-j-j-advanced/L-101,2025-06-jack-jill-o-rama,unmatched,Alexander Connelly and Maddy Skinner,,leader,eepro
2025-06-jack-jill-o-rama/advanced-pro-follow-am-lead-j-j-advanced,2025-06-jack-jill-o-rama/advanced-pro-follow-am-lead-j-j-advanced/L-104,2025-06-jack-jill-o-rama,unmatched,Andrew Pifferini and Sarah Hightower,,leader,eepro
2025-06-jack-jill-o-rama/advanced-pro-follow-am-lead-j-j-advanced,2025-06-jack-jill-o-rama/advanced-pro-follow-am-lead-j-j-advanced/L-125,2025-06-jack-jill-o-rama,unmatched,Sam Salour and Mia Pastor,,leader,eepro
2025-06-jack-jill-o-rama/advanced-pro-follow-am-lead-j-j-advanced,2025-06-jack-jill-o-rama/advanced-pro-follow-am-lead-j-j-advanced/L-151,2025-06-jack-jill-o-rama,unmatched,Jp Vaughan and Rachel Holdren,,leader,eepro
2025-06-jack-jill-o-rama/advanced-pro-follow-am-lead-j-j-advanced,2025-06-jack-jill-o-rama/advanced-pro-follow-am-lead-j-j-advanced/L-153,2025-06-jack-jill-o-rama,probable,Keita Sumikawa and Rachel Shook,18569,leader,eepro
2025-06-jack-jill-o-rama/advanced-pro-follow-am-lead-j-j-advanced,2025-06-jack-jill-o-rama/advanced-pro-follow-am-lead-j-j-advanced/L-157,2025-06-jack-jill-o-rama,unmatched,Dario Haxhia and Olivia Burnsed,,leader,eepro
2025-06-jack-jill-o-rama/advanced-pro-follow-am-lead-j-j-advanced,2025-06-jack-jill-o-rama/advanced-pro-follow-am-lead-j-j-advanced/L-158,2025-06-jack-jill-o-rama,unmatched,Scott Goodhart and Allysa Sefferino,,leader,eepro
2025-06-jack-jill-o-rama/advanced-pro-follow-am-lead-j-j-advanced,2025-06-jack-jill-o-rama/advanced-pro-follow-am-lead-j-j-advanced/L-198,2025-06-jack-jill-o-rama,unmatched,Gabriel Stawicki and Stacia Wilson,,leader,eepro
2025-06-jack-jill-o-rama/advanced-pro-follow-am-lead-j-j-advanced,2025-06-jack-jill-o-rama/advanced-pro-follow-am-lead-j-j-advanced/L-200,2025-06-jack-jill-o-rama,unmatched,Mathias Mendillo and Rose Martin,,leader,eepro
2025-06-jack-jill-o-rama/advanced-pro-follow-am-lead-j-j-advanced,2025-06-jack-jill-o-rama/advanced-pro-follow-am-lead-j-j-advanced/L-237,2025-06-jack-jill-o-rama,unmatched,James Wyke and Sharon Her,,leader,eepro
2025-06-jack-jill-o-rama/advanced-pro-follow-am-lead-j-j-advanced,2025-06-jack-jill-o-rama/advanced-pro-follow-am-lead-j-j-advanced/L-251,2025-06-jack-jill-o-rama,unmatched,Brittney Bush and Hannah Guttman,,leader,eepro
2025-06-jack-jill-o-rama/advanced-pro-follow-am-lead-j-j-advanced,2025-06-jack-jill-o-rama/advanced-pro-follow-am-lead-j-j-advanced/L-273,2025-06-jack-jill-o-rama,unmatched,Glenn Mccallum and Giulia rusch,,leader,eepro
2025-06-jack-jill-o-rama/advanced-pro-follow-am-lead-j-j-advanced,2025-06-jack-jill-o-rama/advanced-pro-follow-am-lead-j-j-advanced/L-274,2025-06-jack-jill-o-rama,unmatched,Julian Lee and Mackenzie Herman-Olson,,leader,eepro
2025-06-jack-jill-o-rama/advanced-pro-follow-am-lead-j-j-advanced,2025-06-jack-jill-o-rama/advanced-pro-follow-am-lead-j-j-advanced/L-307,2025-06-jack-jill-o-rama,unmatched,Tony Chen and Lisa M Picard,,leader,eepro
2025-06-jack-jill-o-rama/advanced-pro-follow-am-lead-j-j-advanced,2025-06-jack-jill-o-rama/advanced-pro-follow-am-lead-j-j-advanced/L-325,2025-06-jack-jill-o-rama,unmatched,Michael Hassey and Bryn Anderson,,leader,eepro
2025-06-jack-jill-o-rama/advanced-pro-follow-am-lead-j-j-advanced,2025-06-jack-jill-o-rama/advanced-pro-follow-am-lead-j-j-advanced/L-327,2025-06-jack-jill-o-rama,unmatched,Jon Good and Rachel Phelps,,leader,eepro
2025-06-jack-jill-o-rama/advanced-pro-follow-am-lead-j-j-advanced,2025-06-jack-jill-o-rama/advanced-pro-follow-am-lead-j-j-advanced/L-336,2025-06-jack-jill-o-rama,unmatched,Chase Henry and Felicia Li,,leader,eepro
2025-06-jack-jill-o-rama/advanced-pro-follow-am-lead-j-j-advanced,2025-06-jack-jill-o-rama/advanced-pro-follow-am-lead-j-j-advanced/L-337,2025-06-jack-jill-o-rama,unmatched,Jonathan Uy and Elli Warner,,leader,eepro
2025-06-jack-jill-o-rama/advanced-pro-follow-am-lead-j-j-advanced,2025-06-jack-jill-o-rama/advanced-pro-follow-am-lead-j-j-advanced/L-339,2025-06-jack-jill-o-rama,unmatched,Jacob LeBleu and Avery Isaacs,,leader,eepro
2025-06-jack-jill-o-rama/advanced-pro-follow-am-lead-j-j-advanced,2025-06-jack-jill-o-rama/advanced-pro-follow-am-lead-j-j-advanced/L-35,2025-06-jack-jill-o-rama,unmatched,Kwangho Shin and Laureen Baldovi,,leader,eepro
2025-06-jack-jill-o-rama/advanced-pro-follow-am-lead-j-j-advanced,2025-06-jack-jill-o-rama/advanced-pro-follow-am-lead-j-j-advanced/L-367,2025-06-jack-jill-o-rama,unmatched,Tanin Kosol and Liza Hillman,,leader,eepro
2025-06-jack-jill-o-rama/advanced-pro-follow-am-lead-j-j-advanced,2025-06-jack-jill-o-rama/advanced-pro-follow-am-lead-j-j-advanced/L-374,2025-06-jack-jill-o-rama,unmatched,Joseph Pacheco and Maria Ivanova,,leader,eepro
2025-06-jack-jill-o-rama/advanced-pro-follow-am-lead-j-j-advanced,2025-06-jack-jill-o-rama/advanced-pro-follow-am-lead-j-j-advanced/L-391,2025-06-jack-jill-o-rama,unmatched,David James and Ashley Broussard,,leader,eepro
2025-06-jack-jill-o-rama/advanced-pro-follow-am-lead-j-j-advanced,2025-06-jack-jill-o-rama/advanced-pro-follow-am-lead-j-j-advanced/L-394,2025-06-jack-jill-o-rama,unmatched,Chaz Frankenberry and Mara Flores,,leader,eepro
2025-06-jack-jill-o-rama/advanced-pro-follow-am-lead-j-j-advanced,2025-06-jack-jill-o-rama/advanced-pro-follow-am-lead-j-j-advanced/L-398,2025-06-jack-jill-o-rama,unmatched,Nick Hughes and Ariel Navarro,,leader,eepro
2025-06-jack-jill-o-rama/advanced-pro-follow-am-lead-j-j-advanced,2025-06-jack-jill-o-rama/advanced-pro-follow-am-lead-j-j-advanced/L-401,2025-06-jack-jill-o-rama,unmatched,Eddie Nunez and Taylor Linahan,,leader,eepro
2025-06-jack-jill-o-rama/advanced-pro-follow-am-lead-j-j-advanced,2025-06-jack-jill-o-rama/advanced-pro-follow-am-lead-j-j-advanced/L-403,2025-06-jack-jill-o-rama,unmatched,Erich Kramer and Shelbie McCree,,leader,eepro
2025-06-jack-jill-o-rama/advanced-pro-follow-am-lead-j-j-advanced,2025-06-jack-jill-o-rama/advanced-pro-follow-am-lead-j-j-advanced/L-412,2025-06-jack-jill-o-rama,unmatched,Andres Cedeno and Cecily Livingston,,leader,eepro
2025-06-jack-jill-o-rama/advanced-pro-follow-am-lead-j-j-advanced,2025-06-jack-jill-o-rama/advanced-pro-follow-am-lead-j-j-advanced/L-413,2025-06-jack-jill-o-rama,unmatched,Nicoli Liedtke and Larisa Tingle,,leader,eepro
2025-06-jack-jill-o-rama/advanced-pro-follow-am-lead-j-j-advanced,2025-06-jack-jill-o-rama/advanced-pro-follow-am-lead-j-j-advanced/L-415,2025-06-jack-jill-o-rama,unmatched,Egan Anselmo and Exenia Rocco,,leader,eepro
2025-06-jack-jill-o-rama/advanced-pro-follow-am-lead-j-j-advanced,2025-06-jack-jill-o-rama/advanced-pro-follow-am-lead-j-j-advanced/L-444,2025-06-jack-jill-o-rama,unmatched,Andrew Son and Margie Tuttle,,leader,eepro
2025-06-jack-jill-o-rama/advanced-pro-follow-am-lead-j-j-advanced,2025-06-jack-jill-o-rama/advanced-pro-follow-am-lead-j-j-advanced/L-484,2025-06-jack-jill-o-rama,unmatched,Ryan Maldonado and Elizabeth Spann,,leader,eepro
2025-06-jack-jill-o-rama/advanced-pro-follow-am-lead-j-j-advanced,2025-06-jack-jill-o-rama/advanced-pro-follow-am-lead-j-j-advanced/L-49,2025-06-jack-jill-o-rama,unmatched,Matthew Snook and Shayla Bouise,,leader,eepro
2025-06-jack-jill-o-rama/advanced-pro-follow-am-lead-j-j-advanced,2025-06-jack-jill-o-rama/advanced-pro-follow-am-lead-j-j-advanced/L-509,2025-06-jack-jill-o-rama,probable,Yushi Wang and Kristen Wallace,20961,leader,eepro
2025-06-jack-jill-o-rama/advanced-pro-follow-am-lead-j-j-advanced,2025-06-jack-jill-o-rama/advanced-pro-follow-am-lead-j-j-advanced/L-52,2025-06-jack-jill-o-rama,unmatched,Igor Laryukhin and Mia Primavera,,leader,eepro
2025-06-jack-jill-o-rama/advanced-pro-follow-am-lead-j-j-advanced,2025-06-jack-jill-o-rama/advanced-pro-follow-am-lead-j-j-advanced/L-523,2025-06-jack-jill-o-rama,unmatched,Alexander Nguyen and Debra Ramsey,,leader,eepro
2025-06-jack-jill-o-rama/advanced-pro-follow-am-lead-j-j-advanced,2025-06-jack-jill-o-rama/advanced-pro-follow-am-lead-j-j-advanced/L-525,2025-06-jack-jill-o-rama,unmatched,Justin Kereszturi and Anna Wallace,,leader,eepro
2025-06-jack-jill-o-rama/advanced-pro-follow-am-lead-j-j-advanced,2025-06-jack-jill-o-rama/advanced-pro-follow-am-lead-j-j-advanced/L-616,2025-06-jack-jill-o-rama,unmatched,Christopher Ellwood and Elizabeth Wyke,,leader,eepro
2025-06-jack-jill-o-rama/advanced-pro-follow-am-lead-j-j-advanced,2025-06-jack-jill-o-rama/advanced-pro-follow-am-lead-j-j-advanced/L-637,2025-06-jack-jill-o-rama,unmatched,James Register and Katie Smiley,,leader,eepro
2025-06-jack-jill-o-rama/advanced-pro-follow-am-lead-j-j-advanced,2025-06-jack-jill-o-rama/advanced-pro-follow-am-lead-j-j-advanced/L-655,2025-06-jack-jill-o-rama,unmatched,Victor Chen and Jade Bryan,,leader,eepro
2025-06-jack-jill-o-rama/advanced-pro-follow-am-lead-j-j-advanced,2025-06-jack-jill-o-rama/advanced-pro-follow-am-lead-j-j-advanced/L-667,2025-06-jack-jill-o-rama,unmatched,Everest and Melissa Stirton,,leader,eepro
2025-06-jack-jill-o-rama/advanced-pro-follow-am-lead-j-j-advanced,2025-06-jack-jill-o-rama/advanced-pro-follow-am-lead-j-j-advanced/L-672,2025-06-jack-jill-o-rama,unmatched,Anthony Chen and Janelle Guido,,leader,eepro
2025-06-jack-jill-o-rama/advanced-pro-follow-am-lead-j-j-advanced,2025-06-jack-jill-o-rama/advanced-pro-follow-am-lead-j-j-advanced/L-701,2025-06-jack-jill-o-rama,unmatched,Brandon Julian and Savannah Harris-Read,,leader,eepro
2025-06-jack-jill-o-rama/advanced-pro-follow-am-lead-j-j-advanced,2025-06-jack-jill-o-rama/advanced-pro-follow-am-lead-j-j-advanced/L-703,2025-06-jack-jill-o-rama,unmatched,Andrei Bires and Eunice Wong,,leader,eepro
2025-06-jack-jill-o-rama/advanced-pro-follow-am-lead-j-j-advanced,2025-06-jack-jill-o-rama/advanced-pro-follow-am-lead-j-j-advanced/L-708,2025-06-jack-jill-o-rama,unmatched,Martin Malapira and Amber O'Connell,,leader,eepro
2025-06-jack-jill-o-rama/advanced-pro-follow-am-lead-j-j-advanced,2025-06-jack-jill-o-rama/advanced-pro-follow-am-lead-j-j-advanced/L-733,2025-06-jack-jill-o-rama,unmatched,Talía Colón and Emma Collyer,,leader,eepro
2025-06-jack-jill-o-rama/advanced-pro-follow-am-lead-j-j-advanced,2025-06-jack-jill-o-rama/advanced-pro-follow-am-lead-j-j-advanced/L-76,2025-06-jack-jill-o-rama,probable,Ingus Steinbergs and Emily Schubert,16520,leader,eepro
2025-06-jack-jill-o-rama/advanced-pro-follow-am-lead-j-j-advanced,2025-06-jack-jill-o-rama/advanced-pro-follow-am-lead-j-j-advanced/L-92,2025-06-jack-jill-o-rama,unmatched,Henry Phan and Anni Hellwagen,,leader,eepro
2025-06-jack-jill-o-rama/advanced-pro-lead-am-follow-j-j-advanced,2025-06-jack-jill-o-rama/advanced-pro-lead-am-follow-j-j-advanced/L-100,2025-06-jack-jill-o-rama,probable,Christa Farmer and David Deng,18021,leader,eepro
2025-06-jack-jill-o-rama/advanced-pro-lead-am-follow-j-j-advanced,2025-06-jack-jill-o-rama/advanced-pro-lead-am-follow-j-j-advanced/L-103,2025-06-jack-jill-o-rama,unmatched,Helen Zhou and KP Rutland,,leader,eepro
2025-06-jack-jill-o-rama/advanced-pro-lead-am-follow-j-j-advanced,2025-06-jack-jill-o-rama/advanced-pro-lead-am-follow-j-j-advanced/L-107,2025-06-jack-jill-o-rama,unmatched,Irina Amzashvili and Ryan Boz,,leader,eepro
2025-06-jack-jill-o-rama/advanced-pro-lead-am-follow-j-j-advanced,2025-06-jack-jill-o-rama/advanced-pro-lead-am-follow-j-j-advanced/L-12,2025-06-jack-jill-o-rama,unmatched,Danielle Neal and Chris Low,,leader,eepro
2025-06-jack-jill-o-rama/advanced-pro-lead-am-follow-j-j-advanced,2025-06-jack-jill-o-rama/advanced-pro-lead-am-follow-j-j-advanced/L-121,2025-06-jack-jill-o-rama,unmatched,Cheri Rafter and Edem Attikese,,leader,eepro
2025-06-jack-jill-o-rama/advanced-pro-lead-am-follow-j-j-advanced,2025-06-jack-jill-o-rama/advanced-pro-lead-am-follow-j-j-advanced/L-131,2025-06-jack-jill-o-rama,unmatched,Alexandria Bennett and Gary Thompson,,leader,eepro
2025-06-jack-jill-o-rama/advanced-pro-lead-am-follow-j-j-advanced,2025-06-jack-jill-o-rama/advanced-pro-lead-am-follow-j-j-advanced/L-143,2025-06-jack-jill-o-rama,unmatched,Inna Stetsiak and Kyle Redd,,leader,eepro
2025-06-jack-jill-o-rama/advanced-pro-lead-am-follow-j-j-advanced,2025-06-jack-jill-o-rama/advanced-pro-lead-am-follow-j-j-advanced/L-152,2025-06-jack-jill-o-rama,unmatched,Suma Datta and Aidan Keith-Hynes,,leader,eepro
2025-06-jack-jill-o-rama/advanced-pro-lead-am-follow-j-j-advanced,2025-06-jack-jill-o-rama/advanced-pro-lead-am-follow-j-j-advanced/L-181,2025-06-jack-jill-o-rama,unmatched,Laura T Thompson and Samuel Anspach,,leader,eepro
2025-06-jack-jill-o-rama/advanced-pro-lead-am-follow-j-j-advanced,2025-06-jack-jill-o-rama/advanced-pro-lead-am-follow-j-j-advanced/L-249,2025-06-jack-jill-o-rama,unmatched,Kate Garboden and Kevin Kane,,leader,eepro
2025-06-jack-jill-o-rama/advanced-pro-lead-am-follow-j-j-advanced,2025-06-jack-jill-o-rama/advanced-pro-lead-am-follow-j-j-advanced/L-250,2025-06-jack-jill-o-rama,unmatched,Shelly Callaghan and Trenten Jackson,,leader,eepro
2025-06-jack-jill-o-rama/advanced-pro-lead-am-follow-j-j-advanced,2025-06-jack-jill-o-rama/advanced-pro-lead-am-follow-j-j-advanced/L-257,2025-06-jack-jill-o-rama,unmatched,Angela Nertney and Wingo,,leader,eepro
2025-06-jack-jill-o-rama/advanced-pro-lead-am-follow-j-j-advanced,2025-06-jack-jill-o-rama/advanced-pro-lead-am-follow-j-j-advanced/L-26,2025-06-jack-jill-o-rama,unmatched,Mae Rowlett and Matt Richey,,leader,eepro
2025-06-jack-jill-o-rama/advanced-pro-lead-am-follow-j-j-advanced,2025-06-jack-jill-o-rama/advanced-pro-lead-am-follow-j-j-advanced/L-263,2025-06-jack-jill-o-rama,unmatched,Elise Holland and Kevin Rafter,,leader,eepro
2025-06-jack-jill-o-rama/advanced-pro-lead-am-follow-j-j-advanced,2025-06-jack-jill-o-rama/advanced-pro-lead-am-follow-j-j-advanced/L-28,2025-06-jack-jill-o-rama,unmatched,Samantha Tan and J Khayree Jones,,leader,eepro
2025-06-jack-jill-o-rama/advanced-pro-lead-am-follow-j-j-advanced,2025-06-jack-jill-o-rama/advanced-pro-lead-am-follow-j-j-advanced/L-297,2025-06-jack-jill-o-rama,unmatched,Tally Tam and Neil Joshi,,leader,eepro
2025-06-jack-jill-o-rama/advanced-pro-lead-am-follow-j-j-advanced,2025-06-jack-jill-o-rama/advanced-pro-lead-am-follow-j-j-advanced/L-316,2025-06-jack-jill-o-rama,unmatched,Kayla Coghlan and Gabriel Sebastian,,leader,eepro
2025-06-jack-jill-o-rama/advanced-pro-lead-am-follow-j-j-advanced,2025-06-jack-jill-o-rama/advanced-pro-lead-am-follow-j-j-advanced/L-322,2025-06-jack-jill-o-rama,unmatched,Delphine Cornet Vernet and David Guido,,leader,eepro
2025-06-jack-jill-o-rama/advanced-pro-lead-am-follow-j-j-advanced,2025-06-jack-jill-o-rama/advanced-pro-lead-am-follow-j-j-advanced/L-328,2025-06-jack-jill-o-rama,unmatched,Shelby Evans and Chase Warner,,leader,eepro
2025-06-jack-jill-o-rama/advanced-pro-lead-am-follow-j-j-advanced,2025-06-jack-jill-o-rama/advanced-pro-lead-am-follow-j-j-advanced/L-348,2025-06-jack-jill-o-rama,unmatched,Teveya West and Conor McClure,,leader,eepro
2025-06-jack-jill-o-rama/advanced-pro-lead-am-follow-j-j-advanced,2025-06-jack-jill-o-rama/advanced-pro-lead-am-follow-j-j-advanced/L-350,2025-06-jack-jill-o-rama,unmatched,Stephanie Dierks and Aaron Nuno,,leader,eepro
2025-06-jack-jill-o-rama/advanced-pro-lead-am-follow-j-j-advanced,2025-06-jack-jill-o-rama/advanced-pro-lead-am-follow-j-j-advanced/L-352,2025-06-jack-jill-o-rama,unmatched,Emma Walsh and Ben O'Neal,,leader,eepro
2025-06-jack-jill-o-rama/advanced-pro-lead-am-follow-j-j-advanced,2025-06-jack-jill-o-rama/advanced-pro-lead-am-follow-j-j-advanced/L-386,2025-06-jack-jill-o-rama,probable,Sok Hui Tay and Tip West,2894,leader,eepro
2025-06-jack-jill-o-rama/advanced-pro-lead-am-follow-j-j-advanced,2025-06-jack-jill-o-rama/advanced-pro-lead-am-follow-j-j-advanced/L-399,2025-06-jack-jill-o-rama,unmatched,Britny Delp and Omaid Karimi,,leader,eepro
2025-06-jack-jill-o-rama/advanced-pro-lead-am-follow-j-j-advanced,2025-06-jack-jill-o-rama/advanced-pro-lead-am-follow-j-j-advanced/L-4,2025-06-jack-jill-o-rama,unmatched,Anastasia Mysina and Diego Rivera,,leader,eepro
2025-06-jack-jill-o-rama/advanced-pro-lead-am-follow-j-j-advanced,2025-06-jack-jill-o-rama/advanced-pro-lead-am-follow-j-j-advanced/L-414,2025-06-jack-jill-o-rama,unmatched,Gaby Sandoval and Paul Nunez,,leader,eepro
2025-06-jack-jill-o-rama/advanced-pro-lead-am-follow-j-j-advanced,2025-06-jack-jill-o-rama/advanced-pro-lead-am-follow-j-j-advanced/L-417,2025-06-jack-jill-o-rama,unmatched,Alamea Napuunoa and Barry Goh,,leader,eepro
2025-06-jack-jill-o-rama/advanced-pro-lead-am-follow-j-j-advanced,2025-06-jack-jill-o-rama/advanced-pro-lead-am-follow-j-j-advanced/L-420,2025-06-jack-jill-o-rama,unmatched,Kylee Patterson and Michael Milgrom,,leader,eepro
2025-06-jack-jill-o-rama/advanced-pro-lead-am-follow-j-j-advanced,2025-06-jack-jill-o-rama/advanced-pro-lead-am-follow-j-j-advanced/L-437,2025-06-jack-jill-o-rama,unmatched,Ashley Boomershine and Branden Strong,,leader,eepro
2025-06-jack-jill-o-rama/advanced-pro-lead-am-follow-j-j-advanced,2025-06-jack-jill-o-rama/advanced-pro-lead-am-follow-j-j-advanced/L-453,2025-06-jack-jill-o-rama,unmatched,Raven McCoy and Vincent van Mierlo,,leader,eepro
2025-06-jack-jill-o-rama/advanced-pro-lead-am-follow-j-j-advanced,2025-06-jack-jill-o-rama/advanced-pro-lead-am-follow-j-j-advanced/L-465,2025-06-jack-jill-o-rama,probable,Kelly Wright and Srikar Bhagavatula,15492,leader,eepro
2025-06-jack-jill-o-rama/advanced-pro-lead-am-follow-j-j-advanced,2025-06-jack-jill-o-rama/advanced-pro-lead-am-follow-j-j-advanced/L-498,2025-06-jack-jill-o-rama,unmatched,Hyunhee Lee and Zac Skinner,,leader,eepro
2025-06-jack-jill-o-rama/advanced-pro-lead-am-follow-j-j-advanced,2025-06-jack-jill-o-rama/advanced-pro-lead-am-follow-j-j-advanced/L-518,2025-06-jack-jill-o-rama,unmatched,Lindsay Becerra and Guigo Sortica,,leader,eepro
2025-06-jack-jill-o-rama/advanced-pro-lead-am-follow-j-j-advanced,2025-06-jack-jill-o-rama/advanced-pro-lead-am-follow-j-j-advanced/L-537,2025-06-jack-jill-o-rama,unmatched,Nadia Qutaishat and Thomas Carter,,leader,eepro
2025-06-jack-jill-o-rama/advanced-pro-lead-am-follow-j-j-advanced,2025-06-jack-jill-o-rama/advanced-pro-lead-am-follow-j-j-advanced/L-545,2025-06-jack-jill-o-rama,unmatched,Kristen Ott and Chris Uza,,leader,eepro
2025-06-jack-jill-o-rama/advanced-pro-lead-am-follow-j-j-advanced,2025-06-jack-jill-o-rama/advanced-pro-lead-am-follow-j-j-advanced/L-576,2025-06-jack-jill-o-rama,unmatched,Brittani Risk and Tuan Nguyen,,leader,eepro
2025-06-jack-jill-o-rama/advanced-pro-lead-am-follow-j-j-advanced,2025-06-jack-jill-o-rama/advanced-pro-lead-am-follow-j-j-advanced/L-589,2025-06-jack-jill-o-rama,unmatched,Julia Lambert and Andrew Sunada,,leader,eepro
2025-06-jack-jill-o-rama/advanced-pro-lead-am-follow-j-j-advanced,2025-06-jack-jill-o-rama/advanced-pro-lead-am-follow-j-j-advanced/L-593,2025-06-jack-jill-o-rama,unmatched,Jessica Taylor and Deon Harrell,,leader,eepro
2025-06-jack-jill-o-rama/advanced-pro-lead-am-follow-j-j-advanced,2025-06-jack-jill-o-rama/advanced-pro-lead-am-follow-j-j-advanced/L-607,2025-06-jack-jill-o-rama,unmatched,Jeselle Clark and Sebastian Quinones,,leader,eepro
2025-06-jack-jill-o-rama/advanced-pro-lead-am-follow-j-j-advanced,2025-06-jack-jill-o-rama/advanced-pro-lead-am-follow-j-j-advanced/L-615,2025-06-jack-jill-o-rama,unmatched,Brittany Shakespear and Za Thomaier,,leader,eepro
2025-06-jack-jill-o-rama/advanced-pro-lead-am-follow-j-j-advanced,2025-06-jack-jill-o-rama/advanced-pro-lead-am-follow-j-j-advanced/L-635,2025-06-jack-jill-o-rama,unmatched,Anna Zabek and Omar Gonzalez,,leader,eepro
2025-06-jack-jill-o-rama/advanced-pro-lead-am-follow-j-j-advanced,2025-06-jack-jill-o-rama/advanced-pro-lead-am-follow-j-j-advanced/L-64,2025-06-jack-jill-o-rama,unmatched,Kerrie Odonnell and Rob I,,leader,eepro
2025-06-jack-jill-o-rama/advanced-pro-lead-am-follow-j-j-advanced,2025-06-jack-jill-o-rama/advanced-pro-lead-am-follow-j-j-advanced/L-704,2025-06-jack-jill-o-rama,unmatched,Bella Johns and Austin Kois,,leader,eepro
2025-06-jack-jill-o-rama/advanced-pro-lead-am-follow-j-j-advanced,2025-06-jack-jill-o-rama/advanced-pro-lead-am-follow-j-j-advanced/L-71,2025-06-jack-jill-o-rama,unmatched,Sierra Burford and Alex Kim,,leader,eepro
2025-06-jack-jill-o-rama/advanced-pro-lead-am-follow-j-j-advanced,2025-06-jack-jill-o-rama/advanced-pro-lead-am-follow-j-j-advanced/L-81,2025-06-jack-jill-o-rama,unmatched,Beatrix Teng and David Carrington,,leader,eepro
2025-06-jack-jill-o-rama/all-american-60s-era-j-j,2025-06-jack-jill-o-rama/all-american-60s-era-j-j/L-111,2025-06-jack-jill-o-rama,unmatched,Trevor Hayes and Allysa Sefferino,,leader,eepro
2025-06-jack-jill-o-rama/all-american-60s-era-j-j,2025-06-jack-jill-o-rama/all-american-60s-era-j-j/L-115,2025-06-jack-jill-o-rama,probable,Trenten Jackson and Miho Myojin,19167,leader,eepro
2025-06-jack-jill-o-rama/all-american-60s-era-j-j,2025-06-jack-jill-o-rama/all-american-60s-era-j-j/L-116,2025-06-jack-jill-o-rama,probable,Wingo and Brandie Charity,27751,leader,eepro
2025-06-jack-jill-o-rama/all-american-60s-era-j-j,2025-06-jack-jill-o-rama/all-american-60s-era-j-j/L-120,2025-06-jack-jill-o-rama,probable,Kevin Rafter and Katelyn Brady,19803,leader,eepro
2025-06-jack-jill-o-rama/all-american-60s-era-j-j,2025-06-jack-jill-o-rama/all-american-60s-era-j-j/L-125,2025-06-jack-jill-o-rama,probable,Sam Salour and Laureen Baldovi,61,leader,eepro
2025-06-jack-jill-o-rama/all-american-60s-era-j-j,2025-06-jack-jill-o-rama/all-american-60s-era-j-j/L-154,2025-06-jack-jill-o-rama,probable,Eric Fernandez and Avery Isaacs,15610,leader,eepro
2025-06-jack-jill-o-rama/all-american-60s-era-j-j,2025-06-jack-jill-o-rama/all-american-60s-era-j-j/L-157,2025-06-jack-jill-o-rama,unmatched,Dario Haxhia and Debra Ramsey,,leader,eepro
2025-06-jack-jill-o-rama/all-american-60s-era-j-j,2025-06-jack-jill-o-rama/all-american-60s-era-j-j/L-158,2025-06-jack-jill-o-rama,possible,Scott Goodhart and Brittany Shakespear,,leader,eepro
2025-06-jack-jill-o-rama/all-american-60s-era-j-j,2025-06-jack-jill-o-rama/all-american-60s-era-j-j/L-16,2025-06-jack-jill-o-rama,probable,Phillip Nicholson and Krista Young,22248,leader,eepro
2025-06-jack-jill-o-rama/all-american-60s-era-j-j,2025-06-jack-jill-o-rama/all-american-60s-era-j-j/L-166,2025-06-jack-jill-o-rama,probable,Arthur Beltran and Jade Bryan,9053,leader,eepro
2025-06-jack-jill-o-rama/all-american-60s-era-j-j,2025-06-jack-jill-o-rama/all-american-60s-era-j-j/L-174,2025-06-jack-jill-o-rama,probable,Scott Miller and Janelle Guido,7202,leader,eepro
2025-06-jack-jill-o-rama/all-american-60s-era-j-j,2025-06-jack-jill-o-rama/all-american-60s-era-j-j/L-176,2025-06-jack-jill-o-rama,probable,Daniel Rodriguez and Morgan Halstead,25190,leader,eepro
2025-06-jack-jill-o-rama/all-american-60s-era-j-j,2025-06-jack-jill-o-rama/all-american-60s-era-j-j/L-179,2025-06-jack-jill-o-rama,possible,Edwin Fajardo and Erin Fritzler,,leader,eepro
2025-06-jack-jill-o-rama/all-american-60s-era-j-j,2025-06-jack-jill-o-rama/all-american-60s-era-j-j/L-18,2025-06-jack-jill-o-rama,probable,Salomon Alcantar and Shayla Bouise,17737,leader,eepro
2025-06-jack-jill-o-rama/all-american-60s-era-j-j,2025-06-jack-jill-o-rama/all-american-60s-era-j-j/L-2,2025-06-jack-jill-o-rama,unmatched,Aidan Keith-Hynes and Savannah Harris-Reed,,leader,eepro
2025-06-jack-jill-o-rama/all-american-60s-era-j-j,2025-06-jack-jill-o-rama/all-american-60s-era-j-j/L-200,2025-06-jack-jill-o-rama,probable,Mathias Mendillo and Beatrix Teng,20510,leader,eepro
2025-06-jack-jill-o-rama/all-american-60s-era-j-j,2025-06-jack-jill-o-rama/all-american-60s-era-j-j/L-222,2025-06-jack-jill-o-rama,probable,Neil Joshi and Elizabeth Spann,10719,leader,eepro
2025-06-jack-jill-o-rama/all-american-60s-era-j-j,2025-06-jack-jill-o-rama/all-american-60s-era-j-j/L-234,2025-06-jack-jill-o-rama,probable,David Guido and Phoenix Grey,9532,leader,eepro
2025-06-jack-jill-o-rama/all-american-60s-era-j-j,2025-06-jack-jill-o-rama/all-american-60s-era-j-j/L-237,2025-06-jack-jill-o-rama,probable,James Wyke and Rachel Shook,14489,leader,eepro
2025-06-jack-jill-o-rama/all-american-60s-era-j-j,2025-06-jack-jill-o-rama/all-american-60s-era-j-j/L-246,2025-06-jack-jill-o-rama,probable,Chase Warner and Rachel Holdren,16297,leader,eepro
2025-06-jack-jill-o-rama/all-american-60s-era-j-j,2025-06-jack-jill-o-rama/all-american-60s-era-j-j/L-251,2025-06-jack-jill-o-rama,probable,Brittney Bush and Cecily Livingston,15590,leader,eepro
2025-06-jack-jill-o-rama/all-american-60s-era-j-j,2025-06-jack-jill-o-rama/all-american-60s-era-j-j/L-265,2025-06-jack-jill-o-rama,probable,Conor McClure and Heather Maddigan,15434,leader,eepro
2025-06-jack-jill-o-rama/all-american-60s-era-j-j,2025-06-jack-jill-o-rama/all-american-60s-era-j-j/L-273,2025-06-jack-jill-o-rama,probable,Glenn McCallum and Louise Bretz,255,leader,eepro
2025-06-jack-jill-o-rama/all-american-60s-era-j-j,2025-06-jack-jill-o-rama/all-american-60s-era-j-j/L-299,2025-06-jack-jill-o-rama,unmatched,Aaron Nuno and Sarah Cox,,leader,eepro
2025-06-jack-jill-o-rama/all-american-60s-era-j-j,2025-06-jack-jill-o-rama/all-american-60s-era-j-j/L-300,2025-06-jack-jill-o-rama,probable,Mark McClelland and Felicia Li,14467,leader,eepro
2025-06-jack-jill-o-rama/all-american-60s-era-j-j,2025-06-jack-jill-o-rama/all-american-60s-era-j-j/L-312,2025-06-jack-jill-o-rama,probable,Jay Minn and Ashlee Dickinson,11575,leader,eepro
2025-06-jack-jill-o-rama/all-american-60s-era-j-j,2025-06-jack-jill-o-rama/all-american-60s-era-j-j/L-315,2025-06-jack-jill-o-rama,probable,Ben ONeil and Mackenzie Herman-Olson,20728,leader,eepro
2025-06-jack-jill-o-rama/all-american-60s-era-j-j,2025-06-jack-jill-o-rama/all-american-60s-era-j-j/L-317,2025-06-jack-jill-o-rama,probable,Jeffrey Wang and Cj Brookshire,25867,leader,eepro
2025-06-jack-jill-o-rama/all-american-60s-era-j-j,2025-06-jack-jill-o-rama/all-american-60s-era-j-j/L-32,2025-06-jack-jill-o-rama,probable,Robert French and Amanda Langworthy,23608,leader,eepro
2025-06-jack-jill-o-rama/all-american-60s-era-j-j,2025-06-jack-jill-o-rama/all-american-60s-era-j-j/L-320,2025-06-jack-jill-o-rama,probable,Miguel Abdala and Lisa M Picard,8099,leader,eepro
2025-06-jack-jill-o-rama/all-american-60s-era-j-j,2025-06-jack-jill-o-rama/all-american-60s-era-j-j/L-325,2025-06-jack-jill-o-rama,probable,Michael Hassey and Danyah Bray,12794,leader,eepro
2025-06-jack-jill-o-rama/all-american-60s-era-j-j,2025-06-jack-jill-o-rama/all-american-60s-era-j-j/L-339,2025-06-jack-jill-o-rama,probable,Jacob LeBleu and Talía Colón,19091,leader,eepro
2025-06-jack-jill-o-rama/all-american-60s-era-j-j,2025-06-jack-jill-o-rama/all-american-60s-era-j-j/L-34,2025-06-jack-jill-o-rama,probable,Jaden Pfeiffer and Mara Flores,14811,leader,eepro
2025-06-jack-jill-o-rama/all-american-60s-era-j-j,2025-06-jack-jill-o-rama/all-american-60s-era-j-j/L-343,2025-06-jack-jill-o-rama,probable,Thibault Ramirez and Olivia Burnsed,10642,leader,eepro
2025-06-jack-jill-o-rama/all-american-60s-era-j-j,2025-06-jack-jill-o-rama/all-american-60s-era-j-j/L-349,2025-06-jack-jill-o-rama,probable,Tip West and Sarah Pickell,23609,leader,eepro
2025-06-jack-jill-o-rama/all-american-60s-era-j-j,2025-06-jack-jill-o-rama/all-american-60s-era-j-j/L-35,2025-06-jack-jill-o-rama,probable,Kwangho Shin and Mia Pastor,12424,leader,eepro
2025-06-jack-jill-o-rama/all-american-60s-era-j-j,2025-06-jack-jill-o-rama/all-american-60s-era-j-j/L-351,2025-06-jack-jill-o-rama,probable,Omaid Karimi and Savannah Harris-Read,12821,leader,eepro
2025-06-jack-jill-o-rama/all-american-60s-era-j-j,2025-06-jack-jill-o-rama/all-american-60s-era-j-j/L-356,2025-06-jack-jill-o-rama,unmatched,Harold Baker and Jacquelyn Schirmacher,,leader,eepro
2025-06-jack-jill-o-rama/all-american-60s-era-j-j,2025-06-jack-jill-o-rama/all-american-60s-era-j-j/L-366,2025-06-jack-jill-o-rama,unmatched,Paul Nunez and Michelle Limon,,leader,eepro
2025-06-jack-jill-o-rama/all-american-60s-era-j-j,2025-06-jack-jill-o-rama/all-american-60s-era-j-j/L-367,2025-06-jack-jill-o-rama,probable,Tanin Kosol and Elizabeth Van Oosbree,24451,leader,eepro
2025-06-jack-jill-o-rama/all-american-60s-era-j-j,2025-06-jack-jill-o-rama/all-american-60s-era-j-j/L-382,2025-06-jack-jill-o-rama,probable,Barry Goh and Vanessa Valdez,22606,leader,eepro
2025-06-jack-jill-o-rama/all-american-60s-era-j-j,2025-06-jack-jill-o-rama/all-american-60s-era-j-j/L-390,2025-06-jack-jill-o-rama,probable,Brandon strong and Julie Winspear,21106,leader,eepro
2025-06-jack-jill-o-rama/all-american-60s-era-j-j,2025-06-jack-jill-o-rama/all-american-60s-era-j-j/L-392,2025-06-jack-jill-o-rama,probable,Vincent van Mierlo and Elise Herman,6277,leader,eepro
2025-06-jack-jill-o-rama/all-american-60s-era-j-j,2025-06-jack-jill-o-rama/all-american-60s-era-j-j/L-397,2025-06-jack-jill-o-rama,probable,Srikar Bhagavatula and Jessica Greene,22885,leader,eepro
2025-06-jack-jill-o-rama/all-american-60s-era-j-j,2025-06-jack-jill-o-rama/all-american-60s-era-j-j/L-401,2025-06-jack-jill-o-rama,probable,Eddie Nunez and Larisa Tingle,8004,leader,eepro
2025-06-jack-jill-o-rama/all-american-60s-era-j-j,2025-06-jack-jill-o-rama/all-american-60s-era-j-j/L-402,2025-06-jack-jill-o-rama,probable,Keerigan Rudd and Anna Wallace,11262,leader,eepro
2025-06-jack-jill-o-rama/all-american-60s-era-j-j,2025-06-jack-jill-o-rama/all-american-60s-era-j-j/L-404,2025-06-jack-jill-o-rama,probable,Jonno Libermanr and Elli Warner,15225,leader,eepro
2025-06-jack-jill-o-rama/all-american-60s-era-j-j,2025-06-jack-jill-o-rama/all-american-60s-era-j-j/L-422,2025-06-jack-jill-o-rama,probable,Spencer Gyore and Morgan Hearrell,20233,leader,eepro
2025-06-jack-jill-o-rama/all-american-60s-era-j-j,2025-06-jack-jill-o-rama/all-american-60s-era-j-j/L-434,2025-06-jack-jill-o-rama,probable,Audrey Hoo and Taylor Linahan,20813,leader,eepro
2025-06-jack-jill-o-rama/all-american-60s-era-j-j,2025-06-jack-jill-o-rama/all-american-60s-era-j-j/L-438,2025-06-jack-jill-o-rama,probable,Zac Skinner and Ashley Broussard,18006,leader,eepro
2025-06-jack-jill-o-rama/all-american-60s-era-j-j,2025-06-jack-jill-o-rama/all-american-60s-era-j-j/L-440,2025-06-jack-jill-o-rama,probable,Guigo Sortica and Jerica Jimenez,11170,leader,eepro
2025-06-jack-jill-o-rama/all-american-60s-era-j-j,2025-06-jack-jill-o-rama/all-american-60s-era-j-j/L-444,2025-06-jack-jill-o-rama,probable,Andrew Son and Janie Deroche,18647,leader,eepro
2025-06-jack-jill-o-rama/all-american-60s-era-j-j,2025-06-jack-jill-o-rama/all-american-60s-era-j-j/L-455,2025-06-jack-jill-o-rama,probable,David Amborn and Gwen Brinsmead,24912,leader,eepro
2025-06-jack-jill-o-rama/all-american-60s-era-j-j,2025-06-jack-jill-o-rama/all-american-60s-era-j-j/L-478,2025-06-jack-jill-o-rama,unmatched,Chase Yandell and Fumiko Jenkins,,leader,eepro
2025-06-jack-jill-o-rama/all-american-60s-era-j-j,2025-06-jack-jill-o-rama/all-american-60s-era-j-j/L-483,2025-06-jack-jill-o-rama,probable,Thomas Carter and Kathie Castro,21270,leader,eepro
2025-06-jack-jill-o-rama/all-american-60s-era-j-j,2025-06-jack-jill-o-rama/all-american-60s-era-j-j/L-488,2025-06-jack-jill-o-rama,unmatched,Chris Uza and Katie Smiley,,leader,eepro
2025-06-jack-jill-o-rama/all-american-60s-era-j-j,2025-06-jack-jill-o-rama/all-american-60s-era-j-j/L-49,2025-06-jack-jill-o-rama,probable,Matthew Snook and Ariel Navarro,8558,leader,eepro
2025-06-jack-jill-o-rama/all-american-60s-era-j-j,2025-06-jack-jill-o-rama/all-american-60s-era-j-j/L-493,2025-06-jack-jill-o-rama,possible,Sheldon John and Laura T Thompson,,leader,eepro
2025-06-jack-jill-o-rama/all-american-60s-era-j-j,2025-06-jack-jill-o-rama/all-american-60s-era-j-j/L-496,2025-06-jack-jill-o-rama,probable,Jared Cogswell and Sarah Faith Kim,20723,leader,eepro
2025-06-jack-jill-o-rama/all-american-60s-era-j-j,2025-06-jack-jill-o-rama/all-american-60s-era-j-j/L-499,2025-06-jack-jill-o-rama,unmatched,Anton Volodko and Alex Tanon,,leader,eepro
2025-06-jack-jill-o-rama/all-american-60s-era-j-j,2025-06-jack-jill-o-rama/all-american-60s-era-j-j/L-500,2025-06-jack-jill-o-rama,probable,Zitai Huang and Inna Stetsiak,17091,leader,eepro
2025-06-jack-jill-o-rama/all-american-60s-era-j-j,2025-06-jack-jill-o-rama/all-american-60s-era-j-j/L-503,2025-06-jack-jill-o-rama,probable,Tuan Nguyen and Jessica Miller,14574,leader,eepro
2025-06-jack-jill-o-rama/all-american-60s-era-j-j,2025-06-jack-jill-o-rama/all-american-60s-era-j-j/L-52,2025-06-jack-jill-o-rama,unmatched,Igor Laryukhin and Margie Tuttle,,leader,eepro
2025-06-jack-jill-o-rama/all-american-60s-era-j-j,2025-06-jack-jill-o-rama/all-american-60s-era-j-j/L-535,2025-06-jack-jill-o-rama,probable,Stew Hartman-Mart and Anna Zabek,16785,leader,eepro
2025-06-jack-jill-o-rama/all-american-60s-era-j-j,2025-06-jack-jill-o-rama/all-american-60s-era-j-j/L-540,2025-06-jack-jill-o-rama,probable,Tien Khieu and Melissa Stirton,13748,leader,eepro
2025-06-jack-jill-o-rama/all-american-60s-era-j-j,2025-06-jack-jill-o-rama/all-american-60s-era-j-j/L-546,2025-06-jack-jill-o-rama,probable,Seth White and Christa Farmer,21836,leader,eepro
2025-06-jack-jill-o-rama/all-american-60s-era-j-j,2025-06-jack-jill-o-rama/all-american-60s-era-j-j/L-547,2025-06-jack-jill-o-rama,possible,Andrew Sunada and Tia Taylor,,leader,eepro
2025-06-jack-jill-o-rama/all-american-60s-era-j-j,2025-06-jack-jill-o-rama/all-american-60s-era-j-j/L-549,2025-06-jack-jill-o-rama,probable,Deon Harrell and Teveya West,9303,leader,eepro
2025-06-jack-jill-o-rama/all-american-60s-era-j-j,2025-06-jack-jill-o-rama/all-american-60s-era-j-j/L-551,2025-06-jack-jill-o-rama,unmatched,Sebastian Quinones and Maddie skinner,,leader,eepro
2025-06-jack-jill-o-rama/all-american-60s-era-j-j,2025-06-jack-jill-o-rama/all-american-60s-era-j-j/L-559,2025-06-jack-jill-o-rama,probable,Calvin Cleveland and Eunice Wong,8734,leader,eepro
2025-06-jack-jill-o-rama/all-american-60s-era-j-j,2025-06-jack-jill-o-rama/all-american-60s-era-j-j/L-562,2025-06-jack-jill-o-rama,probable,Kaemon Heureux and Tiffany Good,21420,leader,eepro
2025-06-jack-jill-o-rama/all-american-60s-era-j-j,2025-06-jack-jill-o-rama/all-american-60s-era-j-j/L-566,2025-06-jack-jill-o-rama,probable,Sarah Rempel and Nataliya Kane,9888,leader,eepro
2025-06-jack-jill-o-rama/all-american-60s-era-j-j,2025-06-jack-jill-o-rama/all-american-60s-era-j-j/L-567,2025-06-jack-jill-o-rama,unmatched,Za Thomaier and Sue Sohn,,leader,eepro
2025-06-jack-jill-o-rama/all-american-60s-era-j-j,2025-06-jack-jill-o-rama/all-american-60s-era-j-j/L-574,2025-06-jack-jill-o-rama,unmatched,Omar Gonzalez and Kelsey Mcdermott,,leader,eepro
2025-06-jack-jill-o-rama/all-american-60s-era-j-j,2025-06-jack-jill-o-rama/all-american-60s-era-j-j/L-582,2025-06-jack-jill-o-rama,probable,Christopher Dumond and Gabrielle Scott,27997,leader,eepro
2025-06-jack-jill-o-rama/all-american-60s-era-j-j,2025-06-jack-jill-o-rama/all-american-60s-era-j-j/L-584,2025-06-jack-jill-o-rama,unmatched,Sam Vaden and Rylee Gordon,,leader,eepro
2025-06-jack-jill-o-rama/all-american-60s-era-j-j,2025-06-jack-jill-o-rama/all-american-60s-era-j-j/L-586,2025-06-jack-jill-o-rama,probable,Dillon Luther and Milan Yang,21649,leader,eepro
2025-06-jack-jill-o-rama/all-american-60s-era-j-j,2025-06-jack-jill-o-rama/all-american-60s-era-j-j/L-594,2025-06-jack-jill-o-rama,probable,Peter Yin and Bryn Anderson,9363,leader,eepro
2025-06-jack-jill-o-rama/all-american-60s-era-j-j,2025-06-jack-jill-o-rama/all-american-60s-era-j-j/L-603,2025-06-jack-jill-o-rama,probable,Randell Livelo and Brittani risk,12844,leader,eepro
2025-06-jack-jill-o-rama/all-american-60s-era-j-j,2025-06-jack-jill-o-rama/all-american-60s-era-j-j/L-616,2025-06-jack-jill-o-rama,probable,Christopher Ellwood and Anni Hellwagen,11452,leader,eepro
2025-06-jack-jill-o-rama/all-american-60s-era-j-j,2025-06-jack-jill-o-rama/all-american-60s-era-j-j/L-618,2025-06-jack-jill-o-rama,probable,Joel Gibson and Sok Hui Tay,10160,leader,eepro
2025-06-jack-jill-o-rama/all-american-60s-era-j-j,2025-06-jack-jill-o-rama/all-american-60s-era-j-j/L-624,2025-06-jack-jill-o-rama,unmatched,Brian Sforzo and Rachel Phelps,,leader,eepro
2025-06-jack-jill-o-rama/all-american-60s-era-j-j,2025-06-jack-jill-o-rama/all-american-60s-era-j-j/L-630,2025-06-jack-jill-o-rama,probable,Dean Fields and Nicole Heuga,10364,leader,eepro
2025-06-jack-jill-o-rama/all-american-60s-era-j-j,2025-06-jack-jill-o-rama/all-american-60s-era-j-j/L-634,2025-06-jack-jill-o-rama,unmatched,Pete Castro and Jungeun Youn,,leader,eepro
2025-06-jack-jill-o-rama/all-american-60s-era-j-j,2025-06-jack-jill-o-rama/all-american-60s-era-j-j/L-636,2025-06-jack-jill-o-rama,probable,Jason Taylor and Sonyeo Yun,10239,leader,eepro
2025-06-jack-jill-o-rama/all-american-60s-era-j-j,2025-06-jack-jill-o-rama/all-american-60s-era-j-j/L-640,2025-06-jack-jill-o-rama,probable,Woody Bretz and Rose Martin,18531,leader,eepro
2025-06-jack-jill-o-rama/all-american-60s-era-j-j,2025-06-jack-jill-o-rama/all-american-60s-era-j-j/L-644,2025-06-jack-jill-o-rama,probable,Diego Rivera and Maria Ivanova,12116,leader,eepro
2025-06-jack-jill-o-rama/all-american-60s-era-j-j,2025-06-jack-jill-o-rama/all-american-60s-era-j-j/L-653,2025-06-jack-jill-o-rama,probable,Chris Low and Dalena Lee,9282,leader,eepro
2025-06-jack-jill-o-rama/all-american-60s-era-j-j,2025-06-jack-jill-o-rama/all-american-60s-era-j-j/L-655,2025-06-jack-jill-o-rama,probable,Victor Chen and Shelbie McCree,9244,leader,eepro
2025-06-jack-jill-o-rama/all-american-60s-era-j-j,2025-06-jack-jill-o-rama/all-american-60s-era-j-j/L-657,2025-06-jack-jill-o-rama,probable,Matt Richey and Lisa lacroix,18319,leader,eepro
2025-06-jack-jill-o-rama/all-american-60s-era-j-j,2025-06-jack-jill-o-rama/all-american-60s-era-j-j/L-659,2025-06-jack-jill-o-rama,probable,Ben McHenry and Hannah Guttman,9806,leader,eepro
2025-06-jack-jill-o-rama/all-american-60s-era-j-j,2025-06-jack-jill-o-rama/all-american-60s-era-j-j/L-665,2025-06-jack-jill-o-rama,probable,J Khayree Jones and Danielle Neal,16010,leader,eepro
2025-06-jack-jill-o-rama/all-american-60s-era-j-j,2025-06-jack-jill-o-rama/all-american-60s-era-j-j/L-667,2025-06-jack-jill-o-rama,probable,Everest and Sharon Her,8282,leader,eepro
2025-06-jack-jill-o-rama/all-american-60s-era-j-j,2025-06-jack-jill-o-rama/all-american-60s-era-j-j/L-668,2025-06-jack-jill-o-rama,probable,Rob I and Ashley Smith,5066,leader,eepro
2025-06-jack-jill-o-rama/all-american-60s-era-j-j,2025-06-jack-jill-o-rama/all-american-60s-era-j-j/L-678,2025-06-jack-jill-o-rama,probable,Alex Kim and Stacia Wilson,12364,leader,eepro
2025-06-jack-jill-o-rama/all-american-60s-era-j-j,2025-06-jack-jill-o-rama/all-american-60s-era-j-j/L-687,2025-06-jack-jill-o-rama,probable,David Carrington and Millicent Jiang,24842,leader,eepro
2025-06-jack-jill-o-rama/all-american-60s-era-j-j,2025-06-jack-jill-o-rama/all-american-60s-era-j-j/L-696,2025-06-jack-jill-o-rama,probable,Joseph Conroy and Cheri Rafter,12573,leader,eepro
2025-06-jack-jill-o-rama/all-american-60s-era-j-j,2025-06-jack-jill-o-rama/all-american-60s-era-j-j/L-698,2025-06-jack-jill-o-rama,probable,David Deng and Theresa Fajardo,24403,leader,eepro
2025-06-jack-jill-o-rama/all-american-60s-era-j-j,2025-06-jack-jill-o-rama/all-american-60s-era-j-j/L-699,2025-06-jack-jill-o-rama,probable,KP Rutland and Valerie Valdez,18083,leader,eepro
2025-06-jack-jill-o-rama/all-american-60s-era-j-j,2025-06-jack-jill-o-rama/all-american-60s-era-j-j/L-700,2025-06-jack-jill-o-rama,probable,Ryan Boz and Jenna Silva,16674,leader,eepro
2025-06-jack-jill-o-rama/all-american-60s-era-j-j,2025-06-jack-jill-o-rama/all-american-60s-era-j-j/L-701,2025-06-jack-jill-o-rama,probable,Brandon Julian and Haley Maiocchi,21974,leader,eepro
2025-06-jack-jill-o-rama/all-american-60s-era-j-j,2025-06-jack-jill-o-rama/all-american-60s-era-j-j/L-702,2025-06-jack-jill-o-rama,probable,Christopher Chung and Amber O'Connell,10951,leader,eepro
2025-06-jack-jill-o-rama/all-american-60s-era-j-j,2025-06-jack-jill-o-rama/all-american-60s-era-j-j/L-709,2025-06-jack-jill-o-rama,probable,Edem Attikese and Pariya Tehrani,25189,leader,eepro
2025-06-jack-jill-o-rama/all-american-60s-era-j-j,2025-06-jack-jill-o-rama/all-american-60s-era-j-j/L-714,2025-06-jack-jill-o-rama,probable,Gary Thompson and Mia Primavera,14091,leader,eepro
2025-06-jack-jill-o-rama/all-american-60s-era-j-j,2025-06-jack-jill-o-rama/all-american-60s-era-j-j/L-8,2025-06-jack-jill-o-rama,probable,Samuel Anspach and Elizabeth Wyke,19409,leader,eepro
2025-06-jack-jill-o-rama/all-american-60s-era-j-j,2025-06-jack-jill-o-rama/all-american-60s-era-j-j/L-85,2025-06-jack-jill-o-rama,probable,Patrick Velis and Stacey Potter,23286,leader,eepro
2025-06-jack-jill-o-rama/all-american-60s-era-j-j,2025-06-jack-jill-o-rama/all-american-60s-era-j-j/L-93,2025-06-jack-jill-o-rama,probable,Macallan Savett and Wendy Allen,19511,leader,eepro
2025-06-jack-jill-o-rama/all-american-60s-era-j-j,2025-06-jack-jill-o-rama/all-american-60s-era-j-j/L-95,2025-06-jack-jill-o-rama,probable,Kevin Kane and Exenia Rocco,11981,leader,eepro
2025-06-jack-jill-o-rama/intermediate-pro-follow-am-lead-j-j-intermediate,2025-06-jack-jill-o-rama/intermediate-pro-follow-am-lead-j-j-intermediate/L-111,2025-06-jack-jill-o-rama,unmatched,Trevor Hayes and Emily Schubert,,leader,eepro
2025-06-jack-jill-o-rama/intermediate-pro-follow-am-lead-j-j-intermediate,2025-06-jack-jill-o-rama/intermediate-pro-follow-am-lead-j-j-intermediate/L-113,2025-06-jack-jill-o-rama,unmatched,Tony Nguyen and Anni Hellwagen,,leader,eepro
2025-06-jack-jill-o-rama/intermediate-pro-follow-am-lead-j-j-intermediate,2025-06-jack-jill-o-rama/intermediate-pro-follow-am-lead-j-j-intermediate/L-130,2025-06-jack-jill-o-rama,unmatched,Filiberto Macias and Maddy Skinner,,leader,eepro
2025-06-jack-jill-o-rama/intermediate-pro-follow-am-lead-j-j-intermediate,2025-06-jack-jill-o-rama/intermediate-pro-follow-am-lead-j-j-intermediate/L-134,2025-06-jack-jill-o-rama,unmatched,Thomas Crockett and Sarah Hightower,,leader,eepro
2025-06-jack-jill-o-rama/intermediate-pro-follow-am-lead-j-j-intermediate,2025-06-jack-jill-o-rama/intermediate-pro-follow-am-lead-j-j-intermediate/L-137,2025-06-jack-jill-o-rama,unmatched,Vladyslav Sitalo and Mia Pastor,,leader,eepro
2025-06-jack-jill-o-rama/intermediate-pro-follow-am-lead-j-j-intermediate,2025-06-jack-jill-o-rama/intermediate-pro-follow-am-lead-j-j-intermediate/L-197,2025-06-jack-jill-o-rama,unmatched,Trey Cobb and Rachel Holdren,,leader,eepro
2025-06-jack-jill-o-rama/intermediate-pro-follow-am-lead-j-j-intermediate,2025-06-jack-jill-o-rama/intermediate-pro-follow-am-lead-j-j-intermediate/L-25,2025-06-jack-jill-o-rama,unmatched,Arrow Pride and Shayla Bouise,,leader,eepro
2025-06-jack-jill-o-rama/intermediate-pro-follow-am-lead-j-j-intermediate,2025-06-jack-jill-o-rama/intermediate-pro-follow-am-lead-j-j-intermediate/L-272,2025-06-jack-jill-o-rama,unmatched,Adam Hendrawan and Rachel Shook,,leader,eepro
2025-06-jack-jill-o-rama/intermediate-pro-follow-am-lead-j-j-intermediate,2025-06-jack-jill-o-rama/intermediate-pro-follow-am-lead-j-j-intermediate/L-301,2025-06-jack-jill-o-rama,unmatched,Michael Barreto and Olivia Burnsed,,leader,eepro
2025-06-jack-jill-o-rama/intermediate-pro-follow-am-lead-j-j-intermediate,2025-06-jack-jill-o-rama/intermediate-pro-follow-am-lead-j-j-intermediate/L-302,2025-06-jack-jill-o-rama,unmatched,Vincent Meyer and Allysa Sefferino,,leader,eepro
2025-06-jack-jill-o-rama/intermediate-pro-follow-am-lead-j-j-intermediate,2025-06-jack-jill-o-rama/intermediate-pro-follow-am-lead-j-j-intermediate/L-312,2025-06-jack-jill-o-rama,unmatched,Jay Minn and Stacia Wilson,,leader,eepro
2025-06-jack-jill-o-rama/intermediate-pro-follow-am-lead-j-j-intermediate,2025-06-jack-jill-o-rama/intermediate-pro-follow-am-lead-j-j-intermediate/L-317,2025-06-jack-jill-o-rama,unmatched,Jeffrey Wang and Rose Martin,,leader,eepro
2025-06-jack-jill-o-rama/intermediate-pro-follow-am-lead-j-j-intermediate,2025-06-jack-jill-o-rama/intermediate-pro-follow-am-lead-j-j-intermediate/L-346,2025-06-jack-jill-o-rama,unmatched,Casey Castleberry and Hannah Guttman,,leader,eepro
2025-06-jack-jill-o-rama/intermediate-pro-follow-am-lead-j-j-intermediate,2025-06-jack-jill-o-rama/intermediate-pro-follow-am-lead-j-j-intermediate/L-353,2025-06-jack-jill-o-rama,unmatched,William McGregor and Giulia rusch,,leader,eepro
2025-06-jack-jill-o-rama/intermediate-pro-follow-am-lead-j-j-intermediate,2025-06-jack-jill-o-rama/intermediate-pro-follow-am-lead-j-j-intermediate/L-386,2025-06-jack-jill-o-rama,unmatched,Sok Hui Tay and Mackenzie Herman-Olson,,leader,eepro
2025-06-jack-jill-o-rama/intermediate-pro-follow-am-lead-j-j-intermediate,2025-06-jack-jill-o-rama/intermediate-pro-follow-am-lead-j-j-intermediate/L-422,2025-06-jack-jill-o-rama,unmatched,Spencer Gyore and Lisa M Picard,,leader,eepro
2025-06-jack-jill-o-rama/intermediate-pro-follow-am-lead-j-j-intermediate,2025-06-jack-jill-o-rama/intermediate-pro-follow-am-lead-j-j-intermediate/L-425,2025-06-jack-jill-o-rama,unmatched,Elaine Dimal and Bryn Anderson,,leader,eepro
2025-06-jack-jill-o-rama/intermediate-pro-follow-am-lead-j-j-intermediate,2025-06-jack-jill-o-rama/intermediate-pro-follow-am-lead-j-j-intermediate/L-434,2025-06-jack-jill-o-rama,unmatched,Audrey Hoo and Rachel Phelps,,leader,eepro
2025-06-jack-jill-o-rama/intermediate-pro-follow-am-lead-j-j-intermediate,2025-06-jack-jill-o-rama/intermediate-pro-follow-am-lead-j-j-intermediate/L-442,2025-06-jack-jill-o-rama,unmatched,Matthew Dotson and Felicia Li,,leader,eepro
2025-06-jack-jill-o-rama/intermediate-pro-follow-am-lead-j-j-intermediate,2025-06-jack-jill-o-rama/intermediate-pro-follow-am-lead-j-j-intermediate/L-451,2025-06-jack-jill-o-rama,unmatched,Divy Ravindranath and Elli Warner,,leader,eepro
2025-06-jack-jill-o-rama/intermediate-pro-follow-am-lead-j-j-intermediate,2025-06-jack-jill-o-rama/intermediate-pro-follow-am-lead-j-j-intermediate/L-454,2025-06-jack-jill-o-rama,unmatched,James DeBacker and Avery Isaacs,,leader,eepro
2025-06-jack-jill-o-rama/intermediate-pro-follow-am-lead-j-j-intermediate,2025-06-jack-jill-o-rama/intermediate-pro-follow-am-lead-j-j-intermediate/L-457,2025-06-jack-jill-o-rama,unmatched,Iskandar Pashayev and Liza Hillman,,leader,eepro
2025-06-jack-jill-o-rama/intermediate-pro-follow-am-lead-j-j-intermediate,2025-06-jack-jill-o-rama/intermediate-pro-follow-am-lead-j-j-intermediate/L-477,2025-06-jack-jill-o-rama,unmatched,Will Zhang and Maria Ivanova,,leader,eepro
2025-06-jack-jill-o-rama/intermediate-pro-follow-am-lead-j-j-intermediate,2025-06-jack-jill-o-rama/intermediate-pro-follow-am-lead-j-j-intermediate/L-478,2025-06-jack-jill-o-rama,unmatched,Chase Yandell and Ashley Broussard,,leader,eepro
2025-06-jack-jill-o-rama/intermediate-pro-follow-am-lead-j-j-intermediate,2025-06-jack-jill-o-rama/intermediate-pro-follow-am-lead-j-j-intermediate/L-479,2025-06-jack-jill-o-rama,unmatched,Himanshu Paul and Mara Flores,,leader,eepro
2025-06-jack-jill-o-rama/intermediate-pro-follow-am-lead-j-j-intermediate,2025-06-jack-jill-o-rama/intermediate-pro-follow-am-lead-j-j-intermediate/L-490,2025-06-jack-jill-o-rama,unmatched,Spencer Spiegel and Ariel Navarro,,leader,eepro
2025-06-jack-jill-o-rama/intermediate-pro-follow-am-lead-j-j-intermediate,2025-06-jack-jill-o-rama/intermediate-pro-follow-am-lead-j-j-intermediate/L-492,2025-06-jack-jill-o-rama,unmatched,Bobby Martinez and Taylor Linahan,,leader,eepro
2025-06-jack-jill-o-rama/intermediate-pro-follow-am-lead-j-j-intermediate,2025-06-jack-jill-o-rama/intermediate-pro-follow-am-lead-j-j-intermediate/L-493,2025-06-jack-jill-o-rama,unmatched,Sheldon John and Shelbie McCree,,leader,eepro
2025-06-jack-jill-o-rama/intermediate-pro-follow-am-lead-j-j-intermediate,2025-06-jack-jill-o-rama/intermediate-pro-follow-am-lead-j-j-intermediate/L-496,2025-06-jack-jill-o-rama,unmatched,Jared Cogswell and Cecily Livingston,,leader,eepro
2025-06-jack-jill-o-rama/intermediate-pro-follow-am-lead-j-j-intermediate,2025-06-jack-jill-o-rama/intermediate-pro-follow-am-lead-j-j-intermediate/L-514,2025-06-jack-jill-o-rama,unmatched,Stephen Baldwin and Larisa Tingle,,leader,eepro
2025-06-jack-jill-o-rama/intermediate-pro-follow-am-lead-j-j-intermediate,2025-06-jack-jill-o-rama/intermediate-pro-follow-am-lead-j-j-intermediate/L-529,2025-06-jack-jill-o-rama,probable,Michael Roberge and Exenia Rocco,21047,leader,eepro
2025-06-jack-jill-o-rama/intermediate-pro-follow-am-lead-j-j-intermediate,2025-06-jack-jill-o-rama/intermediate-pro-follow-am-lead-j-j-intermediate/L-543,2025-06-jack-jill-o-rama,unmatched,Joseph Geluz and Margie Tuttle,,leader,eepro
2025-06-jack-jill-o-rama/intermediate-pro-follow-am-lead-j-j-intermediate,2025-06-jack-jill-o-rama/intermediate-pro-follow-am-lead-j-j-intermediate/L-546,2025-06-jack-jill-o-rama,unmatched,Seth White and Elizabeth Spann,,leader,eepro
2025-06-jack-jill-o-rama/intermediate-pro-follow-am-lead-j-j-intermediate,2025-06-jack-jill-o-rama/intermediate-pro-follow-am-lead-j-j-intermediate/L-560,2025-06-jack-jill-o-rama,unmatched,Cameron schaeffer and Kristen Wallace,,leader,eepro
2025-06-jack-jill-o-rama/intermediate-pro-follow-am-lead-j-j-intermediate,2025-06-jack-jill-o-rama/intermediate-pro-follow-am-lead-j-j-intermediate/L-588,2025-06-jack-jill-o-rama,unmatched,Steven Lee and Debra Ramsey,,leader,eepro
2025-06-jack-jill-o-rama/intermediate-pro-follow-am-lead-j-j-intermediate,2025-06-jack-jill-o-rama/intermediate-pro-follow-am-lead-j-j-intermediate/L-597,2025-06-jack-jill-o-rama,unmatched,Colton Stockdale and Anna Wallace,,leader,eepro
2025-06-jack-jill-o-rama/intermediate-pro-follow-am-lead-j-j-intermediate,2025-06-jack-jill-o-rama/intermediate-pro-follow-am-lead-j-j-intermediate/L-598,2025-06-jack-jill-o-rama,unmatched,Alvin Liang and Elizabeth Wyke,,leader,eepro
2025-06-jack-jill-o-rama/intermediate-pro-follow-am-lead-j-j-intermediate,2025-06-jack-jill-o-rama/intermediate-pro-follow-am-lead-j-j-intermediate/L-611,2025-06-jack-jill-o-rama,unmatched,Tom Tseng and Katie Smiley,,leader,eepro
2025-06-jack-jill-o-rama/intermediate-pro-follow-am-lead-j-j-intermediate,2025-06-jack-jill-o-rama/intermediate-pro-follow-am-lead-j-j-intermediate/L-614,2025-06-jack-jill-o-rama,unmatched,Sean Carney and Sharon Her,,leader,eepro
2025-06-jack-jill-o-rama/intermediate-pro-follow-am-lead-j-j-intermediate,2025-06-jack-jill-o-rama/intermediate-pro-follow-am-lead-j-j-intermediate/L-629,2025-06-jack-jill-o-rama,unmatched,Savon Henderson and Jade Bryan,,leader,eepro
2025-06-jack-jill-o-rama/intermediate-pro-follow-am-lead-j-j-intermediate,2025-06-jack-jill-o-rama/intermediate-pro-follow-am-lead-j-j-intermediate/L-634,2025-06-jack-jill-o-rama,unmatched,Peter Castro and Melissa Stirton,,leader,eepro
2025-06-jack-jill-o-rama/intermediate-pro-follow-am-lead-j-j-intermediate,2025-06-jack-jill-o-rama/intermediate-pro-follow-am-lead-j-j-intermediate/L-645,2025-06-jack-jill-o-rama,unmatched,Steven Zarate and Janelle Guido,,leader,eepro
2025-06-jack-jill-o-rama/intermediate-pro-follow-am-lead-j-j-intermediate,2025-06-jack-jill-o-rama/intermediate-pro-follow-am-lead-j-j-intermediate/L-662,2025-06-jack-jill-o-rama,unmatched,Chris Guthrie and Savannah Harris-Read,,leader,eepro
2025-06-jack-jill-o-rama/intermediate-pro-follow-am-lead-j-j-intermediate,2025-06-jack-jill-o-rama/intermediate-pro-follow-am-lead-j-j-intermediate/L-681,2025-06-jack-jill-o-rama,unmatched,Adam Sumilong and Eunice Wong,,leader,eepro
2025-06-jack-jill-o-rama/intermediate-pro-follow-am-lead-j-j-intermediate,2025-06-jack-jill-o-rama/intermediate-pro-follow-am-lead-j-j-intermediate/L-693,2025-06-jack-jill-o-rama,unmatched,Red Elghazi and Amber O'Connell,,leader,eepro
2025-06-jack-jill-o-rama/intermediate-pro-follow-am-lead-j-j-intermediate,2025-06-jack-jill-o-rama/intermediate-pro-follow-am-lead-j-j-intermediate/L-707,2025-06-jack-jill-o-rama,unmatched,Jonathan Hsieh and Emma Collyer,,leader,eepro
2025-06-jack-jill-o-rama/intermediate-pro-follow-am-lead-j-j-intermediate,2025-06-jack-jill-o-rama/intermediate-pro-follow-am-lead-j-j-intermediate/L-711,2025-06-jack-jill-o-rama,unmatched,Cristian Flores and Dalena Lee,,leader,eepro
2025-06-jack-jill-o-rama/intermediate-pro-follow-am-lead-j-j-intermediate,2025-06-jack-jill-o-rama/intermediate-pro-follow-am-lead-j-j-intermediate/L-729,2025-06-jack-jill-o-rama,unmatched,Narith Ithiratanasoonthorn and Shanna Porcari,,leader,eepro
2025-06-jack-jill-o-rama/intermediate-pro-follow-am-lead-j-j-intermediate,2025-06-jack-jill-o-rama/intermediate-pro-follow-am-lead-j-j-intermediate/L-746,2025-06-jack-jill-o-rama,unmatched,Allen Zhou and Elise Herman,,leader,eepro
2025-06-jack-jill-o-rama/intermediate-pro-follow-am-lead-j-j-intermediate,2025-06-jack-jill-o-rama/intermediate-pro-follow-am-lead-j-j-intermediate/L-99,2025-06-jack-jill-o-rama,unmatched,John Santos and Mia Primavera,,leader,eepro
2025-06-jack-jill-o-rama/intermediate-pro-lead-am-follow-j-j-intermediate,2025-06-jack-jill-o-rama/intermediate-pro-lead-am-follow-j-j-intermediate/L-102,2025-06-jack-jill-o-rama,unmatched,Ellis Permann and Brian Sforzo,,leader,eepro
2025-06-jack-jill-o-rama/intermediate-pro-lead-am-follow-j-j-intermediate,2025-06-jack-jill-o-rama/intermediate-pro-lead-am-follow-j-j-intermediate/L-105,2025-06-jack-jill-o-rama,unmatched,Fumiko Jenkins and Jason Taylor,,leader,eepro
2025-06-jack-jill-o-rama/intermediate-pro-lead-am-follow-j-j-intermediate,2025-06-jack-jill-o-rama/intermediate-pro-lead-am-follow-j-j-intermediate/L-106,2025-06-jack-jill-o-rama,unmatched,Ashlee Dickinson and Diego Rivera,,leader,eepro
2025-06-jack-jill-o-rama/intermediate-pro-lead-am-follow-j-j-intermediate,2025-06-jack-jill-o-rama/intermediate-pro-lead-am-follow-j-j-intermediate/L-139,2025-06-jack-jill-o-rama,unmatched,Miho Myojin and Chris Low,,leader,eepro
2025-06-jack-jill-o-rama/intermediate-pro-lead-am-follow-j-j-intermediate,2025-06-jack-jill-o-rama/intermediate-pro-lead-am-follow-j-j-intermediate/L-145,2025-06-jack-jill-o-rama,unmatched,Stacey Potter and Matt Richey,,leader,eepro
2025-06-jack-jill-o-rama/intermediate-pro-lead-am-follow-j-j-intermediate,2025-06-jack-jill-o-rama/intermediate-pro-lead-am-follow-j-j-intermediate/L-159,2025-06-jack-jill-o-rama,unmatched,Alesia Haxhia and J Khayree Jones,,leader,eepro
2025-06-jack-jill-o-rama/intermediate-pro-lead-am-follow-j-j-intermediate,2025-06-jack-jill-o-rama/intermediate-pro-lead-am-follow-j-j-intermediate/L-160,2025-06-jack-jill-o-rama,unmatched,Lisa LaCroix and Rob I,,leader,eepro
2025-06-jack-jill-o-rama/intermediate-pro-lead-am-follow-j-j-intermediate,2025-06-jack-jill-o-rama/intermediate-pro-lead-am-follow-j-j-intermediate/L-162,2025-06-jack-jill-o-rama,unmatched,Jungeun Youn and Alex Kim,,leader,eepro
2025-06-jack-jill-o-rama/intermediate-pro-lead-am-follow-j-j-intermediate,2025-06-jack-jill-o-rama/intermediate-pro-lead-am-follow-j-j-intermediate/L-185,2025-06-jack-jill-o-rama,unmatched,Kyra Peters and David Carrington,,leader,eepro
2025-06-jack-jill-o-rama/intermediate-pro-lead-am-follow-j-j-intermediate,2025-06-jack-jill-o-rama/intermediate-pro-lead-am-follow-j-j-intermediate/L-191,2025-06-jack-jill-o-rama,unmatched,Amanda Ho and David Deng,,leader,eepro
2025-06-jack-jill-o-rama/intermediate-pro-lead-am-follow-j-j-intermediate,2025-06-jack-jill-o-rama/intermediate-pro-lead-am-follow-j-j-intermediate/L-194,2025-06-jack-jill-o-rama,unmatched,Meredith Gibbons and KP Rutland,,leader,eepro
2025-06-jack-jill-o-rama/intermediate-pro-lead-am-follow-j-j-intermediate,2025-06-jack-jill-o-rama/intermediate-pro-lead-am-follow-j-j-intermediate/L-204,2025-06-jack-jill-o-rama,unmatched,Ellie Sousa and Ryan Boz,,leader,eepro
2025-06-jack-jill-o-rama/intermediate-pro-lead-am-follow-j-j-intermediate,2025-06-jack-jill-o-rama/intermediate-pro-lead-am-follow-j-j-intermediate/L-205,2025-06-jack-jill-o-rama,unmatched,Piper Karren and Edem Attikese,,leader,eepro
2025-06-jack-jill-o-rama/intermediate-pro-lead-am-follow-j-j-intermediate,2025-06-jack-jill-o-rama/intermediate-pro-lead-am-follow-j-j-intermediate/L-21,2025-06-jack-jill-o-rama,unmatched,Adele Strub and Sam Vaden,,leader,eepro
2025-06-jack-jill-o-rama/intermediate-pro-lead-am-follow-j-j-intermediate,2025-06-jack-jill-o-rama/intermediate-pro-lead-am-follow-j-j-intermediate/L-216,2025-06-jack-jill-o-rama,unmatched,Tina Lin and Gary Thompson,,leader,eepro
2025-06-jack-jill-o-rama/intermediate-pro-lead-am-follow-j-j-intermediate,2025-06-jack-jill-o-rama/intermediate-pro-lead-am-follow-j-j-intermediate/L-218,2025-06-jack-jill-o-rama,unmatched,Stella Kautzman and Kyle Redd,,leader,eepro
2025-06-jack-jill-o-rama/intermediate-pro-lead-am-follow-j-j-intermediate,2025-06-jack-jill-o-rama/intermediate-pro-lead-am-follow-j-j-intermediate/L-236,2025-06-jack-jill-o-rama,unmatched,Sarah Faith Kim and Aidan Keith-Hynes,,leader,eepro
2025-06-jack-jill-o-rama/intermediate-pro-lead-am-follow-j-j-intermediate,2025-06-jack-jill-o-rama/intermediate-pro-lead-am-follow-j-j-intermediate/L-238,2025-06-jack-jill-o-rama,unmatched,Jenna Silva and Samuel Anspach,,leader,eepro
2025-06-jack-jill-o-rama/intermediate-pro-lead-am-follow-j-j-intermediate,2025-06-jack-jill-o-rama/intermediate-pro-lead-am-follow-j-j-intermediate/L-251,2025-06-jack-jill-o-rama,unmatched,Brittney Bush and Kevin Kane,,leader,eepro
2025-06-jack-jill-o-rama/intermediate-pro-lead-am-follow-j-j-intermediate,2025-06-jack-jill-o-rama/intermediate-pro-lead-am-follow-j-j-intermediate/L-296,2025-06-jack-jill-o-rama,unmatched,Heather Maddigan and Trenten Jackson,,leader,eepro
2025-06-jack-jill-o-rama/intermediate-pro-lead-am-follow-j-j-intermediate,2025-06-jack-jill-o-rama/intermediate-pro-lead-am-follow-j-j-intermediate/L-3,2025-06-jack-jill-o-rama,unmatched,Ariel Anders and Austin Kois,,leader,eepro
2025-06-jack-jill-o-rama/intermediate-pro-lead-am-follow-j-j-intermediate,2025-06-jack-jill-o-rama/intermediate-pro-lead-am-follow-j-j-intermediate/L-304,2025-06-jack-jill-o-rama,unmatched,Burgundy Weathersbee and Za Thomaier,,leader,eepro
2025-06-jack-jill-o-rama/intermediate-pro-lead-am-follow-j-j-intermediate,2025-06-jack-jill-o-rama/intermediate-pro-lead-am-follow-j-j-intermediate/L-311,2025-06-jack-jill-o-rama,unmatched,Kat Dachniwsky and Omar Gonzalez,,leader,eepro
2025-06-jack-jill-o-rama/intermediate-pro-lead-am-follow-j-j-intermediate,2025-06-jack-jill-o-rama/intermediate-pro-lead-am-follow-j-j-intermediate/L-329,2025-06-jack-jill-o-rama,unmatched,Carlie Liebrum and Wingo,,leader,eepro
2025-06-jack-jill-o-rama/intermediate-pro-lead-am-follow-j-j-intermediate,2025-06-jack-jill-o-rama/intermediate-pro-lead-am-follow-j-j-intermediate/L-330,2025-06-jack-jill-o-rama,unmatched,Amanda Vasquez and Kevin Rafter,,leader,eepro
2025-06-jack-jill-o-rama/intermediate-pro-lead-am-follow-j-j-intermediate,2025-06-jack-jill-o-rama/intermediate-pro-lead-am-follow-j-j-intermediate/L-333,2025-06-jack-jill-o-rama,unmatched,Payten Rudd and Neil Joshi,,leader,eepro
2025-06-jack-jill-o-rama/intermediate-pro-lead-am-follow-j-j-intermediate,2025-06-jack-jill-o-rama/intermediate-pro-lead-am-follow-j-j-intermediate/L-355,2025-06-jack-jill-o-rama,unmatched,Rachel Myre and Gabriel Sebastian,,leader,eepro
2025-06-jack-jill-o-rama/intermediate-pro-lead-am-follow-j-j-intermediate,2025-06-jack-jill-o-rama/intermediate-pro-lead-am-follow-j-j-intermediate/L-370,2025-06-jack-jill-o-rama,unmatched,Melissa Liao and David Guido,,leader,eepro
2025-06-jack-jill-o-rama/intermediate-pro-lead-am-follow-j-j-intermediate,2025-06-jack-jill-o-rama/intermediate-pro-lead-am-follow-j-j-intermediate/L-372,2025-06-jack-jill-o-rama,unmatched,Paige Rutherford and Chase Warner,,leader,eepro
2025-06-jack-jill-o-rama/intermediate-pro-lead-am-follow-j-j-intermediate,2025-06-jack-jill-o-rama/intermediate-pro-lead-am-follow-j-j-intermediate/L-377,2025-06-jack-jill-o-rama,unmatched,Michelle Limon and Conor McClure,,leader,eepro
2025-06-jack-jill-o-rama/intermediate-pro-lead-am-follow-j-j-intermediate,2025-06-jack-jill-o-rama/intermediate-pro-lead-am-follow-j-j-intermediate/L-379,2025-06-jack-jill-o-rama,unmatched,Vanessa Valdez and Aaron Nuno,,leader,eepro
2025-06-jack-jill-o-rama/intermediate-pro-lead-am-follow-j-j-intermediate,2025-06-jack-jill-o-rama/intermediate-pro-lead-am-follow-j-j-intermediate/L-388,2025-06-jack-jill-o-rama,unmatched,Jessica Greene and Ben O'Neal,,leader,eepro
2025-06-jack-jill-o-rama/intermediate-pro-lead-am-follow-j-j-intermediate,2025-06-jack-jill-o-rama/intermediate-pro-lead-am-follow-j-j-intermediate/L-412,2025-06-jack-jill-o-rama,unmatched,Andres Cedeno and Tip West,,leader,eepro
2025-06-jack-jill-o-rama/intermediate-pro-lead-am-follow-j-j-intermediate,2025-06-jack-jill-o-rama/intermediate-pro-lead-am-follow-j-j-intermediate/L-418,2025-06-jack-jill-o-rama,unmatched,Jasmine Mendiola and Omaid Karimi,,leader,eepro
2025-06-jack-jill-o-rama/intermediate-pro-lead-am-follow-j-j-intermediate,2025-06-jack-jill-o-rama/intermediate-pro-lead-am-follow-j-j-intermediate/L-433,2025-06-jack-jill-o-rama,unmatched,Rowan Palmer and Paul Nunez,,leader,eepro
2025-06-jack-jill-o-rama/intermediate-pro-lead-am-follow-j-j-intermediate,2025-06-jack-jill-o-rama/intermediate-pro-lead-am-follow-j-j-intermediate/L-445,2025-06-jack-jill-o-rama,unmatched,Sarah Adam and Barry Goh,,leader,eepro
2025-06-jack-jill-o-rama/intermediate-pro-lead-am-follow-j-j-intermediate,2025-06-jack-jill-o-rama/intermediate-pro-lead-am-follow-j-j-intermediate/L-447,2025-06-jack-jill-o-rama,unmatched,Kathy Tang and Michael Milgrom,,leader,eepro
2025-06-jack-jill-o-rama/intermediate-pro-lead-am-follow-j-j-intermediate,2025-06-jack-jill-o-rama/intermediate-pro-lead-am-follow-j-j-intermediate/L-448,2025-06-jack-jill-o-rama,unmatched,Ashley Veal and Branden Strong,,leader,eepro
2025-06-jack-jill-o-rama/intermediate-pro-lead-am-follow-j-j-intermediate,2025-06-jack-jill-o-rama/intermediate-pro-lead-am-follow-j-j-intermediate/L-46,2025-06-jack-jill-o-rama,unmatched,Amy Finder and Dillon Luther,,leader,eepro
2025-06-jack-jill-o-rama/intermediate-pro-lead-am-follow-j-j-intermediate,2025-06-jack-jill-o-rama/intermediate-pro-lead-am-follow-j-j-intermediate/L-480,2025-06-jack-jill-o-rama,unmatched,Alana Swift and Vincent van Mierlo,,leader,eepro
2025-06-jack-jill-o-rama/intermediate-pro-lead-am-follow-j-j-intermediate,2025-06-jack-jill-o-rama/intermediate-pro-lead-am-follow-j-j-intermediate/L-487,2025-06-jack-jill-o-rama,unmatched,Fiona Callaghan and Srikar Bhagavatula,,leader,eepro
2025-06-jack-jill-o-rama/intermediate-pro-lead-am-follow-j-j-intermediate,2025-06-jack-jill-o-rama/intermediate-pro-lead-am-follow-j-j-intermediate/L-513,2025-06-jack-jill-o-rama,unmatched,Katelyn Brady and Keerigan Rudd,,leader,eepro
2025-06-jack-jill-o-rama/intermediate-pro-lead-am-follow-j-j-intermediate,2025-06-jack-jill-o-rama/intermediate-pro-lead-am-follow-j-j-intermediate/L-52,2025-06-jack-jill-o-rama,unmatched,Igor Laryukhin and Peter Yin,,leader,eepro
2025-06-jack-jill-o-rama/intermediate-pro-lead-am-follow-j-j-intermediate,2025-06-jack-jill-o-rama/intermediate-pro-lead-am-follow-j-j-intermediate/L-520,2025-06-jack-jill-o-rama,unmatched,Briahn Witkoff and Zac Skinner,,leader,eepro
2025-06-jack-jill-o-rama/intermediate-pro-lead-am-follow-j-j-intermediate,2025-06-jack-jill-o-rama/intermediate-pro-lead-am-follow-j-j-intermediate/L-530,2025-06-jack-jill-o-rama,unmatched,Ngoc Phan and Guigo Sortica,,leader,eepro
2025-06-jack-jill-o-rama/intermediate-pro-lead-am-follow-j-j-intermediate,2025-06-jack-jill-o-rama/intermediate-pro-lead-am-follow-j-j-intermediate/L-541,2025-06-jack-jill-o-rama,unmatched,Ashley Smith and Thomas Carter,,leader,eepro
2025-06-jack-jill-o-rama/intermediate-pro-lead-am-follow-j-j-intermediate,2025-06-jack-jill-o-rama/intermediate-pro-lead-am-follow-j-j-intermediate/L-542,2025-06-jack-jill-o-rama,unmatched,Sienna St. Clair and Chris Uza,,leader,eepro
2025-06-jack-jill-o-rama/intermediate-pro-lead-am-follow-j-j-intermediate,2025-06-jack-jill-o-rama/intermediate-pro-lead-am-follow-j-j-intermediate/L-566,2025-06-jack-jill-o-rama,unmatched,Sarah Rempel and Tuan Nguyen,,leader,eepro
2025-06-jack-jill-o-rama/intermediate-pro-lead-am-follow-j-j-intermediate,2025-06-jack-jill-o-rama/intermediate-pro-lead-am-follow-j-j-intermediate/L-570,2025-06-jack-jill-o-rama,unmatched,Vita Zakhu and Andrew Sunada,,leader,eepro
2025-06-jack-jill-o-rama/intermediate-pro-lead-am-follow-j-j-intermediate,2025-06-jack-jill-o-rama/intermediate-pro-lead-am-follow-j-j-intermediate/L-573,2025-06-jack-jill-o-rama,unmatched,Megan Landau and Deon Harrell,,leader,eepro
2025-06-jack-jill-o-rama/intermediate-pro-lead-am-follow-j-j-intermediate,2025-06-jack-jill-o-rama/intermediate-pro-lead-am-follow-j-j-intermediate/L-577,2025-06-jack-jill-o-rama,unmatched,Melissa Silverthorn and Sebastian Quinones,,leader,eepro
2025-06-jack-jill-o-rama/intermediate-pro-lead-am-follow-j-j-intermediate,2025-06-jack-jill-o-rama/intermediate-pro-lead-am-follow-j-j-intermediate/L-595,2025-06-jack-jill-o-rama,unmatched,Nadja Tessler and Za Thomaier,,leader,eepro
2025-06-jack-jill-o-rama/intermediate-pro-lead-am-follow-j-j-intermediate,2025-06-jack-jill-o-rama/intermediate-pro-lead-am-follow-j-j-intermediate/L-596,2025-06-jack-jill-o-rama,unmatched,Elli Haugen and Omar Gonzalez,,leader,eepro
2025-06-jack-jill-o-rama/intermediate-pro-lead-am-follow-j-j-intermediate,2025-06-jack-jill-o-rama/intermediate-pro-lead-am-follow-j-j-intermediate/L-606,2025-06-jack-jill-o-rama,unmatched,Suzy Ackerman and Austin Kois,,leader,eepro
2025-06-jack-jill-o-rama/intermediate-pro-lead-am-follow-j-j-intermediate,2025-06-jack-jill-o-rama/intermediate-pro-lead-am-follow-j-j-intermediate/L-61,2025-06-jack-jill-o-rama,unmatched,Wendy Allen and Randell Livelo,,leader,eepro
2025-06-jack-jill-o-rama/intermediate-pro-lead-am-follow-j-j-intermediate,2025-06-jack-jill-o-rama/intermediate-pro-lead-am-follow-j-j-intermediate/L-610,2025-06-jack-jill-o-rama,unmatched,Olivia Wilhelms and Sam Vaden,,leader,eepro
2025-06-jack-jill-o-rama/intermediate-pro-lead-am-follow-j-j-intermediate,2025-06-jack-jill-o-rama/intermediate-pro-lead-am-follow-j-j-intermediate/L-617,2025-06-jack-jill-o-rama,unmatched,Parker Lauren and Dillon Luther,,leader,eepro
2025-06-jack-jill-o-rama/intermediate-pro-lead-am-follow-j-j-intermediate,2025-06-jack-jill-o-rama/intermediate-pro-lead-am-follow-j-j-intermediate/L-619,2025-06-jack-jill-o-rama,unmatched,Alison Gibson and Peter Yin,,leader,eepro
2025-06-jack-jill-o-rama/intermediate-pro-lead-am-follow-j-j-intermediate,2025-06-jack-jill-o-rama/intermediate-pro-lead-am-follow-j-j-intermediate/L-633,2025-06-jack-jill-o-rama,unmatched,Kathie Castro and Randell Livelo,,leader,eepro
2025-06-jack-jill-o-rama/intermediate-pro-lead-am-follow-j-j-intermediate,2025-06-jack-jill-o-rama/intermediate-pro-lead-am-follow-j-j-intermediate/L-656,2025-06-jack-jill-o-rama,unmatched,Csilla Lippert and Joel Gibson,,leader,eepro
2025-06-jack-jill-o-rama/intermediate-pro-lead-am-follow-j-j-intermediate,2025-06-jack-jill-o-rama/intermediate-pro-lead-am-follow-j-j-intermediate/L-67,2025-06-jack-jill-o-rama,unmatched,Alicia Viera and Joel Gibson,,leader,eepro
2025-06-jack-jill-o-rama/intermediate-pro-lead-am-follow-j-j-intermediate,2025-06-jack-jill-o-rama/intermediate-pro-lead-am-follow-j-j-intermediate/L-670,2025-06-jack-jill-o-rama,unmatched,Lucia Huo and Tony Schubert,,leader,eepro
2025-06-jack-jill-o-rama/intermediate-pro-lead-am-follow-j-j-intermediate,2025-06-jack-jill-o-rama/intermediate-pro-lead-am-follow-j-j-intermediate/L-683,2025-06-jack-jill-o-rama,unmatched,Heather Sabel and Brian Sforzo,,leader,eepro
2025-06-jack-jill-o-rama/intermediate-pro-lead-am-follow-j-j-intermediate,2025-06-jack-jill-o-rama/intermediate-pro-lead-am-follow-j-j-intermediate/L-685,2025-06-jack-jill-o-rama,unmatched,Rachel Satoh and Jason Taylor,,leader,eepro
2025-06-jack-jill-o-rama/intermediate-pro-lead-am-follow-j-j-intermediate,2025-06-jack-jill-o-rama/intermediate-pro-lead-am-follow-j-j-intermediate/L-89,2025-06-jack-jill-o-rama,unmatched,Danyah Bray and Tony Schubert,,leader,eepro
2025-06-jack-jill-o-rama/novice-pro-follow-am-lead-j-j-novice,2025-06-jack-jill-o-rama/novice-pro-follow-am-lead-j-j-novice/L-100,2025-06-jack-jill-o-rama,unmatched,Christa Farmer and Mia Primavera,,leader,eepro
2025-06-jack-jill-o-rama/novice-pro-follow-am-lead-j-j-novice,2025-06-jack-jill-o-rama/novice-pro-follow-am-lead-j-j-novice/L-135,2025-06-jack-jill-o-rama,unmatched,Jared Gilbert and Emily Schubert,,leader,eepro
2025-06-jack-jill-o-rama/novice-pro-follow-am-lead-j-j-novice,2025-06-jack-jill-o-rama/novice-pro-follow-am-lead-j-j-novice/L-143,2025-06-jack-jill-o-rama,unmatched,Inna Stetsiak and Anni Hellwagen,,leader,eepro
2025-06-jack-jill-o-rama/novice-pro-follow-am-lead-j-j-novice,2025-06-jack-jill-o-rama/novice-pro-follow-am-lead-j-j-novice/L-147,2025-06-jack-jill-o-rama,unmatched,Chase Beloff and Maddy Skinner,,leader,eepro
2025-06-jack-jill-o-rama/novice-pro-follow-am-lead-j-j-novice,2025-06-jack-jill-o-rama/novice-pro-follow-am-lead-j-j-novice/L-154,2025-06-jack-jill-o-rama,unmatched,Eric Fernandez and Sarah Hightower,,leader,eepro
2025-06-jack-jill-o-rama/novice-pro-follow-am-lead-j-j-novice,2025-06-jack-jill-o-rama/novice-pro-follow-am-lead-j-j-novice/L-16,2025-06-jack-jill-o-rama,unmatched,Phillip Nicholson and Elizabeth Wyke,,leader,eepro
2025-06-jack-jill-o-rama/novice-pro-follow-am-lead-j-j-novice,2025-06-jack-jill-o-rama/novice-pro-follow-am-lead-j-j-novice/L-166,2025-06-jack-jill-o-rama,unmatched,Arthur Beltran and Mia Pastor,,leader,eepro
2025-06-jack-jill-o-rama/novice-pro-follow-am-lead-j-j-novice,2025-06-jack-jill-o-rama/novice-pro-follow-am-lead-j-j-novice/L-170,2025-06-jack-jill-o-rama,unmatched,Luis Ortiz and Rachel Holdren,,leader,eepro
2025-06-jack-jill-o-rama/novice-pro-follow-am-lead-j-j-novice,2025-06-jack-jill-o-rama/novice-pro-follow-am-lead-j-j-novice/L-174,2025-06-jack-jill-o-rama,unmatched,Scott Miller and Rachel Shook,,leader,eepro
2025-06-jack-jill-o-rama/novice-pro-follow-am-lead-j-j-novice,2025-06-jack-jill-o-rama/novice-pro-follow-am-lead-j-j-novice/L-176,2025-06-jack-jill-o-rama,unmatched,Daniel Rodriguez and Olivia Burnsed,,leader,eepro
2025-06-jack-jill-o-rama/novice-pro-follow-am-lead-j-j-novice,2025-06-jack-jill-o-rama/novice-pro-follow-am-lead-j-j-novice/L-177,2025-06-jack-jill-o-rama,unmatched,Gordon Dang and Allysa Sefferino,,leader,eepro
2025-06-jack-jill-o-rama/novice-pro-follow-am-lead-j-j-novice,2025-06-jack-jill-o-rama/novice-pro-follow-am-lead-j-j-novice/L-21,2025-06-jack-jill-o-rama,unmatched,Adele Strub and Katie Smiley,,leader,eepro
2025-06-jack-jill-o-rama/novice-pro-follow-am-lead-j-j-novice,2025-06-jack-jill-o-rama/novice-pro-follow-am-lead-j-j-novice/L-216,2025-06-jack-jill-o-rama,unmatched,Tina Lin and Stacia Wilson,,leader,eepro
2025-06-jack-jill-o-rama/novice-pro-follow-am-lead-j-j-novice,2025-06-jack-jill-o-rama/novice-pro-follow-am-lead-j-j-novice/L-225,2025-06-jack-jill-o-rama,unmatched,Brian Saipramuk and Rose Martin,,leader,eepro
2025-06-jack-jill-o-rama/novice-pro-follow-am-lead-j-j-novice,2025-06-jack-jill-o-rama/novice-pro-follow-am-lead-j-j-novice/L-232,2025-06-jack-jill-o-rama,unmatched,Hans Marasigan and Sharon Her,,leader,eepro
2025-06-jack-jill-o-rama/novice-pro-follow-am-lead-j-j-novice,2025-06-jack-jill-o-rama/novice-pro-follow-am-lead-j-j-novice/L-238,2025-06-jack-jill-o-rama,unmatched,Jenna Silva and Hannah Guttman,,leader,eepro
2025-06-jack-jill-o-rama/novice-pro-follow-am-lead-j-j-novice,2025-06-jack-jill-o-rama/novice-pro-follow-am-lead-j-j-novice/L-256,2025-06-jack-jill-o-rama,unmatched,Richard Zou and Giulia rusch,,leader,eepro
2025-06-jack-jill-o-rama/novice-pro-follow-am-lead-j-j-novice,2025-06-jack-jill-o-rama/novice-pro-follow-am-lead-j-j-novice/L-264,2025-06-jack-jill-o-rama,probable,Brad Bemis and Mackenzie Herman-Olson,8688,leader,eepro
2025-06-jack-jill-o-rama/novice-pro-follow-am-lead-j-j-novice,2025-06-jack-jill-o-rama/novice-pro-follow-am-lead-j-j-novice/L-30,2025-06-jack-jill-o-rama,unmatched,Gabriel Wu and Jade Bryan,,leader,eepro
2025-06-jack-jill-o-rama/novice-pro-follow-am-lead-j-j-novice,2025-06-jack-jill-o-rama/novice-pro-follow-am-lead-j-j-novice/L-300,2025-06-jack-jill-o-rama,unmatched,Mark McClelland and Lisa M Picard,,leader,eepro
2025-06-jack-jill-o-rama/novice-pro-follow-am-lead-j-j-novice,2025-06-jack-jill-o-rama/novice-pro-follow-am-lead-j-j-novice/L-31,2025-06-jack-jill-o-rama,unmatched,Zack Barbieri and Melissa Stirton,,leader,eepro
2025-06-jack-jill-o-rama/novice-pro-follow-am-lead-j-j-novice,2025-06-jack-jill-o-rama/novice-pro-follow-am-lead-j-j-novice/L-32,2025-06-jack-jill-o-rama,unmatched,Robert French and Janelle Guido,,leader,eepro
2025-06-jack-jill-o-rama/novice-pro-follow-am-lead-j-j-novice,2025-06-jack-jill-o-rama/novice-pro-follow-am-lead-j-j-novice/L-323,2025-06-jack-jill-o-rama,unmatched,Bruno Kressmann and Bryn Anderson,,leader,eepro
2025-06-jack-jill-o-rama/novice-pro-follow-am-lead-j-j-novice,2025-06-jack-jill-o-rama/novice-pro-follow-am-lead-j-j-novice/L-338,2025-06-jack-jill-o-rama,probable,Mark Poole and Rachel Phelps,22686,leader,eepro
2025-06-jack-jill-o-rama/novice-pro-follow-am-lead-j-j-novice,2025-06-jack-jill-o-rama/novice-pro-follow-am-lead-j-j-novice/L-354,2025-06-jack-jill-o-rama,unmatched,Ruben Sison and Felicia Li,,leader,eepro
2025-06-jack-jill-o-rama/novice-pro-follow-am-lead-j-j-novice,2025-06-jack-jill-o-rama/novice-pro-follow-am-lead-j-j-novice/L-368,2025-06-jack-jill-o-rama,unmatched,Caden Reynolds and Elli Warner,,leader,eepro
2025-06-jack-jill-o-rama/novice-pro-follow-am-lead-j-j-novice,2025-06-jack-jill-o-rama/novice-pro-follow-am-lead-j-j-novice/L-378,2025-06-jack-jill-o-rama,unmatched,Bruce Leonard and Avery Isaacs,,leader,eepro
2025-06-jack-jill-o-rama/novice-pro-follow-am-lead-j-j-novice,2025-06-jack-jill-o-rama/novice-pro-follow-am-lead-j-j-novice/L-383,2025-06-jack-jill-o-rama,unmatched,Darshan Up and Liza Hillman,,leader,eepro
2025-06-jack-jill-o-rama/novice-pro-follow-am-lead-j-j-novice,2025-06-jack-jill-o-rama/novice-pro-follow-am-lead-j-j-novice/L-384,2025-06-jack-jill-o-rama,unmatched,Ethan Preble and Maria Ivanova,,leader,eepro
2025-06-jack-jill-o-rama/novice-pro-follow-am-lead-j-j-novice,2025-06-jack-jill-o-rama/novice-pro-follow-am-lead-j-j-novice/L-405,2025-06-jack-jill-o-rama,unmatched,Eugene Pun and Ashley Broussard,,leader,eepro
2025-06-jack-jill-o-rama/novice-pro-follow-am-lead-j-j-novice,2025-06-jack-jill-o-rama/novice-pro-follow-am-lead-j-j-novice/L-407,2025-06-jack-jill-o-rama,unmatched,Zoey Ho and Mara Flores,,leader,eepro
2025-06-jack-jill-o-rama/novice-pro-follow-am-lead-j-j-novice,2025-06-jack-jill-o-rama/novice-pro-follow-am-lead-j-j-novice/L-455,2025-06-jack-jill-o-rama,unmatched,David Amborn and Ariel Navarro,,leader,eepro
2025-06-jack-jill-o-rama/novice-pro-follow-am-lead-j-j-novice,2025-06-jack-jill-o-rama/novice-pro-follow-am-lead-j-j-novice/L-466,2025-06-jack-jill-o-rama,unmatched,Trevor Velasco and Taylor Linahan,,leader,eepro
2025-06-jack-jill-o-rama/novice-pro-follow-am-lead-j-j-novice,2025-06-jack-jill-o-rama/novice-pro-follow-am-lead-j-j-novice/L-470,2025-06-jack-jill-o-rama,unmatched,Erik Requejo and Shelbie McCree,,leader,eepro
2025-06-jack-jill-o-rama/novice-pro-follow-am-lead-j-j-novice,2025-06-jack-jill-o-rama/novice-pro-follow-am-lead-j-j-novice/L-481,2025-06-jack-jill-o-rama,unmatched,Hunter Swift and Cecily Livingston,,leader,eepro
2025-06-jack-jill-o-rama/novice-pro-follow-am-lead-j-j-novice,2025-06-jack-jill-o-rama/novice-pro-follow-am-lead-j-j-novice/L-491,2025-06-jack-jill-o-rama,unmatched,Leon Kong and Larisa Tingle,,leader,eepro
2025-06-jack-jill-o-rama/novice-pro-follow-am-lead-j-j-novice,2025-06-jack-jill-o-rama/novice-pro-follow-am-lead-j-j-novice/L-494,2025-06-jack-jill-o-rama,unmatched,Ryan Slagle and Exenia Rocco,,leader,eepro
2025-06-jack-jill-o-rama/novice-pro-follow-am-lead-j-j-novice,2025-06-jack-jill-o-rama/novice-pro-follow-am-lead-j-j-novice/L-499,2025-06-jack-jill-o-rama,unmatched,Anton Volodko and Margie Tuttle,,leader,eepro
2025-06-jack-jill-o-rama/novice-pro-follow-am-lead-j-j-novice,2025-06-jack-jill-o-rama/novice-pro-follow-am-lead-j-j-novice/L-5,2025-06-jack-jill-o-rama,unmatched,Jason Math and Anna Wallace,,leader,eepro
2025-06-jack-jill-o-rama/novice-pro-follow-am-lead-j-j-novice,2025-06-jack-jill-o-rama/novice-pro-follow-am-lead-j-j-novice/L-50,2025-06-jack-jill-o-rama,unmatched,Ryan Curtis and Savannah Harris-Read,,leader,eepro
2025-06-jack-jill-o-rama/novice-pro-follow-am-lead-j-j-novice,2025-06-jack-jill-o-rama/novice-pro-follow-am-lead-j-j-novice/L-508,2025-06-jack-jill-o-rama,unmatched,Hunter Bonny and Elizabeth Spann,,leader,eepro
2025-06-jack-jill-o-rama/novice-pro-follow-am-lead-j-j-novice,2025-06-jack-jill-o-rama/novice-pro-follow-am-lead-j-j-novice/L-515,2025-06-jack-jill-o-rama,unmatched,Keagan McClelland and Kristen Wallace,,leader,eepro
2025-06-jack-jill-o-rama/novice-pro-follow-am-lead-j-j-novice,2025-06-jack-jill-o-rama/novice-pro-follow-am-lead-j-j-novice/L-516,2025-06-jack-jill-o-rama,unmatched,Colton Kaiser and Debra Ramsey,,leader,eepro
2025-06-jack-jill-o-rama/novice-pro-follow-am-lead-j-j-novice,2025-06-jack-jill-o-rama/novice-pro-follow-am-lead-j-j-novice/L-519,2025-06-jack-jill-o-rama,unmatched,Wyatt Suit and Anna Wallace,,leader,eepro
2025-06-jack-jill-o-rama/novice-pro-follow-am-lead-j-j-novice,2025-06-jack-jill-o-rama/novice-pro-follow-am-lead-j-j-novice/L-559,2025-06-jack-jill-o-rama,unmatched,Calvin Cleveland and Elizabeth Wyke,,leader,eepro
2025-06-jack-jill-o-rama/novice-pro-follow-am-lead-j-j-novice,2025-06-jack-jill-o-rama/novice-pro-follow-am-lead-j-j-novice/L-56,2025-06-jack-jill-o-rama,unmatched,Sean Lee and Eunice Wong,,leader,eepro
2025-06-jack-jill-o-rama/novice-pro-follow-am-lead-j-j-novice,2025-06-jack-jill-o-rama/novice-pro-follow-am-lead-j-j-novice/L-562,2025-06-jack-jill-o-rama,unmatched,Kaemon Heureux and Katie Smiley,,leader,eepro
2025-06-jack-jill-o-rama/novice-pro-follow-am-lead-j-j-novice,2025-06-jack-jill-o-rama/novice-pro-follow-am-lead-j-j-novice/L-564,2025-06-jack-jill-o-rama,unmatched,Sidney Peng and Jade Bryan,,leader,eepro
2025-06-jack-jill-o-rama/novice-pro-follow-am-lead-j-j-novice,2025-06-jack-jill-o-rama/novice-pro-follow-am-lead-j-j-novice/L-568,2025-06-jack-jill-o-rama,unmatched,Jan Tu and Melissa Stirton,,leader,eepro
2025-06-jack-jill-o-rama/novice-pro-follow-am-lead-j-j-novice,2025-06-jack-jill-o-rama/novice-pro-follow-am-lead-j-j-novice/L-590,2025-06-jack-jill-o-rama,unmatched,Isaac Collins and Janelle Guido,,leader,eepro
2025-06-jack-jill-o-rama/novice-pro-follow-am-lead-j-j-novice,2025-06-jack-jill-o-rama/novice-pro-follow-am-lead-j-j-novice/L-601,2025-06-jack-jill-o-rama,unmatched,Chris Lui and Savannah Harris-Read,,leader,eepro
2025-06-jack-jill-o-rama/novice-pro-follow-am-lead-j-j-novice,2025-06-jack-jill-o-rama/novice-pro-follow-am-lead-j-j-novice/L-602,2025-06-jack-jill-o-rama,unmatched,Harrison Fang and Eunice Wong,,leader,eepro
2025-06-jack-jill-o-rama/novice-pro-follow-am-lead-j-j-novice,2025-06-jack-jill-o-rama/novice-pro-follow-am-lead-j-j-novice/L-604,2025-06-jack-jill-o-rama,unmatched,Allaine Delacruz and Amber O'Connell,,leader,eepro
2025-06-jack-jill-o-rama/novice-pro-follow-am-lead-j-j-novice,2025-06-jack-jill-o-rama/novice-pro-follow-am-lead-j-j-novice/L-605,2025-06-jack-jill-o-rama,unmatched,Tom Hogue and Emma Collyer,,leader,eepro
2025-06-jack-jill-o-rama/novice-pro-follow-am-lead-j-j-novice,2025-06-jack-jill-o-rama/novice-pro-follow-am-lead-j-j-novice/L-619,2025-06-jack-jill-o-rama,unmatched,Alison Gibson and Dalena Lee,,leader,eepro
2025-06-jack-jill-o-rama/novice-pro-follow-am-lead-j-j-novice,2025-06-jack-jill-o-rama/novice-pro-follow-am-lead-j-j-novice/L-649,2025-06-jack-jill-o-rama,unmatched,George Martin and Shanna Porcari,,leader,eepro
2025-06-jack-jill-o-rama/novice-pro-follow-am-lead-j-j-novice,2025-06-jack-jill-o-rama/novice-pro-follow-am-lead-j-j-novice/L-65,2025-06-jack-jill-o-rama,probable,Richard Chu and Amber O'Connell,19512,leader,eepro
2025-06-jack-jill-o-rama/novice-pro-follow-am-lead-j-j-novice,2025-06-jack-jill-o-rama/novice-pro-follow-am-lead-j-j-novice/L-651,2025-06-jack-jill-o-rama,unmatched,Robert Burtt and Elise Herman,,leader,eepro
2025-06-jack-jill-o-rama/novice-pro-follow-am-lead-j-j-novice,2025-06-jack-jill-o-rama/novice-pro-follow-am-lead-j-j-novice/L-66,2025-06-jack-jill-o-rama,unmatched,Devin Hoot and Emma Collyer,,leader,eepro
2025-06-jack-jill-o-rama/novice-pro-follow-am-lead-j-j-novice,2025-06-jack-jill-o-rama/novice-pro-follow-am-lead-j-j-novice/L-712,2025-06-jack-jill-o-rama,unmatched,Tucker von Holten and Laureen Baldovi,,leader,eepro
2025-06-jack-jill-o-rama/novice-pro-follow-am-lead-j-j-novice,2025-06-jack-jill-o-rama/novice-pro-follow-am-lead-j-j-novice/L-74,2025-06-jack-jill-o-rama,unmatched,Andrey Malevich and Dalena Lee,,leader,eepro
2025-06-jack-jill-o-rama/novice-pro-follow-am-lead-j-j-novice,2025-06-jack-jill-o-rama/novice-pro-follow-am-lead-j-j-novice/L-82,2025-06-jack-jill-o-rama,unmatched,Alex Leung and Shanna Porcari,,leader,eepro
2025-06-jack-jill-o-rama/novice-pro-follow-am-lead-j-j-novice,2025-06-jack-jill-o-rama/novice-pro-follow-am-lead-j-j-novice/L-91,2025-06-jack-jill-o-rama,unmatched,Brandon Haas and Elise Herman,,leader,eepro
2025-06-jack-jill-o-rama/novice-pro-follow-am-lead-j-j-novice,2025-06-jack-jill-o-rama/novice-pro-follow-am-lead-j-j-novice/L-93,2025-06-jack-jill-o-rama,unmatched,Macallan Savett and Laureen Baldovi,,leader,eepro
2025-06-jack-jill-o-rama/novice-pro-follow-am-lead-j-j-novice,2025-06-jack-jill-o-rama/novice-pro-follow-am-lead-j-j-novice/L-94,2025-06-jack-jill-o-rama,unmatched,Jess Wild and Shayla Bouise,,leader,eepro
2025-06-jack-jill-o-rama/novice-pro-lead-am-follow-j-j-novice,2025-06-jack-jill-o-rama/novice-pro-lead-am-follow-j-j-novice/L-114,2025-06-jack-jill-o-rama,unmatched,Cj Brookshire and Branden Strong,,leader,eepro
2025-06-jack-jill-o-rama/novice-pro-lead-am-follow-j-j-novice,2025-06-jack-jill-o-rama/novice-pro-lead-am-follow-j-j-novice/L-123,2025-06-jack-jill-o-rama,unmatched,Meirav Rotstein and Vincent van Mierlo,,leader,eepro
2025-06-jack-jill-o-rama/novice-pro-lead-am-follow-j-j-novice,2025-06-jack-jill-o-rama/novice-pro-lead-am-follow-j-j-novice/L-124,2025-06-jack-jill-o-rama,unmatched,Nina Chere Norgaard and Srikar Bhagavatula,,leader,eepro
2025-06-jack-jill-o-rama/novice-pro-lead-am-follow-j-j-novice,2025-06-jack-jill-o-rama/novice-pro-lead-am-follow-j-j-novice/L-140,2025-06-jack-jill-o-rama,unmatched,Tiffany Good and Keerigan Rudd,,leader,eepro
2025-06-jack-jill-o-rama/novice-pro-lead-am-follow-j-j-novice,2025-06-jack-jill-o-rama/novice-pro-lead-am-follow-j-j-novice/L-15,2025-06-jack-jill-o-rama,unmatched,Micail Samiere and Samuel Anspach,,leader,eepro
2025-06-jack-jill-o-rama/novice-pro-lead-am-follow-j-j-novice,2025-06-jack-jill-o-rama/novice-pro-lead-am-follow-j-j-novice/L-150,2025-06-jack-jill-o-rama,unmatched,Sierra Race and Zac Skinner,,leader,eepro
2025-06-jack-jill-o-rama/novice-pro-lead-am-follow-j-j-novice,2025-06-jack-jill-o-rama/novice-pro-lead-am-follow-j-j-novice/L-155,2025-06-jack-jill-o-rama,unmatched,Sarah Pickell and Guigo Sortica,,leader,eepro
2025-06-jack-jill-o-rama/novice-pro-lead-am-follow-j-j-novice,2025-06-jack-jill-o-rama/novice-pro-lead-am-follow-j-j-novice/L-161,2025-06-jack-jill-o-rama,unmatched,Elyse Byram and Thomas Carter,,leader,eepro
2025-06-jack-jill-o-rama/novice-pro-lead-am-follow-j-j-novice,2025-06-jack-jill-o-rama/novice-pro-lead-am-follow-j-j-novice/L-168,2025-06-jack-jill-o-rama,unmatched,Elizabeth Van Oosbree and Chris Uza,,leader,eepro
2025-06-jack-jill-o-rama/novice-pro-lead-am-follow-j-j-novice,2025-06-jack-jill-o-rama/novice-pro-lead-am-follow-j-j-novice/L-17,2025-06-jack-jill-o-rama,unmatched,Toni Watt and Kevin Kane,,leader,eepro
2025-06-jack-jill-o-rama/novice-pro-lead-am-follow-j-j-novice,2025-06-jack-jill-o-rama/novice-pro-lead-am-follow-j-j-novice/L-171,2025-06-jack-jill-o-rama,unmatched,Lori Byrd and Tuan Nguyen,,leader,eepro
2025-06-jack-jill-o-rama/novice-pro-lead-am-follow-j-j-novice,2025-06-jack-jill-o-rama/novice-pro-lead-am-follow-j-j-novice/L-178,2025-06-jack-jill-o-rama,unmatched,Cara Dawson and Andrew Sunada,,leader,eepro
2025-06-jack-jill-o-rama/novice-pro-lead-am-follow-j-j-novice,2025-06-jack-jill-o-rama/novice-pro-lead-am-follow-j-j-novice/L-18,2025-06-jack-jill-o-rama,unmatched,Salomon Alcantar and Trenten Jackson,,leader,eepro
2025-06-jack-jill-o-rama/novice-pro-lead-am-follow-j-j-novice,2025-06-jack-jill-o-rama/novice-pro-lead-am-follow-j-j-novice/L-190,2025-06-jack-jill-o-rama,unmatched,Erica Wienzveg and Deon Harrell,,leader,eepro
2025-06-jack-jill-o-rama/novice-pro-lead-am-follow-j-j-novice,2025-06-jack-jill-o-rama/novice-pro-lead-am-follow-j-j-novice/L-192,2025-06-jack-jill-o-rama,unmatched,Nhu Dang and Sebastian Quinones,,leader,eepro
2025-06-jack-jill-o-rama/novice-pro-lead-am-follow-j-j-novice,2025-06-jack-jill-o-rama/novice-pro-lead-am-follow-j-j-novice/L-217,2025-06-jack-jill-o-rama,unmatched,Jennifer Chen and Za Thomaier,,leader,eepro
2025-06-jack-jill-o-rama/novice-pro-lead-am-follow-j-j-novice,2025-06-jack-jill-o-rama/novice-pro-lead-am-follow-j-j-novice/L-219,2025-06-jack-jill-o-rama,unmatched,Caylin Knott and Omar Gonzalez,,leader,eepro
2025-06-jack-jill-o-rama/novice-pro-lead-am-follow-j-j-novice,2025-06-jack-jill-o-rama/novice-pro-lead-am-follow-j-j-novice/L-22,2025-06-jack-jill-o-rama,unmatched,Jenifer Manzo and Wingo,,leader,eepro
2025-06-jack-jill-o-rama/novice-pro-lead-am-follow-j-j-novice,2025-06-jack-jill-o-rama/novice-pro-lead-am-follow-j-j-novice/L-220,2025-06-jack-jill-o-rama,unmatched,Carolyn Davies and Austin Kois,,leader,eepro
2025-06-jack-jill-o-rama/novice-pro-lead-am-follow-j-j-novice,2025-06-jack-jill-o-rama/novice-pro-lead-am-follow-j-j-novice/L-221,2025-06-jack-jill-o-rama,unmatched,Morgan Kavanagh and Sam Vaden,,leader,eepro
2025-06-jack-jill-o-rama/novice-pro-lead-am-follow-j-j-novice,2025-06-jack-jill-o-rama/novice-pro-lead-am-follow-j-j-novice/L-23,2025-06-jack-jill-o-rama,unmatched,Brandie Charity and Kevin Rafter,,leader,eepro
2025-06-jack-jill-o-rama/novice-pro-lead-am-follow-j-j-novice,2025-06-jack-jill-o-rama/novice-pro-lead-am-follow-j-j-novice/L-230,2025-06-jack-jill-o-rama,unmatched,Linda Upite and Dillon Luther,,leader,eepro
2025-06-jack-jill-o-rama/novice-pro-lead-am-follow-j-j-novice,2025-06-jack-jill-o-rama/novice-pro-lead-am-follow-j-j-novice/L-231,2025-06-jack-jill-o-rama,unmatched,Kindra Stevens and Peter Yin,,leader,eepro
2025-06-jack-jill-o-rama/novice-pro-lead-am-follow-j-j-novice,2025-06-jack-jill-o-rama/novice-pro-lead-am-follow-j-j-novice/L-239,2025-06-jack-jill-o-rama,unmatched,Aaron Sy and Randell Livelo,,leader,eepro
2025-06-jack-jill-o-rama/novice-pro-lead-am-follow-j-j-novice,2025-06-jack-jill-o-rama/novice-pro-lead-am-follow-j-j-novice/L-24,2025-06-jack-jill-o-rama,unmatched,Paige Solano and Neil Joshi,,leader,eepro
2025-06-jack-jill-o-rama/novice-pro-lead-am-follow-j-j-novice,2025-06-jack-jill-o-rama/novice-pro-lead-am-follow-j-j-novice/L-247,2025-06-jack-jill-o-rama,unmatched,Sue Sohn and Joel Gibson,,leader,eepro
2025-06-jack-jill-o-rama/novice-pro-lead-am-follow-j-j-novice,2025-06-jack-jill-o-rama/novice-pro-lead-am-follow-j-j-novice/L-248,2025-06-jack-jill-o-rama,probable,Michelle Serame and Tony Schubert,26928,leader,eepro
2025-06-jack-jill-o-rama/novice-pro-lead-am-follow-j-j-novice,2025-06-jack-jill-o-rama/novice-pro-lead-am-follow-j-j-novice/L-266,2025-06-jack-jill-o-rama,unmatched,Nova Scott and Brian Sforzo,,leader,eepro
2025-06-jack-jill-o-rama/novice-pro-lead-am-follow-j-j-novice,2025-06-jack-jill-o-rama/novice-pro-lead-am-follow-j-j-novice/L-271,2025-06-jack-jill-o-rama,unmatched,Ashley Sill and Jason Taylor,,leader,eepro
2025-06-jack-jill-o-rama/novice-pro-lead-am-follow-j-j-novice,2025-06-jack-jill-o-rama/novice-pro-lead-am-follow-j-j-novice/L-29,2025-06-jack-jill-o-rama,unmatched,Jacquelyn Schirmacher and Gabriel Sebastian,,leader,eepro
2025-06-jack-jill-o-rama/novice-pro-lead-am-follow-j-j-novice,2025-06-jack-jill-o-rama/novice-pro-lead-am-follow-j-j-novice/L-292,2025-06-jack-jill-o-rama,unmatched,Rylee Gordon and Diego Rivera,,leader,eepro
2025-06-jack-jill-o-rama/novice-pro-lead-am-follow-j-j-novice,2025-06-jack-jill-o-rama/novice-pro-lead-am-follow-j-j-novice/L-293,2025-06-jack-jill-o-rama,unmatched,Trinity Bowden and Chris Low,,leader,eepro
2025-06-jack-jill-o-rama/novice-pro-lead-am-follow-j-j-novice,2025-06-jack-jill-o-rama/novice-pro-lead-am-follow-j-j-novice/L-303,2025-06-jack-jill-o-rama,unmatched,Kelsey Oertly and Matt Richey,,leader,eepro
2025-06-jack-jill-o-rama/novice-pro-lead-am-follow-j-j-novice,2025-06-jack-jill-o-rama/novice-pro-lead-am-follow-j-j-novice/L-317,2025-06-jack-jill-o-rama,unmatched,Jeffrey Wang and J Khayree Jones,,leader,eepro
2025-06-jack-jill-o-rama/novice-pro-lead-am-follow-j-j-novice,2025-06-jack-jill-o-rama/novice-pro-lead-am-follow-j-j-novice/L-319,2025-06-jack-jill-o-rama,unmatched,Kristina Bae and Rob I,,leader,eepro
2025-06-jack-jill-o-rama/novice-pro-lead-am-follow-j-j-novice,2025-06-jack-jill-o-rama/novice-pro-lead-am-follow-j-j-novice/L-332,2025-06-jack-jill-o-rama,unmatched,Marissa Goldenstein and Alex Kim,,leader,eepro
2025-06-jack-jill-o-rama/novice-pro-lead-am-follow-j-j-novice,2025-06-jack-jill-o-rama/novice-pro-lead-am-follow-j-j-novice/L-334,2025-06-jack-jill-o-rama,probable,Anna Guarino and David Carrington,14137,leader,eepro
2025-06-jack-jill-o-rama/novice-pro-lead-am-follow-j-j-novice,2025-06-jack-jill-o-rama/novice-pro-lead-am-follow-j-j-novice/L-341,2025-06-jack-jill-o-rama,unmatched,Isha Sakhalkar and David Deng,,leader,eepro
2025-06-jack-jill-o-rama/novice-pro-lead-am-follow-j-j-novice,2025-06-jack-jill-o-rama/novice-pro-lead-am-follow-j-j-novice/L-357,2025-06-jack-jill-o-rama,unmatched,Sarah Collins and KP Rutland,,leader,eepro
2025-06-jack-jill-o-rama/novice-pro-lead-am-follow-j-j-novice,2025-06-jack-jill-o-rama/novice-pro-lead-am-follow-j-j-novice/L-365,2025-06-jack-jill-o-rama,unmatched,Sydney Rae Blanke and Ryan Boz,,leader,eepro
2025-06-jack-jill-o-rama/novice-pro-lead-am-follow-j-j-novice,2025-06-jack-jill-o-rama/novice-pro-lead-am-follow-j-j-novice/L-375,2025-06-jack-jill-o-rama,unmatched,Carol Grago and Edem Attikese,,leader,eepro
2025-06-jack-jill-o-rama/novice-pro-lead-am-follow-j-j-novice,2025-06-jack-jill-o-rama/novice-pro-lead-am-follow-j-j-novice/L-393,2025-06-jack-jill-o-rama,unmatched,Janette Ly and Gary Thompson,,leader,eepro
2025-06-jack-jill-o-rama/novice-pro-lead-am-follow-j-j-novice,2025-06-jack-jill-o-rama/novice-pro-lead-am-follow-j-j-novice/L-400,2025-06-jack-jill-o-rama,unmatched,Jane Guo and Kyle Redd,,leader,eepro
2025-06-jack-jill-o-rama/novice-pro-lead-am-follow-j-j-novice,2025-06-jack-jill-o-rama/novice-pro-lead-am-follow-j-j-novice/L-406,2025-06-jack-jill-o-rama,unmatched,Stacia Martin and Aidan Keith-Hynes,,leader,eepro
2025-06-jack-jill-o-rama/novice-pro-lead-am-follow-j-j-novice,2025-06-jack-jill-o-rama/novice-pro-lead-am-follow-j-j-novice/L-409,2025-06-jack-jill-o-rama,unmatched,Sheri Quinn and Samuel Anspach,,leader,eepro
2025-06-jack-jill-o-rama/novice-pro-lead-am-follow-j-j-novice,2025-06-jack-jill-o-rama/novice-pro-lead-am-follow-j-j-novice/L-421,2025-06-jack-jill-o-rama,unmatched,Brandee Lamb and Kevin Kane,,leader,eepro
2025-06-jack-jill-o-rama/novice-pro-lead-am-follow-j-j-novice,2025-06-jack-jill-o-rama/novice-pro-lead-am-follow-j-j-novice/L-422,2025-06-jack-jill-o-rama,unmatched,Spencer Gyore and Trenten Jackson,,leader,eepro
2025-06-jack-jill-o-rama/novice-pro-lead-am-follow-j-j-novice,2025-06-jack-jill-o-rama/novice-pro-lead-am-follow-j-j-novice/L-424,2025-06-jack-jill-o-rama,unmatched,Haley Maiocchi and Wingo,,leader,eepro
2025-06-jack-jill-o-rama/novice-pro-lead-am-follow-j-j-novice,2025-06-jack-jill-o-rama/novice-pro-lead-am-follow-j-j-novice/L-425,2025-06-jack-jill-o-rama,unmatched,Elaine Dimal and Kevin Rafter,,leader,eepro
2025-06-jack-jill-o-rama/novice-pro-lead-am-follow-j-j-novice,2025-06-jack-jill-o-rama/novice-pro-lead-am-follow-j-j-novice/L-428,2025-06-jack-jill-o-rama,unmatched,Phyl Park and Neil Joshi,,leader,eepro
2025-06-jack-jill-o-rama/novice-pro-lead-am-follow-j-j-novice,2025-06-jack-jill-o-rama/novice-pro-lead-am-follow-j-j-novice/L-443,2025-06-jack-jill-o-rama,unmatched,Aubrey Jumonville and Gabriel Sebastian,,leader,eepro
2025-06-jack-jill-o-rama/novice-pro-lead-am-follow-j-j-novice,2025-06-jack-jill-o-rama/novice-pro-lead-am-follow-j-j-novice/L-45,2025-06-jack-jill-o-rama,unmatched,Sam Pollard and David Guido,,leader,eepro
2025-06-jack-jill-o-rama/novice-pro-lead-am-follow-j-j-novice,2025-06-jack-jill-o-rama/novice-pro-lead-am-follow-j-j-novice/L-462,2025-06-jack-jill-o-rama,unmatched,Amanda Langworthy and David Guido,,leader,eepro
2025-06-jack-jill-o-rama/novice-pro-lead-am-follow-j-j-novice,2025-06-jack-jill-o-rama/novice-pro-lead-am-follow-j-j-novice/L-463,2025-06-jack-jill-o-rama,unmatched,Yana Smith and Chase Warner,,leader,eepro
2025-06-jack-jill-o-rama/novice-pro-lead-am-follow-j-j-novice,2025-06-jack-jill-o-rama/novice-pro-lead-am-follow-j-j-novice/L-47,2025-06-jack-jill-o-rama,unmatched,Jessie Guo and Chase Warner,,leader,eepro
2025-06-jack-jill-o-rama/novice-pro-lead-am-follow-j-j-novice,2025-06-jack-jill-o-rama/novice-pro-lead-am-follow-j-j-novice/L-497,2025-06-jack-jill-o-rama,unmatched,Alexander Tanon and Conor McClure,,leader,eepro
2025-06-jack-jill-o-rama/novice-pro-lead-am-follow-j-j-novice,2025-06-jack-jill-o-rama/novice-pro-lead-am-follow-j-j-novice/L-51,2025-06-jack-jill-o-rama,unmatched,Katie Curtis and Conor McClure,,leader,eepro
2025-06-jack-jill-o-rama/novice-pro-lead-am-follow-j-j-novice,2025-06-jack-jill-o-rama/novice-pro-lead-am-follow-j-j-novice/L-528,2025-06-jack-jill-o-rama,unmatched,Millicent Jiang and Aaron Nuno,,leader,eepro
2025-06-jack-jill-o-rama/novice-pro-lead-am-follow-j-j-novice,2025-06-jack-jill-o-rama/novice-pro-lead-am-follow-j-j-novice/L-539,2025-06-jack-jill-o-rama,unmatched,Kim Kelch and Ben O'Neal,,leader,eepro
2025-06-jack-jill-o-rama/novice-pro-lead-am-follow-j-j-novice,2025-06-jack-jill-o-rama/novice-pro-lead-am-follow-j-j-novice/L-544,2025-06-jack-jill-o-rama,unmatched,Diego Brea and Tip West,,leader,eepro
2025-06-jack-jill-o-rama/novice-pro-lead-am-follow-j-j-novice,2025-06-jack-jill-o-rama/novice-pro-lead-am-follow-j-j-novice/L-555,2025-06-jack-jill-o-rama,unmatched,Pariya Tehrani and Omaid Karimi,,leader,eepro
2025-06-jack-jill-o-rama/novice-pro-lead-am-follow-j-j-novice,2025-06-jack-jill-o-rama/novice-pro-lead-am-follow-j-j-novice/L-563,2025-06-jack-jill-o-rama,unmatched,Kelly Szteinbaum and Paul Nunez,,leader,eepro
2025-06-jack-jill-o-rama/novice-pro-lead-am-follow-j-j-novice,2025-06-jack-jill-o-rama/novice-pro-lead-am-follow-j-j-novice/L-59,2025-06-jack-jill-o-rama,unmatched,Joslyn Butcher and Aaron Nuno,,leader,eepro
2025-06-jack-jill-o-rama/novice-pro-lead-am-follow-j-j-novice,2025-06-jack-jill-o-rama/novice-pro-lead-am-follow-j-j-novice/L-591,2025-06-jack-jill-o-rama,unmatched,Jennifer Hu and Barry Goh,,leader,eepro
2025-06-jack-jill-o-rama/novice-pro-lead-am-follow-j-j-novice,2025-06-jack-jill-o-rama/novice-pro-lead-am-follow-j-j-novice/L-599,2025-06-jack-jill-o-rama,unmatched,Annalise Charoonsophonsak and Michael Milgrom,,leader,eepro
2025-06-jack-jill-o-rama/novice-pro-lead-am-follow-j-j-novice,2025-06-jack-jill-o-rama/novice-pro-lead-am-follow-j-j-novice/L-60,2025-06-jack-jill-o-rama,unmatched,Maggie Silverman and Ben O'Neal,,leader,eepro
2025-06-jack-jill-o-rama/novice-pro-lead-am-follow-j-j-novice,2025-06-jack-jill-o-rama/novice-pro-lead-am-follow-j-j-novice/L-608,2025-06-jack-jill-o-rama,unmatched,Brian Nuyen and Branden Strong,,leader,eepro
2025-06-jack-jill-o-rama/novice-pro-lead-am-follow-j-j-novice,2025-06-jack-jill-o-rama/novice-pro-lead-am-follow-j-j-novice/L-609,2025-06-jack-jill-o-rama,unmatched,Babs Bunnie and Vincent van Mierlo,,leader,eepro
2025-06-jack-jill-o-rama/novice-pro-lead-am-follow-j-j-novice,2025-06-jack-jill-o-rama/novice-pro-lead-am-follow-j-j-novice/L-611,2025-06-jack-jill-o-rama,unmatched,Tom Tseng and Srikar Bhagavatula,,leader,eepro
2025-06-jack-jill-o-rama/novice-pro-lead-am-follow-j-j-novice,2025-06-jack-jill-o-rama/novice-pro-lead-am-follow-j-j-novice/L-62,2025-06-jack-jill-o-rama,unmatched,Dani Bitout and Tip West,,leader,eepro
2025-06-jack-jill-o-rama/novice-pro-lead-am-follow-j-j-novice,2025-06-jack-jill-o-rama/novice-pro-lead-am-follow-j-j-novice/L-632,2025-06-jack-jill-o-rama,unmatched,Reyna Shisbey and Keerigan Rudd,,leader,eepro
2025-06-jack-jill-o-rama/novice-pro-lead-am-follow-j-j-novice,2025-06-jack-jill-o-rama/novice-pro-lead-am-follow-j-j-novice/L-646,2025-06-jack-jill-o-rama,unmatched,Morgan Halstead and Zac Skinner,,leader,eepro
2025-06-jack-jill-o-rama/novice-pro-lead-am-follow-j-j-novice,2025-06-jack-jill-o-rama/novice-pro-lead-am-follow-j-j-novice/L-648,2025-06-jack-jill-o-rama,unmatched,Laurel Wong and Guigo Sortica,,leader,eepro
2025-06-jack-jill-o-rama/novice-pro-lead-am-follow-j-j-novice,2025-06-jack-jill-o-rama/novice-pro-lead-am-follow-j-j-novice/L-654,2025-06-jack-jill-o-rama,unmatched,Milan Yang and Thomas Carter,,leader,eepro
2025-06-jack-jill-o-rama/novice-pro-lead-am-follow-j-j-novice,2025-06-jack-jill-o-rama/novice-pro-lead-am-follow-j-j-novice/L-663,2025-06-jack-jill-o-rama,unmatched,Gayle Owen and Chris Uza,,leader,eepro
2025-06-jack-jill-o-rama/novice-pro-lead-am-follow-j-j-novice,2025-06-jack-jill-o-rama/novice-pro-lead-am-follow-j-j-novice/L-679,2025-06-jack-jill-o-rama,probable,Cathie Lucas and Tuan Nguyen,7664,leader,eepro
2025-06-jack-jill-o-rama/novice-pro-lead-am-follow-j-j-novice,2025-06-jack-jill-o-rama/novice-pro-lead-am-follow-j-j-novice/L-69,2025-06-jack-jill-o-rama,unmatched,Alexandra Piepenbrink and Omaid Karimi,,leader,eepro
2025-06-jack-jill-o-rama/novice-pro-lead-am-follow-j-j-novice,2025-06-jack-jill-o-rama/novice-pro-lead-am-follow-j-j-novice/L-728,2025-06-jack-jill-o-rama,unmatched,Shannon Switzer and Andrew Sunada,,leader,eepro
2025-06-jack-jill-o-rama/novice-pro-lead-am-follow-j-j-novice,2025-06-jack-jill-o-rama/novice-pro-lead-am-follow-j-j-novice/L-730,2025-06-jack-jill-o-rama,unmatched,Allison DeWeese-Sund and Deon Harrell,,leader,eepro
2025-06-jack-jill-o-rama/novice-pro-lead-am-follow-j-j-novice,2025-06-jack-jill-o-rama/novice-pro-lead-am-follow-j-j-novice/L-735,2025-06-jack-jill-o-rama,unmatched,Elisa Montgomery and Sebastian Quinones,,leader,eepro
2025-06-jack-jill-o-rama/novice-pro-lead-am-follow-j-j-novice,2025-06-jack-jill-o-rama/novice-pro-lead-am-follow-j-j-novice/L-736,2025-06-jack-jill-o-rama,unmatched,Jennifer cawelti and Za Thomaier,,leader,eepro
2025-06-jack-jill-o-rama/novice-pro-lead-am-follow-j-j-novice,2025-06-jack-jill-o-rama/novice-pro-lead-am-follow-j-j-novice/L-737,2025-06-jack-jill-o-rama,unmatched,Oksana Pariser and Omar Gonzalez,,leader,eepro
2025-06-jack-jill-o-rama/novice-pro-lead-am-follow-j-j-novice,2025-06-jack-jill-o-rama/novice-pro-lead-am-follow-j-j-novice/L-79,2025-06-jack-jill-o-rama,unmatched,Gabrielle Scott and Paul Nunez,,leader,eepro
2025-06-jack-jill-o-rama/novice-pro-lead-am-follow-j-j-novice,2025-06-jack-jill-o-rama/novice-pro-lead-am-follow-j-j-novice/L-80,2025-06-jack-jill-o-rama,unmatched,Taylor Le and Barry Goh,,leader,eepro
2025-06-jack-jill-o-rama/novice-pro-lead-am-follow-j-j-novice,2025-06-jack-jill-o-rama/novice-pro-lead-am-follow-j-j-novice/L-90,2025-06-jack-jill-o-rama,unmatched,Brittney McGetrick and Michael Milgrom,,leader,eepro
2025-06-jack-jill-o-rama/open-open-jackpot-j-j,2025-06-jack-jill-o-rama/open-open-jackpot-j-j/L-104,2025-06-jack-jill-o-rama,unmatched,Andrew Pifferini and Kerrie Odonnell,,leader,eepro
2025-06-jack-jill-o-rama/open-open-jackpot-j-j,2025-06-jack-jill-o-rama/open-open-jackpot-j-j/L-110,2025-06-jack-jill-o-rama,possible,Julian Waldburger and Mia Primavera,,leader,eepro
2025-06-jack-jill-o-rama/open-open-jackpot-j-j,2025-06-jack-jill-o-rama/open-open-jackpot-j-j/L-115,2025-06-jack-jill-o-rama,possible,Trenten Jackson and Elizabeth Wyke,,leader,eepro
2025-06-jack-jill-o-rama/open-open-jackpot-j-j,2025-06-jack-jill-o-rama/open-open-jackpot-j-j/L-116,2025-06-jack-jill-o-rama,unmatched,Wingo and Nadja Tessler,,leader,eepro
2025-06-jack-jill-o-rama/open-open-jackpot-j-j,2025-06-jack-jill-o-rama/open-open-jackpot-j-j/L-125,2025-06-jack-jill-o-rama,unmatched,Sam Salour and Cameo McHenry,,leader,eepro
2025-06-jack-jill-o-rama/open-open-jackpot-j-j,2025-06-jack-jill-o-rama/open-open-jackpot-j-j/L-130,2025-06-jack-jill-o-rama,possible,Filiberto Macias and Kristen Ott,,leader,eepro
2025-06-jack-jill-o-rama/open-open-jackpot-j-j,2025-06-jack-jill-o-rama/open-open-jackpot-j-j/L-151,2025-06-jack-jill-o-rama,unmatched,Jp Vaughan and Erica Wienzveg,,leader,eepro
2025-06-jack-jill-o-rama/open-open-jackpot-j-j,2025-06-jack-jill-o-rama/open-open-jackpot-j-j/L-153,2025-06-jack-jill-o-rama,unmatched,Keita Sumikawa and Celisse Hecq,,leader,eepro
2025-06-jack-jill-o-rama/open-open-jackpot-j-j,2025-06-jack-jill-o-rama/open-open-jackpot-j-j/L-154,2025-06-jack-jill-o-rama,possible,Eric Fernandez and Stacia Wilson,,leader,eepro
2025-06-jack-jill-o-rama/open-open-jackpot-j-j,2025-06-jack-jill-o-rama/open-open-jackpot-j-j/L-157,2025-06-jack-jill-o-rama,possible,Dario Haxhia and Valerie Valdez,,leader,eepro
2025-06-jack-jill-o-rama/open-open-jackpot-j-j,2025-06-jack-jill-o-rama/open-open-jackpot-j-j/L-158,2025-06-jack-jill-o-rama,possible,Scott Goodhart and Taylor Linahan,,leader,eepro
2025-06-jack-jill-o-rama/open-open-jackpot-j-j,2025-06-jack-jill-o-rama/open-open-jackpot-j-j/L-16,2025-06-jack-jill-o-rama,possible,Phillip Nicholson and Laura T Thompson,,leader,eepro
2025-06-jack-jill-o-rama/open-open-jackpot-j-j,2025-06-jack-jill-o-rama/open-open-jackpot-j-j/L-172,2025-06-jack-jill-o-rama,possible,Duane Erwin and Stephanie Dierks,,leader,eepro
2025-06-jack-jill-o-rama/open-open-jackpot-j-j,2025-06-jack-jill-o-rama/open-open-jackpot-j-j/L-18,2025-06-jack-jill-o-rama,possible,Salomon Alcantar and Danyah Bray,,leader,eepro
2025-06-jack-jill-o-rama/open-open-jackpot-j-j,2025-06-jack-jill-o-rama/open-open-jackpot-j-j/L-196,2025-06-jack-jill-o-rama,possible,Joseph Tong and Janie Deroche,,leader,eepro
2025-06-jack-jill-o-rama/open-open-jackpot-j-j,2025-06-jack-jill-o-rama/open-open-jackpot-j-j/L-198,2025-06-jack-jill-o-rama,possible,Gabriel Stawiecki and Savannah Harris-Read,,leader,eepro
2025-06-jack-jill-o-rama/open-open-jackpot-j-j,2025-06-jack-jill-o-rama/open-open-jackpot-j-j/L-2,2025-06-jack-jill-o-rama,possible,Aidan Keith-Hynes and Vita Zakhu,,leader,eepro
2025-06-jack-jill-o-rama/open-open-jackpot-j-j,2025-06-jack-jill-o-rama/open-open-jackpot-j-j/L-200,2025-06-jack-jill-o-rama,possible,Mathias Mendillo and Anna Wallace,,leader,eepro
2025-06-jack-jill-o-rama/open-open-jackpot-j-j,2025-06-jack-jill-o-rama/open-open-jackpot-j-j/L-222,2025-06-jack-jill-o-rama,possible,Neil Joshi and Eunice Wong,,leader,eepro
2025-06-jack-jill-o-rama/open-open-jackpot-j-j,2025-06-jack-jill-o-rama/open-open-jackpot-j-j/L-234,2025-06-jack-jill-o-rama,unmatched,David Guido and Margie Tuttle,,leader,eepro
2025-06-jack-jill-o-rama/open-open-jackpot-j-j,2025-06-jack-jill-o-rama/open-open-jackpot-j-j/L-237,2025-06-jack-jill-o-rama,possible,James Wyke and Morgan Hearrell,,leader,eepro
2025-06-jack-jill-o-rama/open-open-jackpot-j-j,2025-06-jack-jill-o-rama/open-open-jackpot-j-j/L-246,2025-06-jack-jill-o-rama,possible,Chase Warner and Shayla Bouise,,leader,eepro
2025-06-jack-jill-o-rama/open-open-jackpot-j-j,2025-06-jack-jill-o-rama/open-open-jackpot-j-j/L-251,2025-06-jack-jill-o-rama,possible,Brittney Bush and Dalena Lee,,leader,eepro
2025-06-jack-jill-o-rama/open-open-jackpot-j-j,2025-06-jack-jill-o-rama/open-open-jackpot-j-j/L-265,2025-06-jack-jill-o-rama,possible,Conor McClure and Sok Hui Tay,,leader,eepro
2025-06-jack-jill-o-rama/open-open-jackpot-j-j,2025-06-jack-jill-o-rama/open-open-jackpot-j-j/L-273,2025-06-jack-jill-o-rama,possible,Glenn Mccallum and Teveya West,,leader,eepro
2025-06-jack-jill-o-rama/open-open-jackpot-j-j,2025-06-jack-jill-o-rama/open-open-jackpot-j-j/L-274,2025-06-jack-jill-o-rama,possible,Julian Lee and Janelle Guido,,leader,eepro
2025-06-jack-jill-o-rama/open-open-jackpot-j-j,2025-06-jack-jill-o-rama/open-open-jackpot-j-j/L-299,2025-06-jack-jill-o-rama,possible,Aaron Nuno and Elise Holland,,leader,eepro
2025-06-jack-jill-o-rama/open-open-jackpot-j-j,2025-06-jack-jill-o-rama/open-open-jackpot-j-j/L-301,2025-06-jack-jill-o-rama,possible,Michael Barreto and Mia Pastor,,leader,eepro
2025-06-jack-jill-o-rama/open-open-jackpot-j-j,2025-06-jack-jill-o-rama/open-open-jackpot-j-j/L-302,2025-06-jack-jill-o-rama,possible,Vincent Meyer and Meirav Rotstein,,leader,eepro
2025-06-jack-jill-o-rama/open-open-jackpot-j-j,2025-06-jack-jill-o-rama/open-open-jackpot-j-j/L-307,2025-06-jack-jill-o-rama,possible,Tony Chen and Brittany Shakespear,,leader,eepro
2025-06-jack-jill-o-rama/open-open-jackpot-j-j,2025-06-jack-jill-o-rama/open-open-jackpot-j-j/L-312,2025-06-jack-jill-o-rama,possible,Jay Minn and Alesia Haxhia,,leader,eepro
2025-06-jack-jill-o-rama/open-open-jackpot-j-j,2025-06-jack-jill-o-rama/open-open-jackpot-j-j/L-315,2025-06-jack-jill-o-rama,possible,Ben O'Neal and Nicole Heuga,,leader,eepro
2025-06-jack-jill-o-rama/open-open-jackpot-j-j,2025-06-jack-jill-o-rama/open-open-jackpot-j-j/L-32,2025-06-jack-jill-o-rama,possible,Robert French and Louise Bretz,,leader,eepro
2025-06-jack-jill-o-rama/open-open-jackpot-j-j,2025-06-jack-jill-o-rama/open-open-jackpot-j-j/L-320,2025-06-jack-jill-o-rama,possible,Miguel Abdala and Laureen Baldovi,,leader,eepro
2025-06-jack-jill-o-rama/open-open-jackpot-j-j,2025-06-jack-jill-o-rama/open-open-jackpot-j-j/L-323,2025-06-jack-jill-o-rama,possible,Bruno Kressmann and Elizabeth Spann,,leader,eepro
2025-06-jack-jill-o-rama/open-open-jackpot-j-j,2025-06-jack-jill-o-rama/open-open-jackpot-j-j/L-325,2025-06-jack-jill-o-rama,possible,Michael Hassey and Alana Swift,,leader,eepro
2025-06-jack-jill-o-rama/open-open-jackpot-j-j,2025-06-jack-jill-o-rama/open-open-jackpot-j-j/L-327,2025-06-jack-jill-o-rama,possible,Jon Good and Brittani Risk,,leader,eepro
2025-06-jack-jill-o-rama/open-open-jackpot-j-j,2025-06-jack-jill-o-rama/open-open-jackpot-j-j/L-336,2025-06-jack-jill-o-rama,possible,Chase Henry and Samantha Tan,,leader,eepro
2025-06-jack-jill-o-rama/open-open-jackpot-j-j,2025-06-jack-jill-o-rama/open-open-jackpot-j-j/L-338,2025-06-jack-jill-o-rama,possible,Mark Poole and Debra Yockey,,leader,eepro
2025-06-jack-jill-o-rama/open-open-jackpot-j-j,2025-06-jack-jill-o-rama/open-open-jackpot-j-j/L-339,2025-06-jack-jill-o-rama,possible,Jacob LeBleu and Rachel Shook,,leader,eepro
2025-06-jack-jill-o-rama/open-open-jackpot-j-j,2025-06-jack-jill-o-rama/open-open-jackpot-j-j/L-34,2025-06-jack-jill-o-rama,possible,Jaden Pfeiffer and Carlie Liebrum,,leader,eepro
2025-06-jack-jill-o-rama/open-open-jackpot-j-j,2025-06-jack-jill-o-rama/open-open-jackpot-j-j/L-343,2025-06-jack-jill-o-rama,possible,Thibault Ramirez and Alamea Napuunoa,,leader,eepro
2025-06-jack-jill-o-rama/open-open-jackpot-j-j,2025-06-jack-jill-o-rama/open-open-jackpot-j-j/L-349,2025-06-jack-jill-o-rama,possible,Tip West and Hannah Guttman,,leader,eepro
2025-06-jack-jill-o-rama/open-open-jackpot-j-j,2025-06-jack-jill-o-rama/open-open-jackpot-j-j/L-35,2025-06-jack-jill-o-rama,possible,Kwangho Shin and Sam Pollard,,leader,eepro
2025-06-jack-jill-o-rama/open-open-jackpot-j-j,2025-06-jack-jill-o-rama/open-open-jackpot-j-j/L-354,2025-06-jack-jill-o-rama,unmatched,Ruben Sison and Rachel Phelps,,leader,eepro
2025-06-jack-jill-o-rama/open-open-jackpot-j-j,2025-06-jack-jill-o-rama/open-open-jackpot-j-j/L-356,2025-06-jack-jill-o-rama,possible,Harold Baker and Anni Hellwagen,,leader,eepro
2025-06-jack-jill-o-rama/open-open-jackpot-j-j,2025-06-jack-jill-o-rama/open-open-jackpot-j-j/L-367,2025-06-jack-jill-o-rama,possible,Tanin Kosol and Jessica Miller,,leader,eepro
2025-06-jack-jill-o-rama/open-open-jackpot-j-j,2025-06-jack-jill-o-rama/open-open-jackpot-j-j/L-382,2025-06-jack-jill-o-rama,possible,Barry Goh and Vanessa Valdez,,leader,eepro
2025-06-jack-jill-o-rama/open-open-jackpot-j-j,2025-06-jack-jill-o-rama/open-open-jackpot-j-j/L-390,2025-06-jack-jill-o-rama,possible,Branden Strong and Jasmine Mendiola,,leader,eepro
2025-06-jack-jill-o-rama/open-open-jackpot-j-j,2025-06-jack-jill-o-rama/open-open-jackpot-j-j/L-394,2025-06-jack-jill-o-rama,possible,Chaz Frankenberry and Mackenzie Goodmanson,,leader,eepro
2025-06-jack-jill-o-rama/open-open-jackpot-j-j,2025-06-jack-jill-o-rama/open-open-jackpot-j-j/L-401,2025-06-jack-jill-o-rama,possible,Eddie Nunez and Angela Nertney,,leader,eepro
2025-06-jack-jill-o-rama/open-open-jackpot-j-j,2025-06-jack-jill-o-rama/open-open-jackpot-j-j/L-402,2025-06-jack-jill-o-rama,possible,Keerigan Rudd and Christa Farmer,,leader,eepro
2025-06-jack-jill-o-rama/open-open-jackpot-j-j,2025-06-jack-jill-o-rama/open-open-jackpot-j-j/L-403,2025-06-jack-jill-o-rama,possible,Erich Kramer and Jennifer Hu,,leader,eepro
2025-06-jack-jill-o-rama/open-open-jackpot-j-j,2025-06-jack-jill-o-rama/open-open-jackpot-j-j/L-413,2025-06-jack-jill-o-rama,possible,Nicoli Liedtke and Beatrix Teng,,leader,eepro
2025-06-jack-jill-o-rama/open-open-jackpot-j-j,2025-06-jack-jill-o-rama/open-open-jackpot-j-j/L-415,2025-06-jack-jill-o-rama,possible,Egan Anselmo and Briahn Witkoff,,leader,eepro
2025-06-jack-jill-o-rama/open-open-jackpot-j-j,2025-06-jack-jill-o-rama/open-open-jackpot-j-j/L-422,2025-06-jack-jill-o-rama,probable,Spencer Gyore and Phoenix Grey,23787,leader,eepro
2025-06-jack-jill-o-rama/open-open-jackpot-j-j,2025-06-jack-jill-o-rama/open-open-jackpot-j-j/L-434,2025-06-jack-jill-o-rama,possible,Audrey Hoo and Nicole Ramirez,,leader,eepro
2025-06-jack-jill-o-rama/open-open-jackpot-j-j,2025-06-jack-jill-o-rama/open-open-jackpot-j-j/L-438,2025-06-jack-jill-o-rama,possible,Zac Skinner and Inna Stetsiak,,leader,eepro
2025-06-jack-jill-o-rama/open-open-jackpot-j-j,2025-06-jack-jill-o-rama/open-open-jackpot-j-j/L-441,2025-06-jack-jill-o-rama,possible,Tze Yi Wee and Corinne Smith,,leader,eepro
2025-06-jack-jill-o-rama/open-open-jackpot-j-j,2025-06-jack-jill-o-rama/open-open-jackpot-j-j/L-444,2025-06-jack-jill-o-rama,possible,Andrew Son and Morgan Halstead,,leader,eepro
2025-06-jack-jill-o-rama/open-open-jackpot-j-j,2025-06-jack-jill-o-rama/open-open-jackpot-j-j/L-450,2025-06-jack-jill-o-rama,probable,Paiton Hebert and Rachel Holdren,9139,leader,eepro
2025-06-jack-jill-o-rama/open-open-jackpot-j-j,2025-06-jack-jill-o-rama/open-open-jackpot-j-j/L-461,2025-06-jack-jill-o-rama,unmatched,Jesse Sanchez and Kim Kelch,,leader,eepro
2025-06-jack-jill-o-rama/open-open-jackpot-j-j,2025-06-jack-jill-o-rama/open-open-jackpot-j-j/L-477,2025-06-jack-jill-o-rama,possible,Will Zhang and Henni Liang,,leader,eepro
2025-06-jack-jill-o-rama/open-open-jackpot-j-j,2025-06-jack-jill-o-rama/open-open-jackpot-j-j/L-478,2025-06-jack-jill-o-rama,unmatched,Chase Yandell and Jade Ruiz,,leader,eepro
2025-06-jack-jill-o-rama/open-open-jackpot-j-j,2025-06-jack-jill-o-rama/open-open-jackpot-j-j/L-479,2025-06-jack-jill-o-rama,possible,Himanshu Paul and Maddy Skinner,,leader,eepro
2025-06-jack-jill-o-rama/open-open-jackpot-j-j,2025-06-jack-jill-o-rama/open-open-jackpot-j-j/L-484,2025-06-jack-jill-o-rama,possible,Ryan Maldonado and Fiona Callaghan,,leader,eepro
2025-06-jack-jill-o-rama/open-open-jackpot-j-j,2025-06-jack-jill-o-rama/open-open-jackpot-j-j/L-488,2025-06-jack-jill-o-rama,possible,Chris Uza and Emily Schubert,,leader,eepro
2025-06-jack-jill-o-rama/open-open-jackpot-j-j,2025-06-jack-jill-o-rama/open-open-jackpot-j-j/L-49,2025-06-jack-jill-o-rama,probable,Matthew Snook and Shelby Evans,10916,leader,eepro
2025-06-jack-jill-o-rama/open-open-jackpot-j-j,2025-06-jack-jill-o-rama/open-open-jackpot-j-j/L-490,2025-06-jack-jill-o-rama,possible,Spencer Spiegel and Wendy Allen,,leader,eepro
2025-06-jack-jill-o-rama/open-open-jackpot-j-j,2025-06-jack-jill-o-rama/open-open-jackpot-j-j/L-490.1,2025-06-jack-jill-o-rama,possible,Spencer speigel and Exenia Rocco,,leader,eepro
2025-06-jack-jill-o-rama/open-open-jackpot-j-j,2025-06-jack-jill-o-rama/open-open-jackpot-j-j/L-492,2025-06-jack-jill-o-rama,possible,Bobby Martinez and Janette Ly,,leader,eepro
2025-06-jack-jill-o-rama/open-open-jackpot-j-j,2025-06-jack-jill-o-rama/open-open-jackpot-j-j/L-493,2025-06-jack-jill-o-rama,possible,Sheldon John and Nicole Sylvester,,leader,eepro
2025-06-jack-jill-o-rama/open-open-jackpot-j-j,2025-06-jack-jill-o-rama/open-open-jackpot-j-j/L-496,2025-06-jack-jill-o-rama,possible,Jared Cogswell and Irina Amzashvili,,leader,eepro
2025-06-jack-jill-o-rama/open-open-jackpot-j-j,2025-06-jack-jill-o-rama/open-open-jackpot-j-j/L-499,2025-06-jack-jill-o-rama,possible,Anton Volodko and Sarah Rempel,,leader,eepro
2025-06-jack-jill-o-rama/open-open-jackpot-j-j,2025-06-jack-jill-o-rama/open-open-jackpot-j-j/L-500,2025-06-jack-jill-o-rama,possible,Zitai huang and Brandi Guild,,leader,eepro
2025-06-jack-jill-o-rama/open-open-jackpot-j-j,2025-06-jack-jill-o-rama/open-open-jackpot-j-j/L-510,2025-06-jack-jill-o-rama,possible,Robert Royston and Anastasia Mysina,,leader,eepro
2025-06-jack-jill-o-rama/open-open-jackpot-j-j,2025-06-jack-jill-o-rama/open-open-jackpot-j-j/L-516,2025-06-jack-jill-o-rama,possible,Colton Kaiser and Danielle Neal,,leader,eepro
2025-06-jack-jill-o-rama/open-open-jackpot-j-j,2025-06-jack-jill-o-rama/open-open-jackpot-j-j/L-52,2025-06-jack-jill-o-rama,unmatched,Igor Laryukhin and Paige Solano,,leader,eepro
2025-06-jack-jill-o-rama/open-open-jackpot-j-j,2025-06-jack-jill-o-rama/open-open-jackpot-j-j/L-523,2025-06-jack-jill-o-rama,unmatched,Alexander Nguyen and Oksana Pariser,,leader,eepro
2025-06-jack-jill-o-rama/open-open-jackpot-j-j,2025-06-jack-jill-o-rama/open-open-jackpot-j-j/L-525,2025-06-jack-jill-o-rama,possible,Justin Kereszturi and Kelly Wright,,leader,eepro
2025-06-jack-jill-o-rama/open-open-jackpot-j-j,2025-06-jack-jill-o-rama/open-open-jackpot-j-j/L-549,2025-06-jack-jill-o-rama,possible,Deon Harrell and Melissa Stirton,,leader,eepro
2025-06-jack-jill-o-rama/open-open-jackpot-j-j,2025-06-jack-jill-o-rama/open-open-jackpot-j-j/L-55,2025-06-jack-jill-o-rama,possible,Elijah Pitt-Gryaznov and Shanna Porcari,,leader,eepro
2025-06-jack-jill-o-rama/open-open-jackpot-j-j,2025-06-jack-jill-o-rama/open-open-jackpot-j-j/L-551,2025-06-jack-jill-o-rama,possible,Sebastian Quinones and Olivia Burnsed,,leader,eepro
2025-06-jack-jill-o-rama/open-open-jackpot-j-j,2025-06-jack-jill-o-rama/open-open-jackpot-j-j/L-559,2025-06-jack-jill-o-rama,possible,Calvin Cleveland and Kylee Patterson,,leader,eepro
2025-06-jack-jill-o-rama/open-open-jackpot-j-j,2025-06-jack-jill-o-rama/open-open-jackpot-j-j/L-562,2025-06-jack-jill-o-rama,possible,Kaemon Heureux and Amber O'Connell,,leader,eepro
2025-06-jack-jill-o-rama/open-open-jackpot-j-j,2025-06-jack-jill-o-rama/open-open-jackpot-j-j/L-567,2025-06-jack-jill-o-rama,possible,Za Thomaier and Adele Strub,,leader,eepro
2025-06-jack-jill-o-rama/open-open-jackpot-j-j,2025-06-jack-jill-o-rama/open-open-jackpot-j-j/L-569,2025-06-jack-jill-o-rama,unmatched,Shawn Clark and Debra Ramsey,,leader,eepro
2025-06-jack-jill-o-rama/open-open-jackpot-j-j,2025-06-jack-jill-o-rama/open-open-jackpot-j-j/L-574,2025-06-jack-jill-o-rama,unmatched,Omar Gonzalez and Giulia Kohlrusch,,leader,eepro
2025-06-jack-jill-o-rama/open-open-jackpot-j-j,2025-06-jack-jill-o-rama/open-open-jackpot-j-j/L-578,2025-06-jack-jill-o-rama,possible,Austin Kois and Alexandria Bennett,,leader,eepro
2025-06-jack-jill-o-rama/open-open-jackpot-j-j,2025-06-jack-jill-o-rama/open-open-jackpot-j-j/L-584,2025-06-jack-jill-o-rama,possible,Sam Vaden and Tiffany Good,,leader,eepro
2025-06-jack-jill-o-rama/open-open-jackpot-j-j,2025-06-jack-jill-o-rama/open-open-jackpot-j-j/L-586,2025-06-jack-jill-o-rama,unmatched,Dillon Luther and Jungeun Youn,,leader,eepro
2025-06-jack-jill-o-rama/open-open-jackpot-j-j,2025-06-jack-jill-o-rama/open-open-jackpot-j-j/L-590,2025-06-jack-jill-o-rama,possible,Isaac Collins and Milan Yang,,leader,eepro
2025-06-jack-jill-o-rama/open-open-jackpot-j-j,2025-06-jack-jill-o-rama/open-open-jackpot-j-j/L-591.,2025-06-jack-jill-o-rama,possible,Peter Yin and Ashlee Dickinson,,leader,eepro
2025-06-jack-jill-o-rama/open-open-jackpot-j-j,2025-06-jack-jill-o-rama/open-open-jackpot-j-j/L-594,2025-06-jack-jill-o-rama,probable,Peter Yin and Sonyeo Yun,12670,leader,eepro
2025-06-jack-jill-o-rama/open-open-jackpot-j-j,2025-06-jack-jill-o-rama/open-open-jackpot-j-j/L-603,2025-06-jack-jill-o-rama,possible,Randell Livelo and Burgundy Weathersbee,,leader,eepro
2025-06-jack-jill-o-rama/open-open-jackpot-j-j,2025-06-jack-jill-o-rama/open-open-jackpot-j-j/L-614,2025-06-jack-jill-o-rama,possible,Sean Carney and Jessica Greene,,leader,eepro
2025-06-jack-jill-o-rama/open-open-jackpot-j-j,2025-06-jack-jill-o-rama/open-open-jackpot-j-j/L-616,2025-06-jack-jill-o-rama,possible,Christopher Ellwood and Lisa M Picard,,leader,eepro
2025-06-jack-jill-o-rama/open-open-jackpot-j-j,2025-06-jack-jill-o-rama/open-open-jackpot-j-j/L-618,2025-06-jack-jill-o-rama,unmatched,Joel Gibson and Tally Tam,,leader,eepro
2025-06-jack-jill-o-rama/open-open-jackpot-j-j,2025-06-jack-jill-o-rama/open-open-jackpot-j-j/L-621,2025-06-jack-jill-o-rama,unmatched,Shane Russell and Katie Smiley,,leader,eepro
2025-06-jack-jill-o-rama/open-open-jackpot-j-j,2025-06-jack-jill-o-rama/open-open-jackpot-j-j/L-624,2025-06-jack-jill-o-rama,possible,Brian Sforzo and Sarah Faith Kim,,leader,eepro
2025-06-jack-jill-o-rama/open-open-jackpot-j-j,2025-06-jack-jill-o-rama/open-open-jackpot-j-j/L-634,2025-06-jack-jill-o-rama,possible,Pete Castro and Katelyn Brady,,leader,eepro
2025-06-jack-jill-o-rama/open-open-jackpot-j-j,2025-06-jack-jill-o-rama/open-open-jackpot-j-j/L-640,2025-06-jack-jill-o-rama,possible,Woody Bretz and Larisa Tingle,,leader,eepro
2025-06-jack-jill-o-rama/open-open-jackpot-j-j,2025-06-jack-jill-o-rama/open-open-jackpot-j-j/L-644,2025-06-jack-jill-o-rama,possible,Diego Rivera and Ashley Smith,,leader,eepro
2025-06-jack-jill-o-rama/open-open-jackpot-j-j,2025-06-jack-jill-o-rama/open-open-jackpot-j-j/L-653,2025-06-jack-jill-o-rama,possible,Chris Low and Judith Asem,,leader,eepro
2025-06-jack-jill-o-rama/open-open-jackpot-j-j,2025-06-jack-jill-o-rama/open-open-jackpot-j-j/L-655,2025-06-jack-jill-o-rama,possible,Victor Chen and Elli Haugen,,leader,eepro
2025-06-jack-jill-o-rama/open-open-jackpot-j-j,2025-06-jack-jill-o-rama/open-open-jackpot-j-j/L-657,2025-06-jack-jill-o-rama,possible,Matt Richey and Elise Herman,,leader,eepro
2025-06-jack-jill-o-rama/open-open-jackpot-j-j,2025-06-jack-jill-o-rama/open-open-jackpot-j-j/L-659,2025-06-jack-jill-o-rama,possible,Ben McHenry and Krista Young,,leader,eepro
2025-06-jack-jill-o-rama/open-open-jackpot-j-j,2025-06-jack-jill-o-rama/open-open-jackpot-j-j/L-665,2025-06-jack-jill-o-rama,possible,J Khayree Jones and Alexandra Hopper,,leader,eepro
2025-06-jack-jill-o-rama/open-open-jackpot-j-j,2025-06-jack-jill-o-rama/open-open-jackpot-j-j/L-666,2025-06-jack-jill-o-rama,possible,KP Rutland and Kayla Coghlan,,leader,eepro
2025-06-jack-jill-o-rama/open-open-jackpot-j-j,2025-06-jack-jill-o-rama/open-open-jackpot-j-j/L-667,2025-06-jack-jill-o-rama,possible,Everest and Jennifer Chen,,leader,eepro
2025-06-jack-jill-o-rama/open-open-jackpot-j-j,2025-06-jack-jill-o-rama/open-open-jackpot-j-j/L-669,2025-06-jack-jill-o-rama,possible,Joel Jimenez and Kat Dachniwsky,,leader,eepro
2025-06-jack-jill-o-rama/open-open-jackpot-j-j,2025-06-jack-jill-o-rama/open-open-jackpot-j-j/L-671,2025-06-jack-jill-o-rama,possible,Joel Guy and Tia Taylor,,leader,eepro
2025-06-jack-jill-o-rama/open-open-jackpot-j-j,2025-06-jack-jill-o-rama/open-open-jackpot-j-j/L-675,2025-06-jack-jill-o-rama,possible,Brad Whelan and Lindsay Becerra,,leader,eepro
2025-06-jack-jill-o-rama/open-open-jackpot-j-j,2025-06-jack-jill-o-rama/open-open-jackpot-j-j/L-700,2025-06-jack-jill-o-rama,possible,Ryan Boz and Alex Raposo,,leader,eepro
2025-06-jack-jill-o-rama/open-open-jackpot-j-j,2025-06-jack-jill-o-rama/open-open-jackpot-j-j/L-701,2025-06-jack-jill-o-rama,possible,Brandon Julian and Julie Winspear,,leader,eepro
2025-06-jack-jill-o-rama/open-open-jackpot-j-j,2025-06-jack-jill-o-rama/open-open-jackpot-j-j/L-702,2025-06-jack-jill-o-rama,possible,Christopher Chung and Sarah Hightower,,leader,eepro
2025-06-jack-jill-o-rama/open-open-jackpot-j-j,2025-06-jack-jill-o-rama/open-open-jackpot-j-j/L-77,2025-06-jack-jill-o-rama,probable,Jung Choe and Kathie Castro,9837,leader,eepro
2025-06-jack-jill-o-rama/open-open-jackpot-j-j,2025-06-jack-jill-o-rama/open-open-jackpot-j-j/L-8,2025-06-jack-jill-o-rama,possible,Samuel Anspach and Gaby Sandoval,,leader,eepro
2025-06-jack-jill-o-rama/open-open-jackpot-j-j,2025-06-jack-jill-o-rama/open-open-jackpot-j-j/L-88,2025-06-jack-jill-o-rama,possible,Edgar Acosta and Amanda Ho,,leader,eepro
2025-06-jack-jill-o-rama/open-open-jackpot-j-j,2025-06-jack-jill-o-rama/open-open-jackpot-j-j/L-9,2025-06-jack-jill-o-rama,possible,Juan Aguirre and Ellis Permann,,leader,eepro
2025-06-jack-jill-o-rama/open-open-jackpot-j-j,2025-06-jack-jill-o-rama/open-open-jackpot-j-j/L-91,2025-06-jack-jill-o-rama,possible,Brandon Haas and Gabrielle Scott,,leader,eepro
2025-06-jack-jill-o-rama/open-open-jackpot-j-j,2025-06-jack-jill-o-rama/open-open-jackpot-j-j/L-92,2025-06-jack-jill-o-rama,unmatched,Henry Phan and Fumiko Jenkins,,leader,eepro
2025-06-jack-jill-o-rama/open-open-jackpot-j-j,2025-06-jack-jill-o-rama/open-open-jackpot-j-j/L-93,2025-06-jack-jill-o-rama,possible,Macallan Savett and Nataliya Kane,,leader,eepro
2025-06-jack-jill-o-rama/open-open-jackpot-j-j,2025-06-jack-jill-o-rama/open-open-jackpot-j-j/L-95,2025-06-jack-jill-o-rama,probable,Kevin Kane and Elaine Dimal,21607,leader,eepro
2025-06-liberty-swing/open-pro-am,2025-06-liberty-swing/open-pro-am/L-178,2025-06-liberty-swing,probable,Sam Smith and Arjay Centeno,2832,leader,eepro
2025-06-liberty-swing/open-pro-am,2025-06-liberty-swing/open-pro-am/L-187,2025-06-liberty-swing,probable,Daniella Robichaud and Markus Smith,5103,leader,eepro
2025-06-liberty-swing/open-pro-am,2025-06-liberty-swing/open-pro-am/L-378,2025-06-liberty-swing,possible,Igor Laryukhin and Anna Wallace,,leader,eepro
2025-06-liberty-swing/open-pro-am,2025-06-liberty-swing/open-pro-am/L-390,2025-06-liberty-swing,unmatched,Christa Eppinghaus and Markus Smith,,leader,eepro
2025-06-liberty-swing/open-pro-am,2025-06-liberty-swing/open-pro-am/L-426,2025-06-liberty-swing,probable,Leiya Crosbie and Paul Warden,5460,leader,eepro
2025-06-liberty-swing/open-pro-am,2025-06-liberty-swing/open-pro-am/L-434,2025-06-liberty-swing,probable,Ellis Permann and Jonathan Wolfgram,18451,leader,eepro
2025-06-liberty-swing/open-pro-am,2025-06-liberty-swing/open-pro-am/L-name-kelsey-buckley-and-markus-smith,2025-06-liberty-swing,unmatched,Kelsey Buckley and Markus Smith,,leader,eepro
2025-06-liberty-swing/rising-star,2025-06-liberty-swing/rising-star/L-115,2025-06-liberty-swing,probable,Ilon Weeldreyer and Gaia Read,16292,leader,eepro
2025-06-liberty-swing/rising-star,2025-06-liberty-swing/rising-star/L-148,2025-06-liberty-swing,probable,Keith Stremmel and Debbie Adams,13910,leader,eepro
2025-06-liberty-swing/rising-star,2025-06-liberty-swing/rising-star/L-217,2025-06-liberty-swing,probable,Trenten Jackson and Haley Hauglum,13528,leader,eepro
2025-06-liberty-swing/rising-star,2025-06-liberty-swing/rising-star/L-224,2025-06-liberty-swing,probable,Ben Dobson and Jillian Carroll,19138,leader,eepro
2025-06-liberty-swing/rising-star,2025-06-liberty-swing/rising-star/L-528,2025-06-liberty-swing,probable,Jeffrey Bragg and Rebecca Menon,16186,leader,eepro
2025-06-liberty-swing/sophisticated-pro-am,2025-06-liberty-swing/sophisticated-pro-am/L-267,2025-06-liberty-swing,probable,Wendall McClellan and Lara Deni,4033,leader,eepro
2025-06-liberty-swing/sophisticated-pro-am,2025-06-liberty-swing/sophisticated-pro-am/L-448,2025-06-liberty-swing,unmatched,Michele Fischer and Robert Royston,,leader,eepro
2025-06-liberty-swing/sophisticated-pro-am,2025-06-liberty-swing/sophisticated-pro-am/L-649,2025-06-liberty-swing,probable,Kevin Spahr and Isabelle Roy,10895,leader,eepro
2025-06-liberty-swing/sophisticated-pro-am,2025-06-liberty-swing/sophisticated-pro-am/L-681,2025-06-liberty-swing,unmatched,Isabel DiSciullo and Markus Smith,,leader,eepro
2025-06-michigan-classic/pro-am-nov,2025-06-michigan-classic/pro-am-nov/L-343,2025-06-michigan-classic,probable,James Goepel and Julie Auclair,11308,leader,eepro
2025-06-michigan-classic/pro-am-nov,2025-06-michigan-classic/pro-am-nov/L-376,2025-06-michigan-classic,unmatched,Jennifer Schanaberger and Matt Auclair,,leader,eepro
2025-06-michigan-classic/pro-am-nov,2025-06-michigan-classic/pro-am-nov/L-380,2025-06-michigan-classic,unmatched,Tobi Oberman and Matt Auclair,,leader,eepro
2025-06-orange-blossom/intermediate-strictly-follower-pro-am-open,2025-06-orange-blossom/intermediate-strictly-follower-pro-am-open/F-516,2025-06-orange-blossom,unmatched,EMMA CHARLOTTE YOUNG and GARY JOBST,,follower,eepro
2025-06-orange-blossom/intermediate-strictly-follower-pro-am-open,2025-06-orange-blossom/intermediate-strictly-follower-pro-am-open/F-551,2025-06-orange-blossom,unmatched,HANNAH GINSBURG and SHAWN MCGETTIGAN,,follower,eepro
2025-06-orange-blossom/intermediate-strictly-follower-pro-am-open,2025-06-orange-blossom/intermediate-strictly-follower-pro-am-open/F-616,2025-06-orange-blossom,unmatched,LYNN TELZER and SHAWN MCGETTIGAN,,follower,eepro
2025-06-orange-blossom/intermediate-strictly-follower-pro-am-open,2025-06-orange-blossom/intermediate-strictly-follower-pro-am-open/F-717,2025-06-orange-blossom,unmatched,CRISTEN APPLETON and HUGO MIGUEZ,,follower,eepro
2025-06-orange-blossom/newcomer-strictly-follower-pro-am-open,2025-06-orange-blossom/newcomer-strictly-follower-pro-am-open/F-522,2025-06-orange-blossom,unmatched,MARA LOBIANCO and NICKI CACCIATO,,follower,eepro
2025-06-orange-blossom/newcomer-strictly-follower-pro-am-open,2025-06-orange-blossom/newcomer-strictly-follower-pro-am-open/F-698,2025-06-orange-blossom,unmatched,JORDAN POWELL and SHAWN MCGETTIGAN,,follower,eepro
2025-06-orange-blossom/newcomer-strictly-follower-pro-am-open,2025-06-orange-blossom/newcomer-strictly-follower-pro-am-open/F-734,2025-06-orange-blossom,unmatched,STEPHANIE MCKINLEY and GARY JOBST,,follower,eepro
2025-06-orange-blossom/novice-strictly-follower-pro-am-open,2025-06-orange-blossom/novice-strictly-follower-pro-am-open/F-697,2025-06-orange-blossom,unmatched,EMILY BAPTISTA and GARY JOBST,,follower,eepro
2025-06-orange-blossom/novice-strictly-leader-pro-am-open,2025-06-orange-blossom/novice-strictly-leader-pro-am-open/L-692,2025-06-orange-blossom,unmatched,EMILIA JASKOT and ZARVELL LEWIS,,leader,eepro
2025-07-dance-mardi-gras/masters-novice-strictly-leader-proam-50,2025-07-dance-mardi-gras/masters-novice-strictly-leader-proam-50/L-133,2025-07-dance-mardi-gras,unmatched,Cliff Housego and Maryann Harvey,,leader,eepro
2025-07-dance-mardi-gras/newcomer-strictly-follower-proam-open-18,2025-07-dance-mardi-gras/newcomer-strictly-follower-proam-open-18/F-244,2025-07-dance-mardi-gras,unmatched,Tara Dixon and Bryan Jordan,,follower,eepro
2025-07-dance-mardi-gras/newcomer-strictly-follower-proam-open-18,2025-07-dance-mardi-gras/newcomer-strictly-follower-proam-open-18/F-280,2025-07-dance-mardi-gras,unmatched,Madeleine LeBeau and Bryan Jordan,,follower,eepro
2025-07-dance-mardi-gras/newcomer-strictly-follower-proam-open-18,2025-07-dance-mardi-gras/newcomer-strictly-follower-proam-open-18/F-290,2025-07-dance-mardi-gras,unmatched,Dana Bourque and Bryan Jordan,,follower,eepro
2025-07-dance-mardi-gras/novice-strictly-follower-proam-open-18,2025-07-dance-mardi-gras/novice-strictly-follower-proam-open-18/F-214,2025-07-dance-mardi-gras,unmatched,Pamela Peck and Glenn Ball,,follower,eepro
2025-07-dance-mardi-gras/novice-strictly-leader-proam-open-18,2025-07-dance-mardi-gras/novice-strictly-leader-proam-open-18/L-149,2025-07-dance-mardi-gras,unmatched,Eric Gingrow and Tammy Duke,,leader,eepro
2025-07-dance-mardi-gras/novice-strictly-leader-proam-open-18,2025-07-dance-mardi-gras/novice-strictly-leader-proam-open-18/L-296,2025-07-dance-mardi-gras,unmatched,Tom Quintini and Tammy Duke,,leader,eepro
2025-07-dance-mardi-gras/open-strictly-follower-proam-18-int-adv,2025-07-dance-mardi-gras/open-strictly-follower-proam-18-int-adv/F-114,2025-07-dance-mardi-gras,possible,Arielle Steers and Byron Bellew,,follower,eepro
2025-07-dance-mardi-gras/pro-am-follower-spotlight,2025-07-dance-mardi-gras/pro-am-follower-spotlight/F-214,2025-07-dance-mardi-gras,unmatched,Pamela Peck and Glenn Ball,,follower,eepro
2025-07-dance-mardi-gras/pro-am-follower-spotlight,2025-07-dance-mardi-gras/pro-am-follower-spotlight/F-name-robin-knudsen-and-glenn-ball,2025-07-dance-mardi-gras,probable,Robin Knudsen and Glenn Ball,12713,follower,eepro
2025-07-midwest-westie-fest/pro-am-int-adv,2025-07-midwest-westie-fest/pro-am-int-adv/L-name-diana-burkholder-and-matt-auclair,2025-07-midwest-westie-fest,unmatched,Diana Burkholder and Matt Auclair,,leader,eepro
2025-07-midwest-westie-fest/pro-am-int-adv,2025-07-midwest-westie-fest/pro-am-int-adv/L-name-easton-england-and-noelle-hoeppner,2025-07-midwest-westie-fest,probable,Easton England and Noelle Hoeppner,17182,leader,eepro
2025-07-midwest-westie-fest/pro-am-int-adv,2025-07-midwest-westie-fest/pro-am-int-adv/L-name-ella-bell-and-jesse-lopez,2025-07-midwest-westie-fest,unmatched,Ella Bell and Jesse Lopez,,leader,eepro
2025-07-midwest-westie-fest/pro-am-int-adv,2025-07-midwest-westie-fest/pro-am-int-adv/L-name-harish-kommineni-and-ariel-peck,2025-07-midwest-westie-fest,probable,Harish Kommineni and Ariel Peck,12162,leader,eepro
2025-07-midwest-westie-fest/pro-am-int-adv,2025-07-midwest-westie-fest/pro-am-int-adv/L-name-miguel-gonzales-and-jeanne-degeyter,2025-07-midwest-westie-fest,probable,Miguel Gonzales and Jeanne DeGeyter,216,leader,eepro
2025-07-midwest-westie-fest/pro-am-int-adv,2025-07-midwest-westie-fest/pro-am-int-adv/L-name-mitchell-gegg-and-julie-auclair,2025-07-midwest-westie-fest,probable,Mitchell Gegg and Julie Auclair,11308,leader,eepro
2025-07-midwest-westie-fest/pro-am-new-nov,2025-07-midwest-westie-fest/pro-am-new-nov/L-name-abby-weaver-and-jesse-lopez,2025-07-midwest-westie-fest,unmatched,Abby Weaver and Jesse Lopez,,leader,eepro
2025-07-midwest-westie-fest/pro-am-new-nov,2025-07-midwest-westie-fest/pro-am-new-nov/L-name-abby-williamson-and-jesse-lopez,2025-07-midwest-westie-fest,unmatched,Abby Williamson and Jesse Lopez,,leader,eepro
2025-07-midwest-westie-fest/pro-am-new-nov,2025-07-midwest-westie-fest/pro-am-new-nov/L-name-carlos-servan-alvarez-and-ariel-peck,2025-07-midwest-westie-fest,probable,Carlos Servan-Alvarez and Ariel Peck,12162,leader,eepro
2025-07-midwest-westie-fest/pro-am-new-nov,2025-07-midwest-westie-fest/pro-am-new-nov/L-name-grace-waline-and-jesse-lopez,2025-07-midwest-westie-fest,unmatched,Grace Waline and Jesse Lopez,,leader,eepro
2025-07-midwest-westie-fest/pro-am-new-nov,2025-07-midwest-westie-fest/pro-am-new-nov/L-name-james-goepel-and-julie-auclair,2025-07-midwest-westie-fest,probable,James Goepel and Julie Auclair,11308,leader,eepro
2025-07-midwest-westie-fest/pro-am-new-nov,2025-07-midwest-westie-fest/pro-am-new-nov/L-name-jubilee-call-and-jeanne-degeyter,2025-07-midwest-westie-fest,probable,Jubilee Call and Jeanne DeGeyter,216,leader,eepro
2025-07-midwest-westie-fest/pro-am-new-nov,2025-07-midwest-westie-fest/pro-am-new-nov/L-name-makena-loveland-and-noelle-hoeppner,2025-07-midwest-westie-fest,probable,Makena Loveland and Noelle Hoeppner,17182,leader,eepro
2025-07-midwest-westie-fest/pro-am-new-nov,2025-07-midwest-westie-fest/pro-am-new-nov/L-name-noah-fidler-and-ariel-peck,2025-07-midwest-westie-fest,unmatched,Noah Fidler and Ariel Peck,,leader,eepro
2025-07-midwest-westie-fest/pro-am-new-nov,2025-07-midwest-westie-fest/pro-am-new-nov/L-name-victoria-swearingen-and-kris-swearingen,2025-07-midwest-westie-fest,unmatched,Victoria Swearingen and Kris Swearingen,,leader,eepro
2025-07-midwest-westie-fest/pro-am-new-nov,2025-07-midwest-westie-fest/pro-am-new-nov/L-name-zoe-osborn-and-jesse-lopez,2025-07-midwest-westie-fest,unmatched,Zoe Osborn and Jesse Lopez,,leader,eepro
2025-07-midwest-westie-fest/rising-star,2025-07-midwest-westie-fest/rising-star/L-name-ben-dobson-and-jillian-carroll,2025-07-midwest-westie-fest,probable,Ben Dobson and Jillian Carroll,19138,leader,eepro
2025-07-midwest-westie-fest/rising-star,2025-07-midwest-westie-fest/rising-star/L-name-joseph-tong-and-kristen-wallace,2025-07-midwest-westie-fest,probable,Joseph Tong and Kristen Wallace,14487,leader,eepro
2025-07-wild-wild-westie/pro-am-int-adv,2025-07-wild-wild-westie/pro-am-int-adv/L-402,2025-07-wild-wild-westie,unmatched,Una Kacavenda and Deon Harrell,,leader,eepro
2025-07-wild-wild-westie/pro-am-int-adv,2025-07-wild-wild-westie/pro-am-int-adv/L-405,2025-07-wild-wild-westie,unmatched,Amber Dillenkoffer and Matt Auclair,,leader,eepro
2025-07-wild-wild-westie/pro-am-int-adv,2025-07-wild-wild-westie/pro-am-int-adv/L-418,2025-07-wild-wild-westie,unmatched,Diana Burkholder and Matt Auclair,,leader,eepro
2025-07-wild-wild-westie/pro-am-int-adv,2025-07-wild-wild-westie/pro-am-int-adv/L-49,2025-07-wild-wild-westie,unmatched,Brianna Garcia and Deon Harrell,,leader,eepro
2025-07-wild-wild-westie/pro-am-int-adv,2025-07-wild-wild-westie/pro-am-int-adv/L-541,2025-07-wild-wild-westie,unmatched,Malin Nyberg and Tommy Schwegmann,,leader,eepro
2025-07-wild-wild-westie/pro-am-int-adv,2025-07-wild-wild-westie/pro-am-int-adv/L-542,2025-07-wild-wild-westie,unmatched,Sienna St. Clair and Joel Torgeson,,leader,eepro
2025-07-wild-wild-westie/pro-am-int-adv,2025-07-wild-wild-westie/pro-am-int-adv/L-590,2025-07-wild-wild-westie,unmatched,Nicole Bruner and Joe Mendence,,leader,eepro
2025-07-wild-wild-westie/pro-am-new-nov,2025-07-wild-wild-westie/pro-am-new-nov/L-21,2025-07-wild-wild-westie,unmatched,Jasmine Weber and Augie Leija,,leader,eepro
2025-07-wild-wild-westie/pro-am-new-nov,2025-07-wild-wild-westie/pro-am-new-nov/L-252,2025-07-wild-wild-westie,unmatched,Vicki Gilpin and Augie Leija,,leader,eepro
2025-07-wild-wild-westie/pro-am-new-nov,2025-07-wild-wild-westie/pro-am-new-nov/L-422,2025-07-wild-wild-westie,unmatched,Daniella Robichaud and Markus Smith,,leader,eepro
2025-07-wild-wild-westie/pro-am-new-nov,2025-07-wild-wild-westie/pro-am-new-nov/L-43,2025-07-wild-wild-westie,unmatched,Teresa Castillon and Augie Leija,,leader,eepro
2025-07-wild-wild-westie/rising-star,2025-07-wild-wild-westie/rising-star/L-105,2025-07-wild-wild-westie,probable,Trenten Jackson and Haley Hauglum,13528,leader,eepro
2025-07-wild-wild-westie/rising-star,2025-07-wild-wild-westie/rising-star/L-182,2025-07-wild-wild-westie,probable,Daniel Semac and Rachel Madrigal,23236,leader,eepro
2025-07-wild-wild-westie/rising-star,2025-07-wild-wild-westie/rising-star/L-228,2025-07-wild-wild-westie,probable,Ilon Weeldreyer and Gaia Read,16292,leader,eepro
2025-07-wild-wild-westie/rising-star,2025-07-wild-wild-westie/rising-star/L-23,2025-07-wild-wild-westie,unmatched,Augie Leija and Daniella Alonso,,leader,eepro
2025-07-wild-wild-westie/rising-star,2025-07-wild-wild-westie/rising-star/L-424,2025-07-wild-wild-westie,probable,James Bartlett and Nicole Moes,14466,leader,eepro
2025-07-wild-wild-westie/rising-star,2025-07-wild-wild-westie/rising-star/L-547,2025-07-wild-wild-westie,probable,Jeffrey Bragg and Rebecca Menon,16186,leader,eepro
2025-07-wild-wild-westie/rising-star,2025-07-wild-wild-westie/rising-star/L-606,2025-07-wild-wild-westie,probable,Joseph Geluz and Sienna St. Clair,17361,leader,eepro
2025-07-wild-wild-westie/rising-star,2025-07-wild-wild-westie/rising-star/L-627,2025-07-wild-wild-westie,probable,David Carter and Wendy carter,20812,leader,eepro
2025-07-wild-wild-westie/rising-star,2025-07-wild-wild-westie/rising-star/L-705,2025-07-wild-wild-westie,probable,Jesse Brummett and Lan VoBa,13885,leader,eepro
2025-07-wild-wild-westie/wild-wild-j-j,2025-07-wild-wild-westie/wild-wild-j-j/L-104,2025-07-wild-wild-westie,probable,Luke Applin and Taylor Linahan,20813,leader,eepro
2025-07-wild-wild-westie/wild-wild-j-j,2025-07-wild-wild-westie/wild-wild-j-j/L-105.,2025-07-wild-wild-westie,probable,Trenton Jackson and Elise Lorcher,20445,leader,eepro
2025-07-wild-wild-westie/wild-wild-j-j,2025-07-wild-wild-westie/wild-wild-j-j/L-115,2025-07-wild-wild-westie,probable,Egan Anselmo and Amanda Vasquez,20085,leader,eepro
2025-07-wild-wild-westie/wild-wild-j-j,2025-07-wild-wild-westie/wild-wild-j-j/L-121,2025-07-wild-wild-westie,unmatched,Emmanuel Matthews and Hanna Destiny Lynn,,leader,eepro
2025-07-wild-wild-westie/wild-wild-j-j,2025-07-wild-wild-westie/wild-wild-j-j/L-132,2025-07-wild-wild-westie,unmatched,Denny Pham and Stephanie Walker,,leader,eepro
2025-07-wild-wild-westie/wild-wild-j-j,2025-07-wild-wild-westie/wild-wild-j-j/L-134,2025-07-wild-wild-westie,probable,Colton Kaiser and Casey Margules,12975,leader,eepro
2025-07-wild-wild-westie/wild-wild-j-j,2025-07-wild-wild-westie/wild-wild-j-j/L-135,2025-07-wild-wild-westie,probable,Russell Rutland and Shelly White,26081,leader,eepro
2025-07-wild-wild-westie/wild-wild-j-j,2025-07-wild-wild-westie/wild-wild-j-j/L-136,2025-07-wild-wild-westie,unmatched,Gabe Ofordu and Ellie Mukherjee,,leader,eepro
2025-07-wild-wild-westie/wild-wild-j-j,2025-07-wild-wild-westie/wild-wild-j-j/L-140,2025-07-wild-wild-westie,probable,Zack Barbieri and Diane Wrightson,21840,leader,eepro
2025-07-wild-wild-westie/wild-wild-j-j,2025-07-wild-wild-westie/wild-wild-j-j/L-143,2025-07-wild-wild-westie,probable,Isaiah Copher and Jenna Shimek,8472,leader,eepro
2025-07-wild-wild-westie/wild-wild-j-j,2025-07-wild-wild-westie/wild-wild-j-j/L-145,2025-07-wild-wild-westie,probable,Philip Wang and Evie Song,26248,leader,eepro
2025-07-wild-wild-westie/wild-wild-j-j,2025-07-wild-wild-westie/wild-wild-j-j/L-149,2025-07-wild-wild-westie,probable,Brittney Bush and Lisa Maynes,3444,leader,eepro
2025-07-wild-wild-westie/wild-wild-j-j,2025-07-wild-wild-westie/wild-wild-j-j/L-150,2025-07-wild-wild-westie,probable,Stephen Barnes and Shayla Bouise,17737,leader,eepro
2025-07-wild-wild-westie/wild-wild-j-j,2025-07-wild-wild-westie/wild-wild-j-j/L-160,2025-07-wild-wild-westie,probable,Sean Carney and Millicent Jiang,24842,leader,eepro
2025-07-wild-wild-westie/wild-wild-j-j,2025-07-wild-wild-westie/wild-wild-j-j/L-166,2025-07-wild-wild-westie,probable,Michael Lambert and Margaret Terrio,19015,leader,eepro
2025-07-wild-wild-westie/wild-wild-j-j,2025-07-wild-wild-westie/wild-wild-j-j/L-170,2025-07-wild-wild-westie,probable,Peter Koczanadon and Malin Nyberg,20082,leader,eepro
2025-07-wild-wild-westie/wild-wild-j-j,2025-07-wild-wild-westie/wild-wild-j-j/L-171,2025-07-wild-wild-westie,probable,Sean Callahan and Jenni Rogers,21576,leader,eepro
2025-07-wild-wild-westie/wild-wild-j-j,2025-07-wild-wild-westie/wild-wild-j-j/L-176,2025-07-wild-wild-westie,probable,Joseph Tong and Willow Glenn,22893,leader,eepro
2025-07-wild-wild-westie/wild-wild-j-j,2025-07-wild-wild-westie/wild-wild-j-j/L-182,2025-07-wild-wild-westie,probable,Daniel Semac and Felicia Li,14467,leader,eepro
2025-07-wild-wild-westie/wild-wild-j-j,2025-07-wild-wild-westie/wild-wild-j-j/L-19,2025-07-wild-wild-westie,probable,Alexander Nguyen and Nya Chang Alloy,24861,leader,eepro
2025-07-wild-wild-westie/wild-wild-j-j,2025-07-wild-wild-westie/wild-wild-j-j/L-217,2025-07-wild-wild-westie,probable,Emory Thompson and Sophia Landers,23860,leader,eepro
2025-07-wild-wild-westie/wild-wild-j-j,2025-07-wild-wild-westie/wild-wild-j-j/L-222,2025-07-wild-wild-westie,possible,Saul Valverde and Jennifer Rookey,,leader,eepro
2025-07-wild-wild-westie/wild-wild-j-j,2025-07-wild-wild-westie/wild-wild-j-j/L-225,2025-07-wild-wild-westie,probable,Harish Sidanmat and Mackenzie Herman-Olson,20728,leader,eepro
2025-07-wild-wild-westie/wild-wild-j-j,2025-07-wild-wild-westie/wild-wild-j-j/L-230,2025-07-wild-wild-westie,probable,Hanchen Wang and Sara Mattis,24204,leader,eepro
2025-07-wild-wild-westie/wild-wild-j-j,2025-07-wild-wild-westie/wild-wild-j-j/L-233,2025-07-wild-wild-westie,probable,Jordan Keith and Rachel Statz,21978,leader,eepro
2025-07-wild-wild-westie/wild-wild-j-j,2025-07-wild-wild-westie/wild-wild-j-j/L-235,2025-07-wild-wild-westie,probable,Joel Gibson and Suzy Ackerman,22086,leader,eepro
2025-07-wild-wild-westie/wild-wild-j-j,2025-07-wild-wild-westie/wild-wild-j-j/L-244,2025-07-wild-wild-westie,probable,George Voulgarakis and Lan VoBa,13885,leader,eepro
2025-07-wild-wild-westie/wild-wild-j-j,2025-07-wild-wild-westie/wild-wild-j-j/L-249,2025-07-wild-wild-westie,unmatched,Connor Johnson and Fumiko Jenkins,,leader,eepro
2025-07-wild-wild-westie/wild-wild-j-j,2025-07-wild-wild-westie/wild-wild-j-j/L-269,2025-07-wild-wild-westie,probable,Chase Yandell and Callie Mashburn,24275,leader,eepro
2025-07-wild-wild-westie/wild-wild-j-j,2025-07-wild-wild-westie/wild-wild-j-j/L-272,2025-07-wild-wild-westie,probable,C Chang and Britta Albertson,23246,leader,eepro
2025-07-wild-wild-westie/wild-wild-j-j,2025-07-wild-wild-westie/wild-wild-j-j/L-276,2025-07-wild-wild-westie,probable,Ryan Osbourn and Jasmine Mendiola,22848,leader,eepro
2025-07-wild-wild-westie/wild-wild-j-j,2025-07-wild-wild-westie/wild-wild-j-j/L-280,2025-07-wild-wild-westie,possible,Nicholas Light and Megan Morris,,leader,eepro
2025-07-wild-wild-westie/wild-wild-j-j,2025-07-wild-wild-westie/wild-wild-j-j/L-282,2025-07-wild-wild-westie,unmatched,Keaton Rudd and Kai Moon,,leader,eepro
2025-07-wild-wild-westie/wild-wild-j-j,2025-07-wild-wild-westie/wild-wild-j-j/L-283,2025-07-wild-wild-westie,probable,Tien Khieu and Kyra Peters,23974,leader,eepro
2025-07-wild-wild-westie/wild-wild-j-j,2025-07-wild-wild-westie/wild-wild-j-j/L-291.,2025-07-wild-wild-westie,probable,James Gonzalez and Lana Adams,20083,leader,eepro
2025-07-wild-wild-westie/wild-wild-j-j,2025-07-wild-wild-westie/wild-wild-j-j/L-297,2025-07-wild-wild-westie,probable,Richie Sweeney and Sydni Hearn,25290,leader,eepro
2025-07-wild-wild-westie/wild-wild-j-j,2025-07-wild-wild-westie/wild-wild-j-j/L-299,2025-07-wild-wild-westie,probable,Jack Carlson and Morgan Hearrell,20233,leader,eepro
2025-07-wild-wild-westie/wild-wild-j-j,2025-07-wild-wild-westie/wild-wild-j-j/L-303,2025-07-wild-wild-westie,probable,Ajay Phatak and Hannah Lonsdale,19563,leader,eepro
2025-07-wild-wild-westie/wild-wild-j-j,2025-07-wild-wild-westie/wild-wild-j-j/L-310,2025-07-wild-wild-westie,possible,Jonathan Morgan and Kristen Lindsey,,leader,eepro
2025-07-wild-wild-westie/wild-wild-j-j,2025-07-wild-wild-westie/wild-wild-j-j/L-314,2025-07-wild-wild-westie,probable,Anthony Robinski and Ting Lu,21713,leader,eepro
2025-07-wild-wild-westie/wild-wild-j-j,2025-07-wild-wild-westie/wild-wild-j-j/L-323,2025-07-wild-wild-westie,probable,Miles Van de Wetering and Christine Medin,13036,leader,eepro
2025-07-wild-wild-westie/wild-wild-j-j,2025-07-wild-wild-westie/wild-wild-j-j/L-328,2025-07-wild-wild-westie,probable,Dario Haxhia and Tanya Davis,13992,leader,eepro
2025-07-wild-wild-westie/wild-wild-j-j,2025-07-wild-wild-westie/wild-wild-j-j/L-33,2025-07-wild-wild-westie,probable,Trevon Chaney and Hannah Bonaguide,19245,leader,eepro
2025-07-wild-wild-westie/wild-wild-j-j,2025-07-wild-wild-westie/wild-wild-j-j/L-345,2025-07-wild-wild-westie,probable,Mathias Mendillo and Deanna Nelson,26708,leader,eepro
2025-07-wild-wild-westie/wild-wild-j-j,2025-07-wild-wild-westie/wild-wild-j-j/L-350,2025-07-wild-wild-westie,probable,Omar Gonzalez and Britni Weaver,17187,leader,eepro
2025-07-wild-wild-westie/wild-wild-j-j,2025-07-wild-wild-westie/wild-wild-j-j/L-351,2025-07-wild-wild-westie,probable,Gabriel Holliday and Daniella Robichaud,22171,leader,eepro
2025-07-wild-wild-westie/wild-wild-j-j,2025-07-wild-wild-westie/wild-wild-j-j/L-354,2025-07-wild-wild-westie,probable,Himanshu Paul and Lynn Telzer,21334,leader,eepro
2025-07-wild-wild-westie/wild-wild-j-j,2025-07-wild-wild-westie/wild-wild-j-j/L-357,2025-07-wild-wild-westie,probable,Tommy Schwegmann and Kaelyn Swetala,25711,leader,eepro
2025-07-wild-wild-westie/wild-wild-j-j,2025-07-wild-wild-westie/wild-wild-j-j/L-361,2025-07-wild-wild-westie,probable,Jeff Wilson and Gail Jacobson,2672,leader,eepro
2025-07-wild-wild-westie/wild-wild-j-j,2025-07-wild-wild-westie/wild-wild-j-j/L-371,2025-07-wild-wild-westie,probable,Joseph Maldonado and Brita MacInnes,17987,leader,eepro
2025-07-wild-wild-westie/wild-wild-j-j,2025-07-wild-wild-westie/wild-wild-j-j/L-374,2025-07-wild-wild-westie,probable,David Choi and Noelle Hoeppner,17182,leader,eepro
2025-07-wild-wild-westie/wild-wild-j-j,2025-07-wild-wild-westie/wild-wild-j-j/L-388,2025-07-wild-wild-westie,probable,Robert Axley and Gwen Smith,21418,leader,eepro
2025-07-wild-wild-westie/wild-wild-j-j,2025-07-wild-wild-westie/wild-wild-j-j/L-413,2025-07-wild-wild-westie,probable,Connor Beck and Melissa Silverthorn,20217,leader,eepro
2025-07-wild-wild-westie/wild-wild-j-j,2025-07-wild-wild-westie/wild-wild-j-j/L-417,2025-07-wild-wild-westie,probable,Daniel Fiandor and Lara Deni,4033,leader,eepro
2025-07-wild-wild-westie/wild-wild-j-j,2025-07-wild-wild-westie/wild-wild-j-j/L-421,2025-07-wild-wild-westie,probable,Joel Guy and Ashley Smith,5066,leader,eepro
2025-07-wild-wild-westie/wild-wild-j-j,2025-07-wild-wild-westie/wild-wild-j-j/L-427,2025-07-wild-wild-westie,possible,Salomon Alcantar and Katherine Stover,,leader,eepro
2025-07-wild-wild-westie/wild-wild-j-j,2025-07-wild-wild-westie/wild-wild-j-j/L-430,2025-07-wild-wild-westie,possible,Dawit Palmer and Elizabeth Herman,,leader,eepro
2025-07-wild-wild-westie/wild-wild-j-j,2025-07-wild-wild-westie/wild-wild-j-j/L-434,2025-07-wild-wild-westie,probable,Easton England and Lisa M Picard,8099,leader,eepro
2025-07-wild-wild-westie/wild-wild-j-j,2025-07-wild-wild-westie/wild-wild-j-j/L-440,2025-07-wild-wild-westie,unmatched,Josh Fike and Ann Chen,,leader,eepro
2025-07-wild-wild-westie/wild-wild-j-j,2025-07-wild-wild-westie/wild-wild-j-j/L-455,2025-07-wild-wild-westie,probable,Caden Reynolds and Madison Broussard,22906,leader,eepro
2025-07-wild-wild-westie/wild-wild-j-j,2025-07-wild-wild-westie/wild-wild-j-j/L-472,2025-07-wild-wild-westie,unmatched,Joe Mendence and Savannah Gibson,,leader,eepro
2025-07-wild-wild-westie/wild-wild-j-j,2025-07-wild-wild-westie/wild-wild-j-j/L-498,2025-07-wild-wild-westie,unmatched,Phillip Nicholson and Jenelle Wrightson,,leader,eepro
2025-07-wild-wild-westie/wild-wild-j-j,2025-07-wild-wild-westie/wild-wild-j-j/L-501,2025-07-wild-wild-westie,probable,George Vasquez and Anna Zeng,26512,leader,eepro
2025-07-wild-wild-westie/wild-wild-j-j,2025-07-wild-wild-westie/wild-wild-j-j/L-506,2025-07-wild-wild-westie,probable,Daniel Bottom and Janelle Guido,7202,leader,eepro
2025-07-wild-wild-westie/wild-wild-j-j,2025-07-wild-wild-westie/wild-wild-j-j/L-514,2025-07-wild-wild-westie,unmatched,Dustin Snell and Joanne Zhang,,leader,eepro
2025-07-wild-wild-westie/wild-wild-j-j,2025-07-wild-wild-westie/wild-wild-j-j/L-517,2025-07-wild-wild-westie,probable,Noah Frome and Ariel Anders,21613,leader,eepro
2025-07-wild-wild-westie/wild-wild-j-j,2025-07-wild-wild-westie/wild-wild-j-j/L-521,2025-07-wild-wild-westie,probable,Daniel Rodriguez and Nadine Latief,23541,leader,eepro
2025-07-wild-wild-westie/wild-wild-j-j,2025-07-wild-wild-westie/wild-wild-j-j/L-536,2025-07-wild-wild-westie,probable,Rick Brunson and Sara Ashun,26717,leader,eepro
2025-07-wild-wild-westie/wild-wild-j-j,2025-07-wild-wild-westie/wild-wild-j-j/L-538,2025-07-wild-wild-westie,unmatched,David Sylvester Jr. and Trey Hicks,,leader,eepro
2025-07-wild-wild-westie/wild-wild-j-j,2025-07-wild-wild-westie/wild-wild-j-j/L-54,2025-07-wild-wild-westie,unmatched,Garrett Glass and Abigail Smith,,leader,eepro
2025-07-wild-wild-westie/wild-wild-j-j,2025-07-wild-wild-westie/wild-wild-j-j/L-552,2025-07-wild-wild-westie,probable,David Rosenfeld and Allysa Rees,9699,leader,eepro
2025-07-wild-wild-westie/wild-wild-j-j,2025-07-wild-wild-westie/wild-wild-j-j/L-556,2025-07-wild-wild-westie,probable,Eugene Pun and Ellanique Collins,24518,leader,eepro
2025-07-wild-wild-westie/wild-wild-j-j,2025-07-wild-wild-westie/wild-wild-j-j/L-558,2025-07-wild-wild-westie,probable,Samuel Bingham and Jocelyn McDowell,23769,leader,eepro
2025-07-wild-wild-westie/wild-wild-j-j,2025-07-wild-wild-westie/wild-wild-j-j/L-561,2025-07-wild-wild-westie,probable,Bidyut Mukherjee and Elise Holland,22525,leader,eepro
2025-07-wild-wild-westie/wild-wild-j-j,2025-07-wild-wild-westie/wild-wild-j-j/L-568,2025-07-wild-wild-westie,probable,Austin Cashion and Nicole Heuga,10364,leader,eepro
2025-07-wild-wild-westie/wild-wild-j-j,2025-07-wild-wild-westie/wild-wild-j-j/L-58,2025-07-wild-wild-westie,probable,Zachary Harris and Alison Coffey,22892,leader,eepro
2025-07-wild-wild-westie/wild-wild-j-j,2025-07-wild-wild-westie/wild-wild-j-j/L-588,2025-07-wild-wild-westie,probable,Chris Pozo and Gela Piamonte,21986,leader,eepro
2025-07-wild-wild-westie/wild-wild-j-j,2025-07-wild-wild-westie/wild-wild-j-j/L-602,2025-07-wild-wild-westie,probable,Tyler De Lane and Rachel Holdren,16297,leader,eepro
2025-07-wild-wild-westie/wild-wild-j-j,2025-07-wild-wild-westie/wild-wild-j-j/L-609,2025-07-wild-wild-westie,probable,Adrian Maldonado and Mackenzie Singer,25093,leader,eepro
2025-07-wild-wild-westie/wild-wild-j-j,2025-07-wild-wild-westie/wild-wild-j-j/L-62,2025-07-wild-wild-westie,probable,Alison Gibson and Natalie Araujo,23773,leader,eepro
2025-07-wild-wild-westie/wild-wild-j-j,2025-07-wild-wild-westie/wild-wild-j-j/L-639,2025-07-wild-wild-westie,probable,Tony Chen and Maddy Knox,24233,leader,eepro
2025-07-wild-wild-westie/wild-wild-j-j,2025-07-wild-wild-westie/wild-wild-j-j/L-650,2025-07-wild-wild-westie,probable,Diego Rivera and Anna Koczanadon,17061,leader,eepro
2025-07-wild-wild-westie/wild-wild-j-j,2025-07-wild-wild-westie/wild-wild-j-j/L-653,2025-07-wild-wild-westie,unmatched,Alex Kim and Natalie Silva,,leader,eepro
2025-07-wild-wild-westie/wild-wild-j-j,2025-07-wild-wild-westie/wild-wild-j-j/L-665,2025-07-wild-wild-westie,unmatched,Henry Phan and Astrid Fike,,leader,eepro
2025-07-wild-wild-westie/wild-wild-j-j,2025-07-wild-wild-westie/wild-wild-j-j/L-699,2025-07-wild-wild-westie,probable,Scott Goodhart and Caryn May,23238,leader,eepro
2025-07-wild-wild-westie/wild-wild-j-j,2025-07-wild-wild-westie/wild-wild-j-j/L-705,2025-07-wild-wild-westie,probable,Jesse Brummett and Rachel Madrigal,23236,leader,eepro
2025-07-wild-wild-westie/wild-wild-j-j,2025-07-wild-wild-westie/wild-wild-j-j/L-751,2025-07-wild-wild-westie,probable,Shawn McGettigan and Dee Barron,3394,leader,eepro
2025-07-wild-wild-westie/wild-wild-j-j,2025-07-wild-wild-westie/wild-wild-j-j/L-786,2025-07-wild-wild-westie,probable,Jacob Reding and Sarah Rose Goin,23166,leader,eepro
2025-07-wild-wild-westie/wild-wild-j-j,2025-07-wild-wild-westie/wild-wild-j-j/L-793,2025-07-wild-wild-westie,unmatched,Jeremy Brown and Amy Buford,,leader,eepro
2025-07-wild-wild-westie/wild-wild-j-j,2025-07-wild-wild-westie/wild-wild-j-j/L-80,2025-07-wild-wild-westie,probable,Maxim Popov and Emily Prebihalo,23161,leader,eepro
2025-07-wild-wild-westie/wild-wild-j-j,2025-07-wild-wild-westie/wild-wild-j-j/L-816,2025-07-wild-wild-westie,probable,Arjay Centeno and Cheri Rafter,12573,leader,eepro
2025-07-wild-wild-westie/wild-wild-j-j,2025-07-wild-wild-westie/wild-wild-j-j/L-86,2025-07-wild-wild-westie,probable,Jadin Lewis and Macie Sandlin,23245,leader,eepro
2025-07-wild-wild-westie/wild-wild-j-j,2025-07-wild-wild-westie/wild-wild-j-j/L-89,2025-07-wild-wild-westie,unmatched,Julio Alvarez and Nadja Tessler,,leader,eepro
2025-07-wild-wild-westie/wild-wild-j-j,2025-07-wild-wild-westie/wild-wild-j-j/L-92,2025-07-wild-wild-westie,probable,Jeramy Govert and Valerie Valdez,18083,leader,eepro
2025-07-wild-wild-westie/wild-wild-j-j,2025-07-wild-wild-westie/wild-wild-j-j/L-97,2025-07-wild-wild-westie,probable,Todd Maternowski and Julia Doody,21464,leader,eepro
2025-08-arizona-dance-classic/champion-arizona-2-step-state-championship,2025-08-arizona-dance-classic/champion-arizona-2-step-state-championship/L-428,2025-08-arizona-dance-classic,unmatched,Bruce Holland and Leslie Parsel,,leader,eepro
2025-08-arizona-dance-classic/champion-arizona-2-step-state-championship,2025-08-arizona-dance-classic/champion-arizona-2-step-state-championship/L-450,2025-08-arizona-dance-classic,unmatched,Dave Zellner and Christina Woo,,leader,eepro
2025-08-arizona-dance-classic/champion-arizona-2-step-state-championship,2025-08-arizona-dance-classic/champion-arizona-2-step-state-championship/L-452,2025-08-arizona-dance-classic,unmatched,David Myres and Vikki Shotsky,,leader,eepro
2025-08-arizona-dance-classic/champion-arizona-2-step-state-championship,2025-08-arizona-dance-classic/champion-arizona-2-step-state-championship/L-497,2025-08-arizona-dance-classic,unmatched,Jennifer Donisthorpe and Gina Skalicky,,leader,eepro
2025-08-arizona-dance-classic/champion-arizona-2-step-state-championship,2025-08-arizona-dance-classic/champion-arizona-2-step-state-championship/L-501,2025-08-arizona-dance-classic,unmatched,Jim Wisnor and Ashley Mobley,,leader,eepro
2025-08-arizona-dance-classic/champion-arizona-2-step-state-championship,2025-08-arizona-dance-classic/champion-arizona-2-step-state-championship/L-503,2025-08-arizona-dance-classic,unmatched,John Shull and Ileana Dohogne,,leader,eepro
2025-08-arizona-dance-classic/champion-arizona-2-step-state-championship,2025-08-arizona-dance-classic/champion-arizona-2-step-state-championship/L-523,2025-08-arizona-dance-classic,unmatched,Korben Pierce and Sarah Andrews,,leader,eepro
2025-08-arizona-dance-classic/champion-arizona-2-step-state-championship,2025-08-arizona-dance-classic/champion-arizona-2-step-state-championship/L-597,2025-08-arizona-dance-classic,unmatched,David Trent and Nicole Ziemba,,leader,eepro
2025-08-arizona-dance-classic/champion-arizona-2-step-state-championship,2025-08-arizona-dance-classic/champion-arizona-2-step-state-championship/L-598,2025-08-arizona-dance-classic,unmatched,Rick Marchetti and Sharon Clark,,leader,eepro
2025-08-arizona-dance-classic/champion-arizona-2-step-state-championship,2025-08-arizona-dance-classic/champion-arizona-2-step-state-championship/L-678,2025-08-arizona-dance-classic,unmatched,Robert Johnson and Jandy Johnson,,leader,eepro
2025-08-arizona-dance-classic/champion-arizona-2-step-state-championship,2025-08-arizona-dance-classic/champion-arizona-2-step-state-championship/L-798,2025-08-arizona-dance-classic,unmatched,Gabe Carrera and Kristin Andrews,,leader,eepro
2025-08-arizona-dance-classic/champion-arizona-2-step-state-championship,2025-08-arizona-dance-classic/champion-arizona-2-step-state-championship/L-799,2025-08-arizona-dance-classic,unmatched,Ray DiSilvestro and Mary Ann Aleandri,,leader,eepro
2025-08-arizona-dance-classic/intermediate-strictly-follower-proam,2025-08-arizona-dance-classic/intermediate-strictly-follower-proam/F-408,2025-08-arizona-dance-classic,unmatched,Amanda Ho and Jaden Pfieffer,,follower,eepro
2025-08-arizona-dance-classic/intermediate-strictly-follower-proam,2025-08-arizona-dance-classic/intermediate-strictly-follower-proam/F-513,2025-08-arizona-dance-classic,probable,Kathie Castro and Josh Clark,21270,follower,eepro
2025-08-arizona-dance-classic/intermediate-strictly-leader-proam,2025-08-arizona-dance-classic/intermediate-strictly-leader-proam/L-591,2025-08-arizona-dance-classic,unmatched,Peter Castro and Marilynn Lane,,leader,eepro
2025-08-arizona-dance-classic/intermediate-strictly-leader-proam,2025-08-arizona-dance-classic/intermediate-strictly-leader-proam/L-857,2025-08-arizona-dance-classic,unmatched,Mark Cruz and Joan Lunahl,,leader,eepro
2025-08-arizona-dance-classic/juniors-strictly-follower-proam,2025-08-arizona-dance-classic/juniors-strictly-follower-proam/F-571,2025-08-arizona-dance-classic,unmatched,Molly Killgore and Jesse Dixon,,follower,eepro
2025-08-arizona-dance-classic/juniors-strictly-follower-proam,2025-08-arizona-dance-classic/juniors-strictly-follower-proam/F-584,2025-08-arizona-dance-classic,unmatched,Olivia Kellar and Jesse Dixon,,follower,eepro
2025-08-arizona-dance-classic/masters-strictly-follower-proam-50,2025-08-arizona-dance-classic/masters-strictly-follower-proam-50/F-419,2025-08-arizona-dance-classic,possible,Barbara Graber and Jesse Dickson,,follower,eepro
2025-08-arizona-dance-classic/masters-strictly-follower-proam-50,2025-08-arizona-dance-classic/masters-strictly-follower-proam-50/F-587,2025-08-arizona-dance-classic,probable,Pat La Douceur and Craig Johnson,1534,follower,eepro
2025-08-arizona-dance-classic/masters-strictly-leader-proam-50,2025-08-arizona-dance-classic/masters-strictly-leader-proam-50/L-445,2025-08-arizona-dance-classic,unmatched,Cliff Housego and Maryann Harvey,,leader,eepro
2025-08-arizona-dance-classic/masters-strictly-leader-proam-50,2025-08-arizona-dance-classic/masters-strictly-leader-proam-50/L-519,2025-08-arizona-dance-classic,possible,Ken French and Lannie Sullivan,,leader,eepro
2025-08-arizona-dance-classic/novice-strictly-follower-proam,2025-08-arizona-dance-classic/novice-strictly-follower-proam/F-419,2025-08-arizona-dance-classic,unmatched,Barbara Graber and Jesse Dickson,,follower,eepro
2025-08-arizona-dance-classic/novice-strictly-follower-proam,2025-08-arizona-dance-classic/novice-strictly-follower-proam/F-574,2025-08-arizona-dance-classic,probable,Natalie Jonak and Leia Navratil,26806,follower,eepro
2025-08-arizona-dance-classic/novice-strictly-follower-proam,2025-08-arizona-dance-classic/novice-strictly-follower-proam/F-587,2025-08-arizona-dance-classic,unmatched,Pat La Douceur and Craig Johnson,,follower,eepro
2025-08-arizona-dance-classic/novice-strictly-follower-proam,2025-08-arizona-dance-classic/novice-strictly-follower-proam/F-972,2025-08-arizona-dance-classic,unmatched,Caitlin Tang-Hornbuckle and Gabe Sebastian,,follower,eepro
2025-08-arizona-dance-classic/novice-strictly-leader-proam,2025-08-arizona-dance-classic/novice-strictly-leader-proam/L-445,2025-08-arizona-dance-classic,unmatched,Cliff Housego and Maryann Harvey,,leader,eepro
2025-08-arizona-dance-classic/novice-strictly-leader-proam,2025-08-arizona-dance-classic/novice-strictly-leader-proam/L-519,2025-08-arizona-dance-classic,unmatched,Ken French and Lannie Sullivan,,leader,eepro
2025-08-summer-hummer/novice-novice-intermediate-routines,2025-08-summer-hummer/novice-novice-intermediate-routines/L-name-brian-passon-and-claire-passon,2025-08-summer-hummer,probable,Brian Passon and Claire Passon,18806,leader,eepro
2025-08-summer-hummer/novice-novice-intermediate-routines,2025-08-summer-hummer/novice-novice-intermediate-routines/L-name-daniel-desjardin-and-melissa-miller,2025-08-summer-hummer,probable,Daniel Desjardin and Melissa Miller,4848,leader,eepro
2025-08-summer-hummer/novice-novice-intermediate-routines,2025-08-summer-hummer/novice-novice-intermediate-routines/L-name-david-ritter-and-kimberly-ritter,2025-08-summer-hummer,probable,David Ritter and Kimberly Ritter,23790,leader,eepro
2025-08-summer-hummer/novice-novice-intermediate-routines,2025-08-summer-hummer/novice-novice-intermediate-routines/L-name-matthew-jones-and-asher-newman,2025-08-summer-hummer,unmatched,Matthew Jones and Asher Newman,,leader,eepro
2025-08-summer-hummer/novice-novice-intermediate-routines,2025-08-summer-hummer/novice-novice-intermediate-routines/L-name-michael-medini-and-lourdes-cruz,2025-08-summer-hummer,unmatched,Michael Medini and Lourdes Cruz,,leader,eepro
2025-08-summer-hummer/novice-novice-intermediate-routines,2025-08-summer-hummer/novice-novice-intermediate-routines/L-name-shaun-clark-and-michele-fischer,2025-08-summer-hummer,unmatched,Shaun Clark and Michele Fischer,,leader,eepro
2025-08-summer-hummer/pro-am,2025-08-summer-hummer/pro-am/L-name-easton-england-and-noelle-hoeppner,2025-08-summer-hummer,probable,Easton England and Noelle Hoeppner,17182,leader,eepro
2025-08-summer-hummer/pro-am,2025-08-summer-hummer/pro-am/L-name-eric-fernandez-and-nataliya-kane,2025-08-summer-hummer,probable,Eric Fernandez and Nataliya Kane,9888,leader,eepro
2025-08-summer-hummer/pro-am,2025-08-summer-hummer/pro-am/L-name-kevin-spahr-and-isabelle-roy,2025-08-summer-hummer,probable,Kevin Spahr and Isabelle Roy,10895,leader,eepro
2025-08-summer-hummer/pro-am,2025-08-summer-hummer/pro-am/L-name-makena-loveland-and-noelle-hoeppner,2025-08-summer-hummer,unmatched,Makena Loveland and Noelle Hoeppner,,leader,eepro
2025-08-summer-hummer/pro-am,2025-08-summer-hummer/pro-am/L-name-melissa-liao-and-kevin-kane,2025-08-summer-hummer,unmatched,Melissa Liao and Kevin Kane,,leader,eepro
2025-08-summer-hummer/pro-am,2025-08-summer-hummer/pro-am/L-name-rae-tardif-and-roberto-corporan,2025-08-summer-hummer,unmatched,Rae Tardif and Roberto Corporan,,leader,eepro
2025-08-summer-hummer/pro-am,2025-08-summer-hummer/pro-am/L-name-sabrina-mazer-and-maxwell-thew,2025-08-summer-hummer,unmatched,Sabrina Mazer and Maxwell Thew,,leader,eepro
2025-08-summer-hummer/pro-am,2025-08-summer-hummer/pro-am/L-name-sam-smith-and-arjay-centeno,2025-08-summer-hummer,unmatched,Sam Smith and Arjay Centeno,,leader,eepro
2025-08-summer-hummer/rising-star,2025-08-summer-hummer/rising-star/L-name-daniel-cruz-and-lourdes-cruz,2025-08-summer-hummer,probable,Daniel Cruz and Lourdes Cruz,9298,leader,eepro
2025-08-summer-hummer/rising-star,2025-08-summer-hummer/rising-star/L-name-daniel-desjardin-and-maretta-morovitz,2025-08-summer-hummer,probable,Daniel Desjardin and Maretta Morovitz,22139,leader,eepro
2025-08-summer-hummer/rising-star,2025-08-summer-hummer/rising-star/L-name-ilon-weeldreyer-and-gaia-read,2025-08-summer-hummer,probable,Ilon Weeldreyer and Gaia Read,16292,leader,eepro
2025-08-summer-hummer/rising-star,2025-08-summer-hummer/rising-star/L-name-joseph-tong-and-kristen-wallace,2025-08-summer-hummer,probable,Joseph Tong and Kristen Wallace,14487,leader,eepro
2025-08-summer-hummer/rising-star,2025-08-summer-hummer/rising-star/L-name-maxwell-thew-and-alli-reese,2025-08-summer-hummer,probable,Maxwell Thew and Alli Reese,13530,leader,eepro
2025-08-summer-hummer/rising-star,2025-08-summer-hummer/rising-star/L-name-trenten-jackson-and-haley-hauglum,2025-08-summer-hummer,probable,Trenten Jackson and Haley Hauglum,13528,leader,eepro
2025-08-swing-fling/novice-pro-am-spotlight,2025-08-swing-fling/novice-pro-am-spotlight/L-104,2025-08-swing-fling,unmatched,Justin Arnold and Erica Smith,,leader,eepro
2025-08-swing-fling/novice-pro-am-spotlight,2025-08-swing-fling/novice-pro-am-spotlight/L-222,2025-08-swing-fling,unmatched,Sam Smith and Arjay Centeno,,leader,eepro
2025-08-swing-fling/novice-pro-am-spotlight,2025-08-swing-fling/novice-pro-am-spotlight/L-717,2025-08-swing-fling,unmatched,Carlie Brue and Douglas Rousar,,leader,eepro
2025-08-swing-fling/pro-am-spotlight-int-adv,2025-08-swing-fling/pro-am-spotlight-int-adv/L-151,2025-08-swing-fling,unmatched,Stephen Duncan and Lara Deni,,leader,eepro
2025-08-swing-fling/pro-am-spotlight-int-adv,2025-08-swing-fling/pro-am-spotlight-int-adv/L-195,2025-08-swing-fling,probable,Chris Tuey and Lara Deni,4033,leader,eepro
2025-08-swing-fling/pro-am-spotlight-int-adv,2025-08-swing-fling/pro-am-spotlight-int-adv/L-275,2025-08-swing-fling,unmatched,Silas Oakland and Douglas Rousar,,leader,eepro
2025-08-swing-fling/pro-am-spotlight-int-adv,2025-08-swing-fling/pro-am-spotlight-int-adv/L-468,2025-08-swing-fling,unmatched,Henry McLemore and Lara Deni,,leader,eepro
2025-08-swing-fling/pro-am-spotlight-int-adv,2025-08-swing-fling/pro-am-spotlight-int-adv/L-474,2025-08-swing-fling,probable,Easton England and Noelle Hoeppner,17182,leader,eepro
2025-08-swing-fling/pro-am-spotlight-int-adv,2025-08-swing-fling/pro-am-spotlight-int-adv/L-592,2025-08-swing-fling,unmatched,Alyssa Kim and Glenn Ball,,leader,eepro
2025-08-swing-fling/pro-am-spotlight-int-adv,2025-08-swing-fling/pro-am-spotlight-int-adv/L-793,2025-08-swing-fling,probable,Caroline Ridgway and Douglas Rousar,15392,leader,eepro
2025-08-swing-fling/rising-star,2025-08-swing-fling/rising-star/L-239,2025-08-swing-fling,probable,Ilon Weeldreyer and Gaia Read,16292,leader,eepro
2025-08-swing-fling/rising-star,2025-08-swing-fling/rising-star/L-365,2025-08-swing-fling,probable,Andrew Roach and Abigail Roach,21287,leader,eepro
2025-08-swing-fling/rising-star,2025-08-swing-fling/rising-star/L-518,2025-08-swing-fling,probable,Jeffrey Bragg and Rebecca Menon,16186,leader,eepro
2025-08-swing-fling/rising-star,2025-08-swing-fling/rising-star/L-519,2025-08-swing-fling,probable,Richard DeFelice and Susan DeFelice,7776,leader,eepro
2025-08-swing-fling/rising-star,2025-08-swing-fling/rising-star/L-695,2025-08-swing-fling,probable,Keith Stremmel and Debbie Adams,13910,leader,eepro
2025-08-swingtacular/pro-am,2025-08-swingtacular/pro-am/L-112,2025-08-swingtacular,probable,Sarah Willis and James Wyke,23666,leader,eepro
2025-08-swingtacular/pro-am,2025-08-swingtacular/pro-am/L-191,2025-08-swingtacular,probable,Michael Roberge and Mackenzie Keister,20700,leader,eepro
2025-08-swingtacular/pro-am,2025-08-swingtacular/pro-am/L-299,2025-08-swingtacular,probable,Divy Ravindranath and Kathleen Sun,15296,leader,eepro
2025-08-swingtacular/pro-am,2025-08-swingtacular/pro-am/L-303,2025-08-swingtacular,probable,Igor Laryukhin and Anna Wallace,11262,leader,eepro
2025-08-swingtacular/pro-am,2025-08-swingtacular/pro-am/L-308,2025-08-swingtacular,probable,Kameron Moore and Elizabeth Wyke,19409,leader,eepro
2025-08-swingtacular/pro-am,2025-08-swingtacular/pro-am/L-326,2025-08-swingtacular,unmatched,Brianna Garcia and Deon Harrell,,leader,eepro
2025-08-swingtacular/pro-am,2025-08-swingtacular/pro-am/L-329,2025-08-swingtacular,unmatched,Scott Fleischer and Elizabeth Wyke,,leader,eepro
2025-08-swingtacular/pro-am,2025-08-swingtacular/pro-am/L-363,2025-08-swingtacular,unmatched,Una Kacavenda and Deon Harrell,,leader,eepro
2025-08-swingtacular/pro-am,2025-08-swingtacular/pro-am/L-396,2025-08-swingtacular,unmatched,Charity Brain and Conor McClure,,leader,eepro
2025-08-swingtacular/pro-am,2025-08-swingtacular/pro-am/L-484,2025-08-swingtacular,possible,Robyn Giffen and Richard Tymko,,leader,eepro
2025-08-swingtacular/pro-am,2025-08-swingtacular/pro-am/L-487,2025-08-swingtacular,unmatched,Kara Bartlow and Za Thomaier,,leader,eepro
2025-08-swingtacular/pro-am,2025-08-swingtacular/pro-am/L-560,2025-08-swingtacular,probable,Eric Fernandez and Nataliya Kane,9888,leader,eepro
2025-08-swingtacular/pro-am,2025-08-swingtacular/pro-am/L-607,2025-08-swingtacular,unmatched,Melissa Liao and Kevin Kane,,leader,eepro
2025-08-swingtacular/pro-am,2025-08-swingtacular/pro-am/L-627,2025-08-swingtacular,unmatched,Sienna St. Clair and Joel Torgeson,,leader,eepro
2025-08-swingtacular/pro-am,2025-08-swingtacular/pro-am/L-697,2025-08-swingtacular,probable,Judy Zhu and Felipa Mendez,16892,leader,eepro
2025-08-swingtacular/rising-star,2025-08-swingtacular/rising-star/L-120,2025-08-swingtacular,probable,Jade Ruiz and Christa Farmer,21836,leader,eepro
2025-08-swingtacular/rising-star,2025-08-swingtacular/rising-star/L-262,2025-08-swingtacular,probable,Jesse Brummett and Lan VoBa,13885,leader,eepro
2025-08-swingtacular/rising-star,2025-08-swingtacular/rising-star/L-333,2025-08-swingtacular,probable,Trenten Jackson and Haley Hauglum,13528,leader,eepro
2025-08-swingtacular/rising-star,2025-08-swingtacular/rising-star/L-354,2025-08-swingtacular,probable,Omar Gonzalez and Giulia Rusch,11956,leader,eepro
2025-08-swingtacular/rising-star,2025-08-swingtacular/rising-star/L-446,2025-08-swingtacular,unmatched,Griffin Roy and Katie Brady,,leader,eepro
2025-08-swingtacular/rising-star,2025-08-swingtacular/rising-star/L-448,2025-08-swingtacular,probable,Chase Warner and Rose Martin,18531,leader,eepro
2025-08-swingtacular/rising-star,2025-08-swingtacular/rising-star/L-460,2025-08-swingtacular,probable,Joel Gibson and Natasha Flowers,17045,leader,eepro
2025-08-swingtacular/rising-star,2025-08-swingtacular/rising-star/L-name-joseph-geluz-and-sienna-st-clair,2025-08-swingtacular,probable,Joseph Geluz and Sienna St Clair,17361,leader,eepro
2025-08-swingtime/all-in,2025-08-swingtime/all-in/L-509,2025-08-swingtime,probable,David Mulford and Kd Kaiser,23687,leader,eepro
2025-08-swingtime/all-in,2025-08-swingtime/all-in/L-512,2025-08-swingtime,probable,Tyler Mitchell and Samantha Saville,20551,leader,eepro
2025-08-swingtime/all-in,2025-08-swingtime/all-in/L-515,2025-08-swingtime,probable,Luis Ortiz and bambi Preble,10853,leader,eepro
2025-08-swingtime/all-in,2025-08-swingtime/all-in/L-519,2025-08-swingtime,probable,Jesse Brummett and Heather Maddigan,15434,leader,eepro
2025-08-swingtime/all-in,2025-08-swingtime/all-in/L-520,2025-08-swingtime,probable,James Sisneros and Kimberly Connolly,11777,leader,eepro
2025-08-swingtime/all-in,2025-08-swingtime/all-in/L-521,2025-08-swingtime,probable,Harish Kommineni and Rowan Palmer,21594,leader,eepro
2025-08-swingtime/all-in,2025-08-swingtime/all-in/L-526,2025-08-swingtime,probable,Miguel Abdala and Olga Khvan,9210,leader,eepro
2025-08-swingtime/all-in,2025-08-swingtime/all-in/L-527,2025-08-swingtime,probable,Keerigan Rudd and Olga Galkina,21755,leader,eepro
2025-08-swingtime/all-in,2025-08-swingtime/all-in/L-534,2025-08-swingtime,possible,Jonathan Prichard and Sheryl Ritchie,,leader,eepro
2025-08-swingtime/all-in,2025-08-swingtime/all-in/L-534.,2025-08-swingtime,probable,Jonathan Prichard and Brenna Coombs,19758,leader,eepro
2025-08-swingtime/all-in,2025-08-swingtime/all-in/L-535,2025-08-swingtime,possible,Jadin Lewis and Jerika Turnbow,,leader,eepro
2025-08-swingtime/all-in,2025-08-swingtime/all-in/L-548,2025-08-swingtime,probable,Carl Mease and Kayla Coghlan,21286,leader,eepro
2025-08-swingtime/all-in,2025-08-swingtime/all-in/L-553,2025-08-swingtime,probable,Cole McAllister and Annika Collier,26519,leader,eepro
2025-08-swingtime/all-in,2025-08-swingtime/all-in/L-559,2025-08-swingtime,probable,Breydon Lyall and Mia Primavera,14091,leader,eepro
2025-08-swingtime/all-in,2025-08-swingtime/all-in/L-570,2025-08-swingtime,probable,Gabriel J Rogers and Tatiana Ziora,21632,leader,eepro
2025-08-swingtime/all-in,2025-08-swingtime/all-in/L-579,2025-08-swingtime,probable,Gabe Ofordu and Krista Young,22248,leader,eepro
2025-08-swingtime/all-in,2025-08-swingtime/all-in/L-585,2025-08-swingtime,probable,Jordan Keith and Parker Lauren,22830,leader,eepro
2025-08-swingtime/all-in,2025-08-swingtime/all-in/L-590,2025-08-swingtime,unmatched,Michael Rodriguez and Elizabeth McGiffin,,leader,eepro
2025-08-swingtime/all-in,2025-08-swingtime/all-in/L-592,2025-08-swingtime,unmatched,Daniel Shirtz and Bev Hollis,,leader,eepro
2025-08-swingtime/all-in,2025-08-swingtime/all-in/L-593,2025-08-swingtime,unmatched,Josh Kneeland and Michaela Wagley,,leader,eepro
2025-08-swingtime/all-in,2025-08-swingtime/all-in/L-601,2025-08-swingtime,unmatched,Ryan Mantey and Octavia Betz,,leader,eepro
2025-08-swingtime/all-in,2025-08-swingtime/all-in/L-611,2025-08-swingtime,probable,Scott Goodhart and Brittany Richardson,20920,leader,eepro
2025-08-swingtime/all-in,2025-08-swingtime/all-in/L-617,2025-08-swingtime,probable,Jeff Ort and Vyvy Benham,19256,leader,eepro
2025-08-swingtime/all-in,2025-08-swingtime/all-in/L-619,2025-08-swingtime,probable,Connor Johnson and Phoenix Grey,9532,leader,eepro
2025-08-swingtime/all-in,2025-08-swingtime/all-in/L-627,2025-08-swingtime,probable,Mathias Mendillo and Serena Elhard,9337,leader,eepro
2025-08-swingtime/all-in,2025-08-swingtime/all-in/L-636,2025-08-swingtime,probable,Neil Joshi and Kathy Grothe,1205,leader,eepro
2025-08-swingtime/all-in,2025-08-swingtime/all-in/L-655,2025-08-swingtime,probable,Phillip Nicholson and Elise Holland,22525,leader,eepro
2025-08-swingtime/all-in,2025-08-swingtime/all-in/L-661,2025-08-swingtime,probable,Scott Fleischer and Elizabeth Spann,10719,leader,eepro
2025-08-swingtime/all-in,2025-08-swingtime/all-in/L-665,2025-08-swingtime,probable,Cameron Cordova and Lan VoBa,13885,leader,eepro
2025-08-swingtime/all-in,2025-08-swingtime/all-in/L-669,2025-08-swingtime,probable,George Voulgarakis and Wayana Dolan,23215,leader,eepro
2025-08-swingtime/all-in,2025-08-swingtime/all-in/L-683,2025-08-swingtime,probable,Ulric Tyson and Terra Summers,8097,leader,eepro
2025-08-swingtime/all-in,2025-08-swingtime/all-in/L-685,2025-08-swingtime,possible,Ben Black and Anna Ramsey,,leader,eepro
2025-08-swingtime/all-in,2025-08-swingtime/all-in/L-689,2025-08-swingtime,probable,Wyatt Suit and Kristen Ott,16067,leader,eepro
2025-08-swingtime/all-in,2025-08-swingtime/all-in/L-690,2025-08-swingtime,probable,Jon Good and Bailey Burns,24062,leader,eepro
2025-08-swingtime/all-in,2025-08-swingtime/all-in/L-694,2025-08-swingtime,probable,Gabriel Sebastian and Amber Warder,21595,leader,eepro
2025-08-swingtime/all-in,2025-08-swingtime/all-in/L-716,2025-08-swingtime,probable,Joshua Rahm and Laura Koch,4887,leader,eepro
2025-08-swingtime/all-in,2025-08-swingtime/all-in/L-720,2025-08-swingtime,probable,Gabi Wasserman and Lindsay Becerra,17230,leader,eepro
2025-08-swingtime/all-in,2025-08-swingtime/all-in/L-743,2025-08-swingtime,probable,Brandon Haas and Carmen hyunsook Kim,10528,leader,eepro
2025-08-swingtime/all-in,2025-08-swingtime/all-in/L-762,2025-08-swingtime,probable,Michael Harwerth and Brittney McGetrick,25218,leader,eepro
2025-08-swingtime/all-in,2025-08-swingtime/all-in/L-777,2025-08-swingtime,probable,James Wyke and Lisa Maynes,3444,leader,eepro
2025-08-swingtime/all-in,2025-08-swingtime/all-in/L-777.,2025-08-swingtime,unmatched,James Wyke and Chi Pham,,leader,eepro
2025-08-swingtime/all-in,2025-08-swingtime/all-in/L-790,2025-08-swingtime,unmatched,Jared Cogswell and Nicole Bruner,,leader,eepro
2025-08-swingtime/all-in,2025-08-swingtime/all-in/L-791,2025-08-swingtime,possible,John Santos and Cheyenne Sisneros,,leader,eepro
2025-08-swingtime/all-in,2025-08-swingtime/all-in/L-808,2025-08-swingtime,probable,Trenten Jackson and Robyn Maile,26459,leader,eepro
2025-08-swingtime/all-in,2025-08-swingtime/all-in/L-813,2025-08-swingtime,possible,Seth Pearson and Marissa Guillen,,leader,eepro
2025-08-swingtime/all-in,2025-08-swingtime/all-in/L-830,2025-08-swingtime,probable,Blake Knoll and Tess Harris,22016,leader,eepro
2025-08-swingtime/all-in,2025-08-swingtime/all-in/L-837,2025-08-swingtime,probable,Dillon Thomas and Laureen Baldovi,61,leader,eepro
2025-08-swingtime/all-in,2025-08-swingtime/all-in/L-846,2025-08-swingtime,probable,Aris Demarco and Rachel Hughes,26458,leader,eepro
2025-08-swingtime/all-in,2025-08-swingtime/all-in/L-875,2025-08-swingtime,probable,Thomas Garland and Cheri Rafter,12573,leader,eepro
2025-08-swingtime/all-in,2025-08-swingtime/all-in/L-876,2025-08-swingtime,probable,Henry Phan and Mackenzie Goodmanson,5178,leader,eepro
2025-08-swingtime/all-in,2025-08-swingtime/all-in/L-877,2025-08-swingtime,probable,Alex Kim and Cindy Moreno,16368,leader,eepro
2025-08-swingtime/all-in,2025-08-swingtime/all-in/L-888,2025-08-swingtime,probable,Elizabeth Wyke and Kaelyn Swetala,25711,leader,eepro
2025-08-swingtime/rising-star,2025-08-swingtime/rising-star/L-name-andrew-roach-and-abigail-roach,2025-08-swingtime,probable,Andrew Roach and Abigail Roach,21287,leader,eepro
2025-08-swingtime/rising-star,2025-08-swingtime/rising-star/L-name-griffin-roy-and-katie-brady,2025-08-swingtime,unmatched,Griffin Roy and Katie Brady,,leader,eepro
2025-08-swingtime/rising-star,2025-08-swingtime/rising-star/L-name-james-sisneros-and-lauren-hallaron,2025-08-swingtime,probable,James Sisneros and Lauren Hallaron,27929,leader,eepro
2025-08-swingtime/rising-star,2025-08-swingtime/rising-star/L-name-jesse-brummett-and-lan-voba,2025-08-swingtime,probable,Jesse Brummett and Lan VoBa,13885,leader,eepro
2025-08-swingtime/rising-star,2025-08-swingtime/rising-star/L-name-omar-gonzalez-and-giulia-rusch,2025-08-swingtime,probable,Omar Gonzalez and Giulia Rusch,11956,leader,eepro
2025-08-swingtime/rising-star,2025-08-swingtime/rising-star/L-name-trenten-jackson-and-haley-hauglum,2025-08-swingtime,probable,Trenten Jackson and Haley Hauglum,13528,leader,eepro
2025-09-philly-swing-classic/pro-am,2025-09-philly-swing-classic/pro-am/L-175,2025-09-philly-swing-classic,probable,Betsy Munson and Lara Deni,4033,leader,eepro
2025-09-philly-swing-classic/pro-am,2025-09-philly-swing-classic/pro-am/L-180,2025-09-philly-swing-classic,unmatched,Chris Tuey and Lara Deni,,leader,eepro
2025-09-philly-swing-classic/pro-am,2025-09-philly-swing-classic/pro-am/L-197,2025-09-philly-swing-classic,unmatched,Daniella Robichaud and Markus Smith,,leader,eepro
2025-09-philly-swing-classic/pro-am,2025-09-philly-swing-classic/pro-am/L-582,2025-09-philly-swing-classic,unmatched,Isabel DiSciullo and Markus Smith,,leader,eepro
2025-09-philly-swing-classic/pro-am,2025-09-philly-swing-classic/pro-am/L-599,2025-09-philly-swing-classic,unmatched,Wendall McClellan and Lara Deni,,leader,eepro
2025-09-philly-swing-classic/rising-star,2025-09-philly-swing-classic/rising-star/L-103,2025-09-philly-swing-classic,unmatched,Lance Gertz and Kateryna Popik,,leader,eepro
2025-09-philly-swing-classic/rising-star,2025-09-philly-swing-classic/rising-star/L-190,2025-09-philly-swing-classic,probable,Keith Stremmel and Debbie Adams,13910,leader,eepro
2025-09-philly-swing-classic/rising-star,2025-09-philly-swing-classic/rising-star/L-511,2025-09-philly-swing-classic,probable,Michael Medini and Lourdes Cruz,9298,leader,eepro
2025-09-philly-swing-classic/rising-star,2025-09-philly-swing-classic/rising-star/L-545,2025-09-philly-swing-classic,probable,Ilon Weeldreyer and Gaia Read,16292,leader,eepro
2025-09-philly-swing-classic/rising-star,2025-09-philly-swing-classic/rising-star/L-548,2025-09-philly-swing-classic,probable,Maxwell Thew and Alli Reese,13530,leader,eepro
2025-10-halloween-swingthing/monster-mash-all-american,2025-10-halloween-swingthing/monster-mash-all-american/L-101,2025-10-halloween-swingthing,probable,Jeffrey Huynh and Laureen Baldovi,61,leader,eepro
2025-10-halloween-swingthing/monster-mash-all-american,2025-10-halloween-swingthing/monster-mash-all-american/L-102,2025-10-halloween-swingthing,probable,Andrew Son and Olivia Doan,25865,leader,eepro
2025-10-halloween-swingthing/monster-mash-all-american,2025-10-halloween-swingthing/monster-mash-all-american/L-104,2025-10-halloween-swingthing,probable,Macallan Savett and Jessica Greene,22885,leader,eepro
2025-10-halloween-swingthing/monster-mash-all-american,2025-10-halloween-swingthing/monster-mash-all-american/L-107,2025-10-halloween-swingthing,probable,Kevin Hughes and Ruth Richmond,27999,leader,eepro
2025-10-halloween-swingthing/monster-mash-all-american,2025-10-halloween-swingthing/monster-mash-all-american/L-109,2025-10-halloween-swingthing,unmatched,Spencer Gyore and Karen Zhu,,leader,eepro
2025-10-halloween-swingthing/monster-mash-all-american,2025-10-halloween-swingthing/monster-mash-all-american/L-110,2025-10-halloween-swingthing,probable,Jaden Pfeiffer and Lisa K Harwin,27039,leader,eepro
2025-10-halloween-swingthing/monster-mash-all-american,2025-10-halloween-swingthing/monster-mash-all-american/L-112,2025-10-halloween-swingthing,unmatched,Jasson Phillips and Fumiko Jenkins,,leader,eepro
2025-10-halloween-swingthing/monster-mash-all-american,2025-10-halloween-swingthing/monster-mash-all-american/L-124,2025-10-halloween-swingthing,probable,Aidan Keith-Hynes and Annika Collier,26519,leader,eepro
2025-10-halloween-swingthing/monster-mash-all-american,2025-10-halloween-swingthing/monster-mash-all-american/L-126,2025-10-halloween-swingthing,probable,Alejandro Hernandez and Jordan Ruvalcaba,26520,leader,eepro
2025-10-halloween-swingthing/monster-mash-all-american,2025-10-halloween-swingthing/monster-mash-all-american/L-132,2025-10-halloween-swingthing,unmatched,Charles Buffington and Shalay Andrus,,leader,eepro
2025-10-halloween-swingthing/monster-mash-all-american,2025-10-halloween-swingthing/monster-mash-all-american/L-135,2025-10-halloween-swingthing,unmatched,Trenten Jackson and Madison Guevara,,leader,eepro
2025-10-halloween-swingthing/monster-mash-all-american,2025-10-halloween-swingthing/monster-mash-all-american/L-149,2025-10-halloween-swingthing,unmatched,Robert Kleinhuizen and Margie Tuttle,,leader,eepro
2025-10-halloween-swingthing/monster-mash-all-american,2025-10-halloween-swingthing/monster-mash-all-american/L-170,2025-10-halloween-swingthing,probable,John Burroughs and Caylin Knott,26084,leader,eepro
2025-10-halloween-swingthing/monster-mash-all-american,2025-10-halloween-swingthing/monster-mash-all-american/L-185,2025-10-halloween-swingthing,probable,Jefferson Flowers and Janette Ly,26805,leader,eepro
2025-10-halloween-swingthing/monster-mash-all-american,2025-10-halloween-swingthing/monster-mash-all-american/L-187,2025-10-halloween-swingthing,probable,Egan Anselmo and Olga Khvan,9210,leader,eepro
2025-10-halloween-swingthing/monster-mash-all-american,2025-10-halloween-swingthing/monster-mash-all-american/L-200,2025-10-halloween-swingthing,unmatched,Zoey Ho and Nina Cheré,,leader,eepro
2025-10-halloween-swingthing/monster-mash-all-american,2025-10-halloween-swingthing/monster-mash-all-american/L-202,2025-10-halloween-swingthing,probable,Julian Waldburger and Heidi Kasemir,26449,leader,eepro
2025-10-halloween-swingthing/monster-mash-all-american,2025-10-halloween-swingthing/monster-mash-all-american/L-211,2025-10-halloween-swingthing,probable,Nelson Luong and Liat Steinberg,26061,leader,eepro
2025-10-halloween-swingthing/monster-mash-all-american,2025-10-halloween-swingthing/monster-mash-all-american/L-212,2025-10-halloween-swingthing,probable,Diego Brea and Stephenie Thai,26361,leader,eepro
2025-10-halloween-swingthing/monster-mash-all-american,2025-10-halloween-swingthing/monster-mash-all-american/L-223,2025-10-halloween-swingthing,probable,Andres Cedeno and Heather Sabel,23973,leader,eepro
2025-10-halloween-swingthing/monster-mash-all-american,2025-10-halloween-swingthing/monster-mash-all-american/L-225,2025-10-halloween-swingthing,probable,John Santos and Ellie Sousa,22538,leader,eepro
2025-10-halloween-swingthing/monster-mash-all-american,2025-10-halloween-swingthing/monster-mash-all-american/L-228,2025-10-halloween-swingthing,unmatched,Samuel Anspach and Erica Wienzveg,,leader,eepro
2025-10-halloween-swingthing/monster-mash-all-american,2025-10-halloween-swingthing/monster-mash-all-american/L-244,2025-10-halloween-swingthing,probable,Clint Foley and Ying Yu,25999,leader,eepro
2025-10-halloween-swingthing/monster-mash-all-american,2025-10-halloween-swingthing/monster-mash-all-american/L-249,2025-10-halloween-swingthing,unmatched,Calvin Cleveland and Morgan Tilley,,leader,eepro
2025-10-halloween-swingthing/monster-mash-all-american,2025-10-halloween-swingthing/monster-mash-all-american/L-252,2025-10-halloween-swingthing,probable,Chase Henry and April Johnson,24461,leader,eepro
2025-10-halloween-swingthing/monster-mash-all-american,2025-10-halloween-swingthing/monster-mash-all-american/L-257,2025-10-halloween-swingthing,probable,Matt Richey and Parker Lauren,22830,leader,eepro
2025-10-halloween-swingthing/monster-mash-all-american,2025-10-halloween-swingthing/monster-mash-all-american/L-259,2025-10-halloween-swingthing,unmatched,Vincent van Mierlo and Mathia Lam,,leader,eepro
2025-10-halloween-swingthing/monster-mash-all-american,2025-10-halloween-swingthing/monster-mash-all-american/L-266,2025-10-halloween-swingthing,probable,Anton Bogatirev and Srishti Love,24241,leader,eepro
2025-10-halloween-swingthing/monster-mash-all-american,2025-10-halloween-swingthing/monster-mash-all-american/L-27,2025-10-halloween-swingthing,probable,Tanin Kosol and Morgan Kavanagh,23315,leader,eepro
2025-10-halloween-swingthing/monster-mash-all-american,2025-10-halloween-swingthing/monster-mash-all-american/L-284,2025-10-halloween-swingthing,probable,Henry Phan and Ashley Broussard,18006,leader,eepro
2025-10-halloween-swingthing/monster-mash-all-american,2025-10-halloween-swingthing/monster-mash-all-american/L-286,2025-10-halloween-swingthing,probable,Alice Li and Olivia Wilhelms,23322,leader,eepro
2025-10-halloween-swingthing/monster-mash-all-american,2025-10-halloween-swingthing/monster-mash-all-american/L-290,2025-10-halloween-swingthing,probable,Kyle Paul and Grace Dekermenjian,28812,leader,eepro
2025-10-halloween-swingthing/monster-mash-all-american,2025-10-halloween-swingthing/monster-mash-all-american/L-297,2025-10-halloween-swingthing,probable,Luis Ortiz and Gwen Brinsmead,24912,leader,eepro
2025-10-halloween-swingthing/monster-mash-all-american,2025-10-halloween-swingthing/monster-mash-all-american/L-30,2025-10-halloween-swingthing,probable,Chase Yandell and Regina Ledesma,8724,leader,eepro
2025-10-halloween-swingthing/monster-mash-all-american,2025-10-halloween-swingthing/monster-mash-all-american/L-311,2025-10-halloween-swingthing,possible,Christopher Chung and Megan Morris,,leader,eepro
2025-10-halloween-swingthing/monster-mash-all-american,2025-10-halloween-swingthing/monster-mash-all-american/L-322,2025-10-halloween-swingthing,probable,Aleksandr Rozhkov and Ursula Krishtal,18111,leader,eepro
2025-10-halloween-swingthing/monster-mash-all-american,2025-10-halloween-swingthing/monster-mash-all-american/L-335,2025-10-halloween-swingthing,probable,Srikar Bhagavatula and Kayla Cunningham,24913,leader,eepro
2025-10-halloween-swingthing/monster-mash-all-american,2025-10-halloween-swingthing/monster-mash-all-american/L-337,2025-10-halloween-swingthing,probable,Philip Wang and Amanda Langworthy,23608,leader,eepro
2025-10-halloween-swingthing/monster-mash-all-american,2025-10-halloween-swingthing/monster-mash-all-american/L-341,2025-10-halloween-swingthing,unmatched,Aaron Nuno and Laura Rebar,,leader,eepro
2025-10-halloween-swingthing/monster-mash-all-american,2025-10-halloween-swingthing/monster-mash-all-american/L-344,2025-10-halloween-swingthing,probable,Tip West and Annalise Charoonsophonsak,25493,leader,eepro
2025-10-halloween-swingthing/monster-mash-all-american,2025-10-halloween-swingthing/monster-mash-all-american/L-373,2025-10-halloween-swingthing,probable,Omar Gonzalez and Alana Swift,25070,leader,eepro
2025-10-halloween-swingthing/monster-mash-all-american,2025-10-halloween-swingthing/monster-mash-all-american/L-379,2025-10-halloween-swingthing,unmatched,David Guido and Autumn Stewart,,leader,eepro
2025-10-halloween-swingthing/monster-mash-all-american,2025-10-halloween-swingthing/monster-mash-all-american/L-388,2025-10-halloween-swingthing,probable,Alex Parra and Danyah Bray,12794,leader,eepro
2025-10-halloween-swingthing/monster-mash-all-american,2025-10-halloween-swingthing/monster-mash-all-american/L-39,2025-10-halloween-swingthing,probable,Benjamin Plante and Skylar Pritchard,14770,leader,eepro
2025-10-halloween-swingthing/monster-mash-all-american,2025-10-halloween-swingthing/monster-mash-all-american/L-4,2025-10-halloween-swingthing,unmatched,Arthur Beltran and Kim Kelch,,leader,eepro
2025-10-halloween-swingthing/monster-mash-all-american,2025-10-halloween-swingthing/monster-mash-all-american/L-5,2025-10-halloween-swingthing,probable,Pete Castro and Emma Walsh,23029,leader,eepro
2025-10-halloween-swingthing/monster-mash-all-american,2025-10-halloween-swingthing/monster-mash-all-american/L-58,2025-10-halloween-swingthing,unmatched,George Voulgarakis and Paige Solano,,leader,eepro
2025-10-halloween-swingthing/monster-mash-all-american,2025-10-halloween-swingthing/monster-mash-all-american/L-6,2025-10-halloween-swingthing,probable,John-Mark Mamalakis and Morgan Halstead,25190,leader,eepro
2025-10-halloween-swingthing/monster-mash-all-american,2025-10-halloween-swingthing/monster-mash-all-american/L-65,2025-10-halloween-swingthing,probable,Neil Rector and Fiona Callaghan,17934,leader,eepro
2025-10-halloween-swingthing/monster-mash-all-american,2025-10-halloween-swingthing/monster-mash-all-american/L-68,2025-10-halloween-swingthing,probable,Chaz Frankenberry and Ashley Boomershine,22249,leader,eepro
2025-10-halloween-swingthing/monster-mash-all-american,2025-10-halloween-swingthing/monster-mash-all-american/L-72,2025-10-halloween-swingthing,probable,Seth White and Emily Keller,4672,leader,eepro
2025-10-halloween-swingthing/monster-mash-all-american,2025-10-halloween-swingthing/monster-mash-all-american/L-75,2025-10-halloween-swingthing,probable,Demetre Souliotes and Jennifer Hu,24778,leader,eepro
2025-10-halloween-swingthing/monster-mash-all-american,2025-10-halloween-swingthing/monster-mash-all-american/L-87,2025-10-halloween-swingthing,probable,Joshua Pelegrin and Brycelyn Knudson,24872,leader,eepro
2025-10-halloween-swingthing/monster-mash-all-american,2025-10-halloween-swingthing/monster-mash-all-american/L-88,2025-10-halloween-swingthing,probable,Jeremy Cooper and Janelle Guido,7202,leader,eepro
2025-10-halloween-swingthing/monster-mash-all-american,2025-10-halloween-swingthing/monster-mash-all-american/L-89,2025-10-halloween-swingthing,probable,Jack Pacific and Stacey Potter,23286,leader,eepro
2025-10-halloween-swingthing/monster-mash-all-american,2025-10-halloween-swingthing/monster-mash-all-american/L-95,2025-10-halloween-swingthing,probable,Salomon Alcantar and Christina Garza,22131,leader,eepro
2025-10-halloween-swingthing/monster-mash-all-american,2025-10-halloween-swingthing/monster-mash-all-american/L-96,2025-10-halloween-swingthing,probable,Anthony Caine and Shelly Callaghan,13117,leader,eepro
2025-11-dc-swing-experience/pro-am-spotlight-int-adv,2025-11-dc-swing-experience/pro-am-spotlight-int-adv/L-name-bethany-degraff-and-ryan-pflumm,2025-11-dc-swing-experience,unmatched,Bethany DeGraff and Ryan Pflumm,,leader,eepro
2025-11-dc-swing-experience/pro-am-spotlight-int-adv,2025-11-dc-swing-experience/pro-am-spotlight-int-adv/L-name-chris-tuey-and-lara-deni,2025-11-dc-swing-experience,probable,Chris Tuey and Lara Deni,4033,leader,eepro
2025-11-dc-swing-experience/pro-am-spotlight-int-adv,2025-11-dc-swing-experience/pro-am-spotlight-int-adv/L-name-ellis-permann-and-jonathan-wolfgram,2025-11-dc-swing-experience,unmatched,Ellis Permann and Jonathan Wolfgram,,leader,eepro
2025-11-dc-swing-experience/pro-am-spotlight-int-adv,2025-11-dc-swing-experience/pro-am-spotlight-int-adv/L-name-karin-riechenberg-and-markus-smith,2025-11-dc-swing-experience,unmatched,Karin Riechenberg and Markus Smith,,leader,eepro
2025-11-dc-swing-experience/pro-am-spotlight-int-adv,2025-11-dc-swing-experience/pro-am-spotlight-int-adv/L-name-pamela-marr-and-za-thomaier,2025-11-dc-swing-experience,unmatched,Pamela Marr and Za Thomaier,,leader,eepro
2025-11-dc-swing-experience/pro-am-spotlight-int-adv,2025-11-dc-swing-experience/pro-am-spotlight-int-adv/L-name-rick-watts-and-erica-smith,2025-11-dc-swing-experience,unmatched,Rick Watts and Erica Smith,,leader,eepro
2025-11-dc-swing-experience/pro-am-spotlight-int-adv,2025-11-dc-swing-experience/pro-am-spotlight-int-adv/L-name-rye-crowen-and-erica-smith,2025-11-dc-swing-experience,probable,Rye Crowen and Erica Smith,2495,leader,eepro
2025-11-dc-swing-experience/pro-am-spotlight-int-adv,2025-11-dc-swing-experience/pro-am-spotlight-int-adv/L-name-sam-smith-and-arjay-centeno,2025-11-dc-swing-experience,unmatched,Sam Smith and Arjay Centeno,,leader,eepro
2025-11-dc-swing-experience/pro-am-spotlight-int-adv,2025-11-dc-swing-experience/pro-am-spotlight-int-adv/L-name-stephen-duncan-and-lara-deni,2025-11-dc-swing-experience,unmatched,Stephen Duncan and Lara Deni,,leader,eepro
2025-11-dc-swing-experience/pro-am-spotlight-int-adv,2025-11-dc-swing-experience/pro-am-spotlight-int-adv/L-name-yohan-poupard-verdier-and-melodie-paletta,2025-11-dc-swing-experience,probable,Yohan POUPARD-VERDIER and Melodie Paletta,16285,leader,eepro
2025-11-dc-swing-experience/pro-am-spotlight-new-nov,2025-11-dc-swing-experience/pro-am-spotlight-new-nov/L-name-christa-eppinghaus-and-markus-smith,2025-11-dc-swing-experience,unmatched,Christa Eppinghaus and Markus Smith,,leader,eepro
2025-11-dc-swing-experience/pro-am-spotlight-new-nov,2025-11-dc-swing-experience/pro-am-spotlight-new-nov/L-name-isabel-disciullo-and-markus-smith,2025-11-dc-swing-experience,unmatched,Isabel DiSciullo and Markus Smith,,leader,eepro
2025-11-dc-swing-experience/pro-am-spotlight-new-nov,2025-11-dc-swing-experience/pro-am-spotlight-new-nov/L-name-justin-arnold-and-erica-smith,2025-11-dc-swing-experience,probable,Justin Arnold and Erica Smith,2495,leader,eepro
2025-11-dc-swing-experience/pro-am-spotlight-new-nov,2025-11-dc-swing-experience/pro-am-spotlight-new-nov/L-name-rob-stone-and-abigail-baker,2025-11-dc-swing-experience,probable,Rob Stone and Abigail Baker,6228,leader,eepro
2025-11-dc-swing-experience/pro-am-spotlight-new-nov,2025-11-dc-swing-experience/pro-am-spotlight-new-nov/L-name-stephen-barnes-and-alex-raposo,2025-11-dc-swing-experience,probable,Stephen Barnes and Alex Raposo,20353,leader,eepro
2025-11-dc-swing-experience/pro-am-spotlight-new-nov,2025-11-dc-swing-experience/pro-am-spotlight-new-nov/L-name-wendall-mcclellan-and-lara-deni,2025-11-dc-swing-experience,probable,Wendall McClellan and Lara Deni,4033,leader,eepro
2025-11-dc-swing-experience/rising-star,2025-11-dc-swing-experience/rising-star/L-name-andrew-roach-and-abigail-roach,2025-11-dc-swing-experience,probable,Andrew Roach and Abigail Roach,21287,leader,eepro
2025-11-dc-swing-experience/rising-star,2025-11-dc-swing-experience/rising-star/L-name-ilon-weeldreyer-and-gaia-read,2025-11-dc-swing-experience,probable,Ilon Weeldreyer and Gaia Read,16292,leader,eepro
2025-11-dc-swing-experience/rising-star,2025-11-dc-swing-experience/rising-star/L-name-keith-stremmel-and-debbie-adams,2025-11-dc-swing-experience,probable,Keith Stremmel and Debbie Adams,13910,leader,eepro
2025-11-dc-swing-experience/rising-star,2025-11-dc-swing-experience/rising-star/L-name-matt-davis-and-kristen-shaw,2025-11-dc-swing-experience,probable,Matt Davis and Kristen Shaw,9123,leader,eepro
2025-11-dc-swing-experience/rising-star,2025-11-dc-swing-experience/rising-star/L-name-miles-van-de-wetering-and-elise-renwick,2025-11-dc-swing-experience,probable,Miles Van de Wetering and Elise Renwick,21146,leader,eepro
2025-11-dc-swing-experience/rising-star,2025-11-dc-swing-experience/rising-star/L-name-richard-defelice-and-susan-defelice,2025-11-dc-swing-experience,probable,Richard DeFelice and Susan DeFelice,7776,leader,eepro
2025-11-dc-swing-experience/rising-star,2025-11-dc-swing-experience/rising-star/L-name-shawn-mcgettigan-and-hannah-bonaguide,2025-11-dc-swing-experience,probable,Shawn McGettigan and Hannah Bonaguide,19245,leader,eepro
2025-11-dc-swing-experience/rising-star,2025-11-dc-swing-experience/rising-star/L-name-vincent-eubanks-and-pauline-heard-dunn,2025-11-dc-swing-experience,probable,Vincent Eubanks and Pauline Heard Dunn,20808,leader,eepro
2025-11-midnight-madness/advanced-strictly-pro-am-am-followers,2025-11-midnight-madness/advanced-strictly-pro-am-am-followers/F-315,2025-11-midnight-madness,unmatched,Sienna St. Clair and Joel Torgeson,,follower,eepro
2025-11-midnight-madness/advanced-strictly-pro-am-am-followers,2025-11-midnight-madness/advanced-strictly-pro-am-am-followers/F-866,2025-11-midnight-madness,unmatched,Meghan Mui and Sebastian Quinones,,follower,eepro
2025-11-midnight-madness/advanced-strictly-pro-am-am-followers,2025-11-midnight-madness/advanced-strictly-pro-am-am-followers/F-897,2025-11-midnight-madness,unmatched,Britta Albertson and Deon Harrell,,follower,eepro
2025-11-midnight-madness/advanced-strictly-pro-am-am-leaders,2025-11-midnight-madness/advanced-strictly-pro-am-am-leaders/L-881,2025-11-midnight-madness,unmatched,Bruce Park and Emilia Jaskot,,leader,eepro
2025-11-midnight-madness/all-madness-j-j,2025-11-midnight-madness/all-madness-j-j/L-114,2025-11-midnight-madness,possible,Easton England and Emily Huang,,leader,eepro
2025-11-midnight-madness/all-madness-j-j,2025-11-midnight-madness/all-madness-j-j/L-125,2025-11-midnight-madness,probable,Jesse Brummett and Alison Coffey,22892,leader,eepro
2025-11-midnight-madness/all-madness-j-j,2025-11-midnight-madness/all-madness-j-j/L-133,2025-11-midnight-madness,probable,Phil Beadnell and Caity Coburn,27645,leader,eepro
2025-11-midnight-madness/all-madness-j-j,2025-11-midnight-madness/all-madness-j-j/L-136,2025-11-midnight-madness,probable,Billy Shaver and Alexis Garrish,9362,leader,eepro
2025-11-midnight-madness/all-madness-j-j,2025-11-midnight-madness/all-madness-j-j/L-143,2025-11-midnight-madness,probable,Ryan Mantey and Lorél Medina,26075,leader,eepro
2025-11-midnight-madness/all-madness-j-j,2025-11-midnight-madness/all-madness-j-j/L-153,2025-11-midnight-madness,probable,Phoenix MacAiodh and Glenda Fletcher,18939,leader,eepro
2025-11-midnight-madness/all-madness-j-j,2025-11-midnight-madness/all-madness-j-j/L-157,2025-11-midnight-madness,probable,Zach Morris and Shanna Porcari,6916,leader,eepro
2025-11-midnight-madness/all-madness-j-j,2025-11-midnight-madness/all-madness-j-j/L-173,2025-11-midnight-madness,probable,Adrian Ray and Amber Tice,22598,leader,eepro
2025-11-midnight-madness/all-madness-j-j,2025-11-midnight-madness/all-madness-j-j/L-175,2025-11-midnight-madness,probable,Zach Morris and Vivian Pfister,26073,leader,eepro
2025-11-midnight-madness/all-madness-j-j,2025-11-midnight-madness/all-madness-j-j/L-180,2025-11-midnight-madness,unmatched,Anthony Robinski and Leslie Nuemann,,leader,eepro
2025-11-midnight-madness/all-madness-j-j,2025-11-midnight-madness/all-madness-j-j/L-185,2025-11-midnight-madness,probable,Thomas Garland and Jennifer Gorce,22596,leader,eepro
2025-11-midnight-madness/all-madness-j-j,2025-11-midnight-madness/all-madness-j-j/L-326,2025-11-midnight-madness,unmatched,Tommy Schwegmann and Hanna Destiny Lynn,,leader,eepro
2025-11-midnight-madness/all-madness-j-j,2025-11-midnight-madness/all-madness-j-j/L-328,2025-11-midnight-madness,possible,C Chang and Susan Haynes,,leader,eepro
2025-11-midnight-madness/all-madness-j-j,2025-11-midnight-madness/all-madness-j-j/L-331,2025-11-midnight-madness,probable,Denny Pham and Sydni Hearn,25290,leader,eepro
2025-11-midnight-madness/all-madness-j-j,2025-11-midnight-madness/all-madness-j-j/L-353,2025-11-midnight-madness,unmatched,Robert Axley and Megan Rackov,,leader,eepro
2025-11-midnight-madness/all-madness-j-j,2025-11-midnight-madness/all-madness-j-j/L-356,2025-11-midnight-madness,probable,Gabe Ofordu and Natalie Bell,27159,leader,eepro
2025-11-midnight-madness/all-madness-j-j,2025-11-midnight-madness/all-madness-j-j/L-358,2025-11-midnight-madness,probable,Jung Choe and Donna Williams,5271,leader,eepro
2025-11-midnight-madness/all-madness-j-j,2025-11-midnight-madness/all-madness-j-j/L-362,2025-11-midnight-madness,probable,Christopher Dumond and Karen Barrett,9844,leader,eepro
2025-11-midnight-madness/all-madness-j-j,2025-11-midnight-madness/all-madness-j-j/L-368,2025-11-midnight-madness,unmatched,Noah Frome and Kathy Wang,,leader,eepro
2025-11-midnight-madness/all-madness-j-j,2025-11-midnight-madness/all-madness-j-j/L-376,2025-11-midnight-madness,probable,Garrett Thompson and Maria Bileychik,12183,leader,eepro
2025-11-midnight-madness/all-madness-j-j,2025-11-midnight-madness/all-madness-j-j/L-379,2025-11-midnight-madness,probable,Haustyn Forney and Sara Ashun,26717,leader,eepro
2025-11-midnight-madness/all-madness-j-j,2025-11-midnight-madness/all-madness-j-j/L-382,2025-11-midnight-madness,probable,Jadin Lewis and Baylee Schroeder,27337,leader,eepro
2025-11-midnight-madness/all-madness-j-j,2025-11-midnight-madness/all-madness-j-j/L-383,2025-11-midnight-madness,unmatched,Connor Beck and Kylee Hodack,,leader,eepro
2025-11-midnight-madness/all-madness-j-j,2025-11-midnight-madness/all-madness-j-j/L-387,2025-11-midnight-madness,probable,Nicholas Arnold and Amanda Vasquez,20085,leader,eepro
2025-11-midnight-madness/all-madness-j-j,2025-11-midnight-madness/all-madness-j-j/L-391,2025-11-midnight-madness,unmatched,Sam Rothrock and Nicole Bruner,,leader,eepro
2025-11-midnight-madness/all-madness-j-j,2025-11-midnight-madness/all-madness-j-j/L-802,2025-11-midnight-madness,probable,Danny Cherry and Diane Wrightson,21840,leader,eepro
2025-11-midnight-madness/all-madness-j-j,2025-11-midnight-madness/all-madness-j-j/L-808,2025-11-midnight-madness,unmatched,Bryan Jordan and Unique Bryson,,leader,eepro
2025-11-midnight-madness/all-madness-j-j,2025-11-midnight-madness/all-madness-j-j/L-810,2025-11-midnight-madness,probable,Sebastian Quinones and Kindra Stevens,24857,leader,eepro
2025-11-midnight-madness/all-madness-j-j,2025-11-midnight-madness/all-madness-j-j/L-818,2025-11-midnight-madness,unmatched,Jerome Subey and Elisabeth Garlington,,leader,eepro
2025-11-midnight-madness/all-madness-j-j,2025-11-midnight-madness/all-madness-j-j/L-820,2025-11-midnight-madness,probable,Andrew Son and Jocelyn McDowell,23769,leader,eepro
2025-11-midnight-madness/all-madness-j-j,2025-11-midnight-madness/all-madness-j-j/L-827,2025-11-midnight-madness,probable,Demetre Souliotes and Mia Pastor,12424,leader,eepro
2025-11-midnight-madness/all-madness-j-j,2025-11-midnight-madness/all-madness-j-j/L-831,2025-11-midnight-madness,probable,Zachary Harris and Emily Straight,22783,leader,eepro
2025-11-midnight-madness/all-madness-j-j,2025-11-midnight-madness/all-madness-j-j/L-832,2025-11-midnight-madness,probable,Paul Nunez and Kimberly Kidd,9174,leader,eepro
2025-11-midnight-madness/all-madness-j-j,2025-11-midnight-madness/all-madness-j-j/L-841,2025-11-midnight-madness,unmatched,Danya Svir and Stephanie Price,,leader,eepro
2025-11-midnight-madness/all-madness-j-j,2025-11-midnight-madness/all-madness-j-j/L-845,2025-11-midnight-madness,probable,Miguel Gonzales and Britta Albertson,23246,leader,eepro
2025-11-midnight-madness/all-madness-j-j,2025-11-midnight-madness/all-madness-j-j/L-847,2025-11-midnight-madness,probable,Scott Lambie and Julie Waggoner,27155,leader,eepro
2025-11-midnight-madness/all-madness-j-j,2025-11-midnight-madness/all-madness-j-j/L-858,2025-11-midnight-madness,probable,Jeramy Govert and Christine M Medin,13036,leader,eepro
2025-11-midnight-madness/all-madness-j-j,2025-11-midnight-madness/all-madness-j-j/L-869,2025-11-midnight-madness,probable,Austin Cashion and Diana Burkholder,10800,leader,eepro
2025-11-midnight-madness/all-madness-j-j,2025-11-midnight-madness/all-madness-j-j/L-875,2025-11-midnight-madness,probable,Michael Kielbasa and Mackenzie Goodmanson,5178,leader,eepro
2025-11-midnight-madness/all-madness-j-j,2025-11-midnight-madness/all-madness-j-j/L-884,2025-11-midnight-madness,probable,Deon Harrell and Lisa Maynes,3444,leader,eepro
2025-11-midnight-madness/all-madness-j-j,2025-11-midnight-madness/all-madness-j-j/L-887,2025-11-midnight-madness,probable,Eric Byers and Elise Holland,22525,leader,eepro
2025-11-midnight-madness/all-madness-j-j,2025-11-midnight-madness/all-madness-j-j/L-900,2025-11-midnight-madness,probable,Keerigan Rudd and Judith Asem,14090,leader,eepro
2025-11-midnight-madness/all-madness-j-j,2025-11-midnight-madness/all-madness-j-j/L-901,2025-11-midnight-madness,unmatched,Jeremiah Steph and Jacki Normand,,leader,eepro
2025-11-midnight-madness/all-madness-j-j,2025-11-midnight-madness/all-madness-j-j/L-905,2025-11-midnight-madness,unmatched,Randell Livelo and rebekah kuhlman,,leader,eepro
2025-11-midnight-madness/all-madness-j-j,2025-11-midnight-madness/all-madness-j-j/L-907,2025-11-midnight-madness,probable,Luke Applin and Lori Byrd,26549,leader,eepro
2025-11-midnight-madness/all-madness-j-j,2025-11-midnight-madness/all-madness-j-j/L-909,2025-11-midnight-madness,probable,Keaton Rudd and Mackenzie Singer,25093,leader,eepro
2025-11-midnight-madness/all-madness-j-j,2025-11-midnight-madness/all-madness-j-j/L-915,2025-11-midnight-madness,unmatched,Aris Demarco and Kenneth Morgan,,leader,eepro
2025-11-midnight-madness/all-madness-j-j,2025-11-midnight-madness/all-madness-j-j/L-926,2025-11-midnight-madness,probable,Gregory Freeman and Debbie Wagener,21839,leader,eepro
2025-11-midnight-madness/all-madness-j-j,2025-11-midnight-madness/all-madness-j-j/L-928,2025-11-midnight-madness,probable,Salomon Alcantar and Amber Warder,21595,leader,eepro
2025-11-midnight-madness/all-madness-j-j,2025-11-midnight-madness/all-madness-j-j/L-942,2025-11-midnight-madness,probable,Joseph Maldonado and Shelly White,26081,leader,eepro
2025-11-midnight-madness/all-madness-j-j,2025-11-midnight-madness/all-madness-j-j/L-951,2025-11-midnight-madness,probable,Matt Auclair and Madison Vangilder,26729,leader,eepro
2025-11-midnight-madness/all-madness-j-j,2025-11-midnight-madness/all-madness-j-j/L-952,2025-11-midnight-madness,probable,Roberto Cabero and Ariel Peck,12162,leader,eepro
2025-11-midnight-madness/all-madness-j-j,2025-11-midnight-madness/all-madness-j-j/L-955,2025-11-midnight-madness,probable,Brandon Li and Cindy Moreno,16368,leader,eepro
2025-11-midnight-madness/all-madness-j-j,2025-11-midnight-madness/all-madness-j-j/L-961,2025-11-midnight-madness,probable,Devon Holcombe and Rachel Moran,16224,leader,eepro
2025-11-midnight-madness/all-madness-j-j,2025-11-midnight-madness/all-madness-j-j/L-962,2025-11-midnight-madness,probable,Jeremy Brown and Laureen Baldovi,61,leader,eepro
2025-11-midnight-madness/all-madness-j-j,2025-11-midnight-madness/all-madness-j-j/L-967,2025-11-midnight-madness,probable,McKay Nelson and Noelle Hoeppner,17182,leader,eepro
2025-11-midnight-madness/all-madness-j-j,2025-11-midnight-madness/all-madness-j-j/L-969,2025-11-midnight-madness,probable,Jesse Lopez and Adrianne Ziarkowski,23632,leader,eepro
2025-11-midnight-madness/all-madness-j-j,2025-11-midnight-madness/all-madness-j-j/L-971,2025-11-midnight-madness,probable,Rick Brunson and Maddy Knox,24233,leader,eepro
2025-11-midnight-madness/all-madness-j-j,2025-11-midnight-madness/all-madness-j-j/L-974,2025-11-midnight-madness,probable,Brandon Hall and Janie Deroche,18647,leader,eepro
2025-11-midnight-madness/all-madness-j-j,2025-11-midnight-madness/all-madness-j-j/L-981,2025-11-midnight-madness,unmatched,Billy Shaver and Alexis Garrish,,leader,eepro
2025-11-midnight-madness/intermediate-strictly-pro-am-am-followers,2025-11-midnight-madness/intermediate-strictly-pro-am-am-followers/F-105,2025-11-midnight-madness,unmatched,Elisabeth Garlington and PJ Turner,,follower,eepro
2025-11-midnight-madness/intermediate-strictly-pro-am-am-followers,2025-11-midnight-madness/intermediate-strictly-pro-am-am-followers/F-123,2025-11-midnight-madness,unmatched,Diana Burkholder and Matt Auclair,,follower,eepro
2025-11-midnight-madness/intermediate-strictly-pro-am-am-followers,2025-11-midnight-madness/intermediate-strictly-pro-am-am-followers/F-129,2025-11-midnight-madness,unmatched,Emily Straight and Trenten Jackson,,follower,eepro
2025-11-midnight-madness/intermediate-strictly-pro-am-am-followers,2025-11-midnight-madness/intermediate-strictly-pro-am-am-followers/F-214,2025-11-midnight-madness,unmatched,Vanessa OKelly and Sheven Kekoolani,,follower,eepro
2025-11-midnight-madness/intermediate-strictly-pro-am-am-followers,2025-11-midnight-madness/intermediate-strictly-pro-am-am-followers/F-239,2025-11-midnight-madness,unmatched,Isabella Espinosa and Michael Kielbasa,,follower,eepro
2025-11-midnight-madness/intermediate-strictly-pro-am-am-followers,2025-11-midnight-madness/intermediate-strictly-pro-am-am-followers/F-319,2025-11-midnight-madness,unmatched,Lori Byrd and Julio Alvarez,,follower,eepro
2025-11-midnight-madness/intermediate-strictly-pro-am-am-followers,2025-11-midnight-madness/intermediate-strictly-pro-am-am-followers/F-334,2025-11-midnight-madness,unmatched,Savannah Davis and Matt Auclair,,follower,eepro
2025-11-midnight-madness/intermediate-strictly-pro-am-am-followers,2025-11-midnight-madness/intermediate-strictly-pro-am-am-followers/F-344,2025-11-midnight-madness,unmatched,Evie Song and Michael Hassey,,follower,eepro
2025-11-midnight-madness/intermediate-strictly-pro-am-am-followers,2025-11-midnight-madness/intermediate-strictly-pro-am-am-followers/F-354,2025-11-midnight-madness,unmatched,Callie Mashburn and Keerigan Rudd,,follower,eepro
2025-11-midnight-madness/intermediate-strictly-pro-am-am-followers,2025-11-midnight-madness/intermediate-strictly-pro-am-am-followers/F-801,2025-11-midnight-madness,unmatched,Cindy Bai and Deon Harrell,,follower,eepro
2025-11-midnight-madness/intermediate-strictly-pro-am-am-followers,2025-11-midnight-madness/intermediate-strictly-pro-am-am-followers/F-814,2025-11-midnight-madness,unmatched,Maddy Knox and Keerigan Rudd,,follower,eepro
2025-11-midnight-madness/intermediate-strictly-pro-am-am-followers,2025-11-midnight-madness/intermediate-strictly-pro-am-am-followers/F-815,2025-11-midnight-madness,unmatched,Glenda Fletcher and Deon Harrell,,follower,eepro
2025-11-midnight-madness/intermediate-strictly-pro-am-am-followers,2025-11-midnight-madness/intermediate-strictly-pro-am-am-followers/F-839,2025-11-midnight-madness,unmatched,Jessica Jakobeit and Sebastian Quinones,,follower,eepro
2025-11-midnight-madness/intermediate-strictly-pro-am-am-followers,2025-11-midnight-madness/intermediate-strictly-pro-am-am-followers/F-842,2025-11-midnight-madness,unmatched,Donna Williams and Jesse lopez,,follower,eepro
2025-11-midnight-madness/intermediate-strictly-pro-am-am-followers,2025-11-midnight-madness/intermediate-strictly-pro-am-am-followers/F-877,2025-11-midnight-madness,unmatched,Ryenn Will and Sheven Kekoolani,,follower,eepro
2025-11-midnight-madness/intermediate-strictly-pro-am-am-followers,2025-11-midnight-madness/intermediate-strictly-pro-am-am-followers/F-895,2025-11-midnight-madness,unmatched,Willow Vander Kooi and Glenn Ball,,follower,eepro
2025-11-midnight-madness/intermediate-strictly-pro-am-am-followers,2025-11-midnight-madness/intermediate-strictly-pro-am-am-followers/F-911,2025-11-midnight-madness,probable,Olivia Huhta and Deon Harrell,24517,follower,eepro
2025-11-midnight-madness/intermediate-strictly-pro-am-am-followers,2025-11-midnight-madness/intermediate-strictly-pro-am-am-followers/F-914,2025-11-midnight-madness,unmatched,Mackenzie Singer and Sheven Kekoolani,,follower,eepro
2025-11-midnight-madness/intermediate-strictly-pro-am-am-followers,2025-11-midnight-madness/intermediate-strictly-pro-am-am-followers/F-917,2025-11-midnight-madness,unmatched,Jade St. Denis and Deon Harrell,,follower,eepro
2025-11-midnight-madness/intermediate-strictly-pro-am-am-followers,2025-11-midnight-madness/intermediate-strictly-pro-am-am-followers/F-922,2025-11-midnight-madness,unmatched,Ivy Hotz and Sebastian Quinones,,follower,eepro
2025-11-midnight-madness/intermediate-strictly-pro-am-am-followers,2025-11-midnight-madness/intermediate-strictly-pro-am-am-followers/F-943,2025-11-midnight-madness,unmatched,Amanda Vasquez and Sheven Kekoolani,,follower,eepro
2025-11-midnight-madness/intermediate-strictly-pro-am-am-followers,2025-11-midnight-madness/intermediate-strictly-pro-am-am-followers/F-944,2025-11-midnight-madness,unmatched,Tori Oelsen and Michael Hassey,,follower,eepro
2025-11-midnight-madness/intermediate-strictly-pro-am-am-followers,2025-11-midnight-madness/intermediate-strictly-pro-am-am-followers/F-945,2025-11-midnight-madness,unmatched,Danielle Blohm and Deon Harrell,,follower,eepro
2025-11-midnight-madness/intermediate-strictly-pro-am-am-followers,2025-11-midnight-madness/intermediate-strictly-pro-am-am-followers/F-960,2025-11-midnight-madness,unmatched,Stella Kautzman and Keerigan Rudd,,follower,eepro
2025-11-midnight-madness/intermediate-strictly-pro-am-am-followers,2025-11-midnight-madness/intermediate-strictly-pro-am-am-followers/F-999,2025-11-midnight-madness,unmatched,Amber Morgan and Michael Kielbasa,,follower,eepro
2025-11-midnight-madness/intermediate-strictly-pro-am-am-leaders,2025-11-midnight-madness/intermediate-strictly-pro-am-am-leaders/L-173,2025-11-midnight-madness,unmatched,Adrian Maldonado and Morgan Hearrell,,leader,eepro
2025-11-midnight-madness/intermediate-strictly-pro-am-am-leaders,2025-11-midnight-madness/intermediate-strictly-pro-am-am-leaders/L-180,2025-11-midnight-madness,unmatched,Anthony Robinski and Noelle Hoeppner,,leader,eepro
2025-11-midnight-madness/intermediate-strictly-pro-am-am-leaders,2025-11-midnight-madness/intermediate-strictly-pro-am-am-leaders/L-187,2025-11-midnight-madness,unmatched,Taylor Jarrels and Anyssa Olivares,,leader,eepro
2025-11-midnight-madness/intermediate-strictly-pro-am-am-leaders,2025-11-midnight-madness/intermediate-strictly-pro-am-am-leaders/L-331,2025-11-midnight-madness,unmatched,Denny Pham and Shelby Evans,,leader,eepro
2025-11-midnight-madness/intermediate-strictly-pro-am-am-leaders,2025-11-midnight-madness/intermediate-strictly-pro-am-am-leaders/L-367,2025-11-midnight-madness,unmatched,Ethan Jasso and Noelle Hoeppner,,leader,eepro
2025-11-midnight-madness/intermediate-strictly-pro-am-am-leaders,2025-11-midnight-madness/intermediate-strictly-pro-am-am-leaders/L-845,2025-11-midnight-madness,unmatched,Miguel Gonzales and Mia Primavera,,leader,eepro
2025-11-midnight-madness/intermediate-strictly-pro-am-am-leaders,2025-11-midnight-madness/intermediate-strictly-pro-am-am-leaders/L-885,2025-11-midnight-madness,probable,Himanshu Paul and Mia Primavera,21762,leader,eepro
2025-11-midnight-madness/intermediate-strictly-pro-am-am-leaders,2025-11-midnight-madness/intermediate-strictly-pro-am-am-leaders/L-907,2025-11-midnight-madness,unmatched,Luke Applin and Noelle Hoeppner,,leader,eepro
2025-11-midnight-madness/intermediate-strictly-pro-am-am-leaders,2025-11-midnight-madness/intermediate-strictly-pro-am-am-leaders/L-961,2025-11-midnight-madness,unmatched,Devon Holcombe and Laureen Baldovi,,leader,eepro
2025-11-midnight-madness/masters-strictly-pro-am-am-followers,2025-11-midnight-madness/masters-strictly-pro-am-am-followers/F-123,2025-11-midnight-madness,probable,Diana Burkholder and Matt Auclair,50,follower,eepro
2025-11-midnight-madness/masters-strictly-pro-am-am-followers,2025-11-midnight-madness/masters-strictly-pro-am-am-followers/F-317,2025-11-midnight-madness,probable,Tara Dixon and Bryan Jordan,2601,follower,eepro
2025-11-midnight-madness/masters-strictly-pro-am-am-followers,2025-11-midnight-madness/masters-strictly-pro-am-am-followers/F-319,2025-11-midnight-madness,unmatched,Lori Byrd and Bryan Jordan,,follower,eepro
2025-11-midnight-madness/masters-strictly-pro-am-am-followers,2025-11-midnight-madness/masters-strictly-pro-am-am-followers/F-815,2025-11-midnight-madness,probable,Glenda Fletcher and Deon Harrell,15300,follower,eepro
2025-11-midnight-madness/masters-strictly-pro-am-am-followers,2025-11-midnight-madness/masters-strictly-pro-am-am-followers/F-842,2025-11-midnight-madness,probable,Donna Williams and Jesse Lopez,10386,follower,eepro
2025-11-midnight-madness/masters-strictly-pro-am-am-followers,2025-11-midnight-madness/masters-strictly-pro-am-am-followers/F-879,2025-11-midnight-madness,unmatched,Sarah McDonald and Jesse Lopez,,follower,eepro
2025-11-midnight-madness/masters-strictly-pro-am-am-leaders,2025-11-midnight-madness/masters-strictly-pro-am-am-leaders/L-166,2025-11-midnight-madness,probable,Greg Buchanan and Rachel Moran,16224,leader,eepro
2025-11-midnight-madness/masters-strictly-pro-am-am-leaders,2025-11-midnight-madness/masters-strictly-pro-am-am-leaders/L-828,2025-11-midnight-madness,probable,Jack Marburger and Jasmine Williams,4297,leader,eepro
2025-11-midnight-madness/masters-strictly-pro-am-am-leaders,2025-11-midnight-madness/masters-strictly-pro-am-am-leaders/L-881,2025-11-midnight-madness,probable,Bruce Park and Maria Bileychik,12183,leader,eepro
2025-11-midnight-madness/masters-strictly-pro-am-am-leaders,2025-11-midnight-madness/masters-strictly-pro-am-am-leaders/L-971,2025-11-midnight-madness,probable,Rick Brunson and Emilia Jaskot,20498,leader,eepro
2025-11-midnight-madness/newcomer-strictly-pro-am-am-followers,2025-11-midnight-madness/newcomer-strictly-pro-am-am-followers/F-169,2025-11-midnight-madness,unmatched,Kathy Wang and Zachary Morris,,follower,eepro
2025-11-midnight-madness/newcomer-strictly-pro-am-am-followers,2025-11-midnight-madness/newcomer-strictly-pro-am-am-followers/F-175,2025-11-midnight-madness,unmatched,Gloria Sung and Keerigan Rudd,,follower,eepro
2025-11-midnight-madness/newcomer-strictly-pro-am-am-followers,2025-11-midnight-madness/newcomer-strictly-pro-am-am-followers/F-192,2025-11-midnight-madness,unmatched,Stephanie Walbran and Maria Bileychik,,follower,eepro
2025-11-midnight-madness/newcomer-strictly-pro-am-am-followers,2025-11-midnight-madness/newcomer-strictly-pro-am-am-followers/F-856,2025-11-midnight-madness,unmatched,Lalita Gadam and Zachary Morris,,follower,eepro
2025-11-midnight-madness/newcomer-strictly-pro-am-am-followers,2025-11-midnight-madness/newcomer-strictly-pro-am-am-followers/F-867,2025-11-midnight-madness,unmatched,Ruby Knight and Augie Leija,,follower,eepro
2025-11-midnight-madness/newcomer-strictly-pro-am-am-followers,2025-11-midnight-madness/newcomer-strictly-pro-am-am-followers/F-988,2025-11-midnight-madness,unmatched,Dana Gregory and Laureen Baldovi,,follower,eepro
2025-11-midnight-madness/newcomer-strictly-pro-am-am-leaders,2025-11-midnight-madness/newcomer-strictly-pro-am-am-leaders/L-166,2025-11-midnight-madness,unmatched,Greg Buchanan and Rachel Moran,,leader,eepro
2025-11-midnight-madness/newcomer-strictly-pro-am-am-leaders,2025-11-midnight-madness/newcomer-strictly-pro-am-am-leaders/L-171,2025-11-midnight-madness,unmatched,Luis Licea Torres and Rachel Moran,,leader,eepro
2025-11-midnight-madness/newcomer-strictly-pro-am-am-leaders,2025-11-midnight-madness/newcomer-strictly-pro-am-am-leaders/L-198,2025-11-midnight-madness,unmatched,Ansel Riccio and Rachel Moran,,leader,eepro
2025-11-midnight-madness/newcomer-strictly-pro-am-am-leaders,2025-11-midnight-madness/newcomer-strictly-pro-am-am-leaders/L-340,2025-11-midnight-madness,unmatched,Jeff Tippey and Daniela Alonso,,leader,eepro
2025-11-midnight-madness/novice-strictly-pro-am-am-followers,2025-11-midnight-madness/novice-strictly-pro-am-am-followers/F-115,2025-11-midnight-madness,unmatched,Jenny Davis and PJ Turner,,follower,eepro
2025-11-midnight-madness/novice-strictly-pro-am-am-followers,2025-11-midnight-madness/novice-strictly-pro-am-am-followers/F-122,2025-11-midnight-madness,unmatched,Makena Loveland and Noelle Hoeppner,,follower,eepro
2025-11-midnight-madness/novice-strictly-pro-am-am-followers,2025-11-midnight-madness/novice-strictly-pro-am-am-followers/F-141,2025-11-midnight-madness,unmatched,Jennifer Schanaberger and Matt Auclair,,follower,eepro
2025-11-midnight-madness/novice-strictly-pro-am-am-followers,2025-11-midnight-madness/novice-strictly-pro-am-am-followers/F-148,2025-11-midnight-madness,unmatched,Adrianne Ziarkowski and David James,,follower,eepro
2025-11-midnight-madness/novice-strictly-pro-am-am-followers,2025-11-midnight-madness/novice-strictly-pro-am-am-followers/F-161,2025-11-midnight-madness,unmatched,Stephanie Walker and Jadin Lewis,,follower,eepro
2025-11-midnight-madness/novice-strictly-pro-am-am-followers,2025-11-midnight-madness/novice-strictly-pro-am-am-followers/F-176,2025-11-midnight-madness,unmatched,Carla Forston and Augie Leija,,follower,eepro
2025-11-midnight-madness/novice-strictly-pro-am-am-followers,2025-11-midnight-madness/novice-strictly-pro-am-am-followers/F-177,2025-11-midnight-madness,unmatched,Marie Tamliani and Sebastian Quinones,,follower,eepro
2025-11-midnight-madness/novice-strictly-pro-am-am-followers,2025-11-midnight-madness/novice-strictly-pro-am-am-followers/F-179,2025-11-midnight-madness,unmatched,Jocelyn McDowell and Sheven Kekoolani,,follower,eepro
2025-11-midnight-madness/novice-strictly-pro-am-am-followers,2025-11-midnight-madness/novice-strictly-pro-am-am-followers/F-189,2025-11-midnight-madness,unmatched,Nicki Neyrey and Zachary Morris,,follower,eepro
2025-11-midnight-madness/novice-strictly-pro-am-am-followers,2025-11-midnight-madness/novice-strictly-pro-am-am-followers/F-222,2025-11-midnight-madness,unmatched,Jacquelyn Parker and David James,,follower,eepro
2025-11-midnight-madness/novice-strictly-pro-am-am-followers,2025-11-midnight-madness/novice-strictly-pro-am-am-followers/F-311,2025-11-midnight-madness,unmatched,Sydney Koshnick and Augie Leija,,follower,eepro
2025-11-midnight-madness/novice-strictly-pro-am-am-followers,2025-11-midnight-madness/novice-strictly-pro-am-am-followers/F-317,2025-11-midnight-madness,unmatched,Tara Dixon and Bryan Jordan,,follower,eepro
2025-11-midnight-madness/novice-strictly-pro-am-am-followers,2025-11-midnight-madness/novice-strictly-pro-am-am-followers/F-341,2025-11-midnight-madness,unmatched,Kindra Stevens and Keerigan Rudd,,follower,eepro
2025-11-midnight-madness/novice-strictly-pro-am-am-followers,2025-11-midnight-madness/novice-strictly-pro-am-am-followers/F-350,2025-11-midnight-madness,unmatched,Jenni Rogers and Trenten Jackson,,follower,eepro
2025-11-midnight-madness/novice-strictly-pro-am-am-followers,2025-11-midnight-madness/novice-strictly-pro-am-am-followers/F-748,2025-11-midnight-madness,unmatched,Taylor Jackson and Glenn Ball,,follower,eepro
2025-11-midnight-madness/novice-strictly-pro-am-am-followers,2025-11-midnight-madness/novice-strictly-pro-am-am-followers/F-807,2025-11-midnight-madness,unmatched,Amber Tice and Zachary Morris,,follower,eepro
2025-11-midnight-madness/novice-strictly-pro-am-am-followers,2025-11-midnight-madness/novice-strictly-pro-am-am-followers/F-821,2025-11-midnight-madness,unmatched,Madison Vangilder and Jesse Lopez,,follower,eepro
2025-11-midnight-madness/novice-strictly-pro-am-am-followers,2025-11-midnight-madness/novice-strictly-pro-am-am-followers/F-822,2025-11-midnight-madness,unmatched,Alison Coffey and Sebastian Quinones,,follower,eepro
2025-11-midnight-madness/novice-strictly-pro-am-am-followers,2025-11-midnight-madness/novice-strictly-pro-am-am-followers/F-844,2025-11-midnight-madness,unmatched,Kelsey Gonzales and Matt Auclair,,follower,eepro
2025-11-midnight-madness/novice-strictly-pro-am-am-followers,2025-11-midnight-madness/novice-strictly-pro-am-am-followers/F-876,2025-11-midnight-madness,unmatched,Hanna Destiny Lynn and Deon Harrell,,follower,eepro
2025-11-midnight-madness/novice-strictly-pro-am-am-followers,2025-11-midnight-madness/novice-strictly-pro-am-am-followers/F-899,2025-11-midnight-madness,unmatched,Natalie Bell and Sebastian Quinones,,follower,eepro
2025-11-midnight-madness/novice-strictly-pro-am-am-followers,2025-11-midnight-madness/novice-strictly-pro-am-am-followers/F-907,2025-11-midnight-madness,unmatched,Luke Applin and Keerigan Rudd,,follower,eepro
2025-11-midnight-madness/novice-strictly-pro-am-am-followers,2025-11-midnight-madness/novice-strictly-pro-am-am-followers/F-909,2025-11-midnight-madness,unmatched,Keaton Rudd and Keerigan Rudd,,follower,eepro
2025-11-midnight-madness/novice-strictly-pro-am-am-followers,2025-11-midnight-madness/novice-strictly-pro-am-am-followers/F-918,2025-11-midnight-madness,unmatched,Sara Ashun and Deon Harrell,,follower,eepro
2025-11-midnight-madness/novice-strictly-pro-am-am-followers,2025-11-midnight-madness/novice-strictly-pro-am-am-followers/F-983,2025-11-midnight-madness,unmatched,Diane Wrightson and Bryan Jordan,,follower,eepro
2025-11-midnight-madness/novice-strictly-pro-am-am-leaders,2025-11-midnight-madness/novice-strictly-pro-am-am-leaders/L-154,2025-11-midnight-madness,unmatched,Ivan Davidson and Ariel Peck,,leader,eepro
2025-11-midnight-madness/novice-strictly-pro-am-am-leaders,2025-11-midnight-madness/novice-strictly-pro-am-am-leaders/L-183,2025-11-midnight-madness,unmatched,Lucas Vargas and Kristen Wallace,,leader,eepro
2025-11-midnight-madness/novice-strictly-pro-am-am-leaders,2025-11-midnight-madness/novice-strictly-pro-am-am-leaders/L-327,2025-11-midnight-madness,unmatched,John Burroughs and Susan Kirklin,,leader,eepro
2025-11-midnight-madness/novice-strictly-pro-am-am-leaders,2025-11-midnight-madness/novice-strictly-pro-am-am-leaders/L-383,2025-11-midnight-madness,unmatched,Connor Beck and Mia Primavera,,leader,eepro
2025-11-midnight-madness/novice-strictly-pro-am-am-leaders,2025-11-midnight-madness/novice-strictly-pro-am-am-leaders/L-388,2025-11-midnight-madness,unmatched,Jaron Lucas and Noelle Hoeppner,,leader,eepro
2025-11-midnight-madness/novice-strictly-pro-am-am-leaders,2025-11-midnight-madness/novice-strictly-pro-am-am-leaders/L-746,2025-11-midnight-madness,unmatched,Jared Cadore and Rachel Moran,,leader,eepro
2025-11-midnight-madness/novice-strictly-pro-am-am-leaders,2025-11-midnight-madness/novice-strictly-pro-am-am-leaders/L-802,2025-11-midnight-madness,unmatched,Danny Cherry and Ariel Peck,,leader,eepro
2025-11-midnight-madness/novice-strictly-pro-am-am-leaders,2025-11-midnight-madness/novice-strictly-pro-am-am-leaders/L-828,2025-11-midnight-madness,unmatched,Jack Marburger and Jasmine Williams,,leader,eepro
2025-11-midnight-madness/novice-strictly-pro-am-am-leaders,2025-11-midnight-madness/novice-strictly-pro-am-am-leaders/L-901,2025-11-midnight-madness,unmatched,Jeremiah Steph and Deon Harrell,,leader,eepro
2025-11-midnight-madness/novice-strictly-pro-am-am-leaders,2025-11-midnight-madness/novice-strictly-pro-am-am-leaders/L-906,2025-11-midnight-madness,unmatched,Garrett Glass and Shelby Evans,,leader,eepro
2025-11-midnight-madness/novice-strictly-pro-am-am-leaders,2025-11-midnight-madness/novice-strictly-pro-am-am-leaders/L-957,2025-11-midnight-madness,unmatched,George Voulgarakis and Mia Primavera,,leader,eepro
2025-11-midnight-madness/novice-strictly-pro-am-am-leaders,2025-11-midnight-madness/novice-strictly-pro-am-am-leaders/L-967,2025-11-midnight-madness,unmatched,McKay Nelson and Maria Ivanova,,leader,eepro
2025-11-midnight-madness/novice-strictly-pro-am-am-leaders,2025-11-midnight-madness/novice-strictly-pro-am-am-leaders/L-974,2025-11-midnight-madness,unmatched,Brandon Hall and Maria Bileychik,,leader,eepro
2025-11-midnight-madness/pro-am-follow-int-adv,2025-11-midnight-madness/pro-am-follow-int-adv/L-121,2025-11-midnight-madness,unmatched,Charity Brain and Conor McClure,,leader,eepro
2025-11-midnight-madness/pro-am-follow-int-adv,2025-11-midnight-madness/pro-am-follow-int-adv/L-123,2025-11-midnight-madness,unmatched,Diana Burkholder and Matt Auclair,,leader,eepro
2025-11-midnight-madness/pro-am-follow-int-adv,2025-11-midnight-madness/pro-am-follow-int-adv/L-142,2025-11-midnight-madness,unmatched,Malin Nyberg and Tommy Schwegmann,,leader,eepro
2025-11-midnight-madness/pro-am-follow-int-adv,2025-11-midnight-madness/pro-am-follow-int-adv/L-313,2025-11-midnight-madness,unmatched,Jean Barnett and PJ Turner,,leader,eepro
2025-11-midnight-madness/pro-am-follow-int-adv,2025-11-midnight-madness/pro-am-follow-int-adv/L-315,2025-11-midnight-madness,unmatched,Sienna St. Clair and Joel Torgeson,,leader,eepro
2025-11-midnight-madness/pro-am-follow-int-adv,2025-11-midnight-madness/pro-am-follow-int-adv/L-name-brianna-garcia-and-deon-harrell,2025-11-midnight-madness,unmatched,Brianna Garcia and Deon Harrell,,leader,eepro
2025-11-midnight-madness/pro-am-follow-int-adv,2025-11-midnight-madness/pro-am-follow-int-adv/L-name-ella-bell-and-jesse-lopez,2025-11-midnight-madness,unmatched,Ella Bell and Jesse Lopez,,leader,eepro
2025-11-midnight-madness/pro-am-follow-int-adv,2025-11-midnight-madness/pro-am-follow-int-adv/L-name-nicole-bruner-and-keerigan-rudd,2025-11-midnight-madness,unmatched,Nicole Bruner and Keerigan Rudd,,leader,eepro
2025-11-midnight-madness/pro-am-follow-new-nov,2025-11-midnight-madness/pro-am-follow-new-nov/L-122,2025-11-midnight-madness,probable,Makena Loveland and Noelle Hoeppner,17182,leader,eepro
2025-11-midnight-madness/pro-am-follow-new-nov,2025-11-midnight-madness/pro-am-follow-new-nov/L-140,2025-11-midnight-madness,unmatched,Jennifer Schanaberger and Matt Auclair,,leader,eepro
2025-11-midnight-madness/pro-am-follow-new-nov,2025-11-midnight-madness/pro-am-follow-new-nov/L-310,2025-11-midnight-madness,unmatched,Vicki Gilpin and Augie Leija,,leader,eepro
2025-11-midnight-madness/pro-am-follow-new-nov,2025-11-midnight-madness/pro-am-follow-new-nov/L-311,2025-11-midnight-madness,unmatched,Sydney Koshnick and Augie Leija,,leader,eepro
2025-11-midnight-madness/pro-am-follow-new-nov,2025-11-midnight-madness/pro-am-follow-new-nov/L-325,2025-11-midnight-madness,unmatched,Teresa Castillon and Augie Leija,,leader,eepro
2025-11-midnight-madness/pro-am-follow-new-nov,2025-11-midnight-madness/pro-am-follow-new-nov/L-name-jasmine-weber-and-auguie-leija,2025-11-midnight-madness,unmatched,Jasmine Weber and auguie leija,,leader,eepro
2025-11-midnight-madness/pro-am-follow-new-nov,2025-11-midnight-madness/pro-am-follow-new-nov/L-name-linh-nguyen-and-augie-leija,2025-11-midnight-madness,unmatched,Linh Nguyen and Augie Leija,,leader,eepro
2025-11-midnight-madness/rising-star,2025-11-midnight-madness/rising-star/L-112,2025-11-midnight-madness,probable,Augie Leija and Daniela Alonso,20679,leader,eepro
2025-11-midnight-madness/rising-star,2025-11-midnight-madness/rising-star/L-117,2025-11-midnight-madness,probable,Branden Strong and Shayla Bouise,17737,leader,eepro
2025-11-midnight-madness/rising-star,2025-11-midnight-madness/rising-star/L-125,2025-11-midnight-madness,probable,Jesse Brummett and Lan VoBa,13885,leader,eepro
2025-11-midnight-madness/rising-star,2025-11-midnight-madness/rising-star/L-127,2025-11-midnight-madness,probable,Joseph Tong and Kristen Wallace,14487,leader,eepro
2025-11-midnight-madness/rising-star,2025-11-midnight-madness/rising-star/L-134,2025-11-midnight-madness,probable,David Carter and Wendy Carter,20812,leader,eepro
2025-11-midnight-madness/rising-star,2025-11-midnight-madness/rising-star/L-314,2025-11-midnight-madness,probable,Griffin Roy and Katelyn Brady,19803,leader,eepro
2025-11-midnight-madness/rising-star,2025-11-midnight-madness/rising-star/L-316,2025-11-midnight-madness,probable,Joseph Geluz and Sienna St. Clair,17361,leader,eepro
2025-11-midnight-madness/rising-star,2025-11-midnight-madness/rising-star/L-355,2025-11-midnight-madness,probable,Trenten Jackson and Haley Hauglum,13528,leader,eepro
2025-11-the-open/masters-masters,2025-11-the-open/masters-masters/L-name-andreas-palenga-and-tine-palenga,2025-11-the-open,probable,Andreas Palenga and Tine Palenga,17469,leader,eepro
2025-11-the-open/masters-masters,2025-11-the-open/masters-masters/L-name-avner-uzan-and-beverly-durand,2025-11-the-open,probable,Avner Uzan and Beverly Durand,254,leader,eepro
2025-11-the-open/masters-masters,2025-11-the-open/masters-masters/L-name-david-carter-and-wendy-carter,2025-11-the-open,probable,David Carter and Wendy Carter,20812,leader,eepro
2025-11-the-open/masters-masters,2025-11-the-open/masters-masters/L-name-james-bryant-and-cecelia-leah-bryant,2025-11-the-open,unmatched,James Bryant and Cecelia (Leah) Bryant,,leader,eepro
2025-11-the-open/masters-masters,2025-11-the-open/masters-masters/L-name-keith-smith-and-carmen-vaughn,2025-11-the-open,probable,Keith Smith and Carmen Vaughn,12508,leader,eepro
2025-11-the-open/masters-masters,2025-11-the-open/masters-masters/L-name-marc-heldt-and-sandra-friedrich,2025-11-the-open,possible,Marc Heldt and Sandra Friedrich,,leader,eepro
2025-11-the-open/masters-masters,2025-11-the-open/masters-masters/L-name-noel-charbonnier-and-chantal-verpillat,2025-11-the-open,unmatched,Noël Charbonnier and Chantal Verpillat,,leader,eepro
2025-11-the-open/masters-masters,2025-11-the-open/masters-masters/L-name-philippe-ferracci-and-marie-carmen-sanchez,2025-11-the-open,probable,Philippe Ferracci and Marie Carmen Sanchez,25830,leader,eepro
2025-11-the-open/masters-masters,2025-11-the-open/masters-masters/L-name-richard-defelice-and-susan-defelice,2025-11-the-open,probable,Richard DeFelice and Susan DeFelice,7776,leader,eepro
2025-11-the-open/masters-masters,2025-11-the-open/masters-masters/L-name-tom-cochran-and-dawne-haight,2025-11-the-open,possible,Tom Cochran and Dawne Haight,,leader,eepro
2025-11-the-open/masters-masters,2025-11-the-open/masters-masters/L-name-woody-bretz-and-louise-bretz,2025-11-the-open,probable,Woody Bretz and Louise Bretz,255,leader,eepro
2025-11-the-open/open-carolina-shag-open,2025-11-the-open/open-carolina-shag-open/L-name-ashley-stewart-and-tobitha-stewart,2025-11-the-open,probable,Ashley Stewart and Tobitha Stewart,24336,leader,eepro
2025-11-the-open/open-carolina-shag-open,2025-11-the-open/open-carolina-shag-open/L-name-joey-sogluizzo-and-jennifer-sogluizzo,2025-11-the-open,unmatched,Joey Sogluizzo and Jennifer Sogluizzo,,leader,eepro
2025-11-the-open/open-carolina-shag-open,2025-11-the-open/open-carolina-shag-open/L-name-river-harmon-and-nickie-taylor,2025-11-the-open,possible,River harmon and Nickie Taylor,,leader,eepro
2025-11-the-open/open-carolina-shag-open,2025-11-the-open/open-carolina-shag-open/L-name-scott-campbell-and-autumn-jones,2025-11-the-open,unmatched,Scott Campbell and Autumn Jones,,leader,eepro
2025-11-the-open/open-pro-am-follower,2025-11-the-open/open-pro-am-follower/F-name-amber-dillenkoffer-and-matt-auclair,2025-11-the-open,possible,Amber Dillenkoffer and Matt Auclair,,follower,eepro
2025-11-the-open/open-pro-am-follower,2025-11-the-open/open-pro-am-follower/F-name-ashley-smith-and-ben-mchenry,2025-11-the-open,possible,Ashley Smith and Ben McHenry,,follower,eepro
2025-11-the-open/open-pro-am-follower,2025-11-the-open/open-pro-am-follower/F-name-bethany-degraff-and-ryan-pflumm,2025-11-the-open,possible,Bethany DeGraff and Ryan Pflumm,,follower,eepro
2025-11-the-open/open-pro-am-follower,2025-11-the-open/open-pro-am-follower/F-name-cali-corkran-and-james-wyke,2025-11-the-open,possible,Cali Corkran and James Wyke,,follower,eepro
2025-11-the-open/open-pro-am-follower,2025-11-the-open/open-pro-am-follower/F-name-charity-brain-and-conor-mcclure,2025-11-the-open,possible,Charity Brain and Conor McClure,,follower,eepro
2025-11-the-open/open-pro-am-follower,2025-11-the-open/open-pro-am-follower/F-name-claire-flogel-and-joey-sogluizzo,2025-11-the-open,unmatched,Claire Flogel and Joey Sogluizzo,,follower,eepro
2025-11-the-open/open-pro-am-follower,2025-11-the-open/open-pro-am-follower/F-name-elana-lassiter-and-river-harmon,2025-11-the-open,unmatched,Elana Lassiter and River Harmon,,follower,eepro
2025-11-the-open/open-pro-am-follower,2025-11-the-open/open-pro-am-follower/F-name-ella-bell-and-jesse-lopez,2025-11-the-open,possible,Ella Bell and Jesse Lopez,,follower,eepro
2025-11-the-open/open-pro-am-follower,2025-11-the-open/open-pro-am-follower/F-name-ellis-permann-and-jonathan-wolfgram,2025-11-the-open,possible,Ellis Permann and Jonathan Wolfgram,,follower,eepro
2025-11-the-open/open-pro-am-follower,2025-11-the-open/open-pro-am-follower/F-name-estelle-chardonnens-and-joao-parada,2025-11-the-open,possible,Estelle Chardonnens and Joao Parada,,follower,eepro
2025-11-the-open/open-pro-am-follower,2025-11-the-open/open-pro-am-follower/F-name-grainne-farrell-and-lee-easton,2025-11-the-open,possible,Gráinne Farrell and Lee Easton,,follower,eepro
2025-11-the-open/open-pro-am-follower,2025-11-the-open/open-pro-am-follower/F-name-graylen-kirby-and-scott-campbell,2025-11-the-open,possible,Graylen Kirby and Scott Campbell,,follower,eepro
2025-11-the-open/open-pro-am-follower,2025-11-the-open/open-pro-am-follower/F-name-jean-barnett-and-pj-turner,2025-11-the-open,possible,Jean Barnett and PJ Turner,,follower,eepro
2025-11-the-open/open-pro-am-follower,2025-11-the-open/open-pro-am-follower/F-name-jennifer-schanaberger-and-matt-auclair,2025-11-the-open,unmatched,Jennifer Schanaberger and Matt Auclair,,follower,eepro
2025-11-the-open/open-pro-am-follower,2025-11-the-open/open-pro-am-follower/F-name-joslyn-mendez-and-ben-mchenry,2025-11-the-open,probable,Joslyn Mendez and Ben McHenry,24309,follower,eepro
2025-11-the-open/open-pro-am-follower,2025-11-the-open/open-pro-am-follower/F-name-leiya-crosbie-and-paul-warden,2025-11-the-open,possible,Leiya Crosbie and Paul Warden,,follower,eepro
2025-11-the-open/open-pro-am-follower,2025-11-the-open/open-pro-am-follower/F-name-linda-guetterman-and-matt-auclair,2025-11-the-open,unmatched,Linda Guetterman and Matt Auclair,,follower,eepro
2025-11-the-open/open-pro-am-follower,2025-11-the-open/open-pro-am-follower/F-name-liv-kirby-and-scott-campbell,2025-11-the-open,possible,Liv Kirby and Scott Campbell,,follower,eepro
2025-11-the-open/open-pro-am-follower,2025-11-the-open/open-pro-am-follower/F-name-maggie-jackson-and-river-harmon,2025-11-the-open,unmatched,Maggie Jackson and River Harmon,,follower,eepro
2025-11-the-open/open-pro-am-follower,2025-11-the-open/open-pro-am-follower/F-name-makena-loveland-and-noelle-hoeppner,2025-11-the-open,probable,Makena Loveland and Noelle Hoeppner,17182,follower,eepro
2025-11-the-open/open-pro-am-follower,2025-11-the-open/open-pro-am-follower/F-name-mathilde-rallet-and-philippe-amar,2025-11-the-open,possible,Mathilde Rallet and Philippe Amar,,follower,eepro
2025-11-the-open/open-pro-am-follower,2025-11-the-open/open-pro-am-follower/F-name-nicole-bruner-and-keerigan-rudd,2025-11-the-open,possible,Nicole Bruner and Keerigan Rudd,,follower,eepro
2025-11-the-open/open-pro-am-follower,2025-11-the-open/open-pro-am-follower/F-name-pamela-marr-and-za-thomaier,2025-11-the-open,possible,Pamela Marr and Za Thomaier,,follower,eepro
2025-11-the-open/open-pro-am-follower,2025-11-the-open/open-pro-am-follower/F-name-sarah-rose-goin-and-matt-auclair,2025-11-the-open,unmatched,Sarah Rose Goin and Matt Auclair,,follower,eepro
2025-11-the-open/open-pro-am-follower,2025-11-the-open/open-pro-am-follower/F-name-sienna-st-clair-and-joel-torgeson,2025-11-the-open,possible,Sienna St. Clair and Joel Torgeson,,follower,eepro
2025-11-the-open/open-pro-am-follower,2025-11-the-open/open-pro-am-follower/F-name-zoe-osborn-and-jesse-lopez,2025-11-the-open,unmatched,Zoe Osborn and Jesse Lopez,,follower,eepro
2025-11-the-open/open-pro-am-leader,2025-11-the-open/open-pro-am-leader/L-name-aurelien-bernard-and-celine-fournier,2025-11-the-open,possible,Aurelien Bernard and Celine Fournier,,leader,eepro
2025-11-the-open/open-pro-am-leader,2025-11-the-open/open-pro-am-leader/L-name-bryan-veltz-and-maina-vila-cobarsi,2025-11-the-open,possible,Bryan Veltz and Maïna Vila Cobarsi,,leader,eepro
2025-11-the-open/open-pro-am-leader,2025-11-the-open/open-pro-am-leader/L-name-cedric-le-franc-and-savana-barreau,2025-11-the-open,possible,Cédric Le Franc and Savana Barreau,,leader,eepro
2025-11-the-open/open-pro-am-leader,2025-11-the-open/open-pro-am-leader/L-name-chris-tuey-and-lara-deni,2025-11-the-open,possible,Chris Tuey and Lara Deni,,leader,eepro
2025-11-the-open/open-pro-am-leader,2025-11-the-open/open-pro-am-leader/L-name-connor-sanders-and-autumn-jones,2025-11-the-open,unmatched,Connor Sanders and Autumn Jones,,leader,eepro
2025-11-the-open/open-pro-am-leader,2025-11-the-open/open-pro-am-leader/L-name-easton-brown-and-nickie-taylor,2025-11-the-open,possible,Easton Brown and Nickie Taylor,,leader,eepro
2025-11-the-open/open-pro-am-leader,2025-11-the-open/open-pro-am-leader/L-name-easton-england-and-noelle-hoeppner,2025-11-the-open,possible,Easton England and Noelle Hoeppner,,leader,eepro
2025-11-the-open/open-pro-am-leader,2025-11-the-open/open-pro-am-leader/L-name-harish-kommineni-and-ariel-peck,2025-11-the-open,possible,Harish Kommineni and Ariel Peck,,leader,eepro
2025-11-the-open/open-pro-am-leader,2025-11-the-open/open-pro-am-leader/L-name-jubilee-rasmussen-and-jeanne-degeyter,2025-11-the-open,possible,Jubilee Rasmussen and Jeanne DeGeyter,,leader,eepro
2025-11-the-open/open-pro-am-leader,2025-11-the-open/open-pro-am-leader/L-name-michael-roberge-and-mackenzie-keister,2025-11-the-open,possible,Michael Roberge and Mackenzie Keister,,leader,eepro
2025-11-the-open/open-pro-am-leader,2025-11-the-open/open-pro-am-leader/L-name-scott-fleischer-and-elizabeth-wyke,2025-11-the-open,possible,Scott Fleischer and Elizabeth Wyke,,leader,eepro
2025-11-the-open/open-pro-am-leader,2025-11-the-open/open-pro-am-leader/L-name-tucker-brown-and-nickie-taylor,2025-11-the-open,possible,Tucker Brown and Nickie Taylor,,leader,eepro
2025-11-the-open/open-pro-am-leader,2025-11-the-open/open-pro-am-leader/L-name-yohan-poupard-verdier-and-melodie-paletta,2025-11-the-open,possible,Yohan Poupard-Verdier and Melodie Paletta,,leader,eepro
2025-11-the-open/sophisticated-pro-am-follower,2025-11-the-open/sophisticated-pro-am-follower/F-name-christine-zoyhofski-and-derek-leyva,2025-11-the-open,probable,Christine Zoyhofski and Derek Leyva,7899,follower,eepro
2025-11-the-open/sophisticated-pro-am-follower,2025-11-the-open/sophisticated-pro-am-follower/F-name-cory-johnson-and-matt-auclair,2025-11-the-open,probable,Cory Johnson and Matt Auclair,50,follower,eepro
2025-11-the-open/sophisticated-pro-am-follower,2025-11-the-open/sophisticated-pro-am-follower/F-name-denise-richardet-and-joao-parada,2025-11-the-open,probable,Denise Richardet and Joao Parada,10214,follower,eepro
2025-11-the-open/sophisticated-pro-am-follower,2025-11-the-open/sophisticated-pro-am-follower/F-name-diana-burkholder-and-matt-auclair,2025-11-the-open,unmatched,Diana Burkholder and Matt Auclair,,follower,eepro
2025-11-the-open/sophisticated-pro-am-follower,2025-11-the-open/sophisticated-pro-am-follower/F-name-jasmine-weber-and-augie-leija,2025-11-the-open,probable,Jasmine Weber and Augie Leija,7373,follower,eepro
2025-11-the-open/sophisticated-pro-am-follower,2025-11-the-open/sophisticated-pro-am-follower/F-name-joyce-fisher-and-matt-auclair,2025-11-the-open,unmatched,Joyce Fisher and Matt Auclair,,follower,eepro
2025-11-the-open/sophisticated-pro-am-follower,2025-11-the-open/sophisticated-pro-am-follower/F-name-malin-nyberg-and-tommy-schwegmann,2025-11-the-open,probable,Malin Nyberg and Tommy Schwegmann,7844,follower,eepro
2025-11-the-open/sophisticated-pro-am-follower,2025-11-the-open/sophisticated-pro-am-follower/F-name-marie-carmen-sanchez-and-sebastien-cadet,2025-11-the-open,unmatched,Marie Carmen Sanchez and Sébastien Cadet,,follower,eepro
2025-11-the-open/sophisticated-pro-am-follower,2025-11-the-open/sophisticated-pro-am-follower/F-name-melissa-liao-and-kevin-kane,2025-11-the-open,probable,Melissa Liao and Kevin Kane,7391,follower,eepro
2025-11-the-open/sophisticated-pro-am-follower,2025-11-the-open/sophisticated-pro-am-follower/F-name-patty-houston-and-john-su,2025-11-the-open,probable,Patty Houston and John Su,10847,follower,eepro
2025-11-the-open/sophisticated-pro-am-follower,2025-11-the-open/sophisticated-pro-am-follower/F-name-tanya-wells-cranshaw-and-matt-auclair,2025-11-the-open,unmatched,Tanya Wells Cranshaw and Matt Auclair,,follower,eepro
2025-11-the-open/sophisticated-pro-am-follower,2025-11-the-open/sophisticated-pro-am-follower/F-name-teresa-tj-flowers-and-ryan-pflumm,2025-11-the-open,probable,Teresa TJ Flowers and Ryan Pflumm,12427,follower,eepro
2025-11-the-open/sophisticated-pro-am-follower,2025-11-the-open/sophisticated-pro-am-follower/F-name-tiffany-good-and-matt-auclair,2025-11-the-open,unmatched,Tiffany Good and Matt Auclair,,follower,eepro
2025-11-the-open/sophisticated-pro-am-follower,2025-11-the-open/sophisticated-pro-am-follower/F-name-titaua-richecoeur-and-jean-nicolas-winter,2025-11-the-open,unmatched,Titaua Richecoeur and Jean-Nicolas Winter,,follower,eepro
2025-11-the-open/sophisticated-pro-am-follower,2025-11-the-open/sophisticated-pro-am-follower/F-name-vicki-gilpin-and-augie-leija,2025-11-the-open,unmatched,Vicki Gilpin and Augie Leija,,follower,eepro
2025-11-the-open/sophisticated-pro-am-leader,2025-11-the-open/sophisticated-pro-am-leader/L-name-divy-ravindranath-and-kathleen-sun,2025-11-the-open,probable,Divy Ravindranath and Kathleen Sun,15296,leader,eepro
2025-11-the-open/sophisticated-pro-am-leader,2025-11-the-open/sophisticated-pro-am-leader/L-name-eric-fernandez-and-nataliya-kane,2025-11-the-open,probable,Eric Fernandez and Nataliya Kane,9888,leader,eepro
2025-11-the-open/sophisticated-pro-am-leader,2025-11-the-open/sophisticated-pro-am-leader/L-name-kameron-moore-and-elizabeth-wyke,2025-11-the-open,probable,Kameron Moore and Elizabeth Wyke,19409,leader,eepro
2025-11-the-open/sophisticated-pro-am-leader,2025-11-the-open/sophisticated-pro-am-leader/L-name-stephen-barnes-and-alex-raposo,2025-11-the-open,probable,Stephen Barnes and Alex Raposo,20353,leader,eepro
2025-11-the-open/sophisticated-pro-am-leader,2025-11-the-open/sophisticated-pro-am-leader/L-name-wendall-mcclellan-and-lara-deni,2025-11-the-open,probable,Wendall McClellan and Lara Deni,4033,leader,eepro
2025-11-the-open/sophisticated-sophisticated,2025-11-the-open/sophisticated-sophisticated/L-name-derek-leyva-and-jennifer-norris,2025-11-the-open,probable,Derek Leyva and Jennifer Norris,13304,leader,eepro
2025-11-the-open/sophisticated-sophisticated,2025-11-the-open/sophisticated-sophisticated/L-name-john-su-and-joanna-meinl,2025-11-the-open,probable,John Su and Joanna Meinl,5062,leader,eepro
2025-11-the-open/sophisticated-sophisticated,2025-11-the-open/sophisticated-sophisticated/L-name-matt-auclair-and-julie-auclair,2025-11-the-open,probable,Matt Auclair and Julie Auclair,11308,leader,eepro
2025-11-the-open/sophisticated-sophisticated,2025-11-the-open/sophisticated-sophisticated/L-name-ryan-pflumm-and-lara-deni,2025-11-the-open,probable,Ryan Pflumm and Lara Deni,4033,leader,eepro
2025-11-the-open/sophisticated-sophisticated,2025-11-the-open/sophisticated-sophisticated/L-name-sebastian-schwind-and-sarah-latton,2025-11-the-open,probable,Sebastian Schwind and Sarah Latton,22819,leader,eepro
2025-11-the-open/sophisticated-sophisticated,2025-11-the-open/sophisticated-sophisticated/L-name-sebastien-cadet-and-blandine-iche,2025-11-the-open,possible,Sébastien Cadet and Blandine Iche,,leader,eepro
2025-11-the-open/sophisticated-sophisticated,2025-11-the-open/sophisticated-sophisticated/L-name-sylvain-poincon-and-celine-fournier,2025-11-the-open,probable,Sylvain Poinçon and Celine Fournier,7813,leader,eepro
2025-11-the-open/sophisticated-sophisticated,2025-11-the-open/sophisticated-sophisticated/L-name-tom-cochran-and-beverly-durand,2025-11-the-open,probable,Tom Cochran and Beverly Durand,254,leader,eepro
2025-11-the-open/sophisticated-sophisticated,2025-11-the-open/sophisticated-sophisticated/L-name-tommy-schwegmann-and-azucena-perez,2025-11-the-open,possible,Tommy Schwegmann and Azucena Perez,,leader,eepro
2025-11-the-open/young-adult,2025-11-the-open/young-adult/L-name-jeanne-gelis-and-mahee-laybros,2025-11-the-open,probable,Jeanne Gelis and Mahée Laybros,21530,leader,eepro
2025-11-the-open/young-adult,2025-11-the-open/young-adult/L-name-layan-boucheta-and-clarisse-sammut-roquet,2025-11-the-open,probable,Layan Boucheta and Clarisse Sammut-Roquet,21531,leader,eepro
2025-11-the-open/young-adult,2025-11-the-open/young-adult/L-name-parker-caldwell-and-saddie-honeycutt,2025-11-the-open,probable,Parker Caldwell and Saddie Honeycutt,24234,leader,eepro
2025-12-swingle-bell-rock/swinglebell-rock-challenge,2025-12-swingle-bell-rock/swinglebell-rock-challenge/L-name-shaun-clark-and-michelle-fischer,2025-12-swingle-bell-rock,probable,Shaun Clark and Michelle Fischer,8317,leader,eepro
2026-01-austin-swing-dance-championships/intermediate-strictly-pro-am-am-followers,2026-01-austin-swing-dance-championships/intermediate-strictly-pro-am-am-followers/F-151,2026-01-austin-swing-dance-championships,unmatched,Stella Kautzman and Sebastian Quinones,,follower,eepro
2026-01-austin-swing-dance-championships/intermediate-strictly-pro-am-am-followers,2026-01-austin-swing-dance-championships/intermediate-strictly-pro-am-am-followers/F-160,2026-01-austin-swing-dance-championships,unmatched,Malin Nyberg and Tommy Schwegmann,,follower,eepro
2026-01-austin-swing-dance-championships/intermediate-strictly-pro-am-am-followers,2026-01-austin-swing-dance-championships/intermediate-strictly-pro-am-am-followers/F-164,2026-01-austin-swing-dance-championships,unmatched,Savannah Davis and Sebastian Quinones,,follower,eepro
2026-01-austin-swing-dance-championships/intermediate-strictly-pro-am-am-followers,2026-01-austin-swing-dance-championships/intermediate-strictly-pro-am-am-followers/F-299,2026-01-austin-swing-dance-championships,probable,Briley Sterling and Branden Strong,23959,follower,eepro
2026-01-austin-swing-dance-championships/intermediate-strictly-pro-am-am-followers,2026-01-austin-swing-dance-championships/intermediate-strictly-pro-am-am-followers/F-310,2026-01-austin-swing-dance-championships,unmatched,Isabella Espinosa and Mia Primavera,,follower,eepro
2026-01-austin-swing-dance-championships/intermediate-strictly-pro-am-am-followers,2026-01-austin-swing-dance-championships/intermediate-strictly-pro-am-am-followers/F-316,2026-01-austin-swing-dance-championships,unmatched,Amber Morgan and Keerigan Rudd,,follower,eepro
2026-01-austin-swing-dance-championships/intermediate-strictly-pro-am-am-followers,2026-01-austin-swing-dance-championships/intermediate-strictly-pro-am-am-followers/F-317,2026-01-austin-swing-dance-championships,unmatched,Jasmine Mendiola and Kristen Wallace,,follower,eepro
2026-01-austin-swing-dance-championships/intermediate-strictly-pro-am-am-followers,2026-01-austin-swing-dance-championships/intermediate-strictly-pro-am-am-followers/F-333,2026-01-austin-swing-dance-championships,unmatched,Amanda Vasquez and Sebastian Quinones,,follower,eepro
2026-01-austin-swing-dance-championships/intermediate-strictly-pro-am-am-followers,2026-01-austin-swing-dance-championships/intermediate-strictly-pro-am-am-followers/F-341,2026-01-austin-swing-dance-championships,unmatched,Jubilee Rasmussen and Sebastian Quinones,,follower,eepro
2026-01-austin-swing-dance-championships/intermediate-strictly-pro-am-am-followers,2026-01-austin-swing-dance-championships/intermediate-strictly-pro-am-am-followers/F-345,2026-01-austin-swing-dance-championships,unmatched,Sydni Hearn and Branden Strong,,follower,eepro
2026-01-austin-swing-dance-championships/intermediate-strictly-pro-am-am-followers,2026-01-austin-swing-dance-championships/intermediate-strictly-pro-am-am-followers/F-360,2026-01-austin-swing-dance-championships,unmatched,Leilani Long and Tommy Schwegmann,,follower,eepro
2026-01-austin-swing-dance-championships/intermediate-strictly-pro-am-am-followers,2026-01-austin-swing-dance-championships/intermediate-strictly-pro-am-am-followers/F-386,2026-01-austin-swing-dance-championships,unmatched,Cindy Bai and Keerigan Rudd,,follower,eepro
2026-01-austin-swing-dance-championships/intermediate-strictly-pro-am-am-followers,2026-01-austin-swing-dance-championships/intermediate-strictly-pro-am-am-followers/F-405,2026-01-austin-swing-dance-championships,unmatched,Sarah Brown and Keerigan Rudd,,follower,eepro
2026-01-austin-swing-dance-championships/intermediate-strictly-pro-am-am-followers,2026-01-austin-swing-dance-championships/intermediate-strictly-pro-am-am-followers/F-416,2026-01-austin-swing-dance-championships,unmatched,Kayla Cunningham and Branden Strong,,follower,eepro
2026-01-austin-swing-dance-championships/intermediate-strictly-pro-am-am-followers,2026-01-austin-swing-dance-championships/intermediate-strictly-pro-am-am-followers/F-448,2026-01-austin-swing-dance-championships,unmatched,Nicole Augustus and Branden Strong,,follower,eepro
2026-01-austin-swing-dance-championships/intermediate-strictly-pro-am-am-followers,2026-01-austin-swing-dance-championships/intermediate-strictly-pro-am-am-followers/F-451,2026-01-austin-swing-dance-championships,unmatched,Ivy Hotz and Sebastian Quinones,,follower,eepro
2026-01-austin-swing-dance-championships/intermediate-strictly-pro-am-am-leaders,2026-01-austin-swing-dance-championships/intermediate-strictly-pro-am-am-leaders/L-177,2026-01-austin-swing-dance-championships,unmatched,Luke Applin and Mia Primavera,,leader,eepro
2026-01-austin-swing-dance-championships/intermediate-strictly-pro-am-am-leaders,2026-01-austin-swing-dance-championships/intermediate-strictly-pro-am-am-leaders/L-283,2026-01-austin-swing-dance-championships,unmatched,Cade Solberg and Morgan Hearrell,,leader,eepro
2026-01-austin-swing-dance-championships/intermediate-strictly-pro-am-am-leaders,2026-01-austin-swing-dance-championships/intermediate-strictly-pro-am-am-leaders/L-400,2026-01-austin-swing-dance-championships,unmatched,Nicholas Johnson and Mia Primavera,,leader,eepro
2026-01-austin-swing-dance-championships/intermediate-strictly-pro-am-am-leaders,2026-01-austin-swing-dance-championships/intermediate-strictly-pro-am-am-leaders/L-402,2026-01-austin-swing-dance-championships,probable,Abel Barrientes and Laureen Baldovi,16899,leader,eepro
2026-01-austin-swing-dance-championships/intermediate-strictly-pro-am-am-leaders,2026-01-austin-swing-dance-championships/intermediate-strictly-pro-am-am-leaders/L-450,2026-01-austin-swing-dance-championships,unmatched,Brandon Hall and Mia Primavera,,leader,eepro
2026-01-austin-swing-dance-championships/masters-strictly-pro-am-am-followers,2026-01-austin-swing-dance-championships/masters-strictly-pro-am-am-followers/F-120,2026-01-austin-swing-dance-championships,probable,Glenda Fletcher and Keerigan Rudd,20512,follower,eepro
2026-01-austin-swing-dance-championships/masters-strictly-pro-am-am-followers,2026-01-austin-swing-dance-championships/masters-strictly-pro-am-am-followers/F-340,2026-01-austin-swing-dance-championships,probable,Stephanie Price and Sebastian Quinones,11759,follower,eepro
2026-01-austin-swing-dance-championships/masters-strictly-pro-am-am-leaders,2026-01-austin-swing-dance-championships/masters-strictly-pro-am-am-leaders/L-359,2026-01-austin-swing-dance-championships,probable,George Hughes and Laureen Baldovi,61,leader,eepro
2026-01-austin-swing-dance-championships/masters-strictly-pro-am-am-leaders,2026-01-austin-swing-dance-championships/masters-strictly-pro-am-am-leaders/L-377,2026-01-austin-swing-dance-championships,probable,Phillip Nicholson and Adela Su,6616,leader,eepro
2026-01-austin-swing-dance-championships/novice-strictly-pro-am-am-followers,2026-01-austin-swing-dance-championships/novice-strictly-pro-am-am-followers/F-102,2026-01-austin-swing-dance-championships,unmatched,Caity Coburn and PJ Turner,,follower,eepro
2026-01-austin-swing-dance-championships/novice-strictly-pro-am-am-followers,2026-01-austin-swing-dance-championships/novice-strictly-pro-am-am-followers/F-107,2026-01-austin-swing-dance-championships,unmatched,Sara Ashun and Keerigan Rudd,,follower,eepro
2026-01-austin-swing-dance-championships/novice-strictly-pro-am-am-followers,2026-01-austin-swing-dance-championships/novice-strictly-pro-am-am-followers/F-110,2026-01-austin-swing-dance-championships,unmatched,Cj Brookshire and Michael Hassey,,follower,eepro
2026-01-austin-swing-dance-championships/novice-strictly-pro-am-am-followers,2026-01-austin-swing-dance-championships/novice-strictly-pro-am-am-followers/F-138,2026-01-austin-swing-dance-championships,unmatched,Emily Doubt and Tommy Schwegmann,,follower,eepro
2026-01-austin-swing-dance-championships/novice-strictly-pro-am-am-followers,2026-01-austin-swing-dance-championships/novice-strictly-pro-am-am-followers/F-142,2026-01-austin-swing-dance-championships,unmatched,Alexia Cummings and Joe Mendence,,follower,eepro
2026-01-austin-swing-dance-championships/novice-strictly-pro-am-am-followers,2026-01-austin-swing-dance-championships/novice-strictly-pro-am-am-followers/F-148,2026-01-austin-swing-dance-championships,unmatched,Megan Rackov and Benton Hoskison,,follower,eepro
2026-01-austin-swing-dance-championships/novice-strictly-pro-am-am-followers,2026-01-austin-swing-dance-championships/novice-strictly-pro-am-am-followers/F-176,2026-01-austin-swing-dance-championships,unmatched,Marcus Baker and Laureen Baldovi,,follower,eepro
2026-01-austin-swing-dance-championships/novice-strictly-pro-am-am-followers,2026-01-austin-swing-dance-championships/novice-strictly-pro-am-am-followers/F-179,2026-01-austin-swing-dance-championships,unmatched,Camille Renfroe and Branden Strong,,follower,eepro
2026-01-austin-swing-dance-championships/novice-strictly-pro-am-am-followers,2026-01-austin-swing-dance-championships/novice-strictly-pro-am-am-followers/F-263,2026-01-austin-swing-dance-championships,unmatched,Hanna Destiny Lynn and Keerigan Rudd,,follower,eepro
2026-01-austin-swing-dance-championships/novice-strictly-pro-am-am-followers,2026-01-austin-swing-dance-championships/novice-strictly-pro-am-am-followers/F-294,2026-01-austin-swing-dance-championships,unmatched,Alison Coffey and Sebastian Quinones,,follower,eepro
2026-01-austin-swing-dance-championships/novice-strictly-pro-am-am-followers,2026-01-austin-swing-dance-championships/novice-strictly-pro-am-am-followers/F-301,2026-01-austin-swing-dance-championships,unmatched,Haley Sullivan and Julio Alvarez,,follower,eepro
2026-01-austin-swing-dance-championships/novice-strictly-pro-am-am-followers,2026-01-austin-swing-dance-championships/novice-strictly-pro-am-am-followers/F-306,2026-01-austin-swing-dance-championships,unmatched,Semret Yibass and CJ Caraway,,follower,eepro
2026-01-austin-swing-dance-championships/novice-strictly-pro-am-am-followers,2026-01-austin-swing-dance-championships/novice-strictly-pro-am-am-followers/F-314,2026-01-austin-swing-dance-championships,unmatched,Hallie Austin and Thomas Devereux,,follower,eepro
2026-01-austin-swing-dance-championships/novice-strictly-pro-am-am-followers,2026-01-austin-swing-dance-championships/novice-strictly-pro-am-am-followers/F-332,2026-01-austin-swing-dance-championships,unmatched,Millicent Jiang and Branden Strong,,follower,eepro
2026-01-austin-swing-dance-championships/novice-strictly-pro-am-am-followers,2026-01-austin-swing-dance-championships/novice-strictly-pro-am-am-followers/F-338,2026-01-austin-swing-dance-championships,unmatched,Rachel Madrigal and Keerigan Rudd,,follower,eepro
2026-01-austin-swing-dance-championships/novice-strictly-pro-am-am-followers,2026-01-austin-swing-dance-championships/novice-strictly-pro-am-am-followers/F-406,2026-01-austin-swing-dance-championships,unmatched,Baylee Schroeder and Benton Hoskison,,follower,eepro
2026-01-austin-swing-dance-championships/novice-strictly-pro-am-am-followers,2026-01-austin-swing-dance-championships/novice-strictly-pro-am-am-followers/F-411,2026-01-austin-swing-dance-championships,unmatched,Natalie Bell and Sebastian Quinones,,follower,eepro
2026-01-austin-swing-dance-championships/novice-strictly-pro-am-am-leaders,2026-01-austin-swing-dance-championships/novice-strictly-pro-am-am-leaders/L-157,2026-01-austin-swing-dance-championships,unmatched,Jack Marburger and Debbie Figueroa,,leader,eepro
2026-01-austin-swing-dance-championships/novice-strictly-pro-am-am-leaders,2026-01-austin-swing-dance-championships/novice-strictly-pro-am-am-leaders/L-162,2026-01-austin-swing-dance-championships,unmatched,Daniel Semac and Mia Primavera,,leader,eepro
2026-01-austin-swing-dance-championships/novice-strictly-pro-am-am-leaders,2026-01-austin-swing-dance-championships/novice-strictly-pro-am-am-leaders/L-216,2026-01-austin-swing-dance-championships,unmatched,Thomas Garland and McKenna Vroom,,leader,eepro
2026-01-austin-swing-dance-championships/novice-strictly-pro-am-am-leaders,2026-01-austin-swing-dance-championships/novice-strictly-pro-am-am-leaders/L-241,2026-01-austin-swing-dance-championships,unmatched,Joshua Hillis and Sebastian Quinones,,leader,eepro
2026-01-austin-swing-dance-championships/novice-strictly-pro-am-am-leaders,2026-01-austin-swing-dance-championships/novice-strictly-pro-am-am-leaders/L-242,2026-01-austin-swing-dance-championships,unmatched,Joe Ciminna and Britta Albertson,,leader,eepro
2026-01-austin-swing-dance-championships/novice-strictly-pro-am-am-leaders,2026-01-austin-swing-dance-championships/novice-strictly-pro-am-am-leaders/L-326,2026-01-austin-swing-dance-championships,unmatched,Seth Grundmeyer and Morgan Hearrell,,leader,eepro
2026-01-austin-swing-dance-championships/novice-strictly-pro-am-am-leaders,2026-01-austin-swing-dance-championships/novice-strictly-pro-am-am-leaders/L-341,2026-01-austin-swing-dance-championships,unmatched,Jubilee Rasmussen and Jeanne DeGeyter,,leader,eepro
2026-01-austin-swing-dance-championships/novice-strictly-pro-am-am-leaders,2026-01-austin-swing-dance-championships/novice-strictly-pro-am-am-leaders/L-377,2026-01-austin-swing-dance-championships,unmatched,Phillip Nicholson and Adela Su,,leader,eepro
2026-01-austin-swing-dance-championships/novice-strictly-pro-am-am-leaders,2026-01-austin-swing-dance-championships/novice-strictly-pro-am-am-leaders/L-420,2026-01-austin-swing-dance-championships,unmatched,Andrew Knops and Christine M Medin,,leader,eepro
2026-01-austin-swing-dance-championships/novice-strictly-pro-am-am-leaders,2026-01-austin-swing-dance-championships/novice-strictly-pro-am-am-leaders/L-449,2026-01-austin-swing-dance-championships,probable,Josh Kneeland and Olga Khvan,26007,leader,eepro
2026-01-austin-swing-dance-championships/novice-strictly-pro-am-am-leaders,2026-01-austin-swing-dance-championships/novice-strictly-pro-am-am-leaders/L-486,2026-01-austin-swing-dance-championships,unmatched,Carson Gibbs and McKenna Vroom,,leader,eepro
2026-01-austin-swing-dance-championships/novice-strictly-pro-am-am-leaders,2026-01-austin-swing-dance-championships/novice-strictly-pro-am-am-leaders/L-497,2026-01-austin-swing-dance-championships,unmatched,Joshua Orsak and Mia Primavera,,leader,eepro
2026-01-countdown-swing-boston/advanced-strictly-pro-am-am-followers,2026-01-countdown-swing-boston/advanced-strictly-pro-am-am-followers/F-563,2026-01-countdown-swing-boston,unmatched,Clare Levy and Philippe Berne,,follower,eepro
2026-01-countdown-swing-boston/advanced-strictly-pro-am-am-followers,2026-01-countdown-swing-boston/advanced-strictly-pro-am-am-followers/F-662,2026-01-countdown-swing-boston,unmatched,Annie Ogren and Maxwell Thew,,follower,eepro
2026-01-countdown-swing-boston/advanced-strictly-pro-am-am-followers,2026-01-countdown-swing-boston/advanced-strictly-pro-am-am-followers/F-679,2026-01-countdown-swing-boston,unmatched,Fumiko Jenkins and Christopher Chung,,follower,eepro
2026-01-countdown-swing-boston/advanced-strictly-pro-am-am-followers,2026-01-countdown-swing-boston/advanced-strictly-pro-am-am-followers/F-767,2026-01-countdown-swing-boston,unmatched,Elizabeth Wooton and Arjay Centeno,,follower,eepro
2026-01-countdown-swing-boston/advanced-strictly-pro-am-am-leaders,2026-01-countdown-swing-boston/advanced-strictly-pro-am-am-leaders/L-506,2026-01-countdown-swing-boston,unmatched,Rohit Venugopal and Sayaka Suzaki,,leader,eepro
2026-01-countdown-swing-boston/advanced-strictly-pro-am-am-leaders,2026-01-countdown-swing-boston/advanced-strictly-pro-am-am-leaders/L-517,2026-01-countdown-swing-boston,probable,Thibaud Baron and Flore Berne,20635,leader,eepro
2026-01-countdown-swing-boston/advanced-strictly-pro-am-am-leaders,2026-01-countdown-swing-boston/advanced-strictly-pro-am-am-leaders/L-598,2026-01-countdown-swing-boston,probable,John Collini and Brianna Miller-Carney,16294,leader,eepro
2026-01-countdown-swing-boston/intermediate-strictly-pro-am-am-followers,2026-01-countdown-swing-boston/intermediate-strictly-pro-am-am-followers/F-524,2026-01-countdown-swing-boston,unmatched,Jessica Greene and Christopher Chung,,follower,eepro
2026-01-countdown-swing-boston/intermediate-strictly-pro-am-am-followers,2026-01-countdown-swing-boston/intermediate-strictly-pro-am-am-followers/F-540,2026-01-countdown-swing-boston,unmatched,Tina Lin and Neil Joshi,,follower,eepro
2026-01-countdown-swing-boston/intermediate-strictly-pro-am-am-followers,2026-01-countdown-swing-boston/intermediate-strictly-pro-am-am-followers/F-550,2026-01-countdown-swing-boston,unmatched,Asher Newman and Eliot Heinrich,,follower,eepro
2026-01-countdown-swing-boston/intermediate-strictly-pro-am-am-followers,2026-01-countdown-swing-boston/intermediate-strictly-pro-am-am-followers/F-588,2026-01-countdown-swing-boston,unmatched,Bennet Benham and Kristen Wallace,,follower,eepro
2026-01-countdown-swing-boston/intermediate-strictly-pro-am-am-followers,2026-01-countdown-swing-boston/intermediate-strictly-pro-am-am-followers/F-603,2026-01-countdown-swing-boston,unmatched,Emily Shoov and Matt Davis,,follower,eepro
2026-01-countdown-swing-boston/intermediate-strictly-pro-am-am-followers,2026-01-countdown-swing-boston/intermediate-strictly-pro-am-am-followers/F-615,2026-01-countdown-swing-boston,unmatched,Melissa Miller and Matt Davis,,follower,eepro
2026-01-countdown-swing-boston/intermediate-strictly-pro-am-am-followers,2026-01-countdown-swing-boston/intermediate-strictly-pro-am-am-followers/F-693,2026-01-countdown-swing-boston,probable,Alesia Haxhia and Dario Haxhia,23723,follower,eepro
2026-01-countdown-swing-boston/intermediate-strictly-pro-am-am-leaders,2026-01-countdown-swing-boston/intermediate-strictly-pro-am-am-leaders/L-597,2026-01-countdown-swing-boston,unmatched,Riley Grecco and Kaiano Levine,,leader,eepro
2026-01-countdown-swing-boston/intermediate-strictly-pro-am-am-leaders,2026-01-countdown-swing-boston/intermediate-strictly-pro-am-am-leaders/L-671,2026-01-countdown-swing-boston,unmatched,Yoshi Tryba and Sayaka Suzaki,,leader,eepro
2026-01-countdown-swing-boston/novice-novice-intermediate-routine,2026-01-countdown-swing-boston/novice-novice-intermediate-routine/L-597,2026-01-countdown-swing-boston,unmatched,Riley Grecco and Rachel Little,,leader,eepro
2026-01-countdown-swing-boston/novice-novice-intermediate-routine,2026-01-countdown-swing-boston/novice-novice-intermediate-routine/L-668,2026-01-countdown-swing-boston,unmatched,Daniel Desjardin and Maretta Morovitz,,leader,eepro
2026-01-countdown-swing-boston/pro-am,2026-01-countdown-swing-boston/pro-am/L-668,2026-01-countdown-swing-boston,probable,Daniel Desjardin and Desirae Vasquez,11411,leader,eepro
2026-01-countdown-swing-boston/pro-am,2026-01-countdown-swing-boston/pro-am/L-687,2026-01-countdown-swing-boston,unmatched,Rae Tardif and Roberto Corporan,,leader,eepro
2026-01-countdown-swing-boston/rising-star,2026-01-countdown-swing-boston/rising-star/L-543,2026-01-countdown-swing-boston,probable,Simon Girard and Isabelle Roy,10895,leader,eepro
2026-01-countdown-swing-boston/rising-star,2026-01-countdown-swing-boston/rising-star/L-575,2026-01-countdown-swing-boston,unmatched,Pierre-Olivier Bastien-Dionne and Marie Phaneuf-Fournier,,leader,eepro
2026-01-countdown-swing-boston/rising-star,2026-01-countdown-swing-boston/rising-star/L-668,2026-01-countdown-swing-boston,possible,Daniel Desjardin and Melissa Miller,,leader,eepro
2026-01-countdown-swing-boston/rising-star,2026-01-countdown-swing-boston/rising-star/L-782,2026-01-countdown-swing-boston,probable,Maxwell Thew and Alli Reese,13530,leader,eepro
2026-01-countdown-swing-boston/strictly-pro-am-new-nov-am-followers,2026-01-countdown-swing-boston/strictly-pro-am-new-nov-am-followers/F-514,2026-01-countdown-swing-boston,unmatched,Stephanie Borise and Matt Davis,,follower,eepro
2026-01-countdown-swing-boston/strictly-pro-am-new-nov-am-followers,2026-01-countdown-swing-boston/strictly-pro-am-new-nov-am-followers/F-542,2026-01-countdown-swing-boston,unmatched,Tracey Smith and Matt Davis,,follower,eepro
2026-01-countdown-swing-boston/strictly-pro-am-new-nov-am-followers,2026-01-countdown-swing-boston/strictly-pro-am-new-nov-am-followers/F-582,2026-01-countdown-swing-boston,probable,Stephanie Thivierge and Roberto Corporan,7305,follower,eepro
2026-01-countdown-swing-boston/strictly-pro-am-new-nov-am-followers,2026-01-countdown-swing-boston/strictly-pro-am-new-nov-am-followers/F-643,2026-01-countdown-swing-boston,unmatched,Tia Batallas and Matt Davis,,follower,eepro
2026-01-countdown-swing-boston/strictly-pro-am-new-nov-am-followers,2026-01-countdown-swing-boston/strictly-pro-am-new-nov-am-followers/F-658,2026-01-countdown-swing-boston,unmatched,Katherine Ryan and Matt Davis,,follower,eepro
2026-01-countdown-swing-boston/strictly-pro-am-new-nov-am-followers,2026-01-countdown-swing-boston/strictly-pro-am-new-nov-am-followers/F-669,2026-01-countdown-swing-boston,unmatched,Leslie Appleby and Roberto Corporan,,follower,eepro
2026-01-countdown-swing-boston/strictly-pro-am-new-nov-am-leaders,2026-01-countdown-swing-boston/strictly-pro-am-new-nov-am-leaders/L-540,2026-01-countdown-swing-boston,probable,Tina Lin and Isabelle Roy,10895,leader,eepro
2026-01-countdown-swing-boston/strictly-pro-am-new-nov-am-leaders,2026-01-countdown-swing-boston/strictly-pro-am-new-nov-am-leaders/L-554,2026-01-countdown-swing-boston,probable,Jason Smith and Desirae Vasquez,11411,leader,eepro
2026-01-countdown-swing-boston/strictly-pro-am-new-nov-am-leaders,2026-01-countdown-swing-boston/strictly-pro-am-new-nov-am-leaders/L-568,2026-01-countdown-swing-boston,unmatched,Leigh Yu and Lemery Rollinscott,,leader,eepro
2026-01-countdown-swing-boston/strictly-pro-am-new-nov-am-leaders,2026-01-countdown-swing-boston/strictly-pro-am-new-nov-am-leaders/L-650,2026-01-countdown-swing-boston,probable,Salman Parvez and Sayaka Suzaki,10545,leader,eepro
2026-01-countdown-swing-boston/strictly-pro-am-new-nov-am-leaders,2026-01-countdown-swing-boston/strictly-pro-am-new-nov-am-leaders/L-659,2026-01-countdown-swing-boston,probable,Daniel Claff and Alli Reese,13530,leader,eepro
2026-01-countdown-swing-boston/strictly-pro-am-new-nov-am-leaders,2026-01-countdown-swing-boston/strictly-pro-am-new-nov-am-leaders/L-679,2026-01-countdown-swing-boston,probable,Fumiko Jenkins and Tara Trafzer,3805,leader,eepro
2026-01-countdown-swing-boston/strictly-pro-am-new-nov-am-leaders,2026-01-countdown-swing-boston/strictly-pro-am-new-nov-am-leaders/L-700,2026-01-countdown-swing-boston,unmatched,Jacob Guerin and Sayaka Suzaki,,leader,eepro
2026-01-derby-city-swing/intermediate-pro-am-follower-advanced,2026-01-derby-city-swing/intermediate-pro-am-follower-advanced/F-186,2026-01-derby-city-swing,unmatched,Tanya Wells Cranshaw and Eric Nava,,follower,eepro
2026-01-derby-city-swing/intermediate-pro-am-leader-advanced,2026-01-derby-city-swing/intermediate-pro-am-leader-advanced/L-194,2026-01-derby-city-swing,unmatched,Jake Twork and Rachel Bowlby,,leader,eepro
2026-01-derby-city-swing/masters-strictly-pro-am-am-follower,2026-01-derby-city-swing/masters-strictly-pro-am-am-follower/F-181,2026-01-derby-city-swing,possible,Georgia Cowart and Eric Byers,,follower,eepro
2026-01-derby-city-swing/masters-strictly-pro-am-am-follower,2026-01-derby-city-swing/masters-strictly-pro-am-am-follower/F-204,2026-01-derby-city-swing,unmatched,Isabel DiSciullo and Eric Byers,,follower,eepro
2026-01-derby-city-swing/masters-strictly-pro-am-am-follower,2026-01-derby-city-swing/masters-strictly-pro-am-am-follower/F-296,2026-01-derby-city-swing,possible,Michele Dodaro and Jason Miklic,,follower,eepro
2026-01-derby-city-swing/masters-strictly-pro-am-am-leader,2026-01-derby-city-swing/masters-strictly-pro-am-am-leader/L-105,2026-01-derby-city-swing,probable,Phillip Nicholson and Joy Stachura,6291,leader,eepro
2026-01-derby-city-swing/masters-strictly-pro-am-am-leader,2026-01-derby-city-swing/masters-strictly-pro-am-am-leader/L-128,2026-01-derby-city-swing,probable,John Baker and Rachel Bowlby,20259,leader,eepro
2026-01-derby-city-swing/masters-strictly-pro-am-am-leader,2026-01-derby-city-swing/masters-strictly-pro-am-am-leader/L-151,2026-01-derby-city-swing,possible,Dan Mudd and Sophy Kdep,,leader,eepro
2026-01-derby-city-swing/masters-strictly-pro-am-am-leader,2026-01-derby-city-swing/masters-strictly-pro-am-am-leader/L-179,2026-01-derby-city-swing,probable,Brad Setzer and Emily Schubert,18535,leader,eepro
2026-01-derby-city-swing/newcomer-pro-am-follower-novice,2026-01-derby-city-swing/newcomer-pro-am-follower-novice/F-177,2026-01-derby-city-swing,unmatched,Hillari Burgess and Bradley Wendt,,follower,eepro
2026-01-derby-city-swing/newcomer-pro-am-follower-novice,2026-01-derby-city-swing/newcomer-pro-am-follower-novice/F-255,2026-01-derby-city-swing,unmatched,Serena Beze and Brad Gallow,,follower,eepro
2026-01-derby-city-swing/newcomer-pro-am-follower-novice,2026-01-derby-city-swing/newcomer-pro-am-follower-novice/F-276,2026-01-derby-city-swing,unmatched,Rosemary Davidson and Abi Jennings,,follower,eepro
2026-01-derby-city-swing/newcomer-pro-am-leader-novice,2026-01-derby-city-swing/newcomer-pro-am-leader-novice/L-151,2026-01-derby-city-swing,unmatched,Dan Mudd and Sophy Kdep,,leader,eepro
2026-01-derby-city-swing/newcomer-pro-am-leader-novice,2026-01-derby-city-swing/newcomer-pro-am-leader-novice/L-192,2026-01-derby-city-swing,unmatched,Robert Drensek and Jennifer Nye,,leader,eepro
2026-01-derby-city-swing/newcomer-strictly-pro-am-am-follower,2026-01-derby-city-swing/newcomer-strictly-pro-am-am-follower/F-185,2026-01-derby-city-swing,unmatched,Nina Krammer and Joy Stachura,,follower,eepro
2026-01-derby-city-swing/newcomer-strictly-pro-am-am-follower,2026-01-derby-city-swing/newcomer-strictly-pro-am-am-follower/F-291,2026-01-derby-city-swing,unmatched,Robin Stutts and Jennifer Nye,,follower,eepro
2026-01-derby-city-swing/newcomer-strictly-pro-am-am-leader,2026-01-derby-city-swing/newcomer-strictly-pro-am-am-leader/L-151,2026-01-derby-city-swing,unmatched,Dan Mudd and Sophy Kdep,,leader,eepro
2026-01-derby-city-swing/novice-strictly-pro-am-am-follower,2026-01-derby-city-swing/novice-strictly-pro-am-am-follower/F-155,2026-01-derby-city-swing,unmatched,Tyler Reamy and Doug Morgan,,follower,eepro
2026-01-derby-city-swing/novice-strictly-pro-am-am-follower,2026-01-derby-city-swing/novice-strictly-pro-am-am-follower/F-177,2026-01-derby-city-swing,unmatched,Hillari Burgess and Bradley Wendt,,follower,eepro
2026-01-derby-city-swing/novice-strictly-pro-am-am-follower,2026-01-derby-city-swing/novice-strictly-pro-am-am-follower/F-204,2026-01-derby-city-swing,unmatched,Isabel DiSciullo and Eric Byers,,follower,eepro
2026-01-derby-city-swing/novice-strictly-pro-am-am-follower,2026-01-derby-city-swing/novice-strictly-pro-am-am-follower/F-225,2026-01-derby-city-swing,unmatched,Taylor Daiello and Joseph Carey,,follower,eepro
2026-01-derby-city-swing/novice-strictly-pro-am-am-follower,2026-01-derby-city-swing/novice-strictly-pro-am-am-follower/F-268,2026-01-derby-city-swing,unmatched,Faviola Covarrubias and Emily Schubert,,follower,eepro
2026-01-derby-city-swing/novice-strictly-pro-am-am-follower,2026-01-derby-city-swing/novice-strictly-pro-am-am-follower/F-274,2026-01-derby-city-swing,unmatched,Kala Bonecutter and Bradley Wendt,,follower,eepro
2026-01-derby-city-swing/novice-strictly-pro-am-am-follower,2026-01-derby-city-swing/novice-strictly-pro-am-am-follower/F-298,2026-01-derby-city-swing,unmatched,Amanda Turner and Eric Byers,,follower,eepro
2026-01-derby-city-swing/novice-strictly-pro-am-am-leader,2026-01-derby-city-swing/novice-strictly-pro-am-am-leader/L-105,2026-01-derby-city-swing,unmatched,Phillip Nicholson and Joy Stachura,,leader,eepro
2026-01-derby-city-swing/novice-strictly-pro-am-am-leader,2026-01-derby-city-swing/novice-strictly-pro-am-am-leader/L-128,2026-01-derby-city-swing,probable,John Baker and Rachel Bowlby,25812,leader,eepro
2026-01-derby-city-swing/novice-strictly-pro-am-am-leader,2026-01-derby-city-swing/novice-strictly-pro-am-am-leader/L-130,2026-01-derby-city-swing,unmatched,Dennis Brian and Abi Jennings,,leader,eepro
2026-01-derby-city-swing/novice-strictly-pro-am-am-leader,2026-01-derby-city-swing/novice-strictly-pro-am-am-leader/L-139,2026-01-derby-city-swing,unmatched,Ozlem Davis and Hunter Hobbs,,leader,eepro
2026-01-derby-city-swing/novice-strictly-pro-am-am-leader,2026-01-derby-city-swing/novice-strictly-pro-am-am-leader/L-148,2026-01-derby-city-swing,unmatched,Jade Savoia and Elaine Morgan,,leader,eepro
2026-01-derby-city-swing/novice-strictly-pro-am-am-leader,2026-01-derby-city-swing/novice-strictly-pro-am-am-leader/L-154,2026-01-derby-city-swing,unmatched,Sam Lucas and Elaine Morgan,,leader,eepro
2026-01-derby-city-swing/novice-strictly-pro-am-am-leader,2026-01-derby-city-swing/novice-strictly-pro-am-am-leader/L-188,2026-01-derby-city-swing,possible,Jay stewart and Emily Schubert,,leader,eepro
2026-01-derby-city-swing/novice-strictly-pro-am-am-leader,2026-01-derby-city-swing/novice-strictly-pro-am-am-leader/L-192,2026-01-derby-city-swing,unmatched,Robert Drensek and Jennifer Nye,,leader,eepro
2026-01-derby-city-swing/strictly-pro-am-int-adv-am-follower,2026-01-derby-city-swing/strictly-pro-am-int-adv-am-follower/F-139,2026-01-derby-city-swing,possible,Ozlem Davis and Jason Miklic,,follower,eepro
2026-01-derby-city-swing/strictly-pro-am-int-adv-am-follower,2026-01-derby-city-swing/strictly-pro-am-int-adv-am-follower/F-148,2026-01-derby-city-swing,probable,Jade Savoia and Doug Morgan,4988,follower,eepro
2026-01-derby-city-swing/strictly-pro-am-int-adv-am-follower,2026-01-derby-city-swing/strictly-pro-am-int-adv-am-follower/F-150,2026-01-derby-city-swing,unmatched,Kendall Mountford and Bradley Wendt,,follower,eepro
2026-01-derby-city-swing/strictly-pro-am-int-adv-am-follower,2026-01-derby-city-swing/strictly-pro-am-int-adv-am-follower/F-175,2026-01-derby-city-swing,unmatched,Esther McCrystal and Bradley Wendt,,follower,eepro
2026-01-derby-city-swing/strictly-pro-am-int-adv-am-follower,2026-01-derby-city-swing/strictly-pro-am-int-adv-am-follower/F-178,2026-01-derby-city-swing,probable,Clara Sowell and Ryan Dobbins,2501,follower,eepro
2026-01-derby-city-swing/strictly-pro-am-int-adv-am-follower,2026-01-derby-city-swing/strictly-pro-am-int-adv-am-follower/F-221,2026-01-derby-city-swing,possible,Judalyn Iddings and Eric Byers,,follower,eepro
2026-01-derby-city-swing/strictly-pro-am-int-adv-am-follower,2026-01-derby-city-swing/strictly-pro-am-int-adv-am-follower/F-270,2026-01-derby-city-swing,unmatched,Kelsey Tasker and Eric Byers,,follower,eepro
2026-01-derby-city-swing/strictly-pro-am-int-adv-am-leader,2026-01-derby-city-swing/strictly-pro-am-int-adv-am-leader/L-179,2026-01-derby-city-swing,probable,Brad Setzer and Emily Schubert,18535,leader,eepro
2026-01-derby-city-swing/strictly-pro-am-int-adv-am-leader,2026-01-derby-city-swing/strictly-pro-am-int-adv-am-leader/L-216,2026-01-derby-city-swing,probable,Haustyn Forney and Rachel Bowlby,20259,leader,eepro
2026-01-derby-city-swing/strictly-pro-am-int-adv-am-leader,2026-01-derby-city-swing/strictly-pro-am-int-adv-am-leader/L-256,2026-01-derby-city-swing,unmatched,Sean Callahan and Rachel Bowlby,,leader,eepro
2026-01-freedom-swing-dance-challenge/pro-am,2026-01-freedom-swing-dance-challenge/pro-am/L-398,2026-01-freedom-swing-dance-challenge,probable,Rye Crowen and Erica Smith,2495,leader,eepro
2026-01-freedom-swing-dance-challenge/pro-am,2026-01-freedom-swing-dance-challenge/pro-am/L-748,2026-01-freedom-swing-dance-challenge,unmatched,Hannah Gutin-Creech and Markus Smith,,leader,eepro
2026-01-freedom-swing-dance-challenge/pro-am,2026-01-freedom-swing-dance-challenge/pro-am/L-798,2026-01-freedom-swing-dance-challenge,probable,Wendall McClellan and Lara Deni,4033,leader,eepro
2026-01-freedom-swing-dance-challenge/rising-star,2026-01-freedom-swing-dance-challenge/rising-star/L-216,2026-01-freedom-swing-dance-challenge,probable,David Garwin and Kayla Smith,16914,leader,eepro
2026-01-freedom-swing-dance-challenge/rising-star,2026-01-freedom-swing-dance-challenge/rising-star/L-292,2026-01-freedom-swing-dance-challenge,probable,Keith Stremmel and Debbie Adams,13910,leader,eepro
2026-01-nj-hustle-congress/intermediate-amateur-just-cha-cha-legends-intermediate-advanced,2026-01-nj-hustle-congress/intermediate-amateur-just-cha-cha-legends-intermediate-advanced/L-471,2026-01-nj-hustle-congress,unmatched,Michael Phillip and Renee George,,leader,eepro
2026-01-nj-hustle-congress/intermediate-amateur-just-salsa-legends-intermediate-advanced,2026-01-nj-hustle-congress/intermediate-amateur-just-salsa-legends-intermediate-advanced/L-471,2026-01-nj-hustle-congress,unmatched,Michael Phillip and Renee George,,leader,eepro
2026-01-nj-hustle-congress/intermediate-pro-am-follower-triple-threat-advanced,2026-01-nj-hustle-congress/intermediate-pro-am-follower-triple-threat-advanced/F-249,2026-01-nj-hustle-congress,unmatched,Denise Higgins and Steven James,,follower,eepro
2026-01-nj-hustle-congress/intermediate-pro-am-follower-triple-threat-advanced,2026-01-nj-hustle-congress/intermediate-pro-am-follower-triple-threat-advanced/F-250,2026-01-nj-hustle-congress,unmatched,Deborah Davis and Stephen Ward,,follower,eepro
2026-01-nj-hustle-congress/novice-pro-am-follower-triple-threat-intermediate,2026-01-nj-hustle-congress/novice-pro-am-follower-triple-threat-intermediate/F-397,2026-01-nj-hustle-congress,unmatched,Marie-Therese Vaz and Hunter Houde,,follower,eepro
2026-01-nj-hustle-congress/novice-pro-am-follower-triple-threat-intermediate,2026-01-nj-hustle-congress/novice-pro-am-follower-triple-threat-intermediate/F-399,2026-01-nj-hustle-congress,unmatched,Valerie Addas and Evan Yeh,,follower,eepro
2026-01-nj-hustle-congress/other-advanced-pro-am-follower-hustle-legends,2026-01-nj-hustle-congress/other-advanced-pro-am-follower-hustle-legends/F-250,2026-01-nj-hustle-congress,unmatched,Deborah Davis and Stephen Ward,,follower,eepro
2026-01-nj-hustle-congress/other-advanced-pro-am-follower-hustle-legends,2026-01-nj-hustle-congress/other-advanced-pro-am-follower-hustle-legends/F-275,2026-01-nj-hustle-congress,unmatched,Monique Esposito and Jaime Serna,,follower,eepro
2026-01-nj-hustle-congress/other-advanced-pro-am-follower-hustle-legends,2026-01-nj-hustle-congress/other-advanced-pro-am-follower-hustle-legends/F-393,2026-01-nj-hustle-congress,unmatched,Renee George and Rainer Trubere,,follower,eepro
2026-01-nj-hustle-congress/other-advanced-pro-am-follower-hustle-legends,2026-01-nj-hustle-congress/other-advanced-pro-am-follower-hustle-legends/F-426,2026-01-nj-hustle-congress,unmatched,Marina Zats and Robert Pinochio,,follower,eepro
2026-01-nj-hustle-congress/other-advanced-pro-am-follower-hustle-legends,2026-01-nj-hustle-congress/other-advanced-pro-am-follower-hustle-legends/F-437,2026-01-nj-hustle-congress,unmatched,Tara Williams and Robert Finocchio,,follower,eepro
2026-01-nj-hustle-congress/other-advanced-pro-am-follower-hustle-legends,2026-01-nj-hustle-congress/other-advanced-pro-am-follower-hustle-legends/F-650,2026-01-nj-hustle-congress,unmatched,Monica Zarate and Jaime Serna,,follower,eepro
2026-01-nj-hustle-congress/other-advanced-pro-am-follower-hustle-open,2026-01-nj-hustle-congress/other-advanced-pro-am-follower-hustle-open/F-250,2026-01-nj-hustle-congress,unmatched,Deborah Davis and Stephen Ward,,follower,eepro
2026-01-nj-hustle-congress/other-advanced-pro-am-follower-hustle-open,2026-01-nj-hustle-congress/other-advanced-pro-am-follower-hustle-open/F-275,2026-01-nj-hustle-congress,unmatched,Monique Esposito and Jaime Serna,,follower,eepro
2026-01-nj-hustle-congress/other-advanced-pro-am-follower-hustle-open,2026-01-nj-hustle-congress/other-advanced-pro-am-follower-hustle-open/F-391,2026-01-nj-hustle-congress,unmatched,Anna Patterson and Robert Finocchio,,follower,eepro
2026-01-nj-hustle-congress/other-advanced-pro-am-follower-hustle-open,2026-01-nj-hustle-congress/other-advanced-pro-am-follower-hustle-open/F-393,2026-01-nj-hustle-congress,unmatched,Renee George and Rainer Trubere,,follower,eepro
2026-01-nj-hustle-congress/other-advanced-pro-am-follower-hustle-open,2026-01-nj-hustle-congress/other-advanced-pro-am-follower-hustle-open/F-424,2026-01-nj-hustle-congress,unmatched,Sara Jones and Gustavo Rueda,,follower,eepro
2026-01-nj-hustle-congress/other-advanced-pro-am-follower-hustle-open,2026-01-nj-hustle-congress/other-advanced-pro-am-follower-hustle-open/F-434,2026-01-nj-hustle-congress,unmatched,Tatiana Montes and Diane Nardone,,follower,eepro
2026-01-nj-hustle-congress/other-advanced-pro-am-leader-hustle-legends,2026-01-nj-hustle-congress/other-advanced-pro-am-leader-hustle-legends/L-369,2026-01-nj-hustle-congress,unmatched,Martin Mitchell and Lori Ann Roche,,leader,eepro
2026-01-nj-hustle-congress/other-advanced-pro-am-leader-hustle-legends,2026-01-nj-hustle-congress/other-advanced-pro-am-leader-hustle-legends/L-436,2026-01-nj-hustle-congress,unmatched,Jack Ciecka and Ashley Lumberg,,leader,eepro
2026-01-nj-hustle-congress/other-advanced-pro-am-leader-hustle-open,2026-01-nj-hustle-congress/other-advanced-pro-am-leader-hustle-open/L-369,2026-01-nj-hustle-congress,unmatched,Martin Mitchell and Lori Ann Roche,,leader,eepro
2026-01-nj-hustle-congress/other-advanced-pro-am-leader-hustle-open,2026-01-nj-hustle-congress/other-advanced-pro-am-leader-hustle-open/L-394,2026-01-nj-hustle-congress,unmatched,Edmund Tan and Diane Nardone,,leader,eepro
2026-01-nj-hustle-congress/other-advanced-pro-am-leader-hustle-open,2026-01-nj-hustle-congress/other-advanced-pro-am-leader-hustle-open/L-436,2026-01-nj-hustle-congress,unmatched,Jack Ciecka and Ashley Lumberg,,leader,eepro
2026-01-nj-hustle-congress/other-amateur-hustle-challenge-fast-track,2026-01-nj-hustle-congress/other-amateur-hustle-challenge-fast-track/L-393,2026-01-nj-hustle-congress,unmatched,Michael Phillip and Renee George,,leader,eepro
2026-01-nj-hustle-congress/other-amateur-hustle-challenge-fast-track,2026-01-nj-hustle-congress/other-amateur-hustle-challenge-fast-track/L-433,2026-01-nj-hustle-congress,unmatched,Danny Chauca and Yujing Sherry Zhang,,leader,eepro
2026-01-nj-hustle-congress/other-amateur-hustle-challenge-fast-track,2026-01-nj-hustle-congress/other-amateur-hustle-challenge-fast-track/L-472,2026-01-nj-hustle-congress,unmatched,Logan Lin and Aly Blake,,leader,eepro
2026-01-nj-hustle-congress/other-amateur-hustle-challenge-same-gender,2026-01-nj-hustle-congress/other-amateur-hustle-challenge-same-gender/L-454,2026-01-nj-hustle-congress,unmatched,May Cheung and Dasha Bavykina,,leader,eepro
2026-01-nj-hustle-congress/other-amateur-hustle-challenge-same-gender,2026-01-nj-hustle-congress/other-amateur-hustle-challenge-same-gender/L-472,2026-01-nj-hustle-congress,unmatched,Logan Lin and Edmund Tan,,leader,eepro
2026-01-nj-hustle-congress/other-amateur-hustle-challenge-seasoned-amateur-dancers,2026-01-nj-hustle-congress/other-amateur-hustle-challenge-seasoned-amateur-dancers/L-369,2026-01-nj-hustle-congress,unmatched,Carolina Castillo and Martin Mitchell,,leader,eepro
2026-01-nj-hustle-congress/other-amateur-hustle-challenge-seasoned-amateur-dancers,2026-01-nj-hustle-congress/other-amateur-hustle-challenge-seasoned-amateur-dancers/L-436,2026-01-nj-hustle-congress,unmatched,Jack Ciecka and Anne Marie Gavlas,,leader,eepro
2026-01-nj-hustle-congress/other-intermediate-pro-am-follower-hustle-legends,2026-01-nj-hustle-congress/other-intermediate-pro-am-follower-hustle-legends/F-250,2026-01-nj-hustle-congress,unmatched,Deborah Davis and Stephen Ward,,follower,eepro
2026-01-nj-hustle-congress/other-intermediate-pro-am-follower-hustle-legends,2026-01-nj-hustle-congress/other-intermediate-pro-am-follower-hustle-legends/F-251,2026-01-nj-hustle-congress,unmatched,Vanessa Luc and Annie Lebedeva,,follower,eepro
2026-01-nj-hustle-congress/other-intermediate-pro-am-follower-hustle-legends,2026-01-nj-hustle-congress/other-intermediate-pro-am-follower-hustle-legends/F-390,2026-01-nj-hustle-congress,unmatched,Michele Shore and Christopher Crevatas,,follower,eepro
2026-01-nj-hustle-congress/other-intermediate-pro-am-follower-hustle-legends,2026-01-nj-hustle-congress/other-intermediate-pro-am-follower-hustle-legends/F-393,2026-01-nj-hustle-congress,unmatched,Renee George and Rainer Trubere,,follower,eepro
2026-01-nj-hustle-congress/other-intermediate-pro-am-follower-hustle-legends,2026-01-nj-hustle-congress/other-intermediate-pro-am-follower-hustle-legends/F-396,2026-01-nj-hustle-congress,unmatched,Karen Mirabelli and Danny McGee,,follower,eepro
2026-01-nj-hustle-congress/other-intermediate-pro-am-follower-hustle-legends,2026-01-nj-hustle-congress/other-intermediate-pro-am-follower-hustle-legends/F-399,2026-01-nj-hustle-congress,unmatched,Valerie Addas and Evan Yeh,,follower,eepro
2026-01-nj-hustle-congress/other-intermediate-pro-am-follower-hustle-legends,2026-01-nj-hustle-congress/other-intermediate-pro-am-follower-hustle-legends/F-400,2026-01-nj-hustle-congress,unmatched,Doreen O’hare and Rainer Trubere,,follower,eepro
2026-01-nj-hustle-congress/other-intermediate-pro-am-follower-hustle-legends,2026-01-nj-hustle-congress/other-intermediate-pro-am-follower-hustle-legends/F-423,2026-01-nj-hustle-congress,unmatched,Deborah Bencivenga and Jaime Serna,,follower,eepro
2026-01-nj-hustle-congress/other-intermediate-pro-am-follower-hustle-legends,2026-01-nj-hustle-congress/other-intermediate-pro-am-follower-hustle-legends/F-426,2026-01-nj-hustle-congress,unmatched,Marina Zats and Robert Finocchio,,follower,eepro
2026-01-nj-hustle-congress/other-intermediate-pro-am-follower-hustle-legends,2026-01-nj-hustle-congress/other-intermediate-pro-am-follower-hustle-legends/F-437,2026-01-nj-hustle-congress,unmatched,Tara Williams and Robert Finocchio,,follower,eepro
2026-01-nj-hustle-congress/other-intermediate-pro-am-follower-hustle-legends,2026-01-nj-hustle-congress/other-intermediate-pro-am-follower-hustle-legends/F-438,2026-01-nj-hustle-congress,unmatched,Tracy Figueroa and Christopher Crevatas,,follower,eepro
2026-01-nj-hustle-congress/other-intermediate-pro-am-follower-hustle-legends,2026-01-nj-hustle-congress/other-intermediate-pro-am-follower-hustle-legends/F-650,2026-01-nj-hustle-congress,unmatched,Monica Zarate and Jaime Serna,,follower,eepro
2026-01-nj-hustle-congress/other-intermediate-pro-am-follower-hustle-open,2026-01-nj-hustle-congress/other-intermediate-pro-am-follower-hustle-open/F-249,2026-01-nj-hustle-congress,unmatched,Denise Higgins and Steven James,,follower,eepro
2026-01-nj-hustle-congress/other-intermediate-pro-am-follower-hustle-open,2026-01-nj-hustle-congress/other-intermediate-pro-am-follower-hustle-open/F-250,2026-01-nj-hustle-congress,unmatched,Deborah Davis and Stephen Ward,,follower,eepro
2026-01-nj-hustle-congress/other-intermediate-pro-am-follower-hustle-open,2026-01-nj-hustle-congress/other-intermediate-pro-am-follower-hustle-open/F-251,2026-01-nj-hustle-congress,unmatched,Vanessa Luc and Annie Lebedeva,,follower,eepro
2026-01-nj-hustle-congress/other-intermediate-pro-am-follower-hustle-open,2026-01-nj-hustle-congress/other-intermediate-pro-am-follower-hustle-open/F-390,2026-01-nj-hustle-congress,unmatched,Michele Shore and Christopher Crevatas,,follower,eepro
2026-01-nj-hustle-congress/other-intermediate-pro-am-follower-hustle-open,2026-01-nj-hustle-congress/other-intermediate-pro-am-follower-hustle-open/F-393,2026-01-nj-hustle-congress,unmatched,Renee George and Rainer Trubere,,follower,eepro
2026-01-nj-hustle-congress/other-intermediate-pro-am-follower-hustle-open,2026-01-nj-hustle-congress/other-intermediate-pro-am-follower-hustle-open/F-396,2026-01-nj-hustle-congress,unmatched,Karen Mirabelli and Danny McGee,,follower,eepro
2026-01-nj-hustle-congress/other-intermediate-pro-am-follower-hustle-open,2026-01-nj-hustle-congress/other-intermediate-pro-am-follower-hustle-open/F-400,2026-01-nj-hustle-congress,unmatched,Doreen O’hare and Rainer Trubere,,follower,eepro
2026-01-nj-hustle-congress/other-intermediate-pro-am-follower-hustle-open,2026-01-nj-hustle-congress/other-intermediate-pro-am-follower-hustle-open/F-423,2026-01-nj-hustle-congress,unmatched,Deborah Bencivenga and Jaime Serna,,follower,eepro
2026-01-nj-hustle-congress/other-intermediate-pro-am-follower-hustle-open,2026-01-nj-hustle-congress/other-intermediate-pro-am-follower-hustle-open/F-426,2026-01-nj-hustle-congress,unmatched,Marina Zats and Robert Pinochio,,follower,eepro
2026-01-nj-hustle-congress/other-intermediate-pro-am-follower-hustle-open,2026-01-nj-hustle-congress/other-intermediate-pro-am-follower-hustle-open/F-427,2026-01-nj-hustle-congress,unmatched,Aly Blake and Diane Nardone,,follower,eepro
2026-01-nj-hustle-congress/other-intermediate-pro-am-follower-hustle-open,2026-01-nj-hustle-congress/other-intermediate-pro-am-follower-hustle-open/F-428,2026-01-nj-hustle-congress,unmatched,Jenn Chung and Taryn Rucinski,,follower,eepro
2026-01-nj-hustle-congress/other-intermediate-pro-am-follower-hustle-open,2026-01-nj-hustle-congress/other-intermediate-pro-am-follower-hustle-open/F-432,2026-01-nj-hustle-congress,unmatched,Sherry Zhang and Louie Orlando,,follower,eepro
2026-01-nj-hustle-congress/other-intermediate-pro-am-follower-hustle-open,2026-01-nj-hustle-congress/other-intermediate-pro-am-follower-hustle-open/F-434,2026-01-nj-hustle-congress,unmatched,Tatiana Montes and Diane Nardone,,follower,eepro
2026-01-nj-hustle-congress/other-intermediate-pro-am-follower-hustle-open,2026-01-nj-hustle-congress/other-intermediate-pro-am-follower-hustle-open/F-437,2026-01-nj-hustle-congress,unmatched,Tara Williams and Robert Finocchio,,follower,eepro
2026-01-nj-hustle-congress/other-intermediate-pro-am-follower-hustle-open,2026-01-nj-hustle-congress/other-intermediate-pro-am-follower-hustle-open/F-650,2026-01-nj-hustle-congress,unmatched,Monica Zarate and Jaime Serna,,follower,eepro
2026-01-nj-hustle-congress/other-intermediate-pro-am-leader-hustle-legends,2026-01-nj-hustle-congress/other-intermediate-pro-am-leader-hustle-legends/L-240,2026-01-nj-hustle-congress,unmatched,Arthur Coleman and Faustine Lavie,,leader,eepro
2026-01-nj-hustle-congress/other-intermediate-pro-am-leader-hustle-legends,2026-01-nj-hustle-congress/other-intermediate-pro-am-leader-hustle-legends/L-395,2026-01-nj-hustle-congress,unmatched,James Rosin and Ashely Lumberg,,leader,eepro
2026-01-nj-hustle-congress/other-intermediate-pro-am-leader-hustle-open,2026-01-nj-hustle-congress/other-intermediate-pro-am-leader-hustle-open/L-240,2026-01-nj-hustle-congress,unmatched,Arthur Coleman and Faustine Lavie,,leader,eepro
2026-01-nj-hustle-congress/other-intermediate-pro-am-leader-hustle-open,2026-01-nj-hustle-congress/other-intermediate-pro-am-leader-hustle-open/L-394,2026-01-nj-hustle-congress,unmatched,Edmund Tan and Diane Nardone,,leader,eepro
2026-01-nj-hustle-congress/other-intermediate-pro-am-leader-hustle-open,2026-01-nj-hustle-congress/other-intermediate-pro-am-leader-hustle-open/L-395,2026-01-nj-hustle-congress,unmatched,James Rosin and Ashely Lumberg,,leader,eepro
2026-01-nj-hustle-congress/other-intermediate-pro-am-leader-hustle-open,2026-01-nj-hustle-congress/other-intermediate-pro-am-leader-hustle-open/L-433,2026-01-nj-hustle-congress,unmatched,Danny Chauca and Faustine Lavie,,leader,eepro
2026-01-nj-hustle-congress/other-novice-pro-am-follower-hustle-legends,2026-01-nj-hustle-congress/other-novice-pro-am-follower-hustle-legends/F-251,2026-01-nj-hustle-congress,unmatched,Vanessa Luc and Annie Lebedeva,,follower,eepro
2026-01-nj-hustle-congress/other-novice-pro-am-follower-hustle-legends,2026-01-nj-hustle-congress/other-novice-pro-am-follower-hustle-legends/F-397,2026-01-nj-hustle-congress,unmatched,Marie-Therese Vaz and Hunter Houde,,follower,eepro
2026-01-nj-hustle-congress/other-novice-pro-am-follower-hustle-legends,2026-01-nj-hustle-congress/other-novice-pro-am-follower-hustle-legends/F-399,2026-01-nj-hustle-congress,unmatched,Valerie Addas and Evan Yeh,,follower,eepro
2026-01-nj-hustle-congress/other-novice-pro-am-follower-hustle-legends,2026-01-nj-hustle-congress/other-novice-pro-am-follower-hustle-legends/F-400,2026-01-nj-hustle-congress,unmatched,Doreen O’hare and Rainer Trubere,,follower,eepro
2026-01-nj-hustle-congress/other-novice-pro-am-follower-hustle-legends,2026-01-nj-hustle-congress/other-novice-pro-am-follower-hustle-legends/F-423,2026-01-nj-hustle-congress,unmatched,Deborah Bencivenga and Jaime Serna,,follower,eepro
2026-01-nj-hustle-congress/other-novice-pro-am-follower-hustle-legends,2026-01-nj-hustle-congress/other-novice-pro-am-follower-hustle-legends/F-467,2026-01-nj-hustle-congress,unmatched,Louise Giuliano and Kelvin Roche,,follower,eepro
2026-01-nj-hustle-congress/other-novice-pro-am-follower-hustle-open,2026-01-nj-hustle-congress/other-novice-pro-am-follower-hustle-open/F-251,2026-01-nj-hustle-congress,unmatched,Vanessa Luc and Annie Lebedeva,,follower,eepro
2026-01-nj-hustle-congress/other-novice-pro-am-follower-hustle-open,2026-01-nj-hustle-congress/other-novice-pro-am-follower-hustle-open/F-397,2026-01-nj-hustle-congress,unmatched,Marie-Therese Vaz and Hunter Houde,,follower,eepro
2026-01-nj-hustle-congress/other-novice-pro-am-follower-hustle-open,2026-01-nj-hustle-congress/other-novice-pro-am-follower-hustle-open/F-398,2026-01-nj-hustle-congress,unmatched,Roseanne Latorre and David Love,,follower,eepro
2026-01-nj-hustle-congress/other-novice-pro-am-follower-hustle-open,2026-01-nj-hustle-congress/other-novice-pro-am-follower-hustle-open/F-400,2026-01-nj-hustle-congress,unmatched,Doreen O’hare and Rainer Trubere,,follower,eepro
2026-01-nj-hustle-congress/other-novice-pro-am-follower-hustle-open,2026-01-nj-hustle-congress/other-novice-pro-am-follower-hustle-open/F-423,2026-01-nj-hustle-congress,unmatched,Deborah Bencivenga and Jaime Serna,,follower,eepro
2026-01-nj-hustle-congress/other-novice-pro-am-follower-hustle-open,2026-01-nj-hustle-congress/other-novice-pro-am-follower-hustle-open/F-427,2026-01-nj-hustle-congress,unmatched,Aly Blake and Diane Nardone,,follower,eepro
2026-01-nj-hustle-congress/other-novice-pro-am-follower-hustle-open,2026-01-nj-hustle-congress/other-novice-pro-am-follower-hustle-open/F-428,2026-01-nj-hustle-congress,unmatched,Jenn Chung and Taryn Rucinski,,follower,eepro
2026-01-nj-hustle-congress/other-novice-pro-am-follower-hustle-open,2026-01-nj-hustle-congress/other-novice-pro-am-follower-hustle-open/F-433,2026-01-nj-hustle-congress,unmatched,Danny Chauca and Louie Orlando,,follower,eepro
2026-01-nj-hustle-congress/other-novice-pro-am-follower-hustle-open,2026-01-nj-hustle-congress/other-novice-pro-am-follower-hustle-open/F-435,2026-01-nj-hustle-congress,unmatched,Ying Quan and Gustavo Rueda,,follower,eepro
2026-01-nj-hustle-congress/other-novice-pro-am-follower-hustle-open,2026-01-nj-hustle-congress/other-novice-pro-am-follower-hustle-open/F-438,2026-01-nj-hustle-congress,unmatched,Tracy Figueroa and Christopher Crevatas,,follower,eepro
2026-01-nj-hustle-congress/other-novice-pro-am-follower-hustle-open,2026-01-nj-hustle-congress/other-novice-pro-am-follower-hustle-open/F-467,2026-01-nj-hustle-congress,unmatched,Louise Giuliano and Kelvin Roche,,follower,eepro
2026-01-nj-hustle-congress/other-novice-pro-am-leader-hustle-legends,2026-01-nj-hustle-congress/other-novice-pro-am-leader-hustle-legends/L-240,2026-01-nj-hustle-congress,unmatched,Arthur Coleman and Faustine Lavie,,leader,eepro
2026-01-nj-hustle-congress/other-novice-pro-am-leader-hustle-legends,2026-01-nj-hustle-congress/other-novice-pro-am-leader-hustle-legends/L-466,2026-01-nj-hustle-congress,unmatched,Terry Henry and Taryn Rucinski,,leader,eepro
2026-01-nj-hustle-congress/other-novice-pro-am-leader-hustle-open,2026-01-nj-hustle-congress/other-novice-pro-am-leader-hustle-open/L-240,2026-01-nj-hustle-congress,unmatched,Arthur Coleman and Faustine Lavie,,leader,eepro
2026-01-nj-hustle-congress/other-novice-pro-am-leader-hustle-open,2026-01-nj-hustle-congress/other-novice-pro-am-leader-hustle-open/L-466,2026-01-nj-hustle-congress,unmatched,Terry Henry and Taryn Rucinski,,leader,eepro
2026-01-nj-hustle-congress/other-pro-am-hustle-for-the-hounds,2026-01-nj-hustle-congress/other-pro-am-hustle-for-the-hounds/L-251,2026-01-nj-hustle-congress,unmatched,Vanessa luc and Annie Lebedeva,,leader,eepro
2026-01-nj-hustle-congress/other-pro-am-hustle-for-the-hounds,2026-01-nj-hustle-congress/other-pro-am-hustle-for-the-hounds/L-399,2026-01-nj-hustle-congress,unmatched,Valerie Addas and Evan Yeh,,leader,eepro
2026-01-nj-hustle-congress/other-pro-am-hustle-for-the-hounds,2026-01-nj-hustle-congress/other-pro-am-hustle-for-the-hounds/L-400,2026-01-nj-hustle-congress,unmatched,Doreen O’hare and taryn Rucinski,,leader,eepro
2026-01-nj-hustle-congress/other-pro-am-hustle-for-the-hounds,2026-01-nj-hustle-congress/other-pro-am-hustle-for-the-hounds/L-437,2026-01-nj-hustle-congress,unmatched,Tara Williams and Robert Finocchio,,leader,eepro
2026-01-nj-hustle-congress/other-pro-am-theater-arts-hustle,2026-01-nj-hustle-congress/other-pro-am-theater-arts-hustle/L-name-deborah-davis-and-stephen-ward,2026-01-nj-hustle-congress,unmatched,Deborah Davis and Stephen Ward,,leader,eepro
2026-01-nj-hustle-congress/other-pro-am-theater-arts-hustle,2026-01-nj-hustle-congress/other-pro-am-theater-arts-hustle/L-name-denise-higgins-and-steven-james,2026-01-nj-hustle-congress,unmatched,Denise Higgins and Steven James,,leader,eepro
2026-01-nj-hustle-congress/other-pro-am-theater-arts-hustle,2026-01-nj-hustle-congress/other-pro-am-theater-arts-hustle/L-name-mark-woolf-and-ashely-lumburg,2026-01-nj-hustle-congress,unmatched,Mark Woolf and Ashely Lumburg,,leader,eepro
2026-01-nj-hustle-congress/other-professional-just-hustle,2026-01-nj-hustle-congress/other-professional-just-hustle/L-392,2026-01-nj-hustle-congress,unmatched,Viktor Dubravay and Eva Bebko,,leader,eepro
2026-01-nj-hustle-congress/other-professional-just-hustle,2026-01-nj-hustle-congress/other-professional-just-hustle/L-430,2026-01-nj-hustle-congress,unmatched,Julien Cloutier and Taylor Yeung,,leader,eepro
2026-01-nj-hustle-congress/other-professional-just-hustle,2026-01-nj-hustle-congress/other-professional-just-hustle/L-468,2026-01-nj-hustle-congress,probable,Bob Carleone and Sam Sye,11788,leader,eepro
2026-01-nj-hustle-congress/other-professional-just-hustle,2026-01-nj-hustle-congress/other-professional-just-hustle/L-470,2026-01-nj-hustle-congress,unmatched,Gustavo Rueda and Faustine Lavie,,leader,eepro
2026-01-nj-hustle-congress/other-professional-just-hustle,2026-01-nj-hustle-congress/other-professional-just-hustle/L-473,2026-01-nj-hustle-congress,unmatched,Christopher Crevatas and Taryn Rucinski,,leader,eepro
2026-01-paris-swing-classic/all-european,2026-01-paris-swing-classic/all-european/L-003,2026-01-paris-swing-classic,probable,Francesco Ciabini and Apolline Castellani,23504,leader,eepro
2026-01-paris-swing-classic/all-european,2026-01-paris-swing-classic/all-european/L-010,2026-01-paris-swing-classic,probable,David METIN and Isabel Sieber,24819,leader,eepro
2026-01-paris-swing-classic/all-european,2026-01-paris-swing-classic/all-european/L-013,2026-01-paris-swing-classic,probable,Jonathan Baillie and Sabrina Kühn,25166,leader,eepro
2026-01-paris-swing-classic/all-european,2026-01-paris-swing-classic/all-european/L-021,2026-01-paris-swing-classic,probable,Marten Kruidhof and Manon Prunier,21390,leader,eepro
2026-01-paris-swing-classic/all-european,2026-01-paris-swing-classic/all-european/L-023,2026-01-paris-swing-classic,probable,Thibault Sejourne and Perrine Rutkowski,21775,leader,eepro
2026-01-paris-swing-classic/all-european,2026-01-paris-swing-classic/all-european/L-034,2026-01-paris-swing-classic,probable,Vincent Turpaud and Hana Kim,23416,leader,eepro
2026-01-paris-swing-classic/all-european,2026-01-paris-swing-classic/all-european/L-035,2026-01-paris-swing-classic,probable,Adrien Tardieu and Hanna Junk,22414,leader,eepro
2026-01-paris-swing-classic/all-european,2026-01-paris-swing-classic/all-european/L-037,2026-01-paris-swing-classic,probable,Corey Brillantes and Jung Kang,12572,leader,eepro
2026-01-paris-swing-classic/all-european,2026-01-paris-swing-classic/all-european/L-054,2026-01-paris-swing-classic,probable,Dominic Minty and Floriane Robert,20120,leader,eepro
2026-01-paris-swing-classic/all-european,2026-01-paris-swing-classic/all-european/L-057,2026-01-paris-swing-classic,probable,YoungWan Kim and Caroline Legardinier,27480,leader,eepro
2026-01-paris-swing-classic/all-european,2026-01-paris-swing-classic/all-european/L-063,2026-01-paris-swing-classic,probable,LUDOVIC DE LAVERGNE and Valérie Fricke,24367,leader,eepro
2026-01-paris-swing-classic/all-european,2026-01-paris-swing-classic/all-european/L-084,2026-01-paris-swing-classic,probable,Kévin Surrault and Jessica Mellert,23952,leader,eepro
2026-01-paris-swing-classic/all-european,2026-01-paris-swing-classic/all-european/L-100,2026-01-paris-swing-classic,probable,Alexej Antropov and Sandrine DAUMER,28645,leader,eepro
2026-01-paris-swing-classic/all-european,2026-01-paris-swing-classic/all-european/L-107,2026-01-paris-swing-classic,probable,Olivier Yoo and Jessica Benedicto,23352,leader,eepro
2026-01-paris-swing-classic/all-european,2026-01-paris-swing-classic/all-european/L-108,2026-01-paris-swing-classic,probable,Matthieu Chipponi and Maëlys Parla,20886,leader,eepro
2026-01-paris-swing-classic/all-european,2026-01-paris-swing-classic/all-european/L-119,2026-01-paris-swing-classic,unmatched,Arthur Versavel and Emma McAlary,,leader,eepro
2026-01-paris-swing-classic/all-european,2026-01-paris-swing-classic/all-european/L-120,2026-01-paris-swing-classic,probable,Ole Arne Jakobsen Steen and Tamara Martinho,20751,leader,eepro
2026-01-paris-swing-classic/all-european,2026-01-paris-swing-classic/all-european/L-134,2026-01-paris-swing-classic,probable,Andrew Son and Adeline Boulet,19894,leader,eepro
2026-01-paris-swing-classic/all-european,2026-01-paris-swing-classic/all-european/L-141,2026-01-paris-swing-classic,possible,Anik Dutta and Mathilde Antiphon,,leader,eepro
2026-01-paris-swing-classic/all-european,2026-01-paris-swing-classic/all-european/L-147,2026-01-paris-swing-classic,probable,Jerome Speck and Larisa Tingle,8004,leader,eepro
2026-01-paris-swing-classic/all-european,2026-01-paris-swing-classic/all-european/L-156,2026-01-paris-swing-classic,probable,Za Thomaier and Olga Zenko,12451,leader,eepro
2026-01-paris-swing-classic/all-european,2026-01-paris-swing-classic/all-european/L-177,2026-01-paris-swing-classic,probable,Petter Fossheim and Jaimee Thomas,23093,leader,eepro
2026-01-paris-swing-classic/all-european,2026-01-paris-swing-classic/all-european/L-185,2026-01-paris-swing-classic,probable,Annaliese Mann and Wendy Parr,25777,leader,eepro
2026-01-paris-swing-classic/all-european,2026-01-paris-swing-classic/all-european/L-199,2026-01-paris-swing-classic,probable,Bryan Veltz and Fiona Klüser,21505,leader,eepro
2026-01-paris-swing-classic/all-european,2026-01-paris-swing-classic/all-european/L-200,2026-01-paris-swing-classic,unmatched,Rémy Flipo and Delphine DUBOS,,leader,eepro
2026-01-paris-swing-classic/all-european,2026-01-paris-swing-classic/all-european/L-203,2026-01-paris-swing-classic,probable,Xixuan Zhu and Saskia Sportel,25625,leader,eepro
2026-01-paris-swing-classic/all-european,2026-01-paris-swing-classic/all-european/L-215,2026-01-paris-swing-classic,probable,Michael De San Féliciano and Sophia Yip,25359,leader,eepro
2026-01-paris-swing-classic/all-european,2026-01-paris-swing-classic/all-european/L-216,2026-01-paris-swing-classic,probable,Conor McClure and Irène Bivas,21403,leader,eepro
2026-01-paris-swing-classic/all-european,2026-01-paris-swing-classic/all-european/L-221,2026-01-paris-swing-classic,probable,Mikele Da Silva Bois and Aneta Gienibor,24815,leader,eepro
2026-01-paris-swing-classic/all-european,2026-01-paris-swing-classic/all-european/L-223,2026-01-paris-swing-classic,probable,Matteo Bernardi and Cristina Nicoleta Niculae,26464,leader,eepro
2026-01-paris-swing-classic/all-european,2026-01-paris-swing-classic/all-european/L-228,2026-01-paris-swing-classic,unmatched,Fabian Kästner and Stephanie Bönisch,,leader,eepro
2026-01-paris-swing-classic/all-european,2026-01-paris-swing-classic/all-european/L-241,2026-01-paris-swing-classic,probable,Hadrien Bainier and Isabelle Staquet,23356,leader,eepro
2026-01-paris-swing-classic/all-european,2026-01-paris-swing-classic/all-european/L-246,2026-01-paris-swing-classic,probable,Mark Dwelly and Camille Behar,24926,leader,eepro
2026-01-paris-swing-classic/all-european,2026-01-paris-swing-classic/all-european/L-268,2026-01-paris-swing-classic,probable,Samuel Cariou-Salaun and Lisa Koeffer,26925,leader,eepro
2026-01-paris-swing-classic/all-european,2026-01-paris-swing-classic/all-european/L-282,2026-01-paris-swing-classic,probable,Tommy Daquin and Alberto GeiWen,25408,leader,eepro
2026-01-paris-swing-classic/all-european,2026-01-paris-swing-classic/all-european/L-283,2026-01-paris-swing-classic,probable,Kevin Te and Christina Hagensen,24726,leader,eepro
2026-01-paris-swing-classic/all-european,2026-01-paris-swing-classic/all-european/L-290,2026-01-paris-swing-classic,unmatched,Guillaume Lefeuvre and Alexandra Pinto,,leader,eepro
2026-01-paris-swing-classic/all-european,2026-01-paris-swing-classic/all-european/L-292,2026-01-paris-swing-classic,probable,William McGregor and Angela Belze,20877,leader,eepro
2026-01-paris-swing-classic/all-european,2026-01-paris-swing-classic/all-european/L-296,2026-01-paris-swing-classic,probable,Kainoa Archer and Magdalena Skalecka,27483,leader,eepro
2026-01-paris-swing-classic/all-european,2026-01-paris-swing-classic/all-european/L-313,2026-01-paris-swing-classic,probable,Guillaume Samain and Léonie Havé,23112,leader,eepro
2026-01-paris-swing-classic/all-european,2026-01-paris-swing-classic/all-european/L-314,2026-01-paris-swing-classic,unmatched,Sebastian Leske and Floriane Cattin,,leader,eepro
2026-01-paris-swing-classic/all-european,2026-01-paris-swing-classic/all-european/L-315,2026-01-paris-swing-classic,possible,Fabrice Cosmo and Fiona Carbonell,,leader,eepro
2026-01-paris-swing-classic/all-european,2026-01-paris-swing-classic/all-european/L-333,2026-01-paris-swing-classic,possible,Son Nguyen and Nathalie Asseline,,leader,eepro
2026-01-paris-swing-classic/all-european,2026-01-paris-swing-classic/all-european/L-342,2026-01-paris-swing-classic,probable,Pierre Popineau and Philadelphia Pawley,28011,leader,eepro
2026-01-paris-swing-classic/all-european,2026-01-paris-swing-classic/all-european/L-354,2026-01-paris-swing-classic,probable,Quentin Chan Wai Nam and Stefanie Tschom,17340,leader,eepro
2026-01-paris-swing-classic/all-european,2026-01-paris-swing-classic/all-european/L-361,2026-01-paris-swing-classic,unmatched,Lino Vierheilig and Chrisy Raharison,,leader,eepro
2026-01-paris-swing-classic/all-european,2026-01-paris-swing-classic/all-european/L-363,2026-01-paris-swing-classic,unmatched,Raphaël Barlaud and Johanna Chen,,leader,eepro
2026-01-paris-swing-classic/all-european,2026-01-paris-swing-classic/all-european/L-365,2026-01-paris-swing-classic,probable,Vladimir Geneste-Samissoff and Leonie Schwan,21866,leader,eepro
2026-01-paris-swing-classic/all-european,2026-01-paris-swing-classic/all-european/L-366,2026-01-paris-swing-classic,possible,Leo Lorenzo and Daria Yan,,leader,eepro
2026-01-paris-swing-classic/all-european,2026-01-paris-swing-classic/all-european/L-367,2026-01-paris-swing-classic,probable,Kyle FitzGerald and Claudia Younis,20486,leader,eepro
2026-01-paris-swing-classic/all-european,2026-01-paris-swing-classic/all-european/L-379,2026-01-paris-swing-classic,probable,Vincent Aron and Anna Gagliardi,28960,leader,eepro
2026-01-paris-swing-classic/all-european,2026-01-paris-swing-classic/all-european/L-380,2026-01-paris-swing-classic,probable,Paul Gouy and Polina Gerasimenko,22042,leader,eepro
2026-01-paris-swing-classic/all-european,2026-01-paris-swing-classic/all-european/L-388,2026-01-paris-swing-classic,unmatched,Laurent Prato and Angela Belze,,leader,eepro
2026-01-paris-swing-classic/all-european,2026-01-paris-swing-classic/all-european/L-391,2026-01-paris-swing-classic,unmatched,Guillaume Bury and Claire Valsot,,leader,eepro
2026-01-paris-swing-classic/all-european,2026-01-paris-swing-classic/all-european/L-392,2026-01-paris-swing-classic,probable,Maximilien Barateig and Katelyn Brady,19803,leader,eepro
2026-01-paris-swing-classic/all-european,2026-01-paris-swing-classic/all-european/L-396,2026-01-paris-swing-classic,probable,Nathan Rossard and Léa CIMELLI,16776,leader,eepro
2026-01-paris-swing-classic/all-european,2026-01-paris-swing-classic/all-european/L-398,2026-01-paris-swing-classic,unmatched,Guillaume de Longuemar and Kim van Zundert,,leader,eepro
2026-01-paris-swing-classic/all-european,2026-01-paris-swing-classic/all-european/L-401,2026-01-paris-swing-classic,probable,Vivien Meublat and Fanny Herisson,23001,leader,eepro
2026-01-paris-swing-classic/all-european,2026-01-paris-swing-classic/all-european/L-403,2026-01-paris-swing-classic,probable,Christian Schan and Anastasia Suvorova,23576,leader,eepro
2026-01-paris-swing-classic/all-european,2026-01-paris-swing-classic/all-european/L-405,2026-01-paris-swing-classic,probable,Casey Bender and Charlie Fournier,21136,leader,eepro
2026-01-paris-swing-classic/all-european,2026-01-paris-swing-classic/all-european/L-408,2026-01-paris-swing-classic,probable,Thomas Porcheron and Olga Romanova,23299,leader,eepro
2026-01-paris-swing-classic/all-european,2026-01-paris-swing-classic/all-european/L-417,2026-01-paris-swing-classic,possible,Alaa Khreis and Alexandra Novák,,leader,eepro
2026-01-paris-swing-classic/all-european,2026-01-paris-swing-classic/all-european/L-433,2026-01-paris-swing-classic,probable,Aymerick LAMARQUE and Marine Le Dudal,16977,leader,eepro
2026-01-paris-swing-classic/pro-am,2026-01-paris-swing-classic/pro-am/L-name-bryan-veltz-and-maina-vila-cobarsi,2026-01-paris-swing-classic,probable,Bryan Veltz and Maïna Vila Cobarsi,11162,leader,eepro
2026-01-paris-swing-classic/pro-am,2026-01-paris-swing-classic/pro-am/L-name-marianne-castelain-and-fabien-depraetre,2026-01-paris-swing-classic,unmatched,Marianne Castelain and Fabien Depraetre,,leader,eepro
2026-01-paris-swing-classic/pro-am,2026-01-paris-swing-classic/pro-am/L-name-perrine-rutkowski-and-kyle-fitzgerald,2026-01-paris-swing-classic,unmatched,Perrine Rutkowski and Kyle FitzGerald,,leader,eepro
2026-01-paris-swing-classic/pro-am,2026-01-paris-swing-classic/pro-am/L-name-son-nguyen-and-marina-motronenko,2026-01-paris-swing-classic,probable,Son Nguyen and Marina Motronenko,7592,leader,eepro
2026-01-paris-swing-classic/pro-am,2026-01-paris-swing-classic/pro-am/L-name-tommy-daquin-and-elodie-chapon,2026-01-paris-swing-classic,probable,Tommy Daquin and Elodie Chapon,12196,leader,eepro
2026-01-paris-swing-classic/rising-star,2026-01-paris-swing-classic/rising-star/L-name-kainoa-archer-and-marylou-durandeau,2026-01-paris-swing-classic,probable,Kainoa Archer and Marylou Durandeau,22270,leader,eepro
2026-01-paris-swing-classic/rising-star,2026-01-paris-swing-classic/rising-star/L-name-sergey-sirotkin-and-camille-picano,2026-01-paris-swing-classic,probable,Sergey Sirotkin and Camille Picano,21515,leader,eepro
2026-01-paris-swing-classic/rising-star,2026-01-paris-swing-classic/rising-star/L-name-stephane-dominguez-and-arantxa-lebon,2026-01-paris-swing-classic,probable,Stéphane Dominguez and Arantxa Lebon,17630,leader,eepro
2026-01-spotlight-new-year-s-celebration/country-country-swing-lower-level-j-j,2026-01-spotlight-new-year-s-celebration/country-country-swing-lower-level-j-j/L-191,2026-01-spotlight-new-year-s-celebration,unmatched,Michael Vick and Kelsey Aycock,,leader,eepro
2026-01-spotlight-new-year-s-celebration/country-country-swing-lower-level-j-j,2026-01-spotlight-new-year-s-celebration/country-country-swing-lower-level-j-j/L-205,2026-01-spotlight-new-year-s-celebration,unmatched,Justin Nash and Marina Sharkey,,leader,eepro
2026-01-spotlight-new-year-s-celebration/country-country-swing-lower-level-j-j,2026-01-spotlight-new-year-s-celebration/country-country-swing-lower-level-j-j/L-218,2026-01-spotlight-new-year-s-celebration,unmatched,Brandon Burnell and Caziah Rockett,,leader,eepro
2026-01-spotlight-new-year-s-celebration/country-country-swing-lower-level-j-j,2026-01-spotlight-new-year-s-celebration/country-country-swing-lower-level-j-j/L-222,2026-01-spotlight-new-year-s-celebration,probable,Tyler Rowland and Shannon Gerboth,26167,leader,eepro
2026-01-spotlight-new-year-s-celebration/country-country-swing-lower-level-j-j,2026-01-spotlight-new-year-s-celebration/country-country-swing-lower-level-j-j/L-539,2026-01-spotlight-new-year-s-celebration,unmatched,Liz Alexandra Morales and Jess Stephens,,leader,eepro
2026-01-spotlight-new-year-s-celebration/country-country-swing-lower-level-j-j,2026-01-spotlight-new-year-s-celebration/country-country-swing-lower-level-j-j/L-772,2026-01-spotlight-new-year-s-celebration,unmatched,Bry Landers and Kelsea Greer,,leader,eepro
2026-01-spotlight-new-year-s-celebration/country-country-swing-lower-level-j-j,2026-01-spotlight-new-year-s-celebration/country-country-swing-lower-level-j-j/L-774,2026-01-spotlight-new-year-s-celebration,probable,Gregory Niguidula and Liberty Lege,27542,leader,eepro
2026-01-spotlight-new-year-s-celebration/country-country-swing-lower-level-j-j,2026-01-spotlight-new-year-s-celebration/country-country-swing-lower-level-j-j/L-823,2026-01-spotlight-new-year-s-celebration,probable,Elise Holland and Brittney Sauder,28316,leader,eepro
2026-01-spotlight-new-year-s-celebration/country-country-swing-lower-level-j-j,2026-01-spotlight-new-year-s-celebration/country-country-swing-lower-level-j-j/L-837,2026-01-spotlight-new-year-s-celebration,probable,Micah Harkins and Carlysle Garland,26725,leader,eepro
2026-01-spotlight-new-year-s-celebration/country-country-swing-lower-level-j-j,2026-01-spotlight-new-year-s-celebration/country-country-swing-lower-level-j-j/L-886,2026-01-spotlight-new-year-s-celebration,unmatched,Michael Hill and Angelina Bruno,,leader,eepro
2026-01-spotlight-new-year-s-celebration/country-country-swing-upper-level-j-j,2026-01-spotlight-new-year-s-celebration/country-country-swing-upper-level-j-j/L-144,2026-01-spotlight-new-year-s-celebration,probable,Matthew Casillas and Andrea Gomez,21486,leader,eepro
2026-01-spotlight-new-year-s-celebration/country-country-swing-upper-level-j-j,2026-01-spotlight-new-year-s-celebration/country-country-swing-upper-level-j-j/L-168,2026-01-spotlight-new-year-s-celebration,probable,Julio Alvarez and Hannah Evans,26532,leader,eepro
2026-01-spotlight-new-year-s-celebration/country-country-swing-upper-level-j-j,2026-01-spotlight-new-year-s-celebration/country-country-swing-upper-level-j-j/L-185,2026-01-spotlight-new-year-s-celebration,probable,Davis Schmitz and Willow Vander Kooi,25755,leader,eepro
2026-01-spotlight-new-year-s-celebration/country-country-swing-upper-level-j-j,2026-01-spotlight-new-year-s-celebration/country-country-swing-upper-level-j-j/L-563,2026-01-spotlight-new-year-s-celebration,probable,Breydon Lyall and Elise Holland,22525,leader,eepro
2026-01-spotlight-new-year-s-celebration/country-country-swing-upper-level-j-j,2026-01-spotlight-new-year-s-celebration/country-country-swing-upper-level-j-j/L-601,2026-01-spotlight-new-year-s-celebration,probable,Kyler Pleasant and Melissa Jauregui,26413,leader,eepro
2026-01-spotlight-new-year-s-celebration/country-country-swing-upper-level-j-j,2026-01-spotlight-new-year-s-celebration/country-country-swing-upper-level-j-j/L-637,2026-01-spotlight-new-year-s-celebration,probable,Brandon Haas and Sarah Rose Goin,23166,leader,eepro
2026-01-spotlight-new-year-s-celebration/country-country-swing-upper-level-j-j,2026-01-spotlight-new-year-s-celebration/country-country-swing-upper-level-j-j/L-888,2026-01-spotlight-new-year-s-celebration,unmatched,Caziah Rockett and Tatia Dumbadse,,leader,eepro
2026-01-spotlight-new-year-s-celebration/country-country-swing-upper-level-j-j,2026-01-spotlight-new-year-s-celebration/country-country-swing-upper-level-j-j/L-976,2026-01-spotlight-new-year-s-celebration,possible,Gabriel Girley and Marissa Guillen,,leader,eepro
2026-01-spotlight-new-year-s-celebration/intermediate-pro-am,2026-01-spotlight-new-year-s-celebration/intermediate-pro-am/L-name-carlos-servan-alvarez-and-ariel-peck,2026-01-spotlight-new-year-s-celebration,unmatched,Carlos Servan-Alvarez and Ariel Peck,,leader,eepro
2026-01-spotlight-new-year-s-celebration/intermediate-pro-am,2026-01-spotlight-new-year-s-celebration/intermediate-pro-am/L-name-donna-williams-and-jesse-lopez,2026-01-spotlight-new-year-s-celebration,unmatched,Donna Williams and Jesse Lopez,,leader,eepro
2026-01-spotlight-new-year-s-celebration/intermediate-pro-am,2026-01-spotlight-new-year-s-celebration/intermediate-pro-am/L-name-stephanie-meyer-and-joseph-carey,2026-01-spotlight-new-year-s-celebration,unmatched,Stephanie Meyer and Joseph Carey,,leader,eepro
2026-01-spotlight-new-year-s-celebration/invitational-invitational-routines,2026-01-spotlight-new-year-s-celebration/invitational-invitational-routines/L-name-brennar-goree-and-florencia-diaz,2026-01-spotlight-new-year-s-celebration,possible,Brennar Goree and Florencia Diaz,,leader,eepro
2026-01-spotlight-new-year-s-celebration/invitational-invitational-routines,2026-01-spotlight-new-year-s-celebration/invitational-invitational-routines/L-name-derek-leyva-and-nicole-zwerlein,2026-01-spotlight-new-year-s-celebration,possible,Derek Leyva and Nicole Zwerlein,,leader,eepro
2026-01-spotlight-new-year-s-celebration/invitational-invitational-routines,2026-01-spotlight-new-year-s-celebration/invitational-invitational-routines/L-name-jesse-lopez-and-emily-huang,2026-01-spotlight-new-year-s-celebration,possible,Jesse Lopez and Emily Huang,,leader,eepro
2026-01-spotlight-new-year-s-celebration/invitational-invitational-routines,2026-01-spotlight-new-year-s-celebration/invitational-invitational-routines/L-name-kris-swearingen-and-jennifer-norris,2026-01-spotlight-new-year-s-celebration,possible,Kris Swearingen and Jennifer Norris,,leader,eepro
2026-01-spotlight-new-year-s-celebration/invitational-invitational-routines,2026-01-spotlight-new-year-s-celebration/invitational-invitational-routines/L-name-kyle-fitzgerald-and-colleen-uspensky,2026-01-spotlight-new-year-s-celebration,possible,Kyle FitzGerald and Colleen Uspensky,,leader,eepro
2026-01-spotlight-new-year-s-celebration/invitational-invitational-routines,2026-01-spotlight-new-year-s-celebration/invitational-invitational-routines/L-name-nelson-clarke-and-shayla-bouise,2026-01-spotlight-new-year-s-celebration,possible,Nelson Clarke and Shayla Bouise,,leader,eepro
2026-01-spotlight-new-year-s-celebration/invitational-invitational-routines,2026-01-spotlight-new-year-s-celebration/invitational-invitational-routines/L-name-philippe-amar-and-ariel-peck,2026-01-spotlight-new-year-s-celebration,possible,Philippe Amar and Ariel Peck,,leader,eepro
2026-01-spotlight-new-year-s-celebration/invitational-invitational-routines,2026-01-spotlight-new-year-s-celebration/invitational-invitational-routines/L-name-sam-vaden-and-melodie-paletta,2026-01-spotlight-new-year-s-celebration,possible,Sam Vaden and Melodie Paletta,,leader,eepro
2026-01-spotlight-new-year-s-celebration/novice-pro-am,2026-01-spotlight-new-year-s-celebration/novice-pro-am/L-name-abby-weaver-and-jesse-lopez,2026-01-spotlight-new-year-s-celebration,unmatched,Abby Weaver and Jesse Lopez,,leader,eepro
2026-01-spotlight-new-year-s-celebration/novice-pro-am,2026-01-spotlight-new-year-s-celebration/novice-pro-am/L-name-amy-izzo-and-bradley-wendt,2026-01-spotlight-new-year-s-celebration,unmatched,Amy Izzo and Bradley Wendt,,leader,eepro
2026-01-spotlight-new-year-s-celebration/novice-pro-am,2026-01-spotlight-new-year-s-celebration/novice-pro-am/L-name-ann-wallace-and-jake-haning,2026-01-spotlight-new-year-s-celebration,unmatched,Ann Wallace and Jake Haning,,leader,eepro
2026-01-spotlight-new-year-s-celebration/novice-pro-am,2026-01-spotlight-new-year-s-celebration/novice-pro-am/L-name-candice-jablonski-and-derek-leyva,2026-01-spotlight-new-year-s-celebration,unmatched,Candice jablonski and Derek Leyva,,leader,eepro
2026-01-spotlight-new-year-s-celebration/novice-pro-am,2026-01-spotlight-new-year-s-celebration/novice-pro-am/L-name-claire-flogel-and-joey-sogluizzo,2026-01-spotlight-new-year-s-celebration,unmatched,Claire Flogel and Joey Sogluizzo,,leader,eepro
2026-01-spotlight-new-year-s-celebration/novice-pro-am,2026-01-spotlight-new-year-s-celebration/novice-pro-am/L-name-danny-cherry-and-ariel-peck,2026-01-spotlight-new-year-s-celebration,unmatched,Danny Cherry and Ariel Peck,,leader,eepro
2026-01-spotlight-new-year-s-celebration/novice-pro-am,2026-01-spotlight-new-year-s-celebration/novice-pro-am/L-name-kim-salvesen-and-derek-leyva,2026-01-spotlight-new-year-s-celebration,unmatched,Kim Salvesen and Derek Leyva,,leader,eepro
2026-01-spotlight-new-year-s-celebration/novice-pro-am,2026-01-spotlight-new-year-s-celebration/novice-pro-am/L-name-rob-stone-and-abigail-baker,2026-01-spotlight-new-year-s-celebration,unmatched,Rob Stone and Abigail Baker,,leader,eepro
2026-01-spotlight-new-year-s-celebration/novice-pro-am,2026-01-spotlight-new-year-s-celebration/novice-pro-am/L-name-rosemary-davidson-and-abi-jennings,2026-01-spotlight-new-year-s-celebration,unmatched,Rosemary Davidson and Abi Jennings,,leader,eepro
2026-01-spotlight-new-year-s-celebration/novice-pro-am,2026-01-spotlight-new-year-s-celebration/novice-pro-am/L-name-stephen-barnes-and-alex-raposo,2026-01-spotlight-new-year-s-celebration,unmatched,Stephen Barnes and Alex Raposo,,leader,eepro
2026-01-spotlight-new-year-s-celebration/novice-pro-am,2026-01-spotlight-new-year-s-celebration/novice-pro-am/L-name-tara-tramel-and-jerome-subey,2026-01-spotlight-new-year-s-celebration,unmatched,Tara Tramel and Jerome Subey,,leader,eepro
2026-01-spotlight-new-year-s-celebration/novice-pro-am,2026-01-spotlight-new-year-s-celebration/novice-pro-am/L-name-zoe-osborn-and-jesse-lopez,2026-01-spotlight-new-year-s-celebration,unmatched,Zoe Osborn and Jesse Lopez,,leader,eepro
2026-01-swingcouver/intermediate-strictly-proam-followers,2026-01-swingcouver/intermediate-strictly-proam-followers/F-188,2026-01-swingcouver,unmatched,Samantha Saville and James Wyke,,follower,eepro
2026-01-swingcouver/intermediate-strictly-proam-followers,2026-01-swingcouver/intermediate-strictly-proam-followers/F-208,2026-01-swingcouver,unmatched,Igor Laryukhin and Thomas Carter,,follower,eepro
2026-01-swingcouver/intermediate-strictly-proam-followers,2026-01-swingcouver/intermediate-strictly-proam-followers/F-278,2026-01-swingcouver,unmatched,Sophia Inge and Aaron Nuno,,follower,eepro
2026-01-swingcouver/intermediate-strictly-proam-followers,2026-01-swingcouver/intermediate-strictly-proam-followers/F-46,2026-01-swingcouver,probable,Jacinda Waite and Stephen White,20910,follower,eepro
2026-01-swingcouver/intermediate-strictly-proam-followers,2026-01-swingcouver/intermediate-strictly-proam-followers/F-50,2026-01-swingcouver,unmatched,Erin Black and David Hemmerich,,follower,eepro
2026-01-swingcouver/intermediate-strictly-proam-followers,2026-01-swingcouver/intermediate-strictly-proam-followers/F-8,2026-01-swingcouver,unmatched,Laura Hunter and Andrew Opyrchal,,follower,eepro
2026-01-swingcouver/novice-pro-am-stricly-leaders,2026-01-swingcouver/novice-pro-am-stricly-leaders/L-121,2026-01-swingcouver,unmatched,Scott Fleischer and Olivia Luke,,leader,eepro
2026-01-swingcouver/novice-pro-am-stricly-leaders,2026-01-swingcouver/novice-pro-am-stricly-leaders/L-135,2026-01-swingcouver,probable,Kc Walters and Elizabeth Wyke,27396,leader,eepro
2026-01-swingcouver/novice-pro-am-stricly-leaders,2026-01-swingcouver/novice-pro-am-stricly-leaders/L-17,2026-01-swingcouver,unmatched,Michael Salber and Phoenix Grey,,leader,eepro
2026-01-swingcouver/novice-pro-am-stricly-leaders,2026-01-swingcouver/novice-pro-am-stricly-leaders/L-192,2026-01-swingcouver,probable,Phong Ho and David Hemmerich,27381,leader,eepro
2026-01-swingcouver/novice-pro-am-stricly-leaders,2026-01-swingcouver/novice-pro-am-stricly-leaders/L-203,2026-01-swingcouver,unmatched,David Boyd and Katie Jensen,,leader,eepro
2026-01-swingcouver/novice-pro-am-stricly-leaders,2026-01-swingcouver/novice-pro-am-stricly-leaders/L-50,2026-01-swingcouver,unmatched,Erin Black and Leilani Nakagawa,,leader,eepro
2026-01-swingcouver/novice-pro-am-stricly-leaders,2026-01-swingcouver/novice-pro-am-stricly-leaders/L-78,2026-01-swingcouver,unmatched,Macallan Savett and Elise Renwick,,leader,eepro
2026-01-swingcouver/novice-strictly-proam-followers,2026-01-swingcouver/novice-strictly-proam-followers/F-11,2026-01-swingcouver,unmatched,Megan Sintef and Aaron Nuno,,follower,eepro
2026-01-swingcouver/novice-strictly-proam-followers,2026-01-swingcouver/novice-strictly-proam-followers/F-12,2026-01-swingcouver,unmatched,Hannah White and Chris On,,follower,eepro
2026-01-swingcouver/novice-strictly-proam-followers,2026-01-swingcouver/novice-strictly-proam-followers/F-129,2026-01-swingcouver,unmatched,Charlena Kea and Jesse Brummett,,follower,eepro
2026-01-swingcouver/novice-strictly-proam-followers,2026-01-swingcouver/novice-strictly-proam-followers/F-138,2026-01-swingcouver,unmatched,Karly Zammit and Stephen White,,follower,eepro
2026-01-swingcouver/novice-strictly-proam-followers,2026-01-swingcouver/novice-strictly-proam-followers/F-200,2026-01-swingcouver,unmatched,Karen Zhu and Stephen White,,follower,eepro
2026-01-swingcouver/novice-strictly-proam-followers,2026-01-swingcouver/novice-strictly-proam-followers/F-225,2026-01-swingcouver,unmatched,Kindra Stevens and Stephen White,,follower,eepro
2026-01-swingcouver/novice-strictly-proam-followers,2026-01-swingcouver/novice-strictly-proam-followers/F-268,2026-01-swingcouver,unmatched,Kelly Szteinbaum and Brian Sforzo,,follower,eepro
2026-01-swingcouver/novice-strictly-proam-followers,2026-01-swingcouver/novice-strictly-proam-followers/F-39,2026-01-swingcouver,unmatched,Shiloh Boyd and Kameron Moore,,follower,eepro
2026-01-swingcouver/novice-strictly-proam-followers,2026-01-swingcouver/novice-strictly-proam-followers/F-4,2026-01-swingcouver,unmatched,Julianna Moore and David Hemmerich,,follower,eepro
2026-01-swingcouver/novice-strictly-proam-followers,2026-01-swingcouver/novice-strictly-proam-followers/F-42,2026-01-swingcouver,unmatched,Maisie Nutt and Mahala Fedor,,follower,eepro
2026-01-swingcouver/novice-strictly-proam-followers,2026-01-swingcouver/novice-strictly-proam-followers/F-52,2026-01-swingcouver,unmatched,Lauren Smith and Stephen White,,follower,eepro
2026-01-swingcouver/novice-strictly-proam-followers,2026-01-swingcouver/novice-strictly-proam-followers/F-81,2026-01-swingcouver,unmatched,Michelle Guidroz and James Wyke,,follower,eepro
2026-02-capital-swing/pro-am,2026-02-capital-swing/pro-am/L-name-divy-ravindranath-and-kathleen-sun,2026-02-capital-swing,probable,Divy Ravindranath and Kathleen Sun,15296,leader,eepro
2026-02-capital-swing/pro-am,2026-02-capital-swing/pro-am/L-name-pamela-marr-and-za-thomaier,2026-02-capital-swing,unmatched,Pamela Marr and Za Thomaier,,leader,eepro
2026-02-capital-swing/rising-star,2026-02-capital-swing/rising-star/L-name-diego-rivera-and-taylor-linahan,2026-02-capital-swing,probable,Diego Rivera and Taylor Linahan,20813,leader,eepro
2026-02-capital-swing/rising-star,2026-02-capital-swing/rising-star/L-name-miles-van-de-wetering-and-elise-renwick,2026-02-capital-swing,probable,Miles Van de Wetering and Elise Renwick,21146,leader,eepro
2026-02-swing-crush/hi-lo-j-j-hi-lead-lo-follow,2026-02-swing-crush/hi-lo-j-j-hi-lead-lo-follow/L-105,2026-02-swing-crush,probable,Aris Demarco and Amanda Vasquez,20085,leader,eepro
2026-02-swing-crush/hi-lo-j-j-hi-lead-lo-follow,2026-02-swing-crush/hi-lo-j-j-hi-lead-lo-follow/L-131,2026-02-swing-crush,probable,Glenn Ball and Mallory Fuhrmann,24682,leader,eepro
2026-02-swing-crush/hi-lo-j-j-hi-lead-lo-follow,2026-02-swing-crush/hi-lo-j-j-hi-lead-lo-follow/L-134,2026-02-swing-crush,unmatched,James Brodie and Kaylee Trottier,,leader,eepro
2026-02-swing-crush/hi-lo-j-j-hi-lead-lo-follow,2026-02-swing-crush/hi-lo-j-j-hi-lead-lo-follow/L-135,2026-02-swing-crush,probable,James H and Kira Stein,22019,leader,eepro
2026-02-swing-crush/hi-lo-j-j-hi-lead-lo-follow,2026-02-swing-crush/hi-lo-j-j-hi-lead-lo-follow/L-136,2026-02-swing-crush,probable,Trenten Jackson and Keltcey Durham,26003,leader,eepro
2026-02-swing-crush/hi-lo-j-j-hi-lead-lo-follow,2026-02-swing-crush/hi-lo-j-j-hi-lead-lo-follow/L-152,2026-02-swing-crush,probable,Duane Erwin and Jasmine Mendiola,22848,leader,eepro
2026-02-swing-crush/hi-lo-j-j-hi-lead-lo-follow,2026-02-swing-crush/hi-lo-j-j-hi-lead-lo-follow/L-164,2026-02-swing-crush,unmatched,Gary Mcintyre and Kathy Wang,,leader,eepro
2026-02-swing-crush/hi-lo-j-j-hi-lead-lo-follow,2026-02-swing-crush/hi-lo-j-j-hi-lead-lo-follow/L-165,2026-02-swing-crush,probable,Joel Torgeson and Isabella Espinosa,24280,leader,eepro
2026-02-swing-crush/hi-lo-j-j-hi-lead-lo-follow,2026-02-swing-crush/hi-lo-j-j-hi-lead-lo-follow/L-174,2026-02-swing-crush,probable,Chaz Frankenberry and Wendy Carter,20812,leader,eepro
2026-02-swing-crush/hi-lo-j-j-hi-lead-lo-follow,2026-02-swing-crush/hi-lo-j-j-hi-lead-lo-follow/L-19,2026-02-swing-crush,probable,Blake Knoll and Cindy Bai,21980,leader,eepro
2026-02-swing-crush/hi-lo-j-j-hi-lead-lo-follow,2026-02-swing-crush/hi-lo-j-j-hi-lead-lo-follow/L-290,2026-02-swing-crush,probable,Bryan Jordan and Alaynah Schaff,27454,leader,eepro
2026-02-swing-crush/hi-lo-j-j-hi-lead-lo-follow,2026-02-swing-crush/hi-lo-j-j-hi-lead-lo-follow/L-291,2026-02-swing-crush,probable,Gabi Wasserman and Lynne Yun,26843,leader,eepro
2026-02-swing-crush/hi-lo-j-j-hi-lead-lo-follow,2026-02-swing-crush/hi-lo-j-j-hi-lead-lo-follow/L-3,2026-02-swing-crush,unmatched,Luke Applin and Maureen Chandra,,leader,eepro
2026-02-swing-crush/hi-lo-j-j-hi-lead-lo-follow,2026-02-swing-crush/hi-lo-j-j-hi-lead-lo-follow/L-388,2026-02-swing-crush,probable,Tommy Schwegmann and Angelica Parker,25774,leader,eepro
2026-02-swing-crush/hi-lo-j-j-hi-lead-lo-follow,2026-02-swing-crush/hi-lo-j-j-hi-lead-lo-follow/L-389,2026-02-swing-crush,probable,Gregory Freeman and Alison Coffey,22892,leader,eepro
2026-02-swing-crush/hi-lo-j-j-hi-lead-lo-follow,2026-02-swing-crush/hi-lo-j-j-hi-lead-lo-follow/L-39,2026-02-swing-crush,probable,Benji Schwimmer and Leilani Long,16895,leader,eepro
2026-02-swing-crush/hi-lo-j-j-hi-lead-lo-follow,2026-02-swing-crush/hi-lo-j-j-hi-lead-lo-follow/L-395,2026-02-swing-crush,probable,Keerigan Rudd and Savanna Johnson,27333,leader,eepro
2026-02-swing-crush/hi-lo-j-j-hi-lead-lo-follow,2026-02-swing-crush/hi-lo-j-j-hi-lead-lo-follow/L-398,2026-02-swing-crush,probable,Jacen Northcutt and Sandrine Menoret,10820,leader,eepro
2026-02-swing-crush/hi-lo-j-j-hi-lead-lo-follow,2026-02-swing-crush/hi-lo-j-j-hi-lead-lo-follow/L-405,2026-02-swing-crush,unmatched,Ryan Maldonado and Isa Penny,,leader,eepro
2026-02-swing-crush/hi-lo-j-j-hi-lead-lo-follow,2026-02-swing-crush/hi-lo-j-j-hi-lead-lo-follow/L-459,2026-02-swing-crush,probable,Joseph Maldonado and Ally King,27905,leader,eepro
2026-02-swing-crush/hi-lo-j-j-hi-lead-lo-follow,2026-02-swing-crush/hi-lo-j-j-hi-lead-lo-follow/L-487,2026-02-swing-crush,probable,Demetre Souliotes and Celisse Idleman,22207,leader,eepro
2026-02-swing-crush/hi-lo-j-j-hi-lead-lo-follow,2026-02-swing-crush/hi-lo-j-j-hi-lead-lo-follow/L-58,2026-02-swing-crush,probable,Easton England and Rachel Lai,23248,leader,eepro
2026-02-swing-crush/hi-lo-j-j-hi-lead-lo-follow,2026-02-swing-crush/hi-lo-j-j-hi-lead-lo-follow/L-64,2026-02-swing-crush,probable,Hugo Miguez and Stacey Troy,25333,leader,eepro
2026-02-swing-crush/hi-lo-j-j-hi-lead-lo-follow,2026-02-swing-crush/hi-lo-j-j-hi-lead-lo-follow/L-8,2026-02-swing-crush,probable,Branden Strong and Caity Coburn,27645,leader,eepro
2026-02-swing-crush/hi-lo-j-j-hi-lead-lo-follow,2026-02-swing-crush/hi-lo-j-j-hi-lead-lo-follow/L-91,2026-02-swing-crush,probable,Julio Alvarez and Mimi Embola,24793,leader,eepro
2026-02-swing-crush/hi-lo-j-j-hi-lead-lo-follow,2026-02-swing-crush/hi-lo-j-j-hi-lead-lo-follow/L-94,2026-02-swing-crush,probable,Michael Hassey and Lori Byrd,26549,leader,eepro
2026-02-swing-crush/hi-lo-j-j-lo-lead-hi-follow,2026-02-swing-crush/hi-lo-j-j-lo-lead-hi-follow/L-106,2026-02-swing-crush,probable,Alex Moore and Gaby Sandoval,23546,leader,eepro
2026-02-swing-crush/hi-lo-j-j-lo-lead-hi-follow,2026-02-swing-crush/hi-lo-j-j-lo-lead-hi-follow/L-113,2026-02-swing-crush,probable,Himanshu Paul and Stacy Kay,8814,leader,eepro
2026-02-swing-crush/hi-lo-j-j-lo-lead-hi-follow,2026-02-swing-crush/hi-lo-j-j-lo-lead-hi-follow/L-118,2026-02-swing-crush,unmatched,Spencer Reese and Nicole Bruner,,leader,eepro
2026-02-swing-crush/hi-lo-j-j-lo-lead-hi-follow,2026-02-swing-crush/hi-lo-j-j-lo-lead-hi-follow/L-121,2026-02-swing-crush,probable,Jason Math and Maria Bileychik,12183,leader,eepro
2026-02-swing-crush/hi-lo-j-j-lo-lead-hi-follow,2026-02-swing-crush/hi-lo-j-j-lo-lead-hi-follow/L-126,2026-02-swing-crush,probable,Robert Axley and Kim Bass,5351,leader,eepro
2026-02-swing-crush/hi-lo-j-j-lo-lead-hi-follow,2026-02-swing-crush/hi-lo-j-j-lo-lead-hi-follow/L-141,2026-02-swing-crush,unmatched,Denny Pham and Maria Bileychik,,leader,eepro
2026-02-swing-crush/hi-lo-j-j-lo-lead-hi-follow,2026-02-swing-crush/hi-lo-j-j-lo-lead-hi-follow/L-151,2026-02-swing-crush,unmatched,C Chang and Kim Bass,,leader,eepro
2026-02-swing-crush/hi-lo-j-j-lo-lead-hi-follow,2026-02-swing-crush/hi-lo-j-j-lo-lead-hi-follow/L-157,2026-02-swing-crush,probable,Connor Beck and Brianna Garcia,18317,leader,eepro
2026-02-swing-crush/hi-lo-j-j-lo-lead-hi-follow,2026-02-swing-crush/hi-lo-j-j-lo-lead-hi-follow/L-16,2026-02-swing-crush,probable,Seth Grundmeyer and Kristen Wallace,14487,leader,eepro
2026-02-swing-crush/hi-lo-j-j-lo-lead-hi-follow,2026-02-swing-crush/hi-lo-j-j-lo-lead-hi-follow/L-163,2026-02-swing-crush,unmatched,Zach Morris and Kristen Wallace,,leader,eepro
2026-02-swing-crush/hi-lo-j-j-lo-lead-hi-follow,2026-02-swing-crush/hi-lo-j-j-lo-lead-hi-follow/L-166,2026-02-swing-crush,probable,Nicholas Johnson and Susan Kirklin,3041,leader,eepro
2026-02-swing-crush/hi-lo-j-j-lo-lead-hi-follow,2026-02-swing-crush/hi-lo-j-j-lo-lead-hi-follow/L-173,2026-02-swing-crush,unmatched,Gabriel Hotchkiss and Noelle Hoeppner,,leader,eepro
2026-02-swing-crush/hi-lo-j-j-lo-lead-hi-follow,2026-02-swing-crush/hi-lo-j-j-lo-lead-hi-follow/L-2,2026-02-swing-crush,unmatched,Miguel Gonzales and Brianna Garcia,,leader,eepro
2026-02-swing-crush/hi-lo-j-j-lo-lead-hi-follow,2026-02-swing-crush/hi-lo-j-j-lo-lead-hi-follow/L-202,2026-02-swing-crush,probable,Anthony Robinski and Adela Su,6616,leader,eepro
2026-02-swing-crush/hi-lo-j-j-lo-lead-hi-follow,2026-02-swing-crush/hi-lo-j-j-lo-lead-hi-follow/L-23,2026-02-swing-crush,unmatched,Caleb Martin and Susan Kirklin,,leader,eepro
2026-02-swing-crush/hi-lo-j-j-lo-lead-hi-follow,2026-02-swing-crush/hi-lo-j-j-lo-lead-hi-follow/L-25,2026-02-swing-crush,probable,Haustyn Forney and Noelle Hoeppner,17182,leader,eepro
2026-02-swing-crush/hi-lo-j-j-lo-lead-hi-follow,2026-02-swing-crush/hi-lo-j-j-lo-lead-hi-follow/L-283,2026-02-swing-crush,probable,Paul Solhaven and Emilia Jaskot,20498,leader,eepro
2026-02-swing-crush/hi-lo-j-j-lo-lead-hi-follow,2026-02-swing-crush/hi-lo-j-j-lo-lead-hi-follow/L-287,2026-02-swing-crush,probable,Vincent DeRise and Chantelle Pianetta,7857,leader,eepro
2026-02-swing-crush/hi-lo-j-j-lo-lead-hi-follow,2026-02-swing-crush/hi-lo-j-j-lo-lead-hi-follow/L-292,2026-02-swing-crush,unmatched,Michael W. Smith and Agnes Maslanka,,leader,eepro
2026-02-swing-crush/hi-lo-j-j-lo-lead-hi-follow,2026-02-swing-crush/hi-lo-j-j-lo-lead-hi-follow/L-35,2026-02-swing-crush,probable,Chase Yandell and Monica Austin,15962,leader,eepro
2026-02-swing-crush/hi-lo-j-j-lo-lead-hi-follow,2026-02-swing-crush/hi-lo-j-j-lo-lead-hi-follow/L-355,2026-02-swing-crush,probable,Bianca Moreira and Payten Rudd,21587,leader,eepro
2026-02-swing-crush/hi-lo-j-j-lo-lead-hi-follow,2026-02-swing-crush/hi-lo-j-j-lo-lead-hi-follow/L-390,2026-02-swing-crush,probable,Mason Smith and Britta Albertson,23246,leader,eepro
2026-02-swing-crush/hi-lo-j-j-lo-lead-hi-follow,2026-02-swing-crush/hi-lo-j-j-lo-lead-hi-follow/L-394,2026-02-swing-crush,possible,Keith Lewis and Michelle Josey,,leader,eepro
2026-02-swing-crush/hi-lo-j-j-lo-lead-hi-follow,2026-02-swing-crush/hi-lo-j-j-lo-lead-hi-follow/L-400,2026-02-swing-crush,probable,Brandon Hall and Mia Primavera,14091,leader,eepro
2026-02-swing-crush/hi-lo-j-j-lo-lead-hi-follow,2026-02-swing-crush/hi-lo-j-j-lo-lead-hi-follow/L-407,2026-02-swing-crush,probable,Jeremiah Steph and Goga Fortin,7841,leader,eepro
2026-02-swing-crush/hi-lo-j-j-lo-lead-hi-follow,2026-02-swing-crush/hi-lo-j-j-lo-lead-hi-follow/L-43,2026-02-swing-crush,unmatched,Corbin Petersheim and Adela Su,,leader,eepro
2026-02-swing-crush/hi-lo-j-j-lo-lead-hi-follow,2026-02-swing-crush/hi-lo-j-j-lo-lead-hi-follow/L-448,2026-02-swing-crush,probable,Phillip Nicholson and Shayla Bouise,17737,leader,eepro
2026-02-swing-crush/hi-lo-j-j-lo-lead-hi-follow,2026-02-swing-crush/hi-lo-j-j-lo-lead-hi-follow/L-452,2026-02-swing-crush,possible,Levon Saiyan and Emily Huang,,leader,eepro
2026-02-swing-crush/hi-lo-j-j-lo-lead-hi-follow,2026-02-swing-crush/hi-lo-j-j-lo-lead-hi-follow/L-463,2026-02-swing-crush,unmatched,Nicholas Arnold and Gaby Sandoval,,leader,eepro
2026-02-swing-crush/hi-lo-j-j-lo-lead-hi-follow,2026-02-swing-crush/hi-lo-j-j-lo-lead-hi-follow/L-490,2026-02-swing-crush,unmatched,Rudolph René and Stacy Kay,,leader,eepro
2026-02-swing-crush/hi-lo-j-j-lo-lead-hi-follow,2026-02-swing-crush/hi-lo-j-j-lo-lead-hi-follow/L-498,2026-02-swing-crush,unmatched,Noah Frome and Nicole Bruner,,leader,eepro
2026-02-swing-crush/hi-lo-j-j-lo-lead-hi-follow,2026-02-swing-crush/hi-lo-j-j-lo-lead-hi-follow/L-62,2026-02-swing-crush,unmatched,Ryan Alvarez and Emilia Jaskot,,leader,eepro
2026-02-swing-crush/hi-lo-j-j-lo-lead-hi-follow,2026-02-swing-crush/hi-lo-j-j-lo-lead-hi-follow/L-70,2026-02-swing-crush,unmatched,Ivan Davidson and Chantelle Pianetta,,leader,eepro
2026-02-swing-crush/hi-lo-j-j-lo-lead-hi-follow,2026-02-swing-crush/hi-lo-j-j-lo-lead-hi-follow/L-71,2026-02-swing-crush,unmatched,Rick Brunson and Agnes Maslanka,,leader,eepro
2026-02-swing-crush/hi-lo-j-j-lo-lead-hi-follow,2026-02-swing-crush/hi-lo-j-j-lo-lead-hi-follow/L-73,2026-02-swing-crush,unmatched,James Sisneros and Payten Rudd,,leader,eepro
2026-02-swing-crush/hi-lo-j-j-lo-lead-hi-follow,2026-02-swing-crush/hi-lo-j-j-lo-lead-hi-follow/L-76,2026-02-swing-crush,probable,Jeronimo Diaz and Stephanie Dierks,20408,leader,eepro
2026-02-swing-crush/hi-lo-j-j-lo-lead-hi-follow,2026-02-swing-crush/hi-lo-j-j-lo-lead-hi-follow/L-78,2026-02-swing-crush,probable,Nicholas Light and Lynn Telzer,21334,leader,eepro
2026-02-swing-crush/hi-lo-j-j-lo-lead-hi-follow,2026-02-swing-crush/hi-lo-j-j-lo-lead-hi-follow/L-87,2026-02-swing-crush,unmatched,Johny Doucette and Shayla Bouise,,leader,eepro
2026-02-swing-crush/hi-lo-j-j-lo-lead-hi-follow,2026-02-swing-crush/hi-lo-j-j-lo-lead-hi-follow/L-96,2026-02-swing-crush,possible,Chris Pozo and Emily Huang,,leader,eepro
2026-02-swing-crush/intermediate-strictly-pro-am-am-followers,2026-02-swing-crush/intermediate-strictly-pro-am-am-followers/F-127,2026-02-swing-crush,unmatched,Emma Charlotte Young and Glenn Ball,,follower,eepro
2026-02-swing-crush/intermediate-strictly-pro-am-am-followers,2026-02-swing-crush/intermediate-strictly-pro-am-am-followers/F-137,2026-02-swing-crush,unmatched,Leilani Long and Tommy Schwegmann,,follower,eepro
2026-02-swing-crush/intermediate-strictly-pro-am-am-followers,2026-02-swing-crush/intermediate-strictly-pro-am-am-followers/F-148,2026-02-swing-crush,unmatched,Wendy Carter and Michael Kielbasa,,follower,eepro
2026-02-swing-crush/intermediate-strictly-pro-am-am-followers,2026-02-swing-crush/intermediate-strictly-pro-am-am-followers/F-154,2026-02-swing-crush,unmatched,Malin Nyberg and Tommy Schwegmann,,follower,eepro
2026-02-swing-crush/intermediate-strictly-pro-am-am-followers,2026-02-swing-crush/intermediate-strictly-pro-am-am-followers/F-168,2026-02-swing-crush,unmatched,Evelyn Song and Michael Hassey,,follower,eepro
2026-02-swing-crush/intermediate-strictly-pro-am-am-followers,2026-02-swing-crush/intermediate-strictly-pro-am-am-followers/F-188,2026-02-swing-crush,unmatched,Ivy Hotz and Keerigan Rudd,,follower,eepro
2026-02-swing-crush/intermediate-strictly-pro-am-am-followers,2026-02-swing-crush/intermediate-strictly-pro-am-am-followers/F-189,2026-02-swing-crush,unmatched,Callie Mashburn and Kerrigan Rudd,,follower,eepro
2026-02-swing-crush/intermediate-strictly-pro-am-am-followers,2026-02-swing-crush/intermediate-strictly-pro-am-am-followers/F-190,2026-02-swing-crush,unmatched,Mackenzie Singer and Keerigan Rudd,,follower,eepro
2026-02-swing-crush/intermediate-strictly-pro-am-am-followers,2026-02-swing-crush/intermediate-strictly-pro-am-am-followers/F-204,2026-02-swing-crush,unmatched,Debbie Wagener and Bryan Jordan,,follower,eepro
2026-02-swing-crush/intermediate-strictly-pro-am-am-followers,2026-02-swing-crush/intermediate-strictly-pro-am-am-followers/F-205,2026-02-swing-crush,unmatched,Cindy Bai and Keerigan Rudd,,follower,eepro
2026-02-swing-crush/intermediate-strictly-pro-am-am-followers,2026-02-swing-crush/intermediate-strictly-pro-am-am-followers/F-32,2026-02-swing-crush,unmatched,Lori Byrd and Duane Erwin,,follower,eepro
2026-02-swing-crush/intermediate-strictly-pro-am-am-followers,2026-02-swing-crush/intermediate-strictly-pro-am-am-followers/F-33,2026-02-swing-crush,unmatched,Sara Mattis and Trenten Jackson,,follower,eepro
2026-02-swing-crush/intermediate-strictly-pro-am-am-followers,2026-02-swing-crush/intermediate-strictly-pro-am-am-followers/F-37,2026-02-swing-crush,unmatched,Amanda Vasquez and Julio Alvarez,,follower,eepro
2026-02-swing-crush/intermediate-strictly-pro-am-am-followers,2026-02-swing-crush/intermediate-strictly-pro-am-am-followers/F-381,2026-02-swing-crush,unmatched,Savannah Davis and Glenn Ball,,follower,eepro
2026-02-swing-crush/intermediate-strictly-pro-am-am-followers,2026-02-swing-crush/intermediate-strictly-pro-am-am-followers/F-41,2026-02-swing-crush,unmatched,Natalie Bell and Branden Strong,,follower,eepro
2026-02-swing-crush/intermediate-strictly-pro-am-am-followers,2026-02-swing-crush/intermediate-strictly-pro-am-am-followers/F-499,2026-02-swing-crush,unmatched,Isabella Espinosa and Branden Strong,,follower,eepro
2026-02-swing-crush/intermediate-strictly-pro-am-am-followers,2026-02-swing-crush/intermediate-strictly-pro-am-am-followers/F-6,2026-02-swing-crush,unmatched,Amber Morgan and Keerigan Rudd,,follower,eepro
2026-02-swing-crush/intermediate-strictly-pro-am-am-followers,2026-02-swing-crush/intermediate-strictly-pro-am-am-followers/F-74,2026-02-swing-crush,unmatched,Glenda Fletcher and Keerigan Rudd,,follower,eepro
2026-02-swing-crush/intermediate-strictly-pro-am-am-followers,2026-02-swing-crush/intermediate-strictly-pro-am-am-followers/F-95,2026-02-swing-crush,unmatched,Jasmine Mendiola and Julio Alvarez,,follower,eepro
2026-02-swing-crush/intermediate-strictly-pro-am-am-leaders,2026-02-swing-crush/intermediate-strictly-pro-am-am-leaders/L-166,2026-02-swing-crush,unmatched,Nicholas Johnson and Susan Kirklin,,leader,eepro
2026-02-swing-crush/intermediate-strictly-pro-am-am-leaders,2026-02-swing-crush/intermediate-strictly-pro-am-am-leaders/L-307,2026-02-swing-crush,unmatched,Timothy Nall and Susan Kirklin,,leader,eepro
2026-02-swing-crush/intermediate-strictly-pro-am-am-leaders,2026-02-swing-crush/intermediate-strictly-pro-am-am-leaders/L-35,2026-02-swing-crush,unmatched,Chase Yandell and Maria Bileychik,,leader,eepro
2026-02-swing-crush/intermediate-strictly-pro-am-am-leaders,2026-02-swing-crush/intermediate-strictly-pro-am-am-leaders/L-400,2026-02-swing-crush,unmatched,Brandon Hall and Maria Bileychik,,leader,eepro
2026-02-swing-crush/intermediate-strictly-pro-am-am-leaders,2026-02-swing-crush/intermediate-strictly-pro-am-am-leaders/L-43,2026-02-swing-crush,unmatched,Corbin Petersheim and Nicole Bruner,,leader,eepro
2026-02-swing-crush/intermediate-strictly-pro-am-am-leaders,2026-02-swing-crush/intermediate-strictly-pro-am-am-leaders/L-498,2026-02-swing-crush,unmatched,Noah Frome and Nicole Bruner,,leader,eepro
2026-02-swing-crush/intermediate-strictly-pro-am-am-leaders,2026-02-swing-crush/intermediate-strictly-pro-am-am-leaders/L-71,2026-02-swing-crush,unmatched,Rick Brunson and Emilia Jaskot,,leader,eepro
2026-02-swing-crush/intermediate-strictly-pro-am-am-leaders,2026-02-swing-crush/intermediate-strictly-pro-am-am-leaders/L-73,2026-02-swing-crush,unmatched,James Sisneros and Emilia Jaskot,,leader,eepro
2026-02-swing-crush/intermediate-strictly-pro-am-am-leaders,2026-02-swing-crush/intermediate-strictly-pro-am-am-leaders/L-96,2026-02-swing-crush,unmatched,Chris Pozo and Noelle Hoeppner,,leader,eepro
2026-02-swing-crush/newcomer-strictly-pro-am-am-followers,2026-02-swing-crush/newcomer-strictly-pro-am-am-followers/F-18,2026-02-swing-crush,unmatched,Bella Wells and Michael Hassey,,follower,eepro
2026-02-swing-crush/newcomer-strictly-pro-am-am-followers,2026-02-swing-crush/newcomer-strictly-pro-am-am-followers/F-401,2026-02-swing-crush,unmatched,Olivia Hall and Maria Bileychik,,follower,eepro
2026-02-swing-crush/newcomer-strictly-pro-am-am-followers,2026-02-swing-crush/newcomer-strictly-pro-am-am-followers/F-81,2026-02-swing-crush,unmatched,Skye Stultz and Keerigan Rudd,,follower,eepro
2026-02-swing-crush/novice-strictly-pro-am-am-followers,2026-02-swing-crush/novice-strictly-pro-am-am-followers/F-103,2026-02-swing-crush,unmatched,Amber Tice and Zachary Morris,,follower,eepro
2026-02-swing-crush/novice-strictly-pro-am-am-followers,2026-02-swing-crush/novice-strictly-pro-am-am-followers/F-107,2026-02-swing-crush,unmatched,Alaynah Schaff and Benton Hoskison,,follower,eepro
2026-02-swing-crush/novice-strictly-pro-am-am-followers,2026-02-swing-crush/novice-strictly-pro-am-am-followers/F-119,2026-02-swing-crush,unmatched,Diane Wrightson and Bryan Jordan,,follower,eepro
2026-02-swing-crush/novice-strictly-pro-am-am-followers,2026-02-swing-crush/novice-strictly-pro-am-am-followers/F-124,2026-02-swing-crush,unmatched,Jade Fauquant and Ben Clemons,,follower,eepro
2026-02-swing-crush/novice-strictly-pro-am-am-followers,2026-02-swing-crush/novice-strictly-pro-am-am-followers/F-125,2026-02-swing-crush,unmatched,Camille Renfroe and Luke Applin,,follower,eepro
2026-02-swing-crush/novice-strictly-pro-am-am-followers,2026-02-swing-crush/novice-strictly-pro-am-am-followers/F-140,2026-02-swing-crush,unmatched,Makena Loveland and Duane Erwin,,follower,eepro
2026-02-swing-crush/novice-strictly-pro-am-am-followers,2026-02-swing-crush/novice-strictly-pro-am-am-followers/F-162,2026-02-swing-crush,unmatched,Meridith Fulton and Ben Clemons,,follower,eepro
2026-02-swing-crush/novice-strictly-pro-am-am-followers,2026-02-swing-crush/novice-strictly-pro-am-am-followers/F-17,2026-02-swing-crush,unmatched,Jazlyn Burgess and Keerigan Rudd,,follower,eepro
2026-02-swing-crush/novice-strictly-pro-am-am-followers,2026-02-swing-crush/novice-strictly-pro-am-am-followers/F-178,2026-02-swing-crush,unmatched,Baylee Schroeder and Benton Hoskison,,follower,eepro
2026-02-swing-crush/novice-strictly-pro-am-am-followers,2026-02-swing-crush/novice-strictly-pro-am-am-followers/F-180,2026-02-swing-crush,unmatched,Alexia Cummings and Glenn Ball,,follower,eepro
2026-02-swing-crush/novice-strictly-pro-am-am-followers,2026-02-swing-crush/novice-strictly-pro-am-am-followers/F-181,2026-02-swing-crush,unmatched,Eli Ryp and Glenn Ball,,follower,eepro
2026-02-swing-crush/novice-strictly-pro-am-am-followers,2026-02-swing-crush/novice-strictly-pro-am-am-followers/F-198,2026-02-swing-crush,probable,Caity Coburn and Ben Clemons,27645,follower,eepro
2026-02-swing-crush/novice-strictly-pro-am-am-followers,2026-02-swing-crush/novice-strictly-pro-am-am-followers/F-29,2026-02-swing-crush,unmatched,Mimi Embola and Michael Caro,,follower,eepro
2026-02-swing-crush/novice-strictly-pro-am-am-followers,2026-02-swing-crush/novice-strictly-pro-am-am-followers/F-345,2026-02-swing-crush,unmatched,Spatz Voss and Ben Clemons,,follower,eepro
2026-02-swing-crush/novice-strictly-pro-am-am-followers,2026-02-swing-crush/novice-strictly-pro-am-am-followers/F-365,2026-02-swing-crush,unmatched,Hanna Destiny Lynn and Keerigan Rudd,,follower,eepro
2026-02-swing-crush/novice-strictly-pro-am-am-followers,2026-02-swing-crush/novice-strictly-pro-am-am-followers/F-447,2026-02-swing-crush,unmatched,Jennifer Wolfe and Zachary Morris,,follower,eepro
2026-02-swing-crush/novice-strictly-pro-am-am-followers,2026-02-swing-crush/novice-strictly-pro-am-am-followers/F-46,2026-02-swing-crush,unmatched,James Williams and Ben Clemons,,follower,eepro
2026-02-swing-crush/novice-strictly-pro-am-am-followers,2026-02-swing-crush/novice-strictly-pro-am-am-followers/F-488,2026-02-swing-crush,unmatched,Hallie Austin and Branden Strong,,follower,eepro
2026-02-swing-crush/novice-strictly-pro-am-am-leaders,2026-02-swing-crush/novice-strictly-pro-am-am-leaders/L-156,2026-02-swing-crush,unmatched,Andrew Knops and Julie Winspear,,leader,eepro
2026-02-swing-crush/novice-strictly-pro-am-am-leaders,2026-02-swing-crush/novice-strictly-pro-am-am-leaders/L-16,2026-02-swing-crush,unmatched,Seth Grundmeyer and Morgan Hearrell,,leader,eepro
2026-02-swing-crush/novice-strictly-pro-am-am-leaders,2026-02-swing-crush/novice-strictly-pro-am-am-leaders/L-195,2026-02-swing-crush,unmatched,Josh Kneeland and Maria Bileychik,,leader,eepro
2026-02-swing-crush/novice-strictly-pro-am-am-leaders,2026-02-swing-crush/novice-strictly-pro-am-am-leaders/L-196,2026-02-swing-crush,unmatched,Thomas Garland and McKenna Vroom,,leader,eepro
2026-02-swing-crush/novice-strictly-pro-am-am-leaders,2026-02-swing-crush/novice-strictly-pro-am-am-leaders/L-366,2026-02-swing-crush,unmatched,Peter Mancuso and Maria Bileychik,,leader,eepro
2026-02-swing-crush/novice-strictly-pro-am-am-leaders,2026-02-swing-crush/novice-strictly-pro-am-am-leaders/L-38,2026-02-swing-crush,unmatched,Leo Minamoto and Stacy Kay,,leader,eepro
2026-02-swing-crush/novice-strictly-pro-am-am-leaders,2026-02-swing-crush/novice-strictly-pro-am-am-leaders/L-448,2026-02-swing-crush,unmatched,Phillip Nicholson and Adela Su,,leader,eepro
2026-02-swing-crush/novice-strictly-pro-am-am-leaders,2026-02-swing-crush/novice-strictly-pro-am-am-leaders/L-460,2026-02-swing-crush,unmatched,Daisy Kena and Bryan Jordan,,leader,eepro
2026-02-swing-crush/novice-strictly-pro-am-am-leaders,2026-02-swing-crush/novice-strictly-pro-am-am-leaders/L-59,2026-02-swing-crush,unmatched,Jacquelyn Parker and Maria Bileychik,,leader,eepro
2026-03-h-town-throw-down/all-american-j-j,2026-03-h-town-throw-down/all-american-j-j/L-10,2026-03-h-town-throw-down,probable,George Hughes and Adrianne Ziarkowski,23632,leader,eepro
2026-03-h-town-throw-down/all-american-j-j,2026-03-h-town-throw-down/all-american-j-j/L-108,2026-03-h-town-throw-down,probable,Anthony Robinski and Macie Sandlin,23245,leader,eepro
2026-03-h-town-throw-down/all-american-j-j,2026-03-h-town-throw-down/all-american-j-j/L-109,2026-03-h-town-throw-down,probable,Bram Weisman and Alison Coffey,22892,leader,eepro
2026-03-h-town-throw-down/all-american-j-j,2026-03-h-town-throw-down/all-american-j-j/L-112,2026-03-h-town-throw-down,probable,Jacen Northcutt and Jocelyn McDowell,23769,leader,eepro
2026-03-h-town-throw-down/all-american-j-j,2026-03-h-town-throw-down/all-american-j-j/L-116,2026-03-h-town-throw-down,probable,Conor McClure and Jasmine Morrison,23436,leader,eepro
2026-03-h-town-throw-down/all-american-j-j,2026-03-h-town-throw-down/all-american-j-j/L-117,2026-03-h-town-throw-down,probable,Andres Cedeno and Sara Mattis,24204,leader,eepro
2026-03-h-town-throw-down/all-american-j-j,2026-03-h-town-throw-down/all-american-j-j/L-118,2026-03-h-town-throw-down,probable,Joseph Maldonado and Brianna Garcia,18317,leader,eepro
2026-03-h-town-throw-down/all-american-j-j,2026-03-h-town-throw-down/all-american-j-j/L-121,2026-03-h-town-throw-down,probable,Zachary Morris and Agnieszka Maslanka,7252,leader,eepro
2026-03-h-town-throw-down/all-american-j-j,2026-03-h-town-throw-down/all-american-j-j/L-124,2026-03-h-town-throw-down,probable,Luke applin and Amber Tice,22598,leader,eepro
2026-03-h-town-throw-down/all-american-j-j,2026-03-h-town-throw-down/all-american-j-j/L-125,2026-03-h-town-throw-down,probable,Nolan Whitely and Rachel Shook,14489,leader,eepro
2026-03-h-town-throw-down/all-american-j-j,2026-03-h-town-throw-down/all-american-j-j/L-13,2026-03-h-town-throw-down,probable,Lou Davis and Trinity Madden,21991,leader,eepro
2026-03-h-town-throw-down/all-american-j-j,2026-03-h-town-throw-down/all-american-j-j/L-141,2026-03-h-town-throw-down,probable,Robert Axley and Zoe Osborn,23257,leader,eepro
2026-03-h-town-throw-down/all-american-j-j,2026-03-h-town-throw-down/all-american-j-j/L-142,2026-03-h-town-throw-down,unmatched,Himanshu Paul and Suma Datta,,leader,eepro
2026-03-h-town-throw-down/all-american-j-j,2026-03-h-town-throw-down/all-american-j-j/L-150,2026-03-h-town-throw-down,unmatched,Gabe Ofordu and Arielle Steers,,leader,eepro
2026-03-h-town-throw-down/all-american-j-j,2026-03-h-town-throw-down/all-american-j-j/L-160,2026-03-h-town-throw-down,unmatched,Kevin Truong and Nicole Bruner,,leader,eepro
2026-03-h-town-throw-down/all-american-j-j,2026-03-h-town-throw-down/all-american-j-j/L-162,2026-03-h-town-throw-down,probable,Branden Strong and Elise Holland,22525,leader,eepro
2026-03-h-town-throw-down/all-american-j-j,2026-03-h-town-throw-down/all-american-j-j/L-173,2026-03-h-town-throw-down,unmatched,Matt Auclair and Shamya Bennett,,leader,eepro
2026-03-h-town-throw-down/all-american-j-j,2026-03-h-town-throw-down/all-american-j-j/L-19,2026-03-h-town-throw-down,possible,Daniel Semac and Kristen Lindsey,,leader,eepro
2026-03-h-town-throw-down/all-american-j-j,2026-03-h-town-throw-down/all-american-j-j/L-194,2026-03-h-town-throw-down,probable,Tom Quintini and Britni Weaver,17187,leader,eepro
2026-03-h-town-throw-down/all-american-j-j,2026-03-h-town-throw-down/all-american-j-j/L-198,2026-03-h-town-throw-down,probable,Keith Lewis and Jessica Semac,28406,leader,eepro
2026-03-h-town-throw-down/all-american-j-j,2026-03-h-town-throw-down/all-american-j-j/L-202,2026-03-h-town-throw-down,probable,Michael Hassey and Florencia Diaz,14415,leader,eepro
2026-03-h-town-throw-down/all-american-j-j,2026-03-h-town-throw-down/all-american-j-j/L-203,2026-03-h-town-throw-down,probable,Aris Demarco and Sara Ashun,26717,leader,eepro
2026-03-h-town-throw-down/all-american-j-j,2026-03-h-town-throw-down/all-american-j-j/L-206,2026-03-h-town-throw-down,probable,Philippe Amar and Stephanie Dierks,20408,leader,eepro
2026-03-h-town-throw-down/all-american-j-j,2026-03-h-town-throw-down/all-american-j-j/L-21,2026-03-h-town-throw-down,probable,Ryan Osbourn and Emilia Jaskot,20498,leader,eepro
2026-03-h-town-throw-down/all-american-j-j,2026-03-h-town-throw-down/all-american-j-j/L-212,2026-03-h-town-throw-down,probable,Richard Sheldon and Celisse Idleman,22207,leader,eepro
2026-03-h-town-throw-down/all-american-j-j,2026-03-h-town-throw-down/all-american-j-j/L-217,2026-03-h-town-throw-down,probable,Jordan Keith and Rachel Moran,16224,leader,eepro
2026-03-h-town-throw-down/all-american-j-j,2026-03-h-town-throw-down/all-american-j-j/L-225,2026-03-h-town-throw-down,probable,Kevin Lowery and McKenna Vroom,24047,leader,eepro
2026-03-h-town-throw-down/all-american-j-j,2026-03-h-town-throw-down/all-american-j-j/L-227,2026-03-h-town-throw-down,probable,Vincent DeRise and Caity Coburn,27645,leader,eepro
2026-03-h-town-throw-down/all-american-j-j,2026-03-h-town-throw-down/all-american-j-j/L-231,2026-03-h-town-throw-down,unmatched,Eric Gingrow and Ashli Grossaint,,leader,eepro
2026-03-h-town-throw-down/all-american-j-j,2026-03-h-town-throw-down/all-american-j-j/L-239,2026-03-h-town-throw-down,probable,Phillip Nicholson and Taylor Schoen,11369,leader,eepro
2026-03-h-town-throw-down/all-american-j-j,2026-03-h-town-throw-down/all-american-j-j/L-254,2026-03-h-town-throw-down,probable,Chase Warner and Makena Loveland,27256,leader,eepro
2026-03-h-town-throw-down/all-american-j-j,2026-03-h-town-throw-down/all-american-j-j/L-256,2026-03-h-town-throw-down,probable,Luis David Licea Torres and Morgan Hearrell,20233,leader,eepro
2026-03-h-town-throw-down/all-american-j-j,2026-03-h-town-throw-down/all-american-j-j/L-257,2026-03-h-town-throw-down,unmatched,Brennan Stanford and Stephanie Price,,leader,eepro
2026-03-h-town-throw-down/all-american-j-j,2026-03-h-town-throw-down/all-american-j-j/L-271,2026-03-h-town-throw-down,probable,George Vasquez and Alaynah Schaff,27454,leader,eepro
2026-03-h-town-throw-down/all-american-j-j,2026-03-h-town-throw-down/all-american-j-j/L-272,2026-03-h-town-throw-down,unmatched,Ethan Jasso and Felicia Quiles,,leader,eepro
2026-03-h-town-throw-down/all-american-j-j,2026-03-h-town-throw-down/all-american-j-j/L-275,2026-03-h-town-throw-down,probable,CJ Caraway and Lori Byrd,26549,leader,eepro
2026-03-h-town-throw-down/all-american-j-j,2026-03-h-town-throw-down/all-american-j-j/L-277,2026-03-h-town-throw-down,probable,Brandon Hall and Maria Bileychik,12183,leader,eepro
2026-03-h-town-throw-down/all-american-j-j,2026-03-h-town-throw-down/all-american-j-j/L-286,2026-03-h-town-throw-down,probable,Chaz Frankenberry and Samantha Hoffmann,24279,leader,eepro
2026-03-h-town-throw-down/all-american-j-j,2026-03-h-town-throw-down/all-american-j-j/L-291,2026-03-h-town-throw-down,probable,Glenn Ball and Jennifer Gorce,22596,leader,eepro
2026-03-h-town-throw-down/all-american-j-j,2026-03-h-town-throw-down/all-american-j-j/L-319,2026-03-h-town-throw-down,probable,Jeremy Brown and Anni Hellwagen,11452,leader,eepro
2026-03-h-town-throw-down/all-american-j-j,2026-03-h-town-throw-down/all-american-j-j/L-32,2026-03-h-town-throw-down,probable,Keith Barnard and Amanda Vasquez,20085,leader,eepro
2026-03-h-town-throw-down/all-american-j-j,2026-03-h-town-throw-down/all-american-j-j/L-320,2026-03-h-town-throw-down,possible,Wyatt Gale and Debbie Figueroa,,leader,eepro
2026-03-h-town-throw-down/all-american-j-j,2026-03-h-town-throw-down/all-american-j-j/L-323,2026-03-h-town-throw-down,probable,Tommy Rodriguez and Jazlyn Burgess,27160,leader,eepro
2026-03-h-town-throw-down/all-american-j-j,2026-03-h-town-throw-down/all-american-j-j/L-327,2026-03-h-town-throw-down,probable,Jovani Campuzano and Kristen Wallace,14487,leader,eepro
2026-03-h-town-throw-down/all-american-j-j,2026-03-h-town-throw-down/all-american-j-j/L-337,2026-03-h-town-throw-down,possible,Andrew Knops and Anyssa Olivares,,leader,eepro
2026-03-h-town-throw-down/all-american-j-j,2026-03-h-town-throw-down/all-american-j-j/L-338,2026-03-h-town-throw-down,probable,Johny Doucette and Sydnie Smith,27906,leader,eepro
2026-03-h-town-throw-down/all-american-j-j,2026-03-h-town-throw-down/all-american-j-j/L-347,2026-03-h-town-throw-down,unmatched,Joseph Tong and Ivory Morariu,,leader,eepro
2026-03-h-town-throw-down/all-american-j-j,2026-03-h-town-throw-down/all-american-j-j/L-350,2026-03-h-town-throw-down,probable,Ansel Riccio and Diane Wrightson,21840,leader,eepro
2026-03-h-town-throw-down/all-american-j-j,2026-03-h-town-throw-down/all-american-j-j/L-355,2026-03-h-town-throw-down,probable,Lucas Vargas and Laura Clark,17577,leader,eepro
2026-03-h-town-throw-down/all-american-j-j,2026-03-h-town-throw-down/all-american-j-j/L-356,2026-03-h-town-throw-down,probable,Keerigan Rudd and Rosario Ramos,27899,leader,eepro
2026-03-h-town-throw-down/all-american-j-j,2026-03-h-town-throw-down/all-american-j-j/L-359,2026-03-h-town-throw-down,probable,Marvin Koehler and Marie Tamliani,24905,leader,eepro
2026-03-h-town-throw-down/all-american-j-j,2026-03-h-town-throw-down/all-american-j-j/L-364,2026-03-h-town-throw-down,probable,Jerome Subey and Sam Pollard,21984,leader,eepro
2026-03-h-town-throw-down/all-american-j-j,2026-03-h-town-throw-down/all-american-j-j/L-366,2026-03-h-town-throw-down,probable,Jadin Lewis and Lalita Gadam,27898,leader,eepro
2026-03-h-town-throw-down/all-american-j-j,2026-03-h-town-throw-down/all-american-j-j/L-368,2026-03-h-town-throw-down,probable,Mason Smith and Sarah Rose Goin,23166,leader,eepro
2026-03-h-town-throw-down/all-american-j-j,2026-03-h-town-throw-down/all-american-j-j/L-369,2026-03-h-town-throw-down,probable,Jeremiah Steph and Caryn May,23238,leader,eepro
2026-03-h-town-throw-down/all-american-j-j,2026-03-h-town-throw-down/all-american-j-j/L-37,2026-03-h-town-throw-down,unmatched,Kyle FitzGerald and Evelyn Song,,leader,eepro
2026-03-h-town-throw-down/all-american-j-j,2026-03-h-town-throw-down/all-american-j-j/L-371,2026-03-h-town-throw-down,probable,Benjamin Plante and Grace Landry,26076,leader,eepro
2026-03-h-town-throw-down/all-american-j-j,2026-03-h-town-throw-down/all-american-j-j/L-375,2026-03-h-town-throw-down,probable,Julio Alvarez and Madison Vangilder,26729,leader,eepro
2026-03-h-town-throw-down/all-american-j-j,2026-03-h-town-throw-down/all-american-j-j/L-39,2026-03-h-town-throw-down,probable,Matthew Mueller and Alexia Cummings,27455,leader,eepro
2026-03-h-town-throw-down/all-american-j-j,2026-03-h-town-throw-down/all-american-j-j/L-46,2026-03-h-town-throw-down,probable,George Voulgarakis and Jennifer Wolfe,20087,leader,eepro
2026-03-h-town-throw-down/all-american-j-j,2026-03-h-town-throw-down/all-american-j-j/L-50,2026-03-h-town-throw-down,probable,Trenten Jackson and Nicki Cacciato,13034,leader,eepro
2026-03-h-town-throw-down/all-american-j-j,2026-03-h-town-throw-down/all-american-j-j/L-6,2026-03-h-town-throw-down,probable,Joe Ciminna and Ariel Anders,21613,leader,eepro
2026-03-h-town-throw-down/all-american-j-j,2026-03-h-town-throw-down/all-american-j-j/L-63,2026-03-h-town-throw-down,probable,Gregory Freeman and Jessica Amor Villarin,20477,leader,eepro
2026-03-h-town-throw-down/all-american-j-j,2026-03-h-town-throw-down/all-american-j-j/L-68,2026-03-h-town-throw-down,probable,Duane Erwin and Serena Beze,25470,leader,eepro
2026-03-h-town-throw-down/all-american-j-j,2026-03-h-town-throw-down/all-american-j-j/L-7,2026-03-h-town-throw-down,probable,Josh Williamson and Mia Primavera,14091,leader,eepro
2026-03-h-town-throw-down/all-american-j-j,2026-03-h-town-throw-down/all-american-j-j/L-70,2026-03-h-town-throw-down,probable,Jonathan Wolfgram and Caroline Paige,20053,leader,eepro
2026-03-h-town-throw-down/all-american-j-j,2026-03-h-town-throw-down/all-american-j-j/L-71,2026-03-h-town-throw-down,probable,Ryan Maldonado and Rachel Madrigal,23236,leader,eepro
2026-03-h-town-throw-down/all-american-j-j,2026-03-h-town-throw-down/all-american-j-j/L-74,2026-03-h-town-throw-down,probable,Nathanael McGlothlin and Laureen Baldovi,61,leader,eepro
2026-03-h-town-throw-down/all-american-j-j,2026-03-h-town-throw-down/all-american-j-j/L-81,2026-03-h-town-throw-down,probable,Easton England and Noelle Hoeppner,17182,leader,eepro
2026-03-h-town-throw-down/all-american-j-j,2026-03-h-town-throw-down/all-american-j-j/L-82,2026-03-h-town-throw-down,probable,Stefan Foster and Ashley Blake,27653,leader,eepro
2026-03-h-town-throw-down/all-american-j-j,2026-03-h-town-throw-down/all-american-j-j/L-85,2026-03-h-town-throw-down,probable,Sebastian Quinones and Sydni Hearn,25290,leader,eepro
2026-03-h-town-throw-down/all-american-j-j,2026-03-h-town-throw-down/all-american-j-j/L-87,2026-03-h-town-throw-down,probable,Ben Clemons and Britta Albertson,23246,leader,eepro
2026-03-h-town-throw-down/all-american-j-j,2026-03-h-town-throw-down/all-american-j-j/L-89,2026-03-h-town-throw-down,probable,Philip Piersol and Michelle Haynes,5548,leader,eepro
2026-03-h-town-throw-down/all-american-j-j,2026-03-h-town-throw-down/all-american-j-j/L-9,2026-03-h-town-throw-down,probable,Sam Rothrock and Debbie Wagener,21839,leader,eepro
2026-03-h-town-throw-down/all-american-j-j,2026-03-h-town-throw-down/all-american-j-j/L-94,2026-03-h-town-throw-down,probable,Trent Haynes and Lilyann Linehan,27081,leader,eepro
2026-03-h-town-throw-down/pro-am,2026-03-h-town-throw-down/pro-am/L-269,2026-03-h-town-throw-down,unmatched,Michelle Busby and Jerome Subey,,leader,eepro
2026-03-h-town-throw-down/pro-am,2026-03-h-town-throw-down/pro-am/L-309,2026-03-h-town-throw-down,unmatched,Willow Vander Kooi and Glenn Ball,,leader,eepro
2026-03-h-town-throw-down/pro-am,2026-03-h-town-throw-down/pro-am/L-314,2026-03-h-town-throw-down,probable,Joshua Hillis and Angeline Sullivan,20463,leader,eepro
2026-03-madjam/pro-am-spotlight-int-adv,2026-03-madjam/pro-am-spotlight-int-adv/L-name-daniella-robichaud-and-markus-smith,2026-03-madjam,unmatched,Daniella Robichaud and Markus Smith,,leader,eepro
2026-03-madjam/pro-am-spotlight-int-adv,2026-03-madjam/pro-am-spotlight-int-adv/L-name-ellis-permann-and-jonathan-wolfgram,2026-03-madjam,unmatched,Ellis Permann and Jonathan Wolfgram,,leader,eepro
2026-03-madjam/pro-am-spotlight-int-adv,2026-03-madjam/pro-am-spotlight-int-adv/L-name-jean-barnett-and-pj-turner,2026-03-madjam,unmatched,Jean Barnett and PJ Turner,,leader,eepro
2026-03-madjam/pro-am-spotlight-int-adv,2026-03-madjam/pro-am-spotlight-int-adv/L-name-karin-riechenberg-and-markus-smith,2026-03-madjam,unmatched,Karin Riechenberg and Markus Smith,,leader,eepro
2026-03-madjam/pro-am-spotlight-int-adv,2026-03-madjam/pro-am-spotlight-int-adv/L-name-rye-crowen-and-erica-smith,2026-03-madjam,probable,Rye Crowen and Erica Smith,2495,leader,eepro
2026-03-madjam/pro-am-spotlight-int-adv,2026-03-madjam/pro-am-spotlight-int-adv/L-name-sam-smith-and-arjay-centeno,2026-03-madjam,unmatched,Sam Smith and Arjay Centeno,,leader,eepro
2026-03-madjam/pro-am-spotlight-int-adv,2026-03-madjam/pro-am-spotlight-int-adv/L-name-willow-vander-kooi-and-glenn-ball,2026-03-madjam,unmatched,Willow Vander Kooi and Glenn Ball,,leader,eepro
2026-03-madjam/pro-am-spotlight-int-adv,2026-03-madjam/pro-am-spotlight-int-adv/L-name-yubin-kim-and-hugo-miguez,2026-03-madjam,unmatched,Yubin Kim and Hugo Miguez,,leader,eepro
2026-03-madjam/pro-am-spotlight-new-nov,2026-03-madjam/pro-am-spotlight-new-nov/L-name-betsy-munson-and-lara-deni,2026-03-madjam,probable,Betsy Munson and Lara Deni,4033,leader,eepro
2026-03-madjam/pro-am-spotlight-new-nov,2026-03-madjam/pro-am-spotlight-new-nov/L-name-hannah-gutin-creech-and-markus-smith,2026-03-madjam,unmatched,Hannah Gutin-Creech and Markus Smith,,leader,eepro
2026-03-madjam/pro-am-spotlight-new-nov,2026-03-madjam/pro-am-spotlight-new-nov/L-name-isabel-disciullo-and-markus-smith,2026-03-madjam,unmatched,Isabel DiSciullo and Markus Smith,,leader,eepro
2026-03-madjam/pro-am-spotlight-new-nov,2026-03-madjam/pro-am-spotlight-new-nov/L-name-meiling-liu-and-daniel-cruz,2026-03-madjam,unmatched,Meiling Liu and Daniel Cruz,,leader,eepro
2026-03-madjam/pro-am-spotlight-new-nov,2026-03-madjam/pro-am-spotlight-new-nov/L-name-stephen-barnes-and-alex-raposo,2026-03-madjam,probable,Stephen Barnes and Alex Raposo,20353,leader,eepro
2026-03-madjam/pro-am-spotlight-new-nov,2026-03-madjam/pro-am-spotlight-new-nov/L-name-wendall-mcclellan-and-lara-deni,2026-03-madjam,unmatched,Wendall McClellan and Lara Deni,,leader,eepro
2026-03-madjam/rising-star,2026-03-madjam/rising-star/L-name-ben-dobson-and-jillian-carroll,2026-03-madjam,probable,Ben Dobson and Jillian Carroll,19138,leader,eepro
2026-03-madjam/rising-star,2026-03-madjam/rising-star/L-name-keith-stremmel-and-debbie-adams,2026-03-madjam,probable,Keith Stremmel and Debbie Adams,13910,leader,eepro
2026-03-madjam/rising-star,2026-03-madjam/rising-star/L-name-kevin-davis-and-caroline-ridgway,2026-03-madjam,probable,Kevin Davis and Caroline Ridgway,15392,leader,eepro
2026-03-madjam/rising-star,2026-03-madjam/rising-star/L-name-miles-van-de-wetering-and-elise-renwick,2026-03-madjam,probable,Miles Van de Wetering and Elise Renwick,21146,leader,eepro
2026-04-swingover/first-alt-american-large,2026-04-swingover/first-alt-american-large/L-150,2026-04-swingover,probable,Doug Kim and Bethany DeGraff,22169,leader,eepro
2026-04-swingover/first-alt-american-large,2026-04-swingover/first-alt-american-large/L-158,2026-04-swingover,probable,Sebastian Quinones and Allysa Rees,9699,leader,eepro
2026-04-swingover/first-alt-american-large,2026-04-swingover/first-alt-american-large/L-227,2026-04-swingover,probable,Neel Raj and Mia Primavera,14091,leader,eepro
2026-04-swingover/first-alt-american-large,2026-04-swingover/first-alt-american-large/L-237,2026-04-swingover,probable,Caio Botelho and Jennifer Norris,13304,leader,eepro
2026-04-swingover/first-alt-american-large,2026-04-swingover/first-alt-american-large/L-245,2026-04-swingover,probable,Chase Yandell and Abigail Baker,6228,leader,eepro
2026-04-swingover/first-alt-american-large,2026-04-swingover/first-alt-american-large/L-273,2026-04-swingover,probable,Jacob Reding and Elise Holland,22525,leader,eepro
2026-04-swingover/first-alt-american-large,2026-04-swingover/first-alt-american-large/L-283,2026-04-swingover,probable,Daniel Cruz and Hannah Bonaguide,19245,leader,eepro
2026-04-swingover/first-alt-american-large,2026-04-swingover/first-alt-american-large/L-319,2026-04-swingover,probable,Jesse Lopez and Joanna Szymonik,14872,leader,eepro
2026-04-swingover/first-alt-american-large,2026-04-swingover/first-alt-american-large/L-412,2026-04-swingover,unmatched,Ryan Osbourn and Danielle Ray,,leader,eepro
2026-04-swingover/first-alt-american-large,2026-04-swingover/first-alt-american-large/L-456,2026-04-swingover,probable,Marvin Koehler and Stacy Kay,8814,leader,eepro
2026-04-swingover/first-alt-american-large,2026-04-swingover/first-alt-american-large/L-493,2026-04-swingover,probable,Corrado Mazzarelli and Kristen Wallace,14487,leader,eepro
2026-04-swingover/first-alt-american-large,2026-04-swingover/first-alt-american-large/L-611,2026-04-swingover,probable,Jennifer DeLuca and Rachel Holdren,16297,leader,eepro
2026-04-swingover/first-alt-american-x-2,2026-04-swingover/first-alt-american-x-2/L-158,2026-04-swingover,probable,Sebastian Quinones and Allysa Rees,9699,leader,eepro
2026-04-swingover/first-alt-american-x-2,2026-04-swingover/first-alt-american-x-2/L-227,2026-04-swingover,probable,Neel Raj and Mia Primavera,14091,leader,eepro
2026-04-swingover/first-alt-american-x-2,2026-04-swingover/first-alt-american-x-2/L-456,2026-04-swingover,probable,Marvin Koehler and Stacy Kay,8814,leader,eepro
2026-04-swingover/pro-am-int-adv,2026-04-swingover/pro-am-int-adv/L-name-brad-setzer-and-stacy-kay,2026-04-swingover,probable,Brad Setzer and Stacy Kay,8814,leader,eepro
2026-04-swingover/pro-am-int-adv,2026-04-swingover/pro-am-int-adv/L-name-daniella-robichaud-and-markus-smith,2026-04-swingover,unmatched,Daniella Robichaud and Markus Smith,,leader,eepro
2026-04-swingover/pro-am-int-adv,2026-04-swingover/pro-am-int-adv/L-name-donna-williams-and-jesse-lopez,2026-04-swingover,unmatched,Donna Williams and Jesse Lopez,,leader,eepro
2026-04-swingover/pro-am-int-adv,2026-04-swingover/pro-am-int-adv/L-name-yubin-kim-and-hugo-miguez,2026-04-swingover,unmatched,Yubin Kim and Hugo Miguez,,leader,eepro
2026-04-swingover/pro-am-new-nov,2026-04-swingover/pro-am-new-nov/L-name-christa-eppinghaus-and-markus-smith,2026-04-swingover,unmatched,Christa Eppinghaus and Markus Smith,,leader,eepro
2026-04-swingover/pro-am-new-nov,2026-04-swingover/pro-am-new-nov/L-name-danny-cherry-and-ariel-peck,2026-04-swingover,probable,Danny Cherry and Ariel Peck,12162,leader,eepro
2026-04-swingover/pro-am-new-nov,2026-04-swingover/pro-am-new-nov/L-name-hannah-gutin-creech-and-markus-smith,2026-04-swingover,unmatched,Hannah Gutin-Creech and Markus Smith,,leader,eepro
2026-04-swingover/pro-am-new-nov,2026-04-swingover/pro-am-new-nov/L-name-roberta-pearlstein-and-hugo-miguez,2026-04-swingover,unmatched,Roberta Pearlstein and Hugo Miguez,,leader,eepro
2026-04-swingover/pro-am-new-nov,2026-04-swingover/pro-am-new-nov/L-name-teresa-tj-flowers-and-ryan-plumm,2026-04-swingover,unmatched,Teresa TJ Flowers and Ryan Plumm,,leader,eepro
2026-04-tulsa-spring-swing/hip-hop-threesome,2026-04-tulsa-spring-swing/hip-hop-threesome/L-236,2026-04-tulsa-spring-swing,unmatched,Maddy's and a Baddie,,leader,eepro
2026-04-tulsa-spring-swing/intermediate-strictly-pro-am-am-followers,2026-04-tulsa-spring-swing/intermediate-strictly-pro-am-am-followers/F-238,2026-04-tulsa-spring-swing,unmatched,Diana Burkholder and Matt Auclair,,follower,eepro
2026-04-tulsa-spring-swing/intermediate-strictly-pro-am-am-followers,2026-04-tulsa-spring-swing/intermediate-strictly-pro-am-am-followers/F-259,2026-04-tulsa-spring-swing,unmatched,Cindy Bai and Matt Auclair,,follower,eepro
2026-04-tulsa-spring-swing/intermediate-strictly-pro-am-am-followers,2026-04-tulsa-spring-swing/intermediate-strictly-pro-am-am-followers/F-274,2026-04-tulsa-spring-swing,unmatched,Maria Rodriguez and Matt Auclair,,follower,eepro
2026-04-tulsa-spring-swing/intermediate-strictly-pro-am-am-followers,2026-04-tulsa-spring-swing/intermediate-strictly-pro-am-am-followers/F-289,2026-04-tulsa-spring-swing,unmatched,Ivy Hotz and Noah Frome,,follower,eepro
2026-04-tulsa-spring-swing/intermediate-strictly-pro-am-am-followers,2026-04-tulsa-spring-swing/intermediate-strictly-pro-am-am-followers/F-292,2026-04-tulsa-spring-swing,unmatched,Baylee Schroeder and Benton Hoskison,,follower,eepro
2026-04-tulsa-spring-swing/intermediate-strictly-pro-am-am-followers,2026-04-tulsa-spring-swing/intermediate-strictly-pro-am-am-followers/F-294,2026-04-tulsa-spring-swing,unmatched,Serena Beze and Terry Roseborough,,follower,eepro
2026-04-tulsa-spring-swing/intermediate-strictly-pro-am-am-followers,2026-04-tulsa-spring-swing/intermediate-strictly-pro-am-am-followers/F-313,2026-04-tulsa-spring-swing,unmatched,Lori Byrd and Duane Erwin,,follower,eepro
2026-04-tulsa-spring-swing/intermediate-strictly-pro-am-am-followers,2026-04-tulsa-spring-swing/intermediate-strictly-pro-am-am-followers/F-321,2026-04-tulsa-spring-swing,unmatched,Olivia Huhta and Anthony Clark,,follower,eepro
2026-04-tulsa-spring-swing/intermediate-strictly-pro-am-am-followers,2026-04-tulsa-spring-swing/intermediate-strictly-pro-am-am-followers/F-324,2026-04-tulsa-spring-swing,unmatched,Kelsey Gonzales and Luke Reeves,,follower,eepro
2026-04-tulsa-spring-swing/intermediate-strictly-pro-am-am-followers,2026-04-tulsa-spring-swing/intermediate-strictly-pro-am-am-followers/F-340,2026-04-tulsa-spring-swing,unmatched,Jade St. Denis and Anthony Clark,,follower,eepro
2026-04-tulsa-spring-swing/intermediate-strictly-pro-am-am-followers,2026-04-tulsa-spring-swing/intermediate-strictly-pro-am-am-followers/F-366,2026-04-tulsa-spring-swing,unmatched,Alaynah Schaff and Benton Hoskison,,follower,eepro
2026-04-tulsa-spring-swing/intermediate-strictly-pro-am-am-followers,2026-04-tulsa-spring-swing/intermediate-strictly-pro-am-am-followers/F-368,2026-04-tulsa-spring-swing,unmatched,Donna Williams and Kris Swearingen,,follower,eepro
2026-04-tulsa-spring-swing/intermediate-strictly-pro-am-am-followers,2026-04-tulsa-spring-swing/intermediate-strictly-pro-am-am-followers/F-380,2026-04-tulsa-spring-swing,unmatched,Jubilee Rasmussen and Terry Roseborough,,follower,eepro
2026-04-tulsa-spring-swing/intermediate-strictly-pro-am-am-leaders,2026-04-tulsa-spring-swing/intermediate-strictly-pro-am-am-leaders/L-273,2026-04-tulsa-spring-swing,unmatched,Brandon Hall and Maria Bileychik,,leader,eepro
2026-04-tulsa-spring-swing/intermediate-strictly-pro-am-am-leaders,2026-04-tulsa-spring-swing/intermediate-strictly-pro-am-am-leaders/L-280,2026-04-tulsa-spring-swing,unmatched,Miguel Gonzales and Lily Auclair,,leader,eepro
2026-04-tulsa-spring-swing/intermediate-strictly-pro-am-am-leaders,2026-04-tulsa-spring-swing/intermediate-strictly-pro-am-am-leaders/L-317,2026-04-tulsa-spring-swing,unmatched,Matthew Fox and Katie Slater,,leader,eepro
2026-04-tulsa-spring-swing/intermediate-strictly-pro-am-am-leaders,2026-04-tulsa-spring-swing/intermediate-strictly-pro-am-am-leaders/L-348,2026-04-tulsa-spring-swing,unmatched,James Sisneros and Maria Bileychik,,leader,eepro
2026-04-tulsa-spring-swing/intermediate-strictly-pro-am-am-leaders,2026-04-tulsa-spring-swing/intermediate-strictly-pro-am-am-leaders/L-354,2026-04-tulsa-spring-swing,unmatched,Corbin Petersheim and Maria Bileychik,,leader,eepro
2026-04-tulsa-spring-swing/intermediate-strictly-pro-am-am-leaders,2026-04-tulsa-spring-swing/intermediate-strictly-pro-am-am-leaders/L-378,2026-04-tulsa-spring-swing,unmatched,Chase Yandell and Maria Bileychik,,leader,eepro
2026-04-tulsa-spring-swing/invitational-wild-card-invitational-draw,2026-04-tulsa-spring-swing/invitational-wild-card-invitational-draw/L-name-ben-clemons-and-janie-deroche,2026-04-tulsa-spring-swing,possible,Ben Clemons and Janie Deroche,,leader,eepro
2026-04-tulsa-spring-swing/invitational-wild-card-invitational-draw,2026-04-tulsa-spring-swing/invitational-wild-card-invitational-draw/L-name-benji-schwimmer-and-noelle-hoeppner,2026-04-tulsa-spring-swing,possible,Benji Schwimmer and Noelle Hoeppner,,leader,eepro
2026-04-tulsa-spring-swing/invitational-wild-card-invitational-draw,2026-04-tulsa-spring-swing/invitational-wild-card-invitational-draw/L-name-brad-wendt-and-katie-slater,2026-04-tulsa-spring-swing,possible,Brad Wendt and Katie Slater,,leader,eepro
2026-04-tulsa-spring-swing/invitational-wild-card-invitational-draw,2026-04-tulsa-spring-swing/invitational-wild-card-invitational-draw/L-name-bryan-jordan-and-maria-bileychik,2026-04-tulsa-spring-swing,possible,Bryan Jordan and Maria Bileychik,,leader,eepro
2026-04-tulsa-spring-swing/invitational-wild-card-invitational-draw,2026-04-tulsa-spring-swing/invitational-wild-card-invitational-draw/L-name-eric-byers-and-benji-schwimmer,2026-04-tulsa-spring-swing,probable,Eric Byers and Benji Schwimmer,3150,leader,eepro
2026-04-tulsa-spring-swing/invitational-wild-card-invitational-draw,2026-04-tulsa-spring-swing/invitational-wild-card-invitational-draw/L-name-kris-swearingen-and-lily-auclair,2026-04-tulsa-spring-swing,possible,Kris Swearingen and Lily Auclair,,leader,eepro
2026-04-tulsa-spring-swing/invitational-wild-card-invitational-draw,2026-04-tulsa-spring-swing/invitational-wild-card-invitational-draw/L-name-matt-auclair-and-bella-viramontes,2026-04-tulsa-spring-swing,possible,Matt Auclair and Bella Viramontes,,leader,eepro
2026-04-tulsa-spring-swing/invitational-wild-card-invitational-draw,2026-04-tulsa-spring-swing/invitational-wild-card-invitational-draw/L-name-matt-auclair-and-crystal-lambert,2026-04-tulsa-spring-swing,possible,Matt Auclair and Crystal Lambert,,leader,eepro
2026-04-tulsa-spring-swing/invitational-wild-card-invitational-draw,2026-04-tulsa-spring-swing/invitational-wild-card-invitational-draw/L-name-terry-roseborough-and-julie-auclair,2026-04-tulsa-spring-swing,possible,Terry Roseborough and Julie Auclair,,leader,eepro
2026-04-tulsa-spring-swing/mixed-level-j-j-combined,2026-04-tulsa-spring-swing/mixed-level-j-j-combined/L-201,2026-04-tulsa-spring-swing,probable,Roberto Cabero and Serena Beze,25470,leader,eepro
2026-04-tulsa-spring-swing/mixed-level-j-j-combined,2026-04-tulsa-spring-swing/mixed-level-j-j-combined/L-209,2026-04-tulsa-spring-swing,probable,Brandon Haas and Jubilee Rasmussen,22319,leader,eepro
2026-04-tulsa-spring-swing/mixed-level-j-j-combined,2026-04-tulsa-spring-swing/mixed-level-j-j-combined/L-224,2026-04-tulsa-spring-swing,probable,Easton England and Diana Burkholder,10800,leader,eepro
2026-04-tulsa-spring-swing/mixed-level-j-j-combined,2026-04-tulsa-spring-swing/mixed-level-j-j-combined/L-239,2026-04-tulsa-spring-swing,probable,Luke Applin and Ashley Blake,27653,leader,eepro
2026-04-tulsa-spring-swing/mixed-level-j-j-combined,2026-04-tulsa-spring-swing/mixed-level-j-j-combined/L-241,2026-04-tulsa-spring-swing,probable,Jose Manzano and Makena Loveland,27256,leader,eepro
2026-04-tulsa-spring-swing/mixed-level-j-j-combined,2026-04-tulsa-spring-swing/mixed-level-j-j-combined/L-249,2026-04-tulsa-spring-swing,probable,Stephen Hrncir and Cindy Bai,21980,leader,eepro
2026-04-tulsa-spring-swing/mixed-level-j-j-combined,2026-04-tulsa-spring-swing/mixed-level-j-j-combined/L-252,2026-04-tulsa-spring-swing,probable,James Williams and Kelsey Gonzales,20687,leader,eepro
2026-04-tulsa-spring-swing/mixed-level-j-j-combined,2026-04-tulsa-spring-swing/mixed-level-j-j-combined/L-254,2026-04-tulsa-spring-swing,probable,Haustyn Forney and Brittney McGetrick,25218,leader,eepro
2026-04-tulsa-spring-swing/mixed-level-j-j-combined,2026-04-tulsa-spring-swing/mixed-level-j-j-combined/L-272,2026-04-tulsa-spring-swing,probable,Anthony Clark and Kimberly Maslin,23901,leader,eepro
2026-04-tulsa-spring-swing/mixed-level-j-j-combined,2026-04-tulsa-spring-swing/mixed-level-j-j-combined/L-273,2026-04-tulsa-spring-swing,probable,Brandon Hall and Myranda Jones,27651,leader,eepro
2026-04-tulsa-spring-swing/mixed-level-j-j-combined,2026-04-tulsa-spring-swing/mixed-level-j-j-combined/L-277,2026-04-tulsa-spring-swing,probable,Gregory Hultgren and Lori Byrd,26549,leader,eepro
2026-04-tulsa-spring-swing/mixed-level-j-j-combined,2026-04-tulsa-spring-swing/mixed-level-j-j-combined/L-280,2026-04-tulsa-spring-swing,unmatched,Miguel Gonzales and Irina Palenko,,leader,eepro
2026-04-tulsa-spring-swing/mixed-level-j-j-combined,2026-04-tulsa-spring-swing/mixed-level-j-j-combined/L-312,2026-04-tulsa-spring-swing,unmatched,Seth Pearson and Stephanie Price,,leader,eepro
2026-04-tulsa-spring-swing/mixed-level-j-j-combined,2026-04-tulsa-spring-swing/mixed-level-j-j-combined/L-317,2026-04-tulsa-spring-swing,probable,Matthew Fox and Maddy Knox,24233,leader,eepro
2026-04-tulsa-spring-swing/mixed-level-j-j-combined,2026-04-tulsa-spring-swing/mixed-level-j-j-combined/L-327,2026-04-tulsa-spring-swing,unmatched,Johny Doucette and Sean Callahan,,leader,eepro
2026-04-tulsa-spring-swing/mixed-level-j-j-combined,2026-04-tulsa-spring-swing/mixed-level-j-j-combined/L-335,2026-04-tulsa-spring-swing,probable,Gabe Ofordu and Kali Henson,20911,leader,eepro
2026-04-tulsa-spring-swing/mixed-level-j-j-combined,2026-04-tulsa-spring-swing/mixed-level-j-j-combined/L-348,2026-04-tulsa-spring-swing,probable,James Sisneros and Sara Mattis,24204,leader,eepro
2026-04-tulsa-spring-swing/mixed-level-j-j-combined,2026-04-tulsa-spring-swing/mixed-level-j-j-combined/L-372,2026-04-tulsa-spring-swing,probable,Tim Acosta and Alaynah Schaff,27454,leader,eepro
2026-04-tulsa-spring-swing/mixed-level-j-j-combined,2026-04-tulsa-spring-swing/mixed-level-j-j-combined/L-383,2026-04-tulsa-spring-swing,unmatched,Robert Nail and Gloria Dattolo,,leader,eepro
2026-04-tulsa-spring-swing/mixed-level-j-j-combined,2026-04-tulsa-spring-swing/mixed-level-j-j-combined/L-385,2026-04-tulsa-spring-swing,probable,Duane Erwin and Britni Weaver,17187,leader,eepro
2026-04-tulsa-spring-swing/mixed-level-j-j-combined,2026-04-tulsa-spring-swing/mixed-level-j-j-combined/L-398,2026-04-tulsa-spring-swing,probable,Mark Denker and Tom Teramoto,23256,leader,eepro
2026-04-tulsa-spring-swing/newcomer-strictly-pro-am-am-followers,2026-04-tulsa-spring-swing/newcomer-strictly-pro-am-am-followers/F-255,2026-04-tulsa-spring-swing,unmatched,Irina Palenko and Terry Roseborough,,follower,eepro
2026-04-tulsa-spring-swing/newcomer-strictly-pro-am-am-followers,2026-04-tulsa-spring-swing/newcomer-strictly-pro-am-am-followers/F-389,2026-04-tulsa-spring-swing,unmatched,AJ Johnson and Bradley Wendt,,follower,eepro
2026-04-tulsa-spring-swing/newcomer-strictly-pro-am-am-leaders,2026-04-tulsa-spring-swing/newcomer-strictly-pro-am-am-leaders/L-241,2026-04-tulsa-spring-swing,unmatched,Jose Manzano and Julie Auclair,,leader,eepro
2026-04-tulsa-spring-swing/newcomer-strictly-pro-am-am-leaders,2026-04-tulsa-spring-swing/newcomer-strictly-pro-am-am-leaders/L-299,2026-04-tulsa-spring-swing,unmatched,Olive Picard and Catherine Pisano-Picard,,leader,eepro
2026-04-tulsa-spring-swing/newcomer-strictly-pro-am-am-leaders,2026-04-tulsa-spring-swing/newcomer-strictly-pro-am-am-leaders/L-303,2026-04-tulsa-spring-swing,unmatched,Kathryn Jackson and Christina White,,leader,eepro
2026-04-tulsa-spring-swing/newcomer-strictly-pro-am-am-leaders,2026-04-tulsa-spring-swing/newcomer-strictly-pro-am-am-leaders/L-389,2026-04-tulsa-spring-swing,unmatched,AJ Johnson and Christina White,,leader,eepro
2026-04-tulsa-spring-swing/novice-pro-am,2026-04-tulsa-spring-swing/novice-pro-am/L-name-dawn-bodi-and-terry-roseborough,2026-04-tulsa-spring-swing,unmatched,Dawn Bodi and Terry Roseborough,,leader,eepro
2026-04-tulsa-spring-swing/novice-pro-am,2026-04-tulsa-spring-swing/novice-pro-am/L-name-joyce-fisher-and-matt-auclair,2026-04-tulsa-spring-swing,unmatched,Joyce Fisher and Matt Auclair,,leader,eepro
2026-04-tulsa-spring-swing/novice-pro-am,2026-04-tulsa-spring-swing/novice-pro-am/L-name-linda-cruce-and-tim-acosta,2026-04-tulsa-spring-swing,unmatched,Linda Cruce and Tim Acosta,,leader,eepro
2026-04-tulsa-spring-swing/novice-pro-am,2026-04-tulsa-spring-swing/novice-pro-am/L-name-linda-guetterman-and-matt-auclair,2026-04-tulsa-spring-swing,unmatched,Linda Guetterman and Matt Auclair,,leader,eepro
2026-04-tulsa-spring-swing/novice-strictly-pro-am-am-followers,2026-04-tulsa-spring-swing/novice-strictly-pro-am-am-followers/F-213,2026-04-tulsa-spring-swing,unmatched,Lydia Boden and Luke Reeves,,follower,eepro
2026-04-tulsa-spring-swing/novice-strictly-pro-am-am-followers,2026-04-tulsa-spring-swing/novice-strictly-pro-am-am-followers/F-225,2026-04-tulsa-spring-swing,unmatched,Cory Johnson and Matt Auclair,,follower,eepro
2026-04-tulsa-spring-swing/novice-strictly-pro-am-am-followers,2026-04-tulsa-spring-swing/novice-strictly-pro-am-am-followers/F-232,2026-04-tulsa-spring-swing,unmatched,Elisa Montgomery and Terry Roseborough,,follower,eepro
2026-04-tulsa-spring-swing/novice-strictly-pro-am-am-followers,2026-04-tulsa-spring-swing/novice-strictly-pro-am-am-followers/F-243,2026-04-tulsa-spring-swing,unmatched,Hallie Austin and Anthony Clark,,follower,eepro
2026-04-tulsa-spring-swing/novice-strictly-pro-am-am-followers,2026-04-tulsa-spring-swing/novice-strictly-pro-am-am-followers/F-244,2026-04-tulsa-spring-swing,unmatched,Francine Sonnenschein and Terry Roseborough,,follower,eepro
2026-04-tulsa-spring-swing/novice-strictly-pro-am-am-followers,2026-04-tulsa-spring-swing/novice-strictly-pro-am-am-followers/F-246,2026-04-tulsa-spring-swing,unmatched,Victoria Medlock and Hazael Miranda,,follower,eepro
2026-04-tulsa-spring-swing/novice-strictly-pro-am-am-followers,2026-04-tulsa-spring-swing/novice-strictly-pro-am-am-followers/F-251,2026-04-tulsa-spring-swing,unmatched,Joyce Fisher and Matt Auclair,,follower,eepro
2026-04-tulsa-spring-swing/novice-strictly-pro-am-am-followers,2026-04-tulsa-spring-swing/novice-strictly-pro-am-am-followers/F-280,2026-04-tulsa-spring-swing,unmatched,Miguel Gonzales and Luke Reeves,,follower,eepro
2026-04-tulsa-spring-swing/novice-strictly-pro-am-am-followers,2026-04-tulsa-spring-swing/novice-strictly-pro-am-am-followers/F-290,2026-04-tulsa-spring-swing,unmatched,Dawn Bodi and Terry Roseborough,,follower,eepro
2026-04-tulsa-spring-swing/novice-strictly-pro-am-am-followers,2026-04-tulsa-spring-swing/novice-strictly-pro-am-am-followers/F-295,2026-04-tulsa-spring-swing,unmatched,Linda Guetterman and Matt Auclair,,follower,eepro
2026-04-tulsa-spring-swing/novice-strictly-pro-am-am-followers,2026-04-tulsa-spring-swing/novice-strictly-pro-am-am-followers/F-299,2026-04-tulsa-spring-swing,probable,Olive Picard and Brian Picard,27932,follower,eepro
2026-04-tulsa-spring-swing/novice-strictly-pro-am-am-followers,2026-04-tulsa-spring-swing/novice-strictly-pro-am-am-followers/F-325,2026-04-tulsa-spring-swing,unmatched,Stephanie Price and Ben Clemons,,follower,eepro
2026-04-tulsa-spring-swing/novice-strictly-pro-am-am-followers,2026-04-tulsa-spring-swing/novice-strictly-pro-am-am-followers/F-330,2026-04-tulsa-spring-swing,unmatched,Hanna Destiny Lynn and Eric Byers,,follower,eepro
2026-04-tulsa-spring-swing/novice-strictly-pro-am-am-followers,2026-04-tulsa-spring-swing/novice-strictly-pro-am-am-followers/F-333,2026-04-tulsa-spring-swing,unmatched,Maria Clara and Kris Swearingen,,follower,eepro
2026-04-tulsa-spring-swing/novice-strictly-pro-am-am-followers,2026-04-tulsa-spring-swing/novice-strictly-pro-am-am-followers/F-341,2026-04-tulsa-spring-swing,unmatched,Sara Mattis and Eric Byers,,follower,eepro
2026-04-tulsa-spring-swing/novice-strictly-pro-am-am-followers,2026-04-tulsa-spring-swing/novice-strictly-pro-am-am-followers/F-370,2026-04-tulsa-spring-swing,unmatched,Roxanne May and Terry Roseborough,,follower,eepro
2026-04-tulsa-spring-swing/novice-strictly-pro-am-am-followers,2026-04-tulsa-spring-swing/novice-strictly-pro-am-am-followers/F-390,2026-04-tulsa-spring-swing,unmatched,Makena Loveland and Noelle Hoeppner,,follower,eepro
2026-04-tulsa-spring-swing/novice-strictly-pro-am-am-leaders,2026-04-tulsa-spring-swing/novice-strictly-pro-am-am-leaders/L-220,2026-04-tulsa-spring-swing,unmatched,Abel Rebolloso and Christina White,,leader,eepro
2026-04-tulsa-spring-swing/novice-strictly-pro-am-am-leaders,2026-04-tulsa-spring-swing/novice-strictly-pro-am-am-leaders/L-242,2026-04-tulsa-spring-swing,unmatched,Seth Grundmeyer and Noelle Hoeppner,,leader,eepro
2026-04-tulsa-spring-swing/novice-strictly-pro-am-am-leaders,2026-04-tulsa-spring-swing/novice-strictly-pro-am-am-leaders/L-279,2026-04-tulsa-spring-swing,unmatched,James Goepel and Julie Auclair,,leader,eepro
2026-04-tulsa-spring-swing/novice-strictly-pro-am-am-leaders,2026-04-tulsa-spring-swing/novice-strictly-pro-am-am-leaders/L-291,2026-04-tulsa-spring-swing,unmatched,Thomas Garland and McKenna Vroom,,leader,eepro
2026-04-tulsa-spring-swing/novice-strictly-pro-am-am-leaders,2026-04-tulsa-spring-swing/novice-strictly-pro-am-am-leaders/L-304,2026-04-tulsa-spring-swing,unmatched,Saul valverde and Maria bileychik,,leader,eepro
2026-04-tulsa-spring-swing/novice-strictly-pro-am-am-leaders,2026-04-tulsa-spring-swing/novice-strictly-pro-am-am-leaders/L-332,2026-04-tulsa-spring-swing,unmatched,Britta Albertson and Noelle Hoeppner,,leader,eepro
2026-04-tulsa-spring-swing/novice-strictly-pro-am-am-leaders,2026-04-tulsa-spring-swing/novice-strictly-pro-am-am-leaders/L-380,2026-04-tulsa-spring-swing,unmatched,Jubilee Rasmussen and Noelle Hoeppner,,leader,eepro
2026-04-tulsa-spring-swing/novice-strictly-pro-am-am-leaders,2026-04-tulsa-spring-swing/novice-strictly-pro-am-am-leaders/L-383,2026-04-tulsa-spring-swing,unmatched,Robert Nail and Maria Bileychik,,leader,eepro
2026-05-gateway-swing-classic/all-american-j-j,2026-05-gateway-swing-classic/all-american-j-j/L-110,2026-05-gateway-swing-classic,probable,Gabe Ofordu and Glenda Fletcher,18939,leader,eepro
2026-05-gateway-swing-classic/all-american-j-j,2026-05-gateway-swing-classic/all-american-j-j/L-123,2026-05-gateway-swing-classic,probable,Luke Applin and Laynee Day,11528,leader,eepro
2026-05-gateway-swing-classic/all-american-j-j,2026-05-gateway-swing-classic/all-american-j-j/L-131,2026-05-gateway-swing-classic,probable,Trenten Jackson and Lily Auclair,14081,leader,eepro
2026-05-gateway-swing-classic/all-american-j-j,2026-05-gateway-swing-classic/all-american-j-j/L-186,2026-05-gateway-swing-classic,probable,Josiah Nuest and Jessica de Jager,21720,leader,eepro
2026-05-gateway-swing-classic/all-american-j-j,2026-05-gateway-swing-classic/all-american-j-j/L-227,2026-05-gateway-swing-classic,possible,Eric Byers and Emily Huang,,leader,eepro
2026-05-gateway-swing-classic/all-american-j-j,2026-05-gateway-swing-classic/all-american-j-j/L-234,2026-05-gateway-swing-classic,probable,Thomas Garland and Maria Bileychik,12183,leader,eepro
2026-05-gateway-swing-classic/all-american-j-j,2026-05-gateway-swing-classic/all-american-j-j/L-241,2026-05-gateway-swing-classic,probable,Casey Bender and Jessica Graeme,23474,leader,eepro
2026-05-gateway-swing-classic/all-american-j-j,2026-05-gateway-swing-classic/all-american-j-j/L-243,2026-05-gateway-swing-classic,probable,Matt Auclair and Francine Sonnenschein,25466,leader,eepro
2026-05-gateway-swing-classic/all-american-j-j,2026-05-gateway-swing-classic/all-american-j-j/L-249,2026-05-gateway-swing-classic,probable,Joe Ciminna and Andrea Romeu,23868,leader,eepro
2026-05-gateway-swing-classic/all-american-j-j,2026-05-gateway-swing-classic/all-american-j-j/L-253,2026-05-gateway-swing-classic,probable,Red Elghazi and Kendall Mountford,14471,leader,eepro
2026-05-gateway-swing-classic/all-american-j-j,2026-05-gateway-swing-classic/all-american-j-j/L-276,2026-05-gateway-swing-classic,probable,Jason Marker and Rachel Bowlby,20259,leader,eepro
2026-05-gateway-swing-classic/all-american-j-j,2026-05-gateway-swing-classic/all-american-j-j/L-347,2026-05-gateway-swing-classic,probable,Dakota Schanze and Britney Porter,20050,leader,eepro
2026-05-gateway-swing-classic/all-american-j-j,2026-05-gateway-swing-classic/all-american-j-j/L-355,2026-05-gateway-swing-classic,probable,Tim Morrow and McKenna Vroom,24047,leader,eepro
2026-05-gateway-swing-classic/intermediate-pro-am-advanced,2026-05-gateway-swing-classic/intermediate-pro-am-advanced/L-213,2026-05-gateway-swing-classic,unmatched,Jake Twork and Rachel Bowlby,,leader,eepro
2026-05-gateway-swing-classic/intermediate-pro-am-advanced,2026-05-gateway-swing-classic/intermediate-pro-am-advanced/L-231,2026-05-gateway-swing-classic,unmatched,Diana Burkholder and Matt Auclair,,leader,eepro
2026-05-gateway-swing-classic/intermediate-pro-am-advanced,2026-05-gateway-swing-classic/intermediate-pro-am-advanced/L-308,2026-05-gateway-swing-classic,unmatched,Chase Yandell and Maria Bileychik,,leader,eepro
2026-05-gateway-swing-classic/intermediate-pro-am-advanced,2026-05-gateway-swing-classic/intermediate-pro-am-advanced/L-368,2026-05-gateway-swing-classic,unmatched,Jubilee Rasmussen and Jeanne DeGeyter,,leader,eepro
2026-05-gateway-swing-classic/novice-pro-am,2026-05-gateway-swing-classic/novice-pro-am/L-349,2026-05-gateway-swing-classic,unmatched,Cory Johnson and Matt Auclair,,leader,eepro
2026-05-gateway-swing-classic/novice-pro-am,2026-05-gateway-swing-classic/novice-pro-am/L-379,2026-05-gateway-swing-classic,unmatched,Joyce Fisher and Matt Auclair,,leader,eepro
2026-05-gateway-swing-classic/novice-pro-am,2026-05-gateway-swing-classic/novice-pro-am/L-381,2026-05-gateway-swing-classic,unmatched,Robert Drensek and Jen Nye,,leader,eepro
2026-05-gateway-swing-classic/rising-star,2026-05-gateway-swing-classic/rising-star/L-146,2026-05-gateway-swing-classic,probable,Ben Dobson and Jillian Carroll,19138,leader,eepro
2026-05-gndc/cabaret,2026-05-gndc/cabaret/L-name-alyenendrov-tsorokean-and-alexandra-cummings,2026-05-gndc,unmatched,Alyenendrov Tsorokean and Alexandra Cummings,,leader,eepro
2026-05-gndc/everybody-dance-now-j-j,2026-05-gndc/everybody-dance-now-j-j/L-123,2026-05-gndc,probable,Michael Hill and Haylee Fernandez,27349,leader,eepro
2026-05-gndc/everybody-dance-now-j-j,2026-05-gndc/everybody-dance-now-j-j/L-141,2026-05-gndc,unmatched,Thomas Scott and Kaylynn Selph,,leader,eepro
2026-05-gndc/everybody-dance-now-j-j,2026-05-gndc/everybody-dance-now-j-j/L-150,2026-05-gndc,probable,Dakota Schanze and Margaret Sullivan,24080,leader,eepro
2026-05-gndc/everybody-dance-now-j-j,2026-05-gndc/everybody-dance-now-j-j/L-156,2026-05-gndc,unmatched,Jesse Royal and Linda Caplan,,leader,eepro
2026-05-gndc/everybody-dance-now-j-j,2026-05-gndc/everybody-dance-now-j-j/L-158,2026-05-gndc,possible,Sam Rothrock and Abigail Baker,,leader,eepro
2026-05-gndc/everybody-dance-now-j-j,2026-05-gndc/everybody-dance-now-j-j/L-187,2026-05-gndc,probable,Jaedell Gresham and Tatiana Doldonova,22932,leader,eepro
2026-05-gndc/everybody-dance-now-j-j,2026-05-gndc/everybody-dance-now-j-j/L-207,2026-05-gndc,possible,James Owen and Jessica Cox,,leader,eepro
2026-05-gndc/everybody-dance-now-j-j,2026-05-gndc/everybody-dance-now-j-j/L-256,2026-05-gndc,probable,Lou Davis and Chi Shirtz,23063,leader,eepro
2026-05-gndc/everybody-dance-now-j-j,2026-05-gndc/everybody-dance-now-j-j/L-340,2026-05-gndc,probable,Caziah Rockett and Brandie Pastorek,24806,leader,eepro
2026-05-gndc/everybody-dance-now-j-j,2026-05-gndc/everybody-dance-now-j-j/L-345,2026-05-gndc,probable,Ross Williams and Maddy Knox,24233,leader,eepro
2026-05-gndc/everybody-dance-now-j-j,2026-05-gndc/everybody-dance-now-j-j/L-371,2026-05-gndc,probable,Urbain Delva and Kristen Shaw,9123,leader,eepro
2026-05-gndc/everybody-dance-now-j-j,2026-05-gndc/everybody-dance-now-j-j/L-373,2026-05-gndc,probable,Phillip Nicholson and Tara Tramel,21793,leader,eepro
2026-05-gndc/everybody-dance-now-j-j,2026-05-gndc/everybody-dance-now-j-j/L-381,2026-05-gndc,probable,Gabe Ofordu and Domenica Dunnigan,24836,leader,eepro
2026-05-gndc/everybody-dance-now-j-j,2026-05-gndc/everybody-dance-now-j-j/L-392,2026-05-gndc,possible,Daniel Fiandor and Bethany Johnson,,leader,eepro
2026-05-gndc/everybody-dance-now-j-j,2026-05-gndc/everybody-dance-now-j-j/L-393,2026-05-gndc,probable,Alejandro Hernandez and Morgan Hearrell,20233,leader,eepro
2026-05-gndc/everybody-dance-now-j-j,2026-05-gndc/everybody-dance-now-j-j/L-406,2026-05-gndc,probable,Jeramy Govert and Lauren Cookman,21795,leader,eepro
2026-05-gndc/everybody-dance-now-j-j,2026-05-gndc/everybody-dance-now-j-j/L-430,2026-05-gndc,probable,Jacob Reding and Britni Alexander,23560,leader,eepro
2026-05-gndc/everybody-dance-now-j-j,2026-05-gndc/everybody-dance-now-j-j/L-441,2026-05-gndc,probable,Cole McAllister and Phoebe Reagan,26285,leader,eepro
2026-05-gndc/everybody-dance-now-j-j,2026-05-gndc/everybody-dance-now-j-j/L-442,2026-05-gndc,probable,Anthony Robinski and Nicki Cacciato,13034,leader,eepro
2026-05-gndc/everybody-dance-now-j-j,2026-05-gndc/everybody-dance-now-j-j/L-470,2026-05-gndc,probable,Eddie Nunez and Amanda Myhre,28411,leader,eepro
2026-05-gndc/everybody-dance-now-j-j,2026-05-gndc/everybody-dance-now-j-j/L-475,2026-05-gndc,probable,Mike Webb and Audra Long,19062,leader,eepro
2026-05-gndc/everybody-dance-now-j-j,2026-05-gndc/everybody-dance-now-j-j/L-486,2026-05-gndc,probable,Matias Rodas and Anabel Dimova,24786,leader,eepro
2026-05-gndc/everybody-dance-now-j-j,2026-05-gndc/everybody-dance-now-j-j/L-488,2026-05-gndc,probable,Vincent DeRise and Alexis Dolgoff,25537,leader,eepro
2026-05-gndc/everybody-dance-now-j-j,2026-05-gndc/everybody-dance-now-j-j/L-492,2026-05-gndc,probable,Omar Gonzalez and Katie Kitay,27086,leader,eepro
2026-05-gndc/everybody-dance-now-j-j,2026-05-gndc/everybody-dance-now-j-j/L-496,2026-05-gndc,probable,Barrett Spates and Talía Colón,19091,leader,eepro
2026-05-gndc/everybody-dance-now-j-j,2026-05-gndc/everybody-dance-now-j-j/L-540,2026-05-gndc,unmatched,Alex Kim and Debra Ramsey,,leader,eepro
2026-05-gndc/everybody-dance-now-j-j,2026-05-gndc/everybody-dance-now-j-j/L-562,2026-05-gndc,probable,Cody McElligott and Kara Buckner,27353,leader,eepro
2026-05-gndc/everybody-dance-now-j-j,2026-05-gndc/everybody-dance-now-j-j/L-588,2026-05-gndc,probable,Red Elghazi and Cristen Appleton,23873,leader,eepro
2026-05-gndc/everybody-dance-now-j-j,2026-05-gndc/everybody-dance-now-j-j/L-604,2026-05-gndc,probable,Yu Hua Cheng and Cindy Bai,21980,leader,eepro
2026-05-gndc/everybody-dance-now-j-j,2026-05-gndc/everybody-dance-now-j-j/L-617,2026-05-gndc,probable,Patrick Thompson and Mina Phipps,27443,leader,eepro
2026-05-gndc/everybody-dance-now-j-j,2026-05-gndc/everybody-dance-now-j-j/L-672,2026-05-gndc,probable,Leo Lorenzo and Kate Benson,26944,leader,eepro
2026-05-gndc/everybody-dance-now-j-j,2026-05-gndc/everybody-dance-now-j-j/L-782,2026-05-gndc,probable,Marco Interlandi and Mistie Webb,24800,leader,eepro
2026-05-gndc/everybody-dance-now-j-j,2026-05-gndc/everybody-dance-now-j-j/L-790,2026-05-gndc,probable,James H and Amity McGinnis,26795,leader,eepro
2026-05-gndc/intermediate-strictly-proam-am-follower,2026-05-gndc/intermediate-strictly-proam-am-follower/F-164,2026-05-gndc,unmatched,Cindy Bai and Keerigan Rudd,,follower,eepro
2026-05-gndc/intermediate-strictly-proam-am-follower,2026-05-gndc/intermediate-strictly-proam-am-follower/F-228,2026-05-gndc,unmatched,Leah Lawrence and Robert Royston,,follower,eepro
2026-05-gndc/intermediate-strictly-proam-am-follower,2026-05-gndc/intermediate-strictly-proam-am-follower/F-440,2026-05-gndc,unmatched,Stephanie Meyer and Joseph Carey,,follower,eepro
2026-05-gndc/intermediate-strictly-proam-am-follower,2026-05-gndc/intermediate-strictly-proam-am-follower/F-445,2026-05-gndc,probable,Caroline Ridgway and Keerigan Rudd,15392,follower,eepro
2026-05-gndc/intermediate-strictly-proam-am-follower,2026-05-gndc/intermediate-strictly-proam-am-follower/F-530,2026-05-gndc,unmatched,Nicolette Flores and Keerigan Rudd,,follower,eepro
2026-05-gndc/intermediate-strictly-proam-am-leader,2026-05-gndc/intermediate-strictly-proam-am-leader/L-170,2026-05-gndc,unmatched,Chris Pozo and Abigail Baker,,leader,eepro
2026-05-gndc/intermediate-strictly-proam-am-leader,2026-05-gndc/intermediate-strictly-proam-am-leader/L-207,2026-05-gndc,unmatched,James Owen and Alexandra Hopper,,leader,eepro
2026-05-gndc/intermediate-strictly-proam-am-leader,2026-05-gndc/intermediate-strictly-proam-am-leader/L-370,2026-05-gndc,unmatched,Cole Enger and Courtney Mejias,,leader,eepro
2026-05-gndc/intermediate-strictly-proam-am-leader,2026-05-gndc/intermediate-strictly-proam-am-leader/L-380,2026-05-gndc,unmatched,Paul Hansel and Skylar Pritchard,,leader,eepro
2026-05-gndc/intermediate-strictly-proam-am-leader,2026-05-gndc/intermediate-strictly-proam-am-leader/L-433,2026-05-gndc,unmatched,Connor Metz and Mia Primavera,,leader,eepro
2026-05-gndc/intermediate-strictly-proam-am-leader,2026-05-gndc/intermediate-strictly-proam-am-leader/L-705,2026-05-gndc,unmatched,Andrew Knops and Macie Sandlin,,leader,eepro
2026-05-gndc/juniors-junior-shag,2026-05-gndc/juniors-junior-shag/L-name-billy-west-and-ava-farlow,2026-05-gndc,unmatched,Billy West and Ava Farlow,,leader,eepro
2026-05-gndc/juniors-junior-shag,2026-05-gndc/juniors-junior-shag/L-name-carson-flogel-and-claire-flogel,2026-05-gndc,probable,Carson Flogel and Claire Flogel,27340,leader,eepro
2026-05-gndc/juniors-junior-shag,2026-05-gndc/juniors-junior-shag/L-name-easton-brown-and-graylen-kirby,2026-05-gndc,probable,Easton Brown and Graylen Kirby,23012,leader,eepro
2026-05-gndc/juniors-junior-shag,2026-05-gndc/juniors-junior-shag/L-name-idris-bah-and-isabella-swaim,2026-05-gndc,unmatched,Idris Bah and Isabella Swaim,,leader,eepro
2026-05-gndc/juniors-junior-shag,2026-05-gndc/juniors-junior-shag/L-name-jackson-mclaughlin-and-saddie-honeycutt,2026-05-gndc,probable,Jackson McLaughlin and Saddie Honeycutt,24234,leader,eepro
2026-05-gndc/juniors-junior-shag,2026-05-gndc/juniors-junior-shag/L-name-joel-sogluizzo-and-rebecca-hodges,2026-05-gndc,unmatched,Joel Sogluizzo and Rebecca Hodges,,leader,eepro
2026-05-gndc/juniors-junior-shag,2026-05-gndc/juniors-junior-shag/L-name-parker-caldwell-and-abigail-hodges,2026-05-gndc,unmatched,Parker Caldwell and Abigail Hodges,,leader,eepro
2026-05-gndc/juniors-junior-shag,2026-05-gndc/juniors-junior-shag/L-name-william-benoit-and-abrielle-benoit,2026-05-gndc,unmatched,William Benoit and Abrielle Benoit,,leader,eepro
2026-05-gndc/juniors-junior-shag,2026-05-gndc/juniors-junior-shag/L-name-zane-morgan-and-maci-walters,2026-05-gndc,unmatched,Zane Morgan and Maci Walters,,leader,eepro
2026-05-gndc/masters-carolina-masters-shag,2026-05-gndc/masters-carolina-masters-shag/L-name-archer-joyce-and-patricia-joyce,2026-05-gndc,unmatched,Archer Joyce and Patricia Joyce,,leader,eepro
2026-05-gndc/masters-carolina-masters-shag,2026-05-gndc/masters-carolina-masters-shag/L-name-garrett-humphries-and-loretta-o-donald,2026-05-gndc,unmatched,Garrett Humphries and Loretta O'Donald,,leader,eepro
2026-05-gndc/masters-carolina-masters-shag,2026-05-gndc/masters-carolina-masters-shag/L-name-gene-pope-and-tobitha-stewart,2026-05-gndc,possible,Gene Pope and Tobitha Stewart,,leader,eepro
2026-05-gndc/masters-carolina-masters-shag,2026-05-gndc/masters-carolina-masters-shag/L-name-joey-sogluizzo-and-jennifer-sogluizzo,2026-05-gndc,unmatched,Joey Sogluizzo and Jennifer Sogluizzo,,leader,eepro
2026-05-gndc/masters-carolina-masters-shag,2026-05-gndc/masters-carolina-masters-shag/L-name-john-phillips-and-tina-phillips,2026-05-gndc,unmatched,John Phillips and Tina Phillips,,leader,eepro
2026-05-gndc/masters-carolina-masters-shag,2026-05-gndc/masters-carolina-masters-shag/L-name-sam-west-and-lisa-west,2026-05-gndc,possible,Sam West and Lisa West,,leader,eepro
2026-05-gndc/novice-strictly-proam-am-follower,2026-05-gndc/novice-strictly-proam-am-follower/F-166,2026-05-gndc,unmatched,Olivia Wilkes and Reginald Beason,,follower,eepro
2026-05-gndc/novice-strictly-proam-am-follower,2026-05-gndc/novice-strictly-proam-am-follower/F-230,2026-05-gndc,unmatched,Sara Woods and Ryan Osbourn,,follower,eepro
2026-05-gndc/novice-strictly-proam-am-follower,2026-05-gndc/novice-strictly-proam-am-follower/F-244,2026-05-gndc,unmatched,Mina Phipps and Jacob Reding,,follower,eepro
2026-05-gndc/novice-strictly-proam-am-follower,2026-05-gndc/novice-strictly-proam-am-follower/F-358,2026-05-gndc,unmatched,Briana Cologna and Alex Kim,,follower,eepro
2026-05-gndc/novice-strictly-proam-am-follower,2026-05-gndc/novice-strictly-proam-am-follower/F-469,2026-05-gndc,unmatched,Aarushi Lal and Jake Haning,,follower,eepro
2026-05-gndc/novice-strictly-proam-am-follower,2026-05-gndc/novice-strictly-proam-am-follower/F-476,2026-05-gndc,unmatched,Chelsea Mosko and Robert Royston,,follower,eepro
2026-05-gndc/novice-strictly-proam-am-follower,2026-05-gndc/novice-strictly-proam-am-follower/F-528,2026-05-gndc,unmatched,Missy Keesling and Alejandro Hernandez,,follower,eepro
2026-05-gndc/novice-strictly-proam-am-follower,2026-05-gndc/novice-strictly-proam-am-follower/F-573,2026-05-gndc,unmatched,Lian Pellegrom and Ryan Osbourn,,follower,eepro
2026-05-gndc/novice-strictly-proam-am-follower,2026-05-gndc/novice-strictly-proam-am-follower/F-622,2026-05-gndc,unmatched,Teresa TJ Flowers and Ryan Pflumm,,follower,eepro
2026-05-gndc/novice-strictly-proam-am-follower,2026-05-gndc/novice-strictly-proam-am-follower/F-641,2026-05-gndc,unmatched,Avrie Bianco and Jacob Reding,,follower,eepro
2026-05-gndc/novice-strictly-proam-am-follower,2026-05-gndc/novice-strictly-proam-am-follower/F-691,2026-05-gndc,probable,Allison Palmgren and Skylar Pritchard,27177,follower,eepro
2026-05-gndc/novice-strictly-proam-am-follower,2026-05-gndc/novice-strictly-proam-am-follower/F-786,2026-05-gndc,unmatched,Ali Depenbrock and Jason Donahoo,,follower,eepro
2026-05-gndc/novice-strictly-proam-am-leader,2026-05-gndc/novice-strictly-proam-am-leader/L-167,2026-05-gndc,unmatched,Anthony Fodor and Charlotte Ridgway,,leader,eepro
2026-05-gndc/novice-strictly-proam-am-leader,2026-05-gndc/novice-strictly-proam-am-leader/L-179,2026-05-gndc,unmatched,Jason Frates and Macie Sandlin,,leader,eepro
2026-05-gndc/novice-strictly-proam-am-leader,2026-05-gndc/novice-strictly-proam-am-leader/L-236,2026-05-gndc,unmatched,Jonathan Gabriel and Macie Sandlin,,leader,eepro
2026-05-gndc/novice-strictly-proam-am-leader,2026-05-gndc/novice-strictly-proam-am-leader/L-256,2026-05-gndc,unmatched,Lou Davis and Madeleine Konzelman,,leader,eepro
2026-05-gndc/novice-strictly-proam-am-leader,2026-05-gndc/novice-strictly-proam-am-leader/L-355,2026-05-gndc,unmatched,Ozlem Davis and Abigail Roach,,leader,eepro
2026-05-gndc/novice-strictly-proam-am-leader,2026-05-gndc/novice-strictly-proam-am-leader/L-365,2026-05-gndc,unmatched,Samuel Bingham and Madeleine Konzelman,,leader,eepro
2026-05-gndc/novice-strictly-proam-am-leader,2026-05-gndc/novice-strictly-proam-am-leader/L-372,2026-05-gndc,unmatched,Dan Mudd and Abigail Roach,,leader,eepro
2026-05-gndc/novice-strictly-proam-am-leader,2026-05-gndc/novice-strictly-proam-am-leader/L-373,2026-05-gndc,unmatched,Phillip Nicholson and Adela Su,,leader,eepro
2026-05-gndc/novice-strictly-proam-am-leader,2026-05-gndc/novice-strictly-proam-am-leader/L-379,2026-05-gndc,unmatched,Daquan Silver and Morgan Hearrell,,leader,eepro
2026-05-gndc/novice-strictly-proam-am-leader,2026-05-gndc/novice-strictly-proam-am-leader/L-390,2026-05-gndc,unmatched,Kyler Pleasant and Skylar Pritchard,,leader,eepro
2026-05-gndc/novice-strictly-proam-am-leader,2026-05-gndc/novice-strictly-proam-am-leader/L-392,2026-05-gndc,unmatched,Daniel Fiandor and Skylar Pritchard,,leader,eepro
2026-05-gndc/novice-strictly-proam-am-leader,2026-05-gndc/novice-strictly-proam-am-leader/L-446,2026-05-gndc,unmatched,Spencer Hall and Madeleine Konzelman,,leader,eepro
2026-05-gndc/novice-strictly-proam-am-leader,2026-05-gndc/novice-strictly-proam-am-leader/L-494,2026-05-gndc,unmatched,Christian Twiggs and Madeleine Konzelman,,leader,eepro
2026-05-gndc/novice-strictly-proam-am-leader,2026-05-gndc/novice-strictly-proam-am-leader/L-521,2026-05-gndc,unmatched,Dixie Zins and Skylar Pritchard,,leader,eepro
2026-05-gndc/novice-strictly-proam-am-leader,2026-05-gndc/novice-strictly-proam-am-leader/L-533,2026-05-gndc,unmatched,James Jimenez and Chantelle Pianetta,,leader,eepro
2026-05-gndc/novice-strictly-proam-am-leader,2026-05-gndc/novice-strictly-proam-am-leader/L-707,2026-05-gndc,unmatched,Kenny Lombard and Bonnie Cannon,,leader,eepro
2026-05-gndc/novice-strictly-shag-proam-am-follower,2026-05-gndc/novice-strictly-shag-proam-am-follower/F-127,2026-05-gndc,probable,Abigail Hodges and Ashley Stewart,14509,follower,eepro
2026-05-gndc/novice-strictly-shag-proam-am-follower,2026-05-gndc/novice-strictly-shag-proam-am-follower/F-128,2026-05-gndc,unmatched,Rebecca Hodges and Joey Sogluizzo,,follower,eepro
2026-05-gndc/novice-strictly-shag-proam-am-follower,2026-05-gndc/novice-strictly-shag-proam-am-follower/F-135,2026-05-gndc,unmatched,Leah Bryant and John Phillips,,follower,eepro
2026-05-gndc/novice-strictly-shag-proam-am-follower,2026-05-gndc/novice-strictly-shag-proam-am-follower/F-252,2026-05-gndc,unmatched,Claire Flogel and Brenner Goree,,follower,eepro
2026-05-gndc/novice-strictly-shag-proam-am-follower,2026-05-gndc/novice-strictly-shag-proam-am-follower/F-449,2026-05-gndc,probable,Elizabeth Johnson and Sam West,1495,follower,eepro
2026-05-gndc/novice-strictly-shag-proam-am-follower,2026-05-gndc/novice-strictly-shag-proam-am-follower/F-497,2026-05-gndc,unmatched,Susan welch and Ashley Stewart,,follower,eepro
2026-05-gndc/novice-strictly-shag-proam-am-follower,2026-05-gndc/novice-strictly-shag-proam-am-follower/F-758,2026-05-gndc,unmatched,Jane Renger and Jean Pope,,follower,eepro
2026-05-gndc/novice-strictly-shag-proam-am-leader,2026-05-gndc/novice-strictly-shag-proam-am-leader/L-173,2026-05-gndc,possible,Danny Scott and Tobitha Stewart,,leader,eepro
2026-05-gndc/novice-strictly-shag-proam-am-leader,2026-05-gndc/novice-strictly-shag-proam-am-leader/L-251,2026-05-gndc,probable,Carson Flogel and Tobitha Stewart,24336,leader,eepro
2026-05-gndc/novice-strictly-shag-proam-am-leader,2026-05-gndc/novice-strictly-shag-proam-am-leader/L-610,2026-05-gndc,unmatched,James Bryant and Tina Phillips,,leader,eepro
2026-05-gndc/pro-am,2026-05-gndc/pro-am/L-name-aliya-bowers-and-mack-west,2026-05-gndc,unmatched,Aliya Bowers and Mack West,,leader,eepro
2026-05-gndc/pro-am,2026-05-gndc/pro-am/L-name-candace-wessinger-and-jake-haning,2026-05-gndc,unmatched,Candace Wessinger and Jake Haning,,leader,eepro
2026-05-gndc/pro-am,2026-05-gndc/pro-am/L-name-carolyn-richter-and-jake-haning,2026-05-gndc,unmatched,Carolyn Richter and Jake Haning,,leader,eepro
2026-05-gndc/pro-am,2026-05-gndc/pro-am/L-name-claire-flogel-and-joey-sogluizzo,2026-05-gndc,unmatched,Claire Flogel and Joey Sogluizzo,,leader,eepro
2026-05-gndc/pro-am,2026-05-gndc/pro-am/L-name-dan-mudd-and-abigail-roach,2026-05-gndc,probable,Dan Mudd and Abigail Roach,21287,leader,eepro
2026-05-gndc/pro-am,2026-05-gndc/pro-am/L-name-dixie-zins-and-bonnie-cannon,2026-05-gndc,unmatched,Dixie Zins and Bonnie Cannon,,leader,eepro
2026-05-gndc/pro-am,2026-05-gndc/pro-am/L-name-ellis-permann-and-jonathan-wolfgram,2026-05-gndc,unmatched,Ellis Permann and Jonathan Wolfgram,,leader,eepro
2026-05-gndc/pro-am,2026-05-gndc/pro-am/L-name-idris-bah-and-jennifer-sogluizzo,2026-05-gndc,unmatched,Idris Bah and Jennifer Sogluizzo,,leader,eepro
2026-05-gndc/pro-am,2026-05-gndc/pro-am/L-name-isabella-swaim-and-ashley-stewart,2026-05-gndc,possible,Isabella Swaim and Ashley Stewart,,leader,eepro
2026-05-gndc/pro-am,2026-05-gndc/pro-am/L-name-jean-barnett-and-pj-turner,2026-05-gndc,unmatched,Jean Barnett and PJ Turner,,leader,eepro
2026-05-gndc/pro-am,2026-05-gndc/pro-am/L-name-katherine-jurney-and-joey-sogluizzo,2026-05-gndc,unmatched,Katherine Jurney and Joey Sogluizzo,,leader,eepro
2026-05-gndc/pro-am,2026-05-gndc/pro-am/L-name-roberta-pearlstein-and-hugo-miguez,2026-05-gndc,unmatched,Roberta Pearlstein and Hugo Miguez,,leader,eepro
2026-05-gndc/pro-am,2026-05-gndc/pro-am/L-name-rosemary-davidson-and-abi-jennings,2026-05-gndc,probable,Rosemary Davidson and Abi Jennings,5626,leader,eepro
2026-05-gndc/pro-am,2026-05-gndc/pro-am/L-name-saddie-honeycutt-and-brennar-goree,2026-05-gndc,unmatched,Saddie Honeycutt and Brennar Goree,,leader,eepro
2026-05-gndc/pro-am,2026-05-gndc/pro-am/L-name-safiah-bah-and-ashley-stewart,2026-05-gndc,unmatched,Safiah Bah and Ashley Stewart,,leader,eepro
2026-05-gndc/pro-am,2026-05-gndc/pro-am/L-name-stephanie-meyer-and-joseph-carey,2026-05-gndc,unmatched,Stephanie Meyer and Joseph Carey,,leader,eepro
2026-05-gndc/pro-am,2026-05-gndc/pro-am/L-name-teresa-tj-flowers-and-ryan-pflumm,2026-05-gndc,unmatched,Teresa TJ Flowers and Ryan Pflumm,,leader,eepro
2026-05-gndc/pro-am,2026-05-gndc/pro-am/L-name-yubin-kim-and-hugo-miguez,2026-05-gndc,unmatched,Yubin Kim and Hugo Miguez,,leader,eepro
2026-05-gndc/rising-star,2026-05-gndc/rising-star/L-name-ben-dobson-and-jillian-carroll,2026-05-gndc,probable,Ben Dobson and Jillian Carroll,19138,leader,eepro
2026-05-gndc/rising-star,2026-05-gndc/rising-star/L-name-jeff-bragg-and-rebecca-menon,2026-05-gndc,probable,Jeff Bragg and Rebecca Menon,16186,leader,eepro
2026-05-gndc/rising-star,2026-05-gndc/rising-star/L-name-jonathan-wolfgram-and-regina-galiyeva,2026-05-gndc,probable,Jonathan Wolfgram and Regina Galiyeva,25227,leader,eepro
2026-05-gndc/rising-star,2026-05-gndc/rising-star/L-name-matt-davis-and-kristen-shaw,2026-05-gndc,probable,Matt Davis and Kristen Shaw,9123,leader,eepro
2026-05-gndc/shag-mixed-doubles-experienced,2026-05-gndc/shag-mixed-doubles-experienced/L-142,2026-05-gndc,unmatched,Billy West and Rebecca Hodges,,leader,eepro
2026-05-gndc/shag-mixed-doubles-experienced,2026-05-gndc/shag-mixed-doubles-experienced/L-163,2026-05-gndc,probable,Brennar Goree and Graylen Kirby,23012,leader,eepro
2026-05-gndc/shag-mixed-doubles-experienced,2026-05-gndc/shag-mixed-doubles-experienced/L-174,2026-05-gndc,unmatched,Gene Pope and Kristal Taylor Davis,,leader,eepro
2026-05-gndc/shag-mixed-doubles-experienced,2026-05-gndc/shag-mixed-doubles-experienced/L-364,2026-05-gndc,unmatched,Stephen Balok and Myers Floyd,,leader,eepro
2026-05-gndc/shag-mixed-doubles-experienced,2026-05-gndc/shag-mixed-doubles-experienced/L-493,2026-05-gndc,unmatched,Mack West and Karsyn Folds,,leader,eepro
2026-05-gndc/shag-mixed-doubles-experienced,2026-05-gndc/shag-mixed-doubles-experienced/L-686,2026-05-gndc,probable,Ashley Stewart and Nikki Kontoulas,1843,leader,eepro
2026-05-gndc/shag-mixed-doubles-non-professional,2026-05-gndc/shag-mixed-doubles-non-professional/L-173,2026-05-gndc,unmatched,Danny Scott and Abigail Hodges,,leader,eepro
2026-05-gndc/shag-mixed-doubles-non-professional,2026-05-gndc/shag-mixed-doubles-non-professional/L-251,2026-05-gndc,probable,Carson Flogel and Saddie Honeycutt,24234,leader,eepro
2026-05-gndc/shag-mixed-doubles-non-professional,2026-05-gndc/shag-mixed-doubles-non-professional/L-610,2026-05-gndc,probable,James Bryant and Claire Flogel,27340,leader,eepro
2026-05-gndc/shag-mixed-doubles-non-professional,2026-05-gndc/shag-mixed-doubles-non-professional/L-611,2026-05-gndc,unmatched,Parker Caldwell and Lauren Flogel,,leader,eepro
2026-05-gndc/shag-mixed-doubles-non-professional,2026-05-gndc/shag-mixed-doubles-non-professional/L-789,2026-05-gndc,unmatched,Joel Sogluizzo and Salem Kirby,,leader,eepro
2026-05-gndc/strictly-amateur-shag-proam-am-follower,2026-05-gndc/strictly-amateur-shag-proam-am-follower/F-357,2026-05-gndc,probable,Katherine Jurney and Ashley Stewart,24336,follower,eepro
2026-05-gndc/strictly-amateur-shag-proam-am-follower,2026-05-gndc/strictly-amateur-shag-proam-am-follower/F-378,2026-05-gndc,unmatched,Isabella Swaim and Joey Sogluizzo,,follower,eepro
2026-05-gndc/strictly-amateur-shag-proam-am-follower,2026-05-gndc/strictly-amateur-shag-proam-am-follower/F-503,2026-05-gndc,unmatched,Saddie Honeycutt and Sam West,,follower,eepro
2026-05-gndc/strictly-amateur-shag-proam-am-follower,2026-05-gndc/strictly-amateur-shag-proam-am-follower/F-512,2026-05-gndc,unmatched,Aliya Bowers and Sam West,,follower,eepro
2026-05-gndc/strictly-amateur-shag-proam-am-follower,2026-05-gndc/strictly-amateur-shag-proam-am-follower/F-584,2026-05-gndc,probable,Elaine Morgan and Lamarr Williford,9437,follower,eepro
2026-05-gndc/strictly-amateur-shag-proam-am-follower,2026-05-gndc/strictly-amateur-shag-proam-am-follower/F-719,2026-05-gndc,unmatched,Sandra Boswell and Stephen Balok,,follower,eepro
2026-05-gndc/strictly-amateur-shag-proam-am-follower,2026-05-gndc/strictly-amateur-shag-proam-am-follower/F-756,2026-05-gndc,unmatched,Stella Duggins and Sam West,,follower,eepro
2026-05-gndc/strictly-amateur-shag-proam-am-leader,2026-05-gndc/strictly-amateur-shag-proam-am-leader/L-470,2026-05-gndc,probable,Eddie Nunez and Graylen Kirby,23012,leader,eepro
2026-05-gndc/strictly-amateur-shag-proam-am-leader,2026-05-gndc/strictly-amateur-shag-proam-am-leader/L-544,2026-05-gndc,unmatched,Chad Duggins and Lisa West,,leader,eepro
2026-05-gndc/strictly-amateur-shag-proam-am-leader,2026-05-gndc/strictly-amateur-shag-proam-am-leader/L-789,2026-05-gndc,unmatched,Joel Sogluizzo and Jennifer Sogluizzo,,leader,eepro
2026-05-gndc/teams,2026-05-gndc/teams/L-name-boogie-in-motion-and-garrett-humphries,2026-05-gndc,unmatched,Boogie In Motion and Garrett Humphries,,leader,eepro
2026-05-gndc/teams,2026-05-gndc/teams/L-name-team-26-and-vickie-chambers,2026-05-gndc,unmatched,TEAM 26 and Vickie Chambers,,leader,eepro
2026-05-gndc/teams,2026-05-gndc/teams/L-name-the-junior-shag-dance-team-and-ashley-stewart,2026-05-gndc,possible,The Junior Shag Dance Team and Ashley Stewart,,leader,eepro
2026-06-disco-america/advanced-pro-am-follower-3-dance-salsa,2026-06-disco-america/advanced-pro-am-follower-3-dance-salsa/F-207,2026-06-disco-america,unmatched,Jasmine Williams and Nino DiGiulio,,follower,eepro
2026-06-disco-america/advanced-pro-am-follower-3-dance-salsa,2026-06-disco-america/advanced-pro-am-follower-3-dance-salsa/F-294,2026-06-disco-america,unmatched,Marla Conley and Lori Ann Roche,,follower,eepro
2026-06-disco-america/advanced-pro-am-follower-3-dance,2026-06-disco-america/advanced-pro-am-follower-3-dance/F-207,2026-06-disco-america,unmatched,Jasmine Williams and Nino DiGiulio,,follower,eepro
2026-06-disco-america/advanced-pro-am-follower-3-dance,2026-06-disco-america/advanced-pro-am-follower-3-dance/F-294,2026-06-disco-america,unmatched,Marla Conley and Lori Ann Roche,,follower,eepro
2026-06-disco-america/advanced-pro-am-follower-bachata,2026-06-disco-america/advanced-pro-am-follower-bachata/F-265,2026-06-disco-america,unmatched,Kaydee Molnar and Nick Pfeiffer,,follower,eepro
2026-06-disco-america/advanced-pro-am-follower-salsa,2026-06-disco-america/advanced-pro-am-follower-salsa/F-265,2026-06-disco-america,unmatched,Kaydee Molnar and Nick Pfeiffer,,follower,eepro
2026-06-disco-america/advanced-pro-am-follower-salsa,2026-06-disco-america/advanced-pro-am-follower-salsa/F-294,2026-06-disco-america,unmatched,Marla Conley and Lori Ann Roche,,follower,eepro
2026-06-disco-america/advanced-pro-am-follower,2026-06-disco-america/advanced-pro-am-follower/F-216,2026-06-disco-america,unmatched,Denise Higgins and Steven James,,follower,eepro
2026-06-disco-america/advanced-pro-am-follower,2026-06-disco-america/advanced-pro-am-follower/F-294,2026-06-disco-america,unmatched,Marla Conley and Lori Ann Roche,,follower,eepro
2026-06-disco-america/amateur-just-salsa-silver-50,2026-06-disco-america/amateur-just-salsa-silver-50/L-257,2026-06-disco-america,unmatched,Michael Phillip and Renee George,,leader,eepro
2026-06-disco-america/amateur-just-wcs-silver-50,2026-06-disco-america/amateur-just-wcs-silver-50/L-219,2026-06-disco-america,unmatched,Dirk F Moore and Lynne Moore,,leader,eepro
2026-06-disco-america/intermediate-amateur-just-salsa-intermediate,2026-06-disco-america/intermediate-amateur-just-salsa-intermediate/L-209,2026-06-disco-america,unmatched,Kenji Yamazaki and Laurel Golyzniak,,leader,eepro
2026-06-disco-america/intermediate-amateur-just-salsa-intermediate,2026-06-disco-america/intermediate-amateur-just-salsa-intermediate/L-298,2026-06-disco-america,unmatched,Luigi Vincent and Leslie Mora,,leader,eepro
2026-06-disco-america/intermediate-pro-am-follower-3-dance-salsa,2026-06-disco-america/intermediate-pro-am-follower-3-dance-salsa/F-202,2026-06-disco-america,unmatched,Laurel Golyzniak and Nino DiGiulio,,follower,eepro
2026-06-disco-america/intermediate-pro-am-follower-3-dance-salsa,2026-06-disco-america/intermediate-pro-am-follower-3-dance-salsa/F-203,2026-06-disco-america,unmatched,Juanita Perez and Nino DiGiulio,,follower,eepro
2026-06-disco-america/intermediate-pro-am-follower-3-dance-salsa,2026-06-disco-america/intermediate-pro-am-follower-3-dance-salsa/F-213,2026-06-disco-america,unmatched,Katie Valentine and Christy Kam,,follower,eepro
2026-06-disco-america/intermediate-pro-am-follower-3-dance-salsa,2026-06-disco-america/intermediate-pro-am-follower-3-dance-salsa/F-218,2026-06-disco-america,unmatched,Lynne Moore and Sharonne Vinokurov,,follower,eepro
2026-06-disco-america/intermediate-pro-am-follower-3-dance-salsa,2026-06-disco-america/intermediate-pro-am-follower-3-dance-salsa/F-294,2026-06-disco-america,unmatched,Marla Conley and Lori Ann Roche,,follower,eepro
2026-06-disco-america/intermediate-pro-am-follower-3-dance-salsa,2026-06-disco-america/intermediate-pro-am-follower-3-dance-salsa/F-323,2026-06-disco-america,unmatched,Maria Hurd and Jameson Kilburn,,follower,eepro
2026-06-disco-america/intermediate-pro-am-follower-3-dance,2026-06-disco-america/intermediate-pro-am-follower-3-dance/F-202,2026-06-disco-america,unmatched,Laurel Golyzniak and Nino DiGiulio,,follower,eepro
2026-06-disco-america/intermediate-pro-am-follower-3-dance,2026-06-disco-america/intermediate-pro-am-follower-3-dance/F-203,2026-06-disco-america,unmatched,Juanita Perez and Nino DiGiulio,,follower,eepro
2026-06-disco-america/intermediate-pro-am-follower-3-dance,2026-06-disco-america/intermediate-pro-am-follower-3-dance/F-213,2026-06-disco-america,unmatched,Katie Valentine and Christy Kam,,follower,eepro
2026-06-disco-america/intermediate-pro-am-follower-3-dance,2026-06-disco-america/intermediate-pro-am-follower-3-dance/F-218,2026-06-disco-america,unmatched,Lynne Moore and Sharonne Vinokurov,,follower,eepro
2026-06-disco-america/intermediate-pro-am-follower-3-dance,2026-06-disco-america/intermediate-pro-am-follower-3-dance/F-294,2026-06-disco-america,unmatched,Marla Conley and Lori Ann Roche,,follower,eepro
2026-06-disco-america/intermediate-pro-am-follower-3-dance,2026-06-disco-america/intermediate-pro-am-follower-3-dance/F-323,2026-06-disco-america,unmatched,Maria Hurd and Jameson Kilburn,,follower,eepro
2026-06-disco-america/intermediate-pro-am-follower-bachata,2026-06-disco-america/intermediate-pro-am-follower-bachata/F-211,2026-06-disco-america,unmatched,Roseanne Latorre and Luc Tshiboyi,,follower,eepro
2026-06-disco-america/intermediate-pro-am-follower-bachata,2026-06-disco-america/intermediate-pro-am-follower-bachata/F-265,2026-06-disco-america,unmatched,Kaydee Molnar and Nick Pfeiffer,,follower,eepro
2026-06-disco-america/intermediate-pro-am-follower-bachata,2026-06-disco-america/intermediate-pro-am-follower-bachata/F-296,2026-06-disco-america,unmatched,Jennifer Kuntz and Sharonne Vinokurov,,follower,eepro
2026-06-disco-america/intermediate-pro-am-follower-bachata,2026-06-disco-america/intermediate-pro-am-follower-bachata/F-Annie L,2026-06-disco-america,unmatched,Maria Hurd and Annie L,,follower,eepro
2026-06-disco-america/intermediate-pro-am-follower-salsa,2026-06-disco-america/intermediate-pro-am-follower-salsa/F-211,2026-06-disco-america,unmatched,Roseanne Latorre and Luc Tshiboyi,,follower,eepro
2026-06-disco-america/intermediate-pro-am-follower-salsa,2026-06-disco-america/intermediate-pro-am-follower-salsa/F-218,2026-06-disco-america,unmatched,Lynne Moore and Nick Pfeiffer,,follower,eepro
2026-06-disco-america/intermediate-pro-am-follower-salsa,2026-06-disco-america/intermediate-pro-am-follower-salsa/F-265,2026-06-disco-america,unmatched,Kaydee Molnar and Nick Pfeiffer,,follower,eepro
2026-06-disco-america/intermediate-pro-am-follower-salsa,2026-06-disco-america/intermediate-pro-am-follower-salsa/F-287,2026-06-disco-america,unmatched,Leslie Mora and Nick Pfeiffer,,follower,eepro
2026-06-disco-america/intermediate-pro-am-follower-salsa,2026-06-disco-america/intermediate-pro-am-follower-salsa/F-294,2026-06-disco-america,unmatched,Marla Conley and Lori Ann Roche,,follower,eepro
2026-06-disco-america/intermediate-pro-am-follower-salsa,2026-06-disco-america/intermediate-pro-am-follower-salsa/F-323,2026-06-disco-america,unmatched,Maria Hurd and Jameson Kilburn,,follower,eepro
2026-06-disco-america/intermediate-pro-am-follower-salsa,2026-06-disco-america/intermediate-pro-am-follower-salsa/F-340,2026-06-disco-america,unmatched,Shaheen Iqbal and Gustavo Rueda,,follower,eepro
2026-06-disco-america/intermediate-pro-am-follower,2026-06-disco-america/intermediate-pro-am-follower/F-205,2026-06-disco-america,unmatched,Carol Van Sant and Michael Petroski,,follower,eepro
2026-06-disco-america/intermediate-pro-am-follower,2026-06-disco-america/intermediate-pro-am-follower/F-211,2026-06-disco-america,unmatched,Roseanne Latorre and Luc Tshiboyi,,follower,eepro
2026-06-disco-america/intermediate-pro-am-follower,2026-06-disco-america/intermediate-pro-am-follower/F-294,2026-06-disco-america,unmatched,Marla Conley and Lori Ann Roche,,follower,eepro
2026-06-disco-america/intermediate-pro-am-follower,2026-06-disco-america/intermediate-pro-am-follower/F-328,2026-06-disco-america,unmatched,Audrey Rigsbee and Jameson Kilburn,,follower,eepro
2026-06-disco-america/intermediate-pro-am-leader-3-dance-salsa,2026-06-disco-america/intermediate-pro-am-leader-3-dance-salsa/L-282,2026-06-disco-america,unmatched,Nicholas Rufrano and Christy Kam,,leader,eepro
2026-06-disco-america/intermediate-pro-am-leader-3-dance,2026-06-disco-america/intermediate-pro-am-leader-3-dance/L-282,2026-06-disco-america,unmatched,Nicholas Rufrano and Christy Kam,,leader,eepro
2026-06-disco-america/intermediate-pro-am-leader-bachata,2026-06-disco-america/intermediate-pro-am-leader-bachata/L-282,2026-06-disco-america,unmatched,Nicholas Rufrano and Christy Kam,,leader,eepro
2026-06-disco-america/intermediate-pro-am-leader-bachata,2026-06-disco-america/intermediate-pro-am-leader-bachata/L-298,2026-06-disco-america,unmatched,Luigi Vincent and Loretta Chianese,,leader,eepro
2026-06-disco-america/intermediate-pro-am-leader-salsa,2026-06-disco-america/intermediate-pro-am-leader-salsa/L-282,2026-06-disco-america,unmatched,Nicholas Rufrano and Christy Kam,,leader,eepro
2026-06-disco-america/intermediate-pro-am-leader-salsa,2026-06-disco-america/intermediate-pro-am-leader-salsa/L-298,2026-06-disco-america,unmatched,Luigi Vincent and Loretta Chianese,,leader,eepro
2026-06-disco-america/intermediate-pro-am-leader,2026-06-disco-america/intermediate-pro-am-leader/L-282,2026-06-disco-america,unmatched,Nicholas Rufrano and Christy Kam,,leader,eepro
2026-06-disco-america/novice-pro-am-follower-3-dance-salsa,2026-06-disco-america/novice-pro-am-follower-3-dance-salsa/F-211,2026-06-disco-america,unmatched,Roseanne Latorre and Luc Tshiboyi,,follower,eepro
2026-06-disco-america/novice-pro-am-follower-3-dance-salsa,2026-06-disco-america/novice-pro-am-follower-3-dance-salsa/F-247,2026-06-disco-america,unmatched,Rebecca Robbins and Nino DiGiulio,,follower,eepro
2026-06-disco-america/novice-pro-am-follower-3-dance-salsa,2026-06-disco-america/novice-pro-am-follower-3-dance-salsa/F-248,2026-06-disco-america,unmatched,Wenbo Zhang and Steven James,,follower,eepro
2026-06-disco-america/novice-pro-am-follower-3-dance-salsa,2026-06-disco-america/novice-pro-am-follower-3-dance-salsa/F-284,2026-06-disco-america,unmatched,Sara Jones and Christopher Crevatas,,follower,eepro
2026-06-disco-america/novice-pro-am-follower-3-dance-salsa,2026-06-disco-america/novice-pro-am-follower-3-dance-salsa/F-295,2026-06-disco-america,unmatched,Claudia A. Ramirez and Nino DiGiulio,,follower,eepro
2026-06-disco-america/novice-pro-am-follower-3-dance,2026-06-disco-america/novice-pro-am-follower-3-dance/F-211,2026-06-disco-america,unmatched,Roseanne Latorre and Luc Tshiboyi,,follower,eepro
2026-06-disco-america/novice-pro-am-follower-3-dance,2026-06-disco-america/novice-pro-am-follower-3-dance/F-247,2026-06-disco-america,unmatched,Rebecca Robbins and Nino DiGiulio,,follower,eepro
2026-06-disco-america/novice-pro-am-follower-3-dance,2026-06-disco-america/novice-pro-am-follower-3-dance/F-248,2026-06-disco-america,unmatched,Wenbo Zhang and Steven James,,follower,eepro
2026-06-disco-america/novice-pro-am-follower-3-dance,2026-06-disco-america/novice-pro-am-follower-3-dance/F-284,2026-06-disco-america,unmatched,Sara Jones and Christopher Crevatas,,follower,eepro
2026-06-disco-america/novice-pro-am-follower-3-dance,2026-06-disco-america/novice-pro-am-follower-3-dance/F-295,2026-06-disco-america,unmatched,Claudia A. Ramirez and Nino DiGiulio,,follower,eepro
2026-06-disco-america/novice-pro-am-follower-bachata,2026-06-disco-america/novice-pro-am-follower-bachata/F-211,2026-06-disco-america,unmatched,Roseanne Latorre and Luc Tshiboyi,,follower,eepro
2026-06-disco-america/novice-pro-am-follower-bachata,2026-06-disco-america/novice-pro-am-follower-bachata/F-296,2026-06-disco-america,unmatched,Jennifer Kuntz and Sharonne Vinokurov,,follower,eepro
2026-06-disco-america/novice-pro-am-follower-salsa,2026-06-disco-america/novice-pro-am-follower-salsa/F-205,2026-06-disco-america,unmatched,Carol Van Sant and Sharonne Vinokurov,,follower,eepro
2026-06-disco-america/novice-pro-am-follower-salsa,2026-06-disco-america/novice-pro-am-follower-salsa/F-211,2026-06-disco-america,unmatched,Roseanne Latorre and Luc Tshiboyi,,follower,eepro
2026-06-disco-america/novice-pro-am-follower-salsa,2026-06-disco-america/novice-pro-am-follower-salsa/F-258,2026-06-disco-america,unmatched,Lesley Kelly and Luc Tshiboyi,,follower,eepro
2026-06-disco-america/novice-pro-am-follower-salsa,2026-06-disco-america/novice-pro-am-follower-salsa/F-295,2026-06-disco-america,unmatched,Claudia A. Ramirez and Nino DiGiulio,,follower,eepro
2026-06-disco-america/novice-pro-am-follower-salsa,2026-06-disco-america/novice-pro-am-follower-salsa/F-340,2026-06-disco-america,unmatched,Shaheen Iqbal and Gustavo Rueda,,follower,eepro
2026-06-disco-america/novice-pro-am-follower,2026-06-disco-america/novice-pro-am-follower/F-205,2026-06-disco-america,unmatched,Carol Van Sant and Michael Petroski,,follower,eepro
2026-06-disco-america/novice-pro-am-follower,2026-06-disco-america/novice-pro-am-follower/F-211,2026-06-disco-america,unmatched,Roseanne Latorre and Luc Tshiboyi,,follower,eepro
2026-06-disco-america/novice-pro-am-follower,2026-06-disco-america/novice-pro-am-follower/F-218,2026-06-disco-america,unmatched,Lynne Moore and Jameson Kilburn,,follower,eepro
2026-06-disco-america/novice-pro-am-follower,2026-06-disco-america/novice-pro-am-follower/F-248,2026-06-disco-america,unmatched,Wenbo Zhang and Steven James,,follower,eepro
2026-06-disco-america/novice-pro-am-follower,2026-06-disco-america/novice-pro-am-follower/F-295,2026-06-disco-america,unmatched,Claudia A. Ramirez and Dawn Lara,,follower,eepro
2026-06-disco-america/novice-pro-am-follower,2026-06-disco-america/novice-pro-am-follower/F-323,2026-06-disco-america,unmatched,Maria Hurd and Jameson Kilburn,,follower,eepro
2026-06-disco-america/novice-pro-am-leader-3-dance-salsa,2026-06-disco-america/novice-pro-am-leader-3-dance-salsa/L-219,2026-06-disco-america,unmatched,Dirk F Moore and Sharonne Vinokurov,,leader,eepro
2026-06-disco-america/novice-pro-am-leader-3-dance,2026-06-disco-america/novice-pro-am-leader-3-dance/L-219,2026-06-disco-america,unmatched,Dirk F Moore and Sharonne Vinokurov,,leader,eepro
2026-06-disco-america/novice-pro-am-leader-salsa,2026-06-disco-america/novice-pro-am-leader-salsa/L-219,2026-06-disco-america,unmatched,Dirk F Moore and Sharonne Vinokurov,,leader,eepro
2026-06-disco-america/open-open-team-division,2026-06-disco-america/open-open-team-division/L-name-imperio-and-loretta-chianese,2026-06-disco-america,unmatched,Imperio and Loretta Chianese,,leader,eepro
2026-06-disco-america/open-open-team-division,2026-06-disco-america/open-open-team-division/L-name-joy-of-dance-centre-hustle-team-and-annie-lebedeva,2026-06-disco-america,unmatched,Joy of Dance Centre Hustle Team and Annie Lebedeva,,leader,eepro
2026-06-disco-america/open-open-team-division,2026-06-disco-america/open-open-team-division/L-name-robert-hustle-formation-team-and-robert,2026-06-disco-america,unmatched,Robert Hustle Formation Team and Robert,,leader,eepro
2026-06-disco-america/other-advanced-amateur-just-hustle-advanced,2026-06-disco-america/other-advanced-amateur-just-hustle-advanced/L-206,2026-06-disco-america,unmatched,Jack Ciecka and Anne-Marie Gavlas,,leader,eepro
2026-06-disco-america/other-advanced-amateur-just-hustle-advanced,2026-06-disco-america/other-advanced-amateur-just-hustle-advanced/L-249,2026-06-disco-america,unmatched,Martin Mitchell and Carolina Castillo,,leader,eepro
2026-06-disco-america/other-advanced-amateur-just-hustle-advanced,2026-06-disco-america/other-advanced-amateur-just-hustle-advanced/L-290,2026-06-disco-america,unmatched,May Cheung and Qiu Yi Wu,,leader,eepro
2026-06-disco-america/other-advanced-amateur-just-hustle-silver-50-advanced,2026-06-disco-america/other-advanced-amateur-just-hustle-silver-50-advanced/L-206,2026-06-disco-america,unmatched,Jack Ciecka and Anne-Marie Gavlas,,leader,eepro
2026-06-disco-america/other-advanced-amateur-just-hustle-silver-50-advanced,2026-06-disco-america/other-advanced-amateur-just-hustle-silver-50-advanced/L-249,2026-06-disco-america,unmatched,Martin Mitchell and Carolina Castillo,,leader,eepro
2026-06-disco-america/other-advanced-pro-am-follower-3-dance-hustle,2026-06-disco-america/other-advanced-pro-am-follower-3-dance-hustle/F-207,2026-06-disco-america,unmatched,Jasmine Williams and Nino DiGiulio,,follower,eepro
2026-06-disco-america/other-advanced-pro-am-follower-3-dance-hustle,2026-06-disco-america/other-advanced-pro-am-follower-3-dance-hustle/F-294,2026-06-disco-america,unmatched,Marla Conley and Lori Ann Roche,,follower,eepro
2026-06-disco-america/other-advanced-pro-am-follower-hustle-silver-50,2026-06-disco-america/other-advanced-pro-am-follower-hustle-silver-50/F-207,2026-06-disco-america,unmatched,Jasmine Williams and Jamie Serna,,follower,eepro
2026-06-disco-america/other-advanced-pro-am-follower-hustle-silver-50,2026-06-disco-america/other-advanced-pro-am-follower-hustle-silver-50/F-210,2026-06-disco-america,unmatched,Monique Esposito and Jamie Serna,,follower,eepro
2026-06-disco-america/other-advanced-pro-am-follower-hustle-silver-50,2026-06-disco-america/other-advanced-pro-am-follower-hustle-silver-50/F-217,2026-06-disco-america,unmatched,Marina Zats and Robert Finocchio,,follower,eepro
2026-06-disco-america/other-advanced-pro-am-follower-hustle-silver-50,2026-06-disco-america/other-advanced-pro-am-follower-hustle-silver-50/F-240,2026-06-disco-america,unmatched,Carolina Castillo and abdiel Jacobsen,,follower,eepro
2026-06-disco-america/other-advanced-pro-am-follower-hustle-silver-50,2026-06-disco-america/other-advanced-pro-am-follower-hustle-silver-50/F-260,2026-06-disco-america,unmatched,Barbara Gandy and Jaime Serna,,follower,eepro
2026-06-disco-america/other-advanced-pro-am-follower-hustle-silver-50,2026-06-disco-america/other-advanced-pro-am-follower-hustle-silver-50/F-299,2026-06-disco-america,unmatched,Alisa Pasciuto and abdiel Jacobsen,,follower,eepro
2026-06-disco-america/other-advanced-pro-am-follower-hustle,2026-06-disco-america/other-advanced-pro-am-follower-hustle/F-207,2026-06-disco-america,unmatched,Jasmine Williams and Jamie Serna,,follower,eepro
2026-06-disco-america/other-advanced-pro-am-follower-hustle,2026-06-disco-america/other-advanced-pro-am-follower-hustle/F-210,2026-06-disco-america,unmatched,Monique Esposito and Jamie Serna,,follower,eepro
2026-06-disco-america/other-advanced-pro-am-follower-hustle,2026-06-disco-america/other-advanced-pro-am-follower-hustle/F-217,2026-06-disco-america,unmatched,Marina Zats and Robert Finocchio,,follower,eepro
2026-06-disco-america/other-advanced-pro-am-follower-hustle,2026-06-disco-america/other-advanced-pro-am-follower-hustle/F-240,2026-06-disco-america,unmatched,Carolina Castillo and abdiel Jacobsen,,follower,eepro
2026-06-disco-america/other-advanced-pro-am-follower-hustle,2026-06-disco-america/other-advanced-pro-am-follower-hustle/F-241,2026-06-disco-america,unmatched,Kelsey Finn and abdiel Jacobsen,,follower,eepro
2026-06-disco-america/other-advanced-pro-am-follower-hustle,2026-06-disco-america/other-advanced-pro-am-follower-hustle/F-260,2026-06-disco-america,unmatched,Barbara Gandy and Jaime Serna,,follower,eepro
2026-06-disco-america/other-advanced-pro-am-follower-hustle,2026-06-disco-america/other-advanced-pro-am-follower-hustle/F-278,2026-06-disco-america,unmatched,Anna Patterson and Robert Finocchio,,follower,eepro
2026-06-disco-america/other-advanced-pro-am-follower-hustle,2026-06-disco-america/other-advanced-pro-am-follower-hustle/F-299,2026-06-disco-america,unmatched,Alisa Pasciuto and abdiel Jacobsen,,follower,eepro
2026-06-disco-america/other-advanced-pro-am-leader-hustle-silver-50,2026-06-disco-america/other-advanced-pro-am-leader-hustle-silver-50/L-206,2026-06-disco-america,unmatched,Jack Ciecka and Ashley Lumberg,,leader,eepro
2026-06-disco-america/other-advanced-pro-am-leader-hustle-silver-50,2026-06-disco-america/other-advanced-pro-am-leader-hustle-silver-50/L-208,2026-06-disco-america,unmatched,Tony Castro and Ashley Lombard,,leader,eepro
2026-06-disco-america/other-advanced-pro-am-leader-hustle-silver-50,2026-06-disco-america/other-advanced-pro-am-leader-hustle-silver-50/L-249,2026-06-disco-america,unmatched,Martin Mitchell and Loriann Greenhouse,,leader,eepro
2026-06-disco-america/other-advanced-pro-am-leader-hustle,2026-06-disco-america/other-advanced-pro-am-leader-hustle/L-206,2026-06-disco-america,unmatched,Jack Ciecka and Ashley Lumberg,,leader,eepro
2026-06-disco-america/other-advanced-pro-am-leader-hustle,2026-06-disco-america/other-advanced-pro-am-leader-hustle/L-208,2026-06-disco-america,unmatched,Tony Castro and Ashley Lombard,,leader,eepro
2026-06-disco-america/other-advanced-pro-am-leader-hustle,2026-06-disco-america/other-advanced-pro-am-leader-hustle/L-249,2026-06-disco-america,unmatched,Martin Mitchell and Loriann Greenhouse,,leader,eepro
2026-06-disco-america/other-advanced-pro-am-leader-hustle,2026-06-disco-america/other-advanced-pro-am-leader-hustle/L-297,2026-06-disco-america,unmatched,Srdjan Rajsic and Annie Lebedeva,,leader,eepro
2026-06-disco-america/other-amateur-just-hustle-pre-int,2026-06-disco-america/other-amateur-just-hustle-pre-int/L-208,2026-06-disco-america,unmatched,Tony Castro and Denise Castro,,leader,eepro
2026-06-disco-america/other-amateur-just-hustle-pre-int,2026-06-disco-america/other-amateur-just-hustle-pre-int/L-257,2026-06-disco-america,unmatched,Michael Phillip and Renee George,,leader,eepro
2026-06-disco-america/other-amateur-just-hustle-pre-int,2026-06-disco-america/other-amateur-just-hustle-pre-int/L-280,2026-06-disco-america,unmatched,Daniel Stroh and Evguenia Freider,,leader,eepro
2026-06-disco-america/other-amateur-just-hustle-pre-nov,2026-06-disco-america/other-amateur-just-hustle-pre-nov/L-280,2026-06-disco-america,unmatched,Daniel Stroh and Evguenia Freider,,leader,eepro
2026-06-disco-america/other-classic-follower-proam-hustle,2026-06-disco-america/other-classic-follower-proam-hustle/F-296,2026-06-disco-america,unmatched,Jennifer Kuntz and Michael Petroski,,follower,eepro
2026-06-disco-america/other-intermediate-amateur-just-hustle-intermediate,2026-06-disco-america/other-intermediate-amateur-just-hustle-intermediate/L-257,2026-06-disco-america,unmatched,Michael Phillip and Renee George,,leader,eepro
2026-06-disco-america/other-intermediate-amateur-just-hustle-intermediate,2026-06-disco-america/other-intermediate-amateur-just-hustle-intermediate/L-297,2026-06-disco-america,unmatched,Srdjan Rajsic and Barbara Lapido,,leader,eepro
2026-06-disco-america/other-intermediate-amateur-just-hustle-silver-50-intermediate,2026-06-disco-america/other-intermediate-amateur-just-hustle-silver-50-intermediate/L-208,2026-06-disco-america,unmatched,Tony Castro and Denise Castro,,leader,eepro
2026-06-disco-america/other-intermediate-amateur-just-hustle-silver-50-intermediate,2026-06-disco-america/other-intermediate-amateur-just-hustle-silver-50-intermediate/L-257,2026-06-disco-america,unmatched,Michael Phillip and Renee George,,leader,eepro
2026-06-disco-america/other-intermediate-pro-am-follower-3-dance-hustle,2026-06-disco-america/other-intermediate-pro-am-follower-3-dance-hustle/F-202,2026-06-disco-america,unmatched,Laurel Golyzniak and Nino DiGiulio,,follower,eepro
2026-06-disco-america/other-intermediate-pro-am-follower-3-dance-hustle,2026-06-disco-america/other-intermediate-pro-am-follower-3-dance-hustle/F-203,2026-06-disco-america,unmatched,Juanita Perez and Nino DiGiulio,,follower,eepro
2026-06-disco-america/other-intermediate-pro-am-follower-3-dance-hustle,2026-06-disco-america/other-intermediate-pro-am-follower-3-dance-hustle/F-213,2026-06-disco-america,unmatched,Katie Valentine and Christy Kam,,follower,eepro
2026-06-disco-america/other-intermediate-pro-am-follower-3-dance-hustle,2026-06-disco-america/other-intermediate-pro-am-follower-3-dance-hustle/F-218,2026-06-disco-america,unmatched,Lynne Moore and Sharonne Vinokurov,,follower,eepro
2026-06-disco-america/other-intermediate-pro-am-follower-3-dance-hustle,2026-06-disco-america/other-intermediate-pro-am-follower-3-dance-hustle/F-294,2026-06-disco-america,unmatched,Marla Conley and Lori Ann Roche,,follower,eepro
2026-06-disco-america/other-intermediate-pro-am-follower-3-dance-hustle,2026-06-disco-america/other-intermediate-pro-am-follower-3-dance-hustle/F-323,2026-06-disco-america,unmatched,Maria Hurd and Jameson Kilburn,,follower,eepro
2026-06-disco-america/other-intermediate-pro-am-follower-hustle-silver-50,2026-06-disco-america/other-intermediate-pro-am-follower-hustle-silver-50/F-205,2026-06-disco-america,unmatched,Carol Van Sant and Michael Petroski,,follower,eepro
2026-06-disco-america/other-intermediate-pro-am-follower-hustle-silver-50,2026-06-disco-america/other-intermediate-pro-am-follower-hustle-silver-50/F-218,2026-06-disco-america,unmatched,Lynne Moore and Jamison Kilburn,,follower,eepro
2026-06-disco-america/other-intermediate-pro-am-follower-hustle-silver-50,2026-06-disco-america/other-intermediate-pro-am-follower-hustle-silver-50/F-261,2026-06-disco-america,unmatched,Renee George and Rainer Trubere,,follower,eepro
2026-06-disco-america/other-intermediate-pro-am-follower-hustle-silver-50,2026-06-disco-america/other-intermediate-pro-am-follower-hustle-silver-50/F-266,2026-06-disco-america,unmatched,Vanessa Luc and Annie Lebedeva,,follower,eepro
2026-06-disco-america/other-intermediate-pro-am-follower-hustle-silver-50,2026-06-disco-america/other-intermediate-pro-am-follower-hustle-silver-50/F-286,2026-06-disco-america,unmatched,Karen Mirabelli and Daniel McGee,,follower,eepro
2026-06-disco-america/other-intermediate-pro-am-follower-hustle-silver-50,2026-06-disco-america/other-intermediate-pro-am-follower-hustle-silver-50/F-316,2026-06-disco-america,unmatched,Doreen O’hare and Rainer Trubere,,follower,eepro
2026-06-disco-america/other-intermediate-pro-am-follower-hustle-silver-50,2026-06-disco-america/other-intermediate-pro-am-follower-hustle-silver-50/F-318,2026-06-disco-america,unmatched,Margo Kizel and Rainer Trubere,,follower,eepro
2026-06-disco-america/other-intermediate-pro-am-follower-hustle-silver-50,2026-06-disco-america/other-intermediate-pro-am-follower-hustle-silver-50/F-319,2026-06-disco-america,unmatched,Daniel Gioioso and Daniel McGee,,follower,eepro
2026-06-disco-america/other-intermediate-pro-am-follower-hustle-silver-50,2026-06-disco-america/other-intermediate-pro-am-follower-hustle-silver-50/F-323,2026-06-disco-america,unmatched,Maria Hurd and Daniel McGee,,follower,eepro
2026-06-disco-america/other-intermediate-pro-am-follower-hustle-silver-50,2026-06-disco-america/other-intermediate-pro-am-follower-hustle-silver-50/F-347,2026-06-disco-america,unmatched,Deborah Bencivenga and Jaime Serna,,follower,eepro
2026-06-disco-america/other-intermediate-pro-am-follower-hustle,2026-06-disco-america/other-intermediate-pro-am-follower-hustle/F-203,2026-06-disco-america,unmatched,Juanita Perez and Nino DiGiulio,,follower,eepro
2026-06-disco-america/other-intermediate-pro-am-follower-hustle,2026-06-disco-america/other-intermediate-pro-am-follower-hustle/F-241,2026-06-disco-america,unmatched,Kelsey Finn and abdiel Jacobsen,,follower,eepro
2026-06-disco-america/other-intermediate-pro-am-follower-hustle,2026-06-disco-america/other-intermediate-pro-am-follower-hustle/F-242,2026-06-disco-america,unmatched,Gianna Granato and Daniel McGee,,follower,eepro
2026-06-disco-america/other-intermediate-pro-am-follower-hustle,2026-06-disco-america/other-intermediate-pro-am-follower-hustle/F-243,2026-06-disco-america,unmatched,Barbara Lapido and Annie Lebedeva,,follower,eepro
2026-06-disco-america/other-intermediate-pro-am-follower-hustle,2026-06-disco-america/other-intermediate-pro-am-follower-hustle/F-247,2026-06-disco-america,unmatched,Rebecca Robbins and Dawn Lara,,follower,eepro
2026-06-disco-america/other-intermediate-pro-am-follower-hustle,2026-06-disco-america/other-intermediate-pro-am-follower-hustle/F-265,2026-06-disco-america,unmatched,Kaydee Molnar and Nick Pfeiffer,,follower,eepro
2026-06-disco-america/other-intermediate-pro-am-follower-hustle,2026-06-disco-america/other-intermediate-pro-am-follower-hustle/F-279,2026-06-disco-america,unmatched,Anne-Marie Gavlas and Daniel McGee,,follower,eepro
2026-06-disco-america/other-intermediate-pro-am-follower-hustle,2026-06-disco-america/other-intermediate-pro-am-follower-hustle/F-294,2026-06-disco-america,unmatched,Marla Conley and Lori Ann Roche,,follower,eepro
2026-06-disco-america/other-intermediate-pro-am-follower-hustle,2026-06-disco-america/other-intermediate-pro-am-follower-hustle/F-316,2026-06-disco-america,unmatched,Doreen O’hare and Rainer Trubere,,follower,eepro
2026-06-disco-america/other-intermediate-pro-am-follower-hustle,2026-06-disco-america/other-intermediate-pro-am-follower-hustle/F-318,2026-06-disco-america,unmatched,Margo Kiezel and Rainer Trubere,,follower,eepro
2026-06-disco-america/other-intermediate-pro-am-follower-hustle,2026-06-disco-america/other-intermediate-pro-am-follower-hustle/F-320,2026-06-disco-america,unmatched,Aly Blake and Jaime Serna,,follower,eepro
2026-06-disco-america/other-intermediate-pro-am-follower-hustle,2026-06-disco-america/other-intermediate-pro-am-follower-hustle/F-323,2026-06-disco-america,unmatched,Maria Hurd and Daniel McGee,,follower,eepro
2026-06-disco-america/other-intermediate-pro-am-follower-hustle,2026-06-disco-america/other-intermediate-pro-am-follower-hustle/F-328,2026-06-disco-america,unmatched,Audrey Rigsbee and Danny McGee,,follower,eepro
2026-06-disco-america/other-intermediate-pro-am-follower-hustle,2026-06-disco-america/other-intermediate-pro-am-follower-hustle/F-331,2026-06-disco-america,unmatched,Katie Miller and Gustavo Rueda,,follower,eepro
2026-06-disco-america/other-intermediate-pro-am-follower-hustle,2026-06-disco-america/other-intermediate-pro-am-follower-hustle/F-336,2026-06-disco-america,unmatched,Vicki Petroski and Michael Petroski,,follower,eepro
2026-06-disco-america/other-intermediate-pro-am-follower-hustle,2026-06-disco-america/other-intermediate-pro-am-follower-hustle/F-337,2026-06-disco-america,unmatched,Andrea Clemens and Daniel McGee,,follower,eepro
2026-06-disco-america/other-intermediate-pro-am-follower-hustle,2026-06-disco-america/other-intermediate-pro-am-follower-hustle/F-347,2026-06-disco-america,unmatched,Deborah Bencivenga and Jaime Serna,,follower,eepro
2026-06-disco-america/other-intermediate-pro-am-leader-3-dance-hustle,2026-06-disco-america/other-intermediate-pro-am-leader-3-dance-hustle/L-282,2026-06-disco-america,unmatched,Nicholas Rufrano and Christy Kam,,leader,eepro
2026-06-disco-america/other-intermediate-pro-am-leader-hustle-silver-50,2026-06-disco-america/other-intermediate-pro-am-leader-hustle-silver-50/L-250,2026-06-disco-america,unmatched,James Rosin and Ashely Lumberg,,leader,eepro
2026-06-disco-america/other-intermediate-pro-am-leader-hustle-silver-50,2026-06-disco-america/other-intermediate-pro-am-leader-hustle-silver-50/L-285,2026-06-disco-america,unmatched,Glenn Ninonuevo and Isa Maldonado,,leader,eepro
2026-06-disco-america/other-intermediate-pro-am-leader-hustle,2026-06-disco-america/other-intermediate-pro-am-leader-hustle/L-250,2026-06-disco-america,unmatched,James Rosin and Ashely Lumberg,,leader,eepro
2026-06-disco-america/other-intermediate-pro-am-leader-hustle,2026-06-disco-america/other-intermediate-pro-am-leader-hustle/L-282,2026-06-disco-america,unmatched,Nicholas Rufrano and Christy Kam,,leader,eepro
2026-06-disco-america/other-intermediate-pro-am-leader-hustle,2026-06-disco-america/other-intermediate-pro-am-leader-hustle/L-285,2026-06-disco-america,unmatched,Glenn Ninonuevo and Isa Maldanado,,leader,eepro
2026-06-disco-america/other-novice-amateur-just-hustle-novice,2026-06-disco-america/other-novice-amateur-just-hustle-novice/L-202,2026-06-disco-america,unmatched,Laurel Golyzniak and Kenji Yamazaki,,leader,eepro
2026-06-disco-america/other-novice-amateur-just-hustle-novice,2026-06-disco-america/other-novice-amateur-just-hustle-novice/L-280,2026-06-disco-america,unmatched,Daniel Stroh and Evguenia Freider,,leader,eepro
2026-06-disco-america/other-novice-amateur-just-hustle-novice,2026-06-disco-america/other-novice-amateur-just-hustle-novice/L-294,2026-06-disco-america,unmatched,Marla Conley and Alicia McBride,,leader,eepro
2026-06-disco-america/other-novice-amateur-just-hustle-silver-50-novice,2026-06-disco-america/other-novice-amateur-just-hustle-silver-50-novice/L-280,2026-06-disco-america,unmatched,Daniel Stroh and Evguenia Freider,,leader,eepro
2026-06-disco-america/other-novice-pro-am-follower-3-dance-hustle,2026-06-disco-america/other-novice-pro-am-follower-3-dance-hustle/F-211,2026-06-disco-america,unmatched,Roseanne Latorre and Luc Tshiboyi,,follower,eepro
2026-06-disco-america/other-novice-pro-am-follower-3-dance-hustle,2026-06-disco-america/other-novice-pro-am-follower-3-dance-hustle/F-247,2026-06-disco-america,unmatched,Rebecca Robbins and Nino DiGiulio,,follower,eepro
2026-06-disco-america/other-novice-pro-am-follower-3-dance-hustle,2026-06-disco-america/other-novice-pro-am-follower-3-dance-hustle/F-248,2026-06-disco-america,unmatched,Wenbo Zhang and Steven James,,follower,eepro
2026-06-disco-america/other-novice-pro-am-follower-3-dance-hustle,2026-06-disco-america/other-novice-pro-am-follower-3-dance-hustle/F-284,2026-06-disco-america,unmatched,Sara Jones and Christopher Crevatas,,follower,eepro
2026-06-disco-america/other-novice-pro-am-follower-3-dance-hustle,2026-06-disco-america/other-novice-pro-am-follower-3-dance-hustle/F-295,2026-06-disco-america,unmatched,Claudia A. Ramirez and Nino DiGiulio,,follower,eepro
2026-06-disco-america/other-novice-pro-am-follower-hustle-silver-50,2026-06-disco-america/other-novice-pro-am-follower-hustle-silver-50/F-205,2026-06-disco-america,unmatched,Carol Van Sant and Michael Petroski,,follower,eepro
2026-06-disco-america/other-novice-pro-am-follower-hustle-silver-50,2026-06-disco-america/other-novice-pro-am-follower-hustle-silver-50/F-211,2026-06-disco-america,unmatched,Roseanne Latorre and Luc Tshiboyi,,follower,eepro
2026-06-disco-america/other-novice-pro-am-follower-hustle-silver-50,2026-06-disco-america/other-novice-pro-am-follower-hustle-silver-50/F-318,2026-06-disco-america,unmatched,Margo Kizel and Rainer Trubere,,follower,eepro
2026-06-disco-america/other-novice-pro-am-follower-hustle-silver-50,2026-06-disco-america/other-novice-pro-am-follower-hustle-silver-50/F-330,2026-06-disco-america,unmatched,Laurie Jones and Christopher Crevatas,,follower,eepro
2026-06-disco-america/other-novice-pro-am-follower-hustle,2026-06-disco-america/other-novice-pro-am-follower-hustle/F-205,2026-06-disco-america,unmatched,Carol Van Sant and Michael Petroski,,follower,eepro
2026-06-disco-america/other-novice-pro-am-follower-hustle,2026-06-disco-america/other-novice-pro-am-follower-hustle/F-211,2026-06-disco-america,unmatched,Roseanne Latorre and Luc Tshiboyi,,follower,eepro
2026-06-disco-america/other-novice-pro-am-follower-hustle,2026-06-disco-america/other-novice-pro-am-follower-hustle/F-218,2026-06-disco-america,unmatched,Lynne Moore and Jameson Kilburn,,follower,eepro
2026-06-disco-america/other-novice-pro-am-follower-hustle,2026-06-disco-america/other-novice-pro-am-follower-hustle/F-258,2026-06-disco-america,unmatched,Lesley Kelly and Luc Tshiboyi,,follower,eepro
2026-06-disco-america/other-novice-pro-am-follower-hustle,2026-06-disco-america/other-novice-pro-am-follower-hustle/F-259,2026-06-disco-america,unmatched,Alicia McBride and Daniel McGee,,follower,eepro
2026-06-disco-america/other-novice-pro-am-follower-hustle,2026-06-disco-america/other-novice-pro-am-follower-hustle/F-264,2026-06-disco-america,unmatched,Lorene Komorita and Dawn Lara,,follower,eepro
2026-06-disco-america/other-novice-pro-am-follower-hustle,2026-06-disco-america/other-novice-pro-am-follower-hustle/F-289,2026-06-disco-america,probable,Neha Sharma and Lori Brizzi,10139,follower,eepro
2026-06-disco-america/other-novice-pro-am-follower-hustle,2026-06-disco-america/other-novice-pro-am-follower-hustle/F-295,2026-06-disco-america,unmatched,Claudia A. Ramirez and Nino DiGiulio,,follower,eepro
2026-06-disco-america/other-novice-pro-am-follower-hustle,2026-06-disco-america/other-novice-pro-am-follower-hustle/F-296,2026-06-disco-america,unmatched,Jennifer Kuntz and Michael Petroski,,follower,eepro
2026-06-disco-america/other-novice-pro-am-follower-hustle,2026-06-disco-america/other-novice-pro-am-follower-hustle/F-316,2026-06-disco-america,unmatched,Doreen O’hare and Rainer Trubere,,follower,eepro
2026-06-disco-america/other-novice-pro-am-follower-hustle,2026-06-disco-america/other-novice-pro-am-follower-hustle/F-318,2026-06-disco-america,unmatched,Margo Kiezel and Rainer Trubere,,follower,eepro
2026-06-disco-america/other-novice-pro-am-follower-hustle,2026-06-disco-america/other-novice-pro-am-follower-hustle/F-324,2026-06-disco-america,unmatched,Kylie Foley and Michael Petroski,,follower,eepro
2026-06-disco-america/other-novice-pro-am-follower-hustle,2026-06-disco-america/other-novice-pro-am-follower-hustle/F-338,2026-06-disco-america,unmatched,Alicia Burke and Daniel McGee,,follower,eepro
2026-06-disco-america/other-novice-pro-am-leader-3-dance-hustle,2026-06-disco-america/other-novice-pro-am-leader-3-dance-hustle/L-219,2026-06-disco-america,unmatched,Dirk F Moore and Sharonne Vinokurov,,leader,eepro
2026-06-disco-america/other-novice-pro-am-leader-hustle,2026-06-disco-america/other-novice-pro-am-leader-hustle/L-298,2026-06-disco-america,unmatched,Luigi Vincent and Loretta Chianese,,leader,eepro
2026-06-disco-america/other-pro-am-follower-hustle-pre-adv,2026-06-disco-america/other-pro-am-follower-hustle-pre-adv/F-240,2026-06-disco-america,unmatched,Carolina Castillo and abdiel Jacobsen,,follower,eepro
2026-06-disco-america/other-pro-am-follower-hustle-pre-adv,2026-06-disco-america/other-pro-am-follower-hustle-pre-adv/F-241,2026-06-disco-america,unmatched,Kelsey Finn and abdiel Jacobsen,,follower,eepro
2026-06-disco-america/other-pro-am-follower-hustle-pre-adv,2026-06-disco-america/other-pro-am-follower-hustle-pre-adv/F-265,2026-06-disco-america,unmatched,Kaydee Molnar and Nick Pfeiffer,,follower,eepro
2026-06-disco-america/other-pro-am-follower-hustle-pre-adv,2026-06-disco-america/other-pro-am-follower-hustle-pre-adv/F-286,2026-06-disco-america,unmatched,Karen Mirabelli and Daniel McGee,,follower,eepro
2026-06-disco-america/other-pro-am-follower-hustle-pre-adv,2026-06-disco-america/other-pro-am-follower-hustle-pre-adv/F-294,2026-06-disco-america,unmatched,Marla Conley and Lori Ann Roche,,follower,eepro
2026-06-disco-america/other-pro-am-follower-hustle-pre-adv,2026-06-disco-america/other-pro-am-follower-hustle-pre-adv/F-323,2026-06-disco-america,unmatched,Maria Hurd and Daniel McGee,,follower,eepro
2026-06-disco-america/other-pro-am-follower-hustle-pre-adv,2026-06-disco-america/other-pro-am-follower-hustle-pre-adv/F-328,2026-06-disco-america,unmatched,Audrey Rigsbee and Danny McGee,,follower,eepro
2026-06-disco-america/other-pro-am-follower-hustle-pre-adv,2026-06-disco-america/other-pro-am-follower-hustle-pre-adv/F-337,2026-06-disco-america,unmatched,Andrea Clemens and Daniel McGee,,follower,eepro
2026-06-disco-america/other-pro-am-follower-hustle-pre-int,2026-06-disco-america/other-pro-am-follower-hustle-pre-int/F-211,2026-06-disco-america,unmatched,Roseanne Latorre and Luc Tshiboyi,,follower,eepro
2026-06-disco-america/other-pro-am-follower-hustle-pre-int,2026-06-disco-america/other-pro-am-follower-hustle-pre-int/F-218,2026-06-disco-america,unmatched,Lynne Moore and Jameson Kilburn,,follower,eepro
2026-06-disco-america/other-pro-am-follower-hustle-pre-int,2026-06-disco-america/other-pro-am-follower-hustle-pre-int/F-241,2026-06-disco-america,unmatched,Kelsey Finn and abdiel Jacobsen,,follower,eepro
2026-06-disco-america/other-pro-am-follower-hustle-pre-int,2026-06-disco-america/other-pro-am-follower-hustle-pre-int/F-242,2026-06-disco-america,unmatched,Gianna Granato and Daniel McGee,,follower,eepro
2026-06-disco-america/other-pro-am-follower-hustle-pre-int,2026-06-disco-america/other-pro-am-follower-hustle-pre-int/F-243,2026-06-disco-america,unmatched,Barbara Lapido and Annie Lebedeva,,follower,eepro
2026-06-disco-america/other-pro-am-follower-hustle-pre-int,2026-06-disco-america/other-pro-am-follower-hustle-pre-int/F-247,2026-06-disco-america,unmatched,Rebecca Robbins and Dawn Lara,,follower,eepro
2026-06-disco-america/other-pro-am-follower-hustle-pre-int,2026-06-disco-america/other-pro-am-follower-hustle-pre-int/F-261,2026-06-disco-america,unmatched,Renee George and Rainer Trubere,,follower,eepro
2026-06-disco-america/other-pro-am-follower-hustle-pre-int,2026-06-disco-america/other-pro-am-follower-hustle-pre-int/F-266,2026-06-disco-america,unmatched,Vanessa Luc and Annie Lebedeva,,follower,eepro
2026-06-disco-america/other-pro-am-follower-hustle-pre-int,2026-06-disco-america/other-pro-am-follower-hustle-pre-int/F-279,2026-06-disco-america,unmatched,Anne-Marie Gavlas and Daniel McGee,,follower,eepro
2026-06-disco-america/other-pro-am-follower-hustle-pre-int,2026-06-disco-america/other-pro-am-follower-hustle-pre-int/F-295,2026-06-disco-america,possible,Claudia A. Ramirez and Nino DiGiulio,,follower,eepro
2026-06-disco-america/other-pro-am-follower-hustle-pre-int,2026-06-disco-america/other-pro-am-follower-hustle-pre-int/F-316,2026-06-disco-america,unmatched,Doreen O’hare and Rainer Trubere,,follower,eepro
2026-06-disco-america/other-pro-am-follower-hustle-pre-int,2026-06-disco-america/other-pro-am-follower-hustle-pre-int/F-318,2026-06-disco-america,unmatched,Margo Kizel and Rainer Trubere,,follower,eepro
2026-06-disco-america/other-pro-am-follower-hustle-pre-int,2026-06-disco-america/other-pro-am-follower-hustle-pre-int/F-330,2026-06-disco-america,unmatched,Laurie Jones and Christopher Crevatas,,follower,eepro
2026-06-disco-america/other-pro-am-follower-hustle-pre-int,2026-06-disco-america/other-pro-am-follower-hustle-pre-int/F-331,2026-06-disco-america,unmatched,Katie Miller and Gustavo Rueda,,follower,eepro
2026-06-disco-america/other-pro-am-follower-hustle-pre-int,2026-06-disco-america/other-pro-am-follower-hustle-pre-int/F-336,2026-06-disco-america,unmatched,Vicki Petroski and Michael Petroski,,follower,eepro
2026-06-disco-america/other-pro-am-follower-hustle-pre-int,2026-06-disco-america/other-pro-am-follower-hustle-pre-int/F-338,2026-06-disco-america,unmatched,Alicia Burke and Daniel McGee,,follower,eepro
2026-06-disco-america/other-pro-am-follower-hustle-pre-int,2026-06-disco-america/other-pro-am-follower-hustle-pre-int/F-347,2026-06-disco-america,unmatched,Deborah Bencivenga and Jaime Serna,,follower,eepro
2026-06-disco-america/other-pro-am-follower-hustle-pre-nov,2026-06-disco-america/other-pro-am-follower-hustle-pre-nov/F-205,2026-06-disco-america,unmatched,Carol Van Sant and Michael Petroski,,follower,eepro
2026-06-disco-america/other-pro-am-follower-hustle-pre-nov,2026-06-disco-america/other-pro-am-follower-hustle-pre-nov/F-248,2026-06-disco-america,unmatched,Wenbo Zhang and Annie Lebedeva,,follower,eepro
2026-06-disco-america/other-pro-am-follower-hustle-pre-nov,2026-06-disco-america/other-pro-am-follower-hustle-pre-nov/F-258,2026-06-disco-america,unmatched,Lesley Kelly and Luc Tshiboyi,,follower,eepro
2026-06-disco-america/other-pro-am-follower-hustle-pre-nov,2026-06-disco-america/other-pro-am-follower-hustle-pre-nov/F-289,2026-06-disco-america,unmatched,Neha Sharma and Lori Brizzi,,follower,eepro
2026-06-disco-america/other-pro-am-follower-hustle-pre-nov,2026-06-disco-america/other-pro-am-follower-hustle-pre-nov/F-296,2026-06-disco-america,unmatched,Jennifer Kuntz and Michael Petroski,,follower,eepro
2026-06-disco-america/other-pro-am-follower-hustle-pre-nov,2026-06-disco-america/other-pro-am-follower-hustle-pre-nov/F-324,2026-06-disco-america,unmatched,Kylie Foley and Michael Petroski,,follower,eepro
2026-06-disco-america/other-pro-am-leader-hustle-pre-adv,2026-06-disco-america/other-pro-am-leader-hustle-pre-adv/L-208,2026-06-disco-america,unmatched,Tony Castro and Ashley Lombard,,leader,eepro
2026-06-disco-america/other-pro-am-leader-hustle-pre-int,2026-06-disco-america/other-pro-am-leader-hustle-pre-int/L-219,2026-06-disco-america,unmatched,Dirk F Moore and Sharonne Vinokurov,,leader,eepro
2026-06-disco-america/other-sophisticated-advanced-amateur-just-hustle-sophisticated-40-advanced,2026-06-disco-america/other-sophisticated-advanced-amateur-just-hustle-sophisticated-40-advanced/L-206,2026-06-disco-america,unmatched,Jack Ciecka and Anne-Marie Gavlas,,leader,eepro
2026-06-disco-america/other-sophisticated-advanced-amateur-just-hustle-sophisticated-40-advanced,2026-06-disco-america/other-sophisticated-advanced-amateur-just-hustle-sophisticated-40-advanced/L-249,2026-06-disco-america,unmatched,Martin Mitchell and Carolina Castillo,,leader,eepro
2026-06-disco-america/other-sophisticated-advanced-pro-am-follower-hustle-40,2026-06-disco-america/other-sophisticated-advanced-pro-am-follower-hustle-40/F-207,2026-06-disco-america,unmatched,Jasmine Williams and Jamie Serna,,follower,eepro
2026-06-disco-america/other-sophisticated-advanced-pro-am-follower-hustle-40,2026-06-disco-america/other-sophisticated-advanced-pro-am-follower-hustle-40/F-210,2026-06-disco-america,unmatched,Monique Esposito and Jamie Serna,,follower,eepro
2026-06-disco-america/other-sophisticated-advanced-pro-am-follower-hustle-40,2026-06-disco-america/other-sophisticated-advanced-pro-am-follower-hustle-40/F-217,2026-06-disco-america,unmatched,Marina Zats and Robert Finocchio,,follower,eepro
2026-06-disco-america/other-sophisticated-advanced-pro-am-follower-hustle-40,2026-06-disco-america/other-sophisticated-advanced-pro-am-follower-hustle-40/F-260,2026-06-disco-america,unmatched,Barbara Gandy and Jaime Serna,,follower,eepro
2026-06-disco-america/other-sophisticated-advanced-pro-am-follower-hustle-40,2026-06-disco-america/other-sophisticated-advanced-pro-am-follower-hustle-40/F-278,2026-06-disco-america,unmatched,Anna Patterson and Robert Finocchio,,follower,eepro
2026-06-disco-america/other-sophisticated-advanced-pro-am-follower-hustle-40,2026-06-disco-america/other-sophisticated-advanced-pro-am-follower-hustle-40/F-294,2026-06-disco-america,unmatched,Marla Conley and Lori Ann Roche,,follower,eepro
2026-06-disco-america/other-sophisticated-advanced-pro-am-leader-hustle-40,2026-06-disco-america/other-sophisticated-advanced-pro-am-leader-hustle-40/L-206,2026-06-disco-america,unmatched,Jack Ciecka and Ashley Lumberg,,leader,eepro
2026-06-disco-america/other-sophisticated-advanced-pro-am-leader-hustle-40,2026-06-disco-america/other-sophisticated-advanced-pro-am-leader-hustle-40/L-297,2026-06-disco-america,unmatched,Srdjan Rajsic and Annie Lebedeva,,leader,eepro
2026-06-disco-america/other-sophisticated-intermediate-amateur-just-hustle-sophisticated-40-intermediate,2026-06-disco-america/other-sophisticated-intermediate-amateur-just-hustle-sophisticated-40-intermediate/L-257,2026-06-disco-america,unmatched,Michael Phillip and Renee George,,leader,eepro
2026-06-disco-america/other-sophisticated-intermediate-pro-am-follower-hustle-40,2026-06-disco-america/other-sophisticated-intermediate-pro-am-follower-hustle-40/F-216,2026-06-disco-america,unmatched,Denise Higgins and Steven James,,follower,eepro
2026-06-disco-america/other-sophisticated-intermediate-pro-am-follower-hustle-40,2026-06-disco-america/other-sophisticated-intermediate-pro-am-follower-hustle-40/F-261,2026-06-disco-america,unmatched,Renee George and Rainer Trubere,,follower,eepro
2026-06-disco-america/other-sophisticated-intermediate-pro-am-follower-hustle-40,2026-06-disco-america/other-sophisticated-intermediate-pro-am-follower-hustle-40/F-266,2026-06-disco-america,unmatched,Vanessa Luc and Annie Lebedeva,,follower,eepro
2026-06-disco-america/other-sophisticated-intermediate-pro-am-follower-hustle-40,2026-06-disco-america/other-sophisticated-intermediate-pro-am-follower-hustle-40/F-279,2026-06-disco-america,unmatched,Anne-Marie Gavlas and Daniel McGee,,follower,eepro
2026-06-disco-america/other-sophisticated-intermediate-pro-am-follower-hustle-40,2026-06-disco-america/other-sophisticated-intermediate-pro-am-follower-hustle-40/F-286,2026-06-disco-america,unmatched,Karen Mirabelli and Daniel McGee,,follower,eepro
2026-06-disco-america/other-sophisticated-intermediate-pro-am-follower-hustle-40,2026-06-disco-america/other-sophisticated-intermediate-pro-am-follower-hustle-40/F-294,2026-06-disco-america,unmatched,Marla Conley and Lori Ann Roche,,follower,eepro
2026-06-disco-america/other-sophisticated-intermediate-pro-am-follower-hustle-40,2026-06-disco-america/other-sophisticated-intermediate-pro-am-follower-hustle-40/F-316,2026-06-disco-america,unmatched,Doreen O’hare and Rainer Trubere,,follower,eepro
2026-06-disco-america/other-sophisticated-intermediate-pro-am-follower-hustle-40,2026-06-disco-america/other-sophisticated-intermediate-pro-am-follower-hustle-40/F-318,2026-06-disco-america,unmatched,Margo Kizel and Rainer Trubere,,follower,eepro
2026-06-disco-america/other-sophisticated-intermediate-pro-am-follower-hustle-40,2026-06-disco-america/other-sophisticated-intermediate-pro-am-follower-hustle-40/F-323,2026-06-disco-america,unmatched,Maria Hurd and Daniel McGee,,follower,eepro
2026-06-disco-america/other-sophisticated-intermediate-pro-am-follower-hustle-40,2026-06-disco-america/other-sophisticated-intermediate-pro-am-follower-hustle-40/F-331,2026-06-disco-america,unmatched,Katie Miller and Gustavo Rueda,,follower,eepro
2026-06-disco-america/other-sophisticated-intermediate-pro-am-follower-hustle-40,2026-06-disco-america/other-sophisticated-intermediate-pro-am-follower-hustle-40/F-337,2026-06-disco-america,unmatched,Andrea Clemens and Daniel McGee,,follower,eepro
2026-06-disco-america/other-sophisticated-intermediate-pro-am-follower-hustle-40,2026-06-disco-america/other-sophisticated-intermediate-pro-am-follower-hustle-40/F-338,2026-06-disco-america,unmatched,Alicia Burke and Daniel McGee,,follower,eepro
2026-06-disco-america/other-sophisticated-intermediate-pro-am-follower-hustle-40,2026-06-disco-america/other-sophisticated-intermediate-pro-am-follower-hustle-40/F-347,2026-06-disco-america,unmatched,Deborah Bencivenga and Jaime Serna,,follower,eepro
2026-06-disco-america/other-sophisticated-intermediate-pro-am-leader-hustle-40,2026-06-disco-america/other-sophisticated-intermediate-pro-am-leader-hustle-40/L-250,2026-06-disco-america,unmatched,James Rosin and Ashely Lumberg,,leader,eepro
2026-06-disco-america/other-sophisticated-intermediate-pro-am-leader-hustle-40,2026-06-disco-america/other-sophisticated-intermediate-pro-am-leader-hustle-40/L-285,2026-06-disco-america,unmatched,Glenn Ninonuevo and Isa Maldonado,,leader,eepro
2026-06-disco-america/other-sophisticated-novice-amateur-just-hustle-sophisticated-40-novice,2026-06-disco-america/other-sophisticated-novice-amateur-just-hustle-sophisticated-40-novice/L-280,2026-06-disco-america,unmatched,Daniel Stroh and Evguenia Freider,,leader,eepro
2026-06-disco-america/other-sophisticated-novice-pro-am-follower-hustle-40,2026-06-disco-america/other-sophisticated-novice-pro-am-follower-hustle-40/F-211,2026-06-disco-america,unmatched,Roseanne Latorre and Luc Tshiboyi,,follower,eepro
2026-06-disco-america/other-sophisticated-novice-pro-am-follower-hustle-40,2026-06-disco-america/other-sophisticated-novice-pro-am-follower-hustle-40/F-248,2026-06-disco-america,unmatched,We both Zhang and Annie L,,follower,eepro
2026-06-disco-america/other-sophisticated-novice-pro-am-follower-hustle-40,2026-06-disco-america/other-sophisticated-novice-pro-am-follower-hustle-40/F-258,2026-06-disco-america,unmatched,Lesley Kelly and Luc Tshiboyi,,follower,eepro
2026-06-disco-america/other-sophisticated-novice-pro-am-follower-hustle-40,2026-06-disco-america/other-sophisticated-novice-pro-am-follower-hustle-40/F-259,2026-06-disco-america,unmatched,Alicia McBride and Daniel McGee,,follower,eepro
2026-06-disco-america/other-sophisticated-novice-pro-am-follower-hustle-40,2026-06-disco-america/other-sophisticated-novice-pro-am-follower-hustle-40/F-318,2026-06-disco-america,unmatched,Margo Kizel and Rainer Trubere,,follower,eepro
2026-06-disco-america/other-sophisticated-novice-pro-am-follower-hustle-40,2026-06-disco-america/other-sophisticated-novice-pro-am-follower-hustle-40/F-338,2026-06-disco-america,unmatched,Alicia Burke and Daniel McGee,,follower,eepro
2026-06-disco-america/pro-am-follower-bachata-silver-50,2026-06-disco-america/pro-am-follower-bachata-silver-50/F-211,2026-06-disco-america,unmatched,Roseanne Latorre and Luc Tshiboyi,,follower,eepro
2026-06-disco-america/pro-am-follower-bachata-silver-50,2026-06-disco-america/pro-am-follower-bachata-silver-50/F-213,2026-06-disco-america,unmatched,Katie Valentine and Christy Kam,,follower,eepro
2026-06-disco-america/pro-am-follower-bachata-silver-50,2026-06-disco-america/pro-am-follower-bachata-silver-50/F-218,2026-06-disco-america,unmatched,Lynne Moore and Nick Pfeiffer,,follower,eepro
2026-06-disco-america/pro-am-follower-bachata-silver-50,2026-06-disco-america/pro-am-follower-bachata-silver-50/F-323,2026-06-disco-america,unmatched,Maria Hurd and Annie L,,follower,eepro
2026-06-disco-america/pro-am-follower-salsa-silver-50,2026-06-disco-america/pro-am-follower-salsa-silver-50/F-205,2026-06-disco-america,unmatched,Carol Van Sant and Sharonne Vinokurov,,follower,eepro
2026-06-disco-america/pro-am-follower-salsa-silver-50,2026-06-disco-america/pro-am-follower-salsa-silver-50/F-211,2026-06-disco-america,unmatched,Roseanne Latorre and Luc Tshiboyi,,follower,eepro
2026-06-disco-america/pro-am-follower-salsa-silver-50,2026-06-disco-america/pro-am-follower-salsa-silver-50/F-213,2026-06-disco-america,unmatched,Katie Valentine and Christy Kam,,follower,eepro
2026-06-disco-america/pro-am-follower-salsa-silver-50,2026-06-disco-america/pro-am-follower-salsa-silver-50/F-218,2026-06-disco-america,unmatched,Lynne Moore and Nick Pfeiffer,,follower,eepro
2026-06-disco-america/pro-am-follower-salsa-silver-50,2026-06-disco-america/pro-am-follower-salsa-silver-50/F-323,2026-06-disco-america,unmatched,Maria Hurd and Jameson Kilburn,,follower,eepro
2026-06-disco-america/pro-am-follower-silver-50,2026-06-disco-america/pro-am-follower-silver-50/F-205,2026-06-disco-america,unmatched,Carol Van Sant and Michael Petroski,,follower,eepro
2026-06-disco-america/pro-am-follower-silver-50,2026-06-disco-america/pro-am-follower-silver-50/F-211,2026-06-disco-america,unmatched,Roseanne Latorre and Luc Tshiboyi,,follower,eepro
2026-06-disco-america/pro-am-follower-silver-50,2026-06-disco-america/pro-am-follower-silver-50/F-213,2026-06-disco-america,unmatched,Katie Valentine and Christy Kam,,follower,eepro
2026-06-disco-america/pro-am-follower-silver-50,2026-06-disco-america/pro-am-follower-silver-50/F-218,2026-06-disco-america,unmatched,Lynne Moore and Jameson Kilburn,,follower,eepro
2026-06-disco-america/pro-am-follower-theater-arts,2026-06-disco-america/pro-am-follower-theater-arts/F-216,2026-06-disco-america,possible,Denise Higgins and Steven James,,follower,eepro
2026-06-disco-america/pro-am-follower-theater-arts,2026-06-disco-america/pro-am-follower-theater-arts/F-266,2026-06-disco-america,unmatched,Vanessa Luc and Annie Lebedeva,,follower,eepro
2026-06-disco-america/pro-am-leader-salsa-silver-50,2026-06-disco-america/pro-am-leader-salsa-silver-50/L-219,2026-06-disco-america,unmatched,Dirk F Moore and Sharonne Vinokurov,,leader,eepro
2026-06-disco-america/pro-am-leader-silver-50,2026-06-disco-america/pro-am-leader-silver-50/L-219,2026-06-disco-america,unmatched,Dirk F Moore and Sharonne Vinokurov,,leader,eepro
2026-06-disco-america/showcase-follower-proam,2026-06-disco-america/showcase-follower-proam/F-265,2026-06-disco-america,unmatched,Kaydee Molnar and Nick Pfeiffer,,follower,eepro
2026-06-disco-america/showcase-follower-proam,2026-06-disco-america/showcase-follower-proam/F-276,2026-06-disco-america,unmatched,Melissa Cibelli and Lori Ann Roche,,follower,eepro
2026-06-jack-jill-o-rama/advanced-pro-follow-am-lead-j-j-advanced,2026-06-jack-jill-o-rama/advanced-pro-follow-am-lead-j-j-advanced/L-107,2026-06-jack-jill-o-rama,unmatched,Caio Botelho and Morgan Hearrell,,leader,eepro
2026-06-jack-jill-o-rama/advanced-pro-follow-am-lead-j-j-advanced,2026-06-jack-jill-o-rama/advanced-pro-follow-am-lead-j-j-advanced/L-14,2026-06-jack-jill-o-rama,unmatched,Yuki Tamura and Liza Hillman,,leader,eepro
2026-06-jack-jill-o-rama/advanced-pro-follow-am-lead-j-j-advanced,2026-06-jack-jill-o-rama/advanced-pro-follow-am-lead-j-j-advanced/L-145,2026-06-jack-jill-o-rama,unmatched,Vincent DeRise and Nicki Cacciato,,leader,eepro
2026-06-jack-jill-o-rama/advanced-pro-follow-am-lead-j-j-advanced,2026-06-jack-jill-o-rama/advanced-pro-follow-am-lead-j-j-advanced/L-146,2026-06-jack-jill-o-rama,unmatched,Jon Good and Nicole Zwerlein,,leader,eepro
2026-06-jack-jill-o-rama/advanced-pro-follow-am-lead-j-j-advanced,2026-06-jack-jill-o-rama/advanced-pro-follow-am-lead-j-j-advanced/L-149,2026-06-jack-jill-o-rama,unmatched,James Wyke and Corinne Smith,,leader,eepro
2026-06-jack-jill-o-rama/advanced-pro-follow-am-lead-j-j-advanced,2026-06-jack-jill-o-rama/advanced-pro-follow-am-lead-j-j-advanced/L-150,2026-06-jack-jill-o-rama,unmatched,Gabe Ofordu and Olga Khvan,,leader,eepro
2026-06-jack-jill-o-rama/advanced-pro-follow-am-lead-j-j-advanced,2026-06-jack-jill-o-rama/advanced-pro-follow-am-lead-j-j-advanced/L-157,2026-06-jack-jill-o-rama,unmatched,Igor Laryukhin and Courtney Mejias,,leader,eepro
2026-06-jack-jill-o-rama/advanced-pro-follow-am-lead-j-j-advanced,2026-06-jack-jill-o-rama/advanced-pro-follow-am-lead-j-j-advanced/L-165,2026-06-jack-jill-o-rama,unmatched,Andrew Son and Phoenix Grey,,leader,eepro
2026-06-jack-jill-o-rama/advanced-pro-follow-am-lead-j-j-advanced,2026-06-jack-jill-o-rama/advanced-pro-follow-am-lead-j-j-advanced/L-169,2026-06-jack-jill-o-rama,unmatched,Tony Chen and Rachel Holdren,,leader,eepro
2026-06-jack-jill-o-rama/advanced-pro-follow-am-lead-j-j-advanced,2026-06-jack-jill-o-rama/advanced-pro-follow-am-lead-j-j-advanced/L-17,2026-06-jack-jill-o-rama,unmatched,Jared Cogswell and Maddy Skinner,,leader,eepro
2026-06-jack-jill-o-rama/advanced-pro-follow-am-lead-j-j-advanced,2026-06-jack-jill-o-rama/advanced-pro-follow-am-lead-j-j-advanced/L-181,2026-06-jack-jill-o-rama,probable,Jared Smythe and Elizabeth Spann,22624,leader,eepro
2026-06-jack-jill-o-rama/advanced-pro-follow-am-lead-j-j-advanced,2026-06-jack-jill-o-rama/advanced-pro-follow-am-lead-j-j-advanced/L-195,2026-06-jack-jill-o-rama,unmatched,Adam Hendrawan and Elizabeth Wyke,,leader,eepro
2026-06-jack-jill-o-rama/advanced-pro-follow-am-lead-j-j-advanced,2026-06-jack-jill-o-rama/advanced-pro-follow-am-lead-j-j-advanced/L-20,2026-06-jack-jill-o-rama,unmatched,Michael Hassey and Maria Ivanova,,leader,eepro
2026-06-jack-jill-o-rama/advanced-pro-follow-am-lead-j-j-advanced,2026-06-jack-jill-o-rama/advanced-pro-follow-am-lead-j-j-advanced/L-203,2026-06-jack-jill-o-rama,unmatched,Trevor Hayes and Rachel Phelps,,leader,eepro
2026-06-jack-jill-o-rama/advanced-pro-follow-am-lead-j-j-advanced,2026-06-jack-jill-o-rama/advanced-pro-follow-am-lead-j-j-advanced/L-247,2026-06-jack-jill-o-rama,unmatched,Gabriel J Rogers and Sierra Burford,,leader,eepro
2026-06-jack-jill-o-rama/advanced-pro-follow-am-lead-j-j-advanced,2026-06-jack-jill-o-rama/advanced-pro-follow-am-lead-j-j-advanced/L-269,2026-06-jack-jill-o-rama,unmatched,Brock Daniels and Giulia Rusch,,leader,eepro
2026-06-jack-jill-o-rama/advanced-pro-follow-am-lead-j-j-advanced,2026-06-jack-jill-o-rama/advanced-pro-follow-am-lead-j-j-advanced/L-287,2026-06-jack-jill-o-rama,unmatched,Tanin Kosol and Shelby Evans,,leader,eepro
2026-06-jack-jill-o-rama/advanced-pro-follow-am-lead-j-j-advanced,2026-06-jack-jill-o-rama/advanced-pro-follow-am-lead-j-j-advanced/L-309,2026-06-jack-jill-o-rama,unmatched,Andres Cedeno and Hyunhee Lee,,leader,eepro
2026-06-jack-jill-o-rama/advanced-pro-follow-am-lead-j-j-advanced,2026-06-jack-jill-o-rama/advanced-pro-follow-am-lead-j-j-advanced/L-31,2026-06-jack-jill-o-rama,unmatched,Philip Piersol and Brandi Guild,,leader,eepro
2026-06-jack-jill-o-rama/advanced-pro-follow-am-lead-j-j-advanced,2026-06-jack-jill-o-rama/advanced-pro-follow-am-lead-j-j-advanced/L-334,2026-06-jack-jill-o-rama,unmatched,Joun Young Lee and Jade Bryan,,leader,eepro
2026-06-jack-jill-o-rama/advanced-pro-follow-am-lead-j-j-advanced,2026-06-jack-jill-o-rama/advanced-pro-follow-am-lead-j-j-advanced/L-346,2026-06-jack-jill-o-rama,unmatched,Jonathan Uy and Rachel Shook,,leader,eepro
2026-06-jack-jill-o-rama/advanced-pro-follow-am-lead-j-j-advanced,2026-06-jack-jill-o-rama/advanced-pro-follow-am-lead-j-j-advanced/L-377,2026-06-jack-jill-o-rama,probable,Matthew Snook and Rose Soiland,12892,leader,eepro
2026-06-jack-jill-o-rama/advanced-pro-follow-am-lead-j-j-advanced,2026-06-jack-jill-o-rama/advanced-pro-follow-am-lead-j-j-advanced/L-385,2026-06-jack-jill-o-rama,unmatched,Egan Anselmo and Samantha Buckwalter,,leader,eepro
2026-06-jack-jill-o-rama/advanced-pro-follow-am-lead-j-j-advanced,2026-06-jack-jill-o-rama/advanced-pro-follow-am-lead-j-j-advanced/L-387,2026-06-jack-jill-o-rama,unmatched,Keita Sumikawa and Savannah Harris-Read,,leader,eepro
2026-06-jack-jill-o-rama/advanced-pro-follow-am-lead-j-j-advanced,2026-06-jack-jill-o-rama/advanced-pro-follow-am-lead-j-j-advanced/L-487,2026-06-jack-jill-o-rama,unmatched,Corrado Mazzarelli and Shanna Porcari,,leader,eepro
2026-06-jack-jill-o-rama/advanced-pro-follow-am-lead-j-j-advanced,2026-06-jack-jill-o-rama/advanced-pro-follow-am-lead-j-j-advanced/L-55,2026-06-jack-jill-o-rama,unmatched,Rosemary Whitson and Marie-Pascale Cote,,leader,eepro
2026-06-jack-jill-o-rama/advanced-pro-follow-am-lead-j-j-advanced,2026-06-jack-jill-o-rama/advanced-pro-follow-am-lead-j-j-advanced/L-562,2026-06-jack-jill-o-rama,unmatched,Everest and Janelle Guido,,leader,eepro
2026-06-jack-jill-o-rama/advanced-pro-follow-am-lead-j-j-advanced,2026-06-jack-jill-o-rama/advanced-pro-follow-am-lead-j-j-advanced/L-582,2026-06-jack-jill-o-rama,unmatched,Red Elghazi and Sharon Her,,leader,eepro
2026-06-jack-jill-o-rama/advanced-pro-follow-am-lead-j-j-advanced,2026-06-jack-jill-o-rama/advanced-pro-follow-am-lead-j-j-advanced/L-589,2026-06-jack-jill-o-rama,unmatched,Yushi Wang and Shayla Bouise,,leader,eepro
2026-06-jack-jill-o-rama/advanced-pro-follow-am-lead-j-j-advanced,2026-06-jack-jill-o-rama/advanced-pro-follow-am-lead-j-j-advanced/L-628,2026-06-jack-jill-o-rama,unmatched,Nicoli Liedtke and Jasmine Morrison,,leader,eepro
2026-06-jack-jill-o-rama/advanced-pro-follow-am-lead-j-j-advanced,2026-06-jack-jill-o-rama/advanced-pro-follow-am-lead-j-j-advanced/L-631,2026-06-jack-jill-o-rama,probable,Adam Sumilong and Jenna Shimek,20948,leader,eepro
2026-06-jack-jill-o-rama/advanced-pro-follow-am-lead-j-j-advanced,2026-06-jack-jill-o-rama/advanced-pro-follow-am-lead-j-j-advanced/L-635,2026-06-jack-jill-o-rama,unmatched,Sourav Sarkar and Julie Winspear,,leader,eepro
2026-06-jack-jill-o-rama/advanced-pro-follow-am-lead-j-j-advanced,2026-06-jack-jill-o-rama/advanced-pro-follow-am-lead-j-j-advanced/L-640,2026-06-jack-jill-o-rama,unmatched,Niklas Johansson and Katie Smiley,,leader,eepro
2026-06-jack-jill-o-rama/advanced-pro-follow-am-lead-j-j-advanced,2026-06-jack-jill-o-rama/advanced-pro-follow-am-lead-j-j-advanced/L-657,2026-06-jack-jill-o-rama,unmatched,Christopher Ellwood and Khrystyna Cusimano,,leader,eepro
2026-06-jack-jill-o-rama/advanced-pro-follow-am-lead-j-j-advanced,2026-06-jack-jill-o-rama/advanced-pro-follow-am-lead-j-j-advanced/L-693,2026-06-jack-jill-o-rama,unmatched,Glenn Mccallum and Kristen Shaw,,leader,eepro
2026-06-jack-jill-o-rama/advanced-pro-follow-am-lead-j-j-advanced,2026-06-jack-jill-o-rama/advanced-pro-follow-am-lead-j-j-advanced/L-7,2026-06-jack-jill-o-rama,unmatched,Jeremy Cooper and Skylar Pritchard,,leader,eepro
2026-06-jack-jill-o-rama/advanced-pro-follow-am-lead-j-j-advanced,2026-06-jack-jill-o-rama/advanced-pro-follow-am-lead-j-j-advanced/L-70,2026-06-jack-jill-o-rama,unmatched,Henry Phan and Melissa Stirton,,leader,eepro
2026-06-jack-jill-o-rama/advanced-pro-follow-am-lead-j-j-advanced,2026-06-jack-jill-o-rama/advanced-pro-follow-am-lead-j-j-advanced/L-701,2026-06-jack-jill-o-rama,unmatched,Will Atkinson and Kristen Wallace,,leader,eepro
2026-06-jack-jill-o-rama/advanced-pro-follow-am-lead-j-j-advanced,2026-06-jack-jill-o-rama/advanced-pro-follow-am-lead-j-j-advanced/L-716,2026-06-jack-jill-o-rama,unmatched,Spencer Gyore and Abigail Baker,,leader,eepro
2026-06-jack-jill-o-rama/advanced-pro-follow-am-lead-j-j-advanced,2026-06-jack-jill-o-rama/advanced-pro-follow-am-lead-j-j-advanced/L-742,2026-06-jack-jill-o-rama,unmatched,Luke Applin and Laureen Baldovi,,leader,eepro
2026-06-jack-jill-o-rama/advanced-pro-follow-am-lead-j-j-advanced,2026-06-jack-jill-o-rama/advanced-pro-follow-am-lead-j-j-advanced/L-745,2026-06-jack-jill-o-rama,unmatched,Steven Zarate and Hannah Guttman,,leader,eepro
2026-06-jack-jill-o-rama/advanced-pro-follow-am-lead-j-j-advanced,2026-06-jack-jill-o-rama/advanced-pro-follow-am-lead-j-j-advanced/L-75,2026-06-jack-jill-o-rama,unmatched,Chase Henry and Mia Primavera,,leader,eepro
2026-06-jack-jill-o-rama/advanced-pro-follow-am-lead-j-j-advanced,2026-06-jack-jill-o-rama/advanced-pro-follow-am-lead-j-j-advanced/L-789,2026-06-jack-jill-o-rama,unmatched,Spencer Gyore and Abigail Baker,,leader,eepro
2026-06-jack-jill-o-rama/advanced-pro-follow-am-lead-j-j-advanced,2026-06-jack-jill-o-rama/advanced-pro-follow-am-lead-j-j-advanced/L-82,2026-06-jack-jill-o-rama,unmatched,Jeffrey Huynh and Carmen hyunsook Kim,,leader,eepro
2026-06-jack-jill-o-rama/advanced-pro-lead-am-follow-j-j-advanced,2026-06-jack-jill-o-rama/advanced-pro-lead-am-follow-j-j-advanced/L-147,2026-06-jack-jill-o-rama,unmatched,Nadia Qutaishat and Omar Gonzalez,,leader,eepro
2026-06-jack-jill-o-rama/advanced-pro-lead-am-follow-j-j-advanced,2026-06-jack-jill-o-rama/advanced-pro-lead-am-follow-j-j-advanced/L-15,2026-06-jack-jill-o-rama,unmatched,Nicole Bruner and Marvin Koehler,,leader,eepro
2026-06-jack-jill-o-rama/advanced-pro-lead-am-follow-j-j-advanced,2026-06-jack-jill-o-rama/advanced-pro-lead-am-follow-j-j-advanced/L-160,2026-06-jack-jill-o-rama,unmatched,Rachel Stuart and Kyle Redd,,leader,eepro
2026-06-jack-jill-o-rama/advanced-pro-lead-am-follow-j-j-advanced,2026-06-jack-jill-o-rama/advanced-pro-lead-am-follow-j-j-advanced/L-167,2026-06-jack-jill-o-rama,unmatched,Suma Datta and Chase Warner,,leader,eepro
2026-06-jack-jill-o-rama/advanced-pro-lead-am-follow-j-j-advanced,2026-06-jack-jill-o-rama/advanced-pro-lead-am-follow-j-j-advanced/L-189,2026-06-jack-jill-o-rama,unmatched,Christa Farmer and Oz Hampton,,leader,eepro
2026-06-jack-jill-o-rama/advanced-pro-lead-am-follow-j-j-advanced,2026-06-jack-jill-o-rama/advanced-pro-lead-am-follow-j-j-advanced/L-192,2026-06-jack-jill-o-rama,unmatched,Patrick Tran and Paiton Hebert,,leader,eepro
2026-06-jack-jill-o-rama/advanced-pro-lead-am-follow-j-j-advanced,2026-06-jack-jill-o-rama/advanced-pro-lead-am-follow-j-j-advanced/L-202,2026-06-jack-jill-o-rama,unmatched,Kyra Peters and Chris Low,,leader,eepro
2026-06-jack-jill-o-rama/advanced-pro-lead-am-follow-j-j-advanced,2026-06-jack-jill-o-rama/advanced-pro-lead-am-follow-j-j-advanced/L-249,2026-06-jack-jill-o-rama,unmatched,Brittany Richardson and Paul Nunez,,leader,eepro
2026-06-jack-jill-o-rama/advanced-pro-lead-am-follow-j-j-advanced,2026-06-jack-jill-o-rama/advanced-pro-lead-am-follow-j-j-advanced/L-255,2026-06-jack-jill-o-rama,unmatched,Ashley Veal and Peter Yin,,leader,eepro
2026-06-jack-jill-o-rama/advanced-pro-lead-am-follow-j-j-advanced,2026-06-jack-jill-o-rama/advanced-pro-lead-am-follow-j-j-advanced/L-265,2026-06-jack-jill-o-rama,unmatched,Pamela Marr and Za Thomaier,,leader,eepro
2026-06-jack-jill-o-rama/advanced-pro-lead-am-follow-j-j-advanced,2026-06-jack-jill-o-rama/advanced-pro-lead-am-follow-j-j-advanced/L-280,2026-06-jack-jill-o-rama,unmatched,Willow Vander Kooi and Dario Haxhia,,leader,eepro
2026-06-jack-jill-o-rama/advanced-pro-lead-am-follow-j-j-advanced,2026-06-jack-jill-o-rama/advanced-pro-lead-am-follow-j-j-advanced/L-283,2026-06-jack-jill-o-rama,probable,Alison Gibson and Robert Crocker,14231,leader,eepro
2026-06-jack-jill-o-rama/advanced-pro-lead-am-follow-j-j-advanced,2026-06-jack-jill-o-rama/advanced-pro-lead-am-follow-j-j-advanced/L-368,2026-06-jack-jill-o-rama,unmatched,Mae Rowlett and khayree Jones,,leader,eepro
2026-06-jack-jill-o-rama/advanced-pro-lead-am-follow-j-j-advanced,2026-06-jack-jill-o-rama/advanced-pro-lead-am-follow-j-j-advanced/L-392,2026-06-jack-jill-o-rama,probable,Sarah Brown and David Deng,18021,leader,eepro
2026-06-jack-jill-o-rama/advanced-pro-lead-am-follow-j-j-advanced,2026-06-jack-jill-o-rama/advanced-pro-lead-am-follow-j-j-advanced/L-42,2026-06-jack-jill-o-rama,unmatched,Alyssa Kim and Ben O'Neal,,leader,eepro
2026-06-jack-jill-o-rama/advanced-pro-lead-am-follow-j-j-advanced,2026-06-jack-jill-o-rama/advanced-pro-lead-am-follow-j-j-advanced/L-426,2026-06-jack-jill-o-rama,unmatched,Cheri Rafter and Ryan Crutcher,,leader,eepro
2026-06-jack-jill-o-rama/advanced-pro-lead-am-follow-j-j-advanced,2026-06-jack-jill-o-rama/advanced-pro-lead-am-follow-j-j-advanced/L-43,2026-06-jack-jill-o-rama,unmatched,Anastasia Mysina and Matt Richey,,leader,eepro
2026-06-jack-jill-o-rama/advanced-pro-lead-am-follow-j-j-advanced,2026-06-jack-jill-o-rama/advanced-pro-lead-am-follow-j-j-advanced/L-44,2026-06-jack-jill-o-rama,unmatched,Nigelle Ferrer and Marcus sterling,,leader,eepro
2026-06-jack-jill-o-rama/advanced-pro-lead-am-follow-j-j-advanced,2026-06-jack-jill-o-rama/advanced-pro-lead-am-follow-j-j-advanced/L-442,2026-06-jack-jill-o-rama,probable,Monica Austin and Ryan Maldonado,13979,leader,eepro
2026-06-jack-jill-o-rama/advanced-pro-lead-am-follow-j-j-advanced,2026-06-jack-jill-o-rama/advanced-pro-lead-am-follow-j-j-advanced/L-464,2026-06-jack-jill-o-rama,unmatched,Charlotte Forster and Sam Vaden,,leader,eepro
2026-06-jack-jill-o-rama/advanced-pro-lead-am-follow-j-j-advanced,2026-06-jack-jill-o-rama/advanced-pro-lead-am-follow-j-j-advanced/L-465,2026-06-jack-jill-o-rama,unmatched,Elisabeth Zosseder and David Guido,,leader,eepro
2026-06-jack-jill-o-rama/advanced-pro-lead-am-follow-j-j-advanced,2026-06-jack-jill-o-rama/advanced-pro-lead-am-follow-j-j-advanced/L-48,2026-06-jack-jill-o-rama,unmatched,Benjamin Yang and Brad Whelan,,leader,eepro
2026-06-jack-jill-o-rama/advanced-pro-lead-am-follow-j-j-advanced,2026-06-jack-jill-o-rama/advanced-pro-lead-am-follow-j-j-advanced/L-486,2026-06-jack-jill-o-rama,unmatched,Meredith Gibbons and David Mulford,,leader,eepro
2026-06-jack-jill-o-rama/advanced-pro-lead-am-follow-j-j-advanced,2026-06-jack-jill-o-rama/advanced-pro-lead-am-follow-j-j-advanced/L-492,2026-06-jack-jill-o-rama,unmatched,Ellie Sousa and Samuel Anspach,,leader,eepro
2026-06-jack-jill-o-rama/advanced-pro-lead-am-follow-j-j-advanced,2026-06-jack-jill-o-rama/advanced-pro-lead-am-follow-j-j-advanced/L-498,2026-06-jack-jill-o-rama,unmatched,Sarah Willis and Zac Skinner,,leader,eepro
2026-06-jack-jill-o-rama/advanced-pro-lead-am-follow-j-j-advanced,2026-06-jack-jill-o-rama/advanced-pro-lead-am-follow-j-j-advanced/L-50,2026-06-jack-jill-o-rama,unmatched,Madison Broussard and Bradley Wendt,,leader,eepro
2026-06-jack-jill-o-rama/advanced-pro-lead-am-follow-j-j-advanced,2026-06-jack-jill-o-rama/advanced-pro-lead-am-follow-j-j-advanced/L-509,2026-06-jack-jill-o-rama,probable,Patty Houston and Dexter Aronstam,13926,leader,eepro
2026-06-jack-jill-o-rama/advanced-pro-lead-am-follow-j-j-advanced,2026-06-jack-jill-o-rama/advanced-pro-lead-am-follow-j-j-advanced/L-53,2026-06-jack-jill-o-rama,probable,Miho Myojin and Nathan Wong,22903,leader,eepro
2026-06-jack-jill-o-rama/advanced-pro-lead-am-follow-j-j-advanced,2026-06-jack-jill-o-rama/advanced-pro-lead-am-follow-j-j-advanced/L-544,2026-06-jack-jill-o-rama,unmatched,Katie Vannetti and Guigo Sortica,,leader,eepro
2026-06-jack-jill-o-rama/advanced-pro-lead-am-follow-j-j-advanced,2026-06-jack-jill-o-rama/advanced-pro-lead-am-follow-j-j-advanced/L-545,2026-06-jack-jill-o-rama,probable,Irina Amzashvili and Srikar Bhagavatula,15492,leader,eepro
2026-06-jack-jill-o-rama/advanced-pro-lead-am-follow-j-j-advanced,2026-06-jack-jill-o-rama/advanced-pro-lead-am-follow-j-j-advanced/L-571,2026-06-jack-jill-o-rama,unmatched,Lynn Telzer and Thomas Carter,,leader,eepro
2026-06-jack-jill-o-rama/advanced-pro-lead-am-follow-j-j-advanced,2026-06-jack-jill-o-rama/advanced-pro-lead-am-follow-j-j-advanced/L-584,2026-06-jack-jill-o-rama,unmatched,Laura T Thompson and Jacob Reding,,leader,eepro
2026-06-jack-jill-o-rama/advanced-pro-lead-am-follow-j-j-advanced,2026-06-jack-jill-o-rama/advanced-pro-lead-am-follow-j-j-advanced/L-587,2026-06-jack-jill-o-rama,unmatched,Emma Lohse and Ryan Boz,,leader,eepro
2026-06-jack-jill-o-rama/advanced-pro-lead-am-follow-j-j-advanced,2026-06-jack-jill-o-rama/advanced-pro-lead-am-follow-j-j-advanced/L-595,2026-06-jack-jill-o-rama,unmatched,Kate Snijdewind and Joel Gibson,,leader,eepro
2026-06-jack-jill-o-rama/advanced-pro-lead-am-follow-j-j-advanced,2026-06-jack-jill-o-rama/advanced-pro-lead-am-follow-j-j-advanced/L-616,2026-06-jack-jill-o-rama,unmatched,Una Kacavenda and John Lindo,,leader,eepro
2026-06-jack-jill-o-rama/advanced-pro-lead-am-follow-j-j-advanced,2026-06-jack-jill-o-rama/advanced-pro-lead-am-follow-j-j-advanced/L-638,2026-06-jack-jill-o-rama,probable,Julia Lambert and Tip West,2894,leader,eepro
2026-06-jack-jill-o-rama/advanced-pro-lead-am-follow-j-j-advanced,2026-06-jack-jill-o-rama/advanced-pro-lead-am-follow-j-j-advanced/L-641,2026-06-jack-jill-o-rama,unmatched,Shelly Callaghan and Julian Lee,,leader,eepro
2026-06-jack-jill-o-rama/advanced-pro-lead-am-follow-j-j-advanced,2026-06-jack-jill-o-rama/advanced-pro-lead-am-follow-j-j-advanced/L-653,2026-06-jack-jill-o-rama,unmatched,Trinity Madden and Julio Alvarez,,leader,eepro
2026-06-jack-jill-o-rama/advanced-pro-lead-am-follow-j-j-advanced,2026-06-jack-jill-o-rama/advanced-pro-lead-am-follow-j-j-advanced/L-656,2026-06-jack-jill-o-rama,unmatched,Brittany Shakespear and Jung Choe,,leader,eepro
2026-06-jack-jill-o-rama/advanced-pro-lead-am-follow-j-j-advanced,2026-06-jack-jill-o-rama/advanced-pro-lead-am-follow-j-j-advanced/L-662,2026-06-jack-jill-o-rama,unmatched,Sydney Taylor and Tony Schubert,,leader,eepro
2026-06-jack-jill-o-rama/advanced-pro-lead-am-follow-j-j-advanced,2026-06-jack-jill-o-rama/advanced-pro-lead-am-follow-j-j-advanced/L-691,2026-06-jack-jill-o-rama,unmatched,Fumiko Jenkins and Keerigan Rudd,,leader,eepro
2026-06-jack-jill-o-rama/advanced-pro-lead-am-follow-j-j-advanced,2026-06-jack-jill-o-rama/advanced-pro-lead-am-follow-j-j-advanced/L-695,2026-06-jack-jill-o-rama,unmatched,Kate Garboden and Trenten Jackson,,leader,eepro
2026-06-jack-jill-o-rama/advanced-pro-lead-am-follow-j-j-advanced,2026-06-jack-jill-o-rama/advanced-pro-lead-am-follow-j-j-advanced/L-700,2026-06-jack-jill-o-rama,unmatched,Alicia Viera and Trevon Chaney,,leader,eepro
2026-06-jack-jill-o-rama/advanced-pro-lead-am-follow-j-j-advanced,2026-06-jack-jill-o-rama/advanced-pro-lead-am-follow-j-j-advanced/L-705,2026-06-jack-jill-o-rama,unmatched,Jindalae Suh and Vincent van Mierlo,,leader,eepro
2026-06-jack-jill-o-rama/advanced-pro-lead-am-follow-j-j-advanced,2026-06-jack-jill-o-rama/advanced-pro-lead-am-follow-j-j-advanced/L-71,2026-06-jack-jill-o-rama,unmatched,Monica Huang and Daniel Romero,,leader,eepro
2026-06-jack-jill-o-rama/advanced-pro-lead-am-follow-j-j-advanced,2026-06-jack-jill-o-rama/advanced-pro-lead-am-follow-j-j-advanced/L-715,2026-06-jack-jill-o-rama,unmatched,Olivia Wilhelms and Donnie Carl,,leader,eepro
2026-06-jack-jill-o-rama/advanced-pro-lead-am-follow-j-j-advanced,2026-06-jack-jill-o-rama/advanced-pro-lead-am-follow-j-j-advanced/L-721,2026-06-jack-jill-o-rama,unmatched,Tally Tam and Yu Sun,,leader,eepro
2026-06-jack-jill-o-rama/advanced-pro-lead-am-follow-j-j-advanced,2026-06-jack-jill-o-rama/advanced-pro-lead-am-follow-j-j-advanced/L-726,2026-06-jack-jill-o-rama,unmatched,Gaby Sandoval and Kevin Rafter,,leader,eepro
2026-06-jack-jill-o-rama/advanced-pro-lead-am-follow-j-j-advanced,2026-06-jack-jill-o-rama/advanced-pro-lead-am-follow-j-j-advanced/L-736,2026-06-jack-jill-o-rama,unmatched,Kerrie Odonnell and jeff Wingo,,leader,eepro
2026-06-jack-jill-o-rama/advanced-pro-lead-am-follow-j-j-advanced,2026-06-jack-jill-o-rama/advanced-pro-lead-am-follow-j-j-advanced/L-79,2026-06-jack-jill-o-rama,unmatched,Jung kang and Aidan Keith-Hynes,,leader,eepro
2026-06-jack-jill-o-rama/advanced-pro-lead-am-follow-j-j-advanced,2026-06-jack-jill-o-rama/advanced-pro-lead-am-follow-j-j-advanced/L-870,2026-06-jack-jill-o-rama,unmatched,Irina Amzashvili and Srikar Bhagavatula,,leader,eepro
2026-06-jack-jill-o-rama/advanced-pro-lead-am-follow-j-j-advanced,2026-06-jack-jill-o-rama/advanced-pro-lead-am-follow-j-j-advanced/L-98,2026-06-jack-jill-o-rama,unmatched,Abigail White and Omaid Karimi,,leader,eepro
2026-06-jack-jill-o-rama/all-american-60s-era-j-j,2026-06-jack-jill-o-rama/all-american-60s-era-j-j/L-101,2026-06-jack-jill-o-rama,unmatched,Jacob Reding and Rachel Phelps,,leader,eepro
2026-06-jack-jill-o-rama/all-american-60s-era-j-j,2026-06-jack-jill-o-rama/all-american-60s-era-j-j/L-107,2026-06-jack-jill-o-rama,probable,Caio Botelho and Ashley Broussard,18006,leader,eepro
2026-06-jack-jill-o-rama/all-american-60s-era-j-j,2026-06-jack-jill-o-rama/all-american-60s-era-j-j/L-115,2026-06-jack-jill-o-rama,probable,Kevin Rafter and Brittani Risk,12844,leader,eepro
2026-06-jack-jill-o-rama/all-american-60s-era-j-j,2026-06-jack-jill-o-rama/all-american-60s-era-j-j/L-13,2026-06-jack-jill-o-rama,probable,Guigo Sortica and Courtney Mejias,23163,leader,eepro
2026-06-jack-jill-o-rama/all-american-60s-era-j-j,2026-06-jack-jill-o-rama/all-american-60s-era-j-j/L-139,2026-06-jack-jill-o-rama,probable,Alexander Nguyen and Lyla Ruth,20733,leader,eepro
2026-06-jack-jill-o-rama/all-american-60s-era-j-j,2026-06-jack-jill-o-rama/all-american-60s-era-j-j/L-149,2026-06-jack-jill-o-rama,unmatched,James Wyke and Jacquelyn Schirmacher,,leader,eepro
2026-06-jack-jill-o-rama/all-american-60s-era-j-j,2026-06-jack-jill-o-rama/all-american-60s-era-j-j/L-150,2026-06-jack-jill-o-rama,probable,Gabe Ofordu and Sharon Her,8282,leader,eepro
2026-06-jack-jill-o-rama/all-american-60s-era-j-j,2026-06-jack-jill-o-rama/all-american-60s-era-j-j/L-157,2026-06-jack-jill-o-rama,probable,Igor Laryukhin and Kristen Shaw,9123,leader,eepro
2026-06-jack-jill-o-rama/all-american-60s-era-j-j,2026-06-jack-jill-o-rama/all-american-60s-era-j-j/L-16,2026-06-jack-jill-o-rama,probable,Ryan Maldonado and Kristen Wallace,14487,leader,eepro
2026-06-jack-jill-o-rama/all-american-60s-era-j-j,2026-06-jack-jill-o-rama/all-american-60s-era-j-j/L-168,2026-06-jack-jill-o-rama,probable,Jefferson Flowers and Emily Munck,27845,leader,eepro
2026-06-jack-jill-o-rama/all-american-60s-era-j-j,2026-06-jack-jill-o-rama/all-american-60s-era-j-j/L-169,2026-06-jack-jill-o-rama,probable,Tony Chen and Phoenix Grey,9532,leader,eepro
2026-06-jack-jill-o-rama/all-american-60s-era-j-j,2026-06-jack-jill-o-rama/all-american-60s-era-j-j/L-17,2026-06-jack-jill-o-rama,unmatched,Jared Cogswell and Morgan Tilley,,leader,eepro
2026-06-jack-jill-o-rama/all-american-60s-era-j-j,2026-06-jack-jill-o-rama/all-american-60s-era-j-j/L-170,2026-06-jack-jill-o-rama,unmatched,Thibault Ramirez and Lauren Salas,,leader,eepro
2026-06-jack-jill-o-rama/all-american-60s-era-j-j,2026-06-jack-jill-o-rama/all-american-60s-era-j-j/L-178,2026-06-jack-jill-o-rama,probable,Dawit Palmer and Corinne Smith,22160,leader,eepro
2026-06-jack-jill-o-rama/all-american-60s-era-j-j,2026-06-jack-jill-o-rama/all-american-60s-era-j-j/L-182,2026-06-jack-jill-o-rama,probable,Phillip Nicholson and Madi Fabber,26658,leader,eepro
2026-06-jack-jill-o-rama/all-american-60s-era-j-j,2026-06-jack-jill-o-rama/all-american-60s-era-j-j/L-184,2026-06-jack-jill-o-rama,probable,Scott Miller and Allysa Rees,9699,leader,eepro
2026-06-jack-jill-o-rama/all-american-60s-era-j-j,2026-06-jack-jill-o-rama/all-american-60s-era-j-j/L-21,2026-06-jack-jill-o-rama,unmatched,Srikar Bhagavatula and Nicole Bruner,,leader,eepro
2026-06-jack-jill-o-rama/all-american-60s-era-j-j,2026-06-jack-jill-o-rama/all-american-60s-era-j-j/L-213,2026-06-jack-jill-o-rama,probable,Blake Knoll and Sierra Burford,20830,leader,eepro
2026-06-jack-jill-o-rama/all-american-60s-era-j-j,2026-06-jack-jill-o-rama/all-american-60s-era-j-j/L-215,2026-06-jack-jill-o-rama,unmatched,Keerigan Rudd and Kelsey McDermott,,leader,eepro
2026-06-jack-jill-o-rama/all-american-60s-era-j-j,2026-06-jack-jill-o-rama/all-american-60s-era-j-j/L-22,2026-06-jack-jill-o-rama,probable,Ben McHenry and Lynne Yun,26843,leader,eepro
2026-06-jack-jill-o-rama/all-american-60s-era-j-j,2026-06-jack-jill-o-rama/all-american-60s-era-j-j/L-223,2026-06-jack-jill-o-rama,probable,Christopher Smoot and Kira Schubot,26479,leader,eepro
2026-06-jack-jill-o-rama/all-american-60s-era-j-j,2026-06-jack-jill-o-rama/all-american-60s-era-j-j/L-225,2026-06-jack-jill-o-rama,probable,Samuel Anspach and Elizabeth Wyke,19409,leader,eepro
2026-06-jack-jill-o-rama/all-american-60s-era-j-j,2026-06-jack-jill-o-rama/all-american-60s-era-j-j/L-228,2026-06-jack-jill-o-rama,probable,Miguel Abdala and Rachel Shook,14489,leader,eepro
2026-06-jack-jill-o-rama/all-american-60s-era-j-j,2026-06-jack-jill-o-rama/all-american-60s-era-j-j/L-23,2026-06-jack-jill-o-rama,unmatched,Ethan Tilton and Mia P,,leader,eepro
2026-06-jack-jill-o-rama/all-american-60s-era-j-j,2026-06-jack-jill-o-rama/all-american-60s-era-j-j/L-247,2026-06-jack-jill-o-rama,probable,Gabriel J Rogers and Haley hauglum,13528,leader,eepro
2026-06-jack-jill-o-rama/all-american-60s-era-j-j,2026-06-jack-jill-o-rama/all-american-60s-era-j-j/L-263,2026-06-jack-jill-o-rama,probable,Anton Bogatirev and Jenna Shimek,8472,leader,eepro
2026-06-jack-jill-o-rama/all-american-60s-era-j-j,2026-06-jack-jill-o-rama/all-american-60s-era-j-j/L-272,2026-06-jack-jill-o-rama,unmatched,Dexter Aronstam and Suma Datta,,leader,eepro
2026-06-jack-jill-o-rama/all-american-60s-era-j-j,2026-06-jack-jill-o-rama/all-american-60s-era-j-j/L-277,2026-06-jack-jill-o-rama,possible,Matt Richey and Nigelle Ferrer,,leader,eepro
2026-06-jack-jill-o-rama/all-american-60s-era-j-j,2026-06-jack-jill-o-rama/all-american-60s-era-j-j/L-287,2026-06-jack-jill-o-rama,probable,Tanin Kosol and Olivia Wilhelms,23322,leader,eepro
2026-06-jack-jill-o-rama/all-american-60s-era-j-j,2026-06-jack-jill-o-rama/all-american-60s-era-j-j/L-299,2026-06-jack-jill-o-rama,unmatched,Za Thomaier and Serena Hsu,,leader,eepro
2026-06-jack-jill-o-rama/all-american-60s-era-j-j,2026-06-jack-jill-o-rama/all-american-60s-era-j-j/L-31,2026-06-jack-jill-o-rama,probable,Philip Piersol and Sarah Brown,24039,leader,eepro
2026-06-jack-jill-o-rama/all-american-60s-era-j-j,2026-06-jack-jill-o-rama/all-american-60s-era-j-j/L-310,2026-06-jack-jill-o-rama,probable,Vincent van Mierlo and Rose Soiland,17780,leader,eepro
2026-06-jack-jill-o-rama/all-american-60s-era-j-j,2026-06-jack-jill-o-rama/all-american-60s-era-j-j/L-325,2026-06-jack-jill-o-rama,probable,Aris Demarco and Madalina Varlam,19224,leader,eepro
2026-06-jack-jill-o-rama/all-american-60s-era-j-j,2026-06-jack-jill-o-rama/all-american-60s-era-j-j/L-339,2026-06-jack-jill-o-rama,unmatched,Oz Hampton and Sami jo Buffington,,leader,eepro
2026-06-jack-jill-o-rama/all-american-60s-era-j-j,2026-06-jack-jill-o-rama/all-american-60s-era-j-j/L-340,2026-06-jack-jill-o-rama,possible,Cristian Martinez and Maru Hutchins,,leader,eepro
2026-06-jack-jill-o-rama/all-american-60s-era-j-j,2026-06-jack-jill-o-rama/all-american-60s-era-j-j/L-351,2026-06-jack-jill-o-rama,unmatched,Jesse Sanchez and Keiko Gibson,,leader,eepro
2026-06-jack-jill-o-rama/all-american-60s-era-j-j,2026-06-jack-jill-o-rama/all-american-60s-era-j-j/L-360,2026-06-jack-jill-o-rama,probable,Chase Warner and Laureen Baldovi,61,leader,eepro
2026-06-jack-jill-o-rama/all-american-60s-era-j-j,2026-06-jack-jill-o-rama/all-american-60s-era-j-j/L-361,2026-06-jack-jill-o-rama,probable,Tip West and Cheri Rafter,12573,leader,eepro
2026-06-jack-jill-o-rama/all-american-60s-era-j-j,2026-06-jack-jill-o-rama/all-american-60s-era-j-j/L-363,2026-06-jack-jill-o-rama,probable,Alfred Lee and Leah Lawrence,12159,leader,eepro
2026-06-jack-jill-o-rama/all-american-60s-era-j-j,2026-06-jack-jill-o-rama/all-american-60s-era-j-j/L-378,2026-06-jack-jill-o-rama,probable,Nathan Wong and Natasha Lykhenko,26001,leader,eepro
2026-06-jack-jill-o-rama/all-american-60s-era-j-j,2026-06-jack-jill-o-rama/all-american-60s-era-j-j/L-379,2026-06-jack-jill-o-rama,probable,Thomas Carter and Krista Young,22248,leader,eepro
2026-06-jack-jill-o-rama/all-american-60s-era-j-j,2026-06-jack-jill-o-rama/all-american-60s-era-j-j/L-391,2026-06-jack-jill-o-rama,unmatched,Hans Marasigan and Paige Solano,,leader,eepro
2026-06-jack-jill-o-rama/all-american-60s-era-j-j,2026-06-jack-jill-o-rama/all-american-60s-era-j-j/L-398,2026-06-jack-jill-o-rama,probable,Cai Garcia and Amber O'Connell,10951,leader,eepro
2026-06-jack-jill-o-rama/all-american-60s-era-j-j,2026-06-jack-jill-o-rama/all-american-60s-era-j-j/L-40,2026-06-jack-jill-o-rama,possible,Trenten Jackson and Laura T Thompson,,leader,eepro
2026-06-jack-jill-o-rama/all-american-60s-era-j-j,2026-06-jack-jill-o-rama/all-american-60s-era-j-j/L-419,2026-06-jack-jill-o-rama,unmatched,Chase Yandell and Madison Guevara,,leader,eepro
2026-06-jack-jill-o-rama/all-american-60s-era-j-j,2026-06-jack-jill-o-rama/all-american-60s-era-j-j/L-437,2026-06-jack-jill-o-rama,probable,Gideon Dipeso and Kareen Rivera,26610,leader,eepro
2026-06-jack-jill-o-rama/all-american-60s-era-j-j,2026-06-jack-jill-o-rama/all-american-60s-era-j-j/L-445,2026-06-jack-jill-o-rama,probable,Chad Garrett and Meirav Rotstein,27607,leader,eepro
2026-06-jack-jill-o-rama/all-american-60s-era-j-j,2026-06-jack-jill-o-rama/all-american-60s-era-j-j/L-447,2026-06-jack-jill-o-rama,probable,Dario Haxhia and Sarah Pickell,23609,leader,eepro
2026-06-jack-jill-o-rama/all-american-60s-era-j-j,2026-06-jack-jill-o-rama/all-american-60s-era-j-j/L-452,2026-06-jack-jill-o-rama,probable,Diana Fu and Anna Zeng,26512,leader,eepro
2026-06-jack-jill-o-rama/all-american-60s-era-j-j,2026-06-jack-jill-o-rama/all-american-60s-era-j-j/L-458,2026-06-jack-jill-o-rama,probable,John Lindo and Kelsey Rosenthal,27445,leader,eepro
2026-06-jack-jill-o-rama/all-american-60s-era-j-j,2026-06-jack-jill-o-rama/all-american-60s-era-j-j/L-459,2026-06-jack-jill-o-rama,probable,Julian Lee and Rachel Myre,21893,leader,eepro
2026-06-jack-jill-o-rama/all-american-60s-era-j-j,2026-06-jack-jill-o-rama/all-american-60s-era-j-j/L-466,2026-06-jack-jill-o-rama,probable,Paiton Hebert and Madison Broussard,22906,leader,eepro
2026-06-jack-jill-o-rama/all-american-60s-era-j-j,2026-06-jack-jill-o-rama/all-american-60s-era-j-j/L-481,2026-06-jack-jill-o-rama,probable,Nicholas Johnson and Leslie Neumann,27147,leader,eepro
2026-06-jack-jill-o-rama/all-american-60s-era-j-j,2026-06-jack-jill-o-rama/all-american-60s-era-j-j/L-488,2026-06-jack-jill-o-rama,probable,Sandile Keswa and Elise Holland,22525,leader,eepro
2026-06-jack-jill-o-rama/all-american-60s-era-j-j,2026-06-jack-jill-o-rama/all-american-60s-era-j-j/L-49,2026-06-jack-jill-o-rama,probable,Anthony Chen and Nicole Liu,17474,leader,eepro
2026-06-jack-jill-o-rama/all-american-60s-era-j-j,2026-06-jack-jill-o-rama/all-american-60s-era-j-j/L-491,2026-06-jack-jill-o-rama,probable,Marvin Koehler and Jade Bryan,9053,leader,eepro
2026-06-jack-jill-o-rama/all-american-60s-era-j-j,2026-06-jack-jill-o-rama/all-american-60s-era-j-j/L-528,2026-06-jack-jill-o-rama,probable,Joshua Hillis and Jung Kang,12572,leader,eepro
2026-06-jack-jill-o-rama/all-american-60s-era-j-j,2026-06-jack-jill-o-rama/all-american-60s-era-j-j/L-534,2026-06-jack-jill-o-rama,unmatched,Daniel Romero and Melissa Condori,,leader,eepro
2026-06-jack-jill-o-rama/all-american-60s-era-j-j,2026-06-jack-jill-o-rama/all-american-60s-era-j-j/L-535,2026-06-jack-jill-o-rama,probable,Brad Whelan and Gabrielle Scott,27997,leader,eepro
2026-06-jack-jill-o-rama/all-american-60s-era-j-j,2026-06-jack-jill-o-rama/all-american-60s-era-j-j/L-542,2026-06-jack-jill-o-rama,probable,James Kruczek and Lisa Maynes,3444,leader,eepro
2026-06-jack-jill-o-rama/all-american-60s-era-j-j,2026-06-jack-jill-o-rama/all-american-60s-era-j-j/L-55,2026-06-jack-jill-o-rama,probable,Rosemary Whitson and Shelby Evans,20474,leader,eepro
2026-06-jack-jill-o-rama/all-american-60s-era-j-j,2026-06-jack-jill-o-rama/all-american-60s-era-j-j/L-554,2026-06-jack-jill-o-rama,probable,Arthur Beltran and Halle Kocian,27150,leader,eepro
2026-06-jack-jill-o-rama/all-american-60s-era-j-j,2026-06-jack-jill-o-rama/all-american-60s-era-j-j/L-556,2026-06-jack-jill-o-rama,probable,Kaemon Heureux and Talía Colón,19091,leader,eepro
2026-06-jack-jill-o-rama/all-american-60s-era-j-j,2026-06-jack-jill-o-rama/all-american-60s-era-j-j/L-560,2026-06-jack-jill-o-rama,probable,Bobby Martinez and Shanna Porcari,6916,leader,eepro
2026-06-jack-jill-o-rama/all-american-60s-era-j-j,2026-06-jack-jill-o-rama/all-american-60s-era-j-j/L-562,2026-06-jack-jill-o-rama,probable,Everest and Pooja Sadarangani,28360,leader,eepro
2026-06-jack-jill-o-rama/all-american-60s-era-j-j,2026-06-jack-jill-o-rama/all-american-60s-era-j-j/L-565,2026-06-jack-jill-o-rama,unmatched,Omaid Karimi and Kenneth Morgan,,leader,eepro
2026-06-jack-jill-o-rama/all-american-60s-era-j-j,2026-06-jack-jill-o-rama/all-american-60s-era-j-j/L-567,2026-06-jack-jill-o-rama,probable,Josh Kneeland and Nicole Zwerlein,7637,leader,eepro
2026-06-jack-jill-o-rama/all-american-60s-era-j-j,2026-06-jack-jill-o-rama/all-american-60s-era-j-j/L-574,2026-06-jack-jill-o-rama,unmatched,Omar Gonzalez and Minou Anthony,,leader,eepro
2026-06-jack-jill-o-rama/all-american-60s-era-j-j,2026-06-jack-jill-o-rama/all-american-60s-era-j-j/L-575,2026-06-jack-jill-o-rama,probable,Teveya West and Elizabeth Spann,10719,leader,eepro
2026-06-jack-jill-o-rama/all-american-60s-era-j-j,2026-06-jack-jill-o-rama/all-american-60s-era-j-j/L-58,2026-06-jack-jill-o-rama,probable,Sam Vaden and Nicki Cacciato,13034,leader,eepro
2026-06-jack-jill-o-rama/all-american-60s-era-j-j,2026-06-jack-jill-o-rama/all-american-60s-era-j-j/L-582,2026-06-jack-jill-o-rama,probable,Red Elghazi and Avery Isaacs,15610,leader,eepro
2026-06-jack-jill-o-rama/all-american-60s-era-j-j,2026-06-jack-jill-o-rama/all-american-60s-era-j-j/L-585,2026-06-jack-jill-o-rama,probable,KP Rutland and Savannah Harris-Read,12821,leader,eepro
2026-06-jack-jill-o-rama/all-american-60s-era-j-j,2026-06-jack-jill-o-rama/all-american-60s-era-j-j/L-596,2026-06-jack-jill-o-rama,unmatched,Pierre Vittorio Sinajon and Shayla Boiuse,,leader,eepro
2026-06-jack-jill-o-rama/all-american-60s-era-j-j,2026-06-jack-jill-o-rama/all-american-60s-era-j-j/L-608,2026-06-jack-jill-o-rama,probable,Zac Skinner and Kindra Stevens,24857,leader,eepro
2026-06-jack-jill-o-rama/all-american-60s-era-j-j,2026-06-jack-jill-o-rama/all-american-60s-era-j-j/L-612,2026-06-jack-jill-o-rama,probable,Tien Khieu and Adele Strub,23808,leader,eepro
2026-06-jack-jill-o-rama/all-american-60s-era-j-j,2026-06-jack-jill-o-rama/all-american-60s-era-j-j/L-618,2026-06-jack-jill-o-rama,probable,Diego Rivera and Olga Khvan,9210,leader,eepro
2026-06-jack-jill-o-rama/all-american-60s-era-j-j,2026-06-jack-jill-o-rama/all-american-60s-era-j-j/L-619,2026-06-jack-jill-o-rama,probable,David Guido and Jasmine Morrison,23436,leader,eepro
2026-06-jack-jill-o-rama/all-american-60s-era-j-j,2026-06-jack-jill-o-rama/all-american-60s-era-j-j/L-619.,2026-06-jack-jill-o-rama,probable,David guido and Chloe Chapman,26521,leader,eepro
2026-06-jack-jill-o-rama/all-american-60s-era-j-j,2026-06-jack-jill-o-rama/all-american-60s-era-j-j/L-621,2026-06-jack-jill-o-rama,probable,Christopher Chung and Melissa Stirton,13748,leader,eepro
2026-06-jack-jill-o-rama/all-american-60s-era-j-j,2026-06-jack-jill-o-rama/all-american-60s-era-j-j/L-629,2026-06-jack-jill-o-rama,probable,Trevon Chaney and Carmen hyunsook Kim,10528,leader,eepro
2026-06-jack-jill-o-rama/all-american-60s-era-j-j,2026-06-jack-jill-o-rama/all-american-60s-era-j-j/L-634,2026-06-jack-jill-o-rama,possible,Anton Volodko and Emily Huang,,leader,eepro
2026-06-jack-jill-o-rama/all-american-60s-era-j-j,2026-06-jack-jill-o-rama/all-american-60s-era-j-j/L-639,2026-06-jack-jill-o-rama,unmatched,Chris Low and Elizabeth Burnett,,leader,eepro
2026-06-jack-jill-o-rama/all-american-60s-era-j-j,2026-06-jack-jill-o-rama/all-american-60s-era-j-j/L-640,2026-06-jack-jill-o-rama,unmatched,Niklas Johansson and Kim Kelch,,leader,eepro
2026-06-jack-jill-o-rama/all-american-60s-era-j-j,2026-06-jack-jill-o-rama/all-american-60s-era-j-j/L-650,2026-06-jack-jill-o-rama,probable,Peter Yin and Hannah Guttman,9806,leader,eepro
2026-06-jack-jill-o-rama/all-american-60s-era-j-j,2026-06-jack-jill-o-rama/all-american-60s-era-j-j/L-657,2026-06-jack-jill-o-rama,probable,Christopher Ellwood and Maddy Skinner,9140,leader,eepro
2026-06-jack-jill-o-rama/all-american-60s-era-j-j,2026-06-jack-jill-o-rama/all-american-60s-era-j-j/L-66,2026-06-jack-jill-o-rama,probable,Phil Beadnell and Regan Radulski,14031,leader,eepro
2026-06-jack-jill-o-rama/all-american-60s-era-j-j,2026-06-jack-jill-o-rama/all-american-60s-era-j-j/L-663,2026-06-jack-jill-o-rama,possible,Edem Attikese and Katie Vannetti,,leader,eepro
2026-06-jack-jill-o-rama/all-american-60s-era-j-j,2026-06-jack-jill-o-rama/all-american-60s-era-j-j/L-669,2026-06-jack-jill-o-rama,possible,Ryan Crutcher and Liza Hillman,,leader,eepro
2026-06-jack-jill-o-rama/all-american-60s-era-j-j,2026-06-jack-jill-o-rama/all-american-60s-era-j-j/L-673,2026-06-jack-jill-o-rama,unmatched,Jeffrey Wang and Fumiko Jenkins,,leader,eepro
2026-06-jack-jill-o-rama/all-american-60s-era-j-j,2026-06-jack-jill-o-rama/all-american-60s-era-j-j/L-674,2026-06-jack-jill-o-rama,probable,Joel Gibson and Alana Swift,25070,leader,eepro
2026-06-jack-jill-o-rama/all-american-60s-era-j-j,2026-06-jack-jill-o-rama/all-american-60s-era-j-j/L-676,2026-06-jack-jill-o-rama,probable,Jung Choe and Lindsay Gardner,26082,leader,eepro
2026-06-jack-jill-o-rama/all-american-60s-era-j-j,2026-06-jack-jill-o-rama/all-american-60s-era-j-j/L-679,2026-06-jack-jill-o-rama,unmatched,Robert Kleinhuizen and Larissa tingle,,leader,eepro
2026-06-jack-jill-o-rama/all-american-60s-era-j-j,2026-06-jack-jill-o-rama/all-american-60s-era-j-j/L-687,2026-06-jack-jill-o-rama,probable,Woody Bretz and Hyunhee Lee,19451,leader,eepro
2026-06-jack-jill-o-rama/all-american-60s-era-j-j,2026-06-jack-jill-o-rama/all-american-60s-era-j-j/L-693,2026-06-jack-jill-o-rama,probable,Glenn McCallum and Ashley Veal,21200,leader,eepro
2026-06-jack-jill-o-rama/all-american-60s-era-j-j,2026-06-jack-jill-o-rama/all-american-60s-era-j-j/L-696,2026-06-jack-jill-o-rama,probable,Robert Crocker and Skylar Pritchard,14770,leader,eepro
2026-06-jack-jill-o-rama/all-american-60s-era-j-j,2026-06-jack-jill-o-rama/all-american-60s-era-j-j/L-698,2026-06-jack-jill-o-rama,possible,Samantha Buckwalter and Kara Buckner,,leader,eepro
2026-06-jack-jill-o-rama/all-american-60s-era-j-j,2026-06-jack-jill-o-rama/all-american-60s-era-j-j/L-699,2026-06-jack-jill-o-rama,probable,Audrey hoo and Sarah Vann Drake,242,leader,eepro
2026-06-jack-jill-o-rama/all-american-60s-era-j-j,2026-06-jack-jill-o-rama/all-american-60s-era-j-j/L-70,2026-06-jack-jill-o-rama,probable,Henry Phan and Elisabeth Zosseder,8723,leader,eepro
2026-06-jack-jill-o-rama/all-american-60s-era-j-j,2026-06-jack-jill-o-rama/all-american-60s-era-j-j/L-716,2026-06-jack-jill-o-rama,probable,Spencer Gyore and Abigail Sewall,27926,leader,eepro
2026-06-jack-jill-o-rama/all-american-60s-era-j-j,2026-06-jack-jill-o-rama/all-american-60s-era-j-j/L-718,2026-06-jack-jill-o-rama,probable,David Mulford and Taylor Linahan,20813,leader,eepro
2026-06-jack-jill-o-rama/all-american-60s-era-j-j,2026-06-jack-jill-o-rama/all-american-60s-era-j-j/L-720,2026-06-jack-jill-o-rama,probable,Brian Sforzo and Rachel Hayes,16268,leader,eepro
2026-06-jack-jill-o-rama/all-american-60s-era-j-j,2026-06-jack-jill-o-rama/all-american-60s-era-j-j/L-722,2026-06-jack-jill-o-rama,probable,J Khayree Jones and Abigail Baker,6228,leader,eepro
2026-06-jack-jill-o-rama/all-american-60s-era-j-j,2026-06-jack-jill-o-rama/all-american-60s-era-j-j/L-728,2026-06-jack-jill-o-rama,probable,Julio Alvarez and Geneva Hall,22180,leader,eepro
2026-06-jack-jill-o-rama/all-american-60s-era-j-j,2026-06-jack-jill-o-rama/all-american-60s-era-j-j/L-735,2026-06-jack-jill-o-rama,unmatched,Aidan Keith-Hynes and Kristen Dvorak,,leader,eepro
2026-06-jack-jill-o-rama/all-american-60s-era-j-j,2026-06-jack-jill-o-rama/all-american-60s-era-j-j/L-738,2026-06-jack-jill-o-rama,probable,Calvin Cleveland and Janelle Guido,7202,leader,eepro
2026-06-jack-jill-o-rama/all-american-60s-era-j-j,2026-06-jack-jill-o-rama/all-american-60s-era-j-j/L-739,2026-06-jack-jill-o-rama,probable,Ulric Tyson and Khrystyna Cusimano,5704,leader,eepro
2026-06-jack-jill-o-rama/all-american-60s-era-j-j,2026-06-jack-jill-o-rama/all-american-60s-era-j-j/L-746,2026-06-jack-jill-o-rama,unmatched,David Deng and Katie Smiley,,leader,eepro
2026-06-jack-jill-o-rama/all-american-60s-era-j-j,2026-06-jack-jill-o-rama/all-american-60s-era-j-j/L-747,2026-06-jack-jill-o-rama,probable,George Martin and Srishti love,24241,leader,eepro
2026-06-jack-jill-o-rama/all-american-60s-era-j-j,2026-06-jack-jill-o-rama/all-american-60s-era-j-j/L-749,2026-06-jack-jill-o-rama,probable,Cesario Dos Santos and Souraya Lorenz,16989,leader,eepro
2026-06-jack-jill-o-rama/all-american-60s-era-j-j,2026-06-jack-jill-o-rama/all-american-60s-era-j-j/L-753,2026-06-jack-jill-o-rama,probable,Kyle Redd and Irina Amzashvili,16216,leader,eepro
2026-06-jack-jill-o-rama/all-american-60s-era-j-j,2026-06-jack-jill-o-rama/all-american-60s-era-j-j/L-774,2026-06-jack-jill-o-rama,probable,Deon Harrell and Miho Myojin,19167,leader,eepro
2026-06-jack-jill-o-rama/all-american-60s-era-j-j,2026-06-jack-jill-o-rama/all-american-60s-era-j-j/L-777,2026-06-jack-jill-o-rama,probable,Ben O'Neal and Alyssa Kim,22604,leader,eepro
2026-06-jack-jill-o-rama/all-american-60s-era-j-j,2026-06-jack-jill-o-rama/all-american-60s-era-j-j/L-82,2026-06-jack-jill-o-rama,probable,Jeffrey Huynh and KD Kaiser,23687,leader,eepro
2026-06-jack-jill-o-rama/all-american-60s-era-j-j,2026-06-jack-jill-o-rama/all-american-60s-era-j-j/L-871,2026-06-jack-jill-o-rama,unmatched,Kyle Redd and Irina Amzashvili,,leader,eepro
2026-06-jack-jill-o-rama/all-american-60s-era-j-j,2026-06-jack-jill-o-rama/all-american-60s-era-j-j/L-9,2026-06-jack-jill-o-rama,unmatched,Paul Nunez and Natalie Silva,,leader,eepro
2026-06-jack-jill-o-rama/all-american-60s-era-j-j,2026-06-jack-jill-o-rama/all-american-60s-era-j-j/L-90,2026-06-jack-jill-o-rama,probable,Yu Sun and Marie-Pascale Cote,18091,leader,eepro
2026-06-jack-jill-o-rama/all-american-60s-era-j-j,2026-06-jack-jill-o-rama/all-american-60s-era-j-j/L-96,2026-06-jack-jill-o-rama,unmatched,Richard Fu and Marianne Mercer,,leader,eepro
2026-06-jack-jill-o-rama/intermediate-pro-follow-am-lead-j-j-intermediate,2026-06-jack-jill-o-rama/intermediate-pro-follow-am-lead-j-j-intermediate/L-104,2026-06-jack-jill-o-rama,probable,Elliott Sweeney and Corinne Smith,21609,leader,eepro
2026-06-jack-jill-o-rama/intermediate-pro-follow-am-lead-j-j-intermediate,2026-06-jack-jill-o-rama/intermediate-pro-follow-am-lead-j-j-intermediate/L-140,2026-06-jack-jill-o-rama,unmatched,Alice Li and Morgan Hearrell,,leader,eepro
2026-06-jack-jill-o-rama/intermediate-pro-follow-am-lead-j-j-intermediate,2026-06-jack-jill-o-rama/intermediate-pro-follow-am-lead-j-j-intermediate/L-152,2026-06-jack-jill-o-rama,unmatched,Harrison Fang and Nicki Cacciato,,leader,eepro
2026-06-jack-jill-o-rama/intermediate-pro-follow-am-lead-j-j-intermediate,2026-06-jack-jill-o-rama/intermediate-pro-follow-am-lead-j-j-intermediate/L-163,2026-06-jack-jill-o-rama,unmatched,Divy Ravindranath and Courtney Mejias,,leader,eepro
2026-06-jack-jill-o-rama/intermediate-pro-follow-am-lead-j-j-intermediate,2026-06-jack-jill-o-rama/intermediate-pro-follow-am-lead-j-j-intermediate/L-168,2026-06-jack-jill-o-rama,unmatched,Jefferson Flowers and Elizabeth Spann,,leader,eepro
2026-06-jack-jill-o-rama/intermediate-pro-follow-am-lead-j-j-intermediate,2026-06-jack-jill-o-rama/intermediate-pro-follow-am-lead-j-j-intermediate/L-171,2026-06-jack-jill-o-rama,probable,Richard Zou and Nicole Zwerlein,26672,leader,eepro
2026-06-jack-jill-o-rama/intermediate-pro-follow-am-lead-j-j-intermediate,2026-06-jack-jill-o-rama/intermediate-pro-follow-am-lead-j-j-intermediate/L-189,2026-06-jack-jill-o-rama,unmatched,Christa Farmer and Elizabeth Wyke,,leader,eepro
2026-06-jack-jill-o-rama/intermediate-pro-follow-am-lead-j-j-intermediate,2026-06-jack-jill-o-rama/intermediate-pro-follow-am-lead-j-j-intermediate/L-191,2026-06-jack-jill-o-rama,unmatched,Diego Brea and Olga Khvan,,leader,eepro
2026-06-jack-jill-o-rama/intermediate-pro-follow-am-lead-j-j-intermediate,2026-06-jack-jill-o-rama/intermediate-pro-follow-am-lead-j-j-intermediate/L-211,2026-06-jack-jill-o-rama,unmatched,David Herlihy and Phoenix Grey,,leader,eepro
2026-06-jack-jill-o-rama/intermediate-pro-follow-am-lead-j-j-intermediate,2026-06-jack-jill-o-rama/intermediate-pro-follow-am-lead-j-j-intermediate/L-219,2026-06-jack-jill-o-rama,unmatched,Thomas Crockett and Rachel Holdren,,leader,eepro
2026-06-jack-jill-o-rama/intermediate-pro-follow-am-lead-j-j-intermediate,2026-06-jack-jill-o-rama/intermediate-pro-follow-am-lead-j-j-intermediate/L-222,2026-06-jack-jill-o-rama,unmatched,Colton Kaiser and Sierra Burford,,leader,eepro
2026-06-jack-jill-o-rama/intermediate-pro-follow-am-lead-j-j-intermediate,2026-06-jack-jill-o-rama/intermediate-pro-follow-am-lead-j-j-intermediate/L-228,2026-06-jack-jill-o-rama,unmatched,Miguel Abdala and Rachel Phelps,,leader,eepro
2026-06-jack-jill-o-rama/intermediate-pro-follow-am-lead-j-j-intermediate,2026-06-jack-jill-o-rama/intermediate-pro-follow-am-lead-j-j-intermediate/L-283,2026-06-jack-jill-o-rama,unmatched,Alison Gibson and Giulia Rusch,,leader,eepro
2026-06-jack-jill-o-rama/intermediate-pro-follow-am-lead-j-j-intermediate,2026-06-jack-jill-o-rama/intermediate-pro-follow-am-lead-j-j-intermediate/L-293,2026-06-jack-jill-o-rama,unmatched,Jason Math and Rachel Shook,,leader,eepro
2026-06-jack-jill-o-rama/intermediate-pro-follow-am-lead-j-j-intermediate,2026-06-jack-jill-o-rama/intermediate-pro-follow-am-lead-j-j-intermediate/L-383,2026-06-jack-jill-o-rama,unmatched,Zachary Pappalau and Shelby Evans,,leader,eepro
2026-06-jack-jill-o-rama/intermediate-pro-follow-am-lead-j-j-intermediate,2026-06-jack-jill-o-rama/intermediate-pro-follow-am-lead-j-j-intermediate/L-398,2026-06-jack-jill-o-rama,unmatched,Cai Garcia and Rose Soiland,,leader,eepro
2026-06-jack-jill-o-rama/intermediate-pro-follow-am-lead-j-j-intermediate,2026-06-jack-jill-o-rama/intermediate-pro-follow-am-lead-j-j-intermediate/L-410,2026-06-jack-jill-o-rama,unmatched,Robert Burtt and Hyunhee Lee,,leader,eepro
2026-06-jack-jill-o-rama/intermediate-pro-follow-am-lead-j-j-intermediate,2026-06-jack-jill-o-rama/intermediate-pro-follow-am-lead-j-j-intermediate/L-419,2026-06-jack-jill-o-rama,unmatched,Chase Yandell and Jade Bryan,,leader,eepro
2026-06-jack-jill-o-rama/intermediate-pro-follow-am-lead-j-j-intermediate,2026-06-jack-jill-o-rama/intermediate-pro-follow-am-lead-j-j-intermediate/L-422,2026-06-jack-jill-o-rama,unmatched,Michael Roberge and Samantha Buckwalter,,leader,eepro
2026-06-jack-jill-o-rama/intermediate-pro-follow-am-lead-j-j-intermediate,2026-06-jack-jill-o-rama/intermediate-pro-follow-am-lead-j-j-intermediate/L-445,2026-06-jack-jill-o-rama,unmatched,Chad Garrett and Savannah Harris-Read,,leader,eepro
2026-06-jack-jill-o-rama/intermediate-pro-follow-am-lead-j-j-intermediate,2026-06-jack-jill-o-rama/intermediate-pro-follow-am-lead-j-j-intermediate/L-462,2026-06-jack-jill-o-rama,unmatched,Melissa Miller and Janelle Guido,,leader,eepro
2026-06-jack-jill-o-rama/intermediate-pro-follow-am-lead-j-j-intermediate,2026-06-jack-jill-o-rama/intermediate-pro-follow-am-lead-j-j-intermediate/L-474,2026-06-jack-jill-o-rama,unmatched,Brennan Stanford and Jasmine Morrison,,leader,eepro
2026-06-jack-jill-o-rama/intermediate-pro-follow-am-lead-j-j-intermediate,2026-06-jack-jill-o-rama/intermediate-pro-follow-am-lead-j-j-intermediate/L-481,2026-06-jack-jill-o-rama,unmatched,Nicholas Johnson and Shanna Porcari,,leader,eepro
2026-06-jack-jill-o-rama/intermediate-pro-follow-am-lead-j-j-intermediate,2026-06-jack-jill-o-rama/intermediate-pro-follow-am-lead-j-j-intermediate/L-488,2026-06-jack-jill-o-rama,unmatched,Sandile Keswa and Jenna Shimek,,leader,eepro
2026-06-jack-jill-o-rama/intermediate-pro-follow-am-lead-j-j-intermediate,2026-06-jack-jill-o-rama/intermediate-pro-follow-am-lead-j-j-intermediate/L-51,2026-06-jack-jill-o-rama,unmatched,Harish Kommineni and Melissa Stirton,,leader,eepro
2026-06-jack-jill-o-rama/intermediate-pro-follow-am-lead-j-j-intermediate,2026-06-jack-jill-o-rama/intermediate-pro-follow-am-lead-j-j-intermediate/L-512,2026-06-jack-jill-o-rama,unmatched,Connor Metz and Sharon Her,,leader,eepro
2026-06-jack-jill-o-rama/intermediate-pro-follow-am-lead-j-j-intermediate,2026-06-jack-jill-o-rama/intermediate-pro-follow-am-lead-j-j-intermediate/L-529,2026-06-jack-jill-o-rama,unmatched,Messiha Sherwin and Shayla Bouise,,leader,eepro
2026-06-jack-jill-o-rama/intermediate-pro-follow-am-lead-j-j-intermediate,2026-06-jack-jill-o-rama/intermediate-pro-follow-am-lead-j-j-intermediate/L-560,2026-06-jack-jill-o-rama,unmatched,Bobby Martinez and Julie Winspear,,leader,eepro
2026-06-jack-jill-o-rama/intermediate-pro-follow-am-lead-j-j-intermediate,2026-06-jack-jill-o-rama/intermediate-pro-follow-am-lead-j-j-intermediate/L-569,2026-06-jack-jill-o-rama,unmatched,Zachary Arredondo and Katie Smiley,,leader,eepro
2026-06-jack-jill-o-rama/intermediate-pro-follow-am-lead-j-j-intermediate,2026-06-jack-jill-o-rama/intermediate-pro-follow-am-lead-j-j-intermediate/L-594,2026-06-jack-jill-o-rama,unmatched,Breydon Lyall and Abigail Baker,,leader,eepro
2026-06-jack-jill-o-rama/intermediate-pro-follow-am-lead-j-j-intermediate,2026-06-jack-jill-o-rama/intermediate-pro-follow-am-lead-j-j-intermediate/L-643,2026-06-jack-jill-o-rama,unmatched,Elaine Dimal and Allysa Rees,,leader,eepro
2026-06-jack-jill-o-rama/intermediate-pro-follow-am-lead-j-j-intermediate,2026-06-jack-jill-o-rama/intermediate-pro-follow-am-lead-j-j-intermediate/L-654,2026-06-jack-jill-o-rama,probable,Brett Campbell and Khrystyna Cusimano,27709,leader,eepro
2026-06-jack-jill-o-rama/intermediate-pro-follow-am-lead-j-j-intermediate,2026-06-jack-jill-o-rama/intermediate-pro-follow-am-lead-j-j-intermediate/L-665,2026-06-jack-jill-o-rama,unmatched,Peter Castro and Kristen Shaw,,leader,eepro
2026-06-jack-jill-o-rama/intermediate-pro-follow-am-lead-j-j-intermediate,2026-06-jack-jill-o-rama/intermediate-pro-follow-am-lead-j-j-intermediate/L-673,2026-06-jack-jill-o-rama,probable,Jeffrey Wang and Kristen Wallace,13210,leader,eepro
2026-06-jack-jill-o-rama/intermediate-pro-follow-am-lead-j-j-intermediate,2026-06-jack-jill-o-rama/intermediate-pro-follow-am-lead-j-j-intermediate/L-689,2026-06-jack-jill-o-rama,unmatched,Alvin Liang and Laureen Baldovi,,leader,eepro
2026-06-jack-jill-o-rama/intermediate-pro-follow-am-lead-j-j-intermediate,2026-06-jack-jill-o-rama/intermediate-pro-follow-am-lead-j-j-intermediate/L-699,2026-06-jack-jill-o-rama,unmatched,Audrey Hoo and Skylar Pritchard,,leader,eepro
2026-06-jack-jill-o-rama/intermediate-pro-follow-am-lead-j-j-intermediate,2026-06-jack-jill-o-rama/intermediate-pro-follow-am-lead-j-j-intermediate/L-709,2026-06-jack-jill-o-rama,unmatched,Spencer Spiegel and Amber O'Connell,,leader,eepro
2026-06-jack-jill-o-rama/intermediate-pro-follow-am-lead-j-j-intermediate,2026-06-jack-jill-o-rama/intermediate-pro-follow-am-lead-j-j-intermediate/L-719,2026-06-jack-jill-o-rama,unmatched,Laura Hunter and Ashley Broussard,,leader,eepro
2026-06-jack-jill-o-rama/intermediate-pro-follow-am-lead-j-j-intermediate,2026-06-jack-jill-o-rama/intermediate-pro-follow-am-lead-j-j-intermediate/L-738,2026-06-jack-jill-o-rama,unmatched,Calvin Cleveland and Avery Isaacs,,leader,eepro
2026-06-jack-jill-o-rama/intermediate-pro-follow-am-lead-j-j-intermediate,2026-06-jack-jill-o-rama/intermediate-pro-follow-am-lead-j-j-intermediate/L-748,2026-06-jack-jill-o-rama,unmatched,Vincent Meyer and Liza Hillman,,leader,eepro
2026-06-jack-jill-o-rama/intermediate-pro-follow-am-lead-j-j-intermediate,2026-06-jack-jill-o-rama/intermediate-pro-follow-am-lead-j-j-intermediate/L-750,2026-06-jack-jill-o-rama,unmatched,Leon Kong and Maddy Skinner,,leader,eepro
2026-06-jack-jill-o-rama/intermediate-pro-follow-am-lead-j-j-intermediate,2026-06-jack-jill-o-rama/intermediate-pro-follow-am-lead-j-j-intermediate/L-758,2026-06-jack-jill-o-rama,unmatched,Curtis Promislow and Maria Ivanova,,leader,eepro
2026-06-jack-jill-o-rama/intermediate-pro-follow-am-lead-j-j-intermediate,2026-06-jack-jill-o-rama/intermediate-pro-follow-am-lead-j-j-intermediate/L-762,2026-06-jack-jill-o-rama,unmatched,Timothy Scott and Marie-Pascale Cote,,leader,eepro
2026-06-jack-jill-o-rama/intermediate-pro-follow-am-lead-j-j-intermediate,2026-06-jack-jill-o-rama/intermediate-pro-follow-am-lead-j-j-intermediate/L-775,2026-06-jack-jill-o-rama,unmatched,Tom Hogue and Hannah Guttman,,leader,eepro
2026-06-jack-jill-o-rama/intermediate-pro-follow-am-lead-j-j-intermediate,2026-06-jack-jill-o-rama/intermediate-pro-follow-am-lead-j-j-intermediate/L-94,2026-06-jack-jill-o-rama,unmatched,Jonathan Hsieh and Mia Primavera,,leader,eepro
2026-06-jack-jill-o-rama/intermediate-pro-lead-am-follow-j-j-intermediate,2026-06-jack-jill-o-rama/intermediate-pro-lead-am-follow-j-j-intermediate/L-106,2026-06-jack-jill-o-rama,unmatched,Anna Zeng and David Deng,,leader,eepro
2026-06-jack-jill-o-rama/intermediate-pro-lead-am-follow-j-j-intermediate,2026-06-jack-jill-o-rama/intermediate-pro-lead-am-follow-j-j-intermediate/L-117,2026-06-jack-jill-o-rama,unmatched,Suzy Ackerman and Paul Nunez,,leader,eepro
2026-06-jack-jill-o-rama/intermediate-pro-lead-am-follow-j-j-intermediate,2026-06-jack-jill-o-rama/intermediate-pro-lead-am-follow-j-j-intermediate/L-123,2026-06-jack-jill-o-rama,unmatched,Anna Guarino and Peter Yin,,leader,eepro
2026-06-jack-jill-o-rama/intermediate-pro-lead-am-follow-j-j-intermediate,2026-06-jack-jill-o-rama/intermediate-pro-lead-am-follow-j-j-intermediate/L-157,2026-06-jack-jill-o-rama,unmatched,Igor Laryukhin and Robert Crocker,,leader,eepro
2026-06-jack-jill-o-rama/intermediate-pro-lead-am-follow-j-j-intermediate,2026-06-jack-jill-o-rama/intermediate-pro-lead-am-follow-j-j-intermediate/L-162,2026-06-jack-jill-o-rama,unmatched,Kara Buckner and David Guido,,leader,eepro
2026-06-jack-jill-o-rama/intermediate-pro-lead-am-follow-j-j-intermediate,2026-06-jack-jill-o-rama/intermediate-pro-lead-am-follow-j-j-intermediate/L-177,2026-06-jack-jill-o-rama,unmatched,Liannah Kovacs and David Mulford,,leader,eepro
2026-06-jack-jill-o-rama/intermediate-pro-lead-am-follow-j-j-intermediate,2026-06-jack-jill-o-rama/intermediate-pro-lead-am-follow-j-j-intermediate/L-180,2026-06-jack-jill-o-rama,unmatched,Stella Kautzman and Trenten Jackson,,leader,eepro
2026-06-jack-jill-o-rama/intermediate-pro-lead-am-follow-j-j-intermediate,2026-06-jack-jill-o-rama/intermediate-pro-lead-am-follow-j-j-intermediate/L-183,2026-06-jack-jill-o-rama,unmatched,Rachel Myre and Zac Skinner,,leader,eepro
2026-06-jack-jill-o-rama/intermediate-pro-lead-am-follow-j-j-intermediate,2026-06-jack-jill-o-rama/intermediate-pro-lead-am-follow-j-j-intermediate/L-196,2026-06-jack-jill-o-rama,unmatched,Susy Li and Trevon Chaney,,leader,eepro
2026-06-jack-jill-o-rama/intermediate-pro-lead-am-follow-j-j-intermediate,2026-06-jack-jill-o-rama/intermediate-pro-lead-am-follow-j-j-intermediate/L-210,2026-06-jack-jill-o-rama,unmatched,Heather Sabel and Dexter Aronstam,,leader,eepro
2026-06-jack-jill-o-rama/intermediate-pro-lead-am-follow-j-j-intermediate,2026-06-jack-jill-o-rama/intermediate-pro-lead-am-follow-j-j-intermediate/L-243,2026-06-jack-jill-o-rama,unmatched,Vanessa Vitiello and Guigo Sortica,,leader,eepro
2026-06-jack-jill-o-rama/intermediate-pro-lead-am-follow-j-j-intermediate,2026-06-jack-jill-o-rama/intermediate-pro-lead-am-follow-j-j-intermediate/L-271,2026-06-jack-jill-o-rama,unmatched,Amy Sleeper and Vincent van Mierlo,,leader,eepro
2026-06-jack-jill-o-rama/intermediate-pro-lead-am-follow-j-j-intermediate,2026-06-jack-jill-o-rama/intermediate-pro-lead-am-follow-j-j-intermediate/L-276,2026-06-jack-jill-o-rama,unmatched,Danyah Bray and Ryan Crutcher,,leader,eepro
2026-06-jack-jill-o-rama/intermediate-pro-lead-am-follow-j-j-intermediate,2026-06-jack-jill-o-rama/intermediate-pro-lead-am-follow-j-j-intermediate/L-309,2026-06-jack-jill-o-rama,unmatched,Andres Cedeno and Ryan Maldonado,,leader,eepro
2026-06-jack-jill-o-rama/intermediate-pro-lead-am-follow-j-j-intermediate,2026-06-jack-jill-o-rama/intermediate-pro-lead-am-follow-j-j-intermediate/L-311,2026-06-jack-jill-o-rama,unmatched,Leti Gold and Jacob Reding,,leader,eepro
2026-06-jack-jill-o-rama/intermediate-pro-lead-am-follow-j-j-intermediate,2026-06-jack-jill-o-rama/intermediate-pro-lead-am-follow-j-j-intermediate/L-330,2026-06-jack-jill-o-rama,unmatched,Vanessa Valdez and Sam Vaden,,leader,eepro
2026-06-jack-jill-o-rama/intermediate-pro-lead-am-follow-j-j-intermediate,2026-06-jack-jill-o-rama/intermediate-pro-lead-am-follow-j-j-intermediate/L-337,2026-06-jack-jill-o-rama,unmatched,Bee Betancourt and Donnie Carl,,leader,eepro
2026-06-jack-jill-o-rama/intermediate-pro-lead-am-follow-j-j-intermediate,2026-06-jack-jill-o-rama/intermediate-pro-lead-am-follow-j-j-intermediate/L-338,2026-06-jack-jill-o-rama,unmatched,Melanie Nguyen and Ryan Boz,,leader,eepro
2026-06-jack-jill-o-rama/intermediate-pro-lead-am-follow-j-j-intermediate,2026-06-jack-jill-o-rama/intermediate-pro-lead-am-follow-j-j-intermediate/L-349,2026-06-jack-jill-o-rama,unmatched,Brian Nuyen and Joel Gibson,,leader,eepro
2026-06-jack-jill-o-rama/intermediate-pro-lead-am-follow-j-j-intermediate,2026-06-jack-jill-o-rama/intermediate-pro-lead-am-follow-j-j-intermediate/L-352,2026-06-jack-jill-o-rama,unmatched,Kayla Cunningham and Yu Sun,,leader,eepro
2026-06-jack-jill-o-rama/intermediate-pro-lead-am-follow-j-j-intermediate,2026-06-jack-jill-o-rama/intermediate-pro-lead-am-follow-j-j-intermediate/L-371,2026-06-jack-jill-o-rama,unmatched,Serena Hsu and John Lindo,,leader,eepro
2026-06-jack-jill-o-rama/intermediate-pro-lead-am-follow-j-j-intermediate,2026-06-jack-jill-o-rama/intermediate-pro-lead-am-follow-j-j-intermediate/L-372,2026-06-jack-jill-o-rama,unmatched,Theresa Fajardo and Julian Lee,,leader,eepro
2026-06-jack-jill-o-rama/intermediate-pro-lead-am-follow-j-j-intermediate,2026-06-jack-jill-o-rama/intermediate-pro-lead-am-follow-j-j-intermediate/L-375,2026-06-jack-jill-o-rama,unmatched,Nicolette Flores and Julio Alvarez,,leader,eepro
2026-06-jack-jill-o-rama/intermediate-pro-lead-am-follow-j-j-intermediate,2026-06-jack-jill-o-rama/intermediate-pro-lead-am-follow-j-j-intermediate/L-403,2026-06-jack-jill-o-rama,unmatched,Kareen Rivera and Samuel Anspach,,leader,eepro
2026-06-jack-jill-o-rama/intermediate-pro-lead-am-follow-j-j-intermediate,2026-06-jack-jill-o-rama/intermediate-pro-lead-am-follow-j-j-intermediate/L-404,2026-06-jack-jill-o-rama,unmatched,Sarah Faith Kim and Jung Choe,,leader,eepro
2026-06-jack-jill-o-rama/intermediate-pro-lead-am-follow-j-j-intermediate,2026-06-jack-jill-o-rama/intermediate-pro-lead-am-follow-j-j-intermediate/L-413,2026-06-jack-jill-o-rama,unmatched,Parker Lauren and Srikar Bhagavatula,,leader,eepro
2026-06-jack-jill-o-rama/intermediate-pro-lead-am-follow-j-j-intermediate,2026-06-jack-jill-o-rama/intermediate-pro-lead-am-follow-j-j-intermediate/L-417,2026-06-jack-jill-o-rama,unmatched,Jessica Greene and Keerigan Rudd,,leader,eepro
2026-06-jack-jill-o-rama/intermediate-pro-lead-am-follow-j-j-intermediate,2026-06-jack-jill-o-rama/intermediate-pro-lead-am-follow-j-j-intermediate/L-418,2026-06-jack-jill-o-rama,unmatched,Karen Gee and Aidan Keith-Hynes,,leader,eepro
2026-06-jack-jill-o-rama/intermediate-pro-lead-am-follow-j-j-intermediate,2026-06-jack-jill-o-rama/intermediate-pro-lead-am-follow-j-j-intermediate/L-420,2026-06-jack-jill-o-rama,unmatched,Adele Strub and Alexander Nguyen,,leader,eepro
2026-06-jack-jill-o-rama/intermediate-pro-lead-am-follow-j-j-intermediate,2026-06-jack-jill-o-rama/intermediate-pro-lead-am-follow-j-j-intermediate/L-429,2026-06-jack-jill-o-rama,unmatched,Heather Maddigan and Kevin Rafter,,leader,eepro
2026-06-jack-jill-o-rama/intermediate-pro-lead-am-follow-j-j-intermediate,2026-06-jack-jill-o-rama/intermediate-pro-lead-am-follow-j-j-intermediate/L-449,2026-06-jack-jill-o-rama,unmatched,Maru Hutchins and Alfred Lee,,leader,eepro
2026-06-jack-jill-o-rama/intermediate-pro-lead-am-follow-j-j-intermediate,2026-06-jack-jill-o-rama/intermediate-pro-lead-am-follow-j-j-intermediate/L-451,2026-06-jack-jill-o-rama,unmatched,Robyn Giffen and jeff Wingo,,leader,eepro
2026-06-jack-jill-o-rama/intermediate-pro-lead-am-follow-j-j-intermediate,2026-06-jack-jill-o-rama/intermediate-pro-lead-am-follow-j-j-intermediate/L-456,2026-06-jack-jill-o-rama,unmatched,Emily Munck and Marvin Koehler,,leader,eepro
2026-06-jack-jill-o-rama/intermediate-pro-lead-am-follow-j-j-intermediate,2026-06-jack-jill-o-rama/intermediate-pro-lead-am-follow-j-j-intermediate/L-469,2026-06-jack-jill-o-rama,unmatched,Chloe Chapman and Matt Richey,,leader,eepro
2026-06-jack-jill-o-rama/intermediate-pro-lead-am-follow-j-j-intermediate,2026-06-jack-jill-o-rama/intermediate-pro-lead-am-follow-j-j-intermediate/L-479,2026-06-jack-jill-o-rama,unmatched,Sonyeo Yun and Marcus sterling,,leader,eepro
2026-06-jack-jill-o-rama/intermediate-pro-lead-am-follow-j-j-intermediate,2026-06-jack-jill-o-rama/intermediate-pro-lead-am-follow-j-j-intermediate/L-489,2026-06-jack-jill-o-rama,unmatched,Souraya Lorenz and Thomas Carter,,leader,eepro
2026-06-jack-jill-o-rama/intermediate-pro-lead-am-follow-j-j-intermediate,2026-06-jack-jill-o-rama/intermediate-pro-lead-am-follow-j-j-intermediate/L-490,2026-06-jack-jill-o-rama,unmatched,Maggie Silverman and Tip West,,leader,eepro
2026-06-jack-jill-o-rama/intermediate-pro-lead-am-follow-j-j-intermediate,2026-06-jack-jill-o-rama/intermediate-pro-lead-am-follow-j-j-intermediate/L-495,2026-06-jack-jill-o-rama,unmatched,Amber Newell and Tony Schubert,,leader,eepro
2026-06-jack-jill-o-rama/intermediate-pro-lead-am-follow-j-j-intermediate,2026-06-jack-jill-o-rama/intermediate-pro-lead-am-follow-j-j-intermediate/L-501,2026-06-jack-jill-o-rama,unmatched,Rachel Lai and Aris Demarco,,leader,eepro
2026-06-jack-jill-o-rama/intermediate-pro-lead-am-follow-j-j-intermediate,2026-06-jack-jill-o-rama/intermediate-pro-lead-am-follow-j-j-intermediate/L-506,2026-06-jack-jill-o-rama,unmatched,Morgan Halstead and Austin Kois,,leader,eepro
2026-06-jack-jill-o-rama/intermediate-pro-lead-am-follow-j-j-intermediate,2026-06-jack-jill-o-rama/intermediate-pro-lead-am-follow-j-j-intermediate/L-521,2026-06-jack-jill-o-rama,unmatched,Jasmine Mendiola and Ben McHenry,,leader,eepro
2026-06-jack-jill-o-rama/intermediate-pro-lead-am-follow-j-j-intermediate,2026-06-jack-jill-o-rama/intermediate-pro-lead-am-follow-j-j-intermediate/L-524,2026-06-jack-jill-o-rama,unmatched,Kathy Tang and Trenten Jackson,,leader,eepro
2026-06-jack-jill-o-rama/intermediate-pro-lead-am-follow-j-j-intermediate,2026-06-jack-jill-o-rama/intermediate-pro-lead-am-follow-j-j-intermediate/L-548,2026-06-jack-jill-o-rama,unmatched,Faye Jones and Ben O'Neal,,leader,eepro
2026-06-jack-jill-o-rama/intermediate-pro-lead-am-follow-j-j-intermediate,2026-06-jack-jill-o-rama/intermediate-pro-lead-am-follow-j-j-intermediate/L-549,2026-06-jack-jill-o-rama,unmatched,Amanda Ho and Brad Whelan,,leader,eepro
2026-06-jack-jill-o-rama/intermediate-pro-lead-am-follow-j-j-intermediate,2026-06-jack-jill-o-rama/intermediate-pro-lead-am-follow-j-j-intermediate/L-557,2026-06-jack-jill-o-rama,unmatched,Alesia Haxhia and Trevon Chaney,,leader,eepro
2026-06-jack-jill-o-rama/intermediate-pro-lead-am-follow-j-j-intermediate,2026-06-jack-jill-o-rama/intermediate-pro-lead-am-follow-j-j-intermediate/L-581,2026-06-jack-jill-o-rama,unmatched,Tina lin and Bradley Wendt,,leader,eepro
2026-06-jack-jill-o-rama/intermediate-pro-lead-am-follow-j-j-intermediate,2026-06-jack-jill-o-rama/intermediate-pro-lead-am-follow-j-j-intermediate/L-603,2026-06-jack-jill-o-rama,unmatched,Nicole Liu and Vincent van Mierlo,,leader,eepro
2026-06-jack-jill-o-rama/intermediate-pro-lead-am-follow-j-j-intermediate,2026-06-jack-jill-o-rama/intermediate-pro-lead-am-follow-j-j-intermediate/L-604,2026-06-jack-jill-o-rama,unmatched,Nina Cheré Nørgaard and Donnie Carl,,leader,eepro
2026-06-jack-jill-o-rama/intermediate-pro-lead-am-follow-j-j-intermediate,2026-06-jack-jill-o-rama/intermediate-pro-lead-am-follow-j-j-intermediate/L-609,2026-06-jack-jill-o-rama,unmatched,Yue Yu and Nathan Wong,,leader,eepro
2026-06-jack-jill-o-rama/intermediate-pro-lead-am-follow-j-j-intermediate,2026-06-jack-jill-o-rama/intermediate-pro-lead-am-follow-j-j-intermediate/L-623,2026-06-jack-jill-o-rama,unmatched,Stacey Potter and Kyle Redd,,leader,eepro
2026-06-jack-jill-o-rama/intermediate-pro-lead-am-follow-j-j-intermediate,2026-06-jack-jill-o-rama/intermediate-pro-lead-am-follow-j-j-intermediate/L-625,2026-06-jack-jill-o-rama,unmatched,Fiona Callaghan and Daniel Romero,,leader,eepro
2026-06-jack-jill-o-rama/intermediate-pro-lead-am-follow-j-j-intermediate,2026-06-jack-jill-o-rama/intermediate-pro-lead-am-follow-j-j-intermediate/L-637,2026-06-jack-jill-o-rama,unmatched,Minjia Ching and Chase Warner,,leader,eepro
2026-06-jack-jill-o-rama/intermediate-pro-lead-am-follow-j-j-intermediate,2026-06-jack-jill-o-rama/intermediate-pro-lead-am-follow-j-j-intermediate/L-65,2026-06-jack-jill-o-rama,unmatched,Alana Swift and Srikar Bhagavatula,,leader,eepro
2026-06-jack-jill-o-rama/intermediate-pro-lead-am-follow-j-j-intermediate,2026-06-jack-jill-o-rama/intermediate-pro-lead-am-follow-j-j-intermediate/L-655,2026-06-jack-jill-o-rama,unmatched,Pk Rackley and Yu Sun,,leader,eepro
2026-06-jack-jill-o-rama/intermediate-pro-lead-am-follow-j-j-intermediate,2026-06-jack-jill-o-rama/intermediate-pro-lead-am-follow-j-j-intermediate/L-661,2026-06-jack-jill-o-rama,unmatched,Madison Vangilder and Omaid Karimi,,leader,eepro
2026-06-jack-jill-o-rama/intermediate-pro-lead-am-follow-j-j-intermediate,2026-06-jack-jill-o-rama/intermediate-pro-lead-am-follow-j-j-intermediate/L-664,2026-06-jack-jill-o-rama,unmatched,Kathie Castro and Omar Gonzalez,,leader,eepro
2026-06-jack-jill-o-rama/intermediate-pro-lead-am-follow-j-j-intermediate,2026-06-jack-jill-o-rama/intermediate-pro-lead-am-follow-j-j-intermediate/L-701,2026-06-jack-jill-o-rama,unmatched,Will Atkinson and Oz Hampton,,leader,eepro
2026-06-jack-jill-o-rama/intermediate-pro-lead-am-follow-j-j-intermediate,2026-06-jack-jill-o-rama/intermediate-pro-lead-am-follow-j-j-intermediate/L-706,2026-06-jack-jill-o-rama,unmatched,Madalina Varlam and Chris Low,,leader,eepro
2026-06-jack-jill-o-rama/intermediate-pro-lead-am-follow-j-j-intermediate,2026-06-jack-jill-o-rama/intermediate-pro-lead-am-follow-j-j-intermediate/L-717,2026-06-jack-jill-o-rama,unmatched,Ngoc Phan and Aidan Keith-Hynes,,leader,eepro
2026-06-jack-jill-o-rama/intermediate-pro-lead-am-follow-j-j-intermediate,2026-06-jack-jill-o-rama/intermediate-pro-lead-am-follow-j-j-intermediate/L-719,2026-06-jack-jill-o-rama,unmatched,Laura Hunter and Alexander Nguyen,,leader,eepro
2026-06-jack-jill-o-rama/intermediate-pro-lead-am-follow-j-j-intermediate,2026-06-jack-jill-o-rama/intermediate-pro-lead-am-follow-j-j-intermediate/L-724,2026-06-jack-jill-o-rama,unmatched,Amanda Langworthy and Alfred Lee,,leader,eepro
2026-06-jack-jill-o-rama/intermediate-pro-lead-am-follow-j-j-intermediate,2026-06-jack-jill-o-rama/intermediate-pro-lead-am-follow-j-j-intermediate/L-725,2026-06-jack-jill-o-rama,unmatched,Rachel Satoh and Aris Demarco,,leader,eepro
2026-06-jack-jill-o-rama/intermediate-pro-lead-am-follow-j-j-intermediate,2026-06-jack-jill-o-rama/intermediate-pro-lead-am-follow-j-j-intermediate/L-730,2026-06-jack-jill-o-rama,unmatched,Geneva Hall and Za Thomaier,,leader,eepro
2026-06-jack-jill-o-rama/intermediate-pro-lead-am-follow-j-j-intermediate,2026-06-jack-jill-o-rama/intermediate-pro-lead-am-follow-j-j-intermediate/L-74,2026-06-jack-jill-o-rama,unmatched,Garrett Maglio and Thomas Carter,,leader,eepro
2026-06-jack-jill-o-rama/intermediate-pro-lead-am-follow-j-j-intermediate,2026-06-jack-jill-o-rama/intermediate-pro-lead-am-follow-j-j-intermediate/L-759,2026-06-jack-jill-o-rama,unmatched,Gwen Brinsmead and Dario Haxhia,,leader,eepro
2026-06-jack-jill-o-rama/intermediate-pro-lead-am-follow-j-j-intermediate,2026-06-jack-jill-o-rama/intermediate-pro-lead-am-follow-j-j-intermediate/L-765,2026-06-jack-jill-o-rama,unmatched,Nadja Ilkenhans and Austin Kois,,leader,eepro
2026-06-jack-jill-o-rama/intermediate-pro-lead-am-follow-j-j-intermediate,2026-06-jack-jill-o-rama/intermediate-pro-lead-am-follow-j-j-intermediate/L-769,2026-06-jack-jill-o-rama,unmatched,Jennifer Hu and khayree Jones,,leader,eepro
2026-06-jack-jill-o-rama/intermediate-pro-lead-am-follow-j-j-intermediate,2026-06-jack-jill-o-rama/intermediate-pro-lead-am-follow-j-j-intermediate/L-770,2026-06-jack-jill-o-rama,unmatched,Melissa Baddin and Ben McHenry,,leader,eepro
2026-06-jack-jill-o-rama/intermediate-pro-lead-am-follow-j-j-intermediate,2026-06-jack-jill-o-rama/intermediate-pro-lead-am-follow-j-j-intermediate/L-791,2026-06-jack-jill-o-rama,unmatched,Suzy Ackerman and Paul Nunez,,leader,eepro
2026-06-jack-jill-o-rama/intermediate-pro-lead-am-follow-j-j-intermediate,2026-06-jack-jill-o-rama/intermediate-pro-lead-am-follow-j-j-intermediate/L-89,2026-06-jack-jill-o-rama,unmatched,Debra Yockey and Tip West,,leader,eepro
2026-06-jack-jill-o-rama/intermediate-pro-lead-am-follow-j-j-intermediate,2026-06-jack-jill-o-rama/intermediate-pro-lead-am-follow-j-j-intermediate/L-91,2026-06-jack-jill-o-rama,unmatched,Olivia Doan and Paiton Hebert,,leader,eepro
2026-06-jack-jill-o-rama/intermediate-pro-lead-am-follow-j-j-intermediate,2026-06-jack-jill-o-rama/intermediate-pro-lead-am-follow-j-j-intermediate/L-93,2026-06-jack-jill-o-rama,unmatched,Leah Lawrence and Tony Schubert,,leader,eepro
2026-06-jack-jill-o-rama/novice-pro-follow-am-lead-j-j-novice,2026-06-jack-jill-o-rama/novice-pro-follow-am-lead-j-j-novice/L-119,2026-06-jack-jill-o-rama,unmatched,Wyatt Suit and Ashley Broussard,,leader,eepro
2026-06-jack-jill-o-rama/novice-pro-follow-am-lead-j-j-novice,2026-06-jack-jill-o-rama/novice-pro-follow-am-lead-j-j-novice/L-182,2026-06-jack-jill-o-rama,unmatched,Phillip Nicholson and Avery Isaacs,,leader,eepro
2026-06-jack-jill-o-rama/novice-pro-follow-am-lead-j-j-novice,2026-06-jack-jill-o-rama/novice-pro-follow-am-lead-j-j-novice/L-184,2026-06-jack-jill-o-rama,unmatched,Scott Miller and Maddy Skinner,,leader,eepro
2026-06-jack-jill-o-rama/novice-pro-follow-am-lead-j-j-novice,2026-06-jack-jill-o-rama/novice-pro-follow-am-lead-j-j-novice/L-202,2026-06-jack-jill-o-rama,unmatched,Kyra Peters and Brandi Guild,,leader,eepro
2026-06-jack-jill-o-rama/novice-pro-follow-am-lead-j-j-novice,2026-06-jack-jill-o-rama/novice-pro-follow-am-lead-j-j-novice/L-206,2026-06-jack-jill-o-rama,unmatched,Ray Kim and Maria Ivanova,,leader,eepro
2026-06-jack-jill-o-rama/novice-pro-follow-am-lead-j-j-novice,2026-06-jack-jill-o-rama/novice-pro-follow-am-lead-j-j-novice/L-23,2026-06-jack-jill-o-rama,unmatched,Ethan Tilton and Liza Hillman,,leader,eepro
2026-06-jack-jill-o-rama/novice-pro-follow-am-lead-j-j-novice,2026-06-jack-jill-o-rama/novice-pro-follow-am-lead-j-j-novice/L-245,2026-06-jack-jill-o-rama,unmatched,Sebastian Baskaron and Marie-Pascale Cote,,leader,eepro
2026-06-jack-jill-o-rama/novice-pro-follow-am-lead-j-j-novice,2026-06-jack-jill-o-rama/novice-pro-follow-am-lead-j-j-novice/L-262,2026-06-jack-jill-o-rama,unmatched,Brian Saipramuk and Carmen hyunsook Kim,,leader,eepro
2026-06-jack-jill-o-rama/novice-pro-follow-am-lead-j-j-novice,2026-06-jack-jill-o-rama/novice-pro-follow-am-lead-j-j-novice/L-263,2026-06-jack-jill-o-rama,unmatched,Anton Bogatirev and Melissa Stirton,,leader,eepro
2026-06-jack-jill-o-rama/novice-pro-follow-am-lead-j-j-novice,2026-06-jack-jill-o-rama/novice-pro-follow-am-lead-j-j-novice/L-274,2026-06-jack-jill-o-rama,unmatched,Rulon Jensen and Corinne Smith,,leader,eepro
2026-06-jack-jill-o-rama/novice-pro-follow-am-lead-j-j-novice,2026-06-jack-jill-o-rama/novice-pro-follow-am-lead-j-j-novice/L-29,2026-06-jack-jill-o-rama,probable,Caden Reynolds and Allysa Rees,26516,leader,eepro
2026-06-jack-jill-o-rama/novice-pro-follow-am-lead-j-j-novice,2026-06-jack-jill-o-rama/novice-pro-follow-am-lead-j-j-novice/L-292,2026-06-jack-jill-o-rama,unmatched,Cameron Elliott and Mia Primavera,,leader,eepro
2026-06-jack-jill-o-rama/novice-pro-follow-am-lead-j-j-novice,2026-06-jack-jill-o-rama/novice-pro-follow-am-lead-j-j-novice/L-301,2026-06-jack-jill-o-rama,unmatched,Shengjie Yao and Courtney Mejias,,leader,eepro
2026-06-jack-jill-o-rama/novice-pro-follow-am-lead-j-j-novice,2026-06-jack-jill-o-rama/novice-pro-follow-am-lead-j-j-novice/L-304,2026-06-jack-jill-o-rama,unmatched,Carlos Godoy and Morgan Hearrell,,leader,eepro
2026-06-jack-jill-o-rama/novice-pro-follow-am-lead-j-j-novice,2026-06-jack-jill-o-rama/novice-pro-follow-am-lead-j-j-novice/L-306,2026-06-jack-jill-o-rama,unmatched,Seena Zabihi and Elizabeth Spann,,leader,eepro
2026-06-jack-jill-o-rama/novice-pro-follow-am-lead-j-j-novice,2026-06-jack-jill-o-rama/novice-pro-follow-am-lead-j-j-novice/L-332,2026-06-jack-jill-o-rama,unmatched,T Antonio and Nicki Cacciato,,leader,eepro
2026-06-jack-jill-o-rama/novice-pro-follow-am-lead-j-j-novice,2026-06-jack-jill-o-rama/novice-pro-follow-am-lead-j-j-novice/L-340,2026-06-jack-jill-o-rama,unmatched,Cristian Martinez and Elizabeth Wyke,,leader,eepro
2026-06-jack-jill-o-rama/novice-pro-follow-am-lead-j-j-novice,2026-06-jack-jill-o-rama/novice-pro-follow-am-lead-j-j-novice/L-366,2026-06-jack-jill-o-rama,unmatched,Mohan Geddada and Sierra Burford,,leader,eepro
2026-06-jack-jill-o-rama/novice-pro-follow-am-lead-j-j-novice,2026-06-jack-jill-o-rama/novice-pro-follow-am-lead-j-j-novice/L-380,2026-06-jack-jill-o-rama,possible,James Raica and Giulia Rusch,,leader,eepro
2026-06-jack-jill-o-rama/novice-pro-follow-am-lead-j-j-novice,2026-06-jack-jill-o-rama/novice-pro-follow-am-lead-j-j-novice/L-384,2026-06-jack-jill-o-rama,unmatched,Reece Phillips and Hannah Guttman,,leader,eepro
2026-06-jack-jill-o-rama/novice-pro-follow-am-lead-j-j-novice,2026-06-jack-jill-o-rama/novice-pro-follow-am-lead-j-j-novice/L-386,2026-06-jack-jill-o-rama,unmatched,Jon Howard and Shelby Evans,,leader,eepro
2026-06-jack-jill-o-rama/novice-pro-follow-am-lead-j-j-novice,2026-06-jack-jill-o-rama/novice-pro-follow-am-lead-j-j-novice/L-391,2026-06-jack-jill-o-rama,unmatched,Hans Marasigan and Nicole Zwerlein,,leader,eepro
2026-06-jack-jill-o-rama/novice-pro-follow-am-lead-j-j-novice,2026-06-jack-jill-o-rama/novice-pro-follow-am-lead-j-j-novice/L-396,2026-06-jack-jill-o-rama,unmatched,Austin White and Olga Khvan,,leader,eepro
2026-06-jack-jill-o-rama/novice-pro-follow-am-lead-j-j-novice,2026-06-jack-jill-o-rama/novice-pro-follow-am-lead-j-j-novice/L-4,2026-06-jack-jill-o-rama,unmatched,Didier Dubrit and Abigail Baker,,leader,eepro
2026-06-jack-jill-o-rama/novice-pro-follow-am-lead-j-j-novice,2026-06-jack-jill-o-rama/novice-pro-follow-am-lead-j-j-novice/L-402,2026-06-jack-jill-o-rama,unmatched,Michael Hill and Phoenix Grey,,leader,eepro
2026-06-jack-jill-o-rama/novice-pro-follow-am-lead-j-j-novice,2026-06-jack-jill-o-rama/novice-pro-follow-am-lead-j-j-novice/L-406,2026-06-jack-jill-o-rama,unmatched,Grady Howe and Rachel Holdren,,leader,eepro
2026-06-jack-jill-o-rama/novice-pro-follow-am-lead-j-j-novice,2026-06-jack-jill-o-rama/novice-pro-follow-am-lead-j-j-novice/L-424,2026-06-jack-jill-o-rama,unmatched,Hunter Swift and Rachel Phelps,,leader,eepro
2026-06-jack-jill-o-rama/novice-pro-follow-am-lead-j-j-novice,2026-06-jack-jill-o-rama/novice-pro-follow-am-lead-j-j-novice/L-441,2026-06-jack-jill-o-rama,unmatched,Jeff Zinger and Rachel Shook,,leader,eepro
2026-06-jack-jill-o-rama/novice-pro-follow-am-lead-j-j-novice,2026-06-jack-jill-o-rama/novice-pro-follow-am-lead-j-j-novice/L-451,2026-06-jack-jill-o-rama,unmatched,Robyn Giffen and Hyunhee Lee,,leader,eepro
2026-06-jack-jill-o-rama/novice-pro-follow-am-lead-j-j-novice,2026-06-jack-jill-o-rama/novice-pro-follow-am-lead-j-j-novice/L-452,2026-06-jack-jill-o-rama,unmatched,Diana Fu and Rose Soiland,,leader,eepro
2026-06-jack-jill-o-rama/novice-pro-follow-am-lead-j-j-novice,2026-06-jack-jill-o-rama/novice-pro-follow-am-lead-j-j-novice/L-490,2026-06-jack-jill-o-rama,unmatched,Maggie Silverman and Jade Bryan,,leader,eepro
2026-06-jack-jill-o-rama/novice-pro-follow-am-lead-j-j-novice,2026-06-jack-jill-o-rama/novice-pro-follow-am-lead-j-j-novice/L-499,2026-06-jack-jill-o-rama,unmatched,Thomas Stalcup and Samantha Buckwalter,,leader,eepro
2026-06-jack-jill-o-rama/novice-pro-follow-am-lead-j-j-novice,2026-06-jack-jill-o-rama/novice-pro-follow-am-lead-j-j-novice/L-506,2026-06-jack-jill-o-rama,unmatched,Morgan Halstead and Savannah Harris-Read,,leader,eepro
2026-06-jack-jill-o-rama/novice-pro-follow-am-lead-j-j-novice,2026-06-jack-jill-o-rama/novice-pro-follow-am-lead-j-j-novice/L-517,2026-06-jack-jill-o-rama,unmatched,Ezra Jameson and Shanna Porcari,,leader,eepro
2026-06-jack-jill-o-rama/novice-pro-follow-am-lead-j-j-novice,2026-06-jack-jill-o-rama/novice-pro-follow-am-lead-j-j-novice/L-520,2026-06-jack-jill-o-rama,unmatched,Ethan Preble and Sharon Her,,leader,eepro
2026-06-jack-jill-o-rama/novice-pro-follow-am-lead-j-j-novice,2026-06-jack-jill-o-rama/novice-pro-follow-am-lead-j-j-novice/L-532,2026-06-jack-jill-o-rama,unmatched,Richard Chu and Janelle Guido,,leader,eepro
2026-06-jack-jill-o-rama/novice-pro-follow-am-lead-j-j-novice,2026-06-jack-jill-o-rama/novice-pro-follow-am-lead-j-j-novice/L-542,2026-06-jack-jill-o-rama,unmatched,James Kruczek and Shayla Bouise,,leader,eepro
2026-06-jack-jill-o-rama/novice-pro-follow-am-lead-j-j-novice,2026-06-jack-jill-o-rama/novice-pro-follow-am-lead-j-j-novice/L-543,2026-06-jack-jill-o-rama,unmatched,Jun-Wei Hew and Jasmine Morrison,,leader,eepro
2026-06-jack-jill-o-rama/novice-pro-follow-am-lead-j-j-novice,2026-06-jack-jill-o-rama/novice-pro-follow-am-lead-j-j-novice/L-550,2026-06-jack-jill-o-rama,unmatched,Andrey Malevich and Abigail Baker,,leader,eepro
2026-06-jack-jill-o-rama/novice-pro-follow-am-lead-j-j-novice,2026-06-jack-jill-o-rama/novice-pro-follow-am-lead-j-j-novice/L-554,2026-06-jack-jill-o-rama,unmatched,Arthur Beltran and Allysa Rees,,leader,eepro
2026-06-jack-jill-o-rama/novice-pro-follow-am-lead-j-j-novice,2026-06-jack-jill-o-rama/novice-pro-follow-am-lead-j-j-novice/L-556,2026-06-jack-jill-o-rama,unmatched,Kaemon Heureux and Jenna Shimek,,leader,eepro
2026-06-jack-jill-o-rama/novice-pro-follow-am-lead-j-j-novice,2026-06-jack-jill-o-rama/novice-pro-follow-am-lead-j-j-novice/L-567,2026-06-jack-jill-o-rama,unmatched,Josh Kneeland and Amber O'Connell,,leader,eepro
2026-06-jack-jill-o-rama/novice-pro-follow-am-lead-j-j-novice,2026-06-jack-jill-o-rama/novice-pro-follow-am-lead-j-j-novice/L-575,2026-06-jack-jill-o-rama,unmatched,Teveya West and Julie Winspear,,leader,eepro
2026-06-jack-jill-o-rama/novice-pro-follow-am-lead-j-j-novice,2026-06-jack-jill-o-rama/novice-pro-follow-am-lead-j-j-novice/L-581,2026-06-jack-jill-o-rama,unmatched,Tina Lin and Katie Smiley,,leader,eepro
2026-06-jack-jill-o-rama/novice-pro-follow-am-lead-j-j-novice,2026-06-jack-jill-o-rama/novice-pro-follow-am-lead-j-j-novice/L-596,2026-06-jack-jill-o-rama,unmatched,Pierre Vittorio Sinajon and Ashley Broussard,,leader,eepro
2026-06-jack-jill-o-rama/novice-pro-follow-am-lead-j-j-novice,2026-06-jack-jill-o-rama/novice-pro-follow-am-lead-j-j-novice/L-633,2026-06-jack-jill-o-rama,unmatched,James Kao and Avery Isaacs,,leader,eepro
2026-06-jack-jill-o-rama/novice-pro-follow-am-lead-j-j-novice,2026-06-jack-jill-o-rama/novice-pro-follow-am-lead-j-j-novice/L-634,2026-06-jack-jill-o-rama,unmatched,Anton Volodko and Brandi Guild,,leader,eepro
2026-06-jack-jill-o-rama/novice-pro-follow-am-lead-j-j-novice,2026-06-jack-jill-o-rama/novice-pro-follow-am-lead-j-j-novice/L-659,2026-06-jack-jill-o-rama,unmatched,Drew Adams and Khrystyna Cusimano,,leader,eepro
2026-06-jack-jill-o-rama/novice-pro-follow-am-lead-j-j-novice,2026-06-jack-jill-o-rama/novice-pro-follow-am-lead-j-j-novice/L-691,2026-06-jack-jill-o-rama,unmatched,Fumiko Jenkins and Kristen Shaw,,leader,eepro
2026-06-jack-jill-o-rama/novice-pro-follow-am-lead-j-j-novice,2026-06-jack-jill-o-rama/novice-pro-follow-am-lead-j-j-novice/L-702,2026-06-jack-jill-o-rama,unmatched,Andrew Kelinsky and Kristen Wallace,,leader,eepro
2026-06-jack-jill-o-rama/novice-pro-follow-am-lead-j-j-novice,2026-06-jack-jill-o-rama/novice-pro-follow-am-lead-j-j-novice/L-708,2026-06-jack-jill-o-rama,unmatched,Aaron Koch and Laureen Baldovi,,leader,eepro
2026-06-jack-jill-o-rama/novice-pro-follow-am-lead-j-j-novice,2026-06-jack-jill-o-rama/novice-pro-follow-am-lead-j-j-novice/L-715,2026-06-jack-jill-o-rama,unmatched,Olivia Wilhelms and Carmen hyunsook Kim,,leader,eepro
2026-06-jack-jill-o-rama/novice-pro-follow-am-lead-j-j-novice,2026-06-jack-jill-o-rama/novice-pro-follow-am-lead-j-j-novice/L-763,2026-06-jack-jill-o-rama,unmatched,Keyan Raahemifar and Skylar Pritchard,,leader,eepro
2026-06-jack-jill-o-rama/novice-pro-follow-am-lead-j-j-novice,2026-06-jack-jill-o-rama/novice-pro-follow-am-lead-j-j-novice/L-792,2026-06-jack-jill-o-rama,unmatched,Olivia Wilhelms and Carmen hyunsook Kim,,leader,eepro
2026-06-jack-jill-o-rama/novice-pro-follow-am-lead-j-j-novice,2026-06-jack-jill-o-rama/novice-pro-follow-am-lead-j-j-novice/L-80,2026-06-jack-jill-o-rama,unmatched,Zoey Ho and Amber O'Connell,,leader,eepro
2026-06-jack-jill-o-rama/novice-pro-lead-am-follow-j-j-novice,2026-06-jack-jill-o-rama/novice-pro-lead-am-follow-j-j-novice/L-10,2026-06-jack-jill-o-rama,unmatched,Penny Segundo and Vincent van Mierlo,,leader,eepro
2026-06-jack-jill-o-rama/novice-pro-lead-am-follow-j-j-novice,2026-06-jack-jill-o-rama/novice-pro-lead-am-follow-j-j-novice/L-102,2026-06-jack-jill-o-rama,unmatched,Bethaney Locke and Keerigan Rudd,,leader,eepro
2026-06-jack-jill-o-rama/novice-pro-lead-am-follow-j-j-novice,2026-06-jack-jill-o-rama/novice-pro-lead-am-follow-j-j-novice/L-126,2026-06-jack-jill-o-rama,unmatched,Robyn Heidenreich and Kevin Rafter,,leader,eepro
2026-06-jack-jill-o-rama/novice-pro-lead-am-follow-j-j-novice,2026-06-jack-jill-o-rama/novice-pro-lead-am-follow-j-j-novice/L-128,2026-06-jack-jill-o-rama,unmatched,Brittany Low and Ben McHenry,,leader,eepro
2026-06-jack-jill-o-rama/novice-pro-lead-am-follow-j-j-novice,2026-06-jack-jill-o-rama/novice-pro-lead-am-follow-j-j-novice/L-141,2026-06-jack-jill-o-rama,unmatched,Lana Tovstopiat and Ben O'Neal,,leader,eepro
2026-06-jack-jill-o-rama/novice-pro-lead-am-follow-j-j-novice,2026-06-jack-jill-o-rama/novice-pro-lead-am-follow-j-j-novice/L-151,2026-06-jack-jill-o-rama,unmatched,Meirav Rotstein and Brad Whelan,,leader,eepro
2026-06-jack-jill-o-rama/novice-pro-lead-am-follow-j-j-novice,2026-06-jack-jill-o-rama/novice-pro-lead-am-follow-j-j-novice/L-153,2026-06-jack-jill-o-rama,unmatched,Maryann Garberoglio and Kevin Rafter,,leader,eepro
2026-06-jack-jill-o-rama/novice-pro-lead-am-follow-j-j-novice,2026-06-jack-jill-o-rama/novice-pro-lead-am-follow-j-j-novice/L-156,2026-06-jack-jill-o-rama,unmatched,Kira Schubot and jeff Wingo,,leader,eepro
2026-06-jack-jill-o-rama/novice-pro-lead-am-follow-j-j-novice,2026-06-jack-jill-o-rama/novice-pro-lead-am-follow-j-j-novice/L-174,2026-06-jack-jill-o-rama,unmatched,Mathia Lam and jeff Wingo,,leader,eepro
2026-06-jack-jill-o-rama/novice-pro-lead-am-follow-j-j-novice,2026-06-jack-jill-o-rama/novice-pro-lead-am-follow-j-j-novice/L-179,2026-06-jack-jill-o-rama,unmatched,Lily Whitten and Bradley Wendt,,leader,eepro
2026-06-jack-jill-o-rama/novice-pro-lead-am-follow-j-j-novice,2026-06-jack-jill-o-rama/novice-pro-lead-am-follow-j-j-novice/L-185,2026-06-jack-jill-o-rama,unmatched,Marissa Goldenstein and Kyle Redd,,leader,eepro
2026-06-jack-jill-o-rama/novice-pro-lead-am-follow-j-j-novice,2026-06-jack-jill-o-rama/novice-pro-lead-am-follow-j-j-novice/L-188,2026-06-jack-jill-o-rama,unmatched,Linn Charlotte Saether and Aris Demarco,,leader,eepro
2026-06-jack-jill-o-rama/novice-pro-lead-am-follow-j-j-novice,2026-06-jack-jill-o-rama/novice-pro-lead-am-follow-j-j-novice/L-191,2026-06-jack-jill-o-rama,unmatched,Diego Brea and Marvin Koehler,,leader,eepro
2026-06-jack-jill-o-rama/novice-pro-lead-am-follow-j-j-novice,2026-06-jack-jill-o-rama/novice-pro-lead-am-follow-j-j-novice/L-193,2026-06-jack-jill-o-rama,unmatched,Isabel Yanes and Chase Warner,,leader,eepro
2026-06-jack-jill-o-rama/novice-pro-lead-am-follow-j-j-novice,2026-06-jack-jill-o-rama/novice-pro-lead-am-follow-j-j-novice/L-200,2026-06-jack-jill-o-rama,unmatched,Ashley Zeldin and Chris Low,,leader,eepro
2026-06-jack-jill-o-rama/novice-pro-lead-am-follow-j-j-novice,2026-06-jack-jill-o-rama/novice-pro-lead-am-follow-j-j-novice/L-204,2026-06-jack-jill-o-rama,unmatched,Kd Kaiser and Austin Kois,,leader,eepro
2026-06-jack-jill-o-rama/novice-pro-lead-am-follow-j-j-novice,2026-06-jack-jill-o-rama/novice-pro-lead-am-follow-j-j-novice/L-205,2026-06-jack-jill-o-rama,unmatched,Mara Katrina Capati and Matt Richey,,leader,eepro
2026-06-jack-jill-o-rama/novice-pro-lead-am-follow-j-j-novice,2026-06-jack-jill-o-rama/novice-pro-lead-am-follow-j-j-novice/L-211,2026-06-jack-jill-o-rama,unmatched,David Herlihy and Ben McHenry,,leader,eepro
2026-06-jack-jill-o-rama/novice-pro-lead-am-follow-j-j-novice,2026-06-jack-jill-o-rama/novice-pro-lead-am-follow-j-j-novice/L-214,2026-06-jack-jill-o-rama,unmatched,Lauren Salas and Ben O'Neal,,leader,eepro
2026-06-jack-jill-o-rama/novice-pro-lead-am-follow-j-j-novice,2026-06-jack-jill-o-rama/novice-pro-lead-am-follow-j-j-novice/L-216,2026-06-jack-jill-o-rama,unmatched,Kathleen Levi and Za Thomaier,,leader,eepro
2026-06-jack-jill-o-rama/novice-pro-lead-am-follow-j-j-novice,2026-06-jack-jill-o-rama/novice-pro-lead-am-follow-j-j-novice/L-226,2026-06-jack-jill-o-rama,unmatched,Elyse Jensen and Marcus sterling,,leader,eepro
2026-06-jack-jill-o-rama/novice-pro-lead-am-follow-j-j-novice,2026-06-jack-jill-o-rama/novice-pro-lead-am-follow-j-j-novice/L-234,2026-06-jack-jill-o-rama,unmatched,Sharon Lee and Nathan Wong,,leader,eepro
2026-06-jack-jill-o-rama/novice-pro-lead-am-follow-j-j-novice,2026-06-jack-jill-o-rama/novice-pro-lead-am-follow-j-j-novice/L-246,2026-06-jack-jill-o-rama,unmatched,Ariadna Protti and Brad Whelan,,leader,eepro
2026-06-jack-jill-o-rama/novice-pro-lead-am-follow-j-j-novice,2026-06-jack-jill-o-rama/novice-pro-lead-am-follow-j-j-novice/L-25,2026-06-jack-jill-o-rama,unmatched,Ava Schwartz and Joel Gibson,,leader,eepro
2026-06-jack-jill-o-rama/novice-pro-lead-am-follow-j-j-novice,2026-06-jack-jill-o-rama/novice-pro-lead-am-follow-j-j-novice/L-253,2026-06-jack-jill-o-rama,unmatched,Natasha Lykhenko and Dario Haxhia,,leader,eepro
2026-06-jack-jill-o-rama/novice-pro-lead-am-follow-j-j-novice,2026-06-jack-jill-o-rama/novice-pro-lead-am-follow-j-j-novice/L-259,2026-06-jack-jill-o-rama,unmatched,Sami jo Buffington and Daniel Romero,,leader,eepro
2026-06-jack-jill-o-rama/novice-pro-lead-am-follow-j-j-novice,2026-06-jack-jill-o-rama/novice-pro-lead-am-follow-j-j-novice/L-260,2026-06-jack-jill-o-rama,unmatched,Madelaine Briggs and Omaid Karimi,,leader,eepro
2026-06-jack-jill-o-rama/novice-pro-lead-am-follow-j-j-novice,2026-06-jack-jill-o-rama/novice-pro-lead-am-follow-j-j-novice/L-275,2026-06-jack-jill-o-rama,unmatched,Sarah Pickell and Bradley Wendt,,leader,eepro
2026-06-jack-jill-o-rama/novice-pro-lead-am-follow-j-j-novice,2026-06-jack-jill-o-rama/novice-pro-lead-am-follow-j-j-novice/L-278,2026-06-jack-jill-o-rama,unmatched,Brylee Landers and khayree Jones,,leader,eepro
2026-06-jack-jill-o-rama/novice-pro-lead-am-follow-j-j-novice,2026-06-jack-jill-o-rama/novice-pro-lead-am-follow-j-j-novice/L-285,2026-06-jack-jill-o-rama,unmatched,Ying Yu and David Deng,,leader,eepro
2026-06-jack-jill-o-rama/novice-pro-lead-am-follow-j-j-novice,2026-06-jack-jill-o-rama/novice-pro-lead-am-follow-j-j-novice/L-295,2026-06-jack-jill-o-rama,unmatched,Kim Kelch and Kyle Redd,,leader,eepro
2026-06-jack-jill-o-rama/novice-pro-lead-am-follow-j-j-novice,2026-06-jack-jill-o-rama/novice-pro-lead-am-follow-j-j-novice/L-300,2026-06-jack-jill-o-rama,unmatched,Ellie Yates and Marvin Koehler,,leader,eepro
2026-06-jack-jill-o-rama/novice-pro-lead-am-follow-j-j-novice,2026-06-jack-jill-o-rama/novice-pro-lead-am-follow-j-j-novice/L-303,2026-06-jack-jill-o-rama,unmatched,Madi Fabber and Omar Gonzalez,,leader,eepro
2026-06-jack-jill-o-rama/novice-pro-lead-am-follow-j-j-novice,2026-06-jack-jill-o-rama/novice-pro-lead-am-follow-j-j-novice/L-307,2026-06-jack-jill-o-rama,unmatched,Paige Solano and Chase Warner,,leader,eepro
2026-06-jack-jill-o-rama/novice-pro-lead-am-follow-j-j-novice,2026-06-jack-jill-o-rama/novice-pro-lead-am-follow-j-j-novice/L-313,2026-06-jack-jill-o-rama,unmatched,Reyna Shisbey and Oz Hampton,,leader,eepro
2026-06-jack-jill-o-rama/novice-pro-lead-am-follow-j-j-novice,2026-06-jack-jill-o-rama/novice-pro-lead-am-follow-j-j-novice/L-328,2026-06-jack-jill-o-rama,unmatched,Srishti Love and David Guido,,leader,eepro
2026-06-jack-jill-o-rama/novice-pro-lead-am-follow-j-j-novice,2026-06-jack-jill-o-rama/novice-pro-lead-am-follow-j-j-novice/L-335,2026-06-jack-jill-o-rama,unmatched,Caylin Knott and Matt Richey,,leader,eepro
2026-06-jack-jill-o-rama/novice-pro-lead-am-follow-j-j-novice,2026-06-jack-jill-o-rama/novice-pro-lead-am-follow-j-j-novice/L-336,2026-06-jack-jill-o-rama,unmatched,Kenneth Morgan and Zac Skinner,,leader,eepro
2026-06-jack-jill-o-rama/novice-pro-lead-am-follow-j-j-novice,2026-06-jack-jill-o-rama/novice-pro-lead-am-follow-j-j-novice/L-345,2026-06-jack-jill-o-rama,unmatched,Kristen Dvorak and Dexter Aronstam,,leader,eepro
2026-06-jack-jill-o-rama/novice-pro-lead-am-follow-j-j-novice,2026-06-jack-jill-o-rama/novice-pro-lead-am-follow-j-j-novice/L-350,2026-06-jack-jill-o-rama,unmatched,Tiffany Kersten and Paiton Hebert,,leader,eepro
2026-06-jack-jill-o-rama/novice-pro-lead-am-follow-j-j-novice,2026-06-jack-jill-o-rama/novice-pro-lead-am-follow-j-j-novice/L-353,2026-06-jack-jill-o-rama,unmatched,Julia Dupere and Marcus sterling,,leader,eepro
2026-06-jack-jill-o-rama/novice-pro-lead-am-follow-j-j-novice,2026-06-jack-jill-o-rama/novice-pro-lead-am-follow-j-j-novice/L-358,2026-06-jack-jill-o-rama,unmatched,Austin Young and Paul Nunez,,leader,eepro
2026-06-jack-jill-o-rama/novice-pro-lead-am-follow-j-j-novice,2026-06-jack-jill-o-rama/novice-pro-lead-am-follow-j-j-novice/L-374,2026-06-jack-jill-o-rama,unmatched,Charlene Vo and Guigo Sortica,,leader,eepro
2026-06-jack-jill-o-rama/novice-pro-lead-am-follow-j-j-novice,2026-06-jack-jill-o-rama/novice-pro-lead-am-follow-j-j-novice/L-395,2026-06-jack-jill-o-rama,unmatched,Erica Forsch and Nathan Wong,,leader,eepro
2026-06-jack-jill-o-rama/novice-pro-lead-am-follow-j-j-novice,2026-06-jack-jill-o-rama/novice-pro-lead-am-follow-j-j-novice/L-397,2026-06-jack-jill-o-rama,unmatched,Marisol Alidon and Peter Yin,,leader,eepro
2026-06-jack-jill-o-rama/novice-pro-lead-am-follow-j-j-novice,2026-06-jack-jill-o-rama/novice-pro-lead-am-follow-j-j-novice/L-407,2026-06-jack-jill-o-rama,unmatched,Grace Chang and Chris Low,,leader,eepro
2026-06-jack-jill-o-rama/novice-pro-lead-am-follow-j-j-novice,2026-06-jack-jill-o-rama/novice-pro-lead-am-follow-j-j-novice/L-411,2026-06-jack-jill-o-rama,unmatched,Kelly Nguyen and Jacob Reding,,leader,eepro
2026-06-jack-jill-o-rama/novice-pro-lead-am-follow-j-j-novice,2026-06-jack-jill-o-rama/novice-pro-lead-am-follow-j-j-novice/L-443,2026-06-jack-jill-o-rama,unmatched,Samantha States and Ryan Boz,,leader,eepro
2026-06-jack-jill-o-rama/novice-pro-lead-am-follow-j-j-novice,2026-06-jack-jill-o-rama/novice-pro-lead-am-follow-j-j-novice/L-450,2026-06-jack-jill-o-rama,unmatched,Ruth Elias and Joel Gibson,,leader,eepro
2026-06-jack-jill-o-rama/novice-pro-lead-am-follow-j-j-novice,2026-06-jack-jill-o-rama/novice-pro-lead-am-follow-j-j-novice/L-460,2026-06-jack-jill-o-rama,unmatched,Tonia Garcia and Za Thomaier,,leader,eepro
2026-06-jack-jill-o-rama/novice-pro-lead-am-follow-j-j-novice,2026-06-jack-jill-o-rama/novice-pro-lead-am-follow-j-j-novice/L-463,2026-06-jack-jill-o-rama,unmatched,Danielle Primavera and Robert Crocker,,leader,eepro
2026-06-jack-jill-o-rama/novice-pro-lead-am-follow-j-j-novice,2026-06-jack-jill-o-rama/novice-pro-lead-am-follow-j-j-novice/L-47,2026-06-jack-jill-o-rama,unmatched,Pariya Tehrani and Donnie Carl,,leader,eepro
2026-06-jack-jill-o-rama/novice-pro-lead-am-follow-j-j-novice,2026-06-jack-jill-o-rama/novice-pro-lead-am-follow-j-j-novice/L-485,2026-06-jack-jill-o-rama,unmatched,Lorél Medina and John Lindo,,leader,eepro
2026-06-jack-jill-o-rama/novice-pro-lead-am-follow-j-j-novice,2026-06-jack-jill-o-rama/novice-pro-lead-am-follow-j-j-novice/L-493,2026-06-jack-jill-o-rama,unmatched,Szilvia Szita and Dario Haxhia,,leader,eepro
2026-06-jack-jill-o-rama/novice-pro-lead-am-follow-j-j-novice,2026-06-jack-jill-o-rama/novice-pro-lead-am-follow-j-j-novice/L-505,2026-06-jack-jill-o-rama,unmatched,Kelsey Rosenthal and Julian Lee,,leader,eepro
2026-06-jack-jill-o-rama/novice-pro-lead-am-follow-j-j-novice,2026-06-jack-jill-o-rama/novice-pro-lead-am-follow-j-j-novice/L-507,2026-06-jack-jill-o-rama,unmatched,Cami Asher and Daniel Romero,,leader,eepro
2026-06-jack-jill-o-rama/novice-pro-lead-am-follow-j-j-novice,2026-06-jack-jill-o-rama/novice-pro-lead-am-follow-j-j-novice/L-508,2026-06-jack-jill-o-rama,unmatched,Yulia Klychkova and Ryan Maldonado,,leader,eepro
2026-06-jack-jill-o-rama/novice-pro-lead-am-follow-j-j-novice,2026-06-jack-jill-o-rama/novice-pro-lead-am-follow-j-j-novice/L-514,2026-06-jack-jill-o-rama,unmatched,Kaylee Kryzer and Omaid Karimi,,leader,eepro
2026-06-jack-jill-o-rama/novice-pro-lead-am-follow-j-j-novice,2026-06-jack-jill-o-rama/novice-pro-lead-am-follow-j-j-novice/L-519,2026-06-jack-jill-o-rama,unmatched,Aarathi Nirmalan and Sam Vaden,,leader,eepro
2026-06-jack-jill-o-rama/novice-pro-lead-am-follow-j-j-novice,2026-06-jack-jill-o-rama/novice-pro-lead-am-follow-j-j-novice/L-52,2026-06-jack-jill-o-rama,unmatched,Lynne Yun and Jung Choe,,leader,eepro
2026-06-jack-jill-o-rama/novice-pro-lead-am-follow-j-j-novice,2026-06-jack-jill-o-rama/novice-pro-lead-am-follow-j-j-novice/L-522,2026-06-jack-jill-o-rama,unmatched,Henni Liang and Samuel Anspach,,leader,eepro
2026-06-jack-jill-o-rama/novice-pro-lead-am-follow-j-j-novice,2026-06-jack-jill-o-rama/novice-pro-lead-am-follow-j-j-novice/L-526,2026-06-jack-jill-o-rama,unmatched,Abigail Sewall and Julio Alvarez,,leader,eepro
2026-06-jack-jill-o-rama/novice-pro-lead-am-follow-j-j-novice,2026-06-jack-jill-o-rama/novice-pro-lead-am-follow-j-j-novice/L-540,2026-06-jack-jill-o-rama,unmatched,Cassandra Sisson and khayree Jones,,leader,eepro
2026-06-jack-jill-o-rama/novice-pro-lead-am-follow-j-j-novice,2026-06-jack-jill-o-rama/novice-pro-lead-am-follow-j-j-novice/L-547,2026-06-jack-jill-o-rama,unmatched,Elizabeth Van Oosbree and Srikar Bhagavatula,,leader,eepro
2026-06-jack-jill-o-rama/novice-pro-lead-am-follow-j-j-novice,2026-06-jack-jill-o-rama/novice-pro-lead-am-follow-j-j-novice/L-551,2026-06-jack-jill-o-rama,unmatched,Jordan Ruvalcaba and Thomas Carter,,leader,eepro
2026-06-jack-jill-o-rama/novice-pro-lead-am-follow-j-j-novice,2026-06-jack-jill-o-rama/novice-pro-lead-am-follow-j-j-novice/L-559,2026-06-jack-jill-o-rama,unmatched,Jacklyn Walling and David Deng,,leader,eepro
2026-06-jack-jill-o-rama/novice-pro-lead-am-follow-j-j-novice,2026-06-jack-jill-o-rama/novice-pro-lead-am-follow-j-j-novice/L-566,2026-06-jack-jill-o-rama,unmatched,Pooja Sadarangani and Tip West,,leader,eepro
2026-06-jack-jill-o-rama/novice-pro-lead-am-follow-j-j-novice,2026-06-jack-jill-o-rama/novice-pro-lead-am-follow-j-j-novice/L-573,2026-06-jack-jill-o-rama,unmatched,Xyla Foxlin and Aidan Keith-Hynes,,leader,eepro
2026-06-jack-jill-o-rama/novice-pro-lead-am-follow-j-j-novice,2026-06-jack-jill-o-rama/novice-pro-lead-am-follow-j-j-novice/L-577,2026-06-jack-jill-o-rama,unmatched,Jenifer Manzo and Alexander Nguyen,,leader,eepro
2026-06-jack-jill-o-rama/novice-pro-lead-am-follow-j-j-novice,2026-06-jack-jill-o-rama/novice-pro-lead-am-follow-j-j-novice/L-578,2026-06-jack-jill-o-rama,unmatched,Minou Anthony and Omar Gonzalez,,leader,eepro
2026-06-jack-jill-o-rama/novice-pro-lead-am-follow-j-j-novice,2026-06-jack-jill-o-rama/novice-pro-lead-am-follow-j-j-novice/L-579,2026-06-jack-jill-o-rama,unmatched,Kelly Szteinbaum and Oz Hampton,,leader,eepro
2026-06-jack-jill-o-rama/novice-pro-lead-am-follow-j-j-novice,2026-06-jack-jill-o-rama/novice-pro-lead-am-follow-j-j-novice/L-591,2026-06-jack-jill-o-rama,unmatched,Kindra Stevens and David Guido,,leader,eepro
2026-06-jack-jill-o-rama/novice-pro-lead-am-follow-j-j-novice,2026-06-jack-jill-o-rama/novice-pro-lead-am-follow-j-j-novice/L-597,2026-06-jack-jill-o-rama,unmatched,Rosario Ibarra Machado and David Mulford,,leader,eepro
2026-06-jack-jill-o-rama/novice-pro-lead-am-follow-j-j-novice,2026-06-jack-jill-o-rama/novice-pro-lead-am-follow-j-j-novice/L-600,2026-06-jack-jill-o-rama,unmatched,Mia Reed and Zac Skinner,,leader,eepro
2026-06-jack-jill-o-rama/novice-pro-lead-am-follow-j-j-novice,2026-06-jack-jill-o-rama/novice-pro-lead-am-follow-j-j-novice/L-602,2026-06-jack-jill-o-rama,unmatched,Grace Dekermenjian and Tony Schubert,,leader,eepro
2026-06-jack-jill-o-rama/novice-pro-lead-am-follow-j-j-novice,2026-06-jack-jill-o-rama/novice-pro-lead-am-follow-j-j-novice/L-605,2026-06-jack-jill-o-rama,unmatched,Jen Pfister and Paiton Hebert,,leader,eepro
2026-06-jack-jill-o-rama/novice-pro-lead-am-follow-j-j-novice,2026-06-jack-jill-o-rama/novice-pro-lead-am-follow-j-j-novice/L-61,2026-06-jack-jill-o-rama,unmatched,Averie Lomas and Yu Sun,,leader,eepro
2026-06-jack-jill-o-rama/novice-pro-lead-am-follow-j-j-novice,2026-06-jack-jill-o-rama/novice-pro-lead-am-follow-j-j-novice/L-626,2026-06-jack-jill-o-rama,unmatched,Lindsay Gardner and Dexter Aronstam,,leader,eepro
2026-06-jack-jill-o-rama/novice-pro-lead-am-follow-j-j-novice,2026-06-jack-jill-o-rama/novice-pro-lead-am-follow-j-j-novice/L-63,2026-06-jack-jill-o-rama,unmatched,Madison Guevara and Aidan Keith-Hynes,,leader,eepro
2026-06-jack-jill-o-rama/novice-pro-lead-am-follow-j-j-novice,2026-06-jack-jill-o-rama/novice-pro-lead-am-follow-j-j-novice/L-642,2026-06-jack-jill-o-rama,unmatched,Christy Peterson and Guigo Sortica,,leader,eepro
2026-06-jack-jill-o-rama/novice-pro-lead-am-follow-j-j-novice,2026-06-jack-jill-o-rama/novice-pro-lead-am-follow-j-j-novice/L-643,2026-06-jack-jill-o-rama,unmatched,Elaine Dimal and Peter Yin,,leader,eepro
2026-06-jack-jill-o-rama/novice-pro-lead-am-follow-j-j-novice,2026-06-jack-jill-o-rama/novice-pro-lead-am-follow-j-j-novice/L-647,2026-06-jack-jill-o-rama,unmatched,Rachael Hoffman and Robert Crocker,,leader,eepro
2026-06-jack-jill-o-rama/novice-pro-lead-am-follow-j-j-novice,2026-06-jack-jill-o-rama/novice-pro-lead-am-follow-j-j-novice/L-660,2026-06-jack-jill-o-rama,unmatched,Fu Tsan Morrison and Trenten Jackson,,leader,eepro
2026-06-jack-jill-o-rama/novice-pro-lead-am-follow-j-j-novice,2026-06-jack-jill-o-rama/novice-pro-lead-am-follow-j-j-novice/L-67,2026-06-jack-jill-o-rama,unmatched,Catherine León and Alexander Nguyen,,leader,eepro
2026-06-jack-jill-o-rama/novice-pro-lead-am-follow-j-j-novice,2026-06-jack-jill-o-rama/novice-pro-lead-am-follow-j-j-novice/L-670,2026-06-jack-jill-o-rama,unmatched,Blythe Berg and Ryan Crutcher,,leader,eepro
2026-06-jack-jill-o-rama/novice-pro-lead-am-follow-j-j-novice,2026-06-jack-jill-o-rama/novice-pro-lead-am-follow-j-j-novice/L-671,2026-06-jack-jill-o-rama,unmatched,Annabelle Fagans and Jacob Reding,,leader,eepro
2026-06-jack-jill-o-rama/novice-pro-lead-am-follow-j-j-novice,2026-06-jack-jill-o-rama/novice-pro-lead-am-follow-j-j-novice/L-68,2026-06-jack-jill-o-rama,unmatched,Ann Chen and John Lindo,,leader,eepro
2026-06-jack-jill-o-rama/novice-pro-lead-am-follow-j-j-novice,2026-06-jack-jill-o-rama/novice-pro-lead-am-follow-j-j-novice/L-681,2026-06-jack-jill-o-rama,unmatched,Jane Guo and Ryan Maldonado,,leader,eepro
2026-06-jack-jill-o-rama/novice-pro-lead-am-follow-j-j-novice,2026-06-jack-jill-o-rama/novice-pro-lead-am-follow-j-j-novice/L-684,2026-06-jack-jill-o-rama,unmatched,Melissa Stewart and Sam Vaden,,leader,eepro
2026-06-jack-jill-o-rama/novice-pro-lead-am-follow-j-j-novice,2026-06-jack-jill-o-rama/novice-pro-lead-am-follow-j-j-novice/L-69,2026-06-jack-jill-o-rama,unmatched,Michelle Serame and Julian Lee,,leader,eepro
2026-06-jack-jill-o-rama/novice-pro-lead-am-follow-j-j-novice,2026-06-jack-jill-o-rama/novice-pro-lead-am-follow-j-j-novice/L-760,2026-06-jack-jill-o-rama,unmatched,Sara Kishner and Samuel Anspach,,leader,eepro
2026-06-jack-jill-o-rama/novice-pro-lead-am-follow-j-j-novice,2026-06-jack-jill-o-rama/novice-pro-lead-am-follow-j-j-novice/L-761,2026-06-jack-jill-o-rama,unmatched,Jessica Kishner and Trevon Chaney,,leader,eepro
2026-06-jack-jill-o-rama/novice-pro-lead-am-follow-j-j-novice,2026-06-jack-jill-o-rama/novice-pro-lead-am-follow-j-j-novice/L-766,2026-06-jack-jill-o-rama,unmatched,Jacquelyn Schirmacher and Ryan Boz,,leader,eepro
2026-06-jack-jill-o-rama/novice-pro-lead-am-follow-j-j-novice,2026-06-jack-jill-o-rama/novice-pro-lead-am-follow-j-j-novice/L-77,2026-06-jack-jill-o-rama,unmatched,Morgan Tilley and Alfred Lee,,leader,eepro
2026-06-jack-jill-o-rama/novice-pro-lead-am-follow-j-j-novice,2026-06-jack-jill-o-rama/novice-pro-lead-am-follow-j-j-novice/L-776,2026-06-jack-jill-o-rama,unmatched,Gabrielle Scott and Paul Nunez,,leader,eepro
2026-06-jack-jill-o-rama/novice-pro-lead-am-follow-j-j-novice,2026-06-jack-jill-o-rama/novice-pro-lead-am-follow-j-j-novice/L-778,2026-06-jack-jill-o-rama,unmatched,Carol Grago and David Mulford,,leader,eepro
2026-06-jack-jill-o-rama/novice-pro-lead-am-follow-j-j-novice,2026-06-jack-jill-o-rama/novice-pro-lead-am-follow-j-j-novice/L-781,2026-06-jack-jill-o-rama,unmatched,Grace Durant and Ryan Crutcher,,leader,eepro
2026-06-jack-jill-o-rama/novice-pro-lead-am-follow-j-j-novice,2026-06-jack-jill-o-rama/novice-pro-lead-am-follow-j-j-novice/L-788,2026-06-jack-jill-o-rama,unmatched,Autumn Stewart and Austin Kois,,leader,eepro
2026-06-jack-jill-o-rama/novice-pro-lead-am-follow-j-j-novice,2026-06-jack-jill-o-rama/novice-pro-lead-am-follow-j-j-novice/L-81,2026-06-jack-jill-o-rama,unmatched,Joanne Zhang and Alfred Lee,,leader,eepro
2026-06-jack-jill-o-rama/novice-pro-lead-am-follow-j-j-novice,2026-06-jack-jill-o-rama/novice-pro-lead-am-follow-j-j-novice/L-84,2026-06-jack-jill-o-rama,unmatched,Natalie Silva and Julio Alvarez,,leader,eepro
2026-06-jack-jill-o-rama/novice-pro-lead-am-follow-j-j-novice,2026-06-jack-jill-o-rama/novice-pro-lead-am-follow-j-j-novice/L-85,2026-06-jack-jill-o-rama,unmatched,Marianne Mercer and Jung Choe,,leader,eepro
2026-06-jack-jill-o-rama/novice-pro-lead-am-follow-j-j-novice,2026-06-jack-jill-o-rama/novice-pro-lead-am-follow-j-j-novice/L-87,2026-06-jack-jill-o-rama,unmatched,Sarra Marie and Keerigan Rudd,,leader,eepro
2026-06-jack-jill-o-rama/novice-pro-lead-am-follow-j-j-novice,2026-06-jack-jill-o-rama/novice-pro-lead-am-follow-j-j-novice/L-99,2026-06-jack-jill-o-rama,unmatched,Addison Hiatt and Aris Demarco,,leader,eepro
2026-06-jack-jill-o-rama/open-open-jackpot-j-j,2026-06-jack-jill-o-rama/open-open-jackpot-j-j/L-101,2026-06-jack-jill-o-rama,possible,Jacob Reding and Ellie Sousa,,leader,eepro
2026-06-jack-jill-o-rama/open-open-jackpot-j-j,2026-06-jack-jill-o-rama/open-open-jackpot-j-j/L-107,2026-06-jack-jill-o-rama,possible,Caio Botelho and Hannah Guttman,,leader,eepro
2026-06-jack-jill-o-rama/open-open-jackpot-j-j,2026-06-jack-jill-o-rama/open-open-jackpot-j-j/L-111,2026-06-jack-jill-o-rama,possible,Nicholas Lohr and Alana Swift,,leader,eepro
2026-06-jack-jill-o-rama/open-open-jackpot-j-j,2026-06-jack-jill-o-rama/open-open-jackpot-j-j/L-12,2026-06-jack-jill-o-rama,possible,Kyle Eckman and Lyla Ruth,,leader,eepro
2026-06-jack-jill-o-rama/open-open-jackpot-j-j,2026-06-jack-jill-o-rama/open-open-jackpot-j-j/L-14,2026-06-jack-jill-o-rama,possible,Yuki Tamura and Amanda Ho,,leader,eepro
2026-06-jack-jill-o-rama/open-open-jackpot-j-j,2026-06-jack-jill-o-rama/open-open-jackpot-j-j/L-145,2026-06-jack-jill-o-rama,unmatched,Vincent DeRise and Nicole Bruner,,leader,eepro
2026-06-jack-jill-o-rama/open-open-jackpot-j-j,2026-06-jack-jill-o-rama/open-open-jackpot-j-j/L-146,2026-06-jack-jill-o-rama,probable,Jon Good and Lindsay Gardner,20247,leader,eepro
2026-06-jack-jill-o-rama/open-open-jackpot-j-j,2026-06-jack-jill-o-rama/open-open-jackpot-j-j/L-149,2026-06-jack-jill-o-rama,unmatched,James Wyke and Nina Cheré Nørgaard,,leader,eepro
2026-06-jack-jill-o-rama/open-open-jackpot-j-j,2026-06-jack-jill-o-rama/open-open-jackpot-j-j/L-150,2026-06-jack-jill-o-rama,possible,Gabe Ofordu and Heather Sabel,,leader,eepro
2026-06-jack-jill-o-rama/open-open-jackpot-j-j,2026-06-jack-jill-o-rama/open-open-jackpot-j-j/L-154,2026-06-jack-jill-o-rama,possible,William McGregor and Adele Strub,,leader,eepro
2026-06-jack-jill-o-rama/open-open-jackpot-j-j,2026-06-jack-jill-o-rama/open-open-jackpot-j-j/L-157,2026-06-jack-jill-o-rama,unmatched,Igor Laryukhin and Fumiko Jenkins,,leader,eepro
2026-06-jack-jill-o-rama/open-open-jackpot-j-j,2026-06-jack-jill-o-rama/open-open-jackpot-j-j/L-16,2026-06-jack-jill-o-rama,probable,Ryan Maldonado and Cameo McHenry,13979,leader,eepro
2026-06-jack-jill-o-rama/open-open-jackpot-j-j,2026-06-jack-jill-o-rama/open-open-jackpot-j-j/L-163,2026-06-jack-jill-o-rama,possible,Divy Ravindranath and Amber O'Connell,,leader,eepro
2026-06-jack-jill-o-rama/open-open-jackpot-j-j,2026-06-jack-jill-o-rama/open-open-jackpot-j-j/L-165,2026-06-jack-jill-o-rama,probable,Andrew Son and Brittany Richardson,22782,leader,eepro
2026-06-jack-jill-o-rama/open-open-jackpot-j-j,2026-06-jack-jill-o-rama/open-open-jackpot-j-j/L-168,2026-06-jack-jill-o-rama,possible,Jefferson Flowers and Elise Holland,,leader,eepro
2026-06-jack-jill-o-rama/open-open-jackpot-j-j,2026-06-jack-jill-o-rama/open-open-jackpot-j-j/L-169,2026-06-jack-jill-o-rama,possible,Tony Chen and Willow Vander Kooi,,leader,eepro
2026-06-jack-jill-o-rama/open-open-jackpot-j-j,2026-06-jack-jill-o-rama/open-open-jackpot-j-j/L-17,2026-06-jack-jill-o-rama,possible,Jared Cogswell and Anastasia Mysina,,leader,eepro
2026-06-jack-jill-o-rama/open-open-jackpot-j-j,2026-06-jack-jill-o-rama/open-open-jackpot-j-j/L-170,2026-06-jack-jill-o-rama,possible,Thibault Ramirez and Minjia Ching,,leader,eepro
2026-06-jack-jill-o-rama/open-open-jackpot-j-j,2026-06-jack-jill-o-rama/open-open-jackpot-j-j/L-178,2026-06-jack-jill-o-rama,probable,Dawit Palmer and Skylar Pritchard,27925,leader,eepro
2026-06-jack-jill-o-rama/open-open-jackpot-j-j,2026-06-jack-jill-o-rama/open-open-jackpot-j-j/L-181,2026-06-jack-jill-o-rama,probable,Jared Smythe and Maddy Skinner,22624,leader,eepro
2026-06-jack-jill-o-rama/open-open-jackpot-j-j,2026-06-jack-jill-o-rama/open-open-jackpot-j-j/L-182,2026-06-jack-jill-o-rama,possible,Phillip Nicholson and Madi Fabber,,leader,eepro
2026-06-jack-jill-o-rama/open-open-jackpot-j-j,2026-06-jack-jill-o-rama/open-open-jackpot-j-j/L-184,2026-06-jack-jill-o-rama,probable,Scott Miller and Emily Munck,2769,leader,eepro
2026-06-jack-jill-o-rama/open-open-jackpot-j-j,2026-06-jack-jill-o-rama/open-open-jackpot-j-j/L-195,2026-06-jack-jill-o-rama,possible,Adam Hendrawan and Katelyn Bouise,,leader,eepro
2026-06-jack-jill-o-rama/open-open-jackpot-j-j,2026-06-jack-jill-o-rama/open-open-jackpot-j-j/L-207,2026-06-jack-jill-o-rama,possible,Aaron Nuno and Natasha Lykhenko,,leader,eepro
2026-06-jack-jill-o-rama/open-open-jackpot-j-j,2026-06-jack-jill-o-rama/open-open-jackpot-j-j/L-208,2026-06-jack-jill-o-rama,unmatched,David Flores and Rosario Ibarra Machado,,leader,eepro
2026-06-jack-jill-o-rama/open-open-jackpot-j-j,2026-06-jack-jill-o-rama/open-open-jackpot-j-j/L-21,2026-06-jack-jill-o-rama,possible,Srikar Bhagavatula and Ying Yu,,leader,eepro
2026-06-jack-jill-o-rama/open-open-jackpot-j-j,2026-06-jack-jill-o-rama/open-open-jackpot-j-j/L-213,2026-06-jack-jill-o-rama,possible,Blake Knoll and Morgan Hearrell,,leader,eepro
2026-06-jack-jill-o-rama/open-open-jackpot-j-j,2026-06-jack-jill-o-rama/open-open-jackpot-j-j/L-215,2026-06-jack-jill-o-rama,possible,Keerigan Rudd and Courtney Mejias,,leader,eepro
2026-06-jack-jill-o-rama/open-open-jackpot-j-j,2026-06-jack-jill-o-rama/open-open-jackpot-j-j/L-217,2026-06-jack-jill-o-rama,possible,Ariel Schwartz and Morgan Halstead,,leader,eepro
2026-06-jack-jill-o-rama/open-open-jackpot-j-j,2026-06-jack-jill-o-rama/open-open-jackpot-j-j/L-22,2026-06-jack-jill-o-rama,probable,Ben McHenry and Jessica Miller,3181,leader,eepro
2026-06-jack-jill-o-rama/open-open-jackpot-j-j,2026-06-jack-jill-o-rama/open-open-jackpot-j-j/L-223,2026-06-jack-jill-o-rama,unmatched,Christopher Smoot and Serena Hsu,,leader,eepro
2026-06-jack-jill-o-rama/open-open-jackpot-j-j,2026-06-jack-jill-o-rama/open-open-jackpot-j-j/L-225,2026-06-jack-jill-o-rama,possible,Samuel Anspach and Rachel Shook,,leader,eepro
2026-06-jack-jill-o-rama/open-open-jackpot-j-j,2026-06-jack-jill-o-rama/open-open-jackpot-j-j/L-228,2026-06-jack-jill-o-rama,possible,Miguel Abdala and Alexis Garrish,,leader,eepro
2026-06-jack-jill-o-rama/open-open-jackpot-j-j,2026-06-jack-jill-o-rama/open-open-jackpot-j-j/L-263,2026-06-jack-jill-o-rama,unmatched,Anton Bogatirev and Marianne Mercer,,leader,eepro
2026-06-jack-jill-o-rama/open-open-jackpot-j-j,2026-06-jack-jill-o-rama/open-open-jackpot-j-j/L-267,2026-06-jack-jill-o-rama,possible,Juan Aguirre and Olivia Doan,,leader,eepro
2026-06-jack-jill-o-rama/open-open-jackpot-j-j,2026-06-jack-jill-o-rama/open-open-jackpot-j-j/L-268,2026-06-jack-jill-o-rama,unmatched,Joseph Tong and Joanne Zhang,,leader,eepro
2026-06-jack-jill-o-rama/open-open-jackpot-j-j,2026-06-jack-jill-o-rama/open-open-jackpot-j-j/L-269,2026-06-jack-jill-o-rama,possible,Brock Daniels and Leah Lawrence,,leader,eepro
2026-06-jack-jill-o-rama/open-open-jackpot-j-j,2026-06-jack-jill-o-rama/open-open-jackpot-j-j/L-277,2026-06-jack-jill-o-rama,possible,Matt Richey and Madelaine Briggs,,leader,eepro
2026-06-jack-jill-o-rama/open-open-jackpot-j-j,2026-06-jack-jill-o-rama/open-open-jackpot-j-j/L-281,2026-06-jack-jill-o-rama,possible,Nick Hughes and Allysa Rees,,leader,eepro
2026-06-jack-jill-o-rama/open-open-jackpot-j-j,2026-06-jack-jill-o-rama/open-open-jackpot-j-j/L-298,2026-06-jack-jill-o-rama,possible,Jaden Pfeiffer and Carol Grago,,leader,eepro
2026-06-jack-jill-o-rama/open-open-jackpot-j-j,2026-06-jack-jill-o-rama/open-open-jackpot-j-j/L-299,2026-06-jack-jill-o-rama,possible,Za Thomaier and Carmen hyunsook Kim,,leader,eepro
2026-06-jack-jill-o-rama/open-open-jackpot-j-j,2026-06-jack-jill-o-rama/open-open-jackpot-j-j/L-309,2026-06-jack-jill-o-rama,unmatched,Andres Cedeno and Tonia Garcia,,leader,eepro
2026-06-jack-jill-o-rama/open-open-jackpot-j-j,2026-06-jack-jill-o-rama/open-open-jackpot-j-j/L-31,2026-06-jack-jill-o-rama,unmatched,Philip Piersol and Paige Solano,,leader,eepro
2026-06-jack-jill-o-rama/open-open-jackpot-j-j,2026-06-jack-jill-o-rama/open-open-jackpot-j-j/L-315,2026-06-jack-jill-o-rama,unmatched,Jaedell Gresham and Rachael Hoffman,,leader,eepro
2026-06-jack-jill-o-rama/open-open-jackpot-j-j,2026-06-jack-jill-o-rama/open-open-jackpot-j-j/L-317,2026-06-jack-jill-o-rama,unmatched,Ruben Sison and Robyn Heidenreich,,leader,eepro
2026-06-jack-jill-o-rama/open-open-jackpot-j-j,2026-06-jack-jill-o-rama/open-open-jackpot-j-j/L-325,2026-06-jack-jill-o-rama,possible,Aris Demarco and Fiona Callaghan,,leader,eepro
2026-06-jack-jill-o-rama/open-open-jackpot-j-j,2026-06-jack-jill-o-rama/open-open-jackpot-j-j/L-334,2026-06-jack-jill-o-rama,possible,Joun Young Lee and Anna Zeng,,leader,eepro
2026-06-jack-jill-o-rama/open-open-jackpot-j-j,2026-06-jack-jill-o-rama/open-open-jackpot-j-j/L-351,2026-06-jack-jill-o-rama,probable,Jesse Sanchez and Lauren Sullivan,18879,leader,eepro
2026-06-jack-jill-o-rama/open-open-jackpot-j-j,2026-06-jack-jill-o-rama/open-open-jackpot-j-j/L-361,2026-06-jack-jill-o-rama,possible,Tip West and Jindalae Suh,,leader,eepro
2026-06-jack-jill-o-rama/open-open-jackpot-j-j,2026-06-jack-jill-o-rama/open-open-jackpot-j-j/L-370,2026-06-jack-jill-o-rama,possible,Morgan Kavanagh and Sonyeo Yun,,leader,eepro
2026-06-jack-jill-o-rama/open-open-jackpot-j-j,2026-06-jack-jill-o-rama/open-open-jackpot-j-j/L-377,2026-06-jack-jill-o-rama,possible,Matthew snook and Jasmine Morrison,,leader,eepro
2026-06-jack-jill-o-rama/open-open-jackpot-j-j,2026-06-jack-jill-o-rama/open-open-jackpot-j-j/L-378,2026-06-jack-jill-o-rama,possible,Nathan Wong and Jade Bryan,,leader,eepro
2026-06-jack-jill-o-rama/open-open-jackpot-j-j,2026-06-jack-jill-o-rama/open-open-jackpot-j-j/L-385,2026-06-jack-jill-o-rama,possible,Egan Anselmo and Shayla Bouise,,leader,eepro
2026-06-jack-jill-o-rama/open-open-jackpot-j-j,2026-06-jack-jill-o-rama/open-open-jackpot-j-j/L-387,2026-06-jack-jill-o-rama,possible,Keita Sumikawa and Larisa Tingle,,leader,eepro
2026-06-jack-jill-o-rama/open-open-jackpot-j-j,2026-06-jack-jill-o-rama/open-open-jackpot-j-j/L-389,2026-06-jack-jill-o-rama,possible,Christopher Dumond and Stacey Troy,,leader,eepro
2026-06-jack-jill-o-rama/open-open-jackpot-j-j,2026-06-jack-jill-o-rama/open-open-jackpot-j-j/L-391,2026-06-jack-jill-o-rama,possible,Hans Marasigan and Mackenzie Keister,,leader,eepro
2026-06-jack-jill-o-rama/open-open-jackpot-j-j,2026-06-jack-jill-o-rama/open-open-jackpot-j-j/L-398,2026-06-jack-jill-o-rama,possible,Cai Garcia and Laura T Thompson,,leader,eepro
2026-06-jack-jill-o-rama/open-open-jackpot-j-j,2026-06-jack-jill-o-rama/open-open-jackpot-j-j/L-40,2026-06-jack-jill-o-rama,possible,Trenten Jackson and Kyra Peters,,leader,eepro
2026-06-jack-jill-o-rama/open-open-jackpot-j-j,2026-06-jack-jill-o-rama/open-open-jackpot-j-j/L-402,2026-06-jack-jill-o-rama,possible,Michael Hill and Krista Young,,leader,eepro
2026-06-jack-jill-o-rama/open-open-jackpot-j-j,2026-06-jack-jill-o-rama/open-open-jackpot-j-j/L-416,2026-06-jack-jill-o-rama,unmatched,Wingo and Natalie Silva,,leader,eepro
2026-06-jack-jill-o-rama/open-open-jackpot-j-j,2026-06-jack-jill-o-rama/open-open-jackpot-j-j/L-419,2026-06-jack-jill-o-rama,possible,Chase Yandell and Talía Colón,,leader,eepro
2026-06-jack-jill-o-rama/open-open-jackpot-j-j,2026-06-jack-jill-o-rama/open-open-jackpot-j-j/L-445,2026-06-jack-jill-o-rama,probable,Chad Garrett and Janelle Guido,14883,leader,eepro
2026-06-jack-jill-o-rama/open-open-jackpot-j-j,2026-06-jack-jill-o-rama/open-open-jackpot-j-j/L-447,2026-06-jack-jill-o-rama,possible,Dario Haxhia and Christa Farmer,,leader,eepro
2026-06-jack-jill-o-rama/open-open-jackpot-j-j,2026-06-jack-jill-o-rama/open-open-jackpot-j-j/L-452,2026-06-jack-jill-o-rama,possible,Diana Fu and Liannah Kovacs,,leader,eepro
2026-06-jack-jill-o-rama/open-open-jackpot-j-j,2026-06-jack-jill-o-rama/open-open-jackpot-j-j/L-454,2026-06-jack-jill-o-rama,possible,Markus Smith and Abigail Baker,,leader,eepro
2026-06-jack-jill-o-rama/open-open-jackpot-j-j,2026-06-jack-jill-o-rama/open-open-jackpot-j-j/L-458,2026-06-jack-jill-o-rama,possible,John Lindo and Patrick Tran,,leader,eepro
2026-06-jack-jill-o-rama/open-open-jackpot-j-j,2026-06-jack-jill-o-rama/open-open-jackpot-j-j/L-459,2026-06-jack-jill-o-rama,possible,Julian Lee and Judith Asem,,leader,eepro
2026-06-jack-jill-o-rama/open-open-jackpot-j-j,2026-06-jack-jill-o-rama/open-open-jackpot-j-j/L-466,2026-06-jack-jill-o-rama,unmatched,Paiton Hebert and Kelly Szteinbaum,,leader,eepro
2026-06-jack-jill-o-rama/open-open-jackpot-j-j,2026-06-jack-jill-o-rama/open-open-jackpot-j-j/L-474,2026-06-jack-jill-o-rama,possible,Brennan Stanford and Shanna Porcari,,leader,eepro
2026-06-jack-jill-o-rama/open-open-jackpot-j-j,2026-06-jack-jill-o-rama/open-open-jackpot-j-j/L-487,2026-06-jack-jill-o-rama,possible,Corrado Mazzarelli and Grace Dekermenjian,,leader,eepro
2026-06-jack-jill-o-rama/open-open-jackpot-j-j,2026-06-jack-jill-o-rama/open-open-jackpot-j-j/L-491,2026-06-jack-jill-o-rama,possible,Marvin Koehler and Brittany Shakespear,,leader,eepro
2026-06-jack-jill-o-rama/open-open-jackpot-j-j,2026-06-jack-jill-o-rama/open-open-jackpot-j-j/L-497,2026-06-jack-jill-o-rama,unmatched,Justin Kereszturi and Julia Dupere,,leader,eepro
2026-06-jack-jill-o-rama/open-open-jackpot-j-j,2026-06-jack-jill-o-rama/open-open-jackpot-j-j/L-51,2026-06-jack-jill-o-rama,possible,Harish Kommineni and Sydney Taylor,,leader,eepro
2026-06-jack-jill-o-rama/open-open-jackpot-j-j,2026-06-jack-jill-o-rama/open-open-jackpot-j-j/L-516,2026-06-jack-jill-o-rama,possible,Bradley Wendt and Leslie Neumann,,leader,eepro
2026-06-jack-jill-o-rama/open-open-jackpot-j-j,2026-06-jack-jill-o-rama/open-open-jackpot-j-j/L-54,2026-06-jack-jill-o-rama,possible,Paul Forness and Miho Myojin,,leader,eepro
2026-06-jack-jill-o-rama/open-open-jackpot-j-j,2026-06-jack-jill-o-rama/open-open-jackpot-j-j/L-542,2026-06-jack-jill-o-rama,possible,James Kruczek and Brandi Guild,,leader,eepro
2026-06-jack-jill-o-rama/open-open-jackpot-j-j,2026-06-jack-jill-o-rama/open-open-jackpot-j-j/L-55,2026-06-jack-jill-o-rama,possible,Rosemary Whitson and Vanessa Vitiello,,leader,eepro
2026-06-jack-jill-o-rama/open-open-jackpot-j-j,2026-06-jack-jill-o-rama/open-open-jackpot-j-j/L-554,2026-06-jack-jill-o-rama,possible,Arthur Beltran and Danyah Bray,,leader,eepro
2026-06-jack-jill-o-rama/open-open-jackpot-j-j,2026-06-jack-jill-o-rama/open-open-jackpot-j-j/L-555,2026-06-jack-jill-o-rama,possible,Casey Castleberry and Phoenix Grey,,leader,eepro
2026-06-jack-jill-o-rama/open-open-jackpot-j-j,2026-06-jack-jill-o-rama/open-open-jackpot-j-j/L-556,2026-06-jack-jill-o-rama,possible,Kaemon Heureux and Giulia Rusch,,leader,eepro
2026-06-jack-jill-o-rama/open-open-jackpot-j-j,2026-06-jack-jill-o-rama/open-open-jackpot-j-j/L-560,2026-06-jack-jill-o-rama,possible,Bobby Martinez and Cassandra Sisson,,leader,eepro
2026-06-jack-jill-o-rama/open-open-jackpot-j-j,2026-06-jack-jill-o-rama/open-open-jackpot-j-j/L-562,2026-06-jack-jill-o-rama,possible,Everest and Pooja Sadarangani,,leader,eepro
2026-06-jack-jill-o-rama/open-open-jackpot-j-j,2026-06-jack-jill-o-rama/open-open-jackpot-j-j/L-567,2026-06-jack-jill-o-rama,possible,Josh Kneeland and Corinne Smith,,leader,eepro
2026-06-jack-jill-o-rama/open-open-jackpot-j-j,2026-06-jack-jill-o-rama/open-open-jackpot-j-j/L-574,2026-06-jack-jill-o-rama,possible,Omar Gonzalez and Mia Primavera,,leader,eepro
2026-06-jack-jill-o-rama/open-open-jackpot-j-j,2026-06-jack-jill-o-rama/open-open-jackpot-j-j/L-58,2026-06-jack-jill-o-rama,possible,Sam Vaden and Kathie Castro,,leader,eepro
2026-06-jack-jill-o-rama/open-open-jackpot-j-j,2026-06-jack-jill-o-rama/open-open-jackpot-j-j/L-582,2026-06-jack-jill-o-rama,possible,Red Elghazi and Madalina Varlam,,leader,eepro
2026-06-jack-jill-o-rama/open-open-jackpot-j-j,2026-06-jack-jill-o-rama/open-open-jackpot-j-j/L-585,2026-06-jack-jill-o-rama,possible,KP Rutland and Nicki Cacciato,,leader,eepro
2026-06-jack-jill-o-rama/open-open-jackpot-j-j,2026-06-jack-jill-o-rama/open-open-jackpot-j-j/L-594,2026-06-jack-jill-o-rama,possible,Breydon Lyall and Debra Yockey,,leader,eepro
2026-06-jack-jill-o-rama/open-open-jackpot-j-j,2026-06-jack-jill-o-rama/open-open-jackpot-j-j/L-596,2026-06-jack-jill-o-rama,probable,Pierre Vittorio Sinajon and Amy Sleeper,26659,leader,eepro
2026-06-jack-jill-o-rama/open-open-jackpot-j-j,2026-06-jack-jill-o-rama/open-open-jackpot-j-j/L-606,2026-06-jack-jill-o-rama,possible,Branden Strong and Bryn Anderson,,leader,eepro
2026-06-jack-jill-o-rama/open-open-jackpot-j-j,2026-06-jack-jill-o-rama/open-open-jackpot-j-j/L-608,2026-06-jack-jill-o-rama,possible,Zac Skinner and Kareen Rivera,,leader,eepro
2026-06-jack-jill-o-rama/open-open-jackpot-j-j,2026-06-jack-jill-o-rama/open-open-jackpot-j-j/L-618,2026-06-jack-jill-o-rama,possible,Diego Rivera and Sarah Pickell,,leader,eepro
2026-06-jack-jill-o-rama/open-open-jackpot-j-j,2026-06-jack-jill-o-rama/open-open-jackpot-j-j/L-619,2026-06-jack-jill-o-rama,unmatched,David Guido and Tren Veal,,leader,eepro
2026-06-jack-jill-o-rama/open-open-jackpot-j-j,2026-06-jack-jill-o-rama/open-open-jackpot-j-j/L-621,2026-06-jack-jill-o-rama,possible,Christopher Chung and Jung Kang,,leader,eepro
2026-06-jack-jill-o-rama/open-open-jackpot-j-j,2026-06-jack-jill-o-rama/open-open-jackpot-j-j/L-628,2026-06-jack-jill-o-rama,possible,Nicoli Liedtke and Kelsey Rosenthal,,leader,eepro
2026-06-jack-jill-o-rama/open-open-jackpot-j-j,2026-06-jack-jill-o-rama/open-open-jackpot-j-j/L-634,2026-06-jack-jill-o-rama,possible,Anton Volodko and Hyunhee Lee,,leader,eepro
2026-06-jack-jill-o-rama/open-open-jackpot-j-j,2026-06-jack-jill-o-rama/open-open-jackpot-j-j/L-639,2026-06-jack-jill-o-rama,probable,Chris Low and Melissa Miller,13754,leader,eepro
2026-06-jack-jill-o-rama/open-open-jackpot-j-j,2026-06-jack-jill-o-rama/open-open-jackpot-j-j/L-640,2026-06-jack-jill-o-rama,possible,Niklas Johansson and Heather Maddigan,,leader,eepro
2026-06-jack-jill-o-rama/open-open-jackpot-j-j,2026-06-jack-jill-o-rama/open-open-jackpot-j-j/L-643,2026-06-jack-jill-o-rama,possible,Elaine Dimal and Laureen Baldovi,,leader,eepro
2026-06-jack-jill-o-rama/open-open-jackpot-j-j,2026-06-jack-jill-o-rama/open-open-jackpot-j-j/L-646,2026-06-jack-jill-o-rama,possible,Danny Ireland and Cheri Rafter,,leader,eepro
2026-06-jack-jill-o-rama/open-open-jackpot-j-j,2026-06-jack-jill-o-rama/open-open-jackpot-j-j/L-654,2026-06-jack-jill-o-rama,possible,Brett Campbell and Kara Buckner,,leader,eepro
2026-06-jack-jill-o-rama/open-open-jackpot-j-j,2026-06-jack-jill-o-rama/open-open-jackpot-j-j/L-657,2026-06-jack-jill-o-rama,possible,Christopher Ellwood and Kristen Shaw,,leader,eepro
2026-06-jack-jill-o-rama/open-open-jackpot-j-j,2026-06-jack-jill-o-rama/open-open-jackpot-j-j/L-66,2026-06-jack-jill-o-rama,possible,Phil Beadnell and Emily Huang,,leader,eepro
2026-06-jack-jill-o-rama/open-open-jackpot-j-j,2026-06-jack-jill-o-rama/open-open-jackpot-j-j/L-663,2026-06-jack-jill-o-rama,possible,Edem Attikese and Rachel Holdren,,leader,eepro
2026-06-jack-jill-o-rama/open-open-jackpot-j-j,2026-06-jack-jill-o-rama/open-open-jackpot-j-j/L-665,2026-06-jack-jill-o-rama,possible,Peter Castro and Srishti Love,,leader,eepro
2026-06-jack-jill-o-rama/open-open-jackpot-j-j,2026-06-jack-jill-o-rama/open-open-jackpot-j-j/L-669,2026-06-jack-jill-o-rama,unmatched,Ryan Crutcher and Sami jo Buffington,,leader,eepro
2026-06-jack-jill-o-rama/open-open-jackpot-j-j,2026-06-jack-jill-o-rama/open-open-jackpot-j-j/L-674,2026-06-jack-jill-o-rama,possible,Joel Gibson and Maru Hutchins,,leader,eepro
2026-06-jack-jill-o-rama/open-open-jackpot-j-j,2026-06-jack-jill-o-rama/open-open-jackpot-j-j/L-687,2026-06-jack-jill-o-rama,possible,Woody Bretz and Elizabeth Spann,,leader,eepro
2026-06-jack-jill-o-rama/open-open-jackpot-j-j,2026-06-jack-jill-o-rama/open-open-jackpot-j-j/L-693,2026-06-jack-jill-o-rama,unmatched,Glenn Mccallum and Kim Kelch,,leader,eepro
2026-06-jack-jill-o-rama/open-open-jackpot-j-j,2026-06-jack-jill-o-rama/open-open-jackpot-j-j/L-698,2026-06-jack-jill-o-rama,possible,Samantha Buckwalter and Julie Winspear,,leader,eepro
2026-06-jack-jill-o-rama/open-open-jackpot-j-j,2026-06-jack-jill-o-rama/open-open-jackpot-j-j/L-699,2026-06-jack-jill-o-rama,possible,Audrey Hoo and Sarah Brown,,leader,eepro
2026-06-jack-jill-o-rama/open-open-jackpot-j-j,2026-06-jack-jill-o-rama/open-open-jackpot-j-j/L-7,2026-06-jack-jill-o-rama,possible,Jeremy Cooper and Olga Khvan,,leader,eepro
2026-06-jack-jill-o-rama/open-open-jackpot-j-j,2026-06-jack-jill-o-rama/open-open-jackpot-j-j/L-709,2026-06-jack-jill-o-rama,possible,Spencer Spiegel and Kristen Wallace,,leader,eepro
2026-06-jack-jill-o-rama/open-open-jackpot-j-j,2026-06-jack-jill-o-rama/open-open-jackpot-j-j/L-716,2026-06-jack-jill-o-rama,possible,Spencer Gyore and Taylor Linahan,,leader,eepro
2026-06-jack-jill-o-rama/open-open-jackpot-j-j,2026-06-jack-jill-o-rama/open-open-jackpot-j-j/L-720,2026-06-jack-jill-o-rama,possible,Brian Sforzo and Brylee Landers,,leader,eepro
2026-06-jack-jill-o-rama/open-open-jackpot-j-j,2026-06-jack-jill-o-rama/open-open-jackpot-j-j/L-722,2026-06-jack-jill-o-rama,possible,J Khayree Jones and Nicolette Flores,,leader,eepro
2026-06-jack-jill-o-rama/open-open-jackpot-j-j,2026-06-jack-jill-o-rama/open-open-jackpot-j-j/L-723,2026-06-jack-jill-o-rama,possible,Austin Kois and Nigelle Ferrer,,leader,eepro
2026-06-jack-jill-o-rama/open-open-jackpot-j-j,2026-06-jack-jill-o-rama/open-open-jackpot-j-j/L-728,2026-06-jack-jill-o-rama,possible,Julio Alvarez and Lisa Maynes,,leader,eepro
2026-06-jack-jill-o-rama/open-open-jackpot-j-j,2026-06-jack-jill-o-rama/open-open-jackpot-j-j/L-73,2026-06-jack-jill-o-rama,possible,Gabriel Stawiecki and Stacey Potter,,leader,eepro
2026-06-jack-jill-o-rama/open-open-jackpot-j-j,2026-06-jack-jill-o-rama/open-open-jackpot-j-j/L-735,2026-06-jack-jill-o-rama,unmatched,Aidan Keith-Hynes and Tally Tam,,leader,eepro
2026-06-jack-jill-o-rama/open-open-jackpot-j-j,2026-06-jack-jill-o-rama/open-open-jackpot-j-j/L-742,2026-06-jack-jill-o-rama,possible,Luke Applin and Khrystyna Cusimano,,leader,eepro
2026-06-jack-jill-o-rama/open-open-jackpot-j-j,2026-06-jack-jill-o-rama/open-open-jackpot-j-j/L-75,2026-06-jack-jill-o-rama,possible,Chase Henry and Jenna Shimek,,leader,eepro
2026-06-jack-jill-o-rama/open-open-jackpot-j-j,2026-06-jack-jill-o-rama/open-open-jackpot-j-j/L-82,2026-06-jack-jill-o-rama,possible,Jeffrey Huynh and Ashley Broussard,,leader,eepro
2026-06-jack-jill-o-rama/open-open-jackpot-j-j,2026-06-jack-jill-o-rama/open-open-jackpot-j-j/L-96,2026-06-jack-jill-o-rama,possible,Richard Fu and Kira Schubot,,leader,eepro
2026-06-liberty-swing/open-pro-am,2026-06-liberty-swing/open-pro-am/L-name-ashley-smith-and-ben-mchenry,2026-06-liberty-swing,probable,Ashley Smith and Ben McHenry,3181,leader,eepro
2026-06-liberty-swing/open-pro-am,2026-06-liberty-swing/open-pro-am/L-name-daniella-robichaud-and-markus-smith,2026-06-liberty-swing,probable,Daniella Robichaud and Markus Smith,5103,leader,eepro
2026-06-liberty-swing/open-pro-am,2026-06-liberty-swing/open-pro-am/L-name-hannah-gutin-creech-and-markus-smith,2026-06-liberty-swing,unmatched,Hannah Gutin-Creech and Markus Smith,,leader,eepro
2026-06-liberty-swing/open-pro-am,2026-06-liberty-swing/open-pro-am/L-name-jacob-guerin-and-alli-reese,2026-06-liberty-swing,possible,Jacob Guerin and Alli Reese,,leader,eepro
2026-06-liberty-swing/open-pro-am,2026-06-liberty-swing/open-pro-am/L-name-madi-fabber-and-joe-miller,2026-06-liberty-swing,probable,Madi Fabber and Joe Miller,11864,leader,eepro
2026-06-liberty-swing/open-pro-am,2026-06-liberty-swing/open-pro-am/L-name-yubin-kim-and-hugo-miguez,2026-06-liberty-swing,probable,Yubin Kim and Hugo Miguez,7299,leader,eepro
2026-06-liberty-swing/rising-star,2026-06-liberty-swing/rising-star/L-name-daniel-cruz-and-jenny-cadieux,2026-06-liberty-swing,probable,Daniel Cruz and Jenny Cadieux,14047,leader,eepro
2026-06-liberty-swing/rising-star,2026-06-liberty-swing/rising-star/L-name-david-garwin-and-kayla-smith,2026-06-liberty-swing,probable,David Garwin and Kayla Smith,16914,leader,eepro
2026-06-liberty-swing/rising-star,2026-06-liberty-swing/rising-star/L-name-diego-rivera-and-taylor-linahan,2026-06-liberty-swing,probable,Diego Rivera and Taylor Linahan,20813,leader,eepro
2026-06-liberty-swing/rising-star,2026-06-liberty-swing/rising-star/L-name-jeffrey-bragg-and-rebecca-menon,2026-06-liberty-swing,probable,Jeffrey Bragg and Rebecca Menon,16186,leader,eepro
2026-06-liberty-swing/rising-star,2026-06-liberty-swing/rising-star/L-name-jonathan-wolfgram-and-regina-galiyeva,2026-06-liberty-swing,probable,Jonathan Wolfgram and Regina Galiyeva,25227,leader,eepro
2026-06-liberty-swing/rising-star,2026-06-liberty-swing/rising-star/L-name-matt-davis-and-kristen-shaw,2026-06-liberty-swing,probable,Matt Davis and Kristen Shaw,9123,leader,eepro
2026-06-liberty-swing/rising-star,2026-06-liberty-swing/rising-star/L-name-maxwell-thew-and-alli-reese,2026-06-liberty-swing,probable,Maxwell Thew and Alli Reese,13530,leader,eepro
2026-06-liberty-swing/rising-star,2026-06-liberty-swing/rising-star/L-name-michael-medini-and-lourdes-cruz,2026-06-liberty-swing,probable,Michael Medini and Lourdes Cruz,9298,leader,eepro
2026-06-liberty-swing/rising-star,2026-06-liberty-swing/rising-star/L-name-pierre-olivier-bastien-dionne-and-marie-phaneuf-fournier,2026-06-liberty-swing,unmatched,Pierre-Olivier Bastien-Dionne and Marie Phaneuf-Fournier,,leader,eepro
2026-06-liberty-swing/rising-star,2026-06-liberty-swing/rising-star/L-name-simon-girard-and-isabelle-roy,2026-06-liberty-swing,probable,Simon Girard and Isabelle Roy,10895,leader,eepro
2026-06-liberty-swing/sophisticated-pro-am,2026-06-liberty-swing/sophisticated-pro-am/L-name-brad-setzer-and-stacy-kay,2026-06-liberty-swing,probable,Brad Setzer and Stacy Kay,8814,leader,eepro
2026-06-liberty-swing/sophisticated-pro-am,2026-06-liberty-swing/sophisticated-pro-am/L-name-chris-tuey-and-lara-deni,2026-06-liberty-swing,probable,Chris Tuey and Lara Deni,4033,leader,eepro
2026-06-liberty-swing/sophisticated-pro-am,2026-06-liberty-swing/sophisticated-pro-am/L-name-christa-eppinghaus-and-markus-smith,2026-06-liberty-swing,unmatched,Christa Eppinghaus and Markus Smith,,leader,eepro
2026-06-liberty-swing/sophisticated-pro-am,2026-06-liberty-swing/sophisticated-pro-am/L-name-karin-riechenberg-and-markus-smith,2026-06-liberty-swing,unmatched,Karin Riechenberg and Markus Smith,,leader,eepro
2026-06-liberty-swing/sophisticated-pro-am,2026-06-liberty-swing/sophisticated-pro-am/L-name-kim-salvesen-and-derek-leyva,2026-06-liberty-swing,unmatched,Kim Salvesen and Derek Leyva,,leader,eepro
2026-06-liberty-swing/sophisticated-pro-am,2026-06-liberty-swing/sophisticated-pro-am/L-name-wendall-mcclellan-and-lara-deni,2026-06-liberty-swing,unmatched,Wendall McClellan and Lara Deni,,leader,eepro
2026-06-orange-blossom/masters-strictly-follower-pro-am,2026-06-orange-blossom/masters-strictly-follower-pro-am/F-131,2026-06-orange-blossom,probable,PAT LA DOUCEUR and CRAIG JOHNSON,1534,follower,eepro
2026-06-orange-blossom/masters-strictly-follower-pro-am,2026-06-orange-blossom/masters-strictly-follower-pro-am/F-135,2026-06-orange-blossom,probable,CHRISTINE ZOYHOFSKI and DEREK LEYVA,7899,follower,eepro
2026-06-orange-blossom/masters-strictly-follower-pro-am,2026-06-orange-blossom/masters-strictly-follower-pro-am/F-251,2026-06-orange-blossom,probable,LANA WU and HUGO MIGUEZ,7299,follower,eepro
2026-06-orange-blossom/newcomer-strictly-leader-pro-am,2026-06-orange-blossom/newcomer-strictly-leader-pro-am/L-305,2026-06-orange-blossom,unmatched,STEVEN MANE and NIK INGVAR,,leader,eepro
2026-06-orange-blossom/novice-strictly-follower-pro-am,2026-06-orange-blossom/novice-strictly-follower-pro-am/F-131,2026-06-orange-blossom,unmatched,PAT LA DOUCEUR and CRAIG JOHNSON,,follower,eepro
2026-06-orange-blossom/novice-strictly-follower-pro-am,2026-06-orange-blossom/novice-strictly-follower-pro-am/F-135,2026-06-orange-blossom,unmatched,CHRISTINE ZOYHOFSKI and DEREK LEYVA,,follower,eepro
2026-06-orange-blossom/novice-strictly-follower-pro-am,2026-06-orange-blossom/novice-strictly-follower-pro-am/F-351,2026-06-orange-blossom,unmatched,PHOEBE REAGAN and IAN CAMERON,,follower,eepro
2026-06-orange-blossom/novice-strictly-follower-pro-am,2026-06-orange-blossom/novice-strictly-follower-pro-am/F-356,2026-06-orange-blossom,unmatched,DONNALUZ BUSH and IAN CAMERON,,follower,eepro
2026-06-orange-blossom/novice-strictly-leader-pro-am,2026-06-orange-blossom/novice-strictly-leader-pro-am/L-222,2026-06-orange-blossom,unmatched,JIMMY BURNS and CHRISTINE WETZEL,,leader,eepro
2026-06-orange-blossom/novice-strictly-leader-pro-am,2026-06-orange-blossom/novice-strictly-leader-pro-am/L-383,2026-06-orange-blossom,unmatched,ERIK REQUEJO and NOELLE HOEPPNER,,leader,eepro
2026-06-orange-blossom/novice-strictly-leader-pro-am,2026-06-orange-blossom/novice-strictly-leader-pro-am/L-582,2026-06-orange-blossom,unmatched,JAMES JIMENEZ and BRITTANY COY,,leader,eepro
2026-06-orange-blossom/pro-am-follower-spotlight,2026-06-orange-blossom/pro-am-follower-spotlight/F-135,2026-06-orange-blossom,probable,CHRISTINE ZOYHOFSKI and DEREK LEYVA,7899,follower,eepro
2026-06-orange-blossom/pro-am-follower-spotlight,2026-06-orange-blossom/pro-am-follower-spotlight/F-310,2026-06-orange-blossom,unmatched,CANDICE JABLONSKI and DEREK LEYVA,,follower,eepro
2026-06-orange-blossom/pro-am-follower-spotlight,2026-06-orange-blossom/pro-am-follower-spotlight/F-375,2026-06-orange-blossom,probable,VALERIE WEEKS and HUGO MIGUEZ,7299,follower,eepro
2026-06-orange-blossom/pro-am-leader-spotlight,2026-06-orange-blossom/pro-am-leader-spotlight/L-298,2026-06-orange-blossom,probable,BRAD SETZER and STACY KAY,8814,leader,eepro
2026-07-midwest-westie-fest/pro-am-int-adv,2026-07-midwest-westie-fest/pro-am-int-adv/L-name-cindy-bai-and-keerigan-rudd,2026-07-midwest-westie-fest,unmatched,Cindy Bai and Keerigan Rudd,,leader,eepro
2026-07-midwest-westie-fest/pro-am-int-adv,2026-07-midwest-westie-fest/pro-am-int-adv/L-name-danny-cherry-and-ariel-peck,2026-07-midwest-westie-fest,probable,Danny Cherry and Ariel Peck,12162,leader,eepro
2026-07-midwest-westie-fest/pro-am-int-adv,2026-07-midwest-westie-fest/pro-am-int-adv/L-name-donna-williams-and-jesse-lopez,2026-07-midwest-westie-fest,unmatched,Donna Williams and Jesse Lopez,,leader,eepro
2026-07-midwest-westie-fest/pro-am-int-adv,2026-07-midwest-westie-fest/pro-am-int-adv/L-name-gwen-smith-and-jesse-lopez,2026-07-midwest-westie-fest,unmatched,Gwen Smith and Jesse Lopez,,leader,eepro
2026-07-midwest-westie-fest/pro-am-int-adv,2026-07-midwest-westie-fest/pro-am-int-adv/L-name-jake-twork-and-rachel-bowlby,2026-07-midwest-westie-fest,probable,Jake Twork and Rachel Bowlby,20259,leader,eepro
2026-07-midwest-westie-fest/pro-am-new-nov,2026-07-midwest-westie-fest/pro-am-new-nov/L-name-abby-williamson-and-jesse-lopez,2026-07-midwest-westie-fest,unmatched,Abby Williamson and Jesse Lopez,,leader,eepro
2026-07-midwest-westie-fest/pro-am-new-nov,2026-07-midwest-westie-fest/pro-am-new-nov/L-name-austin-motley-and-kayla-sloan,2026-07-midwest-westie-fest,probable,Austin Motley and Kayla Sloan,14641,leader,eepro
2026-07-midwest-westie-fest/pro-am-new-nov,2026-07-midwest-westie-fest/pro-am-new-nov/L-name-cory-johnson-and-matt-auclair,2026-07-midwest-westie-fest,unmatched,Cory Johnson and Matt Auclair,,leader,eepro
2026-07-midwest-westie-fest/pro-am-new-nov,2026-07-midwest-westie-fest/pro-am-new-nov/L-name-dixie-zins-and-bonnie-cannon,2026-07-midwest-westie-fest,unmatched,Dixie Zins and Bonnie Cannon,,leader,eepro
2026-07-midwest-westie-fest/pro-am-new-nov,2026-07-midwest-westie-fest/pro-am-new-nov/L-name-francine-sonnenschein-and-jonathan-wolfgram,2026-07-midwest-westie-fest,unmatched,Francine Sonnenschein and Jonathan Wolfgram,,leader,eepro
2026-07-midwest-westie-fest/pro-am-new-nov,2026-07-midwest-westie-fest/pro-am-new-nov/L-name-joyce-fisher-and-matt-auclair,2026-07-midwest-westie-fest,unmatched,Joyce Fisher and Matt Auclair,,leader,eepro
2026-07-midwest-westie-fest/pro-am-new-nov,2026-07-midwest-westie-fest/pro-am-new-nov/L-name-kate-bechard-and-matt-auclair,2026-07-midwest-westie-fest,unmatched,Kate Bechard and Matt Auclair,,leader,eepro
2026-07-midwest-westie-fest/pro-am-new-nov,2026-07-midwest-westie-fest/pro-am-new-nov/L-name-kelli-slagle-and-jesse-lopez,2026-07-midwest-westie-fest,unmatched,Kelli Slagle and Jesse Lopez,,leader,eepro
2026-07-midwest-westie-fest/pro-am-new-nov,2026-07-midwest-westie-fest/pro-am-new-nov/L-name-natalie-johnson-and-jonathan-wolfgram,2026-07-midwest-westie-fest,unmatched,Natalie Johnson and Jonathan Wolfgram,,leader,eepro
2026-07-midwest-westie-fest/pro-am-new-nov,2026-07-midwest-westie-fest/pro-am-new-nov/L-name-noah-fidler-and-ariel-peck,2026-07-midwest-westie-fest,probable,Noah Fidler and Ariel Peck,12162,leader,eepro
2026-07-midwest-westie-fest/pro-am-new-nov,2026-07-midwest-westie-fest/pro-am-new-nov/L-name-victoria-swearingen-and-kris-swearingen,2026-07-midwest-westie-fest,unmatched,Victoria Swearingen and Kris Swearingen,,leader,eepro
2026-07-midwest-westie-fest/pro-am-new-nov,2026-07-midwest-westie-fest/pro-am-new-nov/L-name-zoe-osborn-and-jesse-lopez,2026-07-midwest-westie-fest,unmatched,Zoe Osborn and Jesse Lopez,,leader,eepro
2026-07-midwest-westie-fest/rising-star,2026-07-midwest-westie-fest/rising-star/L-name-ben-dobson-and-jillian-carroll,2026-07-midwest-westie-fest,probable,Ben Dobson and Jillian Carroll,19138,leader,eepro
2026-07-midwest-westie-fest/rising-star,2026-07-midwest-westie-fest/rising-star/L-name-glenn-mccallum-and-madalina-varlam,2026-07-midwest-westie-fest,probable,Glenn McCallum and Madalina Varlam,19224,leader,eepro
2026-07-wild-wild-westie/pro-am-int-adv,2026-07-wild-wild-westie/pro-am-int-adv/L-name-chase-yandell-and-maria-bileychik,2026-07-wild-wild-westie,probable,Chase Yandell and Maria Bileychik,12183,leader,eepro
2026-07-wild-wild-westie/pro-am-int-adv,2026-07-wild-wild-westie/pro-am-int-adv/L-name-cindy-bai-and-keerigan-rudd,2026-07-wild-wild-westie,unmatched,Cindy Bai and Keerigan Rudd,,leader,eepro
2026-07-wild-wild-westie/pro-am-int-adv,2026-07-wild-wild-westie/pro-am-int-adv/L-name-daniella-robichaud-and-markus-smith,2026-07-wild-wild-westie,unmatched,Daniella Robichaud and Markus Smith,,leader,eepro
2026-07-wild-wild-westie/pro-am-int-adv,2026-07-wild-wild-westie/pro-am-int-adv/L-name-diana-burkholder-and-matt-auclair,2026-07-wild-wild-westie,unmatched,Diana Burkholder and Matt Auclair,,leader,eepro
2026-07-wild-wild-westie/pro-am-int-adv,2026-07-wild-wild-westie/pro-am-int-adv/L-name-melanie-nguyen-and-joel-torgeson,2026-07-wild-wild-westie,unmatched,Melanie Nguyen and Joel Torgeson,,leader,eepro
2026-07-wild-wild-westie/pro-am-int-adv,2026-07-wild-wild-westie/pro-am-int-adv/L-name-sienna-st-clair-and-joel-torgeson,2026-07-wild-wild-westie,unmatched,Sienna St. Clair and Joel Torgeson,,leader,eepro
2026-07-wild-wild-westie/pro-am-int-adv,2026-07-wild-wild-westie/pro-am-int-adv/L-name-tiffany-good-and-matt-auclair,2026-07-wild-wild-westie,unmatched,Tiffany Good and Matt Auclair,,leader,eepro
2026-07-wild-wild-westie/pro-am-new-nov,2026-07-wild-wild-westie/pro-am-new-nov/L-name-joyce-fisher-and-matt-auclair,2026-07-wild-wild-westie,unmatched,Joyce Fisher and Matt Auclair,,leader,eepro
2026-07-wild-wild-westie/pro-am-new-nov,2026-07-wild-wild-westie/pro-am-new-nov/L-name-landen-graves-and-elizabeth-wyke,2026-07-wild-wild-westie,probable,Landen Graves and Elizabeth Wyke,19409,leader,eepro
2026-07-wild-wild-westie/rising-star,2026-07-wild-wild-westie/rising-star/L-name-ben-dobson-and-jillian-carroll,2026-07-wild-wild-westie,probable,Ben Dobson and Jillian Carroll,19138,leader,eepro
2026-07-wild-wild-westie/rising-star,2026-07-wild-wild-westie/rising-star/L-name-brian-bennett-and-pam-bennett,2026-07-wild-wild-westie,unmatched,Brian Bennett and Pam Bennett,,leader,eepro
2026-07-wild-wild-westie/rising-star,2026-07-wild-wild-westie/rising-star/L-name-chris-low-and-elizabeth-wyke,2026-07-wild-wild-westie,probable,Chris Low and Elizabeth Wyke,19409,leader,eepro
2026-07-wild-wild-westie/rising-star,2026-07-wild-wild-westie/rising-star/L-name-daniel-semac-and-rachel-madrigal,2026-07-wild-wild-westie,probable,Daniel Semac and Rachel Madrigal,23236,leader,eepro
2026-07-wild-wild-westie/rising-star,2026-07-wild-wild-westie/rising-star/L-name-dario-haxhia-and-charlotte-ridgway,2026-07-wild-wild-westie,probable,Dario Haxhia and Charlotte Ridgway,19426,leader,eepro
2026-07-wild-wild-westie/rising-star,2026-07-wild-wild-westie/rising-star/L-name-david-carter-and-wendy-carter,2026-07-wild-wild-westie,probable,David Carter and Wendy Carter,20812,leader,eepro
2026-07-wild-wild-westie/rising-star,2026-07-wild-wild-westie/rising-star/L-name-jeffrey-bragg-and-rebecca-menon,2026-07-wild-wild-westie,probable,Jeffrey Bragg and Rebecca Menon,16186,leader,eepro
2026-07-wild-wild-westie/rising-star,2026-07-wild-wild-westie/rising-star/L-name-miles-van-de-wetering-and-elise-renwick,2026-07-wild-wild-westie,probable,Miles Van de Wetering and Elise Renwick,21146,leader,eepro
2026-07-wild-wild-westie/wild-wild-j-j,2026-07-wild-wild-westie/wild-wild-j-j/L-102,2026-07-wild-wild-westie,probable,Jun-Wei Hew and Mina Phipps,27443,leader,eepro
2026-07-wild-wild-westie/wild-wild-j-j,2026-07-wild-wild-westie/wild-wild-j-j/L-109,2026-07-wild-wild-westie,probable,Michael Hassey and Alaynah Schaff,27454,leader,eepro
2026-07-wild-wild-westie/wild-wild-j-j,2026-07-wild-wild-westie/wild-wild-j-j/L-111,2026-07-wild-wild-westie,probable,Vincent DeRise and Wendy Chao,23731,leader,eepro
2026-07-wild-wild-westie/wild-wild-j-j,2026-07-wild-wild-westie/wild-wild-j-j/L-118,2026-07-wild-wild-westie,probable,Tip West and Jessica Miller,14574,leader,eepro
2026-07-wild-wild-westie/wild-wild-j-j,2026-07-wild-wild-westie/wild-wild-j-j/L-129,2026-07-wild-wild-westie,probable,Joe Mendence and Shelly White,26081,leader,eepro
2026-07-wild-wild-westie/wild-wild-j-j,2026-07-wild-wild-westie/wild-wild-j-j/L-132,2026-07-wild-wild-westie,probable,Connor Johnson and Kristen Wallace,14487,leader,eepro
2026-07-wild-wild-westie/wild-wild-j-j,2026-07-wild-wild-westie/wild-wild-j-j/L-136,2026-07-wild-wild-westie,probable,Jadin Lewis and Althea Lew,12808,leader,eepro
2026-07-wild-wild-westie/wild-wild-j-j,2026-07-wild-wild-westie/wild-wild-j-j/L-146,2026-07-wild-wild-westie,probable,Nicholas Johnson and Rachel Statz,21978,leader,eepro
2026-07-wild-wild-westie/wild-wild-j-j,2026-07-wild-wild-westie/wild-wild-j-j/L-158,2026-07-wild-wild-westie,probable,Joe Ciminna and Daisy Mohrman,26504,leader,eepro
2026-07-wild-wild-westie/wild-wild-j-j,2026-07-wild-wild-westie/wild-wild-j-j/L-162,2026-07-wild-wild-westie,probable,Alex Lee and Bee Betancourt,27606,leader,eepro
2026-07-wild-wild-westie/wild-wild-j-j,2026-07-wild-wild-westie/wild-wild-j-j/L-163,2026-07-wild-wild-westie,unmatched,Sebastian Quinones and Rachel Van Deusen,,leader,eepro
2026-07-wild-wild-westie/wild-wild-j-j,2026-07-wild-wild-westie/wild-wild-j-j/L-168,2026-07-wild-wild-westie,probable,George Hughes and Nicki Cacciato,13034,leader,eepro
2026-07-wild-wild-westie/wild-wild-j-j,2026-07-wild-wild-westie/wild-wild-j-j/L-173,2026-07-wild-wild-westie,probable,Rory Li and Kat Dachniwsky,18213,leader,eepro
2026-07-wild-wild-westie/wild-wild-j-j,2026-07-wild-wild-westie/wild-wild-j-j/L-180,2026-07-wild-wild-westie,probable,Dario Haxhia and Brianna Garcia,18317,leader,eepro
2026-07-wild-wild-westie/wild-wild-j-j,2026-07-wild-wild-westie/wild-wild-j-j/L-189,2026-07-wild-wild-westie,probable,Jason Frates and Liudmila Dmitrieva,17464,leader,eepro
2026-07-wild-wild-westie/wild-wild-j-j,2026-07-wild-wild-westie/wild-wild-j-j/L-19,2026-07-wild-wild-westie,probable,Johny Doucette and Lindsay Gardner,26082,leader,eepro
2026-07-wild-wild-westie/wild-wild-j-j,2026-07-wild-wild-westie/wild-wild-j-j/L-193,2026-07-wild-wild-westie,probable,Jeffrey Wang and Myranda Jones,27651,leader,eepro
2026-07-wild-wild-westie/wild-wild-j-j,2026-07-wild-wild-westie/wild-wild-j-j/L-195,2026-07-wild-wild-westie,probable,Luke Applin and Lynn Telzer,21334,leader,eepro
2026-07-wild-wild-westie/wild-wild-j-j,2026-07-wild-wild-westie/wild-wild-j-j/L-196,2026-07-wild-wild-westie,probable,Landen Graves and Trinity Madden,21991,leader,eepro
2026-07-wild-wild-westie/wild-wild-j-j,2026-07-wild-wild-westie/wild-wild-j-j/L-202,2026-07-wild-wild-westie,probable,Dustin Snell and Nicolette Flores,27541,leader,eepro
2026-07-wild-wild-westie/wild-wild-j-j,2026-07-wild-wild-westie/wild-wild-j-j/L-203,2026-07-wild-wild-westie,unmatched,Jaedell Gresham and Sarah Parikh,,leader,eepro
2026-07-wild-wild-westie/wild-wild-j-j,2026-07-wild-wild-westie/wild-wild-j-j/L-21,2026-07-wild-wild-westie,unmatched,Joshua Williamson and Camilla Prater,,leader,eepro
2026-07-wild-wild-westie/wild-wild-j-j,2026-07-wild-wild-westie/wild-wild-j-j/L-212,2026-07-wild-wild-westie,probable,Daniel Semac and Elise Holland,22525,leader,eepro
2026-07-wild-wild-westie/wild-wild-j-j,2026-07-wild-wild-westie/wild-wild-j-j/L-213,2026-07-wild-wild-westie,probable,Brennan Stanford and Halle Kocian,27150,leader,eepro
2026-07-wild-wild-westie/wild-wild-j-j,2026-07-wild-wild-westie/wild-wild-j-j/L-215,2026-07-wild-wild-westie,probable,Dawson Stearns and Michelle Busby,25228,leader,eepro
2026-07-wild-wild-westie/wild-wild-j-j,2026-07-wild-wild-westie/wild-wild-j-j/L-218,2026-07-wild-wild-westie,probable,Caziah Rockett and Rachel Madrigal,23236,leader,eepro
2026-07-wild-wild-westie/wild-wild-j-j,2026-07-wild-wild-westie/wild-wild-j-j/L-222,2026-07-wild-wild-westie,probable,Erich Kramer and Brittney McGetrick,25218,leader,eepro
2026-07-wild-wild-westie/wild-wild-j-j,2026-07-wild-wild-westie/wild-wild-j-j/L-23,2026-07-wild-wild-westie,probable,Brad Bemis and Gaby Sandoval,23546,leader,eepro
2026-07-wild-wild-westie/wild-wild-j-j,2026-07-wild-wild-westie/wild-wild-j-j/L-232,2026-07-wild-wild-westie,probable,Kyle Miller and Sydni Hearn,25290,leader,eepro
2026-07-wild-wild-westie/wild-wild-j-j,2026-07-wild-wild-westie/wild-wild-j-j/L-248,2026-07-wild-wild-westie,probable,Urbain Delva and Amanda Vasquez,20085,leader,eepro
2026-07-wild-wild-westie/wild-wild-j-j,2026-07-wild-wild-westie/wild-wild-j-j/L-256,2026-07-wild-wild-westie,probable,Trevon Chaney and Ava Schwartz,27386,leader,eepro
2026-07-wild-wild-westie/wild-wild-j-j,2026-07-wild-wild-westie/wild-wild-j-j/L-267,2026-07-wild-wild-westie,probable,Mitchell Schaefer and Casey Margules,12975,leader,eepro
2026-07-wild-wild-westie/wild-wild-j-j,2026-07-wild-wild-westie/wild-wild-j-j/L-268,2026-07-wild-wild-westie,probable,Jack Carlson and Elise Renwick,21146,leader,eepro
2026-07-wild-wild-westie/wild-wild-j-j,2026-07-wild-wild-westie/wild-wild-j-j/L-278,2026-07-wild-wild-westie,probable,Paiton Hebert and Kyra Peters,23974,leader,eepro
2026-07-wild-wild-westie/wild-wild-j-j,2026-07-wild-wild-westie/wild-wild-j-j/L-283,2026-07-wild-wild-westie,probable,Kaemon Heureux and Baylee Schroeder,27337,leader,eepro
2026-07-wild-wild-westie/wild-wild-j-j,2026-07-wild-wild-westie/wild-wild-j-j/L-286,2026-07-wild-wild-westie,probable,Ryan Maldonado and Emily Straight,22783,leader,eepro
2026-07-wild-wild-westie/wild-wild-j-j,2026-07-wild-wild-westie/wild-wild-j-j/L-29,2026-07-wild-wild-westie,probable,Christopher Bernard and Maddy Knox,24233,leader,eepro
2026-07-wild-wild-westie/wild-wild-j-j,2026-07-wild-wild-westie/wild-wild-j-j/L-292,2026-07-wild-wild-westie,probable,Trenten Jackson and Crystal Guzman,11657,leader,eepro
2026-07-wild-wild-westie/wild-wild-j-j,2026-07-wild-wild-westie/wild-wild-j-j/L-297,2026-07-wild-wild-westie,probable,Micah Harkins and Sara Ashun,26717,leader,eepro
2026-07-wild-wild-westie/wild-wild-j-j,2026-07-wild-wild-westie/wild-wild-j-j/L-3,2026-07-wild-wild-westie,probable,Gabe Ofordu and Britney Porter,20050,leader,eepro
2026-07-wild-wild-westie/wild-wild-j-j,2026-07-wild-wild-westie/wild-wild-j-j/L-306,2026-07-wild-wild-westie,probable,Nolan Wayne and Sarah Pham,27903,leader,eepro
2026-07-wild-wild-westie/wild-wild-j-j,2026-07-wild-wild-westie/wild-wild-j-j/L-308,2026-07-wild-wild-westie,probable,Julio Alvarez and Jessica Semac,28406,leader,eepro
2026-07-wild-wild-westie/wild-wild-j-j,2026-07-wild-wild-westie/wild-wild-j-j/L-309,2026-07-wild-wild-westie,unmatched,Corbin Petersheim and Ellie Mukherjee,,leader,eepro
2026-07-wild-wild-westie/wild-wild-j-j,2026-07-wild-wild-westie/wild-wild-j-j/L-323,2026-07-wild-wild-westie,probable,Maxim Popov and Stephanie Green,25736,leader,eepro
2026-07-wild-wild-westie/wild-wild-j-j,2026-07-wild-wild-westie/wild-wild-j-j/L-333,2026-07-wild-wild-westie,possible,Tyler Mitchell and Clarissa Priest,,leader,eepro
2026-07-wild-wild-westie/wild-wild-j-j,2026-07-wild-wild-westie/wild-wild-j-j/L-34,2026-07-wild-wild-westie,probable,Jonathan Morgan and Diane Wrightson,21840,leader,eepro
2026-07-wild-wild-westie/wild-wild-j-j,2026-07-wild-wild-westie/wild-wild-j-j/L-341,2026-07-wild-wild-westie,unmatched,Robert Burtt and Evelyn Song,,leader,eepro
2026-07-wild-wild-westie/wild-wild-j-j,2026-07-wild-wild-westie/wild-wild-j-j/L-342,2026-07-wild-wild-westie,probable,Robert Axley and Shay Culpepper,7444,leader,eepro
2026-07-wild-wild-westie/wild-wild-j-j,2026-07-wild-wild-westie/wild-wild-j-j/L-346,2026-07-wild-wild-westie,probable,Anthony Clark and Haylee Fernandez,27349,leader,eepro
2026-07-wild-wild-westie/wild-wild-j-j,2026-07-wild-wild-westie/wild-wild-j-j/L-347,2026-07-wild-wild-westie,probable,Seth Grundmeyer and Jane Lu,22167,leader,eepro
2026-07-wild-wild-westie/wild-wild-j-j,2026-07-wild-wild-westie/wild-wild-j-j/L-348,2026-07-wild-wild-westie,probable,Chris Pozo and Regina Galiyeva,25227,leader,eepro
2026-07-wild-wild-westie/wild-wild-j-j,2026-07-wild-wild-westie/wild-wild-j-j/L-352,2026-07-wild-wild-westie,probable,Gabriel Diaz and Mackenzie Herman-Olson,20728,leader,eepro
2026-07-wild-wild-westie/wild-wild-j-j,2026-07-wild-wild-westie/wild-wild-j-j/L-354,2026-07-wild-wild-westie,probable,Noah Frome and Alicia Tirone,23133,leader,eepro
2026-07-wild-wild-westie/wild-wild-j-j,2026-07-wild-wild-westie/wild-wild-j-j/L-355,2026-07-wild-wild-westie,unmatched,Andrew Knops and Alexis Smallwood,,leader,eepro
2026-07-wild-wild-westie/wild-wild-j-j,2026-07-wild-wild-westie/wild-wild-j-j/L-356,2026-07-wild-wild-westie,unmatched,Ethan Jasso and Lexy Rel,,leader,eepro
2026-07-wild-wild-westie/wild-wild-j-j,2026-07-wild-wild-westie/wild-wild-j-j/L-36,2026-07-wild-wild-westie,probable,Scott Fleischer and Jazlyn Burgess,27160,leader,eepro
2026-07-wild-wild-westie/wild-wild-j-j,2026-07-wild-wild-westie/wild-wild-j-j/L-375,2026-07-wild-wild-westie,probable,David Choi and Jubilee Rasmussen,22319,leader,eepro
2026-07-wild-wild-westie/wild-wild-j-j,2026-07-wild-wild-westie/wild-wild-j-j/L-381,2026-07-wild-wild-westie,probable,Alex Kim and Anna Zeng,26512,leader,eepro
2026-07-wild-wild-westie/wild-wild-j-j,2026-07-wild-wild-westie/wild-wild-j-j/L-388,2026-07-wild-wild-westie,unmatched,James Wyke and Kelly Szteinbaum,,leader,eepro
2026-07-wild-wild-westie/wild-wild-j-j,2026-07-wild-wild-westie/wild-wild-j-j/L-392,2026-07-wild-wild-westie,probable,Tommy Schwegmann and Kara Buckner,27353,leader,eepro
2026-07-wild-wild-westie/wild-wild-j-j,2026-07-wild-wild-westie/wild-wild-j-j/L-394,2026-07-wild-wild-westie,probable,Alison Gibson and Brita MacInnes,17987,leader,eepro
2026-07-wild-wild-westie/wild-wild-j-j,2026-07-wild-wild-westie/wild-wild-j-j/L-395,2026-07-wild-wild-westie,probable,Natasha Flowers and Liz Ravdin,10914,leader,eepro
2026-07-wild-wild-westie/wild-wild-j-j,2026-07-wild-wild-westie/wild-wild-j-j/L-40,2026-07-wild-wild-westie,unmatched,Trevor Velasco and Hanna Destiny Lynn,,leader,eepro
2026-07-wild-wild-westie/wild-wild-j-j,2026-07-wild-wild-westie/wild-wild-j-j/L-414,2026-07-wild-wild-westie,probable,Brandon Hall and Noelle Hoeppner,17182,leader,eepro
2026-07-wild-wild-westie/wild-wild-j-j,2026-07-wild-wild-westie/wild-wild-j-j/L-416,2026-07-wild-wild-westie,probable,Elaine Dimal and Jula Palenga,15201,leader,eepro
2026-07-wild-wild-westie/wild-wild-j-j,2026-07-wild-wild-westie/wild-wild-j-j/L-417,2026-07-wild-wild-westie,probable,James DeBacker and Dalena Lee,9282,leader,eepro
2026-07-wild-wild-westie/wild-wild-j-j,2026-07-wild-wild-westie/wild-wild-j-j/L-423,2026-07-wild-wild-westie,unmatched,Phillip Nicholson and Rebekah Kuhlman,,leader,eepro
2026-07-wild-wild-westie/wild-wild-j-j,2026-07-wild-wild-westie/wild-wild-j-j/L-429,2026-07-wild-wild-westie,probable,Craig Christensen and Natalie Araujo,23773,leader,eepro
2026-07-wild-wild-westie/wild-wild-j-j,2026-07-wild-wild-westie/wild-wild-j-j/L-448,2026-07-wild-wild-westie,probable,DeMarick Love and Jess Skjonsby,22529,leader,eepro
2026-07-wild-wild-westie/wild-wild-j-j,2026-07-wild-wild-westie/wild-wild-j-j/L-450,2026-07-wild-wild-westie,probable,Miles Van de Wetering and Ivy Hotz,25473,leader,eepro
2026-07-wild-wild-westie/wild-wild-j-j,2026-07-wild-wild-westie/wild-wild-j-j/L-460,2026-07-wild-wild-westie,unmatched,Dakota Schanze and Agnes Maslanka,,leader,eepro
2026-07-wild-wild-westie/wild-wild-j-j,2026-07-wild-wild-westie/wild-wild-j-j/L-465,2026-07-wild-wild-westie,probable,Matt Auclair and Margaret Terrio,19015,leader,eepro
2026-07-wild-wild-westie/wild-wild-j-j,2026-07-wild-wild-westie/wild-wild-j-j/L-473,2026-07-wild-wild-westie,unmatched,Arjay Centeno and Serena Hsu,,leader,eepro
2026-07-wild-wild-westie/wild-wild-j-j,2026-07-wild-wild-westie/wild-wild-j-j/L-483,2026-07-wild-wild-westie,probable,Tony Chen and Kelli Joseph,18108,leader,eepro
2026-07-wild-wild-westie/wild-wild-j-j,2026-07-wild-wild-westie/wild-wild-j-j/L-496,2026-07-wild-wild-westie,probable,Jeremy Brown and Nicole Zwerlein,7637,leader,eepro
2026-07-wild-wild-westie/wild-wild-j-j,2026-07-wild-wild-westie/wild-wild-j-j/L-498,2026-07-wild-wild-westie,probable,Tze Yi Wee and Madison Vangilder,26729,leader,eepro
2026-07-wild-wild-westie/wild-wild-j-j,2026-07-wild-wild-westie/wild-wild-j-j/L-502,2026-07-wild-wild-westie,unmatched,Aaron Nuno and Natalie Silva,,leader,eepro
2026-07-wild-wild-westie/wild-wild-j-j,2026-07-wild-wild-westie/wild-wild-j-j/L-504,2026-07-wild-wild-westie,probable,Prince Raj Sahu and Morgan Hearrell,20233,leader,eepro
2026-07-wild-wild-westie/wild-wild-j-j,2026-07-wild-wild-westie/wild-wild-j-j/L-507,2026-07-wild-wild-westie,probable,Luke Reeves and Serena Beze,25470,leader,eepro
2026-07-wild-wild-westie/wild-wild-j-j,2026-07-wild-wild-westie/wild-wild-j-j/L-508,2026-07-wild-wild-westie,probable,Adam Hendrawan and Talía Colón,19091,leader,eepro
2026-07-wild-wild-westie/wild-wild-j-j,2026-07-wild-wild-westie/wild-wild-j-j/L-511,2026-07-wild-wild-westie,probable,Danny Cherry and Emily Munck,27845,leader,eepro
2026-07-wild-wild-westie/wild-wild-j-j,2026-07-wild-wild-westie/wild-wild-j-j/L-518,2026-07-wild-wild-westie,probable,Zhong Xuan Khwa and Natalie Bell,27159,leader,eepro
2026-07-wild-wild-westie/wild-wild-j-j,2026-07-wild-wild-westie/wild-wild-j-j/L-525,2026-07-wild-wild-westie,probable,Sam Lijin and Abigail White,23160,leader,eepro
2026-07-wild-wild-westie/wild-wild-j-j,2026-07-wild-wild-westie/wild-wild-j-j/L-530,2026-07-wild-wild-westie,probable,Denzel Santos and Olga Khvan,9210,leader,eepro
2026-07-wild-wild-westie/wild-wild-j-j,2026-07-wild-wild-westie/wild-wild-j-j/L-533,2026-07-wild-wild-westie,probable,Thomas Garland and Diana Burkholder,10800,leader,eepro
2026-07-wild-wild-westie/wild-wild-j-j,2026-07-wild-wild-westie/wild-wild-j-j/L-534,2026-07-wild-wild-westie,probable,Isaac Young and Jennifer Wolfe,20087,leader,eepro
2026-07-wild-wild-westie/wild-wild-j-j,2026-07-wild-wild-westie/wild-wild-j-j/L-550,2026-07-wild-wild-westie,probable,Omar Gonzalez and Malin Nyberg,20082,leader,eepro
2026-07-wild-wild-westie/wild-wild-j-j,2026-07-wild-wild-westie/wild-wild-j-j/L-553,2026-07-wild-wild-westie,probable,Paul Keahey and Caroline Ridgway,15392,leader,eepro
2026-07-wild-wild-westie/wild-wild-j-j,2026-07-wild-wild-westie/wild-wild-j-j/L-562,2026-07-wild-wild-westie,probable,Connor Beck and Caity Coburn,27645,leader,eepro
2026-07-wild-wild-westie/wild-wild-j-j,2026-07-wild-wild-westie/wild-wild-j-j/L-563,2026-07-wild-wild-westie,probable,Keith Barnard and Macie Sandlin,23245,leader,eepro
2026-07-wild-wild-westie/wild-wild-j-j,2026-07-wild-wild-westie/wild-wild-j-j/L-567,2026-07-wild-wild-westie,probable,Patrick Charbonneau and Elisabeth Zosseder,8723,leader,eepro
2026-07-wild-wild-westie/wild-wild-j-j,2026-07-wild-wild-westie/wild-wild-j-j/L-574,2026-07-wild-wild-westie,probable,Nicholas Arnold and Jasmine Mendiola,22848,leader,eepro
2026-07-wild-wild-westie/wild-wild-j-j,2026-07-wild-wild-westie/wild-wild-j-j/L-578,2026-07-wild-wild-westie,probable,Jacob Reding and Yubin Kim,15836,leader,eepro
2026-07-wild-wild-westie/wild-wild-j-j,2026-07-wild-wild-westie/wild-wild-j-j/L-581,2026-07-wild-wild-westie,probable,Shawn McGettigan and Madeleine Konzelman,14870,leader,eepro
2026-07-wild-wild-westie/wild-wild-j-j,2026-07-wild-wild-westie/wild-wild-j-j/L-585,2026-07-wild-wild-westie,probable,Tien Khieu and Giovanna Dubuc,26594,leader,eepro
2026-07-wild-wild-westie/wild-wild-j-j,2026-07-wild-wild-westie/wild-wild-j-j/L-589,2026-07-wild-wild-westie,probable,Ryan Osbourn and Brylee Landers,27917,leader,eepro
2026-07-wild-wild-westie/wild-wild-j-j,2026-07-wild-wild-westie/wild-wild-j-j/L-591,2026-07-wild-wild-westie,probable,Keith Lewis and Vanessa Valdez,22606,leader,eepro
2026-07-wild-wild-westie/wild-wild-j-j,2026-07-wild-wild-westie/wild-wild-j-j/L-595,2026-07-wild-wild-westie,possible,Brian Reisman and Kristen Lindsey,,leader,eepro
2026-07-wild-wild-westie/wild-wild-j-j,2026-07-wild-wild-westie/wild-wild-j-j/L-6,2026-07-wild-wild-westie,probable,Matias Rodas and Shayla Bouise,17737,leader,eepro
2026-07-wild-wild-westie/wild-wild-j-j,2026-07-wild-wild-westie/wild-wild-j-j/L-60,2026-07-wild-wild-westie,probable,Jon Pham and Amy Sleeper,21204,leader,eepro
2026-07-wild-wild-westie/wild-wild-j-j,2026-07-wild-wild-westie/wild-wild-j-j/L-61,2026-07-wild-wild-westie,probable,Tommy Rodriguez and Ashley Blake,27653,leader,eepro
2026-07-wild-wild-westie/wild-wild-j-j,2026-07-wild-wild-westie/wild-wild-j-j/L-64,2026-07-wild-wild-westie,possible,Ryan Brenneman and Megan Morris,,leader,eepro
2026-07-wild-wild-westie/wild-wild-j-j,2026-07-wild-wild-westie/wild-wild-j-j/L-66,2026-07-wild-wild-westie,probable,Davis Martindale and Caryn May,23238,leader,eepro
2026-07-wild-wild-westie/wild-wild-j-j,2026-07-wild-wild-westie/wild-wild-j-j/L-71,2026-07-wild-wild-westie,probable,Gabriel Hotchkiss and Allysa Rees,9699,leader,eepro
2026-07-wild-wild-westie/wild-wild-j-j,2026-07-wild-wild-westie/wild-wild-j-j/L-74,2026-07-wild-wild-westie,probable,Dawit Palmer and Emily Prebihalo,23161,leader,eepro
2026-07-wild-wild-westie/wild-wild-j-j,2026-07-wild-wild-westie/wild-wild-j-j/L-75,2026-07-wild-wild-westie,probable,Easton England and Jasmine Chiu,27585,leader,eepro
2026-07-wild-wild-westie/wild-wild-j-j,2026-07-wild-wild-westie/wild-wild-j-j/L-79,2026-07-wild-wild-westie,probable,Zachary Harris and Delila Gordon,28295,leader,eepro
2026-07-wild-wild-westie/wild-wild-j-j,2026-07-wild-wild-westie/wild-wild-j-j/L-841,2026-07-wild-wild-westie,unmatched,Dario Haxhia and Brianna Garcia,,leader,eepro
2026-07-wild-wild-westie/wild-wild-j-j,2026-07-wild-wild-westie/wild-wild-j-j/L-9,2026-07-wild-wild-westie,probable,Joseph Maldonado and Amber O'Connell,10951,leader,eepro
2026-07-wild-wild-westie/wild-wild-j-j,2026-07-wild-wild-westie/wild-wild-j-j/L-91,2026-07-wild-wild-westie,probable,Harish Kommineni and Madi Fabber,26658,leader,eepro
2026-07-wild-wild-westie/wild-wild-j-j,2026-07-wild-wild-westie/wild-wild-j-j/L-92,2026-07-wild-wild-westie,probable,Anthony Robinski and Chiayu Chen,28288,leader,eepro
2026-07-wild-wild-westie/wild-wild-j-j,2026-07-wild-wild-westie/wild-wild-j-j/L-93,2026-07-wild-wild-westie,unmatched,John Habermeier and Lilly Auclair,,leader,eepro
2026-07-wild-wild-westie/wild-wild-j-j,2026-07-wild-wild-westie/wild-wild-j-j/L-94,2026-07-wild-wild-westie,probable,Daniel Bottom and Britni Weaver,17187,leader,eepro
2026-07-wild-wild-westie/wild-wild-j-j,2026-07-wild-wild-westie/wild-wild-j-j/L-96,2026-07-wild-wild-westie,probable,Daniel Fiandor and Maverick Cove,16937,leader,eepro
2026-07-wild-wild-westie/wild-wild-j-j,2026-07-wild-wild-westie/wild-wild-j-j/L-98,2026-07-wild-wild-westie,unmatched,Egan Anselmo and Megan Rackov,,leader,eepro
2026-08-arizona-dance-classic/champion-arizona-2-step-state-championship,2026-08-arizona-dance-classic/champion-arizona-2-step-state-championship/L-518,2026-08-arizona-dance-classic,unmatched,Mike Cofer and Linda Trahey,,leader,eepro
2026-08-arizona-dance-classic/champion-arizona-2-step-state-championship,2026-08-arizona-dance-classic/champion-arizona-2-step-state-championship/L-523,2026-08-arizona-dance-classic,unmatched,Rick Marchetti and Izandra Miller,,leader,eepro
2026-08-arizona-dance-classic/champion-arizona-2-step-state-championship,2026-08-arizona-dance-classic/champion-arizona-2-step-state-championship/L-830,2026-08-arizona-dance-classic,unmatched,Bruce Holland and Christine Madrid,,leader,eepro
2026-08-arizona-dance-classic/champion-arizona-2-step-state-championship,2026-08-arizona-dance-classic/champion-arizona-2-step-state-championship/L-846,2026-08-arizona-dance-classic,unmatched,Collin Eddy and Carol Pegnato,,leader,eepro
2026-08-arizona-dance-classic/champion-arizona-2-step-state-championship,2026-08-arizona-dance-classic/champion-arizona-2-step-state-championship/L-849,2026-08-arizona-dance-classic,unmatched,David Casto and Sharon Clark,,leader,eepro
2026-08-arizona-dance-classic/champion-arizona-2-step-state-championship,2026-08-arizona-dance-classic/champion-arizona-2-step-state-championship/L-852,2026-08-arizona-dance-classic,unmatched,David Myres and Vikki Shotsky,,leader,eepro
2026-08-arizona-dance-classic/champion-arizona-2-step-state-championship,2026-08-arizona-dance-classic/champion-arizona-2-step-state-championship/L-853,2026-08-arizona-dance-classic,unmatched,David Trent and Nicole Ziemba,,leader,eepro
2026-08-arizona-dance-classic/champion-arizona-2-step-state-championship,2026-08-arizona-dance-classic/champion-arizona-2-step-state-championship/L-880,2026-08-arizona-dance-classic,unmatched,Ileana Dohogne and Payton Stehle,,leader,eepro
2026-08-arizona-dance-classic/champion-arizona-2-step-state-championship,2026-08-arizona-dance-classic/champion-arizona-2-step-state-championship/L-891,2026-08-arizona-dance-classic,unmatched,Jennifer Donisthorpe and Kristin Andrews,,leader,eepro
2026-08-arizona-dance-classic/champion-arizona-2-step-state-championship,2026-08-arizona-dance-classic/champion-arizona-2-step-state-championship/L-895,2026-08-arizona-dance-classic,unmatched,Jim Wisnor and Ashley Mobley,,leader,eepro
2026-08-arizona-dance-classic/champion-arizona-2-step-state-championship,2026-08-arizona-dance-classic/champion-arizona-2-step-state-championship/L-943,2026-08-arizona-dance-classic,unmatched,Mykil Tortollico and Cynthia O'Cummings,,leader,eepro
2026-08-arizona-dance-classic/champion-arizona-2-step-state-championship,2026-08-arizona-dance-classic/champion-arizona-2-step-state-championship/L-964,2026-08-arizona-dance-classic,unmatched,Ray Vogel and Alice Brandon,,leader,eepro
2026-08-arizona-dance-classic/champion-arizona-2-step-state-championship,2026-08-arizona-dance-classic/champion-arizona-2-step-state-championship/L-971,2026-08-arizona-dance-classic,unmatched,Russell Skall and Pam Neff,,leader,eepro
2026-08-summer-hummer/novice-novice-intermediate-routines,2026-08-summer-hummer/novice-novice-intermediate-routines/L-name-daniel-semac-and-rachel-madrigal,2026-08-summer-hummer,unmatched,Daniel Semac and Rachel Madrigal,,leader,eepro
2026-08-summer-hummer/novice-novice-intermediate-routines,2026-08-summer-hummer/novice-novice-intermediate-routines/L-name-jean-christophe-gagne-and-valerie-pamphile,2026-08-summer-hummer,unmatched,Jean-Christophe Gagne and Valerie Pamphile,,leader,eepro
2026-08-summer-hummer/novice-novice-intermediate-routines,2026-08-summer-hummer/novice-novice-intermediate-routines/L-name-thomas-crockett-and-tina-lin,2026-08-summer-hummer,unmatched,Thomas Crockett and Tina Lin,,leader,eepro
2026-08-summer-hummer/pro-am,2026-08-summer-hummer/pro-am/L-name-cristina-sinn-and-matt-davis,2026-08-summer-hummer,unmatched,Cristina Sinn and Matt Davis,,leader,eepro
2026-08-summer-hummer/pro-am,2026-08-summer-hummer/pro-am/L-name-daniel-desjardin-and-desirae-vasquez,2026-08-summer-hummer,probable,Daniel Desjardin and Desirae Vasquez,11411,leader,eepro
2026-08-summer-hummer/pro-am,2026-08-summer-hummer/pro-am/L-name-eric-fernandez-and-nataliya-kane,2026-08-summer-hummer,probable,Eric Fernandez and Nataliya Kane,9888,leader,eepro
2026-08-summer-hummer/pro-am,2026-08-summer-hummer/pro-am/L-name-jacob-guerin-and-alli-reese,2026-08-summer-hummer,probable,Jacob Guerin and Alli Reese,13530,leader,eepro
2026-08-summer-hummer/pro-am,2026-08-summer-hummer/pro-am/L-name-madi-fabber-and-joe-miller,2026-08-summer-hummer,unmatched,Madi Fabber and Joe Miller,,leader,eepro
2026-08-summer-hummer/pro-am,2026-08-summer-hummer/pro-am/L-name-melissa-liao-and-kevin-kane,2026-08-summer-hummer,unmatched,Melissa Liao and Kevin Kane,,leader,eepro
2026-08-summer-hummer/pro-am,2026-08-summer-hummer/pro-am/L-name-melissa-miller-and-matt-davis,2026-08-summer-hummer,unmatched,Melissa Miller and Matt Davis,,leader,eepro
2026-08-summer-hummer/pro-am,2026-08-summer-hummer/pro-am/L-name-shay-culpepper-and-joe-miller,2026-08-summer-hummer,unmatched,Shay Culpepper and Joe Miller,,leader,eepro
2026-08-summer-hummer/rising-star,2026-08-summer-hummer/rising-star/L-name-ben-dobson-and-jillian-carroll,2026-08-summer-hummer,probable,Ben Dobson and Jillian Carroll,19138,leader,eepro
2026-08-summer-hummer/rising-star,2026-08-summer-hummer/rising-star/L-name-daniel-cruz-and-jenny-cadieux,2026-08-summer-hummer,probable,Daniel Cruz and Jenny Cadieux,14047,leader,eepro
2026-08-summer-hummer/rising-star,2026-08-summer-hummer/rising-star/L-name-dario-haxhia-and-charlotte-ridgway,2026-08-summer-hummer,probable,Dario Haxhia and Charlotte Ridgway,19426,leader,eepro
2026-08-summer-hummer/rising-star,2026-08-summer-hummer/rising-star/L-name-gaetan-grondin-and-melanie-jean,2026-08-summer-hummer,probable,Gaetan Grondin and Melanie Jean,18238,leader,eepro
2026-08-summer-hummer/rising-star,2026-08-summer-hummer/rising-star/L-name-joe-miller-and-sydney-taylor,2026-08-summer-hummer,possible,Joe Miller and Sydney Taylor,,leader,eepro
2026-08-summer-hummer/rising-star,2026-08-summer-hummer/rising-star/L-name-maxwell-thew-and-alli-reese,2026-08-summer-hummer,probable,Maxwell Thew and Alli Reese,13530,leader,eepro
2026-08-summer-hummer/rising-star,2026-08-summer-hummer/rising-star/L-name-miles-van-de-wetering-and-elise-renwick,2026-08-summer-hummer,probable,Miles Van de Wetering and Elise Renwick,21146,leader,eepro
2026-08-summer-hummer/rising-star,2026-08-summer-hummer/rising-star/L-name-rohit-venugopal-and-rae-tardif,2026-08-summer-hummer,probable,Rohit Venugopal and Rae Tardif,19306,leader,eepro
2026-08-summer-hummer/rising-star,2026-08-summer-hummer/rising-star/L-name-simon-girard-and-isabelle-roy,2026-08-summer-hummer,probable,Simon Girard and Isabelle Roy,10895,leader,eepro
2026-08-swing-fling/pro-am-spotlight-int-adv,2026-08-swing-fling/pro-am-spotlight-int-adv/L-name-chris-tuey-and-lara-deni,2026-08-swing-fling,probable,Chris Tuey and Lara Deni,4033,leader,eepro
2026-08-swing-fling/pro-am-spotlight-int-adv,2026-08-swing-fling/pro-am-spotlight-int-adv/L-name-hannah-gutin-creech-and-markus-smith,2026-08-swing-fling,unmatched,Hannah Gutin-Creech and Markus Smith,,leader,eepro
2026-08-swing-fling/pro-am-spotlight-int-adv,2026-08-swing-fling/pro-am-spotlight-int-adv/L-name-lura-johnson-and-erica-smith,2026-08-swing-fling,probable,Lura Johnson and Erica Smith,2495,leader,eepro
2026-08-swing-fling/pro-am-spotlight-new-nov,2026-08-swing-fling/pro-am-spotlight-new-nov/L-name-cheryl-wilhelm-and-corey-ginkel,2026-08-swing-fling,unmatched,Cheryl Wilhelm and Corey Ginkel,,leader,eepro
2026-08-swing-fling/pro-am-spotlight-new-nov,2026-08-swing-fling/pro-am-spotlight-new-nov/L-name-dan-mudd-and-abigail-roach,2026-08-swing-fling,probable,Dan Mudd and Abigail Roach,21287,leader,eepro
2026-08-swing-fling/pro-am-spotlight-new-nov,2026-08-swing-fling/pro-am-spotlight-new-nov/L-name-justin-arnold-and-erica-smith,2026-08-swing-fling,probable,Justin Arnold and Erica Smith,2495,leader,eepro
2026-08-swing-fling/pro-am-spotlight-new-nov,2026-08-swing-fling/pro-am-spotlight-new-nov/L-name-rob-stone-and-abigail-baker,2026-08-swing-fling,probable,Rob Stone and Abigail Baker,6228,leader,eepro
2026-08-swing-fling/pro-am-spotlight-new-nov,2026-08-swing-fling/pro-am-spotlight-new-nov/L-name-rosemary-davidson-and-abi-jennings,2026-08-swing-fling,probable,Rosemary Davidson and Abi Jennings,5626,leader,eepro
2026-08-swing-fling/pro-am-spotlight-new-nov,2026-08-swing-fling/pro-am-spotlight-new-nov/L-name-wendall-mcclellan-and-lara-deni,2026-08-swing-fling,probable,Wendall McClellan and Lara Deni,4033,leader,eepro
2026-08-swing-fling/rising-star,2026-08-swing-fling/rising-star/L-name-dario-haxhia-and-charlotte-ridgway,2026-08-swing-fling,probable,Dario Haxhia and Charlotte Ridgway,19426,leader,eepro
2026-08-swing-fling/rising-star,2026-08-swing-fling/rising-star/L-name-david-garwin-and-kayla-smith,2026-08-swing-fling,probable,David Garwin and Kayla Smith,16914,leader,eepro
2026-08-swing-fling/rising-star,2026-08-swing-fling/rising-star/L-name-jeffrey-bragg-and-rebecca-menon,2026-08-swing-fling,probable,Jeffrey Bragg and Rebecca Menon,16186,leader,eepro
2026-08-swingtacular/pro-am,2026-08-swingtacular/pro-am/L-147,2026-08-swingtacular,probable,Eric Fernandez and Nataliya Kane,9888,leader,eepro
2026-08-swingtacular/pro-am,2026-08-swingtacular/pro-am/L-391,2026-08-swingtacular,unmatched,Stephanie Meyer and Joseph Carey,,leader,eepro
2026-08-swingtacular/pro-am,2026-08-swingtacular/pro-am/L-593,2026-08-swingtacular,unmatched,Melissa Liao and Kevin Kane,,leader,eepro
2026-08-swingtacular/pro-am,2026-08-swingtacular/pro-am/L-843,2026-08-swingtacular,unmatched,Yubin Kim and Hugo Miguez,,leader,eepro
2026-08-swingtacular/pro-am,2026-08-swingtacular/pro-am/L-870,2026-08-swingtacular,probable,Robert Burtt and Shanna Porcari,6916,leader,eepro
2026-08-swingtacular/pro-am,2026-08-swingtacular/pro-am/L-905,2026-08-swingtacular,probable,Landen Graves and Elizabeth Wyke,19409,leader,eepro
2026-08-swingtacular/pro-am,2026-08-swingtacular/pro-am/L-name-melanie-nguyen-and-joel-torgeson,2026-08-swingtacular,unmatched,Melanie Nguyen and Joel Torgeson,,leader,eepro
2026-08-swingtacular/rising-star,2026-08-swingtacular/rising-star/L-266,2026-08-swingtacular,probable,Jonathan Wolfgram and Regina Galiyeva,25227,leader,eepro
2026-08-swingtacular/rising-star,2026-08-swingtacular/rising-star/L-452,2026-08-swingtacular,probable,R1 - Chris Low and Elizabeth Wyke,19409,leader,eepro
2026-08-swingtacular/rising-star,2026-08-swingtacular/rising-star/L-457,2026-08-swingtacular,probable,Ben Dobson and Jillian Carroll,19138,leader,eepro
2026-08-swingtacular/rising-star,2026-08-swingtacular/rising-star/L-534,2026-08-swingtacular,probable,Glenn McCallum and Madalina Varlam,19224,leader,eepro
2026-08-swingtacular/rising-star,2026-08-swingtacular/rising-star/L-829,2026-08-swingtacular,unmatched,R2 - Thanh Vu and Annalie Bamberg,,leader,eepro
2026-08-swingtacular/rising-star,2026-08-swingtacular/rising-star/L-878,2026-08-swingtacular,probable,Miles Van de Wetering and Elise Renwick,21146,leader,eepro
