denominator_valid,detail_rows,detail_to_entry_ratio,entry_count,judge_count,mark_matrix_coverage,mark_matrix_denominator,marks,round_id,round_type,source
True,9,0.5,18,5,1.0,45,45,2018-11-cozyswing/jj-charity-fun/final,final,scoringdance
True,12,0.5,24,8,0.875,96,84,2020-01-budafest/advanced-jj/final,final,scoringdance
True,127,1.0,127,11,0.454545,1397,635,2020-01-budafest/advanced-jj/prelim,prelim,scoringdance
True,86,1.0,86,11,0.454545,946,430,2020-01-budafest/advanced-jj/semifinal,semifinal,scoringdance
True,12,0.5,24,8,0.875,96,84,2020-01-budafest/allstar-jj-champ/final,final,scoringdance
True,89,1.0,89,11,0.454545,979,445,2020-01-budafest/allstar-jj-champ/prelim,prelim,scoringdance
True,42,1.0,42,11,0.454545,462,210,2020-01-budafest/allstar-jj-champ/semifinal,semifinal,scoringdance
True,15,0.5,30,8,0.875,120,105,2020-01-budafest/intermediate-jj/final,final,scoringdance
True,206,1.0,206,11,0.454545,2266,1030,2020-01-budafest/intermediate-jj/prelim,prelim,scoringdance
True,70,1.0,70,11,0.454545,770,350,2020-01-budafest/intermediate-jj/semifinal,semifinal,scoringdance
True,12,0.5,24,8,0.875,96,84,2020-01-budafest/newcomer-jj/final,final,scoringdance
True,41,1.0,41,11,0.454545,451,205,2020-01-budafest/newcomer-jj/prelim,prelim,scoringdance
True,130,1.0,130,11,0.454545,1430,650,2020-01-budafest/novice-jj-quarter/quarterfinal,quarterfinal,scoringdance
True,14,0.5,28,8,0.875,112,98,2020-01-budafest/novice-jj/final,final,scoringdance
True,256,1.0,256,11,0.454545,2816,1280,2020-01-budafest/novice-jj/prelim,prelim,scoringdance
True,92,1.0,92,11,0.454545,1012,460,2020-01-budafest/novice-jj/semifinal,semifinal,scoringdance
True,9,0.5,18,8,0.875,72,63,2020-01-budafest/open-strictly/final,final,scoringdance
True,60,1.0,60,8,0.875,480,420,2020-01-budafest/open-strictly/prelim,prelim,scoringdance
True,22,1.0,22,8,0.875,176,154,2020-01-budafest/open-strictly/semifinal,semifinal,scoringdance
True,15,0.5,30,8,0.875,120,105,2020-01-budafest/sophisticated-jj/final,final,scoringdance
True,89,1.0,89,9,0.444444,801,356,2020-01-budafest/sophisticated-jj/prelim,prelim,scoringdance
True,13,0.5,26,8,0.875,104,91,2020-01-budafest/strictly-nov-int/final,final,scoringdance
True,81,1.0,81,8,0.875,648,567,2020-01-budafest/strictly-nov-int/prelim,prelim,scoringdance
True,40,1.0,40,8,0.875,320,280,2020-01-budafest/strictly-nov-int/semifinal,semifinal,scoringdance
True,5,0.5,10,6,0.833333,30,25,2020-02-carnival-swing-cologne/newcomer-newcomer-j-j/final,final,scoringdance
True,17,1.0,17,7,0.428571,119,51,2020-02-carnival-swing-cologne/newcomer-newcomer-j-j/prelim,prelim,scoringdance
True,8,0.5,16,6,0.833333,48,40,2020-02-carnival-swing-cologne/novice-novice-j-j/final,final,scoringdance
True,31,1.0,31,7,0.428571,217,93,2020-02-carnival-swing-cologne/novice-novice-j-j/prelim,prelim,scoringdance
True,5,0.5,10,6,0.833333,30,25,2020-02-carnival-swing-cologne/open-open-j-j/final,final,scoringdance
True,24,1.0,24,7,0.428571,168,72,2020-02-carnival-swing-cologne/open-open-j-j/prelim,prelim,scoringdance
True,12,0.5,24,8,0.875,96,84,2022-01-budafest/advanced-jj/final,final,scoringdance
True,91,1.0,91,12,0.416667,1092,455,2022-01-budafest/advanced-jj/prelim,prelim,scoringdance
True,54,1.0,54,11,0.454545,594,270,2022-01-budafest/advanced-jj/semifinal,semifinal,scoringdance
True,12,0.5,24,8,0.802083,96,77,2022-01-budafest/allstar-jj-champions/final,final,scoringdance
True,56,1.0,56,7,0.428571,392,168,2022-01-budafest/allstar-jj-champions/prelim,prelim,scoringdance
True,42,1.0,42,7,0.428571,294,126,2022-01-budafest/allstar-jj-champions/semifinal,semifinal,scoringdance
True,15,0.5,30,8,0.875,120,105,2022-01-budafest/intermediate-jj/final,final,scoringdance
True,146,1.0,146,11,0.454545,1606,730,2022-01-budafest/intermediate-jj/prelim,prelim,scoringdance
True,84,1.0,84,11,0.454545,924,420,2022-01-budafest/intermediate-jj/semifinal,semifinal,scoringdance
True,15,0.5,30,8,0.875,120,105,2022-01-budafest/newcomer-jj/final,final,scoringdance
True,73,1.0,73,7,0.428571,511,219,2022-01-budafest/newcomer-jj/prelim,prelim,scoringdance
True,98,1.0,98,11,0.454545,1078,490,2022-01-budafest/novice-jj-quarter/quarterfinal,quarterfinal,scoringdance
True,16,0.5,32,8,0.875,128,112,2022-01-budafest/novice-jj/final,final,scoringdance
True,200,1.0,200,11,0.454545,2200,1000,2022-01-budafest/novice-jj/prelim,prelim,scoringdance
True,68,1.0,68,11,0.454545,748,340,2022-01-budafest/novice-jj/semifinal,semifinal,scoringdance
True,10,0.5,20,8,0.875,80,70,2022-01-budafest/open-strictly/final,final,scoringdance
True,42,1.0,42,8,0.875,336,294,2022-01-budafest/open-strictly/prelim,prelim,scoringdance
True,23,1.0,23,8,0.875,184,161,2022-01-budafest/open-strictly/semifinal,semifinal,scoringdance
True,13,0.5,26,8,0.875,104,91,2022-01-budafest/sophisticated-jj/final,final,scoringdance
True,69,1.0,69,7,0.428571,483,207,2022-01-budafest/sophisticated-jj/prelim,prelim,scoringdance
True,12,0.5,24,8,0.875,96,84,2022-01-budafest/strictly-nov-int/final,final,scoringdance
True,71,1.0,71,8,0.875,568,497,2022-01-budafest/strictly-nov-int/prelim,prelim,scoringdance
True,30,1.0,30,8,0.875,240,210,2022-01-budafest/strictly-nov-int/semifinal,semifinal,scoringdance
True,14,0.5,28,8,0.875,112,98,2022-06-d-town-swing/advanced-jj/final,final,scoringdance
True,48,1.0,48,9,0.444444,432,192,2022-06-d-town-swing/advanced-jj/prelim,prelim,scoringdance
True,7,0.5,14,8,0.875,56,49,2022-06-d-town-swing/allstar-jj/final,final,scoringdance
True,29,1.0,29,9,0.444444,261,116,2022-06-d-town-swing/allstar-jj/prelim,prelim,scoringdance
True,15,0.5,30,8,0.875,120,105,2022-06-d-town-swing/intermediate-jj/final,final,scoringdance
True,80,1.0,80,9,0.444444,720,320,2022-06-d-town-swing/intermediate-jj/prelim,prelim,scoringdance
True,58,1.0,58,9,0.444444,522,232,2022-06-d-town-swing/intermediate-jj/semifinal,semifinal,scoringdance
True,15,0.5,30,6,0.833333,90,75,2022-06-d-town-swing/intermediate-strictly/final,final,scoringdance
True,26,1.0,26,6,0.833333,156,130,2022-06-d-town-swing/intermediate-strictly/prelim,prelim,scoringdance
True,15,0.5,30,6,0.833333,90,75,2022-06-d-town-swing/jj-all-european/final,final,scoringdance
True,125,1.0,125,9,0.444444,1125,500,2022-06-d-town-swing/jj-all-european/prelim,prelim,scoringdance
True,76,1.0,76,9,0.444444,684,304,2022-06-d-town-swing/jj-all-european/semifinal,semifinal,scoringdance
True,10,0.5,20,8,0.875,80,70,2022-06-d-town-swing/masters-jj/final,final,scoringdance
True,28,1.0,28,9,0.444444,252,112,2022-06-d-town-swing/masters-jj/prelim,prelim,scoringdance
True,8,0.5,16,6,0.833333,48,40,2022-06-d-town-swing/masters-strictly/final,final,scoringdance
True,13,0.5,26,8,0.875,104,91,2022-06-d-town-swing/newcomer-jj/final,final,scoringdance
True,56,1.0,56,9,0.444444,504,224,2022-06-d-town-swing/newcomer-jj/prelim,prelim,scoringdance
True,8,0.5,16,6,0.833333,48,40,2022-06-d-town-swing/newcomer-strictly/final,final,scoringdance
True,15,0.5,30,8,0.875,120,105,2022-06-d-town-swing/novice-jj/final,final,scoringdance
True,169,1.0,169,9,0.444444,1521,676,2022-06-d-town-swing/novice-jj/prelim,prelim,scoringdance
True,68,1.0,68,9,0.444444,612,272,2022-06-d-town-swing/novice-jj/semifinal,semifinal,scoringdance
True,12,0.5,24,6,0.833333,72,60,2022-06-d-town-swing/novice-strictly/final,final,scoringdance
True,26,1.0,26,6,0.833333,156,130,2022-06-d-town-swing/novice-strictly/prelim,prelim,scoringdance
True,7,0.5,14,6,0.833333,42,35,2022-06-d-town-swing/open-strictly/final,final,scoringdance
True,26,1.0,26,6,0.833333,156,130,2022-06-d-town-swing/open-strictly/prelim,prelim,scoringdance
True,15,0.5,30,8,0.875,120,105,2022-06-d-town-swing/sophisticated-jj/final,final,scoringdance
True,47,1.0,47,9,0.444444,423,188,2022-06-d-town-swing/sophisticated-jj/prelim,prelim,scoringdance
True,8,0.5,16,6,0.833333,48,40,2022-06-d-town-swing/sophisticated-strictly/final,final,scoringdance
True,8,0.5,16,8,0.875,64,56,2023-06-hungarian-open/advanced-jj/final,final,scoringdance
True,32,1.0,32,9,0.444444,288,128,2023-06-hungarian-open/advanced-jj/prelim,prelim,scoringdance
True,8,0.571429,14,8,0.875,64,56,2023-06-hungarian-open/allstar-jj/final,final,scoringdance
True,12,0.5,24,8,0.875,96,84,2023-06-hungarian-open/intermediate-jj/final,final,scoringdance
True,50,1.0,50,9,0.444444,450,200,2023-06-hungarian-open/intermediate-jj/prelim,prelim,scoringdance
True,34,1.0,34,9,0.444444,306,136,2023-06-hungarian-open/intermediate-jj/semifinal,semifinal,scoringdance
True,9,0.5,18,8,0.875,72,63,2023-06-hungarian-open/newcomer-jj/final,final,scoringdance
True,41,1.0,41,9,0.444444,369,164,2023-06-hungarian-open/newcomer-jj/prelim,prelim,scoringdance
True,12,0.5,24,8,0.875,96,84,2023-06-hungarian-open/novice-jj/final,final,scoringdance
True,67,1.0,67,9,0.444444,603,268,2023-06-hungarian-open/novice-jj/prelim,prelim,scoringdance
True,40,1.0,40,9,0.444444,360,160,2023-06-hungarian-open/novice-jj/semifinal,semifinal,scoringdance
True,9,0.5,18,6,0.833333,54,45,2023-06-hungarian-open/sophisticated-jj/final,final,scoringdance
True,35,1.0,35,7,0.428571,245,105,2023-06-hungarian-open/sophisticated-jj/prelim,prelim,scoringdance
True,10,0.5,20,6,0.833333,60,50,2023-06-hungarian-open/strictly-social/final,final,scoringdance
True,35,1.0,35,6,0.833333,210,175,2023-06-hungarian-open/strictly-social/prelim,prelim,scoringdance
True,5,0.5,10,8,0.875,40,35,2023-07-rock-the-barn/advanced-jj/final,final,scoringdance
True,18,0.9,20,9,0.493827,162,80,2023-07-rock-the-barn/advanced-jj/prelim,prelim,scoringdance
True,10,0.5,20,8,0.875,80,70,2023-07-rock-the-barn/intermediate-jj/final,final,scoringdance
True,37,1.0,37,9,0.444444,333,148,2023-07-rock-the-barn/intermediate-jj/prelim,prelim,scoringdance
True,8,0.5,16,6,0.833333,48,40,2023-07-rock-the-barn/jj-switch/final,final,scoringdance
True,48,0.923077,52,7,0.928571,336,312,2023-07-rock-the-barn/jj-switch/prelim,prelim,scoringdance
True,5,0.5,10,8,0.875,40,35,2023-07-rock-the-barn/newcomer-jj/final,final,scoringdance
True,15,0.5,30,8,0.875,120,105,2023-07-rock-the-barn/novice-jj/final,final,scoringdance
True,72,0.96,75,9,0.462963,648,300,2023-07-rock-the-barn/novice-jj/prelim,prelim,scoringdance
True,43,0.86,50,9,0.516796,387,200,2023-07-rock-the-barn/novice-jj/semifinal,semifinal,scoringdance
True,5,0.5,10,8,0.875,40,35,2023-09-finnfest/advanced-jj/final,final,scoringdance
True,25,0.862069,29,11,0.527273,275,145,2023-09-finnfest/advanced-jj/prelim,prelim,scoringdance
True,8,0.571429,14,8,0.875,64,56,2023-09-finnfest/allstar-jj/final,final,scoringdance
True,12,0.5,24,8,0.875,96,84,2023-09-finnfest/intermediate-jj/final,final,scoringdance
True,56,0.903226,62,11,0.503247,616,310,2023-09-finnfest/intermediate-jj/prelim,prelim,scoringdance
True,10,0.5,20,7,0.857143,70,60,2023-09-finnfest/newcomer-jj/final,final,scoringdance
True,34,0.918919,37,9,0.48366,306,148,2023-09-finnfest/newcomer-jj/prelim,prelim,scoringdance
True,15,0.5,30,8,0.875,120,105,2023-09-finnfest/novice-jj/final,final,scoringdance
True,93,0.958763,97,11,0.474096,1023,485,2023-09-finnfest/novice-jj/prelim,prelim,scoringdance
True,50,0.961538,52,11,0.472727,550,260,2023-09-finnfest/novice-jj/semifinal,semifinal,scoringdance
True,12,0.5,24,8,0.875,96,84,2023-09-finnfest/novice-strictly-intermediate/final,final,scoringdance
True,37,1.0,37,8,0.875,296,259,2023-09-finnfest/novice-strictly-intermediate/prelim,prelim,scoringdance
True,8,0.5,16,8,0.875,64,56,2023-09-finnfest/open-strictly/final,final,scoringdance
True,16,1.0,16,8,0.875,128,112,2023-09-finnfest/open-strictly/prelim,prelim,scoringdance
True,10,0.5,20,8,0.875,80,70,2023-09-finnfest/sophisticated-jj/final,final,scoringdance
True,46,1.0,46,9,0.444444,414,184,2023-09-finnfest/sophisticated-jj/prelim,prelim,scoringdance
True,5,0.5,10,6,0.833333,30,25,2023-12-berlin-swing-revolution/advanced-jj/final,final,scoringdance
True,27,1.0,27,11,0.454545,297,135,2023-12-berlin-swing-revolution/advanced-jj/prelim,prelim,scoringdance
True,11,0.6875,16,6,0.833333,66,55,2023-12-berlin-swing-revolution/allstar-jj/prelim,prelim,scoringdance
True,10,0.5,20,8,0.875,80,70,2023-12-berlin-swing-revolution/intermediate-jj/final,final,scoringdance
True,42,1.0,42,11,0.454545,462,210,2023-12-berlin-swing-revolution/intermediate-jj/prelim,prelim,scoringdance
True,12,0.521739,23,6,0.833333,72,60,2023-12-berlin-swing-revolution/jj-history/final,final,scoringdance
True,7,0.538462,13,8,0.875,56,49,2023-12-berlin-swing-revolution/jj-revolutionary/final,final,scoringdance
True,8,0.5,16,6,0.833333,48,40,2023-12-berlin-swing-revolution/jj-switch/final,final,scoringdance
True,41,1.0,41,6,0.833333,246,205,2023-12-berlin-swing-revolution/jj-switch/prelim,prelim,scoringdance
True,5,0.5,10,8,0.875,40,35,2023-12-berlin-swing-revolution/newcomer-jj/final,final,scoringdance
True,20,0.909091,22,11,0.5,220,110,2023-12-berlin-swing-revolution/newcomer-jj/prelim,prelim,scoringdance
True,10,0.5,20,8,0.875,80,70,2023-12-berlin-swing-revolution/novice-jj/final,final,scoringdance
True,63,1.0,63,11,0.454545,693,315,2023-12-berlin-swing-revolution/novice-jj/prelim,prelim,scoringdance
True,38,0.95,40,11,0.478469,418,200,2023-12-berlin-swing-revolution/novice-jj/semifinal,semifinal,scoringdance
True,10,0.5,20,6,0.833333,60,50,2023-12-global-grand-prix-swing-dance-championships/advanced-jj/final,final,scoringdance
True,47,0.959184,49,7,0.446809,329,147,2023-12-global-grand-prix-swing-dance-championships/advanced-jj/prelim,prelim,scoringdance
True,7,0.5,14,6,0.833333,42,35,2023-12-global-grand-prix-swing-dance-championships/allstar-jj/final,final,scoringdance
True,26,1.0,26,7,0.428571,182,78,2023-12-global-grand-prix-swing-dance-championships/allstar-jj/prelim,prelim,scoringdance
True,8,0.5,16,6,0.833333,48,40,2023-12-global-grand-prix-swing-dance-championships/allstar-strictly-champions/final,final,scoringdance
True,13,1.0,13,6,0.833333,78,65,2023-12-global-grand-prix-swing-dance-championships/allstar-strictly-champions/prelim,prelim,scoringdance
True,7,0.5,14,6,0.833333,42,35,2023-12-global-grand-prix-swing-dance-championships/classic/final,final,scoringdance
True,10,0.5,20,6,0.833333,60,50,2023-12-global-grand-prix-swing-dance-championships/intermediate-jj/final,final,scoringdance
True,70,0.972222,72,7,0.440816,490,216,2023-12-global-grand-prix-swing-dance-championships/intermediate-jj/prelim,prelim,scoringdance
True,10,0.5,20,6,0.833333,60,50,2023-12-global-grand-prix-swing-dance-championships/intermediate-strictly-advanced/final,final,scoringdance
True,18,1.0,18,6,0.833333,108,90,2023-12-global-grand-prix-swing-dance-championships/intermediate-strictly-advanced/prelim,prelim,scoringdance
True,9,0.6,15,6,0.833333,54,45,2023-12-global-grand-prix-swing-dance-championships/juniors-jj/final,final,scoringdance
True,3,0.5,6,6,0.833333,18,15,2023-12-global-grand-prix-swing-dance-championships/juniors-juniors-young-adults/final,final,scoringdance
True,6,0.5,12,6,0.833333,36,30,2023-12-global-grand-prix-swing-dance-championships/masters-jj/final,final,scoringdance
True,10,0.625,16,6,0.833333,60,50,2023-12-global-grand-prix-swing-dance-championships/masters-jj/prelim,prelim,scoringdance
True,11,0.5,22,6,0.833333,66,55,2023-12-global-grand-prix-swing-dance-championships/newcomer-jj/final,final,scoringdance
True,16,0.5,32,6,0.833333,96,80,2023-12-global-grand-prix-swing-dance-championships/novice-jj/final,final,scoringdance
True,93,0.911765,102,7,0.470046,651,306,2023-12-global-grand-prix-swing-dance-championships/novice-jj/prelim,prelim,scoringdance
True,54,0.964286,56,7,0.444444,378,168,2023-12-global-grand-prix-swing-dance-championships/novice-jj/semifinal,semifinal,scoringdance
True,10,0.5,20,6,0.833333,60,50,2023-12-global-grand-prix-swing-dance-championships/novice-strictly/final,final,scoringdance
True,14,0.875,16,6,0.952381,84,80,2023-12-global-grand-prix-swing-dance-championships/novice-strictly/prelim,prelim,scoringdance
True,7,0.5,14,6,0.833333,42,35,2023-12-global-grand-prix-swing-dance-championships/rising-star/final,final,scoringdance
True,3,0.5,6,6,0.833333,18,15,2023-12-global-grand-prix-swing-dance-championships/showcase/final,final,scoringdance
True,10,0.5,20,6,0.833333,60,50,2023-12-global-grand-prix-swing-dance-championships/sophisticated-jj/final,final,scoringdance
True,45,1.0,45,7,0.428571,315,135,2023-12-global-grand-prix-swing-dance-championships/sophisticated-jj/prelim,prelim,scoringdance
True,7,0.5,14,6,0.833333,42,35,2023-12-global-grand-prix-swing-dance-championships/switch/final,final,scoringdance
True,10,1.0,10,6,0.833333,60,50,2023-12-global-grand-prix-swing-dance-championships/switch/prelim,prelim,scoringdance
True,15,0.5,30,10,0.9,150,135,2024-01-budafest/advanced-jj/final,final,scoringdance
True,177,0.967213,183,11,0.469954,1947,915,2024-01-budafest/advanced-jj/prelim,prelim,scoringdance
True,73,0.890244,82,11,0.510585,803,410,2024-01-budafest/advanced-jj/semifinal,semifinal,scoringdance
True,10,0.5,20,11,0.818182,110,90,2024-01-budafest/allstar-jj/final,final,scoringdance
True,68,0.944444,72,11,0.481283,748,360,2024-01-budafest/allstar-jj/prelim,prelim,scoringdance
True,44,1.0,44,11,0.454545,484,220,2024-01-budafest/allstar-jj/semifinal,semifinal,scoringdance
False,9,0.5,18,0,,0,0,2024-01-budafest/champion-jj/final,final,scoringdance
True,15,0.5,30,10,0.9,150,135,2024-01-budafest/intermediate-jj/final,final,scoringdance
True,201,0.905405,222,9,0.496407,1809,898,2024-01-budafest/intermediate-jj/prelim,prelim,scoringdance
True,89,0.946809,94,11,0.480082,979,470,2024-01-budafest/intermediate-jj/semifinal,semifinal,scoringdance
True,7,0.5,14,10,0.9,70,63,2024-01-budafest/masters-jj/final,final,scoringdance
True,27,1.0,27,11,0.454545,297,135,2024-01-budafest/masters-jj/prelim,prelim,scoringdance
True,10,0.5,20,10,0.9,100,90,2024-01-budafest/newcomer-jj/final,final,scoringdance
True,51,0.910714,56,11,0.499109,561,280,2024-01-budafest/newcomer-jj/prelim,prelim,scoringdance
True,34,0.918919,37,11,0.481283,374,180,2024-01-budafest/newcomer-jj/semifinal,semifinal,scoringdance
True,114,0.966102,118,11,0.470494,1254,590,2024-01-budafest/novice-jj-quarter/quarterfinal,quarterfinal,scoringdance
True,15,0.5,30,10,0.9,150,135,2024-01-budafest/novice-jj/final,final,scoringdance
True,308,1.0,308,11,0.454545,3388,1540,2024-01-budafest/novice-jj/prelim,prelim,scoringdance
True,60,1.0,60,11,0.454545,660,300,2024-01-budafest/novice-jj/semifinal,semifinal,scoringdance
True,11,0.5,22,10,0.9,110,99,2024-01-budafest/open-strictly/final,final,scoringdance
True,63,1.0,63,10,0.9,630,567,2024-01-budafest/open-strictly/prelim,prelim,scoringdance
True,28,1.0,28,10,0.9,280,252,2024-01-budafest/open-strictly/semifinal,semifinal,scoringdance
True,15,0.5,30,10,0.9,150,135,2024-01-budafest/sophisticated-jj/final,final,scoringdance
True,102,0.953271,107,11,0.476827,1122,535,2024-01-budafest/sophisticated-jj/prelim,prelim,scoringdance
True,56,0.903226,62,11,0.503247,616,310,2024-01-budafest/sophisticated-jj/semifinal,semifinal,scoringdance
True,14,0.5,28,10,0.9,140,126,2024-01-budafest/strictly-nov-int/final,final,scoringdance
True,98,1.0,98,10,0.9,980,882,2024-01-budafest/strictly-nov-int/prelim,prelim,scoringdance
True,29,1.0,29,10,0.9,290,261,2024-01-budafest/strictly-nov-int/semifinal,semifinal,scoringdance
True,5,0.5,10,8,0.875,40,35,2024-03-5280-westival/advanced-jj/final,final,scoringdance
True,10,0.666667,15,5,0.8,50,40,2024-03-5280-westival/advanced-jj/prelim,prelim,scoringdance
True,13,0.590909,22,8,0.875,104,91,2024-03-5280-westival/all-american/final,final,scoringdance
True,84,1.0,84,6,0.833333,504,420,2024-03-5280-westival/all-american/prelim,prelim,scoringdance
True,7,0.5,14,8,0.875,56,49,2024-03-5280-westival/intermediate-jj/final,final,scoringdance
True,20,0.909091,22,7,0.471429,140,66,2024-03-5280-westival/intermediate-jj/prelim,prelim,scoringdance
True,5,0.5,10,8,0.875,40,35,2024-03-5280-westival/masters-jj/final,final,scoringdance
True,12,0.631579,19,6,0.972222,72,70,2024-03-5280-westival/masters-jj/prelim,prelim,scoringdance
True,5,0.5,10,6,0.833333,30,25,2024-03-5280-westival/newcomer-jj/final,final,scoringdance
True,20,0.769231,26,7,0.492857,140,69,2024-03-5280-westival/newcomer-jj/prelim,prelim,scoringdance
True,8,0.5,16,8,0.875,64,56,2024-03-5280-westival/newcomer-strictly-novice/final,final,scoringdance
True,15,0.5,30,8,0.875,120,105,2024-03-5280-westival/novice-jj/final,final,scoringdance
True,68,0.985507,69,7,0.428571,476,204,2024-03-5280-westival/novice-jj/prelim,prelim,scoringdance
True,38,1.0,38,7,0.428571,266,114,2024-03-5280-westival/novice-jj/semifinal,semifinal,scoringdance
True,5,0.5,10,7,0.714286,35,25,2024-03-5280-westival/open-strictly/final,final,scoringdance
True,9,0.529412,17,6,0.833333,54,45,2024-03-5280-westival/sophisticated-jj/final,final,scoringdance
True,20,0.689655,29,6,0.833333,120,100,2024-03-5280-westival/sophisticated-jj/prelim,prelim,scoringdance
True,1,1.0,1,5,1.0,5,5,2024-06-disco-america/advanced-pro-am-follower-3-dance/final,final,eepro
True,2,1.0,2,5,1.0,10,10,2024-06-disco-america/advanced-pro-am-follower-bachata/final,final,eepro
True,2,1.0,2,5,1.0,10,10,2024-06-disco-america/advanced-pro-am-follower-salsa/final,final,eepro
True,1,1.0,1,4,1.0,4,4,2024-06-disco-america/advanced-pro-am-follower/final,final,eepro
True,5,1.0,5,5,1.0,25,25,2024-06-disco-america/intermediate-pro-am-follower-3-dance/final,final,eepro
True,5,1.0,5,5,1.0,25,25,2024-06-disco-america/intermediate-pro-am-follower-bachata/final,final,eepro
True,7,1.0,7,5,1.0,35,35,2024-06-disco-america/intermediate-pro-am-follower-salsa/final,final,eepro
True,2,1.0,2,5,1.0,10,10,2024-06-disco-america/intermediate-pro-am-follower/final,final,eepro
True,1,1.0,1,5,1.0,5,5,2024-06-disco-america/novice-amateur-just-salsa-novice/final,final,eepro
True,1,1.0,1,5,1.0,5,5,2024-06-disco-america/novice-amateur-just-wcs-novice/final,final,eepro
True,1,1.0,1,5,1.0,5,5,2024-06-disco-america/novice-pro-am-follower-3-dance/final,final,eepro
True,2,1.0,2,5,1.0,10,10,2024-06-disco-america/novice-pro-am-follower-bachata/final,final,eepro
True,4,1.0,4,5,1.0,20,20,2024-06-disco-america/novice-pro-am-follower-salsa/final,final,eepro
True,4,1.0,4,5,1.0,20,20,2024-06-disco-america/novice-pro-am-follower/final,final,eepro
True,1,1.0,1,5,1.0,5,5,2024-06-disco-america/novice-pro-am-leader-bachata/final,final,eepro
True,1,1.0,1,5,1.0,5,5,2024-06-disco-america/novice-pro-am-leader/final,final,eepro
True,2,1.0,2,5,1.0,10,10,2024-06-disco-america/open-open-team-division/final,final,eepro
True,2,1.0,2,5,1.0,10,10,2024-06-disco-america/other-advanced-amateur-just-hustle-advanced/final,final,eepro
True,3,1.0,3,5,1.0,15,15,2024-06-disco-america/other-advanced-amateur-just-hustle-silver-50-advanced/final,final,eepro
True,5,0.625,8,5,1.0,25,25,2024-06-disco-america/other-advanced-jj-amateur-hustle-finalss/final,final,eepro
True,12,1.0,12,5,1.0,60,60,2024-06-disco-america/other-advanced-jj-follower-proam-hustle/final,final,eepro
True,3,1.0,3,5,1.0,15,15,2024-06-disco-america/other-advanced-jj-leader-proam-hustle/final,final,eepro
True,7,1.0,7,5,1.0,35,35,2024-06-disco-america/other-advanced-pro-am-follower-hustle-silver-50/final,final,eepro
True,10,1.0,10,5,1.0,50,50,2024-06-disco-america/other-advanced-pro-am-follower-hustle/final,final,eepro
True,3,1.0,3,5,1.0,15,15,2024-06-disco-america/other-advanced-pro-am-leader-hustle-silver-50/final,final,eepro
True,3,1.0,3,5,1.0,15,15,2024-06-disco-america/other-advanced-pro-am-leader-hustle/final,final,eepro
True,1,1.0,1,5,1.0,5,5,2024-06-disco-america/other-amateur-just-hustle-pre-adv/final,final,eepro
True,3,1.0,3,5,1.0,15,15,2024-06-disco-america/other-amateur-just-hustle-pre-int/final,final,eepro
True,1,1.0,1,5,1.0,5,5,2024-06-disco-america/other-classic-follower-proam-hustle/final,final,eepro
True,5,1.0,5,5,1.0,25,25,2024-06-disco-america/other-intermediate-amateur-just-hustle-intermediate/final,final,eepro
True,6,1.0,6,5,1.0,30,30,2024-06-disco-america/other-intermediate-amateur-just-hustle-silver-50-intermediate/final,final,eepro
True,5,0.555556,9,5,1.0,25,25,2024-06-disco-america/other-intermediate-jj-amateur-hustle/final,final,eepro
True,13,1.0,13,5,1.0,65,65,2024-06-disco-america/other-intermediate-jj-follower-proam-hustle/final,final,eepro
True,5,0.833333,6,5,1.0,25,25,2024-06-disco-america/other-intermediate-jj-leader-proam-hustle/final,final,eepro
True,6,1.0,6,5,1.0,30,30,2024-06-disco-america/other-intermediate-pro-am-follower-hustle-silver-50/final,final,eepro
True,15,1.0,15,5,1.0,75,75,2024-06-disco-america/other-intermediate-pro-am-follower-hustle/final,final,eepro
True,3,1.0,3,5,1.0,15,15,2024-06-disco-america/other-intermediate-pro-am-leader-hustle-silver-50/final,final,eepro
True,3,1.0,3,5,1.0,15,15,2024-06-disco-america/other-intermediate-pro-am-leader-hustle/final,final,eepro
True,1,1.0,1,5,1.0,5,5,2024-06-disco-america/other-jj-follower-proam-rising-star-hustle/final,final,eepro
True,6,1.0,6,5,1.0,30,30,2024-06-disco-america/other-jj-follower-proam-silver-hustle/final,final,eepro
True,6,0.857143,7,5,1.0,30,30,2024-06-disco-america/other-jj-leader-proam-silver-hustle/final,final,eepro
True,2,1.0,2,5,1.0,10,10,2024-06-disco-america/other-novice-amateur-just-hustle-novice/final,final,eepro
True,1,1.0,1,5,1.0,5,5,2024-06-disco-america/other-novice-amateur-just-hustle-silver-50-novice/final,final,eepro
True,3,0.75,4,5,1.0,15,15,2024-06-disco-america/other-novice-jj-amateur-hustle/final,final,eepro
True,10,1.0,10,5,1.0,50,50,2024-06-disco-america/other-novice-jj-follower-proam-hustle/final,final,eepro
True,2,1.0,2,5,1.0,10,10,2024-06-disco-america/other-novice-jj-leader-proam-hustle/final,final,eepro
True,4,1.0,4,5,1.0,20,20,2024-06-disco-america/other-novice-pro-am-follower-hustle-silver-50/final,final,eepro
True,10,1.0,10,5,1.0,50,50,2024-06-disco-america/other-novice-pro-am-follower-hustle/final,final,eepro
True,1,1.0,1,5,1.0,5,5,2024-06-disco-america/other-novice-pro-am-leader-hustle/final,final,eepro
True,13,1.0,13,5,1.0,65,65,2024-06-disco-america/other-pro-am-follower-hustle-pre-adv/final,final,eepro
True,9,1.0,9,5,1.0,45,45,2024-06-disco-america/other-pro-am-follower-hustle-pre-int/final,final,eepro
True,5,1.0,5,5,1.0,25,25,2024-06-disco-america/other-pro-am-follower-hustle-pre-nov/final,final,eepro
True,1,1.0,1,5,1.0,5,5,2024-06-disco-america/other-pro-am-follower-hustle-rising-star/final,final,eepro
True,2,1.0,2,5,1.0,10,10,2024-06-disco-america/other-pro-am-leader-hustle-pre-adv/final,final,eepro
True,6,1.0,6,9,1.0,54,54,2024-06-disco-america/other-professional-just-hustle/final,final,eepro
True,3,1.0,3,5,1.0,15,15,2024-06-disco-america/other-sophisticated-advanced-amateur-just-hustle-sophisticated-40-advanced/final,final,eepro
True,10,1.0,10,5,1.0,50,50,2024-06-disco-america/other-sophisticated-advanced-pro-am-follower-hustle-40/final,final,eepro
True,2,1.0,2,5,1.0,10,10,2024-06-disco-america/other-sophisticated-advanced-pro-am-leader-hustle-40/final,final,eepro
True,3,1.0,3,5,1.0,15,15,2024-06-disco-america/other-sophisticated-intermediate-amateur-just-hustle-sophisticated-40-intermediate/final,final,eepro
True,7,1.0,7,5,1.0,35,35,2024-06-disco-america/other-sophisticated-intermediate-pro-am-follower-hustle-40/final,final,eepro
True,2,1.0,2,5,1.0,10,10,2024-06-disco-america/other-sophisticated-intermediate-pro-am-leader-hustle-40/final,final,eepro
True,4,1.0,4,5,1.0,20,20,2024-06-disco-america/other-sophisticated-novice-pro-am-follower-hustle-40/final,final,eepro
True,2,1.0,2,5,1.0,10,10,2024-06-disco-america/pro-am-follower-bachata-silver-50/final,final,eepro
True,3,1.0,3,5,1.0,15,15,2024-06-disco-america/pro-am-follower-salsa-silver-50/final,final,eepro
True,1,1.0,1,5,1.0,5,5,2024-06-disco-america/pro-am-follower-theater-arts/final,final,eepro
True,3,1.0,3,9,1.0,27,27,2024-06-disco-america/professional-3-dance/final,final,eepro
True,1,1.0,1,5,1.0,5,5,2024-06-disco-america/showcase-follower-proam/final,final,eepro
True,1,1.0,1,5,1.0,5,5,2024-06-disco-america/showcase-leader-proam/final,final,eepro
True,6,0.5,12,6,0.833333,36,30,2024-07-saunaswing/advanced-jj-all-stars/final,final,scoringdance
True,10,0.625,16,6,0.833333,60,50,2024-07-saunaswing/advanced-jj-all-stars/prelim,prelim,scoringdance
True,5,0.5,10,8,0.875,40,35,2024-07-saunaswing/intermediate-jj/final,final,scoringdance
True,26,1.0,26,9,0.444444,234,104,2024-07-saunaswing/intermediate-jj/prelim,prelim,scoringdance
True,10,0.5,20,8,0.875,80,70,2024-07-saunaswing/newcomer-jj/final,final,scoringdance
True,57,1.0,57,9,0.444444,513,228,2024-07-saunaswing/newcomer-jj/prelim,prelim,scoringdance
True,10,0.5,20,8,0.875,80,70,2024-07-saunaswing/novice-jj/final,final,scoringdance
True,52,1.0,52,9,0.444444,468,208,2024-07-saunaswing/novice-jj/prelim,prelim,scoringdance
True,10,0.5,20,8,0.875,80,70,2024-08-german-open/advanced-jj/final,final,scoringdance
True,58,0.90625,64,11,0.501567,638,320,2024-08-german-open/advanced-jj/prelim,prelim,scoringdance
True,10,0.5,20,6,0.833333,60,50,2024-08-german-open/allstar-jj/final,final,scoringdance
True,41,0.953488,43,7,0.898955,287,258,2024-08-german-open/allstar-jj/prelim,prelim,scoringdance
True,15,0.5,30,8,0.875,120,105,2024-08-german-open/intermediate-jj/final,final,scoringdance
True,104,0.962963,108,11,0.472028,1144,540,2024-08-german-open/intermediate-jj/prelim,prelim,scoringdance
True,52,0.896552,58,11,0.506993,572,290,2024-08-german-open/intermediate-jj/semifinal,semifinal,scoringdance
True,13,0.5,26,8,0.875,104,91,2024-08-german-open/intermediate-strictly/final,final,scoringdance
True,31,1.0,31,6,0.833333,186,155,2024-08-german-open/intermediate-strictly/prelim,prelim,scoringdance
True,10,0.5,20,8,0.875,80,70,2024-08-german-open/masters-jj/final,final,scoringdance
True,48,1.0,48,11,0.454545,528,240,2024-08-german-open/masters-jj/prelim,prelim,scoringdance
True,9,0.5,18,8,0.875,72,63,2024-08-german-open/masters-strictly/final,final,scoringdance
True,15,0.5,30,8,0.875,120,105,2024-08-german-open/newcomer-jj/final,final,scoringdance
True,157,1.0,157,11,0.454545,1727,785,2024-08-german-open/newcomer-jj/prelim,prelim,scoringdance
True,64,0.914286,70,11,0.497159,704,350,2024-08-german-open/newcomer-jj/semifinal,semifinal,scoringdance
True,115,0.905512,127,11,0.498024,1265,630,2024-08-german-open/novice-jj-quarter/quarterfinal,quarterfinal,scoringdance
True,16,0.5,32,8,0.875,128,112,2024-08-german-open/novice-jj/final,final,scoringdance
True,215,1.0,215,11,0.454545,2365,1075,2024-08-german-open/novice-jj/prelim,prelim,scoringdance
True,56,0.965517,58,11,0.470779,616,290,2024-08-german-open/novice-jj/semifinal,semifinal,scoringdance
True,15,0.5,30,8,0.875,120,105,2024-08-german-open/novice-strictly/final,final,scoringdance
True,62,1.0,62,6,0.833333,372,310,2024-08-german-open/novice-strictly/prelim,prelim,scoringdance
True,31,1.0,31,6,0.833333,186,155,2024-08-german-open/novice-strictly/semifinal,semifinal,scoringdance
True,12,0.5,24,8,0.875,96,84,2024-08-german-open/open-strictly/final,final,scoringdance
True,31,1.0,31,8,0.875,248,217,2024-08-german-open/open-strictly/prelim,prelim,scoringdance
True,15,0.5,30,8,0.875,120,105,2024-08-german-open/sophisticated-jj/final,final,scoringdance
True,62,0.953846,65,11,0.472141,682,322,2024-08-german-open/sophisticated-jj/prelim,prelim,scoringdance
True,10,0.5,20,8,0.875,80,70,2024-08-german-open/sophisticated-strictly/final,final,scoringdance
True,16,0.5,32,6,0.833333,96,80,2024-08-swingtime-denver/advanced-jj/final,final,scoringdance
True,97,0.989796,98,12,0.416667,1164,485,2024-08-swingtime-denver/advanced-jj/prelim,prelim,scoringdance
True,50,1.0,50,12,0.416667,600,250,2024-08-swingtime-denver/advanced-jj/semifinal,semifinal,scoringdance
True,10,0.5,20,6,0.833333,60,50,2024-08-swingtime-denver/allstar-jj/final,final,scoringdance
True,52,0.896552,58,7,0.46978,364,171,2024-08-swingtime-denver/allstar-jj/prelim,prelim,scoringdance
True,10,0.5,20,6,0.833333,60,50,2024-08-swingtime-denver/allstar-strictly/final,final,scoringdance
True,20,0.952381,21,6,0.833333,120,100,2024-08-swingtime-denver/allstar-strictly/prelim,prelim,scoringdance
False,11,0.5,22,0,,0,0,2024-08-swingtime-denver/champion-jj/final,final,scoringdance
True,37,1.0,37,7,0.428571,259,111,2024-08-swingtime-denver/champion-jj/prelim,prelim,scoringdance
True,10,0.5,20,6,0.833333,60,50,2024-08-swingtime-denver/champion-strictly/final,final,scoringdance
True,21,1.0,21,6,0.833333,126,105,2024-08-swingtime-denver/champion-strictly/prelim,prelim,scoringdance
True,10,0.5,20,6,0.833333,60,50,2024-08-swingtime-denver/country-invitational-jj/final,final,scoringdance
True,30,1.0,30,5,1.0,150,150,2024-08-swingtime-denver/country-invitational-jj/prelim,prelim,scoringdance
True,10,0.555556,18,5,0.8,50,40,2024-08-swingtime-denver/country-jj-all-american/final,final,scoringdance
True,55,0.846154,65,5,0.869091,275,239,2024-08-swingtime-denver/country-jj-all-american/prelim,prelim,scoringdance
True,6,0.5,12,7,0.857143,42,36,2024-08-swingtime-denver/country-jj-high/final,final,scoringdance
True,28,0.823529,34,7,0.428571,196,84,2024-08-swingtime-denver/country-jj-high/prelim,prelim,scoringdance
True,8,0.5,16,7,0.857143,56,48,2024-08-swingtime-denver/country-jj-low/final,final,scoringdance
True,37,0.948718,39,7,0.42471,259,110,2024-08-swingtime-denver/country-jj-low/semifinal,semifinal,scoringdance
True,7,0.5,14,7,0.857143,49,42,2024-08-swingtime-denver/country-strictly-high/final,final,scoringdance
True,13,1.0,13,7,0.857143,91,78,2024-08-swingtime-denver/country-strictly-high/prelim,prelim,scoringdance
True,6,0.5,12,7,0.857143,42,36,2024-08-swingtime-denver/country-strictly-low/final,final,scoringdance
True,13,0.928571,14,7,0.857143,91,78,2024-08-swingtime-denver/country-strictly-low/prelim,prelim,scoringdance
True,15,0.5,30,6,0.833333,90,75,2024-08-swingtime-denver/intermediate-jj/final,final,scoringdance
True,97,1.0,97,12,0.416667,1164,485,2024-08-swingtime-denver/intermediate-jj/prelim,prelim,scoringdance
True,50,1.0,50,12,0.416667,600,250,2024-08-swingtime-denver/intermediate-jj/semifinal,semifinal,scoringdance
True,15,0.5,30,6,0.833333,90,75,2024-08-swingtime-denver/intermediate-strictly-advanced/final,final,scoringdance
True,41,1.0,41,6,0.833333,246,205,2024-08-swingtime-denver/intermediate-strictly-advanced/prelim,prelim,scoringdance
True,15,0.535714,28,6,0.833333,90,75,2024-08-swingtime-denver/jj-all-american/final,final,scoringdance
True,166,0.892473,186,6,0.876506,996,873,2024-08-swingtime-denver/jj-all-american/prelim,prelim,scoringdance
True,12,1.0,12,4,0.75,48,36,2024-08-swingtime-denver/jj-line-dance-high/final,final,scoringdance
True,4,1.0,4,4,0.75,16,12,2024-08-swingtime-denver/jj-line-dance-low/final,final,scoringdance
True,10,0.5,20,6,0.833333,60,50,2024-08-swingtime-denver/masters-masters-choice/final,final,scoringdance
True,17,1.0,17,6,0.833333,102,85,2024-08-swingtime-denver/masters-masters-choice/prelim,prelim,scoringdance
True,1,0.5,2,8,0.875,8,7,2024-08-swingtime-denver/masters-masters-routines/final,final,scoringdance
True,11,0.5,22,6,0.833333,66,55,2024-08-swingtime-denver/masters-novice-jj/final,final,scoringdance
True,10,0.5,20,6,0.833333,60,50,2024-08-swingtime-denver/masters-open-jj/final,final,scoringdance
True,43,1.0,43,7,0.428571,301,129,2024-08-swingtime-denver/masters-open-jj/prelim,prelim,scoringdance
True,10,0.5,20,6,0.833333,60,50,2024-08-swingtime-denver/newcomer-jj/final,final,scoringdance
True,60,0.923077,65,12,0.411111,720,296,2024-08-swingtime-denver/newcomer-jj/prelim,prelim,scoringdance
True,108,1.0,108,12,0.416667,1296,540,2024-08-swingtime-denver/novice-jj-quarter/quarterfinal,quarterfinal,scoringdance
True,16,0.5,32,6,0.833333,96,80,2024-08-swingtime-denver/novice-jj/final,final,scoringdance
True,175,0.994318,176,12,0.416667,2100,875,2024-08-swingtime-denver/novice-jj/prelim,prelim,scoringdance
True,48,1.0,48,12,0.416667,576,240,2024-08-swingtime-denver/novice-jj/semifinal,semifinal,scoringdance
True,10,0.5,20,6,0.833333,60,50,2024-08-swingtime-denver/novice-strictly/final,final,scoringdance
True,22,1.0,22,6,0.833333,132,110,2024-08-swingtime-denver/novice-strictly/prelim,prelim,scoringdance
True,4,0.571429,7,8,0.875,32,28,2024-08-swingtime-denver/pro-am/final,final,scoringdance
True,5,0.5,10,8,0.875,40,35,2024-08-swingtime-denver/rising-star/final,final,scoringdance
True,15,0.5,30,6,0.833333,90,75,2024-08-swingtime-denver/sophisticated-jj/final,final,scoringdance
True,67,0.985294,68,7,0.428571,469,201,2024-08-swingtime-denver/sophisticated-jj/prelim,prelim,scoringdance
True,10,0.5,20,6,0.833333,60,50,2024-09-midland-swing-open/advanced-jj/final,final,scoringdance
True,48,0.96,50,7,0.446429,336,150,2024-09-midland-swing-open/advanced-jj/prelim,prelim,scoringdance
True,8,0.5,16,6,0.833333,48,40,2024-09-midland-swing-open/allstar-jj/final,final,scoringdance
True,23,0.884615,26,7,0.465839,161,75,2024-09-midland-swing-open/allstar-jj/prelim,prelim,scoringdance
True,5,0.5,10,6,0.833333,30,25,2024-09-midland-swing-open/champion-jj/final,final,scoringdance
True,15,0.5,30,6,0.833333,90,75,2024-09-midland-swing-open/intermediate-jj/final,final,scoringdance
True,85,1.0,85,7,0.428571,595,255,2024-09-midland-swing-open/intermediate-jj/prelim,prelim,scoringdance
True,50,0.925926,54,7,0.462857,350,162,2024-09-midland-swing-open/intermediate-jj/semifinal,semifinal,scoringdance
True,9,0.5,18,6,0.833333,54,45,2024-09-midland-swing-open/intermediate-strictly/final,final,scoringdance
True,20,1.0,20,6,0.833333,120,100,2024-09-midland-swing-open/intermediate-strictly/prelim,prelim,scoringdance
True,14,0.5,28,6,0.833333,84,70,2024-09-midland-swing-open/masters-jj/final,final,scoringdance
True,44,1.0,44,7,0.428571,308,132,2024-09-midland-swing-open/masters-jj/prelim,prelim,scoringdance
True,10,0.5,20,6,0.833333,60,50,2024-09-midland-swing-open/newcomer-jj/final,final,scoringdance
True,60,0.9375,64,7,0.457143,420,192,2024-09-midland-swing-open/newcomer-jj/prelim,prelim,scoringdance
True,16,0.5,32,6,0.833333,96,80,2024-09-midland-swing-open/novice-jj/final,final,scoringdance
True,151,0.967949,156,12,0.430464,1812,780,2024-09-midland-swing-open/novice-jj/prelim,prelim,scoringdance
True,74,0.973684,76,11,0.46683,814,380,2024-09-midland-swing-open/novice-jj/semifinal,semifinal,scoringdance
True,10,0.5,20,6,0.833333,60,50,2024-09-midland-swing-open/novice-strictly/final,final,scoringdance
True,29,1.0,29,6,0.833333,174,145,2024-09-midland-swing-open/novice-strictly/prelim,prelim,scoringdance
True,8,0.5,16,6,0.833333,48,40,2024-09-midland-swing-open/open-strictly/final,final,scoringdance
True,20,1.0,20,6,0.833333,120,100,2024-09-midland-swing-open/open-strictly/prelim,prelim,scoringdance
True,4,0.5,8,6,0.833333,24,20,2024-09-midland-swing-open/rising-star/final,final,scoringdance
True,16,0.5,32,6,0.833333,96,80,2024-09-midland-swing-open/sophisticated-jj/final,final,scoringdance
True,79,1.0,79,7,0.428571,553,237,2024-09-midland-swing-open/sophisticated-jj/prelim,prelim,scoringdance
True,50,0.925926,54,7,0.462857,350,162,2024-09-midland-swing-open/sophisticated-jj/semifinal,semifinal,scoringdance
True,5,0.555556,9,6,0.833333,30,25,2024-09-mooseland-swing/advanced-jj/final,final,scoringdance
True,5,0.5,10,6,0.833333,30,25,2024-09-mooseland-swing/intermediate-jj/final,final,scoringdance
True,16,1.0,16,9,0.444444,144,64,2024-09-mooseland-swing/intermediate-jj/prelim,prelim,scoringdance
True,10,0.5,20,6,0.833333,60,50,2024-09-mooseland-swing/jj-charity-fun/final,final,scoringdance
True,65,1.0,65,7,0.428571,455,195,2024-09-mooseland-swing/jj-charity-fun/prelim,prelim,scoringdance
True,10,0.5,20,8,0.875,80,70,2024-09-mooseland-swing/newcomer-jj/final,final,scoringdance
True,34,0.894737,38,7,0.478992,238,114,2024-09-mooseland-swing/newcomer-jj/prelim,prelim,scoringdance
True,10,0.5,20,8,0.875,80,70,2024-09-mooseland-swing/novice-jj/final,final,scoringdance
True,53,0.913793,58,9,0.486373,477,232,2024-09-mooseland-swing/novice-jj/prelim,prelim,scoringdance
True,10,0.5,20,6,0.833333,60,50,2024-09-retaliation-swing/advanced-jj/final,final,scoringdance
True,34,1.0,34,7,0.428571,238,102,2024-09-retaliation-swing/advanced-jj/prelim,prelim,scoringdance
True,11,0.55,20,6,0.833333,66,55,2024-09-retaliation-swing/allstar-jj/final,final,scoringdance
True,10,0.5,20,6,0.833333,60,50,2024-09-retaliation-swing/intermediate-jj/final,final,scoringdance
True,34,0.971429,35,8,0.386029,272,105,2024-09-retaliation-swing/intermediate-jj/prelim,prelim,scoringdance
True,5,0.5,10,6,0.833333,30,25,2024-09-retaliation-swing/masters-jj/final,final,scoringdance
True,18,1.0,18,7,0.428571,126,54,2024-09-retaliation-swing/masters-jj/prelim,prelim,scoringdance
True,10,0.5,20,6,0.833333,60,50,2024-09-retaliation-swing/newcomer-jj/final,final,scoringdance
True,30,1.0,30,7,0.428571,210,90,2024-09-retaliation-swing/newcomer-jj/prelim,prelim,scoringdance
True,10,0.5,20,6,0.833333,60,50,2024-09-retaliation-swing/novice-jj/final,final,scoringdance
True,70,1.0,70,8,0.375,560,210,2024-09-retaliation-swing/novice-jj/prelim,prelim,scoringdance
True,10,0.5,20,6,0.833333,60,50,2024-09-retaliation-swing/strictly-retaliation/final,final,scoringdance
True,19,1.0,19,6,0.833333,114,95,2024-09-retaliation-swing/strictly-retaliation/prelim,prelim,scoringdance
True,10,0.5,20,8,0.875,80,70,2024-10-scandinavian-open-wcs-snow/advanced-jj/final,final,scoringdance
True,55,0.887097,62,9,0.50101,495,248,2024-10-scandinavian-open-wcs-snow/advanced-jj/prelim,prelim,scoringdance
True,10,0.5,20,8,0.875,80,70,2024-10-scandinavian-open-wcs-snow/allstar-jj/final,final,scoringdance
True,33,0.942857,35,9,0.47138,297,140,2024-10-scandinavian-open-wcs-snow/allstar-jj/prelim,prelim,scoringdance
True,15,0.5,30,8,0.875,120,105,2024-10-scandinavian-open-wcs-snow/intermediate-jj/final,final,scoringdance
True,112,0.933333,120,9,0.472222,1008,476,2024-10-scandinavian-open-wcs-snow/intermediate-jj/prelim,prelim,scoringdance
True,50,0.78125,64,9,0.568889,450,256,2024-10-scandinavian-open-wcs-snow/intermediate-jj/semifinal,semifinal,scoringdance
True,13,0.5,26,6,0.833333,78,65,2024-10-scandinavian-open-wcs-snow/intermediate-strictly/final,final,scoringdance
True,32,1.0,32,8,0.875,256,224,2024-10-scandinavian-open-wcs-snow/intermediate-strictly/prelim,prelim,scoringdance
True,15,0.5,30,8,0.875,120,105,2024-10-scandinavian-open-wcs-snow/newcomer-jj/final,final,scoringdance
True,79,0.918605,86,9,0.483826,711,344,2024-10-scandinavian-open-wcs-snow/newcomer-jj/prelim,prelim,scoringdance
True,47,0.903846,52,9,0.491726,423,208,2024-10-scandinavian-open-wcs-snow/newcomer-jj/semifinal,semifinal,scoringdance
True,15,0.5,30,8,0.875,120,105,2024-10-scandinavian-open-wcs-snow/novice-jj/final,final,scoringdance
True,248,1.0,248,9,0.444444,2232,992,2024-10-scandinavian-open-wcs-snow/novice-jj/prelim,prelim,scoringdance
True,84,0.954545,88,9,0.465608,756,352,2024-10-scandinavian-open-wcs-snow/novice-jj/semifinal,semifinal,scoringdance
True,14,0.5,28,8,0.875,112,98,2024-10-scandinavian-open-wcs-snow/novice-strictly/final,final,scoringdance
True,37,1.0,37,8,0.875,296,259,2024-10-scandinavian-open-wcs-snow/novice-strictly/prelim,prelim,scoringdance
True,10,0.5,20,6,0.833333,60,50,2024-10-scandinavian-open-wcs-snow/open-strictly/final,final,scoringdance
True,22,1.0,22,8,0.875,176,154,2024-10-scandinavian-open-wcs-snow/open-strictly/prelim,prelim,scoringdance
True,15,0.5,30,8,0.875,120,105,2024-10-scandinavian-open-wcs-snow/sophisticated-jj/final,final,scoringdance
True,85,0.955056,89,11,0.475936,935,445,2024-10-scandinavian-open-wcs-snow/sophisticated-jj/prelim,prelim,scoringdance
True,53,0.946429,56,11,0.480274,583,280,2024-10-scandinavian-open-wcs-snow/sophisticated-jj/semifinal,semifinal,scoringdance
True,10,0.5,20,6,0.833333,60,50,2024-10-scandinavian-open-wcs-snow/swedish-fox/final,final,scoringdance
True,35,0.853659,41,7,0.502041,245,123,2024-10-scandinavian-open-wcs-snow/swedish-fox/prelim,prelim,scoringdance
True,5,0.5,10,6,0.833333,30,25,2024-10-wcs-festival-dusseldorf/advanced-jj/final,final,scoringdance
True,27,0.9,30,7,0.47619,189,90,2024-10-wcs-festival-dusseldorf/advanced-jj/prelim,prelim,scoringdance
True,7,0.5,14,6,0.833333,42,35,2024-10-wcs-festival-dusseldorf/allstar-jj/final,final,scoringdance
True,14,1.0,14,7,0.428571,98,42,2024-10-wcs-festival-dusseldorf/allstar-jj/prelim,prelim,scoringdance
True,10,0.5,20,6,0.833333,60,50,2024-10-wcs-festival-dusseldorf/intermediate-jj/final,final,scoringdance
True,39,0.906977,43,7,0.472527,273,129,2024-10-wcs-festival-dusseldorf/intermediate-jj/prelim,prelim,scoringdance
True,9,0.5,18,6,0.833333,54,45,2024-10-wcs-festival-dusseldorf/intermediate-strictly/final,final,scoringdance
True,6,0.5,12,6,0.833333,36,30,2024-10-wcs-festival-dusseldorf/jj-switch/final,final,scoringdance
True,19,0.95,20,6,0.833333,114,95,2024-10-wcs-festival-dusseldorf/jj-switch/prelim,prelim,scoringdance
True,10,0.5,20,6,0.833333,60,50,2024-10-wcs-festival-dusseldorf/masters-jj/final,final,scoringdance
True,38,0.95,40,7,0.451128,266,120,2024-10-wcs-festival-dusseldorf/masters-jj/prelim,prelim,scoringdance
True,9,0.5,18,6,0.833333,54,45,2024-10-wcs-festival-dusseldorf/masters-strictly/final,final,scoringdance
True,10,0.5,20,6,0.833333,60,50,2024-10-wcs-festival-dusseldorf/newcomer-jj/final,final,scoringdance
True,58,0.865672,67,9,0.51341,522,268,2024-10-wcs-festival-dusseldorf/newcomer-jj/prelim,prelim,scoringdance
True,16,0.5,32,6,0.833333,96,80,2024-10-wcs-festival-dusseldorf/novice-jj/final,final,scoringdance
True,118,0.921875,128,9,0.482109,1062,512,2024-10-wcs-festival-dusseldorf/novice-jj/prelim,prelim,scoringdance
True,72,0.923077,78,9,0.481481,648,312,2024-10-wcs-festival-dusseldorf/novice-jj/semifinal,semifinal,scoringdance
True,15,0.5,30,6,0.833333,90,75,2024-10-wcs-festival-dusseldorf/novice-strictly/final,final,scoringdance
True,27,1.0,27,6,0.833333,162,135,2024-10-wcs-festival-dusseldorf/novice-strictly/prelim,prelim,scoringdance
True,7,0.5,14,6,0.833333,42,35,2024-10-wcs-festival-dusseldorf/open-strictly/final,final,scoringdance
True,10,1.0,10,6,0.833333,60,50,2024-10-wcs-festival-dusseldorf/open-strictly/prelim,prelim,scoringdance
True,10,0.5,20,6,0.833333,60,50,2024-10-wcs-festival-dusseldorf/sophisticated-jj/final,final,scoringdance
True,46,1.0,46,7,0.428571,322,138,2024-10-wcs-festival-dusseldorf/sophisticated-jj/prelim,prelim,scoringdance
True,8,0.5,16,6,0.833333,48,40,2024-10-wcs-festival-dusseldorf/sophisticated-strictly/final,final,scoringdance
True,12,0.5,24,6,0.833333,72,60,2024-10-westie-s-angels/advanced-jj/final,final,scoringdance
True,39,0.847826,46,7,0.505495,273,138,2024-10-westie-s-angels/advanced-jj/prelim,prelim,scoringdance
True,8,0.5,16,6,0.833333,48,40,2024-10-westie-s-angels/allstar-jj/final,final,scoringdance
True,18,0.75,24,7,0.571429,126,72,2024-10-westie-s-angels/allstar-jj/prelim,prelim,scoringdance
True,2,0.5,4,6,0.833333,12,10,2024-10-westie-s-angels/classic/final,final,scoringdance
True,10,0.5,20,6,0.833333,60,50,2024-10-westie-s-angels/intermediate-jj/final,final,scoringdance
True,59,0.786667,75,7,0.544794,413,225,2024-10-westie-s-angels/intermediate-jj/prelim,prelim,scoringdance
True,34,0.894737,38,7,0.478992,238,114,2024-10-westie-s-angels/intermediate-jj/semifinal,semifinal,scoringdance
True,8,0.5,16,6,0.833333,48,40,2024-10-westie-s-angels/juniors-jj/final,final,scoringdance
True,23,1.0,23,6,0.833333,138,115,2024-10-westie-s-angels/juniors-jj/prelim,prelim,scoringdance
True,2,0.5,4,6,0.833333,12,10,2024-10-westie-s-angels/juniors-junior-routine-14-years/final,final,scoringdance
True,5,0.5,10,6,0.833333,30,25,2024-10-westie-s-angels/masters-jj/final,final,scoringdance
True,13,1.0,13,6,0.833333,78,65,2024-10-westie-s-angels/masters-jj/prelim,prelim,scoringdance
True,1,0.5,2,6,0.833333,6,5,2024-10-westie-s-angels/masters-masters-routine/final,final,scoringdance
True,10,0.5,20,6,0.833333,60,50,2024-10-westie-s-angels/newcomer-jj/final,final,scoringdance
True,32,0.864865,37,7,0.495536,224,111,2024-10-westie-s-angels/newcomer-jj/prelim,prelim,scoringdance
True,15,0.5,30,6,0.833333,90,75,2024-10-westie-s-angels/novice-jj/final,final,scoringdance
True,120,0.863309,139,7,0.496429,840,417,2024-10-westie-s-angels/novice-jj/prelim,prelim,scoringdance
True,56,0.756757,74,7,0.566327,392,222,2024-10-westie-s-angels/novice-jj/semifinal,semifinal,scoringdance
True,3,0.5,6,6,0.833333,18,15,2024-10-westie-s-angels/pro-am/final,final,scoringdance
True,4,0.5,8,6,0.833333,24,20,2024-10-westie-s-angels/rising-star/final,final,scoringdance
True,10,0.5,20,6,0.833333,60,50,2024-10-westie-s-angels/sophisticated-jj/final,final,scoringdance
True,35,0.945946,37,7,0.453061,245,111,2024-10-westie-s-angels/sophisticated-jj/prelim,prelim,scoringdance
True,9,0.5,18,6,0.833333,54,45,2024-10-westie-s-angels/strictly-mix-adv-als-2-different-categories/final,final,scoringdance
True,18,1.0,18,6,0.833333,108,90,2024-10-westie-s-angels/strictly-mix-adv-als-2-different-categories/prelim,prelim,scoringdance
True,12,0.5,24,6,0.833333,72,60,2024-10-westie-s-angels/strictly-mix-nov-int-2-different-categories/final,final,scoringdance
True,26,1.0,26,6,0.833333,156,130,2024-10-westie-s-angels/strictly-mix-nov-int-2-different-categories/prelim,prelim,scoringdance
False,0,0.0,4,6,,0,10,2024-10-westie-s-angels/young-routine-14/prelim-14,prelim,scoringdance
True,5,0.5,10,6,0.833333,30,25,2024-11-flowstate/advanced-jj-all-stars/final,final,scoringdance
True,5,0.5,10,6,0.833333,30,25,2024-11-flowstate/intermediate-jj/final,final,scoringdance
True,11,0.5,22,6,0.833333,66,55,2024-11-flowstate/newcomer-jj/final,final,scoringdance
True,33,1.0,33,7,0.419913,231,97,2024-11-flowstate/newcomer-jj/prelim,prelim,scoringdance
True,12,0.5,24,6,0.833333,72,60,2024-11-flowstate/novice-jj/final,final,scoringdance
True,33,1.0,33,7,0.428571,231,99,2024-11-flowstate/novice-jj/prelim,prelim,scoringdance
True,6,0.5,12,14,0.928571,84,78,2024-11-pure-bachata-winter-festival/jj/final,final,scoringdance
True,28,1.0,28,13,0.461538,364,168,2024-11-pure-bachata-winter-festival/jj/prelim,prelim,scoringdance
True,20,1.0,20,13,0.461538,260,120,2024-11-pure-bachata-winter-festival/jj/semifinal,semifinal,scoringdance
True,8,0.5,16,8,0.875,64,56,2024-12-copenhagen-bachata-congress/jj/final,final,scoringdance
True,96,1.0,96,11,0.454545,1056,480,2024-12-copenhagen-bachata-congress/jj/prelim,prelim,scoringdance
True,50,0.961538,52,11,0.472727,550,260,2024-12-copenhagen-bachata-congress/jj/semifinal,semifinal,scoringdance
True,10,0.5,20,7,1.0,70,70,2025-01-austin-swing-dance-championships/advanced-jj/final,final,eepro
True,60,1.0,60,7,1.0,420,420,2025-01-austin-swing-dance-championships/advanced-jj/prelim,prelim,eepro
True,10,1.0,10,5,1.0,50,50,2025-01-austin-swing-dance-championships/advanced-strictly-all-star/final,final,eepro
True,28,1.0,28,7,1.0,196,196,2025-01-austin-swing-dance-championships/advanced-strictly-all-star/prelim,prelim,eepro
True,11,0.5,22,7,1.0,77,77,2025-01-austin-swing-dance-championships/allstar-jj/final,final,eepro
True,41,1.0,41,8,0.5,328,164,2025-01-austin-swing-dance-championships/allstar-jj/prelim,prelim,eepro
True,14,0.5,28,7,1.0,98,98,2025-01-austin-swing-dance-championships/intermediate-jj/final,final,eepro
True,81,1.0,81,8,0.5,648,324,2025-01-austin-swing-dance-championships/intermediate-jj/prelim,prelim,eepro
True,54,1.0,54,8,0.5,432,216,2025-01-austin-swing-dance-championships/intermediate-jj/semifinal,semifinal,eepro
True,13,1.0,13,5,1.0,65,65,2025-01-austin-swing-dance-championships/intermediate-strictly-pro-am-am-followers/final,final,eepro
True,12,1.0,12,5,1.0,60,60,2025-01-austin-swing-dance-championships/intermediate-strictly-pro-am-am-leaders/final,final,eepro
True,9,1.0,9,5,1.0,45,45,2025-01-austin-swing-dance-championships/intermediate-strictly/final,final,eepro
True,24,1.0,24,5,1.0,120,120,2025-01-austin-swing-dance-championships/intermediate-strictly/prelim,prelim,eepro
True,6,0.5,12,7,1.0,42,42,2025-01-austin-swing-dance-championships/masters-jj/final,final,eepro
True,22,1.0,22,7,1.0,154,154,2025-01-austin-swing-dance-championships/masters-jj/prelim,prelim,eepro
True,2,1.0,2,5,1.0,10,10,2025-01-austin-swing-dance-championships/masters-strictly-pro-am-am-followers/final,final,eepro
True,2,1.0,2,5,1.0,10,10,2025-01-austin-swing-dance-championships/masters-strictly-pro-am-am-leaders/final,final,eepro
True,4,1.0,4,5,1.0,20,20,2025-01-austin-swing-dance-championships/masters-strictly/final,final,eepro
True,7,0.5,14,7,1.0,49,49,2025-01-austin-swing-dance-championships/newcomer-jj/final,final,eepro
True,29,1.0,29,7,1.0,203,203,2025-01-austin-swing-dance-championships/newcomer-jj/prelim,prelim,eepro
True,13,0.5,26,7,1.0,91,91,2025-01-austin-swing-dance-championships/novice-jj/final,final,eepro
True,135,1.0,135,8,0.5,1080,540,2025-01-austin-swing-dance-championships/novice-jj/prelim,prelim,eepro
True,71,1.0,71,8,0.5,568,284,2025-01-austin-swing-dance-championships/novice-jj/semifinal,semifinal,eepro
True,16,1.0,16,5,1.0,80,80,2025-01-austin-swing-dance-championships/novice-strictly-pro-am-am-followers/final,final,eepro
True,14,1.0,14,5,1.0,70,70,2025-01-austin-swing-dance-championships/novice-strictly-pro-am-am-leaders/final,final,eepro
True,8,1.0,8,5,1.0,40,40,2025-01-austin-swing-dance-championships/novice-strictly/final,final,eepro
True,18,1.0,18,5,1.0,90,90,2025-01-austin-swing-dance-championships/novice-strictly/prelim,prelim,eepro
True,5,0.5,10,5,1.0,25,25,2025-01-derby-city-swing/advanced-jj/final,final,eepro
True,30,1.0,30,8,0.5,240,120,2025-01-derby-city-swing/advanced-jj/prelim,prelim,eepro
True,8,1.0,8,5,1.0,40,40,2025-01-derby-city-swing/advanced-strictly-all-star/final,final,eepro
True,13,1.0,13,5,1.0,65,65,2025-01-derby-city-swing/advanced-strictly-all-star/prelim,prelim,eepro
True,7,0.5,14,5,1.0,35,35,2025-01-derby-city-swing/allstar-jj/final,final,eepro
True,12,0.5,24,5,1.0,60,60,2025-01-derby-city-swing/intermediate-jj/final,final,eepro
True,82,1.0,82,8,0.5,656,328,2025-01-derby-city-swing/intermediate-jj/prelim,prelim,eepro
True,52,1.0,52,8,0.5,416,208,2025-01-derby-city-swing/intermediate-jj/semifinal,semifinal,eepro
True,4,1.0,4,5,1.0,20,20,2025-01-derby-city-swing/intermediate-pro-am-follower-advanced/final,final,eepro
True,1,1.0,1,5,1.0,5,5,2025-01-derby-city-swing/intermediate-pro-am-leader-advanced/final,final,eepro
True,7,1.0,7,5,1.0,35,35,2025-01-derby-city-swing/intermediate-strictly/final,final,eepro
True,14,1.0,14,5,1.0,70,70,2025-01-derby-city-swing/intermediate-strictly/prelim,prelim,eepro
True,5,0.5,10,5,1.0,25,25,2025-01-derby-city-swing/masters-novice-jj/final,final,eepro
True,24,1.0,24,8,0.5,192,96,2025-01-derby-city-swing/masters-novice-jj/prelim,prelim,eepro
True,5,0.5,10,5,1.0,25,25,2025-01-derby-city-swing/masters-open-jj/final,final,eepro
True,32,1.0,32,8,0.5,256,128,2025-01-derby-city-swing/masters-open-jj/prelim,prelim,eepro
True,3,1.0,3,5,1.0,15,15,2025-01-derby-city-swing/masters-strictly-pro-am-am-follower/final,final,eepro
True,3,1.0,3,5,1.0,15,15,2025-01-derby-city-swing/masters-strictly-pro-am-am-leader/final,final,eepro
True,6,1.0,6,5,1.0,30,30,2025-01-derby-city-swing/masters-strictly/final,final,eepro
True,10,0.5,20,5,1.0,50,50,2025-01-derby-city-swing/newcomer-jj/final,final,eepro
True,54,1.0,54,8,0.5,432,216,2025-01-derby-city-swing/newcomer-jj/prelim,prelim,eepro
True,5,1.0,5,5,1.0,25,25,2025-01-derby-city-swing/newcomer-pro-am-follower-novice/final,final,eepro
True,4,1.0,4,5,1.0,20,20,2025-01-derby-city-swing/newcomer-pro-am-leader-novice/final,final,eepro
True,8,1.0,8,5,1.0,40,40,2025-01-derby-city-swing/newcomer-strictly-pro-am-am-follower/final,final,eepro
True,4,1.0,4,5,1.0,20,20,2025-01-derby-city-swing/newcomer-strictly-pro-am-am-leader/final,final,eepro
True,12,0.5,24,5,1.0,60,60,2025-01-derby-city-swing/novice-jj/final,final,eepro
True,133,1.0,133,8,0.5,1064,532,2025-01-derby-city-swing/novice-jj/prelim,prelim,eepro
True,55,1.0,55,8,0.5,440,220,2025-01-derby-city-swing/novice-jj/semifinal,semifinal,eepro
True,17,1.0,17,5,1.0,85,85,2025-01-derby-city-swing/novice-strictly-pro-am-am-follower/final,final,eepro
True,8,1.0,8,5,1.0,40,40,2025-01-derby-city-swing/novice-strictly-pro-am-am-leader/final,final,eepro
True,10,1.0,10,5,1.0,50,50,2025-01-derby-city-swing/novice-strictly/final,final,eepro
True,26,1.0,26,5,1.0,130,130,2025-01-derby-city-swing/novice-strictly/prelim,prelim,eepro
True,2,1.0,2,5,1.0,10,10,2025-01-derby-city-swing/rising-star/final,final,eepro
True,9,0.5,18,5,1.0,45,45,2025-01-derby-city-swing/sophisticated-jj/final,final,eepro
True,37,1.0,37,8,0.5,296,148,2025-01-derby-city-swing/sophisticated-jj/prelim,prelim,eepro
True,14,1.0,14,5,1.0,70,70,2025-01-derby-city-swing/strictly-pro-am-int-adv-am-follower/final,final,eepro
True,5,1.0,5,5,1.0,25,25,2025-01-derby-city-swing/strictly-pro-am-int-adv-am-leader/final,final,eepro
True,10,0.5,20,5,1.0,50,50,2025-01-freedom-swing-dance-challenge/advanced-jj/final,final,eepro
True,51,1.0,51,8,0.5,408,204,2025-01-freedom-swing-dance-challenge/advanced-jj/prelim,prelim,eepro
True,8,0.5,16,5,1.0,40,40,2025-01-freedom-swing-dance-challenge/allstar-jj/final,final,eepro
True,33,1.0,33,5,1.0,165,165,2025-01-freedom-swing-dance-challenge/allstar-jj/prelim,prelim,eepro
True,12,0.5,24,5,1.0,60,60,2025-01-freedom-swing-dance-challenge/intermediate-jj/final,final,eepro
True,68,1.0,68,8,0.5,544,272,2025-01-freedom-swing-dance-challenge/intermediate-jj/prelim,prelim,eepro
True,48,1.0,48,8,0.5,384,192,2025-01-freedom-swing-dance-challenge/intermediate-jj/semifinal,semifinal,eepro
True,8,1.0,8,5,1.0,40,40,2025-01-freedom-swing-dance-challenge/intermediate-strictly/final,final,eepro
True,19,1.0,19,5,1.0,95,95,2025-01-freedom-swing-dance-challenge/intermediate-strictly/prelim,prelim,eepro
True,10,0.526316,19,5,1.0,50,50,2025-01-freedom-swing-dance-challenge/jj-all-american/final,final,eepro
True,31,1.0,31,5,1.0,155,155,2025-01-freedom-swing-dance-challenge/jj-all-american/prelim,prelim,eepro
True,5,0.5,10,5,1.0,25,25,2025-01-freedom-swing-dance-challenge/masters-jj/final,final,eepro
True,25,1.0,25,8,0.5,200,100,2025-01-freedom-swing-dance-challenge/masters-jj/prelim,prelim,eepro
True,10,0.5,20,5,1.0,50,50,2025-01-freedom-swing-dance-challenge/newcomer-jj/final,final,eepro
True,28,1.0,28,8,0.5,224,112,2025-01-freedom-swing-dance-challenge/newcomer-jj/prelim,prelim,eepro
True,12,0.5,24,5,1.0,60,60,2025-01-freedom-swing-dance-challenge/novice-jj/final,final,eepro
True,115,1.0,115,8,0.5,920,460,2025-01-freedom-swing-dance-challenge/novice-jj/prelim,prelim,eepro
True,64,1.0,64,8,0.5,512,256,2025-01-freedom-swing-dance-challenge/novice-jj/semifinal,semifinal,eepro
True,10,1.0,10,5,1.0,50,50,2025-01-freedom-swing-dance-challenge/novice-strictly/final,final,eepro
True,19,1.0,19,5,1.0,95,95,2025-01-freedom-swing-dance-challenge/novice-strictly/prelim,prelim,eepro
True,9,1.0,9,7,1.0,63,63,2025-01-freedom-swing-dance-challenge/open-strictly/final,final,eepro
True,21,1.0,21,7,1.0,147,147,2025-01-freedom-swing-dance-challenge/open-strictly/prelim,prelim,eepro
True,5,1.0,5,7,0.942857,35,33,2025-01-freedom-swing-dance-challenge/rising-star/final,final,eepro
True,5,0.5,10,5,1.0,25,25,2025-01-freedom-swing-dance-challenge/sophisticated-jj/final,final,eepro
True,33,1.0,33,7,1.0,231,231,2025-01-freedom-swing-dance-challenge/sophisticated-jj/prelim,prelim,eepro
True,7,1.0,7,5,1.0,35,35,2025-01-freedom-swing-dance-challenge/sophisticated-strictly/final,final,eepro
True,1,1.0,1,3,1.0,3,3,2025-01-nj-hustle-congress/intermediate-amateur-triple-threat-intermediate-advanced/final,final,eepro
True,1,1.0,1,5,1.0,5,5,2025-01-nj-hustle-congress/intermediate-pro-am-follower-triple-threat-advanced/final,final,eepro
True,1,1.0,1,5,1.0,5,5,2025-01-nj-hustle-congress/intermediate-pro-am-leader-triple-threat-advanced/final,final,eepro
True,7,0.5,14,3,1.0,21,21,2025-01-nj-hustle-congress/jj-professional/final,final,eepro
True,1,1.0,1,3,1.0,3,3,2025-01-nj-hustle-congress/novice-amateur-just-cha-cha-legends-novice-intermediate/final,final,eepro
True,1,1.0,1,3,1.0,3,3,2025-01-nj-hustle-congress/novice-amateur-just-cha-cha-open-novice-intermediate/final,final,eepro
True,1,1.0,1,3,1.0,3,3,2025-01-nj-hustle-congress/novice-amateur-triple-threat-novice-intermediate/final,final,eepro
True,4,1.0,4,5,1.0,20,20,2025-01-nj-hustle-congress/novice-pro-am-follower-triple-threat-intermediate/final,final,eepro
True,2,1.0,2,3,1.0,6,6,2025-01-nj-hustle-congress/other-advanced-amateur-just-hustle-legends-advanced/final,final,eepro
True,3,1.0,3,3,1.0,9,9,2025-01-nj-hustle-congress/other-advanced-amateur-just-hustle-open-advanced/final,final,eepro
True,1,0.5,2,3,1.0,3,3,2025-01-nj-hustle-congress/other-advanced-jj-amateur-hustle-legends/final,final,eepro
True,2,0.5,4,3,1.0,6,6,2025-01-nj-hustle-congress/other-advanced-jj-amateur-hustle-open/final,final,eepro
True,1,1.0,1,3,1.0,3,3,2025-01-nj-hustle-congress/other-advanced-jj-follower-proam-hustle-legends/final,final,eepro
True,4,1.0,4,3,1.0,12,12,2025-01-nj-hustle-congress/other-advanced-jj-follower-proam-hustle-open/final,final,eepro
True,2,1.0,2,3,1.0,6,6,2025-01-nj-hustle-congress/other-advanced-jj-leader-proam-hustle-legends/final,final,eepro
True,2,1.0,2,3,1.0,6,6,2025-01-nj-hustle-congress/other-advanced-jj-leader-proam-hustle-open/final,final,eepro
True,3,1.0,3,4,1.0,12,12,2025-01-nj-hustle-congress/other-advanced-pro-am-follower-hustle-legends/final,final,eepro
True,5,1.0,5,4,1.0,20,20,2025-01-nj-hustle-congress/other-advanced-pro-am-follower-hustle-open/final,final,eepro
True,3,1.0,3,5,1.0,15,15,2025-01-nj-hustle-congress/other-advanced-pro-am-leader-hustle-legends/final,final,eepro
True,3,1.0,3,5,1.0,15,15,2025-01-nj-hustle-congress/other-advanced-pro-am-leader-hustle-open/final,final,eepro
True,2,1.0,2,5,1.0,10,10,2025-01-nj-hustle-congress/other-classic-proam-hustle/final,final,eepro
True,2,1.0,2,3,1.0,6,6,2025-01-nj-hustle-congress/other-intermediate-amateur-just-hustle-legends-intermediate/final,final,eepro
True,4,1.0,4,3,1.0,12,12,2025-01-nj-hustle-congress/other-intermediate-amateur-just-hustle-open-intermediate/final,final,eepro
True,1,0.5,2,3,1.0,3,3,2025-01-nj-hustle-congress/other-intermediate-jj-amateur-hustle-legends/final,final,eepro
True,5,0.5,10,3,1.0,15,15,2025-01-nj-hustle-congress/other-intermediate-jj-amateur-hustle-open/final,final,eepro
True,4,1.0,4,3,1.0,12,12,2025-01-nj-hustle-congress/other-intermediate-jj-follower-proam-hustle-legends/final,final,eepro
True,7,1.0,7,3,1.0,21,21,2025-01-nj-hustle-congress/other-intermediate-jj-follower-proam-hustle-open/final,final,eepro
True,1,1.0,1,3,1.0,3,3,2025-01-nj-hustle-congress/other-intermediate-jj-leader-proam-hustle-legends/final,final,eepro
True,3,1.0,3,3,1.0,9,9,2025-01-nj-hustle-congress/other-intermediate-jj-leader-proam-hustle-open/final,final,eepro
True,5,1.0,5,4,1.0,20,20,2025-01-nj-hustle-congress/other-intermediate-pro-am-follower-hustle-legends/final,final,eepro
True,16,1.0,16,4,1.0,64,64,2025-01-nj-hustle-congress/other-intermediate-pro-am-follower-hustle-open/final,final,eepro
True,4,1.0,4,5,1.0,20,20,2025-01-nj-hustle-congress/other-intermediate-pro-am-leader-hustle-legends/final,final,eepro
True,2,1.0,2,5,1.0,10,10,2025-01-nj-hustle-congress/other-intermediate-pro-am-leader-hustle-open/final,final,eepro
True,3,0.5,6,3,1.0,9,9,2025-01-nj-hustle-congress/other-jj-surprise-hustle/final,final,eepro
True,2,0.5,4,3,1.0,6,6,2025-01-nj-hustle-congress/other-jj-switch-it-up-hustle/final,final,eepro
True,3,0.5,6,3,1.0,9,9,2025-01-nj-hustle-congress/other-jj-turn-the-beat-around-hustle/final,final,eepro
True,1,0.5,2,3,1.0,3,3,2025-01-nj-hustle-congress/other-novice-jj-amateur-hustle-legends/final,final,eepro
True,1,0.5,2,3,1.0,3,3,2025-01-nj-hustle-congress/other-novice-jj-amateur-hustle-open/final,final,eepro
True,1,1.0,1,3,1.0,3,3,2025-01-nj-hustle-congress/other-novice-jj-follower-proam-hustle-legends/final,final,eepro
True,3,1.0,3,3,1.0,9,9,2025-01-nj-hustle-congress/other-novice-jj-follower-proam-hustle-open/final,final,eepro
True,5,1.0,5,4,1.0,20,20,2025-01-nj-hustle-congress/other-novice-pro-am-follower-hustle-legends/final,final,eepro
True,11,1.0,11,4,1.0,44,44,2025-01-nj-hustle-congress/other-novice-pro-am-follower-hustle-open/final,final,eepro
True,2,1.0,2,5,1.0,10,10,2025-01-nj-hustle-congress/other-pro-am-hustle-for-the-hounds/final,final,eepro
True,4,1.0,4,5,1.0,20,20,2025-01-nj-hustle-congress/other-professional-just-hustle/final,final,eepro
True,7,1.0,7,5,1.0,35,35,2025-01-nj-hustle-congress/showcase-proam/final,final,eepro
True,4,1.0,4,5,1.0,20,20,2025-01-terra-livre-dance-festival-winter-edition/jj-amateur/final,final,scoringdance
True,21,1.0,21,5,0.771429,105,81,2025-01-terra-livre-dance-festival-winter-edition/jj-amateur/prelim,prelim,scoringdance
True,10,1.0,10,5,0.8,50,40,2025-01-terra-livre-dance-festival-winter-edition/jj-amateur/semifinal,semifinal,scoringdance
True,4,1.0,4,5,1.0,20,20,2025-01-terra-livre-dance-festival-winter-edition/jj-professional/final,final,scoringdance
True,18,1.0,18,5,0.8,90,72,2025-01-terra-livre-dance-festival-winter-edition/jj-professional/prelim,prelim,scoringdance
True,12,1.0,12,5,0.8,60,48,2025-01-terra-livre-dance-festival-winter-edition/jj-professional/semifinal,semifinal,scoringdance
True,5,0.5,10,11,1.0,55,55,2025-02-bachatation-festival/jj-bachata/final,final,scoringdance
True,29,1.0,29,12,0.5,348,174,2025-02-bachatation-festival/jj-bachata/prelim,prelim,scoringdance
True,20,1.0,20,12,0.5,240,120,2025-02-bachatation-festival/jj-bachata/semifinal,semifinal,scoringdance
True,12,0.5,24,9,1.0,108,108,2025-02-capital-swing/advanced-jj/final,final,eepro
True,78,1.0,78,14,0.5,1092,546,2025-02-capital-swing/advanced-jj/prelim,prelim,eepro
True,44,1.0,44,14,0.5,616,308,2025-02-capital-swing/advanced-jj/semifinal,semifinal,eepro
True,15,1.153846,13,7,1.0,105,105,2025-02-capital-swing/all-american-j-j/final,final,eepro
True,65,1.0,65,8,1.0,520,520,2025-02-capital-swing/all-american-j-j/prelim,prelim,eepro
True,12,0.5,24,9,1.0,108,108,2025-02-capital-swing/allstar-jj/final,final,eepro
True,83,1.0,83,14,0.5,1162,581,2025-02-capital-swing/allstar-jj/prelim,prelim,eepro
True,40,1.0,40,14,0.5,560,280,2025-02-capital-swing/allstar-jj/semifinal,semifinal,eepro
True,12,1.0,12,9,1.0,108,108,2025-02-capital-swing/allstar-strictly-a-adv/final,final,eepro
True,39,1.0,39,9,1.0,351,351,2025-02-capital-swing/allstar-strictly-a-adv/prelim,prelim,eepro
True,10,0.5,20,13,1.0,130,130,2025-02-capital-swing/champion-jj-non-stage-one-vintage/final,final,eepro
True,10,0.5,20,9,1.0,90,90,2025-02-capital-swing/champion-jj-stage-two-contemporary/final,final,eepro
True,35,1.0,35,10,0.5,350,175,2025-02-capital-swing/champion-jj/prelim,prelim,eepro
True,14,1.0,14,9,1.0,126,126,2025-02-capital-swing/champion-strictly-choice/final,final,eepro
True,32,1.0,32,9,1.0,288,288,2025-02-capital-swing/champion-strictly-choice/prelim,prelim,eepro
True,6,1.0,6,11,0.712121,66,47,2025-02-capital-swing/classic/final,final,eepro
True,11,0.5,22,9,1.0,99,99,2025-02-capital-swing/intermediate-jj/final,final,eepro
True,108,1.0,108,14,0.5,1512,756,2025-02-capital-swing/intermediate-jj/prelim,prelim,eepro
True,47,1.0,47,14,0.5,658,329,2025-02-capital-swing/intermediate-jj/semifinal,semifinal,eepro
True,9,0.5,18,9,1.0,81,81,2025-02-capital-swing/masters-jj/final,final,eepro
True,40,1.0,40,14,0.5,560,280,2025-02-capital-swing/masters-jj/prelim,prelim,eepro
True,9,1.0,9,9,1.0,81,81,2025-02-capital-swing/masters-strictly/final,final,eepro
True,15,0.5,30,9,1.0,135,135,2025-02-capital-swing/novice-jj/final,final,eepro
True,157,1.0,157,14,0.5,2198,1099,2025-02-capital-swing/novice-jj/prelim,prelim,eepro
True,76,1.0,76,14,0.5,1064,532,2025-02-capital-swing/novice-jj/semifinal,semifinal,eepro
True,6,1.0,6,11,0.848485,66,56,2025-02-capital-swing/showcase/final,final,eepro
True,14,1.0,14,9,1.0,126,126,2025-02-capital-swing/strictly-b-nov-int/final,final,eepro
True,37,1.0,37,9,1.0,333,333,2025-02-capital-swing/strictly-b-nov-int/prelim,prelim,eepro
True,10,0.5,20,6,0.833333,60,50,2025-02-rose-city-swing/advanced-jj/final,final,scoringdance
True,73,1.0,73,10,0.4,730,292,2025-02-rose-city-swing/advanced-jj/prelim,prelim,scoringdance
True,10,0.5,20,6,0.833333,60,50,2025-02-rose-city-swing/allstar-jj/final,final,scoringdance
True,45,1.0,45,10,0.4,450,180,2025-02-rose-city-swing/allstar-jj/prelim,prelim,scoringdance
True,10,0.5,20,6,0.833333,60,50,2025-02-rose-city-swing/allstar-strictly-champions/final,final,scoringdance
True,20,1.0,20,6,0.833333,120,100,2025-02-rose-city-swing/allstar-strictly-champions/prelim,prelim,scoringdance
True,15,0.5,30,6,0.833333,90,75,2025-02-rose-city-swing/intermediate-jj/final,final,scoringdance
True,124,1.0,124,9,0.444444,1116,496,2025-02-rose-city-swing/intermediate-jj/prelim,prelim,scoringdance
True,76,1.0,76,10,0.4,760,304,2025-02-rose-city-swing/intermediate-jj/semifinal,semifinal,scoringdance
True,5,0.555556,9,10,0.8,50,40,2025-02-rose-city-swing/invitational-invitaional/final,final,scoringdance
True,15,0.5,30,6,0.833333,90,75,2025-02-rose-city-swing/jj-all-american/final,final,scoringdance
True,155,0.895954,173,8,0.931452,1240,1155,2025-02-rose-city-swing/jj-all-american/prelim,prelim,scoringdance
True,59,0.907692,65,8,0.908898,472,429,2025-02-rose-city-swing/jj-all-american/semifinal,semifinal,scoringdance
True,10,0.5,20,6,0.833333,60,50,2025-02-rose-city-swing/masters-jj/final,final,scoringdance
True,39,1.0,39,10,0.4,390,156,2025-02-rose-city-swing/masters-jj/prelim,prelim,scoringdance
True,10,0.5,20,6,0.833333,60,50,2025-02-rose-city-swing/newcomer-jj/final,final,scoringdance
True,57,1.0,57,10,0.4,570,228,2025-02-rose-city-swing/newcomer-jj/prelim,prelim,scoringdance
True,15,0.5,30,8,0.875,120,105,2025-02-rose-city-swing/novice-jj/final,final,scoringdance
True,171,0.994186,172,12,0.419103,2052,860,2025-02-rose-city-swing/novice-jj/prelim,prelim,scoringdance
True,112,1.0,112,10,0.4,1120,448,2025-02-rose-city-swing/novice-jj/semifinal,semifinal,scoringdance
True,15,0.5,30,6,0.833333,90,75,2025-02-rose-city-swing/novice-strictly-open/final,final,scoringdance
True,44,1.0,44,6,0.833333,264,220,2025-02-rose-city-swing/novice-strictly-open/prelim,prelim,scoringdance
True,10,0.5,20,6,0.833333,60,50,2025-02-rose-city-swing/sophisticated-jj/final,final,scoringdance
True,52,1.0,52,10,0.4,520,208,2025-02-rose-city-swing/sophisticated-jj/prelim,prelim,scoringdance
True,9,0.5,18,6,0.833333,54,45,2025-02-rose-city-swing/strictly-doppelganger/final,final,scoringdance
True,26,1.0,26,6,0.833333,156,130,2025-02-rose-city-swing/strictly-doppelganger/prelim,prelim,scoringdance
True,10,0.5,20,6,0.833333,60,50,2025-02-rose-city-swing/strictly-inter-generational/final,final,scoringdance
True,19,1.0,19,6,0.833333,114,95,2025-02-rose-city-swing/strictly-inter-generational/prelim,prelim,scoringdance
True,10,0.5,20,6,0.833333,60,50,2025-02-rose-city-swing/strictly-switch-it-up/final,final,scoringdance
True,12,0.5,24,5,1.0,60,60,2025-02-swing-crush/advanced-jj/final,final,eepro
True,56,1.0,56,8,0.5,448,224,2025-02-swing-crush/advanced-jj/prelim,prelim,eepro
True,6,1.0,6,5,1.0,30,30,2025-02-swing-crush/advanced-strictly/final,final,eepro
True,12,1.0,12,5,1.0,60,60,2025-02-swing-crush/advanced-strictly/prelim,prelim,eepro
True,7,0.5,14,5,1.0,35,35,2025-02-swing-crush/allstar-jj/final,final,eepro
True,29,1.0,29,8,0.5,232,116,2025-02-swing-crush/allstar-jj/prelim,prelim,eepro
True,7,1.0,7,5,1.0,35,35,2025-02-swing-crush/allstar-strictly/final,final,eepro
True,13,1.0,13,5,1.0,65,65,2025-02-swing-crush/allstar-strictly/prelim,prelim,eepro
True,11,0.5,22,5,1.0,55,55,2025-02-swing-crush/intermediate-jj/final,final,eepro
True,66,1.0,66,10,0.5,660,330,2025-02-swing-crush/intermediate-jj/prelim,prelim,eepro
True,10,1.0,10,5,1.0,50,50,2025-02-swing-crush/intermediate-strictly/final,final,eepro
True,21,1.0,21,5,1.0,105,105,2025-02-swing-crush/intermediate-strictly/prelim,prelim,eepro
True,8,0.5,16,7,1.0,56,56,2025-02-swing-crush/masters-jj/final,final,eepro
True,29,1.0,29,10,0.5,290,145,2025-02-swing-crush/masters-jj/prelim,prelim,eepro
True,7,1.0,7,5,1.0,35,35,2025-02-swing-crush/masters-strictly/final,final,eepro
True,5,0.5,10,7,1.0,35,35,2025-02-swing-crush/newcomer-jj/final,final,eepro
True,22,1.0,22,10,0.5,220,110,2025-02-swing-crush/newcomer-jj/prelim,prelim,eepro
True,15,0.5,30,7,1.0,105,105,2025-02-swing-crush/novice-jj/final,final,eepro
True,132,1.0,132,10,0.5,1320,660,2025-02-swing-crush/novice-jj/prelim,prelim,eepro
True,61,1.0,61,10,0.5,610,305,2025-02-swing-crush/novice-jj/semifinal,semifinal,eepro
True,12,1.0,12,5,1.0,60,60,2025-02-swing-crush/novice-strictly/final,final,eepro
True,24,1.0,24,5,1.0,120,120,2025-02-swing-crush/novice-strictly/prelim,prelim,eepro
True,10,1.111111,9,5,1.0,50,50,2025-02-swing-crush/swing-crush-hi-lo-hi-follower-lo-leader/final,final,eepro
True,37,1.0,37,5,1.0,185,185,2025-02-swing-crush/swing-crush-hi-lo-hi-follower-lo-leader/prelim,prelim,eepro
True,10,1.0,10,5,1.0,50,50,2025-02-swing-crush/swing-crush-hi-lo-hi-leader-lo-follower/final,final,eepro
True,23,1.0,23,5,1.0,115,115,2025-02-swing-crush/swing-crush-hi-lo-hi-leader-lo-follower/prelim,prelim,eepro
True,8,0.5,16,10,0.9,80,72,2025-02-swingtzerland/advanced-jj/final,final,scoringdance
True,34,0.944444,36,11,0.481283,374,180,2025-02-swingtzerland/advanced-jj/prelim,prelim,scoringdance
True,10,0.5,20,10,0.9,100,90,2025-02-swingtzerland/allstar-jj-champions/final,final,scoringdance
True,35,0.921053,38,11,0.493506,385,190,2025-02-swingtzerland/allstar-jj-champions/prelim,prelim,scoringdance
True,10,0.5,20,10,0.9,100,90,2025-02-swingtzerland/intermediate-jj/final,final,scoringdance
True,53,0.929825,57,11,0.488851,583,285,2025-02-swingtzerland/intermediate-jj/prelim,prelim,scoringdance
True,12,0.5,24,10,0.9,120,108,2025-02-swingtzerland/novice-jj/final,final,scoringdance
True,100,0.961538,104,11,0.472727,1100,520,2025-02-swingtzerland/novice-jj/prelim,prelim,scoringdance
True,58,0.966667,60,11,0.470219,638,300,2025-02-swingtzerland/novice-jj/semifinal,semifinal,scoringdance
True,5,0.5,10,10,0.9,50,45,2025-02-valentine-swing/advanced-jj/final,final,scoringdance
True,27,0.870968,31,9,0.510288,243,124,2025-02-valentine-swing/advanced-jj/prelim,prelim,scoringdance
True,7,0.5,14,8,0.875,56,49,2025-02-valentine-swing/allstar-jj/final,final,scoringdance
True,10,0.5,20,10,0.9,100,90,2025-02-valentine-swing/intermediate-jj/final,final,scoringdance
True,55,0.901639,61,11,0.504132,605,305,2025-02-valentine-swing/intermediate-jj/prelim,prelim,scoringdance
True,5,0.5,10,10,0.9,50,45,2025-02-valentine-swing/newcomer-jj/final,final,scoringdance
True,22,0.846154,26,9,0.525253,198,104,2025-02-valentine-swing/newcomer-jj/prelim,prelim,scoringdance
True,12,0.5,24,10,0.9,120,108,2025-02-valentine-swing/novice-jj/final,final,scoringdance
True,109,0.900826,121,11,0.504587,1199,605,2025-02-valentine-swing/novice-jj/prelim,prelim,scoringdance
True,40,0.8,50,11,0.568182,440,250,2025-02-valentine-swing/novice-jj/semifinal,semifinal,scoringdance
True,12,0.5,24,8,0.875,96,84,2025-02-valentine-swing/novice-strictly-intermediate/final,final,scoringdance
True,34,0.944444,36,8,0.926471,272,252,2025-02-valentine-swing/novice-strictly-intermediate/prelim,prelim,scoringdance
True,8,0.5,16,8,0.875,64,56,2025-02-valentine-swing/open-strictly/final,final,scoringdance
True,17,1.0,17,8,0.875,136,119,2025-02-valentine-swing/open-strictly/prelim,prelim,scoringdance
True,5,0.5,10,8,0.875,40,35,2025-02-winter-coast-swing/advanced-jj/final,final,scoringdance
True,19,1.0,19,9,0.444444,171,76,2025-02-winter-coast-swing/advanced-jj/prelim,prelim,scoringdance
True,6,0.5,12,6,0.833333,36,30,2025-02-winter-coast-swing/allstar-jj/final,final,scoringdance
True,10,0.5,20,8,0.875,80,70,2025-02-winter-coast-swing/intermediate-jj/final,final,scoringdance
True,29,0.878788,33,9,0.505747,261,132,2025-02-winter-coast-swing/intermediate-jj/prelim,prelim,scoringdance
True,10,0.5,20,8,0.875,80,70,2025-02-winter-coast-swing/newcomer-jj/final,final,scoringdance
True,47,0.921569,51,9,0.48227,423,204,2025-02-winter-coast-swing/newcomer-jj/prelim,prelim,scoringdance
True,12,0.5,24,8,0.875,96,84,2025-02-winter-coast-swing/novice-jj/final,final,scoringdance
True,97,0.915094,106,11,0.49672,1067,530,2025-02-winter-coast-swing/novice-jj/prelim,prelim,scoringdance
True,46,0.821429,56,11,0.55336,506,280,2025-02-winter-coast-swing/novice-jj/semifinal,semifinal,scoringdance
True,16,0.5,32,8,0.875,128,112,2025-02-winter-coast-swing/novice-strictly-intermediate/final,final,scoringdance
True,34,1.0,34,8,0.875,272,238,2025-02-winter-coast-swing/novice-strictly-intermediate/prelim,prelim,scoringdance
True,5,0.5,10,6,0.833333,30,25,2025-02-winter-coast-swing/open-strictly/final,final,scoringdance
True,11,1.0,11,6,0.833333,66,55,2025-02-winter-coast-swing/open-strictly/prelim,prelim,scoringdance
True,10,0.5,20,8,0.875,80,70,2025-02-winter-coast-swing/sophisticated-jj/final,final,scoringdance
True,49,0.960784,51,9,0.462585,441,204,2025-02-winter-coast-swing/sophisticated-jj/prelim,prelim,scoringdance
True,60,1.0,60,18,0.5,1080,540,2025-03-bachata-geneva-festival-bachata-social-world-cup/jj-quarter/quarterfinal,quarterfinal,scoringdance
True,6,0.5,12,24,1.0,144,144,2025-03-bachata-geneva-festival-bachata-social-world-cup/jj/final,final,scoringdance
True,180,1.0,180,18,0.5,3240,1620,2025-03-bachata-geneva-festival-bachata-social-world-cup/jj/prelim,prelim,scoringdance
True,30,1.0,30,18,1.0,540,540,2025-03-bachata-geneva-festival-bachata-social-world-cup/jj/semifinal,semifinal,scoringdance
True,5,0.5,10,35,1.0,175,175,2025-03-bindaas-bachata-festival/jj-non-professional/final,final,scoringdance
True,40,1.0,40,35,0.502857,1400,704,2025-03-bindaas-bachata-festival/jj-non-professional/prelim,prelim,scoringdance
True,20,1.0,20,35,0.5,700,350,2025-03-bindaas-bachata-festival/jj-non-professional/semifinal,semifinal,scoringdance
True,10,0.5,20,7,1.0,70,70,2025-03-boston-tea-party/advanced-jj/final,final,eepro
True,65,1.0,65,8,0.5,520,260,2025-03-boston-tea-party/advanced-jj/prelim,prelim,eepro
True,9,1.0,9,5,1.0,45,45,2025-03-boston-tea-party/advanced-strictly/final,final,eepro
True,15,1.0,15,5,1.0,75,75,2025-03-boston-tea-party/advanced-strictly/prelim,prelim,eepro
True,5,0.5,10,7,1.0,35,35,2025-03-boston-tea-party/allstar-jj/final,final,eepro
True,24,1.0,24,8,0.5,192,96,2025-03-boston-tea-party/allstar-jj/prelim,prelim,eepro
True,5,1.0,5,5,1.0,25,25,2025-03-boston-tea-party/allstar-strictly/final,final,eepro
True,12,0.5,24,7,1.0,84,84,2025-03-boston-tea-party/intermediate-jj/final,final,eepro
True,95,1.0,95,8,0.5,760,380,2025-03-boston-tea-party/intermediate-jj/prelim,prelim,eepro
True,50,1.0,50,8,0.5,400,200,2025-03-boston-tea-party/intermediate-jj/semifinal,semifinal,eepro
True,8,1.0,8,5,1.0,40,40,2025-03-boston-tea-party/intermediate-strictly/final,final,eepro
True,20,1.0,20,5,1.0,100,100,2025-03-boston-tea-party/intermediate-strictly/prelim,prelim,eepro
True,14,0.5,28,14,1.0,196,196,2025-03-boston-tea-party/invitational-jj-crossover/final,final,eepro
True,7,1.0,7,7,1.0,49,49,2025-03-boston-tea-party/invitational-strictly/final,final,eepro
True,16,1.0,16,3,1.0,48,48,2025-03-boston-tea-party/jj-take-the-lead-high-bib/prelim,prelim,eepro
True,16,1.0,16,3,1.0,48,48,2025-03-boston-tea-party/jj-take-the-lead-low-bib/prelim,prelim,eepro
True,6,0.5,12,5,1.0,30,30,2025-03-boston-tea-party/jj-take-the-lead/final,final,eepro
True,6,0.5,12,5,1.0,30,30,2025-03-boston-tea-party/lindy-advanced-jj-hop/final,final,eepro
True,19,1.0,19,6,0.5,114,57,2025-03-boston-tea-party/lindy-advanced-jj-hop/prelim,prelim,eepro
True,8,1.0,8,5,1.0,40,40,2025-03-boston-tea-party/lindy-advanced-strictly-hop/final,final,eepro
True,8,0.5,16,5,1.0,40,40,2025-03-boston-tea-party/lindy-intermediate-jj-hop/final,final,eepro
True,32,1.0,32,6,0.5,192,96,2025-03-boston-tea-party/lindy-intermediate-jj-hop/prelim,prelim,eepro
True,7,1.0,7,7,1.0,49,49,2025-03-boston-tea-party/lindy-invitational-strictly-hop/final,final,eepro
True,8,0.5,16,5,1.0,40,40,2025-03-boston-tea-party/lindy-jj-hop-new-nov/final,final,eepro
True,35,1.0,35,6,0.5,210,105,2025-03-boston-tea-party/lindy-jj-hop-new-nov/prelim,prelim,eepro
True,8,1.0,8,3,1.0,24,24,2025-03-boston-tea-party/lindy-jj-hop-take-the-lead-high-bib/prelim,prelim,eepro
True,7,1.0,7,3,1.0,21,21,2025-03-boston-tea-party/lindy-jj-hop-take-the-lead-low-bib/prelim,prelim,eepro
True,4,0.5,8,5,1.0,20,20,2025-03-boston-tea-party/lindy-jj-hop-take-the-lead/final,final,eepro
True,10,1.0,10,5,1.0,50,50,2025-03-boston-tea-party/lindy-strictly-hop-nov-int/final,final,eepro
True,8,0.5,16,7,1.0,56,56,2025-03-boston-tea-party/masters-jj/final,final,eepro
True,36,1.0,36,8,0.5,288,144,2025-03-boston-tea-party/masters-jj/prelim,prelim,eepro
True,4,1.0,4,5,1.0,20,20,2025-03-boston-tea-party/masters-strictly/final,final,eepro
True,13,0.5,26,7,1.0,91,91,2025-03-boston-tea-party/newcomer-jj/final,final,eepro
True,87,1.0,87,8,0.5,696,348,2025-03-boston-tea-party/newcomer-jj/prelim,prelim,eepro
True,50,1.0,50,8,0.5,400,200,2025-03-boston-tea-party/newcomer-jj/semifinal,semifinal,eepro
True,15,0.5,30,7,1.0,105,105,2025-03-boston-tea-party/novice-jj/final,final,eepro
True,162,1.0,162,8,0.5,1296,648,2025-03-boston-tea-party/novice-jj/prelim,prelim,eepro
True,96,1.0,96,8,0.5,768,384,2025-03-boston-tea-party/novice-jj/quarterfinal,quarterfinal,eepro
True,50,1.0,50,8,0.5,400,200,2025-03-boston-tea-party/novice-jj/semifinal,semifinal,eepro
True,11,1.0,11,5,1.0,55,55,2025-03-boston-tea-party/novice-strictly/final,final,eepro
True,25,1.0,25,5,1.0,125,125,2025-03-boston-tea-party/novice-strictly/prelim,prelim,eepro
True,9,0.5,18,5,1.0,45,45,2025-03-boston-tea-party/open-jj-crossover/final,final,eepro
True,58,1.0,58,6,0.5,348,174,2025-03-boston-tea-party/open-jj-crossover/prelim,prelim,eepro
True,11,0.5,22,5,1.0,55,55,2025-03-novice-invitational/advanced-jj/final,final,eepro
True,67,1.0,67,8,0.5,536,268,2025-03-novice-invitational/advanced-jj/prelim,prelim,eepro
True,10,1.0,10,5,1.0,50,50,2025-03-novice-invitational/advanced-strictly/final,final,eepro
True,20,1.0,20,5,1.0,100,100,2025-03-novice-invitational/advanced-strictly/prelim,prelim,eepro
True,9,0.5,18,5,1.0,45,45,2025-03-novice-invitational/allstar-jj/final,final,eepro
True,41,1.0,41,8,0.5,328,164,2025-03-novice-invitational/allstar-jj/prelim,prelim,eepro
True,11,1.0,11,5,0.963636,55,53,2025-03-novice-invitational/allstar-strictly-champions/final,final,eepro
True,23,1.0,23,5,1.0,115,115,2025-03-novice-invitational/allstar-strictly-champions/prelim,prelim,eepro
True,12,0.5,24,5,1.0,60,60,2025-03-novice-invitational/intermediate-jj/final,final,eepro
True,86,1.0,86,8,0.5,688,344,2025-03-novice-invitational/intermediate-jj/prelim,prelim,eepro
True,45,1.0,45,8,0.5,360,180,2025-03-novice-invitational/intermediate-jj/semifinal,semifinal,eepro
True,12,1.0,12,5,1.0,60,60,2025-03-novice-invitational/intermediate-strictly/final,final,eepro
True,22,1.0,22,5,1.0,110,110,2025-03-novice-invitational/intermediate-strictly/prelim,prelim,eepro
True,7,0.5,14,5,1.0,35,35,2025-03-novice-invitational/invitational-jj/final,final,eepro
True,7,0.5,14,5,1.0,35,35,2025-03-novice-invitational/masters-jj/final,final,eepro
True,33,1.0,33,8,0.5,264,132,2025-03-novice-invitational/masters-jj/prelim,prelim,eepro
True,7,1.0,7,5,1.0,35,35,2025-03-novice-invitational/masters-strictly/final,final,eepro
True,8,0.5,16,5,1.0,40,40,2025-03-novice-invitational/newcomer-jj/final,final,eepro
True,44,1.0,44,8,0.5,352,176,2025-03-novice-invitational/newcomer-jj/prelim,prelim,eepro
True,4,1.0,4,5,1.0,20,20,2025-03-novice-invitational/newcomer-strictly/final,final,eepro
True,16,0.5,32,5,1.0,80,80,2025-03-novice-invitational/novice-jj/final,final,eepro
True,168,1.0,168,8,0.5,1344,672,2025-03-novice-invitational/novice-jj/prelim,prelim,eepro
True,82,1.0,82,8,0.5,656,328,2025-03-novice-invitational/novice-jj/semifinal,semifinal,eepro
True,15,1.0,15,5,1.0,75,75,2025-03-novice-invitational/novice-strictly/final,final,eepro
True,33,1.0,33,5,1.0,165,165,2025-03-novice-invitational/novice-strictly/prelim,prelim,eepro
True,4,1.0,4,5,1.0,20,20,2025-03-novice-invitational/pro-am/final,final,eepro
True,5,0.5,10,6,0.833333,30,25,2025-04-detonation-dance/advanced-jj/final,final,scoringdance
True,26,1.0,26,9,0.444444,234,104,2025-04-detonation-dance/advanced-jj/prelim,prelim,scoringdance
True,10,0.5,20,6,0.833333,60,50,2025-04-detonation-dance/intermediate-jj/final,final,scoringdance
True,48,1.0,48,9,0.444444,432,192,2025-04-detonation-dance/intermediate-jj/prelim,prelim,scoringdance
True,10,0.5,20,6,0.833333,60,50,2025-04-detonation-dance/intermediate-strictly/final,final,scoringdance
True,14,0.538462,26,6,0.833333,84,70,2025-04-detonation-dance/jj-jackpot/final,final,scoringdance
True,98,1.0,98,6,0.833333,588,490,2025-04-detonation-dance/jj-jackpot/prelim,prelim,scoringdance
True,11,0.5,22,6,0.833333,66,55,2025-04-detonation-dance/jj-switch/final,final,scoringdance
True,6,0.5,12,6,0.833333,36,30,2025-04-detonation-dance/masters-jj/final,final,scoringdance
True,27,1.0,27,9,0.444444,243,108,2025-04-detonation-dance/masters-jj/prelim,prelim,scoringdance
True,11,0.5,22,6,0.833333,66,55,2025-04-detonation-dance/newcomer-jj/final,final,scoringdance
True,32,1.0,32,9,0.444444,288,128,2025-04-detonation-dance/newcomer-jj/prelim,prelim,scoringdance
True,12,0.5,24,6,0.833333,72,60,2025-04-detonation-dance/novice-jj/final,final,scoringdance
True,104,1.0,104,11,0.454545,1144,520,2025-04-detonation-dance/novice-jj/prelim,prelim,scoringdance
True,69,0.958333,72,11,0.474308,759,360,2025-04-detonation-dance/novice-jj/semifinal,semifinal,scoringdance
True,10,0.5,20,6,0.833333,60,50,2025-04-detonation-dance/novice-strictly/final,final,scoringdance
True,19,1.0,19,6,0.833333,114,95,2025-04-detonation-dance/novice-strictly/prelim,prelim,scoringdance
True,7,0.5,14,6,0.833333,42,35,2025-04-detonation-dance/open-strictly/final,final,scoringdance
True,11,0.5,22,6,0.833333,66,55,2025-04-detonation-dance/sophisticated-jj/final,final,scoringdance
True,55,1.0,55,9,0.444444,495,220,2025-04-detonation-dance/sophisticated-jj/prelim,prelim,scoringdance
True,11,0.5,22,7,1.0,77,77,2025-04-swingover/advanced-jj/final,final,eepro
True,73,1.0,73,8,0.5,584,292,2025-04-swingover/advanced-jj/prelim,prelim,eepro
True,46,1.0,46,8,0.5,368,184,2025-04-swingover/advanced-jj/semifinal,semifinal,eepro
True,10,1.0,10,5,1.0,50,50,2025-04-swingover/advanced-strictly/final,final,eepro
True,22,1.0,22,5,1.0,110,110,2025-04-swingover/advanced-strictly/prelim,prelim,eepro
True,10,0.5,20,5,1.0,50,50,2025-04-swingover/allstar-jj/final,final,eepro
True,41,1.0,41,8,0.5,328,164,2025-04-swingover/allstar-jj/prelim,prelim,eepro
True,9,1.0,9,9,1.0,81,81,2025-04-swingover/allstar-strictly-champion/final,final,eepro
True,17,1.0,17,9,1.0,153,153,2025-04-swingover/allstar-strictly-champion/prelim,prelim,eepro
True,10,0.588235,17,11,1.0,110,110,2025-04-swingover/champion-jj/final,final,eepro
True,13,0.5,26,7,1.0,91,91,2025-04-swingover/intermediate-jj/final,final,eepro
True,107,1.0,107,8,0.5,856,428,2025-04-swingover/intermediate-jj/prelim,prelim,eepro
True,45,1.0,45,8,0.5,360,180,2025-04-swingover/intermediate-jj/semifinal,semifinal,eepro
True,10,1.0,10,5,1.0,50,50,2025-04-swingover/intermediate-strictly/final,final,eepro
True,25,1.0,25,5,1.0,125,125,2025-04-swingover/intermediate-strictly/prelim,prelim,eepro
True,8,0.5,16,5,1.0,40,40,2025-04-swingover/jj-switch/final,final,eepro
True,32,1.0,32,5,1.0,160,160,2025-04-swingover/jj-switch/prelim,prelim,eepro
True,10,0.5,20,7,1.0,70,70,2025-04-swingover/masters-open-jj/final,final,eepro
True,42,1.0,42,8,0.5,336,168,2025-04-swingover/masters-open-jj/prelim,prelim,eepro
True,6,1.0,6,5,1.0,30,30,2025-04-swingover/masters-strictly/final,final,eepro
True,10,0.5,20,7,1.0,70,70,2025-04-swingover/newcomer-jj/final,final,eepro
True,56,1.0,56,8,0.5,448,224,2025-04-swingover/newcomer-jj/prelim,prelim,eepro
True,7,1.0,7,5,1.0,35,35,2025-04-swingover/newcomer-strictly/final,final,eepro
True,12,1.0,12,5,1.0,60,60,2025-04-swingover/newcomer-strictly/prelim,prelim,eepro
True,12,0.5,24,7,1.0,84,84,2025-04-swingover/novice-jj/final,final,eepro
True,137,1.0,137,8,0.5,1096,548,2025-04-swingover/novice-jj/prelim,prelim,eepro
True,66,1.0,66,8,0.5,528,264,2025-04-swingover/novice-jj/semifinal,semifinal,eepro
True,10,1.0,10,5,1.0,50,50,2025-04-swingover/novice-strictly/final,final,eepro
True,20,1.0,20,5,1.0,100,100,2025-04-swingover/novice-strictly/prelim,prelim,eepro
True,12,1.0,12,5,1.0,60,60,2025-04-swingover/pro-am/final,final,eepro
True,2,1.0,2,5,1.0,10,10,2025-04-swingover/rising-star/final,final,eepro
True,11,0.5,22,7,1.0,77,77,2025-04-swingover/sophisticated-jj/final,final,eepro
True,45,1.0,45,8,0.5,360,180,2025-04-swingover/sophisticated-jj/prelim,prelim,eepro
True,7,0.583333,12,5,1.0,35,35,2025-04-tulsa-spring-swing/advanced-jj/final,final,eepro
True,9,0.6,15,5,1.0,45,45,2025-04-tulsa-spring-swing/allstar-jj/final,final,eepro
True,6,0.5,12,5,1.0,30,30,2025-04-tulsa-spring-swing/intermediate-jj/final,final,eepro
True,36,1.0,36,8,0.5,288,144,2025-04-tulsa-spring-swing/intermediate-jj/prelim,prelim,eepro
True,2,1.0,2,5,1.0,10,10,2025-04-tulsa-spring-swing/intermediate-pro-am-advanced/final,final,eepro
True,11,1.0,11,5,1.0,55,55,2025-04-tulsa-spring-swing/intermediate-strictly-pro-am-am-followers/final,final,eepro
True,9,1.0,9,5,1.0,45,45,2025-04-tulsa-spring-swing/intermediate-strictly-pro-am-am-leaders/final,final,eepro
True,10,1.0,10,5,1.0,50,50,2025-04-tulsa-spring-swing/intermediate-strictly/final,final,eepro
True,7,0.5,14,5,1.0,35,35,2025-04-tulsa-spring-swing/invitational-jj/final,final,eepro
True,47,0.839286,56,6,0.457447,282,129,2025-04-tulsa-spring-swing/jj-pro-am-am-follower-pro-leader/final,final,eepro
True,26,0.8125,32,7,0.879121,182,160,2025-04-tulsa-spring-swing/jj-pro-am-am-leader-pro-follower/final,final,eepro
True,5,0.5,10,5,1.0,25,25,2025-04-tulsa-spring-swing/masters-jj/final,final,eepro
True,27,1.0,27,7,0.571429,189,108,2025-04-tulsa-spring-swing/masters-jj/prelim,prelim,eepro
True,4,1.0,4,5,1.0,20,20,2025-04-tulsa-spring-swing/masters-strictly/final,final,eepro
False,0,0.0,23,7,,0,20,2025-04-tulsa-spring-swing/mixed-level-j-j-combined/prelim,prelim,eepro
True,9,0.5,18,7,1.0,63,63,2025-04-tulsa-spring-swing/newcomer-jj/final,final,eepro
True,34,1.0,34,6,0.666667,204,136,2025-04-tulsa-spring-swing/newcomer-jj/prelim,prelim,eepro
True,4,1.0,4,5,1.0,20,20,2025-04-tulsa-spring-swing/newcomer-pro-am-novice/final,final,eepro
True,5,1.0,5,5,1.0,25,25,2025-04-tulsa-spring-swing/newcomer-strictly-pro-am-am-followers/final,final,eepro
True,3,1.0,3,5,1.0,15,15,2025-04-tulsa-spring-swing/newcomer-strictly-pro-am-am-leaders/final,final,eepro
True,11,1.0,11,5,1.0,55,55,2025-04-tulsa-spring-swing/newcomer-strictly/final,final,eepro
True,12,0.5,24,5,1.0,60,60,2025-04-tulsa-spring-swing/novice-jj/final,final,eepro
True,88,1.0,88,8,0.5,704,352,2025-04-tulsa-spring-swing/novice-jj/prelim,prelim,eepro
True,46,1.0,46,8,0.5,368,184,2025-04-tulsa-spring-swing/novice-jj/semifinal,semifinal,eepro
True,13,1.0,13,5,1.0,65,65,2025-04-tulsa-spring-swing/novice-strictly-pro-am-am-followers/final,final,eepro
True,10,1.0,10,5,1.0,50,50,2025-04-tulsa-spring-swing/novice-strictly-pro-am-am-leaders/final,final,eepro
True,8,1.0,8,5,1.0,40,40,2025-04-tulsa-spring-swing/novice-strictly/final,final,eepro
True,16,1.0,16,5,1.0,80,80,2025-04-tulsa-spring-swing/novice-strictly/prelim,prelim,eepro
True,7,1.0,7,7,1.0,49,49,2025-04-tulsa-spring-swing/open-strictly/final,final,eepro
True,5,0.5,10,6,0.833333,30,25,2025-05-festival-city-swing-edinburgh/advanced-jj-all-stars/final,final,scoringdance
True,15,1.0,15,6,0.833333,90,75,2025-05-festival-city-swing-edinburgh/advanced-jj-all-stars/prelim,prelim,scoringdance
True,5,0.5,10,6,0.833333,30,25,2025-05-festival-city-swing-edinburgh/intermediate-jj/final,final,scoringdance
True,12,0.857143,14,9,0.518519,108,56,2025-05-festival-city-swing-edinburgh/intermediate-jj/prelim,prelim,scoringdance
True,6,0.5,12,6,0.833333,36,30,2025-05-festival-city-swing-edinburgh/masters-jj/final,final,scoringdance
True,28,0.933333,30,9,0.47619,252,120,2025-05-festival-city-swing-edinburgh/masters-jj/prelim,prelim,scoringdance
True,4,0.5,8,6,0.833333,24,20,2025-05-festival-city-swing-edinburgh/masters-strictly/final,final,scoringdance
True,5,0.5,10,6,0.833333,30,25,2025-05-festival-city-swing-edinburgh/newcomer-jj/final,final,scoringdance
True,18,0.9,20,9,0.493827,162,80,2025-05-festival-city-swing-edinburgh/newcomer-jj/prelim,prelim,scoringdance
True,10,0.5,20,6,0.833333,60,50,2025-05-festival-city-swing-edinburgh/novice-jj/final,final,scoringdance
True,44,0.956522,46,9,0.464646,396,184,2025-05-festival-city-swing-edinburgh/novice-jj/prelim,prelim,scoringdance
True,10,0.5,20,6,0.833333,60,50,2025-05-festival-city-swing-edinburgh/novice-strictly-intermediate/final,final,scoringdance
True,3,0.5,6,6,0.833333,18,15,2025-05-festival-city-swing-edinburgh/open-strictly/final,final,scoringdance
True,10,0.5,20,6,0.833333,60,50,2025-05-festival-city-swing-edinburgh/sophisticated-jj/final,final,scoringdance
True,38,0.974359,39,10,0.4,380,152,2025-05-festival-city-swing-edinburgh/sophisticated-jj/prelim,prelim,scoringdance
True,12,0.5,24,9,1.0,108,108,2025-05-gndc/advanced-jj/final,final,eepro
True,91,1.0,91,10,0.5,910,455,2025-05-gndc/advanced-jj/prelim,prelim,eepro
True,53,1.0,53,10,0.5,530,265,2025-05-gndc/advanced-jj/semifinal,semifinal,eepro
True,10,0.5,20,9,1.0,90,90,2025-05-gndc/allstar-jj/final,final,eepro
True,64,1.0,64,10,0.5,640,320,2025-05-gndc/allstar-jj/prelim,prelim,eepro
True,3,1.0,3,5,1.0,15,15,2025-05-gndc/cabaret/final,final,eepro
True,9,1.0,9,5,1.0,45,45,2025-05-gndc/champion-strictly/final,final,eepro
True,17,1.0,17,5,1.0,85,85,2025-05-gndc/champion-strictly/prelim,prelim,eepro
True,8,1.0,8,5,1.0,40,40,2025-05-gndc/classic-carolina-shag/final,final,eepro
True,6,1.0,6,7,0.857143,42,36,2025-05-gndc/classic-nasde/final,final,eepro
True,8,1.0,8,5,1.0,40,40,2025-05-gndc/classic-non-professional-carolina-shag/final,final,eepro
True,10,1.0,10,5,1.0,50,50,2025-05-gndc/everybody-dance-now-j-j/final,final,eepro
True,34,1.0,34,5,1.0,170,170,2025-05-gndc/everybody-dance-now-j-j/prelim,prelim,eepro
True,21,1.0,21,5,1.0,105,105,2025-05-gndc/everybody-dance-now-j-j/semifinal,semifinal,eepro
True,12,0.5,24,9,1.0,108,108,2025-05-gndc/intermediate-jj/final,final,eepro
True,105,1.0,105,10,0.5,1050,525,2025-05-gndc/intermediate-jj/prelim,prelim,eepro
True,49,1.0,49,10,0.5,490,245,2025-05-gndc/intermediate-jj/semifinal,semifinal,eepro
True,51,1.0,51,8,0.5,408,204,2025-05-gndc/jj-may-madness-pro/prelim,prelim,eepro
True,14,1.0,14,5,1.0,70,70,2025-05-gndc/juniors-junior-shag/final,final,eepro
True,7,1.0,7,5,1.0,35,35,2025-05-gndc/masters-carolina-masters-shag/final,final,eepro
True,6,0.5,12,9,1.0,54,54,2025-05-gndc/masters-jj/final,final,eepro
True,25,1.0,25,10,0.5,250,125,2025-05-gndc/masters-jj/prelim,prelim,eepro
True,10,0.5,20,9,1.0,90,90,2025-05-gndc/newcomer-jj/final,final,eepro
True,41,1.0,41,10,0.5,410,205,2025-05-gndc/newcomer-jj/prelim,prelim,eepro
True,13,0.5,26,9,1.0,117,117,2025-05-gndc/novice-jj/final,final,eepro
True,124,1.0,124,10,0.5,1240,620,2025-05-gndc/novice-jj/prelim,prelim,eepro
True,55,1.0,55,10,0.5,550,275,2025-05-gndc/novice-jj/semifinal,semifinal,eepro
True,6,1.0,6,5,1.0,30,30,2025-05-gndc/novice-strictly-shag-proam-am-follower/final,final,eepro
True,8,1.0,8,5,1.0,40,40,2025-05-gndc/novice-strictly-shag-proam-am-leader/final,final,eepro
True,11,1.0,11,7,1.0,77,77,2025-05-gndc/open-strictly/final,final,eepro
True,53,1.0,53,7,1.0,371,371,2025-05-gndc/open-strictly/prelim,prelim,eepro
True,23,1.0,23,7,1.0,161,161,2025-05-gndc/open-strictly/semifinal,semifinal,eepro
True,18,1.0,18,5,1.0,90,90,2025-05-gndc/pro-am/final,final,eepro
True,7,1.0,7,7,0.734694,49,36,2025-05-gndc/rising-star/final,final,eepro
True,11,1.0,11,4,1.0,44,44,2025-05-gndc/shag-mixed-doubles-experienced-follower/prelim,prelim,eepro
True,10,1.0,10,4,1.0,40,40,2025-05-gndc/shag-mixed-doubles-experienced-leader/prelim,prelim,eepro
True,5,1.0,5,7,1.0,35,35,2025-05-gndc/shag-mixed-doubles-experienced/final,final,eepro
True,16,1.0,16,4,1.0,64,64,2025-05-gndc/shag-mixed-doubles-non-professional-follower/prelim,prelim,eepro
True,14,1.0,14,4,1.0,56,56,2025-05-gndc/shag-mixed-doubles-non-professional-leader/prelim,prelim,eepro
True,6,1.0,6,7,1.0,42,42,2025-05-gndc/shag-mixed-doubles-non-professional/final,final,eepro
True,5,1.0,5,7,1.0,35,35,2025-05-gndc/showcase-nasde/final,final,eepro
True,10,0.5,20,9,1.0,90,90,2025-05-gndc/sophisticated-jj/final,final,eepro
True,59,1.0,59,10,0.5,590,295,2025-05-gndc/sophisticated-jj/prelim,prelim,eepro
True,11,1.0,11,5,1.0,55,55,2025-05-gndc/strictly-amateur-shag-proam-am-follower/final,final,eepro
True,11,1.0,11,5,1.0,55,55,2025-05-gndc/strictly-amateur-shag-proam-am-leader/final,final,eepro
True,5,1.0,5,5,1.0,25,25,2025-05-gndc/teams/final,final,eepro
True,4,0.571429,7,5,1.0,20,20,2025-05-swingin-into-spring/allstar-jj-adv/final,final,eepro
True,5,0.5,10,5,1.0,25,25,2025-05-swingin-into-spring/intermediate-jj/final,final,eepro
True,18,1.0,18,8,0.5,144,72,2025-05-swingin-into-spring/intermediate-jj/prelim,prelim,eepro
True,5,0.5,10,5,1.0,25,25,2025-05-swingin-into-spring/masters-jj/final,final,eepro
True,29,1.0,29,8,0.5,232,116,2025-05-swingin-into-spring/masters-jj/prelim,prelim,eepro
True,8,0.5,16,5,1.0,40,40,2025-05-swingin-into-spring/newcomer-jj/final,final,eepro
True,23,1.0,23,8,0.5,184,92,2025-05-swingin-into-spring/newcomer-jj/prelim,prelim,eepro
True,10,0.5,20,5,1.0,50,50,2025-05-swingin-into-spring/novice-jj/final,final,eepro
True,63,1.0,63,8,0.5,504,252,2025-05-swingin-into-spring/novice-jj/prelim,prelim,eepro
True,10,0.5,20,7,1.0,70,70,2025-05-westie-weekend/advanced-jj/final,final,eepro
True,39,1.0,39,8,0.5,312,156,2025-05-westie-weekend/advanced-jj/prelim,prelim,eepro
True,6,0.5,12,7,1.0,42,42,2025-05-westie-weekend/allstar-jj/final,final,eepro
True,18,1.0,18,8,0.5,144,72,2025-05-westie-weekend/allstar-jj/prelim,prelim,eepro
True,11,0.5,22,7,1.0,77,77,2025-05-westie-weekend/intermediate-jj/final,final,eepro
True,65,1.0,65,8,0.5,520,260,2025-05-westie-weekend/intermediate-jj/prelim,prelim,eepro
True,9,0.5,18,7,1.0,63,63,2025-05-westie-weekend/newcomer-jj/final,final,eepro
True,45,1.0,45,8,0.5,360,180,2025-05-westie-weekend/newcomer-jj/prelim,prelim,eepro
True,14,0.5,28,7,1.0,98,98,2025-05-westie-weekend/novice-jj/final,final,eepro
True,108,1.0,108,8,0.5,864,432,2025-05-westie-weekend/novice-jj/prelim,prelim,eepro
True,57,1.0,57,8,0.5,456,228,2025-05-westie-weekend/novice-jj/semifinal,semifinal,eepro
True,10,0.5,20,8,0.875,80,70,2025-06-baltic-swing/advanced-jj/final,final,scoringdance
True,57,0.919355,62,9,0.483431,513,248,2025-06-baltic-swing/advanced-jj/prelim,prelim,scoringdance
True,32,0.941176,34,9,0.472222,288,136,2025-06-baltic-swing/advanced-jj/semifinal,semifinal,scoringdance
True,10,0.5,20,8,0.875,80,70,2025-06-baltic-swing/allstar-jj/final,final,scoringdance
True,37,0.860465,43,9,0.516517,333,172,2025-06-baltic-swing/allstar-jj/prelim,prelim,scoringdance
True,12,0.5,24,8,0.875,96,84,2025-06-baltic-swing/intermediate-jj/final,final,scoringdance
True,73,0.890244,82,10,0.449315,730,328,2025-06-baltic-swing/intermediate-jj/prelim,prelim,scoringdance
True,41,0.788462,52,9,0.563686,369,208,2025-06-baltic-swing/intermediate-jj/semifinal,semifinal,scoringdance
True,12,0.5,24,6,0.833333,72,60,2025-06-baltic-swing/intermediate-strictly/final,final,scoringdance
True,22,0.916667,24,6,0.909091,132,120,2025-06-baltic-swing/intermediate-strictly/prelim,prelim,scoringdance
True,10,0.5,20,8,0.875,80,70,2025-06-baltic-swing/newcomer-jj/final,final,scoringdance
True,44,0.956522,46,9,0.464646,396,184,2025-06-baltic-swing/newcomer-jj/prelim,prelim,scoringdance
True,12,0.5,24,8,0.875,96,84,2025-06-baltic-swing/novice-jj/final,final,scoringdance
True,110,0.866142,127,10,0.461818,1100,508,2025-06-baltic-swing/novice-jj/prelim,prelim,scoringdance
True,57,0.838235,68,9,0.530214,513,272,2025-06-baltic-swing/novice-jj/semifinal,semifinal,scoringdance
True,10,0.5,20,8,0.875,80,70,2025-06-baltic-swing/novice-strictly/final,final,scoringdance
True,20,1.0,20,6,0.833333,120,100,2025-06-baltic-swing/novice-strictly/prelim,prelim,scoringdance
True,8,0.5,16,6,0.833333,48,40,2025-06-baltic-swing/open-strictly/final,final,scoringdance
True,32,1.0,32,8,0.875,256,224,2025-06-baltic-swing/open-strictly/prelim,prelim,scoringdance
True,14,0.875,16,8,1.0,112,112,2025-06-baltic-swing/open-strictly/semifinal,semifinal,scoringdance
True,10,0.5,20,8,0.875,80,70,2025-06-baltic-swing/sophisticated-jj/final,final,scoringdance
True,40,0.952381,42,9,0.466667,360,168,2025-06-baltic-swing/sophisticated-jj/prelim,prelim,scoringdance
True,13,0.5,26,5,1.0,65,65,2025-06-jack-jill-o-rama/advanced-jj/final,final,eepro
True,142,1.0,142,10,0.5,1420,710,2025-06-jack-jill-o-rama/advanced-jj/prelim,prelim,eepro
True,70,1.0,70,10,0.5,700,350,2025-06-jack-jill-o-rama/advanced-jj/semifinal,semifinal,eepro
True,10,1.0,10,5,1.0,50,50,2025-06-jack-jill-o-rama/advanced-pro-follow-am-lead-j-j-advanced/final,final,eepro
True,48,1.0,48,5,1.0,240,240,2025-06-jack-jill-o-rama/advanced-pro-follow-am-lead-j-j-advanced/prelim,prelim,eepro
True,12,1.0,12,5,1.0,60,60,2025-06-jack-jill-o-rama/advanced-pro-lead-am-follow-j-j-advanced/final,final,eepro
True,45,1.0,45,5,1.0,225,225,2025-06-jack-jill-o-rama/advanced-pro-lead-am-follow-j-j-advanced/prelim,prelim,eepro
True,13,1.083333,12,7,1.0,91,91,2025-06-jack-jill-o-rama/all-american-60s-era-j-j/final,final,eepro
True,108,1.0,108,9,1.0,972,972,2025-06-jack-jill-o-rama/all-american-60s-era-j-j/prelim,prelim,eepro
True,13,0.5,26,5,1.0,65,65,2025-06-jack-jill-o-rama/allstar-jj/final,final,eepro
True,105,1.0,105,10,0.5,1050,525,2025-06-jack-jill-o-rama/allstar-jj/prelim,prelim,eepro
True,48,1.0,48,10,0.5,480,240,2025-06-jack-jill-o-rama/allstar-jj/semifinal,semifinal,eepro
True,11,1.0,11,7,1.0,77,77,2025-06-jack-jill-o-rama/allstar-strictly-champs/final,final,eepro
True,41,1.0,41,9,1.0,369,369,2025-06-jack-jill-o-rama/allstar-strictly-champs/prelim,prelim,eepro
True,9,0.5,18,9,1.0,81,81,2025-06-jack-jill-o-rama/champion-jj/final,final,eepro
True,36,1.0,36,10,0.5,360,180,2025-06-jack-jill-o-rama/champion-jj/prelim,prelim,eepro
True,11,0.5,22,5,1.0,55,55,2025-06-jack-jill-o-rama/country-jj-swing/final,final,eepro
True,54,1.0,54,6,0.5,324,162,2025-06-jack-jill-o-rama/country-jj-swing/prelim,prelim,eepro
True,15,0.5,30,7,1.0,105,105,2025-06-jack-jill-o-rama/intermediate-jj/final,final,eepro
True,149,1.0,149,10,0.5,1490,745,2025-06-jack-jill-o-rama/intermediate-jj/prelim,prelim,eepro
True,57,1.0,57,10,0.5,570,285,2025-06-jack-jill-o-rama/intermediate-jj/semifinal,semifinal,eepro
True,9,1.0,9,5,1.0,45,45,2025-06-jack-jill-o-rama/intermediate-pro-follow-am-lead-j-j-intermediate/final,final,eepro
True,50,1.0,50,5,1.0,250,250,2025-06-jack-jill-o-rama/intermediate-pro-follow-am-lead-j-j-intermediate/prelim,prelim,eepro
True,10,1.0,10,5,1.0,50,50,2025-06-jack-jill-o-rama/intermediate-pro-lead-am-follow-j-j-intermediate/final,final,eepro
True,65,1.0,65,5,1.0,325,325,2025-06-jack-jill-o-rama/intermediate-pro-lead-am-follow-j-j-intermediate/prelim,prelim,eepro
True,14,0.5,28,5,1.0,70,70,2025-06-jack-jill-o-rama/jj-newbie/final,final,eepro
True,90,1.0,90,6,0.5,540,270,2025-06-jack-jill-o-rama/jj-newbie/prelim,prelim,eepro
True,13,0.5,26,5,1.0,65,65,2025-06-jack-jill-o-rama/jj-role-reversal/final,final,eepro
True,61,1.0,61,10,0.5,610,305,2025-06-jack-jill-o-rama/jj-role-reversal/prelim,prelim,eepro
True,9,0.5,18,7,1.0,63,63,2025-06-jack-jill-o-rama/masters-jj/final,final,eepro
True,45,1.0,45,10,0.5,450,225,2025-06-jack-jill-o-rama/masters-jj/prelim,prelim,eepro
True,16,0.5,32,7,1.0,112,112,2025-06-jack-jill-o-rama/novice-jj/final,final,eepro
True,234,1.0,234,10,0.5,2340,1170,2025-06-jack-jill-o-rama/novice-jj/prelim,prelim,eepro
True,98,1.0,98,10,0.5,980,490,2025-06-jack-jill-o-rama/novice-jj/semifinal,semifinal,eepro
True,9,1.0,9,5,1.0,45,45,2025-06-jack-jill-o-rama/novice-pro-follow-am-lead-j-j-novice/final,final,eepro
True,65,1.0,65,5,1.0,325,325,2025-06-jack-jill-o-rama/novice-pro-follow-am-lead-j-j-novice/prelim,prelim,eepro
True,10,1.0,10,5,1.0,50,50,2025-06-jack-jill-o-rama/novice-pro-lead-am-follow-j-j-novice/final,final,eepro
True,85,1.0,85,5,1.0,425,425,2025-06-jack-jill-o-rama/novice-pro-lead-am-follow-j-j-novice/prelim,prelim,eepro
True,10,1.0,10,7,1.0,70,70,2025-06-jack-jill-o-rama/open-open-jackpot-j-j/final,final,eepro
True,124,1.0,124,7,1.0,868,868,2025-06-jack-jill-o-rama/open-open-jackpot-j-j/prelim,prelim,eepro
True,45,1.0,45,7,1.0,315,315,2025-06-jack-jill-o-rama/open-open-jackpot-j-j/semifinal,semifinal,eepro
True,11,1.0,11,5,1.0,55,55,2025-06-jack-jill-o-rama/open-strictly/final,final,eepro
True,55,1.0,55,7,1.0,385,385,2025-06-jack-jill-o-rama/open-strictly/prelim,prelim,eepro
True,14,0.5,28,5,1.0,70,70,2025-06-jack-jill-o-rama/sophisticated-jj-not/final,final,eepro
True,100,1.0,100,10,0.5,1000,500,2025-06-jack-jill-o-rama/sophisticated-jj-not/prelim,prelim,eepro
True,12,0.5,24,7,1.0,84,84,2025-06-liberty-swing/advanced-jj/final,final,eepro
True,99,1.0,99,10,0.5,990,495,2025-06-liberty-swing/advanced-jj/prelim,prelim,eepro
True,62,1.0,62,10,0.5,620,310,2025-06-liberty-swing/advanced-jj/semifinal,semifinal,eepro
True,9,1.0,9,7,1.0,63,63,2025-06-liberty-swing/advanced-strictly/final,final,eepro
True,26,1.0,26,7,1.0,182,182,2025-06-liberty-swing/advanced-strictly/prelim,prelim,eepro
True,13,0.5,26,7,1.0,91,91,2025-06-liberty-swing/allstar-jj/final,final,eepro
True,83,1.0,83,10,0.5,830,415,2025-06-liberty-swing/allstar-jj/prelim,prelim,eepro
True,56,1.0,56,10,0.5,560,280,2025-06-liberty-swing/allstar-jj/semifinal,semifinal,eepro
True,10,1.0,10,7,1.0,70,70,2025-06-liberty-swing/allstar-strictly/final,final,eepro
True,31,1.0,31,7,1.0,217,217,2025-06-liberty-swing/allstar-strictly/prelim,prelim,eepro
True,11,0.5,22,5,1.0,55,55,2025-06-liberty-swing/champion-jj-johnvitational/final,final,eepro
True,40,1.0,40,5,1.0,200,200,2025-06-liberty-swing/champion-jj/prelim,prelim,eepro
True,10,1.0,10,5,1.0,50,50,2025-06-liberty-swing/champion-strictly/final,final,eepro
True,21,1.0,21,5,1.0,105,105,2025-06-liberty-swing/champion-strictly/prelim,prelim,eepro
True,9,1.0,9,9,0.91358,81,74,2025-06-liberty-swing/classic/final,final,eepro
True,15,0.5,30,7,1.0,105,105,2025-06-liberty-swing/intermediate-jj/final,final,eepro
True,140,1.0,140,10,0.5,1400,700,2025-06-liberty-swing/intermediate-jj/prelim,prelim,eepro
True,65,1.0,65,10,0.5,650,325,2025-06-liberty-swing/intermediate-jj/semifinal,semifinal,eepro
True,8,1.0,8,7,1.0,56,56,2025-06-liberty-swing/intermediate-strictly/final,final,eepro
True,33,1.0,33,7,1.0,231,231,2025-06-liberty-swing/intermediate-strictly/prelim,prelim,eepro
True,11,0.5,22,7,1.0,77,77,2025-06-liberty-swing/jj-jackpot/final,final,eepro
True,37,1.0,37,7,1.0,259,259,2025-06-liberty-swing/jj-jackpot/prelim,prelim,eepro
True,10,0.5,20,7,1.0,70,70,2025-06-liberty-swing/masters-jj/final,final,eepro
True,54,1.0,54,10,0.5,540,270,2025-06-liberty-swing/masters-jj/prelim,prelim,eepro
True,10,0.5,20,7,1.0,70,70,2025-06-liberty-swing/newcomer-jj/final,final,eepro
True,56,1.0,56,10,0.5,560,280,2025-06-liberty-swing/newcomer-jj/prelim,prelim,eepro
True,15,0.5,30,7,1.0,105,105,2025-06-liberty-swing/novice-jj/final,final,eepro
True,237,1.0,237,10,0.5,2370,1185,2025-06-liberty-swing/novice-jj/prelim,prelim,eepro
True,137,1.0,137,10,0.5,1370,685,2025-06-liberty-swing/novice-jj/quarterfinal,quarterfinal,eepro
True,67,1.0,67,10,0.5,670,335,2025-06-liberty-swing/novice-jj/semifinal,semifinal,eepro
True,10,1.0,10,7,1.0,70,70,2025-06-liberty-swing/novice-strictly/final,final,eepro
True,46,1.0,46,7,1.0,322,322,2025-06-liberty-swing/novice-strictly/prelim,prelim,eepro
True,7,1.0,7,7,0.979592,49,48,2025-06-liberty-swing/open-pro-am/final,final,eepro
True,5,1.0,5,7,0.942857,35,33,2025-06-liberty-swing/rising-star/final,final,eepro
True,4,1.0,4,9,1.0,36,36,2025-06-liberty-swing/showcase/final,final,eepro
True,11,0.5,22,7,1.0,77,77,2025-06-liberty-swing/sophisticated-jj/final,final,eepro
True,63,1.0,63,10,0.5,630,315,2025-06-liberty-swing/sophisticated-jj/prelim,prelim,eepro
True,4,1.0,4,7,0.964286,28,27,2025-06-liberty-swing/sophisticated-pro-am/final,final,eepro
True,7,1.0,7,7,1.0,49,49,2025-06-liberty-swing/sophisticated-strictly/final,final,eepro
True,16,1.0,16,7,1.0,112,112,2025-06-liberty-swing/sophisticated-strictly/prelim,prelim,eepro
True,8,1.0,8,7,1.0,56,56,2025-06-liberty-swing/strictly-switch-role/final,final,eepro
True,17,1.0,17,7,1.0,119,119,2025-06-liberty-swing/strictly-switch-role/prelim,prelim,eepro
True,10,0.5,20,5,1.0,50,50,2025-06-michigan-classic/advanced-jj/final,final,eepro
True,36,1.0,36,8,0.5,288,144,2025-06-michigan-classic/advanced-jj/prelim,prelim,eepro
True,6,0.5,12,5,1.0,30,30,2025-06-michigan-classic/allstar-jj/final,final,eepro
True,26,1.0,26,8,0.5,208,104,2025-06-michigan-classic/allstar-jj/prelim,prelim,eepro
True,8,1.0,8,5,1.0,40,40,2025-06-michigan-classic/allstar-strictly-champion/final,final,eepro
True,12,0.5,24,7,1.0,84,84,2025-06-michigan-classic/intermediate-jj/final,final,eepro
True,85,1.0,85,8,0.5,680,340,2025-06-michigan-classic/intermediate-jj/prelim,prelim,eepro
True,39,1.0,39,8,0.5,312,156,2025-06-michigan-classic/intermediate-jj/semifinal,semifinal,eepro
True,26,1.0,26,5,1.0,130,130,2025-06-michigan-classic/jj-switch-role-all/prelim,prelim,eepro
True,9,0.5,18,5,1.0,45,45,2025-06-michigan-classic/jj-switch-role/final,final,eepro
True,7,0.5,14,5,1.0,35,35,2025-06-michigan-classic/masters-jj/final,final,eepro
True,35,1.0,35,8,0.5,280,140,2025-06-michigan-classic/masters-jj/prelim,prelim,eepro
True,7,1.0,7,5,1.0,35,35,2025-06-michigan-classic/masters-strictly/final,final,eepro
True,9,0.5,18,5,1.0,45,45,2025-06-michigan-classic/newcomer-jj/final,final,eepro
True,38,1.0,38,8,0.5,304,152,2025-06-michigan-classic/newcomer-jj/prelim,prelim,eepro
True,13,0.5,26,7,1.0,91,91,2025-06-michigan-classic/novice-jj/final,final,eepro
True,118,1.0,118,8,0.5,944,472,2025-06-michigan-classic/novice-jj/prelim,prelim,eepro
True,52,1.0,52,8,0.5,416,208,2025-06-michigan-classic/novice-jj/semifinal,semifinal,eepro
True,3,1.0,3,5,1.0,15,15,2025-06-michigan-classic/pro-am-nov/final,final,eepro
True,11,0.5,22,5,1.0,55,55,2025-06-michigan-classic/sophisticated-jj/final,final,eepro
True,36,1.0,36,8,0.5,288,144,2025-06-michigan-classic/sophisticated-jj/prelim,prelim,eepro
True,10,1.0,10,5,1.0,50,50,2025-06-michigan-classic/strictly-int-adv/final,final,eepro
True,16,1.0,16,5,1.0,80,80,2025-06-michigan-classic/strictly-int-adv/prelim,prelim,eepro
True,10,1.0,10,5,1.0,50,50,2025-06-michigan-classic/strictly-new-nov/final,final,eepro
True,23,1.0,23,5,1.0,115,115,2025-06-michigan-classic/strictly-new-nov/prelim,prelim,eepro
True,7,0.5,14,5,1.0,35,35,2025-06-orange-blossom/advanced-jj-all-star/final,final,eepro
True,17,1.0,17,5,1.0,85,85,2025-06-orange-blossom/advanced-jj-all-star/prelim,prelim,eepro
True,1,1.0,1,5,1.0,5,5,2025-06-orange-blossom/advanced-strictly-open-allstars/final,final,eepro
True,10,0.5,20,7,1.0,70,70,2025-06-orange-blossom/intermediate-jj/final,final,eepro
True,34,1.0,34,10,0.5,340,170,2025-06-orange-blossom/intermediate-jj/prelim,prelim,eepro
True,4,1.0,4,5,1.0,20,20,2025-06-orange-blossom/intermediate-strictly-follower-pro-am-open/final,final,eepro
True,3,1.0,3,5,1.0,15,15,2025-06-orange-blossom/intermediate-strictly-open/final,final,eepro
True,6,0.5,12,7,1.0,42,42,2025-06-orange-blossom/masters-jj/final,final,eepro
True,17,1.0,17,10,0.5,170,85,2025-06-orange-blossom/masters-jj/prelim,prelim,eepro
True,6,0.5,12,7,1.0,42,42,2025-06-orange-blossom/newcomer-jj/final,final,eepro
True,20,1.0,20,10,0.5,200,100,2025-06-orange-blossom/newcomer-jj/prelim,prelim,eepro
True,3,1.0,3,5,1.0,15,15,2025-06-orange-blossom/newcomer-strictly-follower-pro-am-open/final,final,eepro
True,2,1.0,2,5,1.0,10,10,2025-06-orange-blossom/newcomer-strictly-open/final,final,eepro
True,10,0.5,20,7,1.0,70,70,2025-06-orange-blossom/novice-jj/final,final,eepro
True,44,1.0,44,10,0.5,440,220,2025-06-orange-blossom/novice-jj/prelim,prelim,eepro
True,1,1.0,1,5,1.0,5,5,2025-06-orange-blossom/novice-strictly-follower-pro-am-open/final,final,eepro
True,1,1.0,1,5,1.0,5,5,2025-06-orange-blossom/novice-strictly-leader-pro-am-open/final,final,eepro
True,1,1.0,1,5,1.0,5,5,2025-06-orange-blossom/novice-strictly-open/final,final,eepro
True,6,0.545455,11,5,1.0,30,30,2025-07-big-apple-cdf/advanced-jj/final,final,eepro
True,8,0.5,16,5,1.0,40,40,2025-07-big-apple-cdf/intermediate-jj/final,final,eepro
True,32,1.0,32,8,0.5,256,128,2025-07-big-apple-cdf/intermediate-jj/prelim,prelim,eepro
True,10,0.625,16,5,1.0,50,50,2025-07-big-apple-cdf/masters-jj/final,final,eepro
True,12,0.5,24,5,1.0,60,60,2025-07-big-apple-cdf/novice-jj/final,final,eepro
True,74,1.0,74,8,0.5,592,296,2025-07-big-apple-cdf/novice-jj/prelim,prelim,eepro
True,52,1.0,52,8,0.5,416,208,2025-07-big-apple-cdf/novice-jj/semifinal,semifinal,eepro
True,5,0.5,10,5,1.0,25,25,2025-07-dance-mardi-gras/advanced-jj-all-star/final,final,eepro
True,14,1.0,14,8,0.5,112,56,2025-07-dance-mardi-gras/advanced-jj-all-star/prelim,prelim,eepro
True,5,0.5,10,5,1.0,25,25,2025-07-dance-mardi-gras/intermediate-jj/final,final,eepro
True,19,1.0,19,8,0.5,152,76,2025-07-dance-mardi-gras/intermediate-jj/prelim,prelim,eepro
True,4,1.0,4,5,1.0,20,20,2025-07-dance-mardi-gras/intermediate-strictly/final,final,eepro
True,5,0.5,10,5,1.0,25,25,2025-07-dance-mardi-gras/masters-jj/final,final,eepro
True,21,1.0,21,8,0.5,168,84,2025-07-dance-mardi-gras/masters-jj/prelim,prelim,eepro
True,1,1.0,1,5,1.0,5,5,2025-07-dance-mardi-gras/masters-novice-strictly-leader-proam-50/final,final,eepro
True,2,1.0,2,5,1.0,10,10,2025-07-dance-mardi-gras/masters-strictly-50/final,final,eepro
True,7,0.5,14,5,1.0,35,35,2025-07-dance-mardi-gras/newcomer-jj/final,final,eepro
True,3,1.0,3,5,1.0,15,15,2025-07-dance-mardi-gras/newcomer-strictly-follower-proam-open-18/final,final,eepro
True,10,0.5,20,5,1.0,50,50,2025-07-dance-mardi-gras/novice-jj/final,final,eepro
True,37,1.0,37,8,0.5,296,148,2025-07-dance-mardi-gras/novice-jj/prelim,prelim,eepro
True,1,1.0,1,5,1.0,5,5,2025-07-dance-mardi-gras/novice-strictly-follower-proam-open-18/final,final,eepro
True,2,1.0,2,5,1.0,10,10,2025-07-dance-mardi-gras/novice-strictly-leader-proam-open-18/final,final,eepro
True,4,1.0,4,5,1.0,20,20,2025-07-dance-mardi-gras/novice-strictly/final,final,eepro
True,1,1.0,1,5,1.0,5,5,2025-07-dance-mardi-gras/open-strictly-follower-proam-18-int-adv/final,final,eepro
True,2,1.0,2,5,1.0,10,10,2025-07-dance-mardi-gras/pro-am-follower-spotlight/final,final,eepro
True,5,0.5,10,5,1.0,25,25,2025-07-dance-mardi-gras/sophisticated-jj/final,final,eepro
True,19,1.0,19,8,0.5,152,76,2025-07-dance-mardi-gras/sophisticated-jj/prelim,prelim,eepro
True,2,1.0,2,5,1.0,10,10,2025-07-dance-mardi-gras/sophisticated-strictly-35/final,final,eepro
True,11,0.5,22,5,1.0,55,55,2025-07-midwest-westie-fest/advanced-jj/final,final,eepro
True,38,1.0,38,8,0.5,304,152,2025-07-midwest-westie-fest/advanced-jj/prelim,prelim,eepro
True,8,1.0,8,5,1.0,40,40,2025-07-midwest-westie-fest/advanced-strictly/final,final,eepro
True,13,1.0,13,5,1.0,65,65,2025-07-midwest-westie-fest/advanced-strictly/prelim,prelim,eepro
True,7,0.5,14,5,1.0,35,35,2025-07-midwest-westie-fest/allstar-jj/final,final,eepro
True,34,1.0,34,8,0.5,272,136,2025-07-midwest-westie-fest/allstar-jj/prelim,prelim,eepro
True,7,1.0,7,5,1.0,35,35,2025-07-midwest-westie-fest/allstar-strictly-champions/final,final,eepro
True,19,1.0,19,5,1.0,95,95,2025-07-midwest-westie-fest/allstar-strictly-champions/prelim,prelim,eepro
True,11,0.5,22,5,1.0,55,55,2025-07-midwest-westie-fest/intermediate-jj/final,final,eepro
True,82,1.0,82,8,0.5,656,328,2025-07-midwest-westie-fest/intermediate-jj/prelim,prelim,eepro
True,49,1.0,49,8,0.5,392,196,2025-07-midwest-westie-fest/intermediate-jj/semifinal,semifinal,eepro
True,10,1.0,10,5,1.0,50,50,2025-07-midwest-westie-fest/intermediate-strictly/final,final,eepro
True,22,1.0,22,5,1.0,110,110,2025-07-midwest-westie-fest/intermediate-strictly/prelim,prelim,eepro
True,9,0.529412,17,5,1.0,45,45,2025-07-midwest-westie-fest/invitational-jj/final,final,eepro
True,9,0.5,18,5,1.0,45,45,2025-07-midwest-westie-fest/masters-jj/final,final,eepro
True,28,1.0,28,8,0.5,224,112,2025-07-midwest-westie-fest/masters-jj/prelim,prelim,eepro
True,3,1.0,3,5,1.0,15,15,2025-07-midwest-westie-fest/masters-strictly/final,final,eepro
True,10,0.5,20,5,1.0,50,50,2025-07-midwest-westie-fest/newcomer-jj/final,final,eepro
True,60,1.0,60,8,0.5,480,240,2025-07-midwest-westie-fest/newcomer-jj/prelim,prelim,eepro
True,15,0.5,30,7,1.0,105,105,2025-07-midwest-westie-fest/novice-jj/final,final,eepro
True,157,1.0,157,8,0.5,1256,628,2025-07-midwest-westie-fest/novice-jj/prelim,prelim,eepro
True,58,1.0,58,8,0.5,464,232,2025-07-midwest-westie-fest/novice-jj/semifinal,semifinal,eepro
True,6,1.0,6,5,1.0,30,30,2025-07-midwest-westie-fest/pro-am-int-adv/final,final,eepro
True,10,1.0,10,5,1.0,50,50,2025-07-midwest-westie-fest/pro-am-new-nov/final,final,eepro
True,2,1.0,2,5,1.0,10,10,2025-07-midwest-westie-fest/rising-star/final,final,eepro
True,11,0.5,22,5,1.0,55,55,2025-07-midwest-westie-fest/sophisticated-jj/final,final,eepro
True,47,1.0,47,8,0.5,376,188,2025-07-midwest-westie-fest/sophisticated-jj/prelim,prelim,eepro
True,9,1.0,9,5,1.0,45,45,2025-07-midwest-westie-fest/strictly-new-nov/final,final,eepro
True,31,1.0,31,5,1.0,155,155,2025-07-midwest-westie-fest/strictly-new-nov/prelim,prelim,eepro
True,12,0.5,24,7,1.0,84,84,2025-07-phoenix-of-july/advanced-jj/final,final,eepro
True,80,1.0,80,10,0.5,800,400,2025-07-phoenix-of-july/advanced-jj/prelim,prelim,eepro
True,48,1.0,48,8,0.5,384,192,2025-07-phoenix-of-july/advanced-jj/semifinal,semifinal,eepro
True,11,1.0,11,7,1.0,77,77,2025-07-phoenix-of-july/advanced-strictly/final,final,eepro
True,22,1.0,22,4,1.0,88,88,2025-07-phoenix-of-july/advanced-strictly/prelim,prelim,eepro
True,12,0.5,24,7,1.0,84,84,2025-07-phoenix-of-july/allstar-jj/final,final,eepro
True,42,1.0,42,10,0.5,420,210,2025-07-phoenix-of-july/allstar-jj/prelim,prelim,eepro
True,13,1.0,13,7,1.0,91,91,2025-07-phoenix-of-july/allstar-strictly/final,final,eepro
True,5,0.5,10,7,1.0,35,35,2025-07-phoenix-of-july/champion-jj/final,final,eepro
True,21,1.0,21,7,1.0,147,147,2025-07-phoenix-of-july/champion-jj/prelim,prelim,eepro
True,13,1.0,13,7,1.0,91,91,2025-07-phoenix-of-july/champion-strictly-choice/final,final,eepro
True,11,0.5,22,7,1.0,77,77,2025-07-phoenix-of-july/intermediate-jj/final,final,eepro
True,64,1.0,64,10,0.5,640,320,2025-07-phoenix-of-july/intermediate-jj/prelim,prelim,eepro
True,40,1.0,40,8,0.5,320,160,2025-07-phoenix-of-july/intermediate-jj/semifinal,semifinal,eepro
True,11,1.0,11,7,1.0,77,77,2025-07-phoenix-of-july/intermediate-strictly/final,final,eepro
True,26,1.0,26,5,1.0,130,130,2025-07-phoenix-of-july/jj-hi-low-adv-as-ch/prelim,prelim,eepro
True,14,1.0,14,5,1.0,70,70,2025-07-phoenix-of-july/jj-hi-low-adv-as-ch/semifinal,semifinal,eepro
True,38,1.0,38,5,1.0,190,190,2025-07-phoenix-of-july/jj-hi-low-nov-int/prelim,prelim,eepro
True,17,1.0,17,5,1.0,85,85,2025-07-phoenix-of-july/jj-hi-low-nov-int/semifinal,semifinal,eepro
True,12,0.5,24,7,1.0,84,84,2025-07-phoenix-of-july/jj-hi-low/final,final,eepro
True,9,0.5,18,7,1.0,63,63,2025-07-phoenix-of-july/jj-switchly/final,final,eepro
True,28,1.0,28,5,1.0,140,140,2025-07-phoenix-of-july/jj-switchly/prelim,prelim,eepro
True,12,0.5,24,7,1.0,84,84,2025-07-phoenix-of-july/masters-jj/final,final,eepro
True,74,1.0,74,10,0.5,740,370,2025-07-phoenix-of-july/masters-jj/prelim,prelim,eepro
True,38,1.0,38,8,0.5,304,152,2025-07-phoenix-of-july/masters-jj/semifinal,semifinal,eepro
True,11,1.0,11,7,1.0,77,77,2025-07-phoenix-of-july/masters-strictly/final,final,eepro
True,17,1.0,17,5,1.0,85,85,2025-07-phoenix-of-july/masters-strictly/prelim,prelim,eepro
True,15,0.5,30,7,1.0,105,105,2025-07-phoenix-of-july/novice-jj/final,final,eepro
True,126,1.0,126,10,0.5,1260,630,2025-07-phoenix-of-july/novice-jj/prelim,prelim,eepro
True,52,1.0,52,8,0.5,416,208,2025-07-phoenix-of-july/novice-jj/semifinal,semifinal,eepro
True,11,1.0,11,7,1.0,77,77,2025-07-phoenix-of-july/novice-strictly/final,final,eepro
True,19,1.0,19,5,1.0,95,95,2025-07-phoenix-of-july/novice-strictly/prelim,prelim,eepro
True,12,1.0,12,7,1.0,84,84,2025-07-phoenix-of-july/strictly-generational/final,final,eepro
True,37,1.0,37,5,1.0,185,185,2025-07-phoenix-of-july/strictly-generational/prelim,prelim,eepro
True,15,1.0,15,5,1.0,75,75,2025-07-phoenix-of-july/strictly-generational/semifinal,semifinal,eepro
True,13,0.5,26,5,1.0,65,65,2025-07-wild-wild-westie/advanced-jj/final,final,eepro
True,136,1.0,136,8,0.5,1088,544,2025-07-wild-wild-westie/advanced-jj/prelim,prelim,eepro
True,64,1.0,64,8,0.5,512,256,2025-07-wild-wild-westie/advanced-jj/semifinal,semifinal,eepro
True,10,1.0,10,7,1.0,70,70,2025-07-wild-wild-westie/advanced-strictly/final,final,eepro
True,43,1.0,43,7,1.0,301,301,2025-07-wild-wild-westie/advanced-strictly/prelim,prelim,eepro
True,11,0.5,22,9,1.0,99,99,2025-07-wild-wild-westie/allstar-jj/final,final,eepro
True,102,1.0,102,14,0.5,1428,714,2025-07-wild-wild-westie/allstar-jj/prelim,prelim,eepro
True,50,1.0,50,14,0.5,700,350,2025-07-wild-wild-westie/allstar-jj/semifinal,semifinal,eepro
True,11,1.0,11,7,1.0,77,77,2025-07-wild-wild-westie/allstar-strictly-champs/final,final,eepro
True,41,1.0,41,7,1.0,287,287,2025-07-wild-wild-westie/allstar-strictly-champs/prelim,prelim,eepro
True,7,0.5,14,7,1.0,49,49,2025-07-wild-wild-westie/champion-jj/final,final,eepro
True,36,1.0,36,8,0.5,288,144,2025-07-wild-wild-westie/champion-jj/prelim,prelim,eepro
True,16,0.5,32,7,1.0,112,112,2025-07-wild-wild-westie/intermediate-jj/final,final,eepro
True,166,1.0,166,8,0.5,1328,664,2025-07-wild-wild-westie/intermediate-jj/prelim,prelim,eepro
True,67,1.0,67,8,0.5,536,268,2025-07-wild-wild-westie/intermediate-jj/semifinal,semifinal,eepro
True,13,1.0,13,5,1.0,65,65,2025-07-wild-wild-westie/intermediate-strictly/final,final,eepro
True,34,1.0,34,5,1.0,170,170,2025-07-wild-wild-westie/intermediate-strictly/prelim,prelim,eepro
True,8,0.5,16,5,1.0,40,40,2025-07-wild-wild-westie/masters-jj/final,final,eepro
True,31,1.0,31,8,0.5,248,124,2025-07-wild-wild-westie/masters-jj/prelim,prelim,eepro
True,10,1.0,10,5,1.0,50,50,2025-07-wild-wild-westie/masters-strictly-choice/final,final,eepro
True,21,1.0,21,5,1.0,105,105,2025-07-wild-wild-westie/masters-strictly-choice/prelim,prelim,eepro
True,12,0.5,24,5,1.0,60,60,2025-07-wild-wild-westie/newcomer-jj/final,final,eepro
True,78,1.0,78,8,0.5,624,312,2025-07-wild-wild-westie/newcomer-jj/prelim,prelim,eepro
True,46,1.0,46,8,0.5,368,184,2025-07-wild-wild-westie/newcomer-jj/semifinal,semifinal,eepro
True,15,0.5,30,7,1.0,105,105,2025-07-wild-wild-westie/novice-jj/final,final,eepro
True,269,1.0,269,10,0.5,2690,1345,2025-07-wild-wild-westie/novice-jj/prelim,prelim,eepro
True,131,1.0,131,8,0.5,1048,524,2025-07-wild-wild-westie/novice-jj/quarterfinal,quarterfinal,eepro
True,64,1.0,64,8,0.5,512,256,2025-07-wild-wild-westie/novice-jj/semifinal,semifinal,eepro
True,12,1.0,12,5,1.0,60,60,2025-07-wild-wild-westie/novice-strictly/final,final,eepro
True,51,1.0,51,5,1.0,255,255,2025-07-wild-wild-westie/novice-strictly/prelim,prelim,eepro
True,7,1.0,7,5,1.0,35,35,2025-07-wild-wild-westie/pro-am-int-adv/final,final,eepro
True,4,1.0,4,5,1.0,20,20,2025-07-wild-wild-westie/pro-am-new-nov/final,final,eepro
True,9,1.0,9,7,0.936508,63,59,2025-07-wild-wild-westie/rising-star/final,final,eepro
True,9,1.0,9,5,1.0,45,45,2025-07-wild-wild-westie/wild-wild-j-j/final,final,eepro
True,95,1.0,95,5,1.0,475,475,2025-07-wild-wild-westie/wild-wild-j-j/prelim,prelim,eepro
True,34,1.0,34,5,1.0,170,170,2025-07-wild-wild-westie/wild-wild-j-j/semifinal,semifinal,eepro
True,8,0.5,16,7,1.0,56,56,2025-08-arizona-dance-classic/advanced-jj/final,final,eepro
True,27,1.0,27,8,0.5,216,108,2025-08-arizona-dance-classic/advanced-jj/prelim,prelim,eepro
True,1,1.0,1,5,1.0,5,5,2025-08-arizona-dance-classic/advanced-strictly-az-2step/final,final,eepro
True,5,1.0,5,5,1.0,25,25,2025-08-arizona-dance-classic/advanced-strictly/final,final,eepro
True,7,0.538462,13,5,1.0,35,35,2025-08-arizona-dance-classic/allstar-jj/final,final,eepro
True,6,1.0,6,7,1.0,42,42,2025-08-arizona-dance-classic/champion-arizona-2-step-state-championship/final,final,eepro
True,12,1.0,12,7,1.0,84,84,2025-08-arizona-dance-classic/champion-arizona-2-step-state-championship/prelim,prelim,eepro
True,4,0.5,8,5,1.0,20,20,2025-08-arizona-dance-classic/country-intermediate-jj-swing/final,final,eepro
True,5,0.5,10,5,1.0,25,25,2025-08-arizona-dance-classic/country-novice-jj-swing/final,final,eepro
True,4,0.5,8,5,1.0,20,20,2025-08-arizona-dance-classic/country-open-jj-swing/final,final,eepro
True,10,0.5,20,7,1.0,70,70,2025-08-arizona-dance-classic/intermediate-jj/final,final,eepro
True,39,1.0,39,8,0.5,312,156,2025-08-arizona-dance-classic/intermediate-jj/prelim,prelim,eepro
True,3,1.0,3,5,1.0,15,15,2025-08-arizona-dance-classic/intermediate-strictly-az-2step/final,final,eepro
True,2,1.0,2,5,1.0,10,10,2025-08-arizona-dance-classic/intermediate-strictly-follower-proam/final,final,eepro
True,2,1.0,2,5,1.0,10,10,2025-08-arizona-dance-classic/intermediate-strictly-leader-proam/final,final,eepro
True,5,1.0,5,5,1.0,25,25,2025-08-arizona-dance-classic/intermediate-strictly/final,final,eepro
True,12,0.5,24,5,1.0,60,60,2025-08-arizona-dance-classic/jj-all-american/final,final,eepro
True,25,1.0,25,5,1.0,125,125,2025-08-arizona-dance-classic/jj-all-american/prelim,prelim,eepro
True,2,1.0,2,5,1.0,10,10,2025-08-arizona-dance-classic/juniors-strictly-follower-proam/final,final,eepro
True,9,0.5625,16,7,1.0,63,63,2025-08-arizona-dance-classic/masters-jj/final,final,eepro
True,5,1.0,5,5,1.0,25,25,2025-08-arizona-dance-classic/masters-strictly-50/final,final,eepro
True,2,1.0,2,5,1.0,10,10,2025-08-arizona-dance-classic/masters-strictly-az-2step-50/final,final,eepro
True,2,1.0,2,5,1.0,10,10,2025-08-arizona-dance-classic/masters-strictly-follower-proam-50/final,final,eepro
True,2,1.0,2,5,1.0,10,10,2025-08-arizona-dance-classic/masters-strictly-leader-proam-50/final,final,eepro
True,10,0.5,20,7,1.0,70,70,2025-08-arizona-dance-classic/novice-jj/final,final,eepro
True,65,1.0,65,8,0.5,520,260,2025-08-arizona-dance-classic/novice-jj/prelim,prelim,eepro
True,4,1.0,4,5,1.0,20,20,2025-08-arizona-dance-classic/novice-strictly-follower-proam/final,final,eepro
True,2,1.0,2,5,1.0,10,10,2025-08-arizona-dance-classic/novice-strictly-leader-proam/final,final,eepro
True,7,1.0,7,5,1.0,35,35,2025-08-arizona-dance-classic/novice-strictly/final,final,eepro
True,2,1.0,2,5,1.0,10,10,2025-08-arizona-dance-classic/strictly-az-2step-new-nov/final,final,eepro
True,5,0.5,10,6,0.833333,30,25,2025-08-grand-party-sofia/advanced-jj/final,final,scoringdance
True,35,0.945946,37,6,0.880952,210,185,2025-08-grand-party-sofia/advanced-jj/prelim,prelim,scoringdance
True,6,0.545455,11,6,0.833333,36,30,2025-08-grand-party-sofia/allstar-jj/final,final,scoringdance
True,5,0.5,10,6,0.833333,30,25,2025-08-grand-party-sofia/intermediate-jj/final,final,scoringdance
True,29,0.935484,31,9,0.475096,261,124,2025-08-grand-party-sofia/intermediate-jj/prelim,prelim,scoringdance
True,10,0.5,20,6,0.833333,60,50,2025-08-grand-party-sofia/jj-icebreaker/final,final,scoringdance
True,110,0.990991,111,7,0.42987,770,331,2025-08-grand-party-sofia/jj-icebreaker/prelim,prelim,scoringdance
True,5,0.5,10,6,0.833333,30,25,2025-08-grand-party-sofia/jj-switch/final,final,scoringdance
True,18,1.0,18,6,0.833333,108,90,2025-08-grand-party-sofia/jj-switch/prelim,prelim,scoringdance
True,6,0.545455,11,6,0.833333,36,30,2025-08-grand-party-sofia/masters-jj/final,final,scoringdance
True,10,0.5,20,6,0.833333,60,50,2025-08-grand-party-sofia/newcomer-jj/final,final,scoringdance
True,39,0.8125,48,10,0.484615,390,189,2025-08-grand-party-sofia/newcomer-jj/prelim,prelim,scoringdance
True,10,0.5,20,8,0.875,80,70,2025-08-grand-party-sofia/novice-jj/final,final,scoringdance
True,56,0.903226,62,12,0.46131,672,310,2025-08-grand-party-sofia/novice-jj/prelim,prelim,scoringdance
True,5,0.5,10,6,0.833333,30,25,2025-08-grand-party-sofia/sophisticated-jj/final,final,scoringdance
True,32,1.0,32,10,0.4,320,128,2025-08-grand-party-sofia/sophisticated-jj/prelim,prelim,scoringdance
True,6,0.5,12,5,1.0,30,30,2025-08-ne-dance-festival/advanced-jj/final,final,eepro
True,26,1.0,26,8,0.5,208,104,2025-08-ne-dance-festival/advanced-jj/prelim,prelim,eepro
True,5,1.0,5,5,1.0,25,25,2025-08-ne-dance-festival/advanced-strictly-all-star/final,final,eepro
True,6,0.545455,11,5,1.0,30,30,2025-08-ne-dance-festival/allstar-jj/final,final,eepro
True,10,0.5,20,5,1.0,50,50,2025-08-ne-dance-festival/intermediate-jj/final,final,eepro
True,43,1.0,43,8,0.5,344,172,2025-08-ne-dance-festival/intermediate-jj/prelim,prelim,eepro
True,7,0.5,14,5,1.0,35,35,2025-08-ne-dance-festival/masters-jj/final,final,eepro
True,23,1.0,23,8,0.5,184,92,2025-08-ne-dance-festival/masters-jj/prelim,prelim,eepro
True,7,0.5,14,5,1.0,35,35,2025-08-ne-dance-festival/newcomer-jj/final,final,eepro
True,22,1.0,22,8,0.5,176,88,2025-08-ne-dance-festival/newcomer-jj/prelim,prelim,eepro
True,17,0.5,34,5,1.0,85,85,2025-08-ne-dance-festival/novice-jj/final,final,eepro
True,70,1.0,70,8,0.5,560,280,2025-08-ne-dance-festival/novice-jj/prelim,prelim,eepro
True,5,1.0,5,5,1.0,25,25,2025-08-ne-dance-festival/novice-strictly-intermediate/final,final,eepro
True,5,0.5,10,5,1.0,25,25,2025-08-ne-dance-festival/sophisticated-jj/final,final,eepro
True,19,1.0,19,8,0.5,152,76,2025-08-ne-dance-festival/sophisticated-jj/prelim,prelim,eepro
True,3,1.0,3,5,1.0,15,15,2025-08-ne-dance-festival/sophisticated-strictly/final,final,eepro
True,10,0.5,20,5,1.0,50,50,2025-08-summer-hummer/advanced-jj/final,final,eepro
True,50,1.0,50,10,0.5,500,250,2025-08-summer-hummer/advanced-jj/prelim,prelim,eepro
True,7,1.0,7,5,1.0,35,35,2025-08-summer-hummer/advanced-strictly/final,final,eepro
True,11,1.0,11,5,1.0,55,55,2025-08-summer-hummer/advanced-strictly/prelim,prelim,eepro
True,10,0.5,20,5,1.0,50,50,2025-08-summer-hummer/allstar-jj/final,final,eepro
True,43,1.0,43,10,0.5,430,215,2025-08-summer-hummer/allstar-jj/prelim,prelim,eepro
True,8,1.0,8,5,1.0,40,40,2025-08-summer-hummer/allstar-strictly/final,final,eepro
True,13,1.0,13,5,1.0,65,65,2025-08-summer-hummer/allstar-strictly/prelim,prelim,eepro
True,7,0.5,14,5,1.0,35,35,2025-08-summer-hummer/champion-jj/final,final,eepro
True,20,1.0,20,5,1.0,100,100,2025-08-summer-hummer/champion-jj/prelim,prelim,eepro
True,11,1.0,11,5,1.0,55,55,2025-08-summer-hummer/champion-strictly/final,final,eepro
True,3,1.0,3,7,0.761905,21,16,2025-08-summer-hummer/classic/final,final,eepro
True,12,0.5,24,5,1.0,60,60,2025-08-summer-hummer/intermediate-jj/final,final,eepro
True,86,1.0,86,10,0.5,860,430,2025-08-summer-hummer/intermediate-jj/prelim,prelim,eepro
True,46,1.0,46,10,0.5,460,230,2025-08-summer-hummer/intermediate-jj/semifinal,semifinal,eepro
True,9,1.0,9,5,1.0,45,45,2025-08-summer-hummer/intermediate-strictly/final,final,eepro
True,15,1.0,15,5,1.0,75,75,2025-08-summer-hummer/intermediate-strictly/prelim,prelim,eepro
True,9,0.5,18,5,1.0,45,45,2025-08-summer-hummer/jj-switch-role/final,final,eepro
True,44,1.0,44,5,1.0,220,220,2025-08-summer-hummer/jj-switch-role/prelim,prelim,eepro
True,9,0.5,18,5,1.0,45,45,2025-08-summer-hummer/masters-jj/final,final,eepro
True,38,1.0,38,10,0.5,380,190,2025-08-summer-hummer/masters-jj/prelim,prelim,eepro
True,3,1.0,3,5,1.0,15,15,2025-08-summer-hummer/masters-strictly/final,final,eepro
True,8,0.5,16,5,1.0,40,40,2025-08-summer-hummer/newcomer-jj/final,final,eepro
True,39,1.0,39,10,0.5,390,195,2025-08-summer-hummer/newcomer-jj/prelim,prelim,eepro
True,15,0.5,30,7,1.0,105,105,2025-08-summer-hummer/novice-jj/final,final,eepro
True,131,1.0,131,10,0.5,1310,655,2025-08-summer-hummer/novice-jj/prelim,prelim,eepro
True,68,1.0,68,10,0.5,680,340,2025-08-summer-hummer/novice-jj/semifinal,semifinal,eepro
True,6,1.0,6,5,1.0,30,30,2025-08-summer-hummer/novice-novice-intermediate-routines/final,final,eepro
True,8,1.0,8,5,1.0,40,40,2025-08-summer-hummer/pro-am/final,final,eepro
True,6,1.0,6,5,1.0,30,30,2025-08-summer-hummer/rising-star/final,final,eepro
True,2,1.0,2,7,1.0,14,14,2025-08-summer-hummer/showcase/final,final,eepro
True,9,0.5,18,5,1.0,45,45,2025-08-summer-hummer/sophisticated-jj/final,final,eepro
True,42,1.0,42,10,0.5,420,210,2025-08-summer-hummer/sophisticated-jj/prelim,prelim,eepro
True,5,1.0,5,5,1.0,25,25,2025-08-summer-hummer/sophisticated-strictly/final,final,eepro
True,10,1.0,10,5,1.0,50,50,2025-08-summer-hummer/strictly-new-nov/final,final,eepro
True,17,1.0,17,5,1.0,85,85,2025-08-summer-hummer/strictly-new-nov/prelim,prelim,eepro
True,12,0.5,24,5,1.0,60,60,2025-08-swing-fling/advanced-jj/final,final,eepro
True,77,1.0,77,10,0.5,770,385,2025-08-swing-fling/advanced-jj/prelim,prelim,eepro
True,52,1.0,52,10,0.5,520,260,2025-08-swing-fling/advanced-jj/semifinal,semifinal,eepro
True,8,1.0,8,5,1.0,40,40,2025-08-swing-fling/advanced-strictly/final,final,eepro
True,18,1.0,18,5,1.0,90,90,2025-08-swing-fling/advanced-strictly/prelim,prelim,eepro
True,10,0.5,20,5,1.0,50,50,2025-08-swing-fling/allstar-jj/final,final,eepro
True,47,1.0,47,8,0.5,376,188,2025-08-swing-fling/allstar-jj/prelim,prelim,eepro
True,12,1.0,12,5,1.0,60,60,2025-08-swing-fling/allstar-strictly-champion-allstars-choice/final,final,eepro
True,25,1.0,25,5,1.0,125,125,2025-08-swing-fling/allstar-strictly-champion-allstars-choice/prelim,prelim,eepro
True,11,0.55,20,5,1.0,55,55,2025-08-swing-fling/intermediate-jj-proam-follower/final,final,eepro
True,10,0.555556,18,5,1.0,50,50,2025-08-swing-fling/intermediate-jj-proam-leader/final,final,eepro
True,13,0.5,26,5,1.0,65,65,2025-08-swing-fling/intermediate-jj/final,final,eepro
True,105,1.0,105,10,0.5,1050,525,2025-08-swing-fling/intermediate-jj/prelim,prelim,eepro
True,52,1.0,52,10,0.5,520,260,2025-08-swing-fling/intermediate-jj/semifinal,semifinal,eepro
True,11,1.0,11,5,1.0,55,55,2025-08-swing-fling/intermediate-strictly/final,final,eepro
True,23,1.0,23,5,1.0,115,115,2025-08-swing-fling/intermediate-strictly/prelim,prelim,eepro
True,12,0.545455,22,5,1.0,60,60,2025-08-swing-fling/invitational-jj/final,final,eepro
True,32,1.0,32,5,1.0,160,160,2025-08-swing-fling/jj-proam-int-follower/prelim,prelim,eepro
True,24,1.0,24,5,1.0,120,120,2025-08-swing-fling/jj-proam-int-leader/prelim,prelim,eepro
True,11,0.578947,19,5,1.0,55,55,2025-08-swing-fling/jj-proam-new-nov-follower/final,final,eepro
True,38,1.0,38,5,1.0,190,190,2025-08-swing-fling/jj-proam-new-nov-follower/prelim,prelim,eepro
True,40,1.0,40,5,1.0,200,200,2025-08-swing-fling/jj-proam-new-nov-leader/prelim,prelim,eepro
True,10,0.5,20,7,1.0,70,70,2025-08-swing-fling/masters-jj/final,final,eepro
True,41,1.0,41,8,0.5,328,164,2025-08-swing-fling/masters-jj/prelim,prelim,eepro
True,9,0.5,18,5,1.0,45,45,2025-08-swing-fling/newcomer-jj/final,final,eepro
True,61,1.0,61,10,0.5,610,305,2025-08-swing-fling/newcomer-jj/prelim,prelim,eepro
True,11,0.55,20,5,1.0,55,55,2025-08-swing-fling/novice-jj-proam-new-leader/final,final,eepro
True,15,0.5,30,7,1.0,105,105,2025-08-swing-fling/novice-jj/final,final,eepro
True,172,1.0,172,10,0.5,1720,860,2025-08-swing-fling/novice-jj/prelim,prelim,eepro
True,76,1.0,76,10,0.5,760,380,2025-08-swing-fling/novice-jj/semifinal,semifinal,eepro
True,3,1.0,3,5,1.0,15,15,2025-08-swing-fling/novice-pro-am-spotlight/final,final,eepro
True,7,1.0,7,5,1.0,35,35,2025-08-swing-fling/pro-am-spotlight-int-adv/final,final,eepro
True,5,1.0,5,7,1.0,35,35,2025-08-swing-fling/rising-star/final,final,eepro
True,10,0.5,20,7,1.0,70,70,2025-08-swing-fling/sophisticated-jj/final,final,eepro
True,48,1.0,48,10,0.5,480,240,2025-08-swing-fling/sophisticated-jj/prelim,prelim,eepro
True,12,1.0,12,5,1.0,60,60,2025-08-swing-fling/strictly-generational/final,final,eepro
True,24,1.0,24,5,1.0,120,120,2025-08-swing-fling/strictly-generational/prelim,prelim,eepro
True,11,1.0,11,5,1.0,55,55,2025-08-swing-fling/strictly-new-nov/final,final,eepro
True,37,1.0,37,5,1.0,185,185,2025-08-swing-fling/strictly-new-nov/prelim,prelim,eepro
True,12,0.5,24,9,1.0,108,108,2025-08-swingtacular/advanced-jj/final,final,eepro
True,149,1.0,149,10,0.5,1490,745,2025-08-swingtacular/advanced-jj/prelim,prelim,eepro
True,74,1.0,74,10,0.5,740,370,2025-08-swingtacular/advanced-jj/semifinal,semifinal,eepro
True,12,0.5,24,9,1.0,108,108,2025-08-swingtacular/allstar-jj-champions/final,final,eepro
True,112,1.0,112,10,0.5,1120,560,2025-08-swingtacular/allstar-jj-champions/prelim,prelim,eepro
True,53,1.0,53,10,0.5,530,265,2025-08-swingtacular/allstar-jj-champions/semifinal,semifinal,eepro
True,15,0.5,30,9,1.0,135,135,2025-08-swingtacular/intermediate-jj/final,final,eepro
True,168,1.0,168,10,0.5,1680,840,2025-08-swingtacular/intermediate-jj/prelim,prelim,eepro
True,70,1.0,70,10,0.5,700,350,2025-08-swingtacular/intermediate-jj/semifinal,semifinal,eepro
True,9,0.5,18,9,1.0,81,81,2025-08-swingtacular/masters-jj/final,final,eepro
True,32,1.0,32,10,0.5,320,160,2025-08-swingtacular/masters-jj/prelim,prelim,eepro
True,15,0.5,30,9,1.0,135,135,2025-08-swingtacular/novice-jj/final,final,eepro
True,263,1.0,263,10,0.5,2630,1315,2025-08-swingtacular/novice-jj/prelim,prelim,eepro
True,152,1.0,152,10,0.5,1520,760,2025-08-swingtacular/novice-jj/quarterfinal,quarterfinal,eepro
True,70,1.0,70,10,0.5,700,350,2025-08-swingtacular/novice-jj/semifinal,semifinal,eepro
True,9,1.0,9,7,1.0,63,63,2025-08-swingtacular/open-strictly-three-for-all/final,final,eepro
True,19,1.0,19,7,1.0,133,133,2025-08-swingtacular/open-strictly-three-for-all/prelim,prelim,eepro
True,15,1.0,15,7,0.752381,105,79,2025-08-swingtacular/pro-am/final,final,eepro
True,8,1.0,8,7,0.839286,56,47,2025-08-swingtacular/rising-star/final,final,eepro
True,12,0.5,24,5,1.0,60,60,2025-08-swingtime/advanced-jj/final,final,eepro
True,77,1.0,77,10,0.5,770,385,2025-08-swingtime/advanced-jj/prelim,prelim,eepro
True,48,1.0,48,10,0.5,480,240,2025-08-swingtime/advanced-jj/semifinal,semifinal,eepro
True,12,1.0,12,5,1.0,60,60,2025-08-swingtime/advanced-strictly/final,final,eepro
True,24,1.0,24,5,1.0,120,120,2025-08-swingtime/advanced-strictly/prelim,prelim,eepro
True,15,1.0,15,5,1.0,75,75,2025-08-swingtime/all-in/final,final,eepro
True,52,1.0,52,5,1.0,260,260,2025-08-swingtime/all-in/prelim,prelim,eepro
True,10,0.5,20,5,1.0,50,50,2025-08-swingtime/allstar-jj/final,final,eepro
True,50,1.0,50,10,0.5,500,250,2025-08-swingtime/allstar-jj/prelim,prelim,eepro
True,8,1.0,8,5,1.0,40,40,2025-08-swingtime/allstar-strictly/final,final,eepro
True,19,1.0,19,5,1.0,95,95,2025-08-swingtime/allstar-strictly/prelim,prelim,eepro
True,9,0.5,18,5,1.0,45,45,2025-08-swingtime/champion-jj/final,final,eepro
True,29,1.0,29,5,1.0,145,145,2025-08-swingtime/champion-jj/prelim,prelim,eepro
True,10,1.0,10,5,1.0,50,50,2025-08-swingtime/champion-strictly/final,final,eepro
True,16,1.0,16,5,1.0,80,80,2025-08-swingtime/champion-strictly/prelim,prelim,eepro
True,13,0.5,26,5,1.0,65,65,2025-08-swingtime/intermediate-jj/final,final,eepro
True,80,1.0,80,10,0.5,800,400,2025-08-swingtime/intermediate-jj/prelim,prelim,eepro
True,42,1.0,42,10,0.5,420,210,2025-08-swingtime/intermediate-jj/semifinal,semifinal,eepro
True,11,1.0,11,5,1.0,55,55,2025-08-swingtime/intermediate-strictly/final,final,eepro
True,19,1.0,19,5,1.0,95,95,2025-08-swingtime/intermediate-strictly/prelim,prelim,eepro
True,6,0.5,12,5,1.0,30,30,2025-08-swingtime/masters-jj/final,final,eepro
True,31,1.0,31,8,0.5,248,124,2025-08-swingtime/masters-jj/prelim,prelim,eepro
True,11,1.0,11,5,1.0,55,55,2025-08-swingtime/masters-strictly-s-choice/final,final,eepro
True,10,0.5,20,5,1.0,50,50,2025-08-swingtime/newcomer-jj/final,final,eepro
True,36,1.0,36,10,0.5,360,180,2025-08-swingtime/newcomer-jj/prelim,prelim,eepro
True,14,0.5,28,7,1.0,98,98,2025-08-swingtime/novice-jj/final,final,eepro
True,157,1.0,157,10,0.5,1570,785,2025-08-swingtime/novice-jj/prelim,prelim,eepro
True,84,1.0,84,10,0.5,840,420,2025-08-swingtime/novice-jj/semifinal,semifinal,eepro
True,6,1.0,6,7,0.857143,42,36,2025-08-swingtime/rising-star/final,final,eepro
True,9,0.5,18,5,1.0,45,45,2025-08-swingtime/sophisticated-jj/final,final,eepro
True,46,1.0,46,8,0.5,368,184,2025-08-swingtime/sophisticated-jj/prelim,prelim,eepro
True,12,1.0,12,5,1.0,60,60,2025-08-swingtime/strictly-new-nov/final,final,eepro
True,30,1.0,30,5,1.0,150,150,2025-08-swingtime/strictly-new-nov/prelim,prelim,eepro
True,5,0.5,10,14,1.0,70,70,2025-09-extravadanza-bachata-congress/jj-bachata/final,final,scoringdance
True,62,1.0,62,14,0.5,868,434,2025-09-extravadanza-bachata-congress/jj-bachata/prelim,prelim,scoringdance
True,32,1.0,32,14,0.5,448,224,2025-09-extravadanza-bachata-congress/jj-bachata/semifinal,semifinal,scoringdance
True,6,0.5,12,5,1.0,30,30,2025-09-philly-swing-classic/advanced-jj/final,final,eepro
True,22,1.0,22,8,0.5,176,88,2025-09-philly-swing-classic/advanced-jj/prelim,prelim,eepro
True,6,0.5,12,5,1.0,30,30,2025-09-philly-swing-classic/allstar-jj/final,final,eepro
True,26,1.0,26,7,1.0,182,182,2025-09-philly-swing-classic/allstar-jj/prelim,prelim,eepro
True,10,0.5,20,5,1.0,50,50,2025-09-philly-swing-classic/intermediate-jj/final,final,eepro
True,43,1.0,43,8,0.5,344,172,2025-09-philly-swing-classic/intermediate-jj/prelim,prelim,eepro
True,8,1.0,8,5,1.0,40,40,2025-09-philly-swing-classic/intermediate-strictly/final,final,eepro
True,9,0.529412,17,5,1.0,45,45,2025-09-philly-swing-classic/jj-all-american/final,final,eepro
True,25,1.0,25,5,1.0,125,125,2025-09-philly-swing-classic/jj-all-american/prelim,prelim,eepro
True,5,0.5,10,7,1.0,35,35,2025-09-philly-swing-classic/masters-jj/final,final,eepro
True,22,1.0,22,8,0.5,176,88,2025-09-philly-swing-classic/masters-jj/prelim,prelim,eepro
True,10,0.5,20,5,1.0,50,50,2025-09-philly-swing-classic/novice-jj/final,final,eepro
True,54,1.0,54,8,0.5,432,216,2025-09-philly-swing-classic/novice-jj/prelim,prelim,eepro
True,8,1.0,8,5,1.0,40,40,2025-09-philly-swing-classic/novice-strictly/final,final,eepro
True,6,1.0,6,5,1.0,30,30,2025-09-philly-swing-classic/open-strictly/final,final,eepro
True,11,1.0,11,5,1.0,55,55,2025-09-philly-swing-classic/open-strictly/prelim,prelim,eepro
True,5,1.0,5,5,1.0,25,25,2025-09-philly-swing-classic/pro-am/final,final,eepro
True,5,1.0,5,5,1.0,25,25,2025-09-philly-swing-classic/rising-star/final,final,eepro
True,7,0.538462,13,7,1.0,49,49,2025-09-philly-swing-classic/sophisticated-jj/final,final,eepro
True,4,1.0,4,5,1.0,20,20,2025-09-philly-swing-classic/strictly-switch-role/final,final,eepro
True,11,0.5,22,7,1.0,77,77,2025-09-trilogy-swing/advanced-jj/final,final,wdr
True,22,0.314286,70,10,0.818182,220,180,2025-09-trilogy-swing/advanced-jj/prelim,prelim,wdr
True,9,0.5,18,7,1.0,63,63,2025-09-trilogy-swing/advanced-strictly/final,final,wdr
True,9,0.473684,19,7,1.222222,63,77,2025-09-trilogy-swing/advanced-strictly/prelim,prelim,wdr
True,10,0.5,20,7,1.0,70,70,2025-09-trilogy-swing/allstar-jj/final,final,wdr
True,20,0.512821,39,10,0.55,200,110,2025-09-trilogy-swing/allstar-jj/prelim,prelim,wdr
True,9,0.5,18,7,1.0,63,63,2025-09-trilogy-swing/allstar-strictly/final,final,wdr
True,9,0.692308,13,7,1.444444,63,91,2025-09-trilogy-swing/allstar-strictly/prelim,prelim,wdr
True,37,1.0,37,7,1.0,259,259,2025-09-trilogy-swing/intermediate-jj-pro-am-followers/final,final,wdr
True,15,1.0,15,7,1.0,105,105,2025-09-trilogy-swing/intermediate-jj-pro-am-leaders/final,final,wdr
True,12,0.5,24,7,1.0,84,84,2025-09-trilogy-swing/intermediate-jj/final,final,wdr
True,52,0.541667,96,10,0.528846,520,275,2025-09-trilogy-swing/intermediate-jj/prelim,prelim,wdr
True,24,0.461538,52,10,0.541667,240,130,2025-09-trilogy-swing/intermediate-jj/prelim-2,prelim,wdr
False,0,,0,7,,0,0,2025-09-trilogy-swing/intermediate-pro-am/final,final,wdr
True,20,0.645161,31,7,0.0,140,0,2025-09-trilogy-swing/intermediate-strictly-pro-am-followers/final,final,wdr
True,7,0.538462,13,7,0.0,49,0,2025-09-trilogy-swing/intermediate-strictly-pro-am-leaders/final,final,wdr
True,11,0.5,22,7,1.0,77,77,2025-09-trilogy-swing/intermediate-strictly/final,final,wdr
True,11,0.5,22,7,2.0,77,154,2025-09-trilogy-swing/intermediate-strictly/prelim,prelim,wdr
True,24,1.0,24,7,1.0,168,168,2025-09-trilogy-swing/masters-jj-pro-am-followers/final,final,wdr
True,12,1.0,12,7,1.0,84,84,2025-09-trilogy-swing/masters-jj-pro-am-leaders/final,final,wdr
True,11,0.5,22,7,1.0,77,77,2025-09-trilogy-swing/masters-jj/final,final,wdr
True,22,0.372881,59,9,0.580808,198,115,2025-09-trilogy-swing/masters-jj/prelim,prelim,wdr
False,0,,0,7,,0,0,2025-09-trilogy-swing/masters-pro-am/final,final,wdr
True,11,0.611111,18,7,0.0,77,0,2025-09-trilogy-swing/masters-strictly-pro-am-followers/final,final,wdr
True,4,0.571429,7,7,0.0,28,0,2025-09-trilogy-swing/masters-strictly-pro-am-leaders/final,final,wdr
True,14,0.5,28,7,1.0,98,98,2025-09-trilogy-swing/masters-strictly/final,final,wdr
True,75,1.0,75,7,1.0,525,525,2025-09-trilogy-swing/newcomer-jj-pro-am-novice-followers/final,final,wdr
True,36,1.0,36,7,1.0,252,252,2025-09-trilogy-swing/newcomer-jj-pro-am-novice-leaders/final,final,wdr
True,11,0.5,22,7,1.0,77,77,2025-09-trilogy-swing/newcomer-jj/final,final,wdr
True,22,0.37931,58,9,0.606061,198,120,2025-09-trilogy-swing/newcomer-jj/prelim,prelim,wdr
False,0,,0,7,,0,0,2025-09-trilogy-swing/newcomer-pro-am-novice/final,final,wdr
True,41,0.672131,61,7,0.0,287,0,2025-09-trilogy-swing/newcomer-strictly-pro-am-novice-followers/final,final,wdr
True,20,0.666667,30,7,0.0,140,0,2025-09-trilogy-swing/newcomer-strictly-pro-am-novice-leaders/final,final,wdr
True,2,0.5,4,7,1.0,14,14,2025-09-trilogy-swing/newcomer-strictly/final,final,wdr
True,15,0.5,30,7,1.0,105,105,2025-09-trilogy-swing/novice-jj/final,final,wdr
True,78,0.541667,144,9,0.576923,702,405,2025-09-trilogy-swing/novice-jj/prelim,prelim,wdr
True,30,0.384615,78,9,0.666667,270,180,2025-09-trilogy-swing/novice-jj/prelim-2,prelim,wdr
True,10,0.5,20,6,1.0,60,60,2025-09-trilogy-swing/novice-strictly-switch-role-new-int/final,final,wdr
True,14,0.5,28,7,1.0,98,98,2025-09-trilogy-swing/novice-strictly/final,final,wdr
True,14,0.466667,30,7,1.142857,98,112,2025-09-trilogy-swing/novice-strictly/prelim,prelim,wdr
True,7,0.5,14,6,1.0,42,42,2025-09-trilogy-swing/open-strictly-switch-role/final,final,wdr
True,6,0.5,12,7,1.0,42,42,2025-09-trilogy-swing/rising-star/final,final,wdr
True,12,0.5,24,7,1.0,84,84,2025-09-trilogy-swing/sophisticated-jj/final,final,wdr
True,44,0.666667,66,10,0.465909,440,205,2025-09-trilogy-swing/sophisticated-jj/prelim,prelim,wdr
True,24,0.545455,44,10,0.541667,240,130,2025-09-trilogy-swing/sophisticated-jj/prelim-2,prelim,wdr
True,8,0.5,16,7,1.0,56,56,2025-09-trilogy-swing/sophisticated-strictly/final,final,wdr
True,8,0.470588,17,7,1.375,56,77,2025-09-trilogy-swing/sophisticated-strictly/prelim,prelim,wdr
True,10,0.5,20,7,1.0,70,70,2025-09-trilogy-swing/strictly-generational/final,final,wdr
True,10,0.416667,24,7,1.3,70,91,2025-09-trilogy-swing/strictly-generational/prelim,prelim,wdr
False,0,,0,7,,0,0,2025-09-trilogy-swing/trio-team-3-way-solo-routine/final,final,wdr
True,12,0.5,24,7,1.0,84,84,2025-10-atlanta-swing-classic/advanced-jj/final,final,eepro
True,119,1.0,119,10,0.5,1190,595,2025-10-atlanta-swing-classic/advanced-jj/prelim,prelim,eepro
True,59,1.0,59,10,0.5,590,295,2025-10-atlanta-swing-classic/advanced-jj/semifinal,semifinal,eepro
True,11,1.0,11,5,1.0,55,55,2025-10-atlanta-swing-classic/advanced-strictly/final,final,eepro
True,35,1.0,35,5,1.0,175,175,2025-10-atlanta-swing-classic/advanced-strictly/prelim,prelim,eepro
True,12,0.5,24,7,1.0,84,84,2025-10-atlanta-swing-classic/allstar-jj/final,final,eepro
True,76,1.0,76,10,0.5,760,380,2025-10-atlanta-swing-classic/allstar-jj/prelim,prelim,eepro
True,42,1.0,42,10,0.5,420,210,2025-10-atlanta-swing-classic/allstar-jj/semifinal,semifinal,eepro
True,9,1.0,9,5,1.0,45,45,2025-10-atlanta-swing-classic/allstar-strictly/final,final,eepro
True,25,1.0,25,5,1.0,125,125,2025-10-atlanta-swing-classic/allstar-strictly/prelim,prelim,eepro
True,8,0.5,16,7,1.0,56,56,2025-10-atlanta-swing-classic/champion-jj/final,final,eepro
True,28,1.0,28,7,1.0,196,196,2025-10-atlanta-swing-classic/champion-jj/prelim,prelim,eepro
True,8,1.0,8,7,1.0,56,56,2025-10-atlanta-swing-classic/champion-strictly/final,final,eepro
True,15,1.0,15,7,1.0,105,105,2025-10-atlanta-swing-classic/champion-strictly/prelim,prelim,eepro
True,9,1.0,9,5,1.0,45,45,2025-10-atlanta-swing-classic/intermediate-jj-proam-follower/final,final,eepro
True,45,1.0,45,5,1.0,225,225,2025-10-atlanta-swing-classic/intermediate-jj-proam-follower/prelim,prelim,eepro
True,9,1.0,9,5,1.0,45,45,2025-10-atlanta-swing-classic/intermediate-jj-proam-leader/final,final,eepro
True,35,1.0,35,5,1.0,175,175,2025-10-atlanta-swing-classic/intermediate-jj-proam-leader/prelim,prelim,eepro
True,12,0.5,24,7,1.0,84,84,2025-10-atlanta-swing-classic/intermediate-jj/final,final,eepro
True,139,1.0,139,10,0.5,1390,695,2025-10-atlanta-swing-classic/intermediate-jj/prelim,prelim,eepro
True,58,1.0,58,10,0.5,580,290,2025-10-atlanta-swing-classic/intermediate-jj/semifinal,semifinal,eepro
True,10,1.0,10,5,1.0,50,50,2025-10-atlanta-swing-classic/intermediate-strictly/final,final,eepro
True,37,1.0,37,5,1.0,185,185,2025-10-atlanta-swing-classic/intermediate-strictly/prelim,prelim,eepro
True,37,1.0,37,5,1.0,185,185,2025-10-atlanta-swing-classic/jj-hi-low-adv-as-ch/prelim,prelim,eepro
True,18,1.0,18,5,1.0,90,90,2025-10-atlanta-swing-classic/jj-hi-low-adv-as-ch/semifinal,semifinal,eepro
True,47,1.0,47,5,1.0,235,235,2025-10-atlanta-swing-classic/jj-hi-low-nov-int/prelim,prelim,eepro
True,17,1.0,17,5,1.0,85,85,2025-10-atlanta-swing-classic/jj-hi-low-nov-int/semifinal,semifinal,eepro
True,12,1.0,12,5,1.0,60,60,2025-10-atlanta-swing-classic/jj-proam-follower-new-nov/final,final,eepro
True,47,1.0,47,5,1.0,235,235,2025-10-atlanta-swing-classic/jj-proam-follower-new-nov/prelim,prelim,eepro
True,11,1.0,11,5,1.0,55,55,2025-10-atlanta-swing-classic/jj-proam-leader-new-nov/final,final,eepro
True,46,1.0,46,5,1.0,230,230,2025-10-atlanta-swing-classic/jj-proam-leader-new-nov/prelim,prelim,eepro
True,11,0.5,22,7,1.0,77,77,2025-10-atlanta-swing-classic/masters-jj/final,final,eepro
True,50,1.0,50,10,0.5,500,250,2025-10-atlanta-swing-classic/masters-jj/prelim,prelim,eepro
True,8,1.0,8,5,1.0,40,40,2025-10-atlanta-swing-classic/masters-strictly/final,final,eepro
True,10,0.5,20,7,1.0,70,70,2025-10-atlanta-swing-classic/newcomer-jj/final,final,eepro
True,64,1.0,64,10,0.5,640,320,2025-10-atlanta-swing-classic/newcomer-jj/prelim,prelim,eepro
True,15,0.5,30,7,1.0,105,105,2025-10-atlanta-swing-classic/novice-jj/final,final,eepro
True,213,1.0,213,10,0.5,2130,1065,2025-10-atlanta-swing-classic/novice-jj/prelim,prelim,eepro
True,118,1.0,118,10,0.5,1180,590,2025-10-atlanta-swing-classic/novice-jj/quarterfinal,quarterfinal,eepro
True,62,1.0,62,10,0.5,620,310,2025-10-atlanta-swing-classic/novice-jj/semifinal,semifinal,eepro
True,10,1.0,10,5,1.0,50,50,2025-10-atlanta-swing-classic/novice-strictly-new/final,final,eepro
True,42,1.0,42,5,1.0,210,210,2025-10-atlanta-swing-classic/novice-strictly-new/prelim,prelim,eepro
True,10,0.5,20,7,1.0,70,70,2025-10-halloween-swingthing/advanced-jj/final,final,eepro
True,70,1.0,70,8,0.5,560,280,2025-10-halloween-swingthing/advanced-jj/prelim,prelim,eepro
True,10,1.0,10,5,1.0,50,50,2025-10-halloween-swingthing/advanced-strictly/final,final,eepro
True,23,1.0,23,5,1.0,115,115,2025-10-halloween-swingthing/advanced-strictly/prelim,prelim,eepro
True,11,0.5,22,7,1.0,77,77,2025-10-halloween-swingthing/allstar-jj/final,final,eepro
True,58,1.0,58,8,0.5,464,232,2025-10-halloween-swingthing/allstar-jj/prelim,prelim,eepro
True,8,1.0,8,5,1.0,40,40,2025-10-halloween-swingthing/allstar-strictly/final,final,eepro
True,20,1.0,20,5,1.0,100,100,2025-10-halloween-swingthing/allstar-strictly/prelim,prelim,eepro
True,6,0.5,12,5,1.0,30,30,2025-10-halloween-swingthing/champion-jj/final,final,eepro
True,19,1.0,19,5,1.0,95,95,2025-10-halloween-swingthing/champion-jj/prelim,prelim,eepro
True,12,0.5,24,7,1.0,84,84,2025-10-halloween-swingthing/intermediate-jj/final,final,eepro
True,92,1.0,92,8,0.5,736,368,2025-10-halloween-swingthing/intermediate-jj/prelim,prelim,eepro
True,52,1.0,52,8,0.5,416,208,2025-10-halloween-swingthing/intermediate-jj/semifinal,semifinal,eepro
True,9,1.0,9,5,1.0,45,45,2025-10-halloween-swingthing/intermediate-strictly/final,final,eepro
True,24,1.0,24,5,1.0,120,120,2025-10-halloween-swingthing/intermediate-strictly/prelim,prelim,eepro
True,5,0.5,10,7,1.0,35,35,2025-10-halloween-swingthing/masters-jj/final,final,eepro
True,29,1.0,29,8,0.5,232,116,2025-10-halloween-swingthing/masters-jj/prelim,prelim,eepro
True,6,1.0,6,5,1.0,30,30,2025-10-halloween-swingthing/masters-strictly/final,final,eepro
True,12,1.0,12,5,1.0,60,60,2025-10-halloween-swingthing/monster-mash-all-american/final,final,eepro
True,57,1.0,57,5,1.0,285,285,2025-10-halloween-swingthing/monster-mash-all-american/prelim,prelim,eepro
True,29,1.0,29,5,1.0,145,145,2025-10-halloween-swingthing/monster-mash-all-american/semifinal,semifinal,eepro
True,5,0.5,10,7,1.0,35,35,2025-10-halloween-swingthing/newcomer-jj/final,final,eepro
True,18,1.0,18,8,0.5,144,72,2025-10-halloween-swingthing/newcomer-jj/prelim,prelim,eepro
True,12,0.5,24,7,1.0,84,84,2025-10-halloween-swingthing/novice-jj/final,final,eepro
True,127,1.0,127,8,0.5,1016,508,2025-10-halloween-swingthing/novice-jj/prelim,prelim,eepro
True,62,1.0,62,8,0.5,496,248,2025-10-halloween-swingthing/novice-jj/semifinal,semifinal,eepro
True,12,1.0,12,5,1.0,60,60,2025-10-halloween-swingthing/novice-strictly/final,final,eepro
True,28,1.0,28,5,1.0,140,140,2025-10-halloween-swingthing/novice-strictly/prelim,prelim,eepro
True,10,1.0,10,5,1.0,50,50,2025-10-halloween-swingthing/strictly-scary/final,final,eepro
True,7,1.0,7,5,1.0,35,35,2025-10-halloween-swingthing/strictly-switchly/final,final,eepro
True,17,1.0,17,5,1.0,85,85,2025-10-halloween-swingthing/strictly-switchly/prelim,prelim,eepro
True,7,0.5,14,7,1.0,49,49,2025-10-montreal-westie-fest/advanced-jj/final,final,wdr
True,14,0.424242,33,8,0.571429,112,64,2025-10-montreal-westie-fest/advanced-jj/prelim,prelim,wdr
True,5,0.5,10,5,1.0,25,25,2025-10-montreal-westie-fest/allstar-jj/final,final,wdr
True,10,0.526316,19,5,1.8,50,90,2025-10-montreal-westie-fest/allstar-jj/prelim,prelim,wdr
True,19,1.0,19,5,0.0,95,0,2025-10-montreal-westie-fest/intermediate-jj-pro-am-followers/final,final,wdr
True,11,1.0,11,5,0.0,55,0,2025-10-montreal-westie-fest/intermediate-jj-pro-am-leaders/final,final,wdr
True,10,0.5,20,7,1.0,70,70,2025-10-montreal-westie-fest/intermediate-jj/final,final,wdr
True,20,0.298507,67,8,0.65,160,104,2025-10-montreal-westie-fest/intermediate-jj/prelim,prelim,wdr
True,11,0.5,22,5,1.0,55,55,2025-10-montreal-westie-fest/intermediate-strictly/final,final,wdr
True,11,0.55,20,5,1.0,55,55,2025-10-montreal-westie-fest/intermediate-strictly/prelim,prelim,wdr
False,0,0.0,48,5,,0,0,2025-10-montreal-westie-fest/jj-non-lumbar/prelim,prelim,wdr
True,49,1.0,49,5,0.0,245,0,2025-10-montreal-westie-fest/newcomer-jj-pro-am-novice-followers/final,final,wdr
True,9,1.0,9,5,0.0,45,0,2025-10-montreal-westie-fest/newcomer-jj-pro-am-novice-leaders/final,final,wdr
True,10,0.5,20,7,1.0,70,70,2025-10-montreal-westie-fest/newcomer-jj/final,final,wdr
True,20,0.37037,54,8,0.6,160,96,2025-10-montreal-westie-fest/newcomer-jj/prelim,prelim,wdr
True,8,0.5,16,5,1.0,40,40,2025-10-montreal-westie-fest/newcomer-strictly-novice/final,final,wdr
True,8,0.470588,17,5,1.25,40,50,2025-10-montreal-westie-fest/newcomer-strictly-novice/prelim,prelim,wdr
True,15,0.5,30,7,1.0,105,105,2025-10-montreal-westie-fest/novice-jj/final,final,wdr
True,68,0.53125,128,8,0.463235,544,252,2025-10-montreal-westie-fest/novice-jj/prelim,prelim,wdr
True,30,0.441176,68,8,0.566667,240,136,2025-10-montreal-westie-fest/novice-jj/prelim-2,prelim,wdr
False,0,,0,5,,0,0,2025-10-montreal-westie-fest/open-pro-am/final,final,wdr
True,6,0.5,12,5,1.0,30,30,2025-10-montreal-westie-fest/open-strictly/final,final,wdr
True,7,0.5,14,5,1.0,35,35,2025-10-montreal-westie-fest/open-switchly-swing-open/final,final,wdr
True,6,0.5,12,5,1.0,30,30,2025-10-montreal-westie-fest/rising-star/final,final,wdr
True,10,0.5,20,7,1.0,70,70,2025-10-montreal-westie-fest/sophisticated-jj/final,final,wdr
True,20,0.512821,39,8,0.55,160,88,2025-10-montreal-westie-fest/sophisticated-jj/prelim,prelim,wdr
True,6,0.5,12,5,1.0,30,30,2025-10-sass/advanced-jj-all-star/final,final,eepro
True,23,1.0,23,5,1.0,115,115,2025-10-sass/advanced-jj-all-star/prelim,prelim,eepro
True,3,1.0,3,5,0.933333,15,14,2025-10-sass/advanced-jj-proam-follower/final,final,eepro
True,2,1.0,2,5,1.0,10,10,2025-10-sass/advanced-jj-proam-leader/final,final,eepro
True,9,1.0,9,5,0.866667,45,39,2025-10-sass/intermediate-jj-proam-follower/final,final,eepro
True,4,1.0,4,5,1.0,20,20,2025-10-sass/intermediate-jj-proam-leader/final,final,eepro
True,10,0.5,20,7,1.0,70,70,2025-10-sass/intermediate-jj/final,final,eepro
True,36,1.0,36,8,0.5,288,144,2025-10-sass/intermediate-jj/prelim,prelim,eepro
True,3,1.0,3,5,1.0,15,15,2025-10-sass/intermediate-strictly-proam/final,final,eepro
True,10,1.0,10,5,1.0,50,50,2025-10-sass/intermediate-strictly/final,final,eepro
True,16,1.0,16,5,0.8125,80,65,2025-10-sass/jj-proam-follower-new-nov/final,final,eepro
True,8,1.0,8,5,1.0,40,40,2025-10-sass/jj-proam-leader-new-nov/final,final,eepro
True,10,0.5,20,5,1.0,50,50,2025-10-sass/jj-spooky-all-american/final,final,eepro
True,17,1.0,17,5,1.0,85,85,2025-10-sass/jj-spooky-all-american/prelim,prelim,eepro
True,4,0.666667,6,7,1.0,28,28,2025-10-sass/masters-novice-jj/final,final,eepro
True,6,0.545455,11,7,1.0,42,42,2025-10-sass/masters-open-jj/final,final,eepro
True,5,0.5,10,7,1.0,35,35,2025-10-sass/newcomer-jj/final,final,eepro
True,25,1.0,25,8,0.5,200,100,2025-10-sass/newcomer-jj/prelim,prelim,eepro
True,11,0.5,22,7,1.0,77,77,2025-10-sass/novice-jj/final,final,eepro
True,59,1.0,59,8,0.5,472,236,2025-10-sass/novice-jj/prelim,prelim,eepro
True,7,1.0,7,5,1.0,35,35,2025-10-sass/novice-strictly/final,final,eepro
True,5,1.0,5,5,1.0,25,25,2025-10-sass/open-strictly/final,final,eepro
True,5,0.5,10,7,1.0,35,35,2025-10-sass/sophisticated-jj/final,final,eepro
True,16,1.0,16,8,0.5,128,64,2025-10-sass/sophisticated-jj/prelim,prelim,eepro
True,4,1.0,4,5,1.0,20,20,2025-10-sass/sophisticated-strictly/final,final,eepro
True,1,1.0,1,5,1.0,5,5,2025-10-sass/strictly-proam-new-nov/final,final,eepro
True,13,0.5,26,7,1.0,91,91,2025-10-swing-city-chicago/advanced-jj/final,final,wdr
True,26,0.419355,62,8,0.576923,208,120,2025-10-swing-city-chicago/advanced-jj/prelim,prelim,wdr
True,12,0.5,24,5,1.0,60,60,2025-10-swing-city-chicago/advanced-strictly/final,final,wdr
True,8,0.5,16,7,1.0,56,56,2025-10-swing-city-chicago/allstar-jj/final,final,wdr
True,16,0.516129,31,8,0.5,128,64,2025-10-swing-city-chicago/allstar-jj/prelim,prelim,wdr
True,7,0.5,14,5,1.0,35,35,2025-10-swing-city-chicago/allstar-strictly/final,final,wdr
True,7,0.583333,12,5,1.714286,35,60,2025-10-swing-city-chicago/allstar-strictly/prelim,prelim,wdr
True,12,0.5,24,7,1.0,84,84,2025-10-swing-city-chicago/intermediate-jj/final,final,wdr
True,40,0.444444,90,8,0.65,320,208,2025-10-swing-city-chicago/intermediate-jj/prelim,prelim,wdr
True,24,0.6,40,8,0.8125,192,156,2025-10-swing-city-chicago/intermediate-jj/prelim-2,prelim,wdr
False,0,,0,7,,0,0,2025-10-swing-city-chicago/intermediate-pro-am-advanced/final,final,wdr
True,9,0.6,15,5,0.0,45,0,2025-10-swing-city-chicago/intermediate-strictly-pro-am-followers/final,final,wdr
True,10,0.625,16,5,0.0,50,0,2025-10-swing-city-chicago/intermediate-strictly-pro-am-leaders/final,final,wdr
True,9,0.5,18,5,1.0,45,45,2025-10-swing-city-chicago/intermediate-strictly/final,final,wdr
True,9,0.692308,13,5,1.444444,45,65,2025-10-swing-city-chicago/intermediate-strictly/prelim,prelim,wdr
True,13,0.5,26,5,1.0,65,65,2025-10-swing-city-chicago/jj-all-american/final,final,wdr
True,23,0.5,46,5,1.0,115,115,2025-10-swing-city-chicago/jj-all-american/prelim,prelim,wdr
True,13,0.565217,23,5,0.923077,65,60,2025-10-swing-city-chicago/jj-all-american/prelim-2,prelim,wdr
True,10,0.5,20,7,1.0,70,70,2025-10-swing-city-chicago/masters-jj/final,final,wdr
True,20,0.47619,42,8,0.6,160,96,2025-10-swing-city-chicago/masters-jj/prelim,prelim,wdr
True,5,0.5,10,5,1.0,25,25,2025-10-swing-city-chicago/masters-strictly/final,final,wdr
True,12,0.5,24,7,1.0,84,84,2025-10-swing-city-chicago/newcomer-jj/final,final,wdr
True,24,0.48,50,8,0.541667,192,104,2025-10-swing-city-chicago/newcomer-jj/prelim,prelim,wdr
True,5,0.5,10,5,0.0,25,0,2025-10-swing-city-chicago/newcomer-strictly-pro-am-followers/final,final,wdr
True,5,0.555556,9,5,0.0,25,0,2025-10-swing-city-chicago/newcomer-strictly-pro-am-leaders/final,final,wdr
True,13,0.5,26,7,1.0,91,91,2025-10-swing-city-chicago/novice-jj/final,final,wdr
True,72,0.537313,134,8,0.513889,576,296,2025-10-swing-city-chicago/novice-jj/prelim,prelim,wdr
True,26,0.361111,72,8,0.5,208,104,2025-10-swing-city-chicago/novice-jj/prelim-2,prelim,wdr
False,0,,0,7,,0,0,2025-10-swing-city-chicago/novice-pro-am/final,final,wdr
True,23,0.676471,34,5,0.0,115,0,2025-10-swing-city-chicago/novice-strictly-pro-am-followers/final,final,wdr
True,11,0.52381,21,5,0.0,55,0,2025-10-swing-city-chicago/novice-strictly-pro-am-leaders/final,final,wdr
True,8,0.5,16,5,1.0,40,40,2025-10-swing-city-chicago/novice-strictly/final,final,wdr
True,8,0.615385,13,5,1.125,40,45,2025-10-swing-city-chicago/novice-strictly/prelim,prelim,wdr
True,4,0.5,8,5,0.95,20,19,2025-10-swing-city-chicago/rising-star/final,final,wdr
True,10,0.5,20,7,1.0,70,70,2025-10-swing-city-chicago/sophisticated-jj/final,final,wdr
True,20,0.344828,58,8,0.6,160,96,2025-10-swing-city-chicago/sophisticated-jj/prelim,prelim,wdr
True,8,0.5,16,5,1.0,40,40,2025-10-swing-city-chicago/strictly-generational/final,final,wdr
True,8,0.571429,14,5,1.125,40,45,2025-10-swing-city-chicago/strictly-generational/prelim,prelim,wdr
True,7,0.5,14,10,0.9,70,63,2025-10-swingside-invitational/advanced-jj/final,final,scoringdance
True,35,0.945946,37,13,0.487912,455,222,2025-10-swingside-invitational/advanced-jj/prelim,prelim,scoringdance
True,6,0.5,12,6,0.833333,36,30,2025-10-swingside-invitational/allstar-jj/final,final,scoringdance
True,22,1.0,22,9,0.444444,198,88,2025-10-swingside-invitational/allstar-jj/prelim,prelim,scoringdance
True,10,0.5,20,10,0.9,100,90,2025-10-swingside-invitational/intermediate-jj/final,final,scoringdance
True,61,0.859155,71,13,0.537201,793,426,2025-10-swingside-invitational/intermediate-jj/prelim,prelim,scoringdance
False,0,0.0,24,6,,0,120,2025-10-swingside-invitational/intermediate-strictly-advanced-all-stars/prelim,prelim,scoringdance
True,10,0.5,20,10,0.9,100,90,2025-10-swingside-invitational/newcomer-jj/final,final,scoringdance
True,64,0.941176,68,13,0.490385,832,408,2025-10-swingside-invitational/newcomer-jj/prelim,prelim,scoringdance
False,0,0.0,32,7,,0,192,2025-10-swingside-invitational/newcomer-strictly-novice/prelim,prelim,scoringdance
True,15,0.5,30,10,0.9,150,135,2025-10-swingside-invitational/novice-jj/final,final,scoringdance
True,136,0.888889,153,13,0.519231,1768,918,2025-10-swingside-invitational/novice-jj/prelim,prelim,scoringdance
True,78,1.0,78,13,0.461538,1014,468,2025-10-swingside-invitational/novice-jj/semifinal,semifinal,scoringdance
True,10,0.5,20,10,0.9,100,90,2025-10-swingside-invitational/sophisticated-jj-35y/final,final,scoringdance
True,64,0.969697,66,13,0.475962,832,396,2025-10-swingside-invitational/sophisticated-jj-35y/prelim,prelim,scoringdance
True,8,0.5,16,6,0.833333,48,40,2025-10-swingside-invitational/unknown/final,final,scoringdance
True,7,0.5,14,5,1.0,35,35,2025-10-swustlicious/advanced-jj/final,final,wdr
True,14,0.666667,21,8,0.714286,112,80,2025-10-swustlicious/advanced-jj/prelim,prelim,wdr
True,5,0.5,10,5,1.0,25,25,2025-10-swustlicious/allstar-jj/final,final,wdr
True,10,0.714286,14,7,1.4,70,98,2025-10-swustlicious/allstar-jj/prelim,prelim,wdr
True,11,0.5,22,5,1.0,55,55,2025-10-swustlicious/intermediate-jj/final,final,wdr
True,22,0.44898,49,8,0.545455,176,96,2025-10-swustlicious/intermediate-jj/prelim,prelim,wdr
True,6,0.5,12,5,1.0,30,30,2025-10-swustlicious/jj-crossover/final,final,wdr
True,12,0.48,25,6,0.583333,72,42,2025-10-swustlicious/jj-crossover/prelim,prelim,wdr
True,10,0.5,20,5,1.0,50,50,2025-10-swustlicious/masters-jj/final,final,wdr
True,20,0.5,40,8,0.6,160,96,2025-10-swustlicious/masters-jj/prelim,prelim,wdr
True,10,0.5,20,5,1.0,50,50,2025-10-swustlicious/novice-jj/final,final,wdr
True,20,0.333333,60,8,0.6,160,96,2025-10-swustlicious/novice-jj/prelim,prelim,wdr
True,9,0.5,18,5,1.0,45,45,2025-10-swustlicious/other-jj-hustle-int-adv/final,final,wdr
True,6,0.5,12,5,1.0,30,30,2025-10-swustlicious/other-masters-jj-hustle/final,final,wdr
True,5,0.5,10,5,1.0,25,25,2025-10-swustlicious/other-novice-jj-hustle/final,final,wdr
True,10,0.5,20,6,0.7,60,42,2025-10-swustlicious/other-novice-jj-hustle/prelim,prelim,wdr
True,5,0.5,10,5,1.0,25,25,2025-10-swustlicious/other-sophisticated-jj-hustle/final,final,wdr
True,10,0.588235,17,6,0.7,60,42,2025-10-swustlicious/other-sophisticated-jj-hustle/prelim,prelim,wdr
True,8,0.5,16,5,1.0,40,40,2025-10-swustlicious/sophisticated-jj/final,final,wdr
True,16,0.5,32,8,0.625,128,80,2025-10-swustlicious/sophisticated-jj/prelim,prelim,wdr
True,12,0.5,24,5,1.0,60,60,2025-11-dc-swing-experience/advanced-jj/final,final,eepro
True,100,1.0,100,10,0.5,1000,500,2025-11-dc-swing-experience/advanced-jj/prelim,prelim,eepro
True,56,1.0,56,10,0.5,560,280,2025-11-dc-swing-experience/advanced-jj/semifinal,semifinal,eepro
True,8,1.0,8,5,1.0,40,40,2025-11-dc-swing-experience/advanced-strictly/final,final,eepro
True,33,1.0,33,5,1.0,165,165,2025-11-dc-swing-experience/advanced-strictly/prelim,prelim,eepro
True,10,0.5,20,5,1.0,50,50,2025-11-dc-swing-experience/allstar-jj/final,final,eepro
True,51,1.0,51,10,0.5,510,255,2025-11-dc-swing-experience/allstar-jj/prelim,prelim,eepro
True,7,1.0,7,5,1.0,35,35,2025-11-dc-swing-experience/allstar-strictly/final,final,eepro
True,21,1.0,21,5,1.0,105,105,2025-11-dc-swing-experience/allstar-strictly/prelim,prelim,eepro
True,7,0.5,14,5,1.0,35,35,2025-11-dc-swing-experience/champion-jj/final,final,eepro
True,24,1.0,24,5,1.0,120,120,2025-11-dc-swing-experience/champion-jj/prelim,prelim,eepro
True,10,1.0,10,5,1.0,50,50,2025-11-dc-swing-experience/champion-strictly/final,final,eepro
True,10,0.526316,19,5,1.0,50,50,2025-11-dc-swing-experience/intermediate-jj-proam-follower/final,final,eepro
True,11,0.52381,21,5,1.0,55,55,2025-11-dc-swing-experience/intermediate-jj-proam-leader/final,final,eepro
True,11,0.5,22,5,1.0,55,55,2025-11-dc-swing-experience/intermediate-jj/final,final,eepro
True,142,1.0,142,10,0.5,1420,710,2025-11-dc-swing-experience/intermediate-jj/prelim,prelim,eepro
True,54,1.0,54,10,0.5,540,270,2025-11-dc-swing-experience/intermediate-jj/semifinal,semifinal,eepro
True,11,1.0,11,5,1.0,55,55,2025-11-dc-swing-experience/intermediate-strictly/final,final,eepro
True,34,1.0,34,5,1.0,170,170,2025-11-dc-swing-experience/intermediate-strictly/prelim,prelim,eepro
True,38,1.0,38,5,1.0,190,190,2025-11-dc-swing-experience/jj-proam-int-follower/prelim,prelim,eepro
True,35,1.0,35,5,1.0,175,175,2025-11-dc-swing-experience/jj-proam-int-leader/prelim,prelim,eepro
True,10,0.5,20,5,1.0,50,50,2025-11-dc-swing-experience/jj-proam-new-nov-follower/final,final,eepro
True,33,1.0,33,5,1.0,165,165,2025-11-dc-swing-experience/jj-proam-new-nov-follower/prelim,prelim,eepro
True,40,1.0,40,5,1.0,200,200,2025-11-dc-swing-experience/jj-proam-new-nov-leader/prelim,prelim,eepro
True,5,0.5,10,7,1.0,35,35,2025-11-dc-swing-experience/masters-jj/final,final,eepro
True,33,1.0,33,10,0.5,330,165,2025-11-dc-swing-experience/masters-jj/prelim,prelim,eepro
True,10,0.5,20,5,1.0,50,50,2025-11-dc-swing-experience/newcomer-jj/final,final,eepro
True,73,1.0,73,10,0.5,730,365,2025-11-dc-swing-experience/newcomer-jj/prelim,prelim,eepro
True,48,1.0,48,10,0.5,480,240,2025-11-dc-swing-experience/newcomer-jj/semifinal,semifinal,eepro
True,10,0.555556,18,5,1.0,50,50,2025-11-dc-swing-experience/novice-jj-proam-new-leader/final,final,eepro
True,15,0.5,30,7,1.0,105,105,2025-11-dc-swing-experience/novice-jj/final,final,eepro
True,176,1.0,176,10,0.5,1760,880,2025-11-dc-swing-experience/novice-jj/prelim,prelim,eepro
True,78,1.0,78,10,0.5,780,390,2025-11-dc-swing-experience/novice-jj/semifinal,semifinal,eepro
True,10,1.0,10,5,1.0,50,50,2025-11-dc-swing-experience/pro-am-spotlight-int-adv/final,final,eepro
True,6,1.0,6,5,1.0,30,30,2025-11-dc-swing-experience/pro-am-spotlight-new-nov/final,final,eepro
True,8,1.0,8,5,0.975,40,39,2025-11-dc-swing-experience/rising-star/final,final,eepro
True,10,0.5,20,7,1.0,70,70,2025-11-dc-swing-experience/sophisticated-jj/final,final,eepro
True,63,1.0,63,10,0.5,630,315,2025-11-dc-swing-experience/sophisticated-jj/prelim,prelim,eepro
True,9,1.0,9,5,1.0,45,45,2025-11-dc-swing-experience/strictly-new-nov/final,final,eepro
True,31,1.0,31,5,1.0,155,155,2025-11-dc-swing-experience/strictly-new-nov/prelim,prelim,eepro
True,12,0.5,24,7,1.0,84,84,2025-11-midnight-madness/advanced-jj/final,final,eepro
True,60,1.0,60,10,0.5,600,300,2025-11-midnight-madness/advanced-jj/prelim,prelim,eepro
True,3,1.0,3,5,1.0,15,15,2025-11-midnight-madness/advanced-strictly-pro-am-am-followers/final,final,eepro
True,1,1.0,1,5,1.0,5,5,2025-11-midnight-madness/advanced-strictly-pro-am-am-leaders/final,final,eepro
True,14,1.0,14,5,1.0,70,70,2025-11-midnight-madness/advanced-strictly/final,final,eepro
True,18,1.0,18,5,1.0,90,90,2025-11-midnight-madness/advanced-strictly/prelim,prelim,eepro
True,12,1.0,12,5,1.0,60,60,2025-11-midnight-madness/all-madness-j-j/final,final,eepro
True,59,1.0,59,5,1.0,295,295,2025-11-midnight-madness/all-madness-j-j/prelim,prelim,eepro
True,25,1.0,25,5,1.0,125,125,2025-11-midnight-madness/all-madness-j-j/semifinal,semifinal,eepro
True,10,0.5,20,7,1.0,70,70,2025-11-midnight-madness/allstar-jj/final,final,eepro
True,44,1.0,44,10,0.5,440,220,2025-11-midnight-madness/allstar-jj/prelim,prelim,eepro
True,8,1.0,8,5,1.0,40,40,2025-11-midnight-madness/allstar-strictly/final,final,eepro
True,16,1.0,16,5,1.0,80,80,2025-11-midnight-madness/allstar-strictly/prelim,prelim,eepro
True,9,0.5,18,5,1.0,45,45,2025-11-midnight-madness/champion-jj/final,final,eepro
True,27,1.0,27,10,0.5,270,135,2025-11-midnight-madness/champion-jj/prelim,prelim,eepro
True,12,0.5,24,7,1.0,84,84,2025-11-midnight-madness/intermediate-jj/final,final,eepro
True,90,1.0,90,10,0.5,900,450,2025-11-midnight-madness/intermediate-jj/prelim,prelim,eepro
True,54,1.0,54,10,0.5,540,270,2025-11-midnight-madness/intermediate-jj/semifinal,semifinal,eepro
True,25,1.0,25,5,1.0,125,125,2025-11-midnight-madness/intermediate-strictly-pro-am-am-followers/final,final,eepro
True,9,1.0,9,5,1.0,45,45,2025-11-midnight-madness/intermediate-strictly-pro-am-am-leaders/final,final,eepro
True,11,1.0,11,5,1.0,55,55,2025-11-midnight-madness/intermediate-strictly/final,final,eepro
True,18,1.0,18,5,1.0,90,90,2025-11-midnight-madness/intermediate-strictly/prelim,prelim,eepro
True,6,0.5,12,7,1.0,42,42,2025-11-midnight-madness/masters-jj/final,final,eepro
True,31,1.0,31,10,0.5,310,155,2025-11-midnight-madness/masters-jj/prelim,prelim,eepro
True,6,1.0,6,5,1.0,30,30,2025-11-midnight-madness/masters-strictly-pro-am-am-followers/final,final,eepro
True,4,1.0,4,5,1.0,20,20,2025-11-midnight-madness/masters-strictly-pro-am-am-leaders/final,final,eepro
True,5,1.0,5,5,1.0,25,25,2025-11-midnight-madness/masters-strictly/final,final,eepro
True,10,0.5,20,5,1.0,50,50,2025-11-midnight-madness/newcomer-jj/final,final,eepro
True,43,1.0,43,10,0.5,430,215,2025-11-midnight-madness/newcomer-jj/prelim,prelim,eepro
True,6,1.0,6,5,1.0,30,30,2025-11-midnight-madness/newcomer-strictly-pro-am-am-followers/final,final,eepro
True,4,1.0,4,5,1.0,20,20,2025-11-midnight-madness/newcomer-strictly-pro-am-am-leaders/final,final,eepro
True,15,0.5,30,7,1.0,105,105,2025-11-midnight-madness/novice-jj/final,final,eepro
True,150,1.0,150,10,0.5,1500,750,2025-11-midnight-madness/novice-jj/prelim,prelim,eepro
True,92,1.0,92,10,0.5,920,460,2025-11-midnight-madness/novice-jj/semifinal,semifinal,eepro
True,25,1.0,25,5,1.0,125,125,2025-11-midnight-madness/novice-strictly-pro-am-am-followers/final,final,eepro
True,13,1.0,13,5,1.0,65,65,2025-11-midnight-madness/novice-strictly-pro-am-am-leaders/final,final,eepro
True,8,1.0,8,5,1.0,40,40,2025-11-midnight-madness/pro-am-follow-int-adv/final,final,eepro
True,7,1.0,7,5,1.0,35,35,2025-11-midnight-madness/pro-am-follow-new-nov/final,final,eepro
True,8,1.0,8,7,0.964286,56,54,2025-11-midnight-madness/rising-star/final,final,eepro
True,11,0.5,22,5,1.0,55,55,2025-11-midnight-madness/sophisticated-jj/final,final,eepro
True,39,1.0,39,10,0.5,390,195,2025-11-midnight-madness/sophisticated-jj/prelim,prelim,eepro
True,7,1.0,7,5,1.0,35,35,2025-11-midnight-madness/sophisticated-strictly/final,final,eepro
True,15,1.0,15,5,1.0,75,75,2025-11-midnight-madness/strictly-new-nov/final,final,eepro
True,31,1.0,31,5,1.0,155,155,2025-11-midnight-madness/strictly-new-nov/prelim,prelim,eepro
True,7,1.0,7,5,1.0,35,35,2025-11-northeast-swing-clasic/advanced-jj-proam-am-follower/final,final,eepro
True,4,1.0,4,5,1.0,20,20,2025-11-northeast-swing-clasic/advanced-jj-proam-leader/final,final,eepro
True,8,0.5,16,5,1.0,40,40,2025-11-northeast-swing-clasic/advanced-jj/final,final,eepro
True,35,1.0,35,8,0.5,280,140,2025-11-northeast-swing-clasic/advanced-jj/prelim,prelim,eepro
True,5,1.0,5,5,1.0,25,25,2025-11-northeast-swing-clasic/advanced-strictly/final,final,eepro
True,8,0.5,16,7,1.0,56,56,2025-11-northeast-swing-clasic/allstar-jj/final,final,eepro
True,27,1.0,27,8,0.5,216,108,2025-11-northeast-swing-clasic/allstar-jj/prelim,prelim,eepro
True,8,1.0,8,5,1.0,40,40,2025-11-northeast-swing-clasic/intermediate-jj-proam-am-follower/final,final,eepro
True,17,1.0,17,5,1.0,85,85,2025-11-northeast-swing-clasic/intermediate-jj-proam-follower/prelim,prelim,eepro
True,9,1.0,9,5,1.0,45,45,2025-11-northeast-swing-clasic/intermediate-jj-proam-leader/final,final,eepro
True,10,0.5,20,7,1.0,70,70,2025-11-northeast-swing-clasic/intermediate-jj/final,final,eepro
True,59,1.0,59,8,0.5,472,236,2025-11-northeast-swing-clasic/intermediate-jj/prelim,prelim,eepro
True,8,1.0,8,5,1.0,40,40,2025-11-northeast-swing-clasic/intermediate-strictly/final,final,eepro
True,16,1.0,16,5,1.0,80,80,2025-11-northeast-swing-clasic/intermediate-strictly/prelim,prelim,eepro
True,35,1.0,35,5,1.0,175,175,2025-11-northeast-swing-clasic/jj-all-american/prelim,prelim,eepro
True,8,1.0,8,5,1.0,40,40,2025-11-northeast-swing-clasic/jj-proam-new-nov-am-follower/final,final,eepro
True,43,1.0,43,5,1.0,215,215,2025-11-northeast-swing-clasic/jj-proam-new-nov-follower/prelim,prelim,eepro
True,16,1.0,16,5,1.0,80,80,2025-11-northeast-swing-clasic/jj-proam-new-nov-leader/prelim,prelim,eepro
True,10,0.5,20,5,1.0,50,50,2025-11-northeast-swing-clasic/masters-jj/final,final,eepro
True,51,1.0,51,8,0.5,408,204,2025-11-northeast-swing-clasic/masters-jj/prelim,prelim,eepro
True,8,1.0,8,5,1.0,40,40,2025-11-northeast-swing-clasic/masters-strictly/final,final,eepro
True,10,0.5,20,7,1.0,70,70,2025-11-northeast-swing-clasic/newcomer-jj/final,final,eepro
True,41,1.0,41,8,0.5,328,164,2025-11-northeast-swing-clasic/newcomer-jj/prelim,prelim,eepro
True,8,1.0,8,5,1.0,40,40,2025-11-northeast-swing-clasic/novice-jj-proam-new-leader/final,final,eepro
True,12,0.5,24,7,1.0,84,84,2025-11-northeast-swing-clasic/novice-jj/final,final,eepro
True,117,1.0,117,8,0.5,936,468,2025-11-northeast-swing-clasic/novice-jj/prelim,prelim,eepro
True,74,1.0,74,8,0.5,592,296,2025-11-northeast-swing-clasic/novice-jj/semifinal,semifinal,eepro
True,10,1.0,10,5,1.0,50,50,2025-11-northeast-swing-clasic/open-strictly/final,final,eepro
True,10,0.5,20,5,1.0,50,50,2025-11-northeast-swing-clasic/sophisticated-jj/final,final,eepro
True,44,1.0,44,8,0.5,352,176,2025-11-northeast-swing-clasic/sophisticated-jj/prelim,prelim,eepro
True,7,1.0,7,5,1.0,35,35,2025-11-northeast-swing-clasic/sophisticated-strictly/final,final,eepro
True,11,1.0,11,5,1.0,55,55,2025-11-northeast-swing-clasic/strictly-new-nov/final,final,eepro
True,21,1.0,21,5,1.0,105,105,2025-11-northeast-swing-clasic/strictly-new-nov/prelim,prelim,eepro
True,3,1.0,3,5,1.0,15,15,2025-11-northeast-swing-clasic/strictly-switch/final,final,eepro
True,6,0.5,12,5,1.0,30,30,2025-11-rocket-city-swing/advanced-jj/final,final,wdr
True,12,0.48,25,10,0.666667,120,80,2025-11-rocket-city-swing/advanced-jj/prelim,prelim,wdr
True,8,0.5,16,5,1.0,40,40,2025-11-rocket-city-swing/advanced-strictly-all-star/final,final,wdr
True,7,0.538462,13,7,1.0,49,49,2025-11-rocket-city-swing/allstar-jj/final,final,wdr
True,7,1.0,7,5,1.0,35,35,2025-11-rocket-city-swing/intermediate-jj-pro-am-followers/final,final,wdr
True,4,1.0,4,5,1.0,20,20,2025-11-rocket-city-swing/intermediate-jj-pro-am-leaders/final,final,wdr
True,8,0.5,16,7,1.0,56,56,2025-11-rocket-city-swing/intermediate-jj/final,final,wdr
True,16,0.615385,26,10,0.8125,160,130,2025-11-rocket-city-swing/intermediate-jj/prelim,prelim,wdr
False,0,,0,7,,0,0,2025-11-rocket-city-swing/intermediate-pro-am-advanced/final,final,wdr
True,5,0.555556,9,5,0.0,25,0,2025-11-rocket-city-swing/intermediate-strictly-pro-am-followers/final,final,wdr
True,4,0.5,8,5,0.0,20,0,2025-11-rocket-city-swing/intermediate-strictly-pro-am-leaders/final,final,wdr
True,8,0.5,16,5,1.0,40,40,2025-11-rocket-city-swing/intermediate-strictly/final,final,wdr
True,9,0.529412,17,5,1.0,45,45,2025-11-rocket-city-swing/invitational-jj/final,final,wdr
True,24,0.545455,44,5,0.0,120,0,2025-11-rocket-city-swing/jj-all-american-tournament/final,final,wdr
True,7,0.5,14,5,1.0,35,35,2025-11-rocket-city-swing/masters-jj/final,final,wdr
True,14,0.538462,26,10,0.642857,140,90,2025-11-rocket-city-swing/masters-jj/prelim,prelim,wdr
True,5,0.5,10,7,1.0,35,35,2025-11-rocket-city-swing/newcomer-jj/final,final,wdr
True,10,0.625,16,10,0.75,100,75,2025-11-rocket-city-swing/newcomer-jj/prelim,prelim,wdr
True,24,1.0,24,5,1.0,120,120,2025-11-rocket-city-swing/novice-jj-pro-am-followers/final,final,wdr
True,10,1.0,10,5,1.0,50,50,2025-11-rocket-city-swing/novice-jj-pro-am-leaders/final,final,wdr
True,13,0.5,26,7,1.0,91,91,2025-11-rocket-city-swing/novice-jj/final,final,wdr
True,46,0.621622,74,10,0.565217,460,260,2025-11-rocket-city-swing/novice-jj/prelim,prelim,wdr
True,26,0.565217,46,10,0.538462,260,140,2025-11-rocket-city-swing/novice-jj/prelim-2,prelim,wdr
False,0,,0,7,,0,0,2025-11-rocket-city-swing/novice-pro-am/final,final,wdr
True,24,0.685714,35,5,0.0,120,0,2025-11-rocket-city-swing/novice-strictly-pro-am-followers/final,final,wdr
True,8,0.571429,14,5,0.0,40,0,2025-11-rocket-city-swing/novice-strictly-pro-am-leaders/final,final,wdr
True,7,0.5,14,5,1.0,35,35,2025-11-rocket-city-swing/novice-strictly/final,final,wdr
True,7,0.4375,16,5,1.571429,35,55,2025-11-rocket-city-swing/novice-strictly/prelim,prelim,wdr
True,7,0.5,14,7,1.0,49,49,2025-11-rocket-city-swing/sophisticated-jj/final,final,wdr
True,14,0.666667,21,10,0.75,140,105,2025-11-rocket-city-swing/sophisticated-jj/prelim,prelim,wdr
True,5,0.5,10,5,1.0,25,25,2025-11-rocket-city-swing/strictly-generational/final,final,wdr
True,13,0.5,26,9,1.0,117,117,2025-11-the-open/advanced-jj/final,final,eepro
True,125,1.0,125,10,0.5,1250,625,2025-11-the-open/advanced-jj/prelim,prelim,eepro
True,56,1.0,56,10,0.5,560,280,2025-11-the-open/advanced-jj/semifinal,semifinal,eepro
True,12,0.5,24,9,1.0,108,108,2025-11-the-open/allstar-jj/final,final,eepro
True,119,1.0,119,10,0.5,1190,595,2025-11-the-open/allstar-jj/prelim,prelim,eepro
True,52,1.0,52,10,0.5,520,260,2025-11-the-open/allstar-jj/semifinal,semifinal,eepro
True,10,0.5,20,9,1.0,90,90,2025-11-the-open/champion-jj/final,final,eepro
True,60,1.0,60,10,0.5,600,300,2025-11-the-open/champion-jj/prelim,prelim,eepro
True,8,1.0,8,9,1.0,72,72,2025-11-the-open/champion-strictly/final,final,eepro
True,27,1.0,27,9,1.0,243,243,2025-11-the-open/champion-strictly/prelim,prelim,eepro
True,12,1.0,12,9,0.990741,108,107,2025-11-the-open/classic-rising-star/final,final,eepro
False,0,0.0,34,9,,0,27,2025-11-the-open/classic-rising-star/prelim,prelim,eepro
True,12,1.0,12,9,1.0,108,108,2025-11-the-open/classic/final,final,eepro
False,0,0.0,22,9,,0,27,2025-11-the-open/classic/prelim,prelim,eepro
True,12,0.5,24,9,1.0,108,108,2025-11-the-open/intermediate-jj/final,final,eepro
True,99,1.0,99,10,0.5,990,495,2025-11-the-open/intermediate-jj/prelim,prelim,eepro
True,56,1.0,56,10,0.5,560,280,2025-11-the-open/intermediate-jj/semifinal,semifinal,eepro
True,8,0.5,16,5,1.0,40,40,2025-11-the-open/juniors-jj-carolina-shag/final,final,eepro
True,23,1.0,23,5,1.0,115,115,2025-11-the-open/juniors-jj-carolina-shag/prelim,prelim,eepro
True,6,0.5,12,5,1.0,30,30,2025-11-the-open/juniors-jj/final,final,eepro
True,17,1.0,17,5,1.0,85,85,2025-11-the-open/juniors-jj/prelim,prelim,eepro
True,11,1.0,11,7,1.0,77,77,2025-11-the-open/juniors-strictly-carolina-shag/final,final,eepro
True,3,1.0,3,7,1.0,21,21,2025-11-the-open/juniors-strictly/final,final,eepro
True,12,0.5,24,9,1.0,108,108,2025-11-the-open/masters-jj/final,final,eepro
True,73,1.0,73,10,0.5,730,365,2025-11-the-open/masters-jj/prelim,prelim,eepro
True,46,1.0,46,10,0.5,460,230,2025-11-the-open/masters-jj/semifinal,semifinal,eepro
True,11,1.0,11,9,1.0,99,99,2025-11-the-open/masters-masters/final,final,eepro
True,8,1.0,8,7,1.0,56,56,2025-11-the-open/masters-strictly/final,final,eepro
True,13,1.0,13,7,1.0,91,91,2025-11-the-open/masters-strictly/prelim,prelim,eepro
True,12,0.5,24,9,1.0,108,108,2025-11-the-open/novice-jj/final,final,eepro
True,101,1.0,101,10,0.5,1010,505,2025-11-the-open/novice-jj/prelim,prelim,eepro
True,56,1.0,56,10,0.5,560,280,2025-11-the-open/novice-jj/semifinal,semifinal,eepro
True,10,1.0,10,7,1.0,70,70,2025-11-the-open/novice-strictly-intermediate/final,final,eepro
True,20,1.0,20,7,1.0,140,140,2025-11-the-open/novice-strictly-intermediate/prelim,prelim,eepro
True,4,1.0,4,7,1.0,28,28,2025-11-the-open/open-carolina-shag-open/final,final,eepro
True,9,0.5625,16,5,1.0,45,45,2025-11-the-open/open-jj-carolina-shag/final,final,eepro
True,26,1.0,26,7,1.0,182,182,2025-11-the-open/open-pro-am-follower/final,final,eepro
True,13,1.0,13,7,1.0,91,91,2025-11-the-open/open-pro-am-leader/final,final,eepro
True,11,1.0,11,7,1.0,77,77,2025-11-the-open/open-strictly/final,final,eepro
True,33,1.0,33,7,1.0,231,231,2025-11-the-open/open-strictly/prelim,prelim,eepro
True,21,1.0,21,7,1.0,147,147,2025-11-the-open/open-strictly/semifinal,semifinal,eepro
True,5,1.0,5,9,1.0,45,45,2025-11-the-open/showcase-rising-star/final,final,eepro
True,12,1.0,12,9,0.981481,108,106,2025-11-the-open/showcase/final,final,eepro
True,15,1.0,15,7,1.0,105,105,2025-11-the-open/sophisticated-pro-am-follower/final,final,eepro
True,5,1.0,5,7,1.0,35,35,2025-11-the-open/sophisticated-pro-am-leader/final,final,eepro
True,9,1.0,9,9,0.975309,81,79,2025-11-the-open/sophisticated-sophisticated/final,final,eepro
True,5,1.0,5,9,1.0,45,45,2025-11-the-open/teams/final,final,eepro
True,3,1.0,3,9,0.962963,27,26,2025-11-the-open/young-adult/final,final,eepro
True,7,0.538462,13,5,1.0,35,35,2025-12-swingle-bell-rock/advanced-jj/final,final,eepro
True,5,1.0,5,5,1.0,25,25,2025-12-swingle-bell-rock/advanced-strictly/final,final,eepro
True,6,0.6,10,5,1.0,30,30,2025-12-swingle-bell-rock/allstar-jj/final,final,eepro
True,3,1.0,3,5,1.0,15,15,2025-12-swingle-bell-rock/allstar-strictly/final,final,eepro
True,5,0.5,10,5,1.0,25,25,2025-12-swingle-bell-rock/intermediate-jj/final,final,eepro
True,34,1.0,34,8,0.5,272,136,2025-12-swingle-bell-rock/intermediate-jj/prelim,prelim,eepro
True,10,1.0,10,5,1.0,50,50,2025-12-swingle-bell-rock/intermediate-strictly/final,final,eepro
True,8,0.5,16,5,1.0,40,40,2025-12-swingle-bell-rock/invitational-jj/final,final,eepro
True,9,0.5,18,5,1.0,45,45,2025-12-swingle-bell-rock/jj-ugly-sweater/final,final,eepro
True,37,1.0,37,5,1.0,185,185,2025-12-swingle-bell-rock/jj-ugly-sweater/prelim,prelim,eepro
True,6,0.5,12,5,1.0,30,30,2025-12-swingle-bell-rock/masters-jj/final,final,eepro
True,25,1.0,25,8,0.5,200,100,2025-12-swingle-bell-rock/masters-jj/prelim,prelim,eepro
True,6,1.0,6,5,1.0,30,30,2025-12-swingle-bell-rock/masters-strictly/final,final,eepro
True,8,0.5,16,5,1.0,40,40,2025-12-swingle-bell-rock/novice-jj/final,final,eepro
True,55,1.0,55,8,0.5,440,220,2025-12-swingle-bell-rock/novice-jj/prelim,prelim,eepro
True,12,1.0,12,5,1.0,60,60,2025-12-swingle-bell-rock/novice-strictly/final,final,eepro
True,7,1.0,7,5,1.0,35,35,2025-12-swingle-bell-rock/swinglebell-rock-challenge/final,final,eepro
True,12,0.5,24,5,1.0,60,60,2026-01-austin-swing-dance-championships/advanced-jj/final,final,eepro
True,68,1.0,68,8,0.5,544,272,2026-01-austin-swing-dance-championships/advanced-jj/prelim,prelim,eepro
True,43,1.0,43,8,0.5,344,172,2026-01-austin-swing-dance-championships/advanced-jj/semifinal,semifinal,eepro
True,8,1.0,8,5,1.0,40,40,2026-01-austin-swing-dance-championships/advanced-strictly-all-star/final,final,eepro
True,34,1.0,34,7,1.0,238,238,2026-01-austin-swing-dance-championships/advanced-strictly-all-star/prelim,prelim,eepro
True,10,0.5,20,7,1.0,70,70,2026-01-austin-swing-dance-championships/allstar-jj/final,final,eepro
True,42,1.0,42,7,1.0,294,294,2026-01-austin-swing-dance-championships/allstar-jj/prelim,prelim,eepro
True,12,0.5,24,7,1.0,84,84,2026-01-austin-swing-dance-championships/intermediate-jj/final,final,eepro
True,78,1.0,78,8,0.5,624,312,2026-01-austin-swing-dance-championships/intermediate-jj/prelim,prelim,eepro
True,41,1.0,41,8,0.5,328,164,2026-01-austin-swing-dance-championships/intermediate-jj/semifinal,semifinal,eepro
True,16,1.0,16,5,1.0,80,80,2026-01-austin-swing-dance-championships/intermediate-strictly-pro-am-am-followers/final,final,eepro
True,5,1.0,5,5,1.0,25,25,2026-01-austin-swing-dance-championships/intermediate-strictly-pro-am-am-leaders/final,final,eepro
True,9,1.0,9,5,1.0,45,45,2026-01-austin-swing-dance-championships/intermediate-strictly/final,final,eepro
True,23,1.0,23,5,1.0,115,115,2026-01-austin-swing-dance-championships/intermediate-strictly/prelim,prelim,eepro
True,5,0.5,10,7,1.0,35,35,2026-01-austin-swing-dance-championships/masters-jj/final,final,eepro
True,22,1.0,22,8,0.5,176,88,2026-01-austin-swing-dance-championships/masters-jj/prelim,prelim,eepro
True,2,1.0,2,5,1.0,10,10,2026-01-austin-swing-dance-championships/masters-strictly-pro-am-am-followers/final,final,eepro
True,2,1.0,2,5,1.0,10,10,2026-01-austin-swing-dance-championships/masters-strictly-pro-am-am-leaders/final,final,eepro
True,9,1.0,9,5,1.0,45,45,2026-01-austin-swing-dance-championships/masters-strictly/final,final,eepro
True,5,0.5,10,7,1.0,35,35,2026-01-austin-swing-dance-championships/newcomer-jj/final,final,eepro
True,32,1.0,32,8,0.5,256,128,2026-01-austin-swing-dance-championships/newcomer-jj/prelim,prelim,eepro
True,12,0.5,24,7,1.0,84,84,2026-01-austin-swing-dance-championships/novice-jj/final,final,eepro
True,134,1.0,134,8,0.5,1072,536,2026-01-austin-swing-dance-championships/novice-jj/prelim,prelim,eepro
True,50,1.0,50,8,0.5,400,200,2026-01-austin-swing-dance-championships/novice-jj/semifinal,semifinal,eepro
True,17,1.0,17,5,1.0,85,85,2026-01-austin-swing-dance-championships/novice-strictly-pro-am-am-followers/final,final,eepro
True,12,1.0,12,5,1.0,60,60,2026-01-austin-swing-dance-championships/novice-strictly-pro-am-am-leaders/final,final,eepro
True,12,1.0,12,5,1.0,60,60,2026-01-austin-swing-dance-championships/novice-strictly/final,final,eepro
True,38,1.0,38,5,1.0,190,190,2026-01-austin-swing-dance-championships/novice-strictly/prelim,prelim,eepro
True,10,0.526316,19,5,1.0,50,50,2026-01-countdown-swing-boston/advanced-jj-pro-am-combined/final,final,eepro
True,10,0.5,20,5,1.0,50,50,2026-01-countdown-swing-boston/advanced-jj/final,final,eepro
True,35,1.0,35,10,0.5,350,175,2026-01-countdown-swing-boston/advanced-jj/prelim,prelim,eepro
True,4,1.0,4,5,1.0,20,20,2026-01-countdown-swing-boston/advanced-strictly-pro-am-am-followers/final,final,eepro
True,3,1.0,3,5,1.0,15,15,2026-01-countdown-swing-boston/advanced-strictly-pro-am-am-leaders/final,final,eepro
True,10,1.0,10,5,1.0,50,50,2026-01-countdown-swing-boston/advanced-strictly/final,final,eepro
True,12,1.0,12,5,1.0,60,60,2026-01-countdown-swing-boston/advanced-strictly/prelim,prelim,eepro
True,7,0.5,14,5,1.0,35,35,2026-01-countdown-swing-boston/allstar-jj/final,final,eepro
True,23,1.0,23,10,0.5,230,115,2026-01-countdown-swing-boston/allstar-jj/prelim,prelim,eepro
True,7,1.0,7,5,1.0,35,35,2026-01-countdown-swing-boston/allstar-strictly/final,final,eepro
True,10,0.5,20,5,1.0,50,50,2026-01-countdown-swing-boston/intermediate-jj-pro-am-combined/final,final,eepro
True,12,0.5,24,5,1.0,60,60,2026-01-countdown-swing-boston/intermediate-jj/final,final,eepro
True,70,1.0,70,10,0.5,700,350,2026-01-countdown-swing-boston/intermediate-jj/prelim,prelim,eepro
True,7,1.0,7,5,1.0,35,35,2026-01-countdown-swing-boston/intermediate-strictly-pro-am-am-followers/final,final,eepro
True,2,1.0,2,5,1.0,10,10,2026-01-countdown-swing-boston/intermediate-strictly-pro-am-am-leaders/final,final,eepro
True,8,1.0,8,5,1.0,40,40,2026-01-countdown-swing-boston/intermediate-strictly/final,final,eepro
True,16,1.0,16,5,1.0,80,80,2026-01-countdown-swing-boston/intermediate-strictly/prelim,prelim,eepro
True,10,0.5,20,5,1.0,50,50,2026-01-countdown-swing-boston/jj-pro-am-new-nov-combined/final,final,eepro
True,5,0.5,10,5,1.0,25,25,2026-01-countdown-swing-boston/masters-jj/final,final,eepro
True,20,1.0,20,10,0.5,200,100,2026-01-countdown-swing-boston/masters-jj/prelim,prelim,eepro
True,3,1.0,3,5,1.0,15,15,2026-01-countdown-swing-boston/masters-strictly/final,final,eepro
True,5,0.5,10,5,1.0,25,25,2026-01-countdown-swing-boston/newcomer-jj/final,final,eepro
True,18,1.0,18,10,0.5,180,90,2026-01-countdown-swing-boston/newcomer-jj/prelim,prelim,eepro
True,12,0.5,24,5,1.0,60,60,2026-01-countdown-swing-boston/novice-jj/final,final,eepro
True,107,1.0,107,10,0.5,1070,535,2026-01-countdown-swing-boston/novice-jj/prelim,prelim,eepro
True,68,1.0,68,10,0.5,680,340,2026-01-countdown-swing-boston/novice-jj/semifinal,semifinal,eepro
True,2,1.0,2,5,1.0,10,10,2026-01-countdown-swing-boston/novice-novice-intermediate-routine/final,final,eepro
True,2,1.0,2,5,1.0,10,10,2026-01-countdown-swing-boston/pro-am/final,final,eepro
True,4,1.0,4,5,1.0,20,20,2026-01-countdown-swing-boston/rising-star/final,final,eepro
True,8,0.5,16,5,1.0,40,40,2026-01-countdown-swing-boston/sophisticated-jj/final,final,eepro
True,35,1.0,35,10,0.5,350,175,2026-01-countdown-swing-boston/sophisticated-jj/prelim,prelim,eepro
True,5,1.0,5,5,1.0,25,25,2026-01-countdown-swing-boston/sophisticated-strictly/final,final,eepro
True,8,1.0,8,5,1.0,40,40,2026-01-countdown-swing-boston/strictly-new-nov/final,final,eepro
True,17,1.0,17,5,1.0,85,85,2026-01-countdown-swing-boston/strictly-new-nov/prelim,prelim,eepro
True,6,1.0,6,5,1.0,30,30,2026-01-countdown-swing-boston/strictly-pro-am-new-nov-am-followers/final,final,eepro
True,7,1.0,7,5,1.0,35,35,2026-01-countdown-swing-boston/strictly-pro-am-new-nov-am-leaders/final,final,eepro
True,6,0.5,12,5,1.0,30,30,2026-01-derby-city-swing/advanced-jj/final,final,eepro
True,25,1.0,25,8,0.5,200,100,2026-01-derby-city-swing/advanced-jj/prelim,prelim,eepro
True,7,1.0,7,5,1.0,35,35,2026-01-derby-city-swing/advanced-strictly-all-star/final,final,eepro
True,14,1.0,14,5,1.0,70,70,2026-01-derby-city-swing/advanced-strictly-all-star/prelim,prelim,eepro
True,6,0.5,12,5,1.0,30,30,2026-01-derby-city-swing/allstar-jj/final,final,eepro
True,10,0.5,20,5,1.0,50,50,2026-01-derby-city-swing/intermediate-jj/final,final,eepro
True,44,1.0,44,8,0.5,352,176,2026-01-derby-city-swing/intermediate-jj/prelim,prelim,eepro
True,1,1.0,1,5,1.0,5,5,2026-01-derby-city-swing/intermediate-pro-am-follower-advanced/final,final,eepro
True,1,1.0,1,5,1.0,5,5,2026-01-derby-city-swing/intermediate-pro-am-leader-advanced/final,final,eepro
True,9,1.0,9,5,1.0,45,45,2026-01-derby-city-swing/intermediate-strictly/final,final,eepro
True,16,1.0,16,5,1.0,80,80,2026-01-derby-city-swing/intermediate-strictly/prelim,prelim,eepro
True,8,0.533333,15,5,1.0,40,40,2026-01-derby-city-swing/masters-novice-jj/final,final,eepro
True,9,0.529412,17,5,1.0,45,45,2026-01-derby-city-swing/masters-open-jj/final,final,eepro
True,3,1.0,3,5,1.0,15,15,2026-01-derby-city-swing/masters-strictly-pro-am-am-follower/final,final,eepro
True,4,1.0,4,5,1.0,20,20,2026-01-derby-city-swing/masters-strictly-pro-am-am-leader/final,final,eepro
True,6,1.0,6,5,1.0,30,30,2026-01-derby-city-swing/masters-strictly/final,final,eepro
True,6,0.5,12,5,1.0,30,30,2026-01-derby-city-swing/newcomer-jj/final,final,eepro
True,32,1.0,32,8,0.5,256,128,2026-01-derby-city-swing/newcomer-jj/prelim,prelim,eepro
True,3,1.0,3,5,1.0,15,15,2026-01-derby-city-swing/newcomer-pro-am-follower-novice/final,final,eepro
True,2,1.0,2,5,1.0,10,10,2026-01-derby-city-swing/newcomer-pro-am-leader-novice/final,final,eepro
True,2,1.0,2,5,1.0,10,10,2026-01-derby-city-swing/newcomer-strictly-pro-am-am-follower/final,final,eepro
True,1,1.0,1,5,1.0,5,5,2026-01-derby-city-swing/newcomer-strictly-pro-am-am-leader/final,final,eepro
True,12,0.5,24,5,1.0,60,60,2026-01-derby-city-swing/novice-jj/final,final,eepro
True,85,1.0,85,8,0.5,680,340,2026-01-derby-city-swing/novice-jj/prelim,prelim,eepro
True,44,1.0,44,8,0.5,352,176,2026-01-derby-city-swing/novice-jj/semifinal,semifinal,eepro
True,7,1.0,7,5,1.0,35,35,2026-01-derby-city-swing/novice-strictly-pro-am-am-follower/final,final,eepro
True,8,1.0,8,5,1.0,40,40,2026-01-derby-city-swing/novice-strictly-pro-am-am-leader/final,final,eepro
True,8,1.0,8,5,1.0,40,40,2026-01-derby-city-swing/novice-strictly/final,final,eepro
True,17,1.0,17,5,1.0,85,85,2026-01-derby-city-swing/novice-strictly/prelim,prelim,eepro
True,5,0.5,10,5,1.0,25,25,2026-01-derby-city-swing/sophisticated-jj/final,final,eepro
True,21,1.0,21,8,0.5,168,84,2026-01-derby-city-swing/sophisticated-jj/prelim,prelim,eepro
True,7,1.0,7,5,1.0,35,35,2026-01-derby-city-swing/strictly-pro-am-int-adv-am-follower/final,final,eepro
True,3,1.0,3,5,1.0,15,15,2026-01-derby-city-swing/strictly-pro-am-int-adv-am-leader/final,final,eepro
True,10,0.5,20,7,1.0,70,70,2026-01-floorplay-swing-vacation/advanced-jj/final,final,wdr
True,20,0.4,50,10,0.55,200,110,2026-01-floorplay-swing-vacation/advanced-jj/prelim,prelim,wdr
True,10,0.526316,19,7,1.0,70,70,2026-01-floorplay-swing-vacation/allstar-jj/final,final,wdr
True,7,0.5,14,5,1.0,35,35,2026-01-floorplay-swing-vacation/allstar-strictly-champion/final,final,wdr
True,7,0.583333,12,5,1.142857,35,40,2026-01-floorplay-swing-vacation/allstar-strictly-champion/prelim,prelim,wdr
True,12,0.5,24,5,1.0,60,60,2026-01-floorplay-swing-vacation/country-jj-swing-all-american-all-levels/final,final,wdr
True,24,0.413793,58,6,0.583333,144,84,2026-01-floorplay-swing-vacation/country-jj-swing-all-american-all-levels/prelim,prelim,wdr
True,9,0.5,18,7,1.0,63,63,2026-01-floorplay-swing-vacation/country-open-strictly/final,final,wdr
True,9,0.473684,19,7,2.111111,63,133,2026-01-floorplay-swing-vacation/country-open-strictly/prelim,prelim,wdr
True,22,1.0,22,5,1.0,110,110,2026-01-floorplay-swing-vacation/intermediate-jj-pro-am-followers/final,final,wdr
True,18,1.0,18,5,1.0,90,90,2026-01-floorplay-swing-vacation/intermediate-jj-pro-am-leaders/final,final,wdr
True,10,0.5,20,7,1.0,70,70,2026-01-floorplay-swing-vacation/intermediate-jj/final,final,wdr
True,20,0.285714,70,10,0.6,200,120,2026-01-floorplay-swing-vacation/intermediate-jj/prelim,prelim,wdr
True,9,0.6,15,5,0.0,45,0,2026-01-floorplay-swing-vacation/intermediate-strictly-pro-am-followers/final,final,wdr
True,6,0.666667,9,5,0.0,30,0,2026-01-floorplay-swing-vacation/intermediate-strictly-pro-am-leaders/final,final,wdr
True,9,0.5,18,5,1.0,45,45,2026-01-floorplay-swing-vacation/invitational-jj/final,final,wdr
True,17,0.53125,32,5,1.0,85,85,2026-01-floorplay-swing-vacation/jj-all-american/final,final,wdr
True,15,0.576923,26,5,0.88,75,66,2026-01-floorplay-swing-vacation/jj-all-american/prelim,prelim,wdr
True,10,0.526316,19,5,1.0,50,50,2026-01-floorplay-swing-vacation/jj-challenge-all-american/final,final,wdr
True,9,0.6,15,5,0.955556,45,43,2026-01-floorplay-swing-vacation/jj-challenge-all-american/prelim,prelim,wdr
True,19,1.0,19,5,1.0,95,95,2026-01-floorplay-swing-vacation/masters-jj-pro-am-followers/final,final,wdr
True,4,1.0,4,5,1.0,20,20,2026-01-floorplay-swing-vacation/masters-jj-pro-am-leaders/final,final,wdr
True,5,0.5,10,7,1.0,35,35,2026-01-floorplay-swing-vacation/masters-novice-jj/final,final,wdr
True,10,0.416667,24,10,0.7,100,70,2026-01-floorplay-swing-vacation/masters-novice-jj/prelim,prelim,wdr
True,11,0.5,22,7,1.0,77,77,2026-01-floorplay-swing-vacation/masters-open-jj/final,final,wdr
True,22,0.611111,36,10,0.454545,220,100,2026-01-floorplay-swing-vacation/masters-open-jj/prelim,prelim,wdr
True,6,0.5,12,5,1.0,30,30,2026-01-floorplay-swing-vacation/masters-strictly/final,final,wdr
True,11,0.5,22,7,1.0,77,77,2026-01-floorplay-swing-vacation/newcomer-jj/final,final,wdr
True,22,0.578947,38,10,0.590909,220,130,2026-01-floorplay-swing-vacation/newcomer-jj/prelim,prelim,wdr
True,7,0.583333,12,5,0.0,35,0,2026-01-floorplay-swing-vacation/newcomer-strictly-pro-am-followers/final,final,wdr
True,5,0.555556,9,5,0.0,25,0,2026-01-floorplay-swing-vacation/newcomer-strictly-pro-am-leaders/final,final,wdr
True,55,1.0,55,5,1.0,275,275,2026-01-floorplay-swing-vacation/novice-jj-pro-am-followers/final,final,wdr
True,27,1.0,27,5,1.0,135,135,2026-01-floorplay-swing-vacation/novice-jj-pro-am-leaders/final,final,wdr
True,12,0.5,24,7,1.0,84,84,2026-01-floorplay-swing-vacation/novice-jj/final,final,wdr
True,60,0.512821,117,10,0.466667,600,280,2026-01-floorplay-swing-vacation/novice-jj/prelim,prelim,wdr
True,24,0.4,60,10,0.541667,240,130,2026-01-floorplay-swing-vacation/novice-jj/prelim-2,prelim,wdr
False,0,,0,5,,0,0,2026-01-floorplay-swing-vacation/novice-pro-am/final,final,wdr
True,24,0.648649,37,5,0.0,120,0,2026-01-floorplay-swing-vacation/novice-strictly-pro-am-followers/final,final,wdr
True,13,0.619048,21,5,0.0,65,0,2026-01-floorplay-swing-vacation/novice-strictly-pro-am-leaders/final,final,wdr
True,10,0.5,20,5,1.0,50,50,2026-01-floorplay-swing-vacation/novice-strictly/final,final,wdr
True,10,0.588235,17,5,1.0,50,50,2026-01-floorplay-swing-vacation/novice-strictly/prelim,prelim,wdr
False,0,,0,5,,0,0,2026-01-floorplay-swing-vacation/pro-am-int-adv/final,final,wdr
True,9,0.5,18,5,1.0,45,45,2026-01-floorplay-swing-vacation/strictly-generational/final,final,wdr
True,11,0.5,22,5,1.0,55,55,2026-01-floorplay-swing-vacation/strictly-int-adv/final,final,wdr
True,11,0.52381,21,5,1.0,55,55,2026-01-floorplay-swing-vacation/strictly-int-adv/prelim,prelim,wdr
True,10,0.5,20,5,1.0,50,50,2026-01-freedom-swing-dance-challenge/advanced-jj/final,final,eepro
True,46,1.0,46,8,0.5,368,184,2026-01-freedom-swing-dance-challenge/advanced-jj/prelim,prelim,eepro
True,5,0.5,10,5,1.0,25,25,2026-01-freedom-swing-dance-challenge/allstar-jj/final,final,eepro
True,31,1.0,31,8,0.5,248,124,2026-01-freedom-swing-dance-challenge/allstar-jj/prelim,prelim,eepro
True,12,0.5,24,5,1.0,60,60,2026-01-freedom-swing-dance-challenge/intermediate-jj/final,final,eepro
True,69,1.0,69,8,0.5,552,276,2026-01-freedom-swing-dance-challenge/intermediate-jj/prelim,prelim,eepro
True,11,1.0,11,5,1.0,55,55,2026-01-freedom-swing-dance-challenge/intermediate-strictly/final,final,eepro
True,42,1.0,42,5,1.0,210,210,2026-01-freedom-swing-dance-challenge/jj-all-american/prelim,prelim,eepro
True,5,0.5,10,5,1.0,25,25,2026-01-freedom-swing-dance-challenge/masters-jj/final,final,eepro
True,22,1.0,22,8,0.5,176,88,2026-01-freedom-swing-dance-challenge/masters-jj/prelim,prelim,eepro
True,5,0.5,10,7,1.0,35,35,2026-01-freedom-swing-dance-challenge/newcomer-jj/final,final,eepro
True,26,1.0,26,8,0.5,208,104,2026-01-freedom-swing-dance-challenge/newcomer-jj/prelim,prelim,eepro
True,12,0.5,24,5,1.0,60,60,2026-01-freedom-swing-dance-challenge/novice-jj/final,final,eepro
True,88,1.0,88,8,0.5,704,352,2026-01-freedom-swing-dance-challenge/novice-jj/prelim,prelim,eepro
True,50,1.0,50,8,0.5,400,200,2026-01-freedom-swing-dance-challenge/novice-jj/semifinal,semifinal,eepro
True,8,1.0,8,5,1.0,40,40,2026-01-freedom-swing-dance-challenge/novice-strictly/final,final,eepro
True,13,1.0,13,5,1.0,65,65,2026-01-freedom-swing-dance-challenge/novice-strictly/prelim,prelim,eepro
True,8,1.0,8,5,1.0,40,40,2026-01-freedom-swing-dance-challenge/open-strictly/final,final,eepro
True,15,1.0,15,5,1.0,75,75,2026-01-freedom-swing-dance-challenge/open-strictly/prelim,prelim,eepro
True,3,1.0,3,5,1.0,15,15,2026-01-freedom-swing-dance-challenge/pro-am/final,final,eepro
True,2,1.0,2,5,1.0,10,10,2026-01-freedom-swing-dance-challenge/rising-star/final,final,eepro
True,5,0.5,10,7,1.0,35,35,2026-01-freedom-swing-dance-challenge/sophisticated-jj/final,final,eepro
True,20,1.0,20,8,0.5,160,80,2026-01-freedom-swing-dance-challenge/sophisticated-jj/prelim,prelim,eepro
True,4,1.0,4,5,1.0,20,20,2026-01-freedom-swing-dance-challenge/sophisticated-strictly/final,final,eepro
True,1,1.0,1,4,1.0,4,4,2026-01-nj-hustle-congress/intermediate-amateur-just-cha-cha-legends-intermediate-advanced/final,final,eepro
True,1,1.0,1,4,1.0,4,4,2026-01-nj-hustle-congress/intermediate-amateur-just-salsa-legends-intermediate-advanced/final,final,eepro
True,2,1.0,2,5,1.0,10,10,2026-01-nj-hustle-congress/intermediate-pro-am-follower-triple-threat-advanced/final,final,eepro
True,3,0.5,6,3,1.0,9,9,2026-01-nj-hustle-congress/jj-professional/final,final,eepro
True,2,1.0,2,5,1.0,10,10,2026-01-nj-hustle-congress/novice-pro-am-follower-triple-threat-intermediate/final,final,eepro
True,1,1.0,1,4,1.0,4,4,2026-01-nj-hustle-congress/other-advanced-jj-follower-proam-hustle-legends/final,final,eepro
True,2,1.0,2,4,1.0,8,8,2026-01-nj-hustle-congress/other-advanced-jj-follower-proam-hustle-open/final,final,eepro
True,6,1.0,6,5,1.0,30,30,2026-01-nj-hustle-congress/other-advanced-pro-am-follower-hustle-legends/final,final,eepro
True,6,1.0,6,5,1.0,30,30,2026-01-nj-hustle-congress/other-advanced-pro-am-follower-hustle-open/final,final,eepro
True,2,1.0,2,5,1.0,10,10,2026-01-nj-hustle-congress/other-advanced-pro-am-leader-hustle-legends/final,final,eepro
True,3,1.0,3,5,1.0,15,15,2026-01-nj-hustle-congress/other-advanced-pro-am-leader-hustle-open/final,final,eepro
True,3,1.0,3,4,1.0,12,12,2026-01-nj-hustle-congress/other-amateur-hustle-challenge-fast-track/final,final,eepro
True,2,1.0,2,4,1.0,8,8,2026-01-nj-hustle-congress/other-amateur-hustle-challenge-same-gender/final,final,eepro
True,2,1.0,2,4,1.0,8,8,2026-01-nj-hustle-congress/other-amateur-hustle-challenge-seasoned-amateur-dancers/final,final,eepro
True,2,1.0,2,5,1.0,10,10,2026-01-nj-hustle-congress/other-classic-proam-hustle/final,final,eepro
True,1,0.5,2,4,1.0,4,4,2026-01-nj-hustle-congress/other-intermediate-jj-amateur-hustle-open/final,final,eepro
True,2,1.0,2,4,1.0,8,8,2026-01-nj-hustle-congress/other-intermediate-jj-follower-proam-hustle-legends/final,final,eepro
True,2,1.0,2,4,1.0,8,8,2026-01-nj-hustle-congress/other-intermediate-jj-follower-proam-hustle-open/final,final,eepro
True,12,1.0,12,5,1.0,60,60,2026-01-nj-hustle-congress/other-intermediate-pro-am-follower-hustle-legends/final,final,eepro
True,15,1.0,15,5,1.0,75,75,2026-01-nj-hustle-congress/other-intermediate-pro-am-follower-hustle-open/final,final,eepro
True,2,1.0,2,5,1.0,10,10,2026-01-nj-hustle-congress/other-intermediate-pro-am-leader-hustle-legends/final,final,eepro
True,4,1.0,4,5,1.0,20,20,2026-01-nj-hustle-congress/other-intermediate-pro-am-leader-hustle-open/final,final,eepro
True,1,0.5,2,4,1.0,4,4,2026-01-nj-hustle-congress/other-jj-surprise-hustle/final,final,eepro
True,2,0.666667,3,4,1.0,8,8,2026-01-nj-hustle-congress/other-jj-turn-the-beat-around-hustle/final,final,eepro
True,1,0.5,2,4,1.0,4,4,2026-01-nj-hustle-congress/other-novice-jj-amateur-hustle-legends/final,final,eepro
True,1,1.0,1,4,1.0,4,4,2026-01-nj-hustle-congress/other-novice-jj-follower-proam-hustle-open/final,final,eepro
True,6,1.0,6,5,1.0,30,30,2026-01-nj-hustle-congress/other-novice-pro-am-follower-hustle-legends/final,final,eepro
True,11,1.0,11,5,1.0,55,55,2026-01-nj-hustle-congress/other-novice-pro-am-follower-hustle-open/final,final,eepro
True,2,1.0,2,5,1.0,10,10,2026-01-nj-hustle-congress/other-novice-pro-am-leader-hustle-legends/final,final,eepro
True,2,1.0,2,5,1.0,10,10,2026-01-nj-hustle-congress/other-novice-pro-am-leader-hustle-open/final,final,eepro
True,4,1.0,4,5,1.0,20,20,2026-01-nj-hustle-congress/other-pro-am-hustle-for-the-hounds/final,final,eepro
True,3,1.0,3,5,1.0,15,15,2026-01-nj-hustle-congress/other-pro-am-theater-arts-hustle/final,final,eepro
True,5,1.0,5,5,1.0,25,25,2026-01-nj-hustle-congress/other-professional-just-hustle/final,final,eepro
True,5,1.0,5,5,1.0,25,25,2026-01-nj-hustle-congress/showcase-proam/final,final,eepro
True,12,0.5,24,5,1.0,60,60,2026-01-paris-swing-classic/advanced-jj-tier-4-tier-4/final,final,eepro
True,91,1.0,91,8,0.5,728,364,2026-01-paris-swing-classic/advanced-jj/prelim,prelim,eepro
True,42,1.0,42,8,0.5,336,168,2026-01-paris-swing-classic/advanced-jj/semifinal,semifinal,eepro
True,8,1.0,8,5,1.0,40,40,2026-01-paris-swing-classic/advanced-strictly/final,final,eepro
True,31,1.0,31,5,1.0,155,155,2026-01-paris-swing-classic/advanced-strictly/prelim,prelim,eepro
True,11,1.0,11,5,1.0,55,55,2026-01-paris-swing-classic/all-european/final,final,eepro
True,63,1.0,63,5,1.0,315,315,2026-01-paris-swing-classic/all-european/prelim,prelim,eepro
True,26,1.0,26,5,1.0,130,130,2026-01-paris-swing-classic/all-european/semifinal,semifinal,eepro
True,10,0.5,20,5,1.0,50,50,2026-01-paris-swing-classic/allstar-jj-tier-3-tier-3/final,final,eepro
True,61,1.0,61,8,0.5,488,244,2026-01-paris-swing-classic/allstar-jj/prelim,prelim,eepro
True,7,1.0,7,5,1.0,35,35,2026-01-paris-swing-classic/allstar-strictly/final,final,eepro
True,21,1.0,21,5,1.0,105,105,2026-01-paris-swing-classic/allstar-strictly/prelim,prelim,eepro
True,6,0.5,12,5,0.966667,30,29,2026-01-paris-swing-classic/champion-jj-tier-2-tier-1/final,final,eepro
True,25,1.0,25,5,1.0,125,125,2026-01-paris-swing-classic/champion-jj/prelim,prelim,eepro
True,7,1.0,7,5,1.0,35,35,2026-01-paris-swing-classic/champion-strictly/final,final,eepro
True,11,1.0,11,5,1.0,55,55,2026-01-paris-swing-classic/champion-strictly/prelim,prelim,eepro
True,4,1.0,4,5,1.0,20,20,2026-01-paris-swing-classic/classic/final,final,eepro
True,12,0.5,24,5,1.0,60,60,2026-01-paris-swing-classic/intermediate-jj-tier-4-tier-4/final,final,eepro
True,130,1.0,130,8,0.5,1040,520,2026-01-paris-swing-classic/intermediate-jj/prelim,prelim,eepro
True,48,1.0,48,8,0.5,384,192,2026-01-paris-swing-classic/intermediate-jj/semifinal,semifinal,eepro
True,12,1.0,12,5,1.0,60,60,2026-01-paris-swing-classic/intermediate-strictly/final,final,eepro
True,27,1.0,27,5,1.0,135,135,2026-01-paris-swing-classic/intermediate-strictly/prelim,prelim,eepro
True,7,0.5,14,5,1.0,35,35,2026-01-paris-swing-classic/masters-jj-tier-2-tier-2/final,final,eepro
True,35,1.0,35,8,0.5,280,140,2026-01-paris-swing-classic/masters-jj/prelim,prelim,eepro
True,12,0.5,24,5,1.0,60,60,2026-01-paris-swing-classic/newcomer-jj-tier-4-tier-4/final,final,eepro
True,103,1.0,103,8,0.5,824,412,2026-01-paris-swing-classic/newcomer-jj/prelim,prelim,eepro
True,48,1.0,48,8,0.5,384,192,2026-01-paris-swing-classic/newcomer-jj/semifinal,semifinal,eepro
True,15,0.5,30,7,1.0,105,105,2026-01-paris-swing-classic/novice-jj-tier-5-tier-5/final,final,eepro
True,203,1.0,203,8,0.5,1624,812,2026-01-paris-swing-classic/novice-jj/prelim,prelim,eepro
True,98,1.0,98,8,0.5,784,392,2026-01-paris-swing-classic/novice-jj/quarterfinal,quarterfinal,eepro
True,58,1.0,58,8,0.5,464,232,2026-01-paris-swing-classic/novice-jj/semifinal,semifinal,eepro
True,10,1.0,10,5,1.0,50,50,2026-01-paris-swing-classic/novice-strictly/final,final,eepro
True,23,1.0,23,5,1.0,115,115,2026-01-paris-swing-classic/novice-strictly/prelim,prelim,eepro
True,5,1.0,5,5,1.0,25,25,2026-01-paris-swing-classic/pro-am/final,final,eepro
True,3,1.0,3,5,1.0,15,15,2026-01-paris-swing-classic/rising-star/final,final,eepro
True,3,1.0,3,5,1.0,15,15,2026-01-paris-swing-classic/showcase/final,final,eepro
True,10,0.5,20,5,1.0,50,50,2026-01-paris-swing-classic/sophisticated-jj-tier-3-tier-3/final,final,eepro
True,70,1.0,70,8,0.5,560,280,2026-01-paris-swing-classic/sophisticated-jj/prelim,prelim,eepro
True,12,0.5,24,7,1.0,84,84,2026-01-spotlight-new-year-s-celebration/advanced-jj/final,final,eepro
True,81,1.0,81,10,0.5,810,405,2026-01-spotlight-new-year-s-celebration/advanced-jj/prelim,prelim,eepro
True,46,1.0,46,10,0.5,460,230,2026-01-spotlight-new-year-s-celebration/advanced-jj/semifinal,semifinal,eepro
True,9,1.0,9,7,1.0,63,63,2026-01-spotlight-new-year-s-celebration/advanced-strictly/final,final,eepro
True,20,1.0,20,5,1.0,100,100,2026-01-spotlight-new-year-s-celebration/advanced-strictly/prelim,prelim,eepro
True,10,0.5,20,7,1.0,70,70,2026-01-spotlight-new-year-s-celebration/allstar-jj/final,final,eepro
True,52,1.0,52,10,0.5,520,260,2026-01-spotlight-new-year-s-celebration/allstar-jj/prelim,prelim,eepro
True,8,0.533333,15,5,1.0,40,40,2026-01-spotlight-new-year-s-celebration/champion-jj/final,final,eepro
True,20,1.0,20,5,1.0,100,100,2026-01-spotlight-new-year-s-celebration/champion-jj/prelim,prelim,eepro
True,23,1.0,23,5,1.0,115,115,2026-01-spotlight-new-year-s-celebration/country-country-swing-lower-level-j-j-follower/prelim,prelim,eepro
True,21,1.0,21,5,1.0,105,105,2026-01-spotlight-new-year-s-celebration/country-country-swing-lower-level-j-j-leader/prelim,prelim,eepro
True,10,1.0,10,5,1.0,50,50,2026-01-spotlight-new-year-s-celebration/country-country-swing-lower-level-j-j/final,final,eepro
True,32,1.0,32,5,1.0,160,160,2026-01-spotlight-new-year-s-celebration/country-country-swing-upper-level-j-j-follower/prelim,prelim,eepro
True,20,1.0,20,5,1.0,100,100,2026-01-spotlight-new-year-s-celebration/country-country-swing-upper-level-j-j-leader/prelim,prelim,eepro
True,8,1.0,8,5,1.0,40,40,2026-01-spotlight-new-year-s-celebration/country-country-swing-upper-level-j-j/final,final,eepro
True,8,1.0,8,5,1.0,40,40,2026-01-spotlight-new-year-s-celebration/country-strictly-lower-level/final,final,eepro
True,7,1.0,7,5,1.0,35,35,2026-01-spotlight-new-year-s-celebration/country-strictly-upper-level/final,final,eepro
True,21,1.0,21,5,1.0,105,105,2026-01-spotlight-new-year-s-celebration/country-strictly-upper-level/prelim,prelim,eepro
True,12,0.5,24,7,1.0,84,84,2026-01-spotlight-new-year-s-celebration/intermediate-jj/final,final,eepro
True,137,1.0,137,10,0.5,1370,685,2026-01-spotlight-new-year-s-celebration/intermediate-jj/prelim,prelim,eepro
True,52,1.0,52,10,0.5,520,260,2026-01-spotlight-new-year-s-celebration/intermediate-jj/semifinal,semifinal,eepro
True,3,1.0,3,5,1.0,15,15,2026-01-spotlight-new-year-s-celebration/intermediate-pro-am/final,final,eepro
True,11,1.0,11,7,1.0,77,77,2026-01-spotlight-new-year-s-celebration/intermediate-strictly/final,final,eepro
True,37,1.0,37,5,1.0,185,185,2026-01-spotlight-new-year-s-celebration/intermediate-strictly/prelim,prelim,eepro
True,21,1.0,21,5,1.0,105,105,2026-01-spotlight-new-year-s-celebration/intermediate-strictly/semifinal,semifinal,eepro
True,8,1.0,8,5,1.0,40,40,2026-01-spotlight-new-year-s-celebration/invitational-invitational-routines/final,final,eepro
True,10,0.625,16,5,1.0,50,50,2026-01-spotlight-new-year-s-celebration/juniors-jj/final,final,eepro
True,7,1.0,7,7,1.0,49,49,2026-01-spotlight-new-year-s-celebration/juniors-strictly/final,final,eepro
True,10,0.5,20,7,1.0,70,70,2026-01-spotlight-new-year-s-celebration/masters-open-jj/final,final,eepro
True,41,1.0,41,10,0.5,410,205,2026-01-spotlight-new-year-s-celebration/masters-open-jj/prelim,prelim,eepro
True,5,1.0,5,7,1.0,35,35,2026-01-spotlight-new-year-s-celebration/masters-strictly/final,final,eepro
True,12,0.5,24,7,1.0,84,84,2026-01-spotlight-new-year-s-celebration/newcomer-jj/final,final,eepro
True,65,1.0,65,10,0.5,650,325,2026-01-spotlight-new-year-s-celebration/newcomer-jj/prelim,prelim,eepro
True,16,0.5,32,7,1.0,112,112,2026-01-spotlight-new-year-s-celebration/novice-jj/final,final,eepro
True,206,1.0,206,10,0.5,2060,1030,2026-01-spotlight-new-year-s-celebration/novice-jj/prelim,prelim,eepro
True,102,1.0,102,10,0.5,1020,510,2026-01-spotlight-new-year-s-celebration/novice-jj/quarterfinal,quarterfinal,eepro
True,50,1.0,50,10,0.5,500,250,2026-01-spotlight-new-year-s-celebration/novice-jj/semifinal,semifinal,eepro
True,12,1.0,12,7,1.0,84,84,2026-01-spotlight-new-year-s-celebration/novice-pro-am/final,final,eepro
True,8,1.0,8,5,1.0,40,40,2026-01-spotlight-new-year-s-celebration/open-strictly/final,final,eepro
True,23,1.0,23,5,1.0,115,115,2026-01-spotlight-new-year-s-celebration/open-strictly/prelim,prelim,eepro
True,11,1.0,11,7,1.0,77,77,2026-01-spotlight-new-year-s-celebration/strictly-generational/final,final,eepro
True,31,1.0,31,5,1.0,155,155,2026-01-spotlight-new-year-s-celebration/strictly-generational/prelim,prelim,eepro
True,12,1.0,12,7,1.0,84,84,2026-01-spotlight-new-year-s-celebration/strictly-new-nov/final,final,eepro
True,47,1.0,47,5,1.0,235,235,2026-01-spotlight-new-year-s-celebration/strictly-new-nov/prelim,prelim,eepro
True,24,1.0,24,5,1.0,120,120,2026-01-spotlight-new-year-s-celebration/strictly-new-nov/semifinal,semifinal,eepro
True,10,0.5,20,5,1.0,50,50,2026-01-swingcouver/advanced-jj-advancedfinals/final,final,eepro
True,49,1.0,49,4,1.0,196,196,2026-01-swingcouver/advanced-jj/prelim,prelim,eepro
True,12,1.0,12,5,1.0,60,60,2026-01-swingcouver/advanced-strictly/final,final,eepro
True,5,0.5,10,5,1.0,25,25,2026-01-swingcouver/allstar-jj/final,final,eepro
True,26,1.0,26,4,1.0,104,104,2026-01-swingcouver/allstar-jj/prelim,prelim,eepro
True,10,1.0,10,5,1.0,50,50,2026-01-swingcouver/allstar-strictly/final,final,eepro
True,8,0.5,16,5,1.0,40,40,2026-01-swingcouver/champion-jj-non-schampions-annie/final,final,eepro
True,6,1.0,6,5,1.0,30,30,2026-01-swingcouver/champion-strictly/final,final,eepro
True,10,0.5,20,7,1.0,70,70,2026-01-swingcouver/intermediate-jj/final,final,eepro
True,62,1.0,62,8,0.5,496,248,2026-01-swingcouver/intermediate-jj/prelim,prelim,eepro
True,40,1.0,40,8,0.5,320,160,2026-01-swingcouver/intermediate-jj/semifinal,semifinal,eepro
True,6,1.0,6,5,1.0,30,30,2026-01-swingcouver/intermediate-strictly-proam-followers/final,final,eepro
True,6,1.0,6,5,1.0,30,30,2026-01-swingcouver/intermediate-strictly/final,final,eepro
True,16,1.0,16,5,1.0,80,80,2026-01-swingcouver/intermediate-strictly/prelim,prelim,eepro
True,14,0.56,25,5,1.0,70,70,2026-01-swingcouver/jj-all-in/final,final,eepro
True,36,1.0,36,5,1.0,180,180,2026-01-swingcouver/jj-all-in/prelim,prelim,eepro
True,11,0.55,20,5,1.0,55,55,2026-01-swingcouver/masters-jj/final,final,eepro
True,3,1.0,3,5,1.0,15,15,2026-01-swingcouver/masters-strictly-choice/final,final,eepro
True,10,0.5,20,5,1.0,50,50,2026-01-swingcouver/newcomer-jj/final,final,eepro
True,54,1.0,54,4,1.0,216,216,2026-01-swingcouver/newcomer-jj/prelim,prelim,eepro
True,12,0.5,24,7,1.0,84,84,2026-01-swingcouver/novice-jj/final,final,eepro
True,121,1.0,121,8,0.5,968,484,2026-01-swingcouver/novice-jj/prelim,prelim,eepro
True,42,1.0,42,8,0.5,336,168,2026-01-swingcouver/novice-jj/semifinal,semifinal,eepro
True,7,1.0,7,5,1.0,35,35,2026-01-swingcouver/novice-pro-am-stricly-leaders/final,final,eepro
True,12,1.0,12,5,1.0,60,60,2026-01-swingcouver/novice-strictly-proam-followers/final,final,eepro
True,9,1.0,9,5,1.0,45,45,2026-01-swingcouver/novice-strictly/final,final,eepro
True,22,1.0,22,5,1.0,110,110,2026-01-swingcouver/novice-strictly/prelim,prelim,eepro
True,10,0.5,20,5,1.0,50,50,2026-01-swingcouver/sophisticated-jj/final,final,eepro
True,39,1.0,39,4,1.0,156,156,2026-01-swingcouver/sophisticated-jj/prelim,prelim,eepro
True,5,1.0,5,5,1.0,25,25,2026-01-swingcouver/strictly-switchly/final,final,eepro
True,11,1.0,11,5,1.0,55,55,2026-01-swingcouver/strictly-switchly/prelim,prelim,eepro
True,9,0.6,15,5,1.0,45,45,2026-01-ucwdc-country-dance-world-championships/advanced-jj-ctst/final,final,eepro
True,15,1.0,15,8,0.5,120,60,2026-01-ucwdc-country-dance-world-championships/advanced-jj-ctst/prelim,prelim,eepro
True,7,0.5,14,7,1.0,49,49,2026-01-ucwdc-country-dance-world-championships/advanced-jj/final,final,eepro
True,22,1.0,22,8,0.5,176,88,2026-01-ucwdc-country-dance-world-championships/advanced-jj/prelim,prelim,eepro
True,7,0.583333,12,7,1.0,49,49,2026-01-ucwdc-country-dance-world-championships/allstar-jj/final,final,eepro
True,7,0.5,14,9,1.0,63,63,2026-01-ucwdc-country-dance-world-championships/intermediate-jj-ctst/final,final,eepro
True,27,1.0,27,8,0.5,216,108,2026-01-ucwdc-country-dance-world-championships/intermediate-jj-ctst/prelim,prelim,eepro
True,10,0.5,20,7,1.0,70,70,2026-01-ucwdc-country-dance-world-championships/intermediate-jj/final,final,eepro
True,47,1.0,47,8,0.5,376,188,2026-01-ucwdc-country-dance-world-championships/intermediate-jj/prelim,prelim,eepro
True,8,0.5,16,4,1.0,32,32,2026-01-ucwdc-country-dance-world-championships/jj-freestyle-progressive/final,final,eepro
True,35,1.0,35,6,0.5,210,105,2026-01-ucwdc-country-dance-world-championships/jj-freestyle-progressive/prelim,prelim,eepro
True,7,0.5,14,5,1.0,35,35,2026-01-ucwdc-country-dance-world-championships/jj-freestyle-stationary/final,final,eepro
True,37,1.0,37,6,0.5,222,111,2026-01-ucwdc-country-dance-world-championships/jj-freestyle-stationary/prelim,prelim,eepro
True,5,0.5,10,5,1.0,25,25,2026-01-ucwdc-country-dance-world-championships/masters-jj-ctst/final,final,eepro
True,23,1.0,23,8,0.5,184,92,2026-01-ucwdc-country-dance-world-championships/masters-jj-ctst/prelim,prelim,eepro
True,7,0.5,14,7,1.0,49,49,2026-01-ucwdc-country-dance-world-championships/masters-jj/final,final,eepro
True,28,1.0,28,8,0.5,224,112,2026-01-ucwdc-country-dance-world-championships/masters-jj/prelim,prelim,eepro
True,7,0.5,14,9,1.0,63,63,2026-01-ucwdc-country-dance-world-championships/novice-jj-ctst/final,final,eepro
True,49,1.0,49,8,0.5,392,196,2026-01-ucwdc-country-dance-world-championships/novice-jj-ctst/prelim,prelim,eepro
True,32,1.0,32,8,0.5,256,128,2026-01-ucwdc-country-dance-world-championships/novice-jj-ctst/semifinal,semifinal,eepro
True,12,0.5,24,7,1.0,84,84,2026-01-ucwdc-country-dance-world-championships/novice-jj/final,final,eepro
True,89,1.0,89,8,0.5,712,356,2026-01-ucwdc-country-dance-world-championships/novice-jj/prelim,prelim,eepro
True,48,1.0,48,8,0.5,384,192,2026-01-ucwdc-country-dance-world-championships/novice-jj/semifinal,semifinal,eepro
True,8,0.5,16,9,1.0,72,72,2026-01-ucwdc-country-dance-world-championships/sophisticated-jj-ctst/final,final,eepro
True,8,0.5,16,7,1.0,56,56,2026-01-ucwdc-country-dance-world-championships/sophisticated-jj/final,final,eepro
True,30,1.0,30,8,0.5,240,120,2026-01-ucwdc-country-dance-world-championships/sophisticated-jj/prelim,prelim,eepro
True,12,0.5,24,7,1.0,84,84,2026-02-capital-swing/advanced-jj/final,final,eepro
True,86,1.0,86,10,0.5,860,430,2026-02-capital-swing/advanced-jj/prelim,prelim,eepro
True,50,1.0,50,10,0.5,500,250,2026-02-capital-swing/advanced-jj/semifinal,semifinal,eepro
True,12,0.5,24,7,1.0,84,84,2026-02-capital-swing/allstar-jj/final,final,eepro
True,69,1.0,69,10,0.5,690,345,2026-02-capital-swing/allstar-jj/prelim,prelim,eepro
True,13,1.0,13,5,1.0,65,65,2026-02-capital-swing/allstar-strictly-adv/final,final,eepro
True,44,1.0,44,5,1.0,220,220,2026-02-capital-swing/allstar-strictly-adv/prelim,prelim,eepro
True,11,0.5,22,7,1.0,77,77,2026-02-capital-swing/champion-jj-non-retro/final,final,eepro
True,11,0.5,22,5,1.0,55,55,2026-02-capital-swing/champion-jj/final,final,eepro
True,33,1.0,33,10,0.5,330,165,2026-02-capital-swing/champion-jj/prelim,prelim,eepro
True,13,1.0,13,7,1.0,91,91,2026-02-capital-swing/champion-strictly-choice/final,final,eepro
True,28,1.0,28,7,1.0,196,196,2026-02-capital-swing/champion-strictly-choice/prelim,prelim,eepro
True,6,1.0,6,9,0.888889,54,48,2026-02-capital-swing/classic-nasde/final,final,eepro
True,6,0.5,12,5,1.0,30,30,2026-02-capital-swing/country-advanced-jj/final,final,eepro
True,17,1.0,17,6,0.5,102,51,2026-02-capital-swing/country-advanced-jj/prelim,prelim,eepro
True,5,0.5,10,5,1.0,25,25,2026-02-capital-swing/country-intermediate-jj/final,final,eepro
True,17,1.0,17,6,0.5,102,51,2026-02-capital-swing/country-intermediate-jj/prelim,prelim,eepro
True,6,0.5,12,5,1.0,30,30,2026-02-capital-swing/country-novice-jj/final,final,eepro
True,29,1.0,29,6,0.5,174,87,2026-02-capital-swing/country-novice-jj/prelim,prelim,eepro
True,12,0.5,24,7,1.0,84,84,2026-02-capital-swing/intermediate-jj/final,final,eepro
True,110,1.0,110,10,0.5,1100,550,2026-02-capital-swing/intermediate-jj/prelim,prelim,eepro
True,50,1.0,50,10,0.5,500,250,2026-02-capital-swing/intermediate-jj/semifinal,semifinal,eepro
True,6,1.0,6,5,1.0,30,30,2026-02-capital-swing/line-golden-x/final,final,eepro
True,11,0.5,22,7,1.0,77,77,2026-02-capital-swing/masters-jj/final,final,eepro
True,44,1.0,44,10,0.5,440,220,2026-02-capital-swing/masters-jj/prelim,prelim,eepro
True,14,0.5,28,7,1.0,98,98,2026-02-capital-swing/novice-jj/final,final,eepro
True,184,1.0,184,10,0.5,1840,920,2026-02-capital-swing/novice-jj/prelim,prelim,eepro
True,75,1.0,75,10,0.5,750,375,2026-02-capital-swing/novice-jj/semifinal,semifinal,eepro
True,2,1.0,2,7,1.0,14,14,2026-02-capital-swing/pro-am/final,final,eepro
True,2,1.0,2,7,1.0,14,14,2026-02-capital-swing/rising-star/final,final,eepro
True,5,1.0,5,9,1.0,45,45,2026-02-capital-swing/showcase-nasde/final,final,eepro
True,10,1.0,10,5,1.0,50,50,2026-02-capital-swing/strictly-generational/final,final,eepro
True,21,1.0,21,5,1.0,105,105,2026-02-capital-swing/strictly-generational/prelim,prelim,eepro
True,12,1.0,12,5,1.0,60,60,2026-02-capital-swing/strictly-int-adv/final,final,eepro
True,35,1.0,35,5,1.0,175,175,2026-02-capital-swing/strictly-int-adv/prelim,prelim,eepro
True,13,1.0,13,5,1.0,65,65,2026-02-capital-swing/strictly-nov-int/final,final,eepro
True,42,1.0,42,5,1.0,210,210,2026-02-capital-swing/strictly-nov-int/prelim,prelim,eepro
True,9,0.5,18,5,1.0,45,45,2026-02-swing-crush/advanced-jj/final,final,eepro
True,56,1.0,56,8,0.5,448,224,2026-02-swing-crush/advanced-jj/prelim,prelim,eepro
True,10,1.0,10,5,1.0,50,50,2026-02-swing-crush/advanced-strictly/final,final,eepro
True,13,1.0,13,5,1.0,65,65,2026-02-swing-crush/advanced-strictly/prelim,prelim,eepro
True,10,0.5,20,5,1.0,50,50,2026-02-swing-crush/allstar-jj/final,final,eepro
True,33,1.0,33,8,0.5,264,132,2026-02-swing-crush/allstar-jj/prelim,prelim,eepro
True,14,1.0,14,5,1.0,70,70,2026-02-swing-crush/allstar-strictly/final,final,eepro
True,10,1.0,10,11,1.0,110,110,2026-02-swing-crush/champion-strictly/final,final,eepro
True,11,1.375,8,5,1.0,55,55,2026-02-swing-crush/hi-lo-j-j-hi-lead-lo-follow/final,final,eepro
True,26,1.0,26,5,1.0,130,130,2026-02-swing-crush/hi-lo-j-j-hi-lead-lo-follow/prelim,prelim,eepro
True,10,1.0,10,5,1.0,50,50,2026-02-swing-crush/hi-lo-j-j-lo-lead-hi-follow/final,final,eepro
True,39,1.0,39,5,1.0,195,195,2026-02-swing-crush/hi-lo-j-j-lo-lead-hi-follow/prelim,prelim,eepro
True,12,0.5,24,5,1.0,60,60,2026-02-swing-crush/intermediate-jj/final,final,eepro
True,88,1.0,88,10,0.5,880,440,2026-02-swing-crush/intermediate-jj/prelim,prelim,eepro
True,50,1.0,50,10,0.5,500,250,2026-02-swing-crush/intermediate-jj/semifinal,semifinal,eepro
True,19,1.0,19,5,1.0,95,95,2026-02-swing-crush/intermediate-strictly-pro-am-am-followers/final,final,eepro
True,9,1.0,9,5,1.0,45,45,2026-02-swing-crush/intermediate-strictly-pro-am-am-leaders/final,final,eepro
True,9,1.0,9,5,1.0,45,45,2026-02-swing-crush/intermediate-strictly/final,final,eepro
True,21,1.0,21,5,1.0,105,105,2026-02-swing-crush/intermediate-strictly/prelim,prelim,eepro
True,7,0.5,14,7,1.0,49,49,2026-02-swing-crush/masters-jj/final,final,eepro
True,28,1.0,28,10,0.5,280,140,2026-02-swing-crush/masters-jj/prelim,prelim,eepro
True,5,1.0,5,5,1.0,25,25,2026-02-swing-crush/masters-strictly/final,final,eepro
True,8,0.5,16,7,1.0,56,56,2026-02-swing-crush/newcomer-jj/final,final,eepro
True,26,1.0,26,10,0.5,260,130,2026-02-swing-crush/newcomer-jj/prelim,prelim,eepro
True,3,1.0,3,5,1.0,15,15,2026-02-swing-crush/newcomer-strictly-pro-am-am-followers/final,final,eepro
True,14,0.5,28,7,1.0,98,98,2026-02-swing-crush/novice-jj/final,final,eepro
True,122,1.0,122,10,0.5,1220,610,2026-02-swing-crush/novice-jj/prelim,prelim,eepro
True,53,1.0,53,10,0.5,530,265,2026-02-swing-crush/novice-jj/semifinal,semifinal,eepro
True,18,1.0,18,5,1.0,90,90,2026-02-swing-crush/novice-strictly-pro-am-am-followers/final,final,eepro
True,9,1.0,9,5,1.0,45,45,2026-02-swing-crush/novice-strictly-pro-am-am-leaders/final,final,eepro
True,10,1.0,10,5,1.0,50,50,2026-02-swing-crush/novice-strictly/final,final,eepro
True,21,1.0,21,5,1.0,105,105,2026-02-swing-crush/novice-strictly/prelim,prelim,eepro
True,8,0.5,16,6,0.833333,48,40,2026-02-swingtzerland/advanced-jj/final,final,scoringdance
True,34,1.0,34,9,0.444444,306,136,2026-02-swingtzerland/advanced-jj/prelim,prelim,scoringdance
True,10,0.5,20,6,0.833333,60,50,2026-02-swingtzerland/allstar-jj-champions/final,final,scoringdance
True,34,0.918919,37,9,0.48366,306,148,2026-02-swingtzerland/allstar-jj-champions/prelim,prelim,scoringdance
True,10,0.5,20,6,0.833333,60,50,2026-02-swingtzerland/intermediate-jj/final,final,scoringdance
True,55,1.0,55,9,0.444444,495,220,2026-02-swingtzerland/intermediate-jj/prelim,prelim,scoringdance
True,12,0.5,24,8,0.875,96,84,2026-02-swingtzerland/novice-jj/final,final,scoringdance
True,76,0.883721,86,9,0.502924,684,344,2026-02-swingtzerland/novice-jj/prelim,prelim,scoringdance
True,48,1.0,48,11,0.454545,528,240,2026-02-swingtzerland/novice-jj/semifinal,semifinal,scoringdance
True,7,0.5,14,6,0.833333,42,35,2026-02-trinity-swing/advanced-jj/final,final,scoringdance
True,11,0.5,22,6,0.833333,66,55,2026-02-trinity-swing/intermediate-jj/final,final,scoringdance
True,23,0.676471,34,5,0.8,115,92,2026-02-trinity-swing/intermediate-jj/prelim,prelim,scoringdance
True,8,0.5,16,6,0.833333,48,40,2026-02-trinity-swing/jj-all-ireland/final,final,scoringdance
True,62,0.96875,64,7,0.884793,434,384,2026-02-trinity-swing/jj-all-ireland/prelim,prelim,scoringdance
True,26,1.0,26,6,0.833333,156,130,2026-02-trinity-swing/jj-all-ireland/semifinal,semifinal,scoringdance
True,5,0.5,10,6,0.833333,30,25,2026-02-trinity-swing/masters-jj/final,final,scoringdance
True,6,0.5,12,6,0.833333,36,30,2026-02-trinity-swing/newcomer-jj/final,final,scoringdance
True,23,1.0,23,8,0.5,184,92,2026-02-trinity-swing/newcomer-jj/prelim,prelim,scoringdance
True,12,0.5,24,6,0.833333,72,60,2026-02-trinity-swing/novice-jj/final,final,scoringdance
True,74,0.973684,76,9,0.456456,666,304,2026-02-trinity-swing/novice-jj/prelim,prelim,scoringdance
True,36,0.947368,38,9,0.469136,324,152,2026-02-trinity-swing/novice-jj/semifinal,semifinal,scoringdance
True,10,0.5,20,6,0.833333,60,50,2026-02-trinity-swing/sophisticated-jj/final,final,scoringdance
True,32,1.0,32,8,0.5,256,128,2026-02-trinity-swing/sophisticated-jj/prelim,prelim,scoringdance
True,5,0.5,10,5,1.0,25,25,2026-02-waterloo-ontario-open-west-coast-swing-championships/advanced-jj/final,final,wdr
True,10,0.714286,14,10,0.7,100,70,2026-02-waterloo-ontario-open-west-coast-swing-championships/advanced-jj/prelim,prelim,wdr
True,6,0.5,12,5,1.0,30,30,2026-02-waterloo-ontario-open-west-coast-swing-championships/intermediate-jj/final,final,wdr
True,12,0.324324,37,10,0.833333,120,100,2026-02-waterloo-ontario-open-west-coast-swing-championships/intermediate-jj/prelim,prelim,wdr
True,13,0.5,26,5,1.0,65,65,2026-02-waterloo-ontario-open-west-coast-swing-championships/jj-high-lead-low-follow/final,final,wdr
True,26,0.433333,60,5,1.076923,130,140,2026-02-waterloo-ontario-open-west-coast-swing-championships/jj-high-lead-low-follow/prelim,prelim,wdr
True,11,0.5,22,5,1.0,55,55,2026-02-waterloo-ontario-open-west-coast-swing-championships/jj-low-lead-high-follow/final,final,wdr
True,22,0.628571,35,5,1.363636,110,150,2026-02-waterloo-ontario-open-west-coast-swing-championships/jj-low-lead-high-follow/prelim,prelim,wdr
True,10,0.5,20,5,1.0,50,50,2026-02-waterloo-ontario-open-west-coast-swing-championships/newcomer-jj/final,final,wdr
True,20,0.425532,47,10,0.55,200,110,2026-02-waterloo-ontario-open-west-coast-swing-championships/newcomer-jj/prelim,prelim,wdr
True,6,0.5,12,5,1.0,30,30,2026-02-waterloo-ontario-open-west-coast-swing-championships/newcomer-strictly-novice/final,final,wdr
True,13,0.5,26,5,1.0,65,65,2026-02-waterloo-ontario-open-west-coast-swing-championships/novice-jj/final,final,wdr
True,45,0.642857,70,10,0.466667,450,210,2026-02-waterloo-ontario-open-west-coast-swing-championships/novice-jj/prelim,prelim,wdr
True,26,0.577778,45,10,0.461538,260,120,2026-02-waterloo-ontario-open-west-coast-swing-championships/novice-jj/prelim-2,prelim,wdr
True,8,0.5,16,5,1.0,40,40,2026-02-waterloo-ontario-open-west-coast-swing-championships/open-strictly/final,final,wdr
True,10,0.5,20,5,1.0,50,50,2026-02-waterloo-ontario-open-west-coast-swing-championships/sophisticated-jj-35-older/final,final,wdr
True,20,0.526316,38,10,0.5,200,100,2026-02-waterloo-ontario-open-west-coast-swing-championships/sophisticated-jj-35-older/prelim,prelim,wdr
True,6,0.5,12,5,1.0,30,30,2026-02-waterloo-ontario-open-west-coast-swing-championships/strictly-switch/final,final,wdr
True,10,0.5,20,6,0.833333,60,50,2026-03-all-star-swingjam/advanced-jj/final,final,scoringdance
True,46,1.0,46,9,0.444444,414,184,2026-03-all-star-swingjam/advanced-jj/prelim,prelim,scoringdance
True,10,0.5,20,6,0.833333,60,50,2026-03-all-star-swingjam/allstar-jj/final,final,scoringdance
True,35,1.0,35,6,0.833333,210,175,2026-03-all-star-swingjam/allstar-jj/prelim,prelim,scoringdance
True,10,0.5,20,6,0.833333,60,50,2026-03-all-star-swingjam/intermediate-jj/final,final,scoringdance
True,81,1.0,81,9,0.444444,729,324,2026-03-all-star-swingjam/intermediate-jj/prelim,prelim,scoringdance
True,40,1.0,40,9,0.444444,360,160,2026-03-all-star-swingjam/intermediate-jj/semifinal,semifinal,scoringdance
True,15,0.555556,27,6,0.833333,90,75,2026-03-all-star-swingjam/jj-all-american/final,final,scoringdance
True,88,0.807339,109,6,0.92803,528,490,2026-03-all-star-swingjam/jj-all-american/prelim,prelim,scoringdance
True,14,0.56,25,6,0.833333,84,70,2026-03-all-star-swingjam/newcomer-jj/final,final,scoringdance
True,12,0.5,24,6,0.833333,72,60,2026-03-all-star-swingjam/novice-jj/final,final,scoringdance
True,125,1.0,125,9,0.444444,1125,500,2026-03-all-star-swingjam/novice-jj/prelim,prelim,scoringdance
True,58,1.0,58,9,0.444444,522,232,2026-03-all-star-swingjam/novice-jj/semifinal,semifinal,scoringdance
True,9,0.5,18,6,0.833333,54,45,2026-03-all-star-swingjam/strictly-mixer-a/final,final,scoringdance
True,23,1.0,23,6,0.833333,138,115,2026-03-all-star-swingjam/strictly-mixer-a/prelim,prelim,scoringdance
True,10,0.5,20,6,0.833333,60,50,2026-03-all-star-swingjam/strictly-mixer-b/final,final,scoringdance
True,30,1.0,30,6,0.833333,180,150,2026-03-all-star-swingjam/strictly-mixer-b/prelim,prelim,scoringdance
True,10,0.5,20,6,0.833333,60,50,2026-03-all-star-swingjam/strictly-switchly/final,final,scoringdance
True,12,0.5,24,7,1.0,84,84,2026-03-boston-tea-party/advanced-jj/final,final,eepro
True,43,1.0,43,8,0.5,344,172,2026-03-boston-tea-party/advanced-jj/prelim,prelim,eepro
True,11,1.0,11,5,1.0,55,55,2026-03-boston-tea-party/advanced-strictly/final,final,eepro
True,5,0.5,10,7,1.0,35,35,2026-03-boston-tea-party/allstar-jj/final,final,eepro
True,22,1.0,22,8,0.5,176,88,2026-03-boston-tea-party/allstar-jj/prelim,prelim,eepro
True,5,1.0,5,5,1.0,25,25,2026-03-boston-tea-party/allstar-strictly/final,final,eepro
True,12,0.5,24,7,1.0,84,84,2026-03-boston-tea-party/intermediate-jj/final,final,eepro
True,73,1.0,73,8,0.5,584,292,2026-03-boston-tea-party/intermediate-jj/prelim,prelim,eepro
True,6,1.0,6,5,1.0,30,30,2026-03-boston-tea-party/intermediate-strictly/final,final,eepro
True,14,1.0,14,5,1.0,70,70,2026-03-boston-tea-party/intermediate-strictly/prelim,prelim,eepro
True,12,0.571429,21,12,1.0,144,144,2026-03-boston-tea-party/invitational-jj-crossover/final,final,eepro
True,6,2.0,3,6,1.0,36,36,2026-03-boston-tea-party/invitational-strictly/final,final,eepro
True,5,0.5,10,5,1.0,25,25,2026-03-boston-tea-party/jj-take-the-lead/final,final,eepro
True,22,1.0,22,5,1.0,110,110,2026-03-boston-tea-party/jj-take-the-lead/prelim,prelim,eepro
True,5,0.5,10,5,1.0,25,25,2026-03-boston-tea-party/lindy-advanced-jj-hop/final,final,eepro
True,16,1.0,16,6,0.5,96,48,2026-03-boston-tea-party/lindy-advanced-jj-hop/prelim,prelim,eepro
True,4,1.0,4,5,1.0,20,20,2026-03-boston-tea-party/lindy-advanced-strictly-hop/final,final,eepro
True,6,0.5,12,5,1.0,30,30,2026-03-boston-tea-party/lindy-intermediate-jj-hop/final,final,eepro
True,24,1.0,24,6,0.5,144,72,2026-03-boston-tea-party/lindy-intermediate-jj-hop/prelim,prelim,eepro
True,5,2.5,2,5,1.0,25,25,2026-03-boston-tea-party/lindy-invitational-strictly-hop/final,final,eepro
True,5,0.5,10,5,1.0,25,25,2026-03-boston-tea-party/lindy-jj-hop-new-nov/final,final,eepro
True,22,1.0,22,6,0.5,132,66,2026-03-boston-tea-party/lindy-jj-hop-new-nov/prelim,prelim,eepro
True,6,0.545455,11,5,1.0,30,30,2026-03-boston-tea-party/lindy-jj-hop-take-the-lead/final,final,eepro
True,7,1.0,7,5,1.0,35,35,2026-03-boston-tea-party/lindy-strictly-hop-nov-int/final,final,eepro
True,9,0.5,18,7,1.0,63,63,2026-03-boston-tea-party/masters-jj/final,final,eepro
True,30,1.0,30,8,0.5,240,120,2026-03-boston-tea-party/masters-jj/prelim,prelim,eepro
True,5,1.0,5,5,1.0,25,25,2026-03-boston-tea-party/masters-strictly/final,final,eepro
True,8,0.5,16,7,1.0,56,56,2026-03-boston-tea-party/newcomer-jj/final,final,eepro
True,30,1.0,30,8,0.5,240,120,2026-03-boston-tea-party/newcomer-jj/prelim,prelim,eepro
True,15,0.5,30,7,1.0,105,105,2026-03-boston-tea-party/novice-jj/final,final,eepro
True,141,1.0,141,8,0.5,1128,564,2026-03-boston-tea-party/novice-jj/prelim,prelim,eepro
True,104,1.0,104,8,0.5,832,416,2026-03-boston-tea-party/novice-jj/quarterfinal,quarterfinal,eepro
True,52,1.0,52,8,0.5,416,208,2026-03-boston-tea-party/novice-jj/semifinal,semifinal,eepro
True,12,1.0,12,5,1.0,60,60,2026-03-boston-tea-party/novice-strictly/final,final,eepro
True,23,1.0,23,5,1.0,115,115,2026-03-boston-tea-party/novice-strictly/prelim,prelim,eepro
True,8,0.5,16,5,1.0,40,40,2026-03-boston-tea-party/open-jj-crossover/final,final,eepro
True,42,1.0,42,8,0.5,336,168,2026-03-boston-tea-party/open-jj-crossover/prelim,prelim,eepro
True,10,0.5,20,5,1.0,50,50,2026-03-h-town-throw-down/advanced-jj/final,final,eepro
True,62,1.0,62,8,0.5,496,248,2026-03-h-town-throw-down/advanced-jj/prelim,prelim,eepro
True,9,1.0,9,5,1.0,45,45,2026-03-h-town-throw-down/advanced-strictly/final,final,eepro
True,24,1.0,24,5,1.0,120,120,2026-03-h-town-throw-down/advanced-strictly/prelim,prelim,eepro
True,15,1.071429,14,5,1.0,75,75,2026-03-h-town-throw-down/all-american-j-j/final,final,eepro
True,75,1.0,75,5,1.0,375,375,2026-03-h-town-throw-down/all-american-j-j/prelim,prelim,eepro
True,25,1.0,25,5,1.0,125,125,2026-03-h-town-throw-down/all-american-j-j/semifinal,semifinal,eepro
True,9,0.5,18,7,1.0,63,63,2026-03-h-town-throw-down/allstar-jj/final,final,eepro
True,41,1.0,41,8,0.5,328,164,2026-03-h-town-throw-down/allstar-jj/prelim,prelim,eepro
True,10,1.0,10,5,1.0,50,50,2026-03-h-town-throw-down/allstar-strictly-champions/final,final,eepro
True,23,1.0,23,5,1.0,115,115,2026-03-h-town-throw-down/allstar-strictly-champions/prelim,prelim,eepro
True,12,0.5,24,5,1.0,60,60,2026-03-h-town-throw-down/intermediate-jj/final,final,eepro
True,67,1.0,67,8,0.5,536,268,2026-03-h-town-throw-down/intermediate-jj/prelim,prelim,eepro
True,8,1.0,8,5,1.0,40,40,2026-03-h-town-throw-down/intermediate-strictly/final,final,eepro
True,16,1.0,16,5,1.0,80,80,2026-03-h-town-throw-down/intermediate-strictly/prelim,prelim,eepro
True,9,0.5,18,5,1.0,45,45,2026-03-h-town-throw-down/invitational-jj/final,final,eepro
True,6,0.5,12,5,1.0,30,30,2026-03-h-town-throw-down/masters-jj/final,final,eepro
True,31,1.0,31,8,0.5,248,124,2026-03-h-town-throw-down/masters-jj/prelim,prelim,eepro
True,7,1.0,7,5,1.0,35,35,2026-03-h-town-throw-down/masters-strictly/final,final,eepro
True,10,0.5,20,5,1.0,50,50,2026-03-h-town-throw-down/newcomer-jj/final,final,eepro
True,49,1.0,49,8,0.5,392,196,2026-03-h-town-throw-down/newcomer-jj/prelim,prelim,eepro
True,10,1.0,10,5,1.0,50,50,2026-03-h-town-throw-down/newcomer-strictly-novice/final,final,eepro
True,27,1.0,27,5,1.0,135,135,2026-03-h-town-throw-down/newcomer-strictly-novice/prelim,prelim,eepro
True,15,0.5,30,5,1.0,75,75,2026-03-h-town-throw-down/novice-jj/final,final,eepro
True,132,1.0,132,8,0.5,1056,528,2026-03-h-town-throw-down/novice-jj/prelim,prelim,eepro
True,58,1.0,58,8,0.5,464,232,2026-03-h-town-throw-down/novice-jj/semifinal,semifinal,eepro
True,3,1.0,3,5,1.0,15,15,2026-03-h-town-throw-down/pro-am/final,final,eepro
True,12,0.5,24,10,0.9,120,108,2026-03-king-swing/advanced-jj/final,final,scoringdance
True,83,0.965116,86,11,0.466594,913,426,2026-03-king-swing/advanced-jj/prelim,prelim,scoringdance
True,52,0.962963,54,11,0.472028,572,270,2026-03-king-swing/advanced-jj/semifinal,semifinal,scoringdance
True,10,0.5,20,10,0.9,100,90,2026-03-king-swing/allstar-jj/final,final,scoringdance
True,37,0.902439,41,11,0.503686,407,205,2026-03-king-swing/allstar-jj/prelim,prelim,scoringdance
True,12,0.5,24,10,0.9,120,108,2026-03-king-swing/intermediate-jj/final,final,scoringdance
True,119,0.983471,121,11,0.456073,1309,597,2026-03-king-swing/intermediate-jj/prelim,prelim,scoringdance
True,55,0.916667,60,11,0.495868,605,300,2026-03-king-swing/intermediate-jj/semifinal,semifinal,scoringdance
True,12,0.5,24,10,0.9,120,108,2026-03-king-swing/newcomer-jj/final,final,scoringdance
True,111,0.965217,115,11,0.467649,1221,571,2026-03-king-swing/newcomer-jj/prelim,prelim,scoringdance
True,49,0.907407,54,11,0.500928,539,270,2026-03-king-swing/newcomer-jj/semifinal,semifinal,scoringdance
True,15,0.5,30,10,0.9,150,135,2026-03-king-swing/novice-jj/final,final,scoringdance
True,261,0.988636,264,11,0.45977,2871,1320,2026-03-king-swing/novice-jj/prelim,prelim,scoringdance
True,134,0.893333,150,11,0.50882,1474,750,2026-03-king-swing/novice-jj/semifinal,semifinal,scoringdance
True,13,0.5,26,7,1.0,91,91,2026-03-madjam/advanced-jj/final,final,eepro
True,159,1.0,159,10,0.5,1590,795,2026-03-madjam/advanced-jj/prelim,prelim,eepro
True,80,1.0,80,10,0.5,800,400,2026-03-madjam/advanced-jj/semifinal,semifinal,eepro
True,12,1.0,12,7,1.0,84,84,2026-03-madjam/advanced-strictly/final,final,eepro
True,49,1.0,49,7,1.0,343,343,2026-03-madjam/advanced-strictly/prelim,prelim,eepro
True,26,1.0,26,7,1.0,182,182,2026-03-madjam/advanced-strictly/semifinal,semifinal,eepro
True,11,0.5,22,7,1.0,77,77,2026-03-madjam/allstar-jj/final,final,eepro
True,93,1.0,93,8,0.5,744,372,2026-03-madjam/allstar-jj/prelim,prelim,eepro
True,48,1.0,48,8,0.5,384,192,2026-03-madjam/allstar-jj/semifinal,semifinal,eepro
True,12,1.0,12,7,1.0,84,84,2026-03-madjam/allstar-strictly/final,final,eepro
True,38,1.0,38,7,1.0,266,266,2026-03-madjam/allstar-strictly/prelim,prelim,eepro
True,20,1.0,20,7,1.0,140,140,2026-03-madjam/allstar-strictly/semifinal,semifinal,eepro
True,10,0.5,20,7,1.0,70,70,2026-03-madjam/champion-jj/final,final,eepro
True,44,1.0,44,8,0.5,352,176,2026-03-madjam/champion-jj/prelim,prelim,eepro
True,11,1.0,11,7,1.0,77,77,2026-03-madjam/champion-strictly/final,final,eepro
True,20,1.0,20,7,1.0,140,140,2026-03-madjam/champion-strictly/prelim,prelim,eepro
True,10,0.5,20,5,1.0,50,50,2026-03-madjam/intermediate-jj-proam-follower/final,final,eepro
True,10,0.5,20,5,1.0,50,50,2026-03-madjam/intermediate-jj-proam-leader/final,final,eepro
True,16,0.5,32,7,1.0,112,112,2026-03-madjam/intermediate-jj/final,final,eepro
True,207,1.0,207,10,0.5,2070,1035,2026-03-madjam/intermediate-jj/prelim,prelim,eepro
True,119,1.0,119,10,0.5,1190,595,2026-03-madjam/intermediate-jj/quarterfinal,quarterfinal,eepro
True,58,1.0,58,10,0.5,580,290,2026-03-madjam/intermediate-jj/semifinal,semifinal,eepro
True,13,1.0,13,7,1.0,91,91,2026-03-madjam/intermediate-strictly/final,final,eepro
True,56,1.0,56,7,1.0,392,392,2026-03-madjam/intermediate-strictly/prelim,prelim,eepro
True,27,1.0,27,7,1.0,189,189,2026-03-madjam/intermediate-strictly/semifinal,semifinal,eepro
True,50,1.0,50,5,1.0,250,250,2026-03-madjam/jj-proam-int-follower/prelim,prelim,eepro
True,50,1.0,50,5,1.0,250,250,2026-03-madjam/jj-proam-int-leader/prelim,prelim,eepro
True,12,0.5,24,5,1.0,60,60,2026-03-madjam/jj-proam-new-nov-follower/final,final,eepro
True,45,1.0,45,5,1.0,225,225,2026-03-madjam/jj-proam-new-nov-follower/prelim,prelim,eepro
True,50,1.0,50,5,1.0,250,250,2026-03-madjam/jj-proam-new-nov-leader/prelim,prelim,eepro
True,10,0.5,20,7,1.0,70,70,2026-03-madjam/masters-jj/final,final,eepro
True,51,1.0,51,10,0.5,510,255,2026-03-madjam/masters-jj/prelim,prelim,eepro
True,12,0.5,24,5,1.0,60,60,2026-03-madjam/newcomer-jj/final,final,eepro
True,77,1.0,77,10,0.5,770,385,2026-03-madjam/newcomer-jj/prelim,prelim,eepro
True,46,1.0,46,10,0.5,460,230,2026-03-madjam/newcomer-jj/semifinal,semifinal,eepro
True,10,0.5,20,5,1.0,50,50,2026-03-madjam/novice-jj-proam-new-leader/final,final,eepro
True,17,0.5,34,7,1.0,119,119,2026-03-madjam/novice-jj/final,final,eepro
True,284,1.0,284,10,0.5,2840,1420,2026-03-madjam/novice-jj/prelim,prelim,eepro
True,112,1.0,112,10,0.5,1120,560,2026-03-madjam/novice-jj/quarterfinal,quarterfinal,eepro
True,56,1.0,56,10,0.5,560,280,2026-03-madjam/novice-jj/semifinal,semifinal,eepro
True,8,1.0,8,5,1.0,40,40,2026-03-madjam/pro-am-spotlight-int-adv/final,final,eepro
True,6,1.0,6,5,1.0,30,30,2026-03-madjam/pro-am-spotlight-new-nov/final,final,eepro
True,4,1.0,4,7,0.964286,28,27,2026-03-madjam/rising-star/final,final,eepro
True,13,0.5,26,7,1.0,91,91,2026-03-madjam/sophisticated-jj/final,final,eepro
True,75,1.0,75,10,0.5,750,375,2026-03-madjam/sophisticated-jj/prelim,prelim,eepro
True,47,1.0,47,10,0.5,470,235,2026-03-madjam/sophisticated-jj/semifinal,semifinal,eepro
True,12,1.0,12,7,1.0,84,84,2026-03-madjam/strictly-new-nov/final,final,eepro
True,47,1.0,47,7,1.0,329,329,2026-03-madjam/strictly-new-nov/prelim,prelim,eepro
True,25,1.0,25,7,1.0,175,175,2026-03-madjam/strictly-new-nov/semifinal,semifinal,eepro
True,10,0.5,20,5,1.0,50,50,2026-03-new-york-flow-festival/advanced-jj/final,final,eepro
True,51,1.0,51,8,0.5,408,204,2026-03-new-york-flow-festival/advanced-jj/prelim,prelim,eepro
True,8,1.0,8,5,1.0,40,40,2026-03-new-york-flow-festival/advanced-strictly/final,final,eepro
True,14,1.0,14,5,1.0,70,70,2026-03-new-york-flow-festival/advanced-strictly/prelim,prelim,eepro
True,5,0.5,10,5,1.0,25,25,2026-03-new-york-flow-festival/allstar-jj/final,final,eepro
True,23,1.0,23,8,0.5,184,92,2026-03-new-york-flow-festival/allstar-jj/prelim,prelim,eepro
True,8,1.0,8,5,1.0,40,40,2026-03-new-york-flow-festival/allstar-strictly/final,final,eepro
True,10,0.5,20,5,1.0,50,50,2026-03-new-york-flow-festival/intermediate-jj/final,final,eepro
True,62,1.0,62,8,0.5,496,248,2026-03-new-york-flow-festival/intermediate-jj/prelim,prelim,eepro
True,12,1.0,12,5,1.0,60,60,2026-03-new-york-flow-festival/intermediate-strictly/final,final,eepro
True,21,1.0,21,7,1.0,147,147,2026-03-new-york-flow-festival/jj-rat-race/prelim,prelim,eepro
True,5,0.5,10,5,1.0,25,25,2026-03-new-york-flow-festival/newcomer-jj/final,final,eepro
True,20,1.0,20,8,0.5,160,80,2026-03-new-york-flow-festival/newcomer-jj/prelim,prelim,eepro
True,12,0.5,24,5,1.0,60,60,2026-03-new-york-flow-festival/novice-jj/final,final,eepro
True,74,1.0,74,8,0.5,592,296,2026-03-new-york-flow-festival/novice-jj/prelim,prelim,eepro
True,8,1.0,8,5,1.0,40,40,2026-03-new-york-flow-festival/novice-strictly/final,final,eepro
True,12,0.5,24,7,1.0,84,84,2026-03-the-chicago-classic/advanced-jj/final,final,wdr
True,44,0.52381,84,10,0.5,440,220,2026-03-the-chicago-classic/advanced-jj/prelim,prelim,wdr
True,24,0.545455,44,10,0.875,240,210,2026-03-the-chicago-classic/advanced-jj/prelim-2,prelim,wdr
True,10,0.5,20,7,1.0,70,70,2026-03-the-chicago-classic/allstar-jj/final,final,wdr
True,20,0.540541,37,10,0.5,200,100,2026-03-the-chicago-classic/allstar-jj/prelim,prelim,wdr
True,7,0.5,14,7,1.0,49,49,2026-03-the-chicago-classic/allstar-strictly/final,final,wdr
True,7,0.538462,13,7,1.857143,49,91,2026-03-the-chicago-classic/allstar-strictly/prelim,prelim,wdr
True,11,0.5,22,7,1.0,77,77,2026-03-the-chicago-classic/champion-jj/final,final,wdr
True,5,0.5,10,7,1.0,35,35,2026-03-the-chicago-classic/classic/final,final,wdr
True,5,0.5,10,5,1.0,25,25,2026-03-the-chicago-classic/country-advanced-jj-swing/final,final,wdr
True,10,0.555556,18,6,0.5,60,30,2026-03-the-chicago-classic/country-advanced-jj-swing/prelim,prelim,wdr
True,9,0.5,18,5,1.0,45,45,2026-03-the-chicago-classic/country-intermediate-jj-swing/final,final,wdr
True,18,0.642857,28,6,0.5,108,54,2026-03-the-chicago-classic/country-intermediate-jj-swing/prelim,prelim,wdr
True,10,0.5,20,5,1.0,50,50,2026-03-the-chicago-classic/country-novice-jj-swing/final,final,wdr
True,20,0.37037,54,6,0.6,120,72,2026-03-the-chicago-classic/country-novice-jj-swing/prelim,prelim,wdr
True,12,0.5,24,5,1.0,60,60,2026-03-the-chicago-classic/country-open-strictly/final,final,wdr
True,12,0.5,24,6,1.0,72,72,2026-03-the-chicago-classic/country-open-strictly/prelim,prelim,wdr
True,12,0.5,24,7,1.0,84,84,2026-03-the-chicago-classic/intermediate-jj/final,final,wdr
True,54,0.545455,99,10,0.5,540,270,2026-03-the-chicago-classic/intermediate-jj/prelim,prelim,wdr
True,24,0.444444,54,10,0.5,240,120,2026-03-the-chicago-classic/intermediate-jj/prelim-2,prelim,wdr
True,16,0.64,25,5,0.0,80,0,2026-03-the-chicago-classic/intermediate-strictly-pro-am-followers/final,final,wdr
True,3,0.5,6,5,0.0,15,0,2026-03-the-chicago-classic/intermediate-strictly-pro-am-leaders/final,final,wdr
True,16,0.5,32,7,1.0,112,112,2026-03-the-chicago-classic/intermediate-strictly/final,final,wdr
True,14,0.5,28,5,1.0,70,70,2026-03-the-chicago-classic/jj-all-american/final,final,wdr
True,22,0.488889,45,7,1.058442,154,163,2026-03-the-chicago-classic/jj-all-american/prelim,prelim,wdr
True,14,0.608696,23,5,0.857143,70,60,2026-03-the-chicago-classic/jj-all-american/prelim-2,prelim,wdr
True,10,0.5,20,7,1.0,70,70,2026-03-the-chicago-classic/masters-jj/final,final,wdr
True,20,0.487805,41,10,0.5,200,100,2026-03-the-chicago-classic/masters-jj/prelim,prelim,wdr
True,4,0.5,8,7,1.0,28,28,2026-03-the-chicago-classic/masters-strictly/final,final,wdr
True,12,0.5,24,7,1.0,84,84,2026-03-the-chicago-classic/newcomer-jj/final,final,wdr
True,24,0.4,60,10,0.5,240,120,2026-03-the-chicago-classic/newcomer-jj/prelim,prelim,wdr
True,4,0.5,8,5,0.0,20,0,2026-03-the-chicago-classic/newcomer-strictly-pro-am-followers/final,final,wdr
True,4,0.5,8,5,0.0,20,0,2026-03-the-chicago-classic/newcomer-strictly-pro-am-leaders/final,final,wdr
True,16,0.5,32,7,1.0,112,112,2026-03-the-chicago-classic/novice-jj/final,final,wdr
True,89,0.45641,195,10,0.52809,890,470,2026-03-the-chicago-classic/novice-jj/prelim,prelim,wdr
True,60,0.674157,89,10,0.5,600,300,2026-03-the-chicago-classic/novice-jj/prelim-2,prelim,wdr
True,32,0.533333,60,10,0.46875,320,150,2026-03-the-chicago-classic/novice-jj/prelim-3,prelim,wdr
False,0,,0,7,,0,0,2026-03-the-chicago-classic/novice-pro-am/final,final,wdr
True,24,0.666667,36,5,0.0,120,0,2026-03-the-chicago-classic/novice-strictly-pro-am-followers/final,final,wdr
True,16,0.571429,28,5,0.0,80,0,2026-03-the-chicago-classic/novice-strictly-pro-am-leaders/final,final,wdr
True,11,0.5,22,7,1.0,77,77,2026-03-the-chicago-classic/novice-strictly/final,final,wdr
True,11,0.55,20,7,0.909091,77,70,2026-03-the-chicago-classic/novice-strictly/prelim,prelim,wdr
False,0,,0,7,,0,0,2026-03-the-chicago-classic/pro-am-int-adv/final,final,wdr
True,3,0.5,6,7,1.0,21,21,2026-03-the-chicago-classic/showcase/final,final,wdr
True,12,0.5,24,7,1.0,84,84,2026-03-the-chicago-classic/sophisticated-jj/final,final,wdr
True,40,0.512821,78,10,0.525,400,210,2026-03-the-chicago-classic/sophisticated-jj/prelim,prelim,wdr
True,24,0.6,40,10,0.5,240,120,2026-03-the-chicago-classic/sophisticated-jj/prelim-2,prelim,wdr
True,11,0.5,22,7,1.0,77,77,2026-03-the-chicago-classic/strictly-adv/final,final,wdr
True,11,0.55,20,7,0.909091,77,70,2026-03-the-chicago-classic/strictly-adv/prelim,prelim,wdr
True,11,0.5,22,7,1.0,77,77,2026-03-the-chicago-classic/strictly-generational/final,final,wdr
True,11,0.578947,19,7,0.818182,77,63,2026-03-the-chicago-classic/strictly-generational/prelim,prelim,wdr
True,13,0.5,26,7,1.0,91,91,2026-03-the-chicago-classic/strictly-switchly/final,final,wdr
True,12,0.5,24,8,0.875,96,84,2026-03-uk-west-coast-swing-championships/advanced-jj/final,final,scoringdance
True,77,0.905882,85,10,0.441558,770,340,2026-03-uk-west-coast-swing-championships/advanced-jj/prelim,prelim,scoringdance
True,42,0.913043,46,10,0.438095,420,184,2026-03-uk-west-coast-swing-championships/advanced-jj/semifinal,semifinal,scoringdance
True,10,0.5,20,8,0.875,80,70,2026-03-uk-west-coast-swing-championships/advanced-strictly/final,final,scoringdance
True,29,1.0,29,8,0.875,232,203,2026-03-uk-west-coast-swing-championships/advanced-strictly/prelim,prelim,scoringdance
True,10,0.5,20,8,0.875,80,70,2026-03-uk-west-coast-swing-championships/allstar-jj/final,final,scoringdance
True,52,1.0,52,10,0.4,520,208,2026-03-uk-west-coast-swing-championships/allstar-jj/prelim,prelim,scoringdance
True,10,0.5,20,8,0.875,80,70,2026-03-uk-west-coast-swing-championships/allstar-strictly-champions/final,final,scoringdance
True,20,1.0,20,8,0.875,160,140,2026-03-uk-west-coast-swing-championships/allstar-strictly-champions/prelim,prelim,scoringdance
True,8,0.5,16,8,0.875,64,56,2026-03-uk-west-coast-swing-championships/champion-jj/final,final,scoringdance
True,22,1.0,22,9,0.444444,198,88,2026-03-uk-west-coast-swing-championships/champion-jj/prelim,prelim,scoringdance
True,12,0.5,24,8,0.875,96,84,2026-03-uk-west-coast-swing-championships/intermediate-jj/final,final,scoringdance
True,112,0.982456,114,12,0.424107,1344,570,2026-03-uk-west-coast-swing-championships/intermediate-jj/prelim,prelim,scoringdance
True,45,0.9,50,12,0.462963,540,250,2026-03-uk-west-coast-swing-championships/intermediate-jj/semifinal,semifinal,scoringdance
True,11,0.5,22,8,0.875,88,77,2026-03-uk-west-coast-swing-championships/intermediate-strictly/final,final,scoringdance
True,32,1.0,32,8,0.875,256,224,2026-03-uk-west-coast-swing-championships/intermediate-strictly/prelim,prelim,scoringdance
True,15,0.5,30,8,0.875,120,105,2026-03-uk-west-coast-swing-championships/jj-all-brexit/final,final,scoringdance
True,141,0.992958,142,9,0.445232,1269,565,2026-03-uk-west-coast-swing-championships/jj-all-brexit/prelim,prelim,scoringdance
True,70,1.0,70,8,0.875,560,490,2026-03-uk-west-coast-swing-championships/jj-all-brexit/semifinal,semifinal,scoringdance
True,10,0.5,20,8,0.875,80,70,2026-03-uk-west-coast-swing-championships/masters-jj/final,final,scoringdance
True,44,1.0,44,12,0.416667,528,220,2026-03-uk-west-coast-swing-championships/masters-jj/prelim,prelim,scoringdance
True,10,0.5,20,8,0.875,80,70,2026-03-uk-west-coast-swing-championships/newcomer-jj/final,final,scoringdance
True,48,0.827586,58,9,0.516204,432,223,2026-03-uk-west-coast-swing-championships/newcomer-jj/prelim,prelim,scoringdance
True,12,0.5,24,8,0.875,96,84,2026-03-uk-west-coast-swing-championships/newcomer-strictly-novice/final,final,scoringdance
True,38,1.0,38,8,0.875,304,266,2026-03-uk-west-coast-swing-championships/newcomer-strictly-novice/prelim,prelim,scoringdance
True,15,0.5,30,8,0.875,120,105,2026-03-uk-west-coast-swing-championships/novice-jj/final,final,scoringdance
True,212,0.968037,219,12,0.430425,2544,1095,2026-03-uk-west-coast-swing-championships/novice-jj/prelim,prelim,scoringdance
True,91,0.968085,94,12,0.430403,1092,470,2026-03-uk-west-coast-swing-championships/novice-jj/semifinal,semifinal,scoringdance
True,12,0.5,24,8,0.875,96,84,2026-03-uk-west-coast-swing-championships/sophisticated-jj/final,final,scoringdance
True,127,1.0,127,11,0.400859,1397,560,2026-03-uk-west-coast-swing-championships/sophisticated-jj/prelim,prelim,scoringdance
True,84,0.933333,90,12,0.446429,1008,450,2026-03-uk-west-coast-swing-championships/sophisticated-jj/semifinal,semifinal,scoringdance
True,10,0.5,20,6,0.833333,60,50,2026-03-west-in-lyon/advanced-jj/final,final,scoringdance
True,39,0.795918,49,9,0.558405,351,196,2026-03-west-in-lyon/advanced-jj/prelim,prelim,scoringdance
True,7,0.5,14,6,0.833333,42,35,2026-03-west-in-lyon/allstar-jj/final,final,scoringdance
True,28,0.777778,36,9,0.571429,252,144,2026-03-west-in-lyon/allstar-jj/prelim,prelim,scoringdance
True,6,0.5,12,6,0.833333,36,30,2026-03-west-in-lyon/champion-jj/final,final,scoringdance
True,2,0.5,4,6,0.833333,12,10,2026-03-west-in-lyon/classic/final,final,scoringdance
True,12,0.5,24,6,0.833333,72,60,2026-03-west-in-lyon/intermediate-jj/final,final,scoringdance
True,89,0.908163,98,9,0.489388,801,392,2026-03-west-in-lyon/intermediate-jj/prelim,prelim,scoringdance
True,54,0.885246,61,9,0.502058,486,244,2026-03-west-in-lyon/intermediate-jj/semifinal,semifinal,scoringdance
True,6,0.5,12,6,0.833333,36,30,2026-03-west-in-lyon/juniors-jj-official-18y/final,final,scoringdance
True,27,1.0,27,5,0.8,135,108,2026-03-west-in-lyon/juniors-jj-official-18y/prelim,prelim,scoringdance
True,5,0.5,10,6,0.833333,30,25,2026-03-west-in-lyon/juniors-newcomer-jj-no-point/final,final,scoringdance
True,26,1.0,26,5,0.8,130,104,2026-03-west-in-lyon/juniors-newcomer-jj-no-point/prelim,prelim,scoringdance
True,10,0.5,20,6,0.833333,60,50,2026-03-west-in-lyon/masters-jj-50y/final,final,scoringdance
True,32,0.842105,38,9,0.527778,288,152,2026-03-west-in-lyon/masters-jj-50y/prelim,prelim,scoringdance
True,14,0.5,28,6,0.833333,84,70,2026-03-west-in-lyon/newcomer-jj/final,final,scoringdance
True,75,0.872093,86,9,0.505185,675,341,2026-03-west-in-lyon/newcomer-jj/prelim,prelim,scoringdance
True,48,0.774194,62,9,0.574074,432,248,2026-03-west-in-lyon/newcomer-jj/semifinal,semifinal,scoringdance
True,15,0.5,30,6,0.833333,90,75,2026-03-west-in-lyon/novice-jj/final,final,scoringdance
True,145,0.878788,165,9,0.503448,1305,657,2026-03-west-in-lyon/novice-jj/prelim,prelim,scoringdance
True,67,0.930556,72,9,0.477612,603,288,2026-03-west-in-lyon/novice-jj/semifinal,semifinal,scoringdance
True,10,0.5,20,6,0.833333,60,50,2026-03-west-in-lyon/novice-strictly-frenchy-style-inter/final,final,scoringdance
True,30,1.0,30,6,0.833333,180,150,2026-03-west-in-lyon/novice-strictly-frenchy-style-inter/prelim,prelim,scoringdance
True,8,0.5,16,6,0.833333,48,40,2026-03-west-in-lyon/open-strictly-frenchy-style-rules-on-website/final,final,scoringdance
True,17,1.0,17,6,0.833333,102,85,2026-03-west-in-lyon/open-strictly-frenchy-style-rules-on-website/prelim,prelim,scoringdance
True,12,0.5,24,6,0.833333,72,60,2026-03-west-in-lyon/rising-star/final,final,scoringdance
True,4,0.5,8,6,0.833333,24,20,2026-03-west-in-lyon/showcase/final,final,scoringdance
True,10,0.5,20,6,0.833333,60,50,2026-03-west-in-lyon/sophisticated-jj-35y/final,final,scoringdance
True,43,0.934783,46,9,0.475452,387,184,2026-03-west-in-lyon/sophisticated-jj-35y/prelim,prelim,scoringdance
True,5,0.5,10,6,0.833333,30,25,2026-03-west-in-lyon/young-adult-routines-14-to-17-years/final,final,scoringdance
True,11,0.5,22,6,0.833333,66,55,2026-04-city-of-angels-wcs/advanced-jj/final,final,scoringdance
True,68,1.0,68,10,0.4,680,272,2026-04-city-of-angels-wcs/advanced-jj/prelim,prelim,scoringdance
True,10,0.5,20,6,0.833333,60,50,2026-04-city-of-angels-wcs/advanced-strictly/final,final,scoringdance
True,20,1.0,20,6,0.833333,120,100,2026-04-city-of-angels-wcs/advanced-strictly/prelim,prelim,scoringdance
True,10,0.5,20,6,0.833333,60,50,2026-04-city-of-angels-wcs/allstar-all-stars-champions-challenge/final,final,scoringdance
True,11,0.5,22,6,0.833333,66,55,2026-04-city-of-angels-wcs/allstar-jj/final,final,scoringdance
True,51,1.0,51,10,0.4,510,204,2026-04-city-of-angels-wcs/allstar-jj/prelim,prelim,scoringdance
True,10,0.5,20,6,0.833333,60,50,2026-04-city-of-angels-wcs/allstar-strictly/final,final,scoringdance
True,18,1.0,18,6,0.824074,108,89,2026-04-city-of-angels-wcs/allstar-strictly/prelim,prelim,scoringdance
True,7,0.5,14,6,0.833333,42,35,2026-04-city-of-angels-wcs/champion-jj/final,final,scoringdance
True,30,1.0,30,6,0.833333,180,150,2026-04-city-of-angels-wcs/champion-jj/prelim,prelim,scoringdance
True,8,0.5,16,6,0.833333,48,40,2026-04-city-of-angels-wcs/champion-strictly/final,final,scoringdance
True,14,1.0,14,6,0.833333,84,70,2026-04-city-of-angels-wcs/champion-strictly/prelim,prelim,scoringdance
True,12,0.5,24,8,0.875,96,84,2026-04-city-of-angels-wcs/intermediate-jj/final,final,scoringdance
True,69,1.0,69,10,0.4,690,276,2026-04-city-of-angels-wcs/intermediate-jj/prelim,prelim,scoringdance
True,13,0.52,25,6,0.833333,78,65,2026-04-city-of-angels-wcs/intermediate-strictly/final,final,scoringdance
True,15,0.517241,29,6,0.833333,90,75,2026-04-city-of-angels-wcs/jj-all-american/final,final,scoringdance
True,83,0.892473,93,6,0.873494,498,435,2026-04-city-of-angels-wcs/jj-all-american/prelim,prelim,scoringdance
True,5,0.5,10,6,0.833333,30,25,2026-04-city-of-angels-wcs/masters-jj/final,final,scoringdance
True,33,1.0,33,10,0.4,330,132,2026-04-city-of-angels-wcs/masters-jj/prelim,prelim,scoringdance
True,8,0.5,16,6,0.833333,48,40,2026-04-city-of-angels-wcs/masters-masters-choice/final,final,scoringdance
True,9,0.5,18,8,0.875,72,63,2026-04-city-of-angels-wcs/newcomer-jj/final,final,scoringdance
True,28,1.0,28,10,0.4,280,112,2026-04-city-of-angels-wcs/newcomer-jj/prelim,prelim,scoringdance
True,15,0.5,30,8,0.875,120,105,2026-04-city-of-angels-wcs/novice-jj/final,final,scoringdance
True,114,1.0,114,10,0.4,1140,456,2026-04-city-of-angels-wcs/novice-jj/prelim,prelim,scoringdance
True,68,1.0,68,10,0.4,680,272,2026-04-city-of-angels-wcs/novice-jj/semifinal,semifinal,scoringdance
True,11,0.5,22,6,0.833333,66,55,2026-04-city-of-angels-wcs/novice-strictly/final,final,scoringdance
True,26,1.0,26,6,0.833333,156,130,2026-04-city-of-angels-wcs/novice-strictly/prelim,prelim,scoringdance
True,4,0.5,8,6,0.833333,24,20,2026-04-city-of-angels-wcs/pro-am/final,final,scoringdance
True,2,0.5,4,6,0.666667,12,8,2026-04-city-of-angels-wcs/rising-star/final,final,scoringdance
True,6,0.5,12,6,0.833333,36,30,2026-04-city-of-angels-wcs/sophisticated-jj/final,final,scoringdance
True,28,1.0,28,10,0.4,280,112,2026-04-city-of-angels-wcs/sophisticated-jj/prelim,prelim,scoringdance
True,10,0.5,20,6,0.833333,60,50,2026-04-city-of-angels-wcs/strictly-switchly/final,final,scoringdance
True,6,0.5,12,5,1.0,30,30,2026-04-swing-in-bloom/advanced-jj/final,final,wdr
True,12,0.428571,28,10,0.666667,120,80,2026-04-swing-in-bloom/advanced-jj/prelim,prelim,wdr
True,11,0.5,22,5,1.0,55,55,2026-04-swing-in-bloom/advanced-strictly-open/final,final,wdr
True,8,0.5,16,7,1.0,56,56,2026-04-swing-in-bloom/allstar-jj/final,final,wdr
True,12,0.5,24,5,1.0,60,60,2026-04-swing-in-bloom/goose/final,final,wdr
True,20,1.0,20,5,0.0,100,0,2026-04-swing-in-bloom/intermediate-jj-pro-am-followers/final,final,wdr
True,17,1.0,17,5,0.0,85,0,2026-04-swing-in-bloom/intermediate-jj-pro-am-leaders/final,final,wdr
True,11,0.5,22,7,1.0,77,77,2026-04-swing-in-bloom/intermediate-jj/final,final,wdr
True,22,0.349206,63,10,0.590909,220,130,2026-04-swing-in-bloom/intermediate-jj/prelim,prelim,wdr
True,13,0.5,26,5,1.0,65,65,2026-04-swing-in-bloom/intermediate-strictly/final,final,wdr
True,9,0.5,18,5,1.0,45,45,2026-04-swing-in-bloom/masters-jj/final,final,wdr
True,57,1.0,57,5,0.0,285,0,2026-04-swing-in-bloom/newcomer-jj-pro-am-novice-followers/final,final,wdr
True,20,1.0,20,5,0.0,100,0,2026-04-swing-in-bloom/newcomer-jj-pro-am-novice-leaders/final,final,wdr
True,10,0.5,20,7,1.0,70,70,2026-04-swing-in-bloom/newcomer-jj/final,final,wdr
True,20,0.37037,54,10,0.6,200,120,2026-04-swing-in-bloom/newcomer-jj/prelim,prelim,wdr
True,10,0.5,20,5,1.0,50,50,2026-04-swing-in-bloom/newcomer-strictly-novice/final,final,wdr
True,10,0.555556,18,5,1.0,50,50,2026-04-swing-in-bloom/newcomer-strictly-novice/prelim,prelim,wdr
True,13,0.5,26,7,1.0,91,91,2026-04-swing-in-bloom/novice-jj/final,final,wdr
True,62,0.568807,109,10,0.475806,620,295,2026-04-swing-in-bloom/novice-jj/prelim,prelim,wdr
True,26,0.419355,62,10,0.5,260,130,2026-04-swing-in-bloom/novice-jj/prelim-2,prelim,wdr
False,0,,0,5,,0,0,2026-04-swing-in-bloom/open-pro-am/final,final,wdr
True,5,0.5,10,5,1.0,25,25,2026-04-swing-in-bloom/open-rising-star/final,final,wdr
True,16,0.333333,48,10,0.6875,160,110,2026-04-swing-in-bloom/open-swing-of-the-hill-open/prelim,prelim,wdr
True,10,0.5,20,5,1.0,50,50,2026-04-swing-in-bloom/open-switchly-open/final,final,wdr
True,10,0.5,20,5,1.0,50,50,2026-04-swing-in-bloom/sophisticated-jj/final,final,wdr
True,20,0.5,40,10,0.55,200,110,2026-04-swing-in-bloom/sophisticated-jj/prelim,prelim,wdr
True,5,0.5,10,10,0.9,50,45,2026-04-swing-in-capital/advanced-jj/final,final,scoringdance
True,32,1.0,32,9,0.444444,288,128,2026-04-swing-in-capital/advanced-jj/prelim,prelim,scoringdance
True,5,0.5,10,8,0.875,40,35,2026-04-swing-in-capital/allstar-jj/final,final,scoringdance
True,19,1.0,19,9,0.444444,171,76,2026-04-swing-in-capital/allstar-jj/prelim,prelim,scoringdance
True,12,0.5,24,10,0.9,120,108,2026-04-swing-in-capital/intermediate-jj/final,final,scoringdance
True,71,0.972603,73,11,0.46735,781,365,2026-04-swing-in-capital/intermediate-jj/prelim,prelim,scoringdance
True,37,0.925,40,11,0.4914,407,200,2026-04-swing-in-capital/intermediate-jj/semifinal,semifinal,scoringdance
True,10,0.5,20,8,0.875,80,70,2026-04-swing-in-capital/masters-jj/final,final,scoringdance
True,36,0.923077,39,9,0.472222,324,153,2026-04-swing-in-capital/masters-jj/prelim,prelim,scoringdance
True,10,0.5,20,8,0.875,80,70,2026-04-swing-in-capital/newcomer-jj/final,final,scoringdance
True,47,0.921569,51,9,0.48227,423,204,2026-04-swing-in-capital/newcomer-jj/prelim,prelim,scoringdance
True,12,0.5,24,10,0.9,120,108,2026-04-swing-in-capital/novice-jj/final,final,scoringdance
True,117,0.9,130,11,0.505051,1287,650,2026-04-swing-in-capital/novice-jj/prelim,prelim,scoringdance
True,61,0.871429,70,11,0.52161,671,350,2026-04-swing-in-capital/novice-jj/semifinal,semifinal,scoringdance
True,10,0.5,20,8,0.875,80,70,2026-04-swing-in-capital/novice-strictly-intermediate/final,final,scoringdance
True,29,0.966667,30,8,0.87931,232,204,2026-04-swing-in-capital/novice-strictly-intermediate/prelim,prelim,scoringdance
True,7,0.5,14,8,0.875,56,49,2026-04-swing-in-capital/open-strictly/final,final,scoringdance
True,12,1.0,12,8,0.875,96,84,2026-04-swing-in-capital/open-strictly/prelim,prelim,scoringdance
True,12,0.5,24,8,0.875,96,84,2026-04-swing-in-capital/sophisticated-jj/final,final,scoringdance
True,72,1.0,72,11,0.454545,792,360,2026-04-swing-in-capital/sophisticated-jj/prelim,prelim,scoringdance
True,40,1.0,40,11,0.454545,440,200,2026-04-swing-in-capital/sophisticated-jj/semifinal,semifinal,scoringdance
True,6,0.5,12,8,0.875,48,42,2026-04-swing-in-capital/sophisticated-strictly/final,final,scoringdance
True,12,0.5,24,7,0.988095,84,83,2026-04-swingover/advanced-jj/final,final,eepro
True,84,1.0,84,10,0.5,840,420,2026-04-swingover/advanced-jj/prelim,prelim,eepro
True,52,1.0,52,10,0.5,520,260,2026-04-swingover/advanced-jj/semifinal,semifinal,eepro
True,11,1.0,11,7,1.0,77,77,2026-04-swingover/advanced-strictly/final,final,eepro
True,23,1.0,23,5,1.0,115,115,2026-04-swingover/advanced-strictly/prelim,prelim,eepro
True,10,0.5,20,7,1.0,70,70,2026-04-swingover/allstar-jj/final,final,eepro
True,42,1.0,42,8,0.5,336,168,2026-04-swingover/allstar-jj/prelim,prelim,eepro
True,9,1.0,9,5,1.0,45,45,2026-04-swingover/allstar-strictly-champion/final,final,eepro
True,23,1.0,23,5,1.0,115,115,2026-04-swingover/allstar-strictly-champion/prelim,prelim,eepro
True,7,0.5,14,5,1.0,35,35,2026-04-swingover/champion-jj/final,final,eepro
True,21,1.0,21,5,1.0,105,105,2026-04-swingover/champion-jj/prelim,prelim,eepro
True,12,1.0,12,5,1.0,60,60,2026-04-swingover/first-alt-american-large/final,final,eepro
True,3,1.0,3,5,1.0,15,15,2026-04-swingover/first-alt-american-x-2/final,final,eepro
True,12,0.5,24,7,1.0,84,84,2026-04-swingover/intermediate-jj/final,final,eepro
True,119,1.0,119,10,0.5,1190,595,2026-04-swingover/intermediate-jj/prelim,prelim,eepro
True,59,1.0,59,10,0.5,590,295,2026-04-swingover/intermediate-jj/semifinal,semifinal,eepro
True,13,1.0,13,7,1.0,91,91,2026-04-swingover/intermediate-strictly/final,final,eepro
True,30,1.0,30,5,1.0,150,150,2026-04-swingover/intermediate-strictly/prelim,prelim,eepro
True,11,0.5,22,5,1.0,55,55,2026-04-swingover/jj-switch/final,final,eepro
True,52,1.0,52,5,1.0,260,260,2026-04-swingover/jj-switch/prelim,prelim,eepro
True,8,0.5,16,7,1.0,56,56,2026-04-swingover/masters-jj/final,final,eepro
True,39,1.0,39,10,0.5,390,195,2026-04-swingover/masters-jj/prelim,prelim,eepro
True,9,1.0,9,7,1.0,63,63,2026-04-swingover/masters-strictly/final,final,eepro
True,11,0.5,22,7,1.0,77,77,2026-04-swingover/newcomer-jj/final,final,eepro
True,43,1.0,43,10,0.5,430,215,2026-04-swingover/newcomer-jj/prelim,prelim,eepro
True,4,1.0,4,5,1.0,20,20,2026-04-swingover/newcomer-strictly/final,final,eepro
True,15,0.5,30,7,1.0,105,105,2026-04-swingover/novice-jj/final,final,eepro
True,162,1.0,162,10,0.5,1620,810,2026-04-swingover/novice-jj/prelim,prelim,eepro
True,77,1.0,77,10,0.5,770,385,2026-04-swingover/novice-jj/semifinal,semifinal,eepro
True,13,1.0,13,7,1.0,91,91,2026-04-swingover/novice-strictly/final,final,eepro
True,34,1.0,34,5,1.0,170,170,2026-04-swingover/novice-strictly/prelim,prelim,eepro
True,4,1.0,4,5,1.0,20,20,2026-04-swingover/pro-am-int-adv/final,final,eepro
True,5,1.0,5,5,1.0,25,25,2026-04-swingover/pro-am-new-nov/final,final,eepro
True,10,0.5,20,7,1.0,70,70,2026-04-swingover/sophisticated-jj/final,final,eepro
True,65,1.0,65,10,0.5,650,325,2026-04-swingover/sophisticated-jj/prelim,prelim,eepro
True,7,0.5,14,5,1.0,35,35,2026-04-tulsa-spring-swing/advanced-jj/final,final,eepro
True,24,1.0,24,8,0.5,192,96,2026-04-tulsa-spring-swing/advanced-jj/prelim,prelim,eepro
True,11,1.0,11,5,1.0,55,55,2026-04-tulsa-spring-swing/advanced-strictly/final,final,eepro
True,8,0.571429,14,5,1.0,40,40,2026-04-tulsa-spring-swing/allstar-jj/final,final,eepro
True,8,1.0,8,5,1.0,40,40,2026-04-tulsa-spring-swing/hip-hop-threesome/final,final,eepro
True,12,0.5,24,5,1.0,60,60,2026-04-tulsa-spring-swing/intermediate-jj/final,final,eepro
True,49,1.0,49,8,0.5,392,196,2026-04-tulsa-spring-swing/intermediate-jj/prelim,prelim,eepro
True,13,1.0,13,7,1.0,91,91,2026-04-tulsa-spring-swing/intermediate-strictly-pro-am-am-followers/final,final,eepro
True,6,1.0,6,7,1.0,42,42,2026-04-tulsa-spring-swing/intermediate-strictly-pro-am-am-leaders/final,final,eepro
True,13,1.0,13,5,1.0,65,65,2026-04-tulsa-spring-swing/intermediate-strictly/final,final,eepro
True,9,1.0,9,5,1.0,45,45,2026-04-tulsa-spring-swing/invitational-wild-card-invitational-draw/final,final,eepro
True,42,0.807692,52,5,0.47619,210,100,2026-04-tulsa-spring-swing/jj-pro-am-am-follower-pro-leader/final,final,eepro
True,25,0.675676,37,5,0.848,125,106,2026-04-tulsa-spring-swing/jj-pro-am-am-leader-pro-follower/final,final,eepro
True,6,0.5,12,5,1.0,30,30,2026-04-tulsa-spring-swing/masters-jj/final,final,eepro
True,25,1.0,25,8,0.5,200,100,2026-04-tulsa-spring-swing/masters-jj/prelim,prelim,eepro
True,3,1.0,3,5,1.0,15,15,2026-04-tulsa-spring-swing/masters-strictly/final,final,eepro
False,0,0.0,21,7,,0,20,2026-04-tulsa-spring-swing/mixed-level-j-j-combined/prelim,prelim,eepro
True,6,0.5,12,7,1.0,42,42,2026-04-tulsa-spring-swing/newcomer-jj/final,final,eepro
True,25,1.0,25,8,0.5,200,100,2026-04-tulsa-spring-swing/newcomer-jj/prelim,prelim,eepro
True,2,1.0,2,7,1.0,14,14,2026-04-tulsa-spring-swing/newcomer-strictly-pro-am-am-followers/final,final,eepro
True,4,1.0,4,7,1.0,28,28,2026-04-tulsa-spring-swing/newcomer-strictly-pro-am-am-leaders/final,final,eepro
True,4,1.0,4,5,1.0,20,20,2026-04-tulsa-spring-swing/newcomer-strictly/final,final,eepro
True,12,0.5,24,5,1.0,60,60,2026-04-tulsa-spring-swing/novice-jj/final,final,eepro
True,92,1.0,92,8,0.5,736,368,2026-04-tulsa-spring-swing/novice-jj/prelim,prelim,eepro
True,44,1.0,44,8,0.5,352,176,2026-04-tulsa-spring-swing/novice-jj/semifinal,semifinal,eepro
True,4,1.0,4,7,1.0,28,28,2026-04-tulsa-spring-swing/novice-pro-am/final,final,eepro
True,17,1.0,17,7,1.0,119,119,2026-04-tulsa-spring-swing/novice-strictly-pro-am-am-followers/final,final,eepro
True,8,1.0,8,7,1.0,56,56,2026-04-tulsa-spring-swing/novice-strictly-pro-am-am-leaders/final,final,eepro
True,10,1.0,10,5,1.0,50,50,2026-04-tulsa-spring-swing/novice-strictly/final,final,eepro
True,19,1.0,19,5,1.0,95,95,2026-04-tulsa-spring-swing/novice-strictly/prelim,prelim,eepro
True,10,1.0,10,5,1.0,50,50,2026-04-tulsa-spring-swing/open-strictly/final,final,eepro
True,6,1.0,6,5,1.0,30,30,2026-04-tulsa-spring-swing/strictly-switchly/final,final,eepro
True,5,0.5,10,8,0.875,40,35,2026-05-beemad/advanced-jj/final,final,scoringdance
True,19,0.904762,21,9,0.491228,171,84,2026-05-beemad/advanced-jj/prelim,prelim,scoringdance
True,6,0.545455,11,8,0.875,48,42,2026-05-beemad/allstar-jj/final,final,scoringdance
True,10,0.5,20,8,0.875,80,70,2026-05-beemad/intermediate-jj/final,final,scoringdance
True,33,0.916667,36,9,0.484848,297,144,2026-05-beemad/intermediate-jj/prelim,prelim,scoringdance
True,10,0.5,20,8,0.875,80,70,2026-05-beemad/newcomer-jj/final,final,scoringdance
True,35,0.813953,43,9,0.546032,315,172,2026-05-beemad/newcomer-jj/prelim,prelim,scoringdance
True,12,0.5,24,8,0.875,96,84,2026-05-beemad/novice-jj/final,final,scoringdance
True,85,0.977011,87,9,0.454902,765,348,2026-05-beemad/novice-jj/prelim,prelim,scoringdance
True,50,0.833333,60,9,0.533333,450,240,2026-05-beemad/novice-jj/semifinal,semifinal,scoringdance
True,10,0.5,20,8,0.875,80,70,2026-05-beemad/sophisticated-jj-35y/final,final,scoringdance
True,52,0.962963,54,9,0.461538,468,216,2026-05-beemad/sophisticated-jj-35y/prelim,prelim,scoringdance
True,12,0.5,24,6,0.833333,72,60,2026-05-french-open/advanced-jj/final,final,scoringdance
True,96,0.979592,98,12,0.425347,1152,490,2026-05-french-open/advanced-jj/prelim,prelim,scoringdance
True,42,0.913043,46,11,0.497835,462,230,2026-05-french-open/advanced-jj/semifinal,semifinal,scoringdance
True,14,0.5,28,6,0.833333,84,70,2026-05-french-open/allstar-jj/final,final,scoringdance
True,68,0.918919,74,11,0.494652,748,370,2026-05-french-open/allstar-jj/prelim,prelim,scoringdance
True,8,0.5,16,6,0.833333,48,40,2026-05-french-open/allstar-strictly-champions/final,final,scoringdance
True,20,1.0,20,6,0.833333,120,100,2026-05-french-open/allstar-strictly-champions/prelim,prelim,scoringdance
True,6,0.5,12,6,0.833333,36,30,2026-05-french-open/champion-jj/final,final,scoringdance
True,22,1.0,22,11,0.454545,242,110,2026-05-french-open/champion-jj/prelim,prelim,scoringdance
True,10,0.5,20,6,0.833333,60,50,2026-05-french-open/classic-rising-star/final,final,scoringdance
True,5,0.5,10,6,0.833333,30,25,2026-05-french-open/classic/final,final,scoringdance
True,14,0.5,28,6,0.833333,84,70,2026-05-french-open/intermediate-jj/final,final,scoringdance
True,95,0.805085,118,12,0.517544,1140,590,2026-05-french-open/intermediate-jj/prelim,prelim,scoringdance
True,58,0.966667,60,12,0.431034,696,300,2026-05-french-open/intermediate-jj/semifinal,semifinal,scoringdance
True,14,0.5,28,6,0.833333,84,70,2026-05-french-open/intermediate-strictly-advanced/final,final,scoringdance
True,35,0.897436,39,6,0.928571,210,195,2026-05-french-open/intermediate-strictly-advanced/prelim,prelim,scoringdance
True,6,0.5,12,6,0.833333,36,30,2026-05-french-open/juniors-jj-18y/final,final,scoringdance
True,21,1.0,21,5,0.8,105,84,2026-05-french-open/juniors-jj-18y/prelim,prelim,scoringdance
True,5,0.5,10,6,0.833333,30,25,2026-05-french-open/juniors-junior-and-young-adult-routines-18-years/final,final,scoringdance
True,6,0.5,12,6,0.833333,36,30,2026-05-french-open/masters-jj-50y/final,final,scoringdance
True,24,1.0,24,6,0.833333,144,120,2026-05-french-open/masters-jj-50y/prelim,prelim,scoringdance
True,2,0.5,4,6,0.833333,12,10,2026-05-french-open/masters-masters-routines-50y/final,final,scoringdance
True,10,0.5,20,6,0.833333,60,50,2026-05-french-open/newcomer-jj/final,final,scoringdance
True,43,0.977273,44,12,0.418605,516,216,2026-05-french-open/newcomer-jj/prelim,prelim,scoringdance
True,12,0.5,24,6,0.833333,72,60,2026-05-french-open/novice-jj/final,final,scoringdance
True,117,0.866667,135,12,0.480769,1404,675,2026-05-french-open/novice-jj/prelim,prelim,scoringdance
True,63,0.913043,69,11,0.497835,693,345,2026-05-french-open/novice-jj/semifinal,semifinal,scoringdance
True,10,0.5,20,6,0.833333,60,50,2026-05-french-open/novice-strictly/final,final,scoringdance
True,19,1.0,19,6,0.833333,114,95,2026-05-french-open/novice-strictly/prelim,prelim,scoringdance
True,5,0.555556,9,6,0.833333,30,25,2026-05-french-open/pro-am-follower/final,final,scoringdance
True,3,0.5,6,6,0.833333,18,15,2026-05-french-open/pro-am-leader/final,final,scoringdance
True,4,0.5,8,6,0.833333,24,20,2026-05-french-open/showcase-rising-star/final,final,scoringdance
True,3,0.5,6,6,0.833333,18,15,2026-05-french-open/showcase/final,final,scoringdance
True,10,0.5,20,6,0.833333,60,50,2026-05-french-open/sophisticated-jj-35y/final,final,scoringdance
True,65,0.928571,70,12,0.448718,780,350,2026-05-french-open/sophisticated-jj-35y/prelim,prelim,scoringdance
True,3,0.5,6,6,0.777778,18,14,2026-05-french-open/sophisticated-sophisticated-routines-35y/final,final,scoringdance
True,10,0.5,20,7,1.0,70,70,2026-05-gateway-swing-classic/advanced-jj/final,final,eepro
True,37,1.0,37,8,0.5,296,148,2026-05-gateway-swing-classic/advanced-jj/prelim,prelim,eepro
True,7,1.0,7,5,1.0,35,35,2026-05-gateway-swing-classic/advanced-strictly/final,final,eepro
True,13,1.0,13,5,1.0,65,65,2026-05-gateway-swing-classic/advanced-strictly/prelim,prelim,eepro
True,13,1.0,13,5,1.0,65,65,2026-05-gateway-swing-classic/all-american-j-j/final,final,eepro
True,6,0.5,12,5,1.0,30,30,2026-05-gateway-swing-classic/allstar-jj/final,final,eepro
True,22,1.0,22,8,0.5,176,88,2026-05-gateway-swing-classic/allstar-jj/prelim,prelim,eepro
True,7,1.0,7,5,1.0,35,35,2026-05-gateway-swing-classic/allstar-strictly-champions/final,final,eepro
True,12,0.5,24,7,1.0,84,84,2026-05-gateway-swing-classic/intermediate-jj/final,final,eepro
True,61,1.0,61,8,0.5,488,244,2026-05-gateway-swing-classic/intermediate-jj/prelim,prelim,eepro
True,4,1.0,4,5,0.95,20,19,2026-05-gateway-swing-classic/intermediate-pro-am-advanced/final,final,eepro
True,7,1.0,7,5,1.0,35,35,2026-05-gateway-swing-classic/intermediate-strictly/final,final,eepro
True,16,1.0,16,5,1.0,80,80,2026-05-gateway-swing-classic/intermediate-strictly/prelim,prelim,eepro
True,9,0.642857,14,9,1.0,81,81,2026-05-gateway-swing-classic/invitational-jj/final,final,eepro
True,52,1.0,52,5,1.0,260,260,2026-05-gateway-swing-classic/jj-all-american/prelim,prelim,eepro
True,31,1.0,31,5,1.0,155,155,2026-05-gateway-swing-classic/jj-all-american/semifinal,semifinal,eepro
True,8,0.5,16,5,1.0,40,40,2026-05-gateway-swing-classic/masters-jj/final,final,eepro
True,4,0.5,8,7,1.0,28,28,2026-05-gateway-swing-classic/newcomer-jj/final,final,eepro
True,20,1.0,20,8,0.5,160,80,2026-05-gateway-swing-classic/newcomer-jj/prelim,prelim,eepro
True,8,1.0,8,5,1.0,40,40,2026-05-gateway-swing-classic/newcomer-strictly-novice/final,final,eepro
True,19,1.0,19,5,1.0,95,95,2026-05-gateway-swing-classic/newcomer-strictly-novice/prelim,prelim,eepro
True,13,0.5,26,7,1.0,91,91,2026-05-gateway-swing-classic/novice-jj/final,final,eepro
True,108,1.0,108,8,0.5,864,432,2026-05-gateway-swing-classic/novice-jj/prelim,prelim,eepro
True,56,1.0,56,8,0.5,448,224,2026-05-gateway-swing-classic/novice-jj/semifinal,semifinal,eepro
True,3,1.0,3,5,0.933333,15,14,2026-05-gateway-swing-classic/novice-pro-am/final,final,eepro
True,1,1.0,1,5,0.8,5,4,2026-05-gateway-swing-classic/rising-star/final,final,eepro
True,5,0.5,10,7,1.0,35,35,2026-05-gateway-swing-classic/sophisticated-jj/final,final,eepro
True,22,1.0,22,8,0.5,176,88,2026-05-gateway-swing-classic/sophisticated-jj/prelim,prelim,eepro
True,11,0.5,22,7,1.0,77,77,2026-05-gndc/advanced-jj/final,final,eepro
True,85,1.0,85,10,0.5,850,425,2026-05-gndc/advanced-jj/prelim,prelim,eepro
True,52,1.0,52,10,0.5,520,260,2026-05-gndc/advanced-jj/semifinal,semifinal,eepro
True,10,0.5,20,5,1.0,50,50,2026-05-gndc/allstar-jj/final,final,eepro
True,59,1.0,59,10,0.5,590,295,2026-05-gndc/allstar-jj/prelim,prelim,eepro
True,5,1.0,5,5,1.0,25,25,2026-05-gndc/cabaret/final,final,eepro
True,7,1.0,7,5,1.0,35,35,2026-05-gndc/champion-strictly/final,final,eepro
True,14,1.0,14,5,1.0,70,70,2026-05-gndc/champion-strictly/prelim,prelim,eepro
True,5,1.0,5,5,1.0,25,25,2026-05-gndc/classic-carolina-shag/final,final,eepro
True,4,1.0,4,5,0.95,20,19,2026-05-gndc/classic-nasde/final,final,eepro
True,6,1.0,6,5,1.0,30,30,2026-05-gndc/classic-non-professional-carolina-shag/final,final,eepro
True,12,1.2,10,5,1.0,60,60,2026-05-gndc/everybody-dance-now-j-j/final,final,eepro
True,33,1.0,33,5,1.0,165,165,2026-05-gndc/everybody-dance-now-j-j/prelim,prelim,eepro
True,23,1.0,23,5,1.0,115,115,2026-05-gndc/everybody-dance-now-j-j/semifinal,semifinal,eepro
True,12,0.5,24,5,1.0,60,60,2026-05-gndc/intermediate-jj/final,final,eepro
True,107,1.0,107,10,0.5,1070,535,2026-05-gndc/intermediate-jj/prelim,prelim,eepro
True,52,1.0,52,10,0.5,520,260,2026-05-gndc/intermediate-jj/semifinal,semifinal,eepro
True,5,1.0,5,5,1.0,25,25,2026-05-gndc/intermediate-strictly-proam-am-follower/final,final,eepro
True,6,1.0,6,5,1.0,30,30,2026-05-gndc/intermediate-strictly-proam-am-leader/final,final,eepro
True,9,1.0,9,5,1.0,45,45,2026-05-gndc/juniors-junior-shag/final,final,eepro
True,6,1.0,6,5,1.0,30,30,2026-05-gndc/masters-carolina-masters-shag/final,final,eepro
True,5,0.5,10,5,1.0,25,25,2026-05-gndc/masters-jj/final,final,eepro
True,20,1.0,20,10,0.5,200,100,2026-05-gndc/masters-jj/prelim,prelim,eepro
True,10,0.5,20,7,1.0,70,70,2026-05-gndc/newcomer-jj/final,final,eepro
True,43,1.0,43,10,0.5,430,215,2026-05-gndc/newcomer-jj/prelim,prelim,eepro
True,13,0.5,26,7,1.0,91,91,2026-05-gndc/novice-jj/final,final,eepro
True,142,1.0,142,10,0.5,1420,710,2026-05-gndc/novice-jj/prelim,prelim,eepro
True,70,1.0,70,10,0.5,700,350,2026-05-gndc/novice-jj/semifinal,semifinal,eepro
True,12,1.0,12,5,1.0,60,60,2026-05-gndc/novice-strictly-proam-am-follower/final,final,eepro
True,16,1.0,16,5,1.0,80,80,2026-05-gndc/novice-strictly-proam-am-leader/final,final,eepro
True,7,1.0,7,5,1.0,35,35,2026-05-gndc/novice-strictly-shag-proam-am-follower/final,final,eepro
True,3,1.0,3,5,1.0,15,15,2026-05-gndc/novice-strictly-shag-proam-am-leader/final,final,eepro
True,11,1.0,11,7,0.987013,77,76,2026-05-gndc/open-strictly/final,final,eepro
True,59,1.0,59,7,1.0,413,413,2026-05-gndc/open-strictly/prelim,prelim,eepro
True,26,1.0,26,7,1.0,182,182,2026-05-gndc/open-strictly/semifinal,semifinal,eepro
True,18,1.0,18,5,0.944444,90,85,2026-05-gndc/pro-am/final,final,eepro
True,4,1.0,4,5,0.9,20,18,2026-05-gndc/rising-star/final,final,eepro
True,12,1.0,12,4,1.0,48,48,2026-05-gndc/shag-mixed-doubles-experienced-follower/prelim,prelim,eepro
True,9,1.0,9,4,1.0,36,36,2026-05-gndc/shag-mixed-doubles-experienced-leader/prelim,prelim,eepro
True,6,1.0,6,7,1.0,42,42,2026-05-gndc/shag-mixed-doubles-experienced/final,final,eepro
True,12,1.0,12,4,1.0,48,48,2026-05-gndc/shag-mixed-doubles-non-professional-follower/prelim,prelim,eepro
True,10,1.0,10,4,1.0,40,40,2026-05-gndc/shag-mixed-doubles-non-professional-leader/prelim,prelim,eepro
True,5,1.0,5,7,1.0,35,35,2026-05-gndc/shag-mixed-doubles-non-professional/final,final,eepro
True,4,1.0,4,5,1.0,20,20,2026-05-gndc/showcase-nasde/final,final,eepro
True,10,0.5,20,7,1.0,70,70,2026-05-gndc/sophisticated-jj/final,final,eepro
True,40,1.0,40,10,0.5,400,200,2026-05-gndc/sophisticated-jj/prelim,prelim,eepro
True,7,1.0,7,5,1.0,35,35,2026-05-gndc/strictly-amateur-shag-proam-am-follower/final,final,eepro
True,3,1.0,3,5,1.0,15,15,2026-05-gndc/strictly-amateur-shag-proam-am-leader/final,final,eepro
True,3,1.0,3,5,1.0,15,15,2026-05-gndc/teams/final,final,eepro
True,7,0.5,14,5,1.0,35,35,2026-05-michigan-classic/advanced-jj/final,final,eepro
True,36,1.0,36,10,0.5,360,180,2026-05-michigan-classic/advanced-jj/prelim,prelim,eepro
True,6,0.5,12,5,1.0,30,30,2026-05-michigan-classic/allstar-jj/final,final,eepro
True,25,1.0,25,10,0.5,250,125,2026-05-michigan-classic/allstar-jj/prelim,prelim,eepro
True,7,1.0,7,5,1.0,35,35,2026-05-michigan-classic/allstar-strictly-champion/final,final,eepro
True,11,1.0,11,5,1.0,55,55,2026-05-michigan-classic/allstar-strictly-champion/prelim,prelim,eepro
True,7,0.538462,13,5,1.0,35,35,2026-05-michigan-classic/champion-jj/final,final,eepro
True,10,0.5,20,7,1.0,70,70,2026-05-michigan-classic/intermediate-jj/final,final,eepro
True,60,1.0,60,10,0.5,600,300,2026-05-michigan-classic/intermediate-jj/prelim,prelim,eepro
True,9,0.5,18,5,1.0,45,45,2026-05-michigan-classic/jj-switch-role/final,final,eepro
True,32,1.0,32,5,1.0,160,160,2026-05-michigan-classic/jj-switch-role/prelim,prelim,eepro
True,8,0.5,16,5,1.0,40,40,2026-05-michigan-classic/masters-jj/final,final,eepro
True,35,1.0,35,10,0.5,350,175,2026-05-michigan-classic/masters-jj/prelim,prelim,eepro
True,7,1.0,7,5,1.0,35,35,2026-05-michigan-classic/masters-strictly/final,final,eepro
True,7,0.5,14,7,1.0,49,49,2026-05-michigan-classic/newcomer-jj/final,final,eepro
True,37,1.0,37,10,0.5,370,185,2026-05-michigan-classic/newcomer-jj/prelim,prelim,eepro
True,13,0.5,26,7,1.0,91,91,2026-05-michigan-classic/novice-jj/final,final,eepro
True,109,1.0,109,10,0.5,1090,545,2026-05-michigan-classic/novice-jj/prelim,prelim,eepro
True,50,1.0,50,10,0.5,500,250,2026-05-michigan-classic/novice-jj/semifinal,semifinal,eepro
True,10,0.5,20,7,1.0,70,70,2026-05-michigan-classic/sophisticated-jj/final,final,eepro
True,39,1.0,39,10,0.5,390,195,2026-05-michigan-classic/sophisticated-jj/prelim,prelim,eepro
True,10,1.0,10,5,1.0,50,50,2026-05-michigan-classic/strictly-int-adv/final,final,eepro
True,20,1.0,20,5,1.0,100,100,2026-05-michigan-classic/strictly-int-adv/prelim,prelim,eepro
True,9,1.0,9,5,1.0,45,45,2026-05-michigan-classic/strictly-new-nov/final,final,eepro
True,20,1.0,20,5,1.0,100,100,2026-05-michigan-classic/strictly-new-nov/prelim,prelim,eepro
True,6,0.5,12,5,1.0,30,30,2026-05-swingin-into-spring/intermediate-jj/final,final,eepro
True,23,1.0,23,10,0.5,230,115,2026-05-swingin-into-spring/intermediate-jj/prelim,prelim,eepro
True,10,0.526316,19,5,1.0,50,50,2026-05-swingin-into-spring/masters-jj/final,final,eepro
True,36,1.0,36,5,1.0,180,180,2026-05-swingin-into-spring/masters-jj/prelim,prelim,eepro
True,6,0.5,12,5,1.0,30,30,2026-05-swingin-into-spring/newcomer-jj/final,final,eepro
True,20,1.0,20,10,0.5,200,100,2026-05-swingin-into-spring/newcomer-jj/prelim,prelim,eepro
True,12,0.5,24,5,1.0,60,60,2026-05-swingin-into-spring/novice-jj/final,final,eepro
True,66,1.0,66,10,0.5,660,330,2026-05-swingin-into-spring/novice-jj/prelim,prelim,eepro
True,38,1.0,38,10,0.5,380,190,2026-05-swingin-into-spring/novice-jj/semifinal,semifinal,eepro
True,10,0.5,20,5,1.0,50,50,2026-05-swingin-into-spring/sophisticated-jj/final,final,eepro
True,41,1.0,41,5,1.0,205,205,2026-05-swingin-into-spring/sophisticated-jj/prelim,prelim,eepro
True,10,0.5,20,5,1.0,50,50,2026-05-westie-weekend/advanced-jj/final,final,eepro
True,46,1.0,46,8,0.5,368,184,2026-05-westie-weekend/advanced-jj/prelim,prelim,eepro
True,5,0.5,10,7,1.0,35,35,2026-05-westie-weekend/allstar-jj/final,final,eepro
True,20,1.0,20,8,0.5,160,80,2026-05-westie-weekend/allstar-jj/prelim,prelim,eepro
True,10,0.5,20,7,1.0,70,70,2026-05-westie-weekend/intermediate-jj/final,final,eepro
True,65,1.0,65,8,0.5,520,260,2026-05-westie-weekend/intermediate-jj/prelim,prelim,eepro
True,42,1.0,42,8,0.5,336,168,2026-05-westie-weekend/intermediate-jj/semifinal,semifinal,eepro
True,8,0.5,16,7,1.0,56,56,2026-05-westie-weekend/newcomer-jj/final,final,eepro
True,32,1.0,32,8,0.5,256,128,2026-05-westie-weekend/newcomer-jj/prelim,prelim,eepro
True,12,0.5,24,7,1.0,84,84,2026-05-westie-weekend/novice-jj/final,final,eepro
True,107,1.0,107,8,0.5,856,428,2026-05-westie-weekend/novice-jj/prelim,prelim,eepro
True,44,1.0,44,8,0.5,352,176,2026-05-westie-weekend/novice-jj/semifinal,semifinal,eepro
True,10,0.5,20,6,0.833333,60,50,2026-06-d-town-swing/advanced-jj/final,final,scoringdance
True,40,0.952381,42,9,0.466667,360,168,2026-06-d-town-swing/advanced-jj/prelim,prelim,scoringdance
True,5,0.5,10,6,0.833333,30,25,2026-06-d-town-swing/allstar-jj/final,final,scoringdance
True,17,1.0,17,7,0.857143,119,102,2026-06-d-town-swing/allstar-jj/prelim,prelim,scoringdance
True,10,0.5,20,6,0.833333,60,50,2026-06-d-town-swing/intermediate-jj/final,final,scoringdance
True,38,0.904762,42,9,0.491228,342,168,2026-06-d-town-swing/intermediate-jj/prelim,prelim,scoringdance
True,8,0.5,16,6,0.833333,48,40,2026-06-d-town-swing/intermediate-strictly/final,final,scoringdance
True,16,0.571429,28,6,0.833333,96,80,2026-06-d-town-swing/jj-all-european/final,final,scoringdance
True,49,0.742424,66,8,1.028061,392,403,2026-06-d-town-swing/jj-all-european/prelim,prelim,scoringdance
True,9,0.5,18,8,0.875,72,63,2026-06-d-town-swing/jj-switch/final,final,scoringdance
True,34,1.0,34,6,0.833333,204,170,2026-06-d-town-swing/jj-switch/prelim,prelim,scoringdance
True,13,0.5,26,8,0.875,104,91,2026-06-d-town-swing/masters-jj/final,final,scoringdance
True,60,0.967742,62,9,0.459259,540,248,2026-06-d-town-swing/masters-jj/prelim,prelim,scoringdance
True,14,0.5,28,6,0.833333,84,70,2026-06-d-town-swing/masters-strictly-choice/final,final,scoringdance
True,9,0.5,18,6,0.833333,54,45,2026-06-d-town-swing/masters-strictly/final,final,scoringdance
True,13,0.5,26,6,0.833333,78,65,2026-06-d-town-swing/newcomer-jj/final,final,scoringdance
True,77,0.905882,85,11,0.501771,847,425,2026-06-d-town-swing/newcomer-jj/prelim,prelim,scoringdance
True,48,1.0,48,9,0.444444,432,192,2026-06-d-town-swing/newcomer-jj/semifinal,semifinal,scoringdance
True,15,0.5,30,6,0.833333,90,75,2026-06-d-town-swing/newcomer-strictly/final,final,scoringdance
True,12,0.5,24,8,0.875,96,84,2026-06-d-town-swing/novice-jj/final,final,scoringdance
True,125,0.976562,128,11,0.465455,1375,640,2026-06-d-town-swing/novice-jj/prelim,prelim,scoringdance
True,58,0.966667,60,11,0.470219,638,300,2026-06-d-town-swing/novice-jj/semifinal,semifinal,scoringdance
True,12,0.5,24,6,0.833333,72,60,2026-06-d-town-swing/novice-strictly/final,final,scoringdance
True,18,1.0,18,8,0.875,144,126,2026-06-d-town-swing/novice-strictly/prelim,prelim,scoringdance
True,6,0.5,12,6,0.833333,36,30,2026-06-d-town-swing/open-strictly/final,final,scoringdance
True,11,1.0,11,6,0.833333,66,55,2026-06-d-town-swing/open-strictly/prelim,prelim,scoringdance
True,12,0.5,24,8,0.875,96,84,2026-06-d-town-swing/sophisticated-jj/final,final,scoringdance
True,62,0.96875,64,9,0.458781,558,256,2026-06-d-town-swing/sophisticated-jj/prelim,prelim,scoringdance
True,7,0.5,14,6,0.833333,42,35,2026-06-d-town-swing/sophisticated-strictly/final,final,scoringdance
True,11,0.5,22,6,0.833333,66,55,2026-06-d-town-swing/strictly-generations/final,final,scoringdance
True,21,1.0,21,6,0.833333,126,105,2026-06-d-town-swing/strictly-generations/prelim,prelim,scoringdance
True,2,1.0,2,3,1.0,6,6,2026-06-disco-america/advanced-pro-am-follower-3-dance-salsa/final,final,eepro
True,2,1.0,2,6,1.0,12,12,2026-06-disco-america/advanced-pro-am-follower-3-dance/final,final,eepro
True,1,1.0,1,3,1.0,3,3,2026-06-disco-america/advanced-pro-am-follower-bachata/final,final,eepro
True,2,1.0,2,3,1.0,6,6,2026-06-disco-america/advanced-pro-am-follower-salsa/final,final,eepro
True,2,1.0,2,3,1.0,6,6,2026-06-disco-america/advanced-pro-am-follower/final,final,eepro
True,1,1.0,1,5,1.0,5,5,2026-06-disco-america/amateur-just-salsa-silver-50/final,final,eepro
True,1,1.0,1,5,1.0,5,5,2026-06-disco-america/amateur-just-wcs-silver-50/final,final,eepro
True,2,1.0,2,5,1.0,10,10,2026-06-disco-america/intermediate-amateur-just-salsa-intermediate/final,final,eepro
True,6,1.0,6,3,1.0,18,18,2026-06-disco-america/intermediate-pro-am-follower-3-dance-salsa/final,final,eepro
True,6,1.0,6,6,1.0,36,36,2026-06-disco-america/intermediate-pro-am-follower-3-dance/final,final,eepro
True,4,1.0,4,3,1.0,12,12,2026-06-disco-america/intermediate-pro-am-follower-bachata/final,final,eepro
True,7,1.0,7,3,1.0,21,21,2026-06-disco-america/intermediate-pro-am-follower-salsa/final,final,eepro
True,4,1.0,4,3,1.0,12,12,2026-06-disco-america/intermediate-pro-am-follower/final,final,eepro
True,1,1.0,1,3,1.0,3,3,2026-06-disco-america/intermediate-pro-am-leader-3-dance-salsa/final,final,eepro
True,1,1.0,1,6,1.0,6,6,2026-06-disco-america/intermediate-pro-am-leader-3-dance/final,final,eepro
True,2,1.0,2,3,1.0,6,6,2026-06-disco-america/intermediate-pro-am-leader-bachata/final,final,eepro
True,2,1.0,2,3,1.0,6,6,2026-06-disco-america/intermediate-pro-am-leader-salsa/final,final,eepro
True,1,1.0,1,3,1.0,3,3,2026-06-disco-america/intermediate-pro-am-leader/final,final,eepro
True,5,1.0,5,3,1.0,15,15,2026-06-disco-america/novice-pro-am-follower-3-dance-salsa/final,final,eepro
True,5,1.0,5,6,1.0,30,30,2026-06-disco-america/novice-pro-am-follower-3-dance/final,final,eepro
True,2,1.0,2,3,1.0,6,6,2026-06-disco-america/novice-pro-am-follower-bachata/final,final,eepro
True,5,1.0,5,3,1.0,15,15,2026-06-disco-america/novice-pro-am-follower-salsa/final,final,eepro
True,6,1.0,6,3,1.0,18,18,2026-06-disco-america/novice-pro-am-follower/final,final,eepro
True,1,1.0,1,3,1.0,3,3,2026-06-disco-america/novice-pro-am-leader-3-dance-salsa/final,final,eepro
True,1,1.0,1,6,1.0,6,6,2026-06-disco-america/novice-pro-am-leader-3-dance/final,final,eepro
True,1,1.0,1,3,1.0,3,3,2026-06-disco-america/novice-pro-am-leader-salsa/final,final,eepro
True,4,1.0,4,7,1.0,28,28,2026-06-disco-america/open-open-team-division/final,final,eepro
True,3,1.0,3,5,1.0,15,15,2026-06-disco-america/other-advanced-amateur-just-hustle-advanced/final,final,eepro
True,2,1.0,2,5,1.0,10,10,2026-06-disco-america/other-advanced-amateur-just-hustle-silver-50-advanced/final,final,eepro
True,8,0.727273,11,5,1.0,40,40,2026-06-disco-america/other-advanced-jj-amateur-hustle-finalss/final,final,eepro
True,2,1.0,2,5,1.0,10,10,2026-06-disco-america/other-advanced-jj-leader-proam-hustle/final,final,eepro
True,2,1.0,2,3,1.0,6,6,2026-06-disco-america/other-advanced-pro-am-follower-3-dance-hustle/final,final,eepro
True,6,1.0,6,5,1.0,30,30,2026-06-disco-america/other-advanced-pro-am-follower-hustle-silver-50/final,final,eepro
True,8,1.0,8,5,1.0,40,40,2026-06-disco-america/other-advanced-pro-am-follower-hustle/final,final,eepro
True,3,1.0,3,3,1.0,9,9,2026-06-disco-america/other-advanced-pro-am-leader-hustle-silver-50/final,final,eepro
True,4,1.0,4,3,1.0,12,12,2026-06-disco-america/other-advanced-pro-am-leader-hustle/final,final,eepro
True,3,1.0,3,5,1.0,15,15,2026-06-disco-america/other-amateur-just-hustle-pre-int/final,final,eepro
True,1,1.0,1,5,1.0,5,5,2026-06-disco-america/other-amateur-just-hustle-pre-nov/final,final,eepro
True,1,1.0,1,5,1.0,5,5,2026-06-disco-america/other-classic-follower-proam-hustle/final,final,eepro
True,2,1.0,2,5,1.0,10,10,2026-06-disco-america/other-intermediate-amateur-just-hustle-intermediate/final,final,eepro
True,2,1.0,2,5,1.0,10,10,2026-06-disco-america/other-intermediate-amateur-just-hustle-silver-50-intermediate/final,final,eepro
True,11,0.733333,15,5,1.0,55,55,2026-06-disco-america/other-intermediate-jj-amateur-hustle/final,final,eepro
True,5,1.0,5,5,1.0,25,25,2026-06-disco-america/other-intermediate-jj-leader-proam-hustle/final,final,eepro
True,6,1.0,6,3,1.0,18,18,2026-06-disco-america/other-intermediate-pro-am-follower-3-dance-hustle/final,final,eepro
True,10,1.0,10,5,1.0,50,50,2026-06-disco-america/other-intermediate-pro-am-follower-hustle-silver-50/final,final,eepro
True,9,1.0,9,5,1.0,45,45,2026-06-disco-america/other-intermediate-pro-am-follower-hustle/final,final,eepro
True,17,1.0,17,5,1.0,85,85,2026-06-disco-america/other-intermediate-pro-am-follower-hustle/prelim,prelim,eepro
True,1,1.0,1,3,1.0,3,3,2026-06-disco-america/other-intermediate-pro-am-leader-3-dance-hustle/final,final,eepro
True,2,1.0,2,3,1.0,6,6,2026-06-disco-america/other-intermediate-pro-am-leader-hustle-silver-50/final,final,eepro
True,3,1.0,3,3,1.0,9,9,2026-06-disco-america/other-intermediate-pro-am-leader-hustle/final,final,eepro
True,3,1.0,3,5,1.0,15,15,2026-06-disco-america/other-jj-leader-proam-silver-hustle/final,final,eepro
True,3,1.0,3,5,1.0,15,15,2026-06-disco-america/other-novice-amateur-just-hustle-novice/final,final,eepro
True,1,1.0,1,5,1.0,5,5,2026-06-disco-america/other-novice-amateur-just-hustle-silver-50-novice/final,final,eepro
True,6,0.6,10,5,1.0,30,30,2026-06-disco-america/other-novice-jj-amateur-hustle/final,final,eepro
True,1,1.0,1,5,1.0,5,5,2026-06-disco-america/other-novice-jj-leader-proam-hustle/final,final,eepro
True,5,1.0,5,3,1.0,15,15,2026-06-disco-america/other-novice-pro-am-follower-3-dance-hustle/final,final,eepro
True,4,1.0,4,5,1.0,20,20,2026-06-disco-america/other-novice-pro-am-follower-hustle-silver-50/final,final,eepro
True,8,1.0,8,5,1.0,40,40,2026-06-disco-america/other-novice-pro-am-follower-hustle/final,final,eepro
True,13,1.0,13,5,1.0,65,65,2026-06-disco-america/other-novice-pro-am-follower-hustle/prelim,prelim,eepro
True,1,1.0,1,3,1.0,3,3,2026-06-disco-america/other-novice-pro-am-leader-3-dance-hustle/final,final,eepro
True,1,1.0,1,3,1.0,3,3,2026-06-disco-america/other-novice-pro-am-leader-hustle/final,final,eepro
True,8,1.0,8,5,1.0,40,40,2026-06-disco-america/other-pro-am-follower-hustle-pre-adv/final,final,eepro
True,8,1.0,8,5,1.0,40,40,2026-06-disco-america/other-pro-am-follower-hustle-pre-int/final,final,eepro
True,17,1.0,17,5,1.0,85,85,2026-06-disco-america/other-pro-am-follower-hustle-pre-int/prelim,prelim,eepro
True,6,1.0,6,5,1.0,30,30,2026-06-disco-america/other-pro-am-follower-hustle-pre-nov/final,final,eepro
True,1,1.0,1,3,1.0,3,3,2026-06-disco-america/other-pro-am-leader-hustle-pre-adv/final,final,eepro
True,1,1.0,1,3,1.0,3,3,2026-06-disco-america/other-pro-am-leader-hustle-pre-int/final,final,eepro
True,2,1.0,2,5,1.0,10,10,2026-06-disco-america/other-sophisticated-advanced-amateur-just-hustle-sophisticated-40-advanced/final,final,eepro
True,6,1.0,6,5,1.0,30,30,2026-06-disco-america/other-sophisticated-advanced-pro-am-follower-hustle-40/final,final,eepro
True,2,1.0,2,3,1.0,6,6,2026-06-disco-america/other-sophisticated-advanced-pro-am-leader-hustle-40/final,final,eepro
True,1,1.0,1,5,1.0,5,5,2026-06-disco-america/other-sophisticated-intermediate-amateur-just-hustle-sophisticated-40-intermediate/final,final,eepro
True,7,1.0,7,5,1.0,35,35,2026-06-disco-america/other-sophisticated-intermediate-pro-am-follower-hustle-40/final,final,eepro
False,0,0.0,13,5,,0,15,2026-06-disco-america/other-sophisticated-intermediate-pro-am-follower-hustle-40/prelim,prelim,eepro
True,2,1.0,2,3,1.0,6,6,2026-06-disco-america/other-sophisticated-intermediate-pro-am-leader-hustle-40/final,final,eepro
True,1,1.0,1,5,1.0,5,5,2026-06-disco-america/other-sophisticated-novice-amateur-just-hustle-sophisticated-40-novice/final,final,eepro
True,6,1.0,6,5,1.0,30,30,2026-06-disco-america/other-sophisticated-novice-pro-am-follower-hustle-40/final,final,eepro
True,4,1.0,4,3,1.0,12,12,2026-06-disco-america/pro-am-follower-bachata-silver-50/final,final,eepro
True,5,1.0,5,3,1.0,15,15,2026-06-disco-america/pro-am-follower-salsa-silver-50/final,final,eepro
True,4,1.0,4,3,1.0,12,12,2026-06-disco-america/pro-am-follower-silver-50/final,final,eepro
True,2,1.0,2,5,1.0,10,10,2026-06-disco-america/pro-am-follower-theater-arts/final,final,eepro
True,1,1.0,1,3,1.0,3,3,2026-06-disco-america/pro-am-leader-salsa-silver-50/final,final,eepro
True,1,1.0,1,3,1.0,3,3,2026-06-disco-america/pro-am-leader-silver-50/final,final,eepro
True,2,1.0,2,5,1.0,10,10,2026-06-disco-america/showcase-follower-proam/final,final,eepro
True,11,0.5,22,7,1.0,77,77,2026-06-jack-jill-o-rama/advanced-jj/final,final,eepro
True,135,1.0,135,10,0.5,1350,675,2026-06-jack-jill-o-rama/advanced-jj/prelim,prelim,eepro
True,73,1.0,73,10,0.5,730,365,2026-06-jack-jill-o-rama/advanced-jj/semifinal,semifinal,eepro
True,11,1.0,11,5,1.0,55,55,2026-06-jack-jill-o-rama/advanced-pro-follow-am-lead-j-j-advanced/final,final,eepro
True,43,1.0,43,5,1.0,215,215,2026-06-jack-jill-o-rama/advanced-pro-follow-am-lead-j-j-advanced/prelim,prelim,eepro
True,11,1.0,11,5,1.0,55,55,2026-06-jack-jill-o-rama/advanced-pro-lead-am-follow-j-j-advanced/final,final,eepro
True,51,1.0,51,5,1.0,255,255,2026-06-jack-jill-o-rama/advanced-pro-lead-am-follow-j-j-advanced/prelim,prelim,eepro
True,12,1.0,12,7,1.0,84,84,2026-06-jack-jill-o-rama/all-american-60s-era-j-j/final,final,eepro
True,116,1.0,116,7,1.0,812,812,2026-06-jack-jill-o-rama/all-american-60s-era-j-j/prelim,prelim,eepro
True,12,0.5,24,7,1.0,84,84,2026-06-jack-jill-o-rama/allstar-jj/final,final,eepro
True,99,1.0,99,10,0.5,990,495,2026-06-jack-jill-o-rama/allstar-jj/prelim,prelim,eepro
True,54,1.0,54,10,0.5,540,270,2026-06-jack-jill-o-rama/allstar-jj/semifinal,semifinal,eepro
True,10,1.0,10,7,1.0,70,70,2026-06-jack-jill-o-rama/allstar-strictly-champs/final,final,eepro
True,43,1.0,43,7,1.0,301,301,2026-06-jack-jill-o-rama/allstar-strictly-champs/prelim,prelim,eepro
True,11,0.5,22,7,1.0,77,77,2026-06-jack-jill-o-rama/champion-jj/final,final,eepro
True,40,1.0,40,11,0.636364,440,280,2026-06-jack-jill-o-rama/champion-jj/prelim,prelim,eepro
True,13,0.5,26,5,1.0,65,65,2026-06-jack-jill-o-rama/country-jj-swing/final,final,eepro
True,81,1.0,81,6,0.5,486,243,2026-06-jack-jill-o-rama/country-jj-swing/prelim,prelim,eepro
True,14,0.5,28,7,1.0,98,98,2026-06-jack-jill-o-rama/intermediate-jj/final,final,eepro
True,164,1.0,164,10,0.5,1640,820,2026-06-jack-jill-o-rama/intermediate-jj/prelim,prelim,eepro
True,72,1.0,72,10,0.5,720,360,2026-06-jack-jill-o-rama/intermediate-jj/semifinal,semifinal,eepro
True,10,1.0,10,5,1.0,50,50,2026-06-jack-jill-o-rama/intermediate-pro-follow-am-lead-j-j-intermediate/final,final,eepro
True,45,1.0,45,5,1.0,225,225,2026-06-jack-jill-o-rama/intermediate-pro-follow-am-lead-j-j-intermediate/prelim,prelim,eepro
True,10,1.0,10,5,1.0,50,50,2026-06-jack-jill-o-rama/intermediate-pro-lead-am-follow-j-j-intermediate/final,final,eepro
True,71,1.0,71,5,1.0,355,355,2026-06-jack-jill-o-rama/intermediate-pro-lead-am-follow-j-j-intermediate/prelim,prelim,eepro
True,13,0.5,26,5,1.0,65,65,2026-06-jack-jill-o-rama/jj-newbie/final,final,eepro
True,98,1.0,98,6,0.5,588,294,2026-06-jack-jill-o-rama/jj-newbie/prelim,prelim,eepro
True,12,0.5,24,7,1.0,84,84,2026-06-jack-jill-o-rama/jj-role-reversal/final,final,eepro
True,68,1.0,68,10,0.5,680,340,2026-06-jack-jill-o-rama/jj-role-reversal/prelim,prelim,eepro
True,8,0.5,16,7,1.0,56,56,2026-06-jack-jill-o-rama/masters-jj/final,final,eepro
True,35,1.0,35,10,0.5,350,175,2026-06-jack-jill-o-rama/masters-jj/prelim,prelim,eepro
True,16,0.5,32,7,1.0,112,112,2026-06-jack-jill-o-rama/novice-jj/final,final,eepro
True,248,1.0,248,10,0.5,2480,1240,2026-06-jack-jill-o-rama/novice-jj/prelim,prelim,eepro
True,98,1.0,98,10,0.5,980,490,2026-06-jack-jill-o-rama/novice-jj/semifinal,semifinal,eepro
True,11,1.0,11,5,1.0,55,55,2026-06-jack-jill-o-rama/novice-pro-follow-am-lead-j-j-novice/final,final,eepro
True,54,1.0,54,5,1.0,270,270,2026-06-jack-jill-o-rama/novice-pro-follow-am-lead-j-j-novice/prelim,prelim,eepro
True,11,1.0,11,5,1.0,55,55,2026-06-jack-jill-o-rama/novice-pro-lead-am-follow-j-j-novice/final,final,eepro
True,103,1.0,103,5,1.0,515,515,2026-06-jack-jill-o-rama/novice-pro-lead-am-follow-j-j-novice/prelim,prelim,eepro
True,10,1.0,10,7,1.0,70,70,2026-06-jack-jill-o-rama/open-open-jackpot-j-j/final,final,eepro
True,124,1.0,124,7,1.0,868,868,2026-06-jack-jill-o-rama/open-open-jackpot-j-j/prelim,prelim,eepro
True,47,1.0,47,7,1.0,329,329,2026-06-jack-jill-o-rama/open-open-jackpot-j-j/semifinal,semifinal,eepro
True,12,1.0,12,7,1.0,84,84,2026-06-jack-jill-o-rama/open-strictly/final,final,eepro
True,59,1.0,59,7,1.0,413,413,2026-06-jack-jill-o-rama/open-strictly/prelim,prelim,eepro
True,11,0.5,22,7,1.0,77,77,2026-06-jack-jill-o-rama/sophisticated-jj-not/final,final,eepro
True,100,1.0,100,10,0.5,1000,500,2026-06-jack-jill-o-rama/sophisticated-jj-not/prelim,prelim,eepro
True,12,0.5,24,7,1.0,84,84,2026-06-liberty-swing/advanced-jj/final,final,eepro
True,82,1.0,82,10,0.5,820,410,2026-06-liberty-swing/advanced-jj/prelim,prelim,eepro
True,52,1.0,52,10,0.5,520,260,2026-06-liberty-swing/advanced-jj/semifinal,semifinal,eepro
True,10,1.0,10,7,1.0,70,70,2026-06-liberty-swing/advanced-strictly/final,final,eepro
True,23,1.0,23,7,1.0,161,161,2026-06-liberty-swing/advanced-strictly/prelim,prelim,eepro
True,10,0.5,20,7,1.0,70,70,2026-06-liberty-swing/allstar-jj/final,final,eepro
True,67,1.0,67,10,0.5,670,335,2026-06-liberty-swing/allstar-jj/prelim,prelim,eepro
True,44,1.0,44,10,0.5,440,220,2026-06-liberty-swing/allstar-jj/semifinal,semifinal,eepro
True,9,1.0,9,7,1.0,63,63,2026-06-liberty-swing/allstar-strictly/final,final,eepro
True,21,1.0,21,7,1.0,147,147,2026-06-liberty-swing/allstar-strictly/prelim,prelim,eepro
True,9,0.5,18,5,1.0,45,45,2026-06-liberty-swing/champion-jj-johnvitational/final,final,eepro
True,39,1.0,39,5,1.0,195,195,2026-06-liberty-swing/champion-jj/prelim,prelim,eepro
True,9,1.0,9,5,0.977778,45,44,2026-06-liberty-swing/champion-strictly/final,final,eepro
True,20,1.0,20,5,1.0,100,100,2026-06-liberty-swing/champion-strictly/prelim,prelim,eepro
True,6,1.0,6,7,0.97619,42,41,2026-06-liberty-swing/classic/final,final,eepro
True,12,0.5,24,7,1.0,84,84,2026-06-liberty-swing/intermediate-jj/final,final,eepro
True,130,1.0,130,10,0.5,1300,650,2026-06-liberty-swing/intermediate-jj/prelim,prelim,eepro
True,54,1.0,54,10,0.5,540,270,2026-06-liberty-swing/intermediate-jj/semifinal,semifinal,eepro
True,10,1.0,10,7,1.0,70,70,2026-06-liberty-swing/intermediate-strictly/final,final,eepro
True,37,1.0,37,7,1.0,259,259,2026-06-liberty-swing/intermediate-strictly/prelim,prelim,eepro
True,10,0.5,20,7,1.0,70,70,2026-06-liberty-swing/jj-jackpot/final,final,eepro
True,46,1.0,46,7,1.0,322,322,2026-06-liberty-swing/jj-jackpot/prelim,prelim,eepro
True,9,0.5,18,7,1.0,63,63,2026-06-liberty-swing/masters-jj/final,final,eepro
True,38,1.0,38,10,0.5,380,190,2026-06-liberty-swing/masters-jj/prelim,prelim,eepro
True,6,0.5,12,7,1.0,42,42,2026-06-liberty-swing/newcomer-jj/final,final,eepro
True,29,1.0,29,10,0.5,290,145,2026-06-liberty-swing/newcomer-jj/prelim,prelim,eepro
True,15,0.5,30,7,1.0,105,105,2026-06-liberty-swing/novice-jj/final,final,eepro
True,193,1.0,193,10,0.5,1930,965,2026-06-liberty-swing/novice-jj/prelim,prelim,eepro
True,114,1.0,114,10,0.5,1140,570,2026-06-liberty-swing/novice-jj/quarterfinal,quarterfinal,eepro
True,60,1.0,60,10,0.5,600,300,2026-06-liberty-swing/novice-jj/semifinal,semifinal,eepro
True,9,1.0,9,7,1.0,63,63,2026-06-liberty-swing/novice-strictly-open/final,final,eepro
True,20,1.0,20,7,1.0,140,140,2026-06-liberty-swing/novice-strictly-open/prelim,prelim,eepro
True,11,1.0,11,7,1.0,77,77,2026-06-liberty-swing/novice-strictly/final,final,eepro
True,31,1.0,31,7,1.0,217,217,2026-06-liberty-swing/novice-strictly/prelim,prelim,eepro
True,6,1.0,6,7,0.97619,42,41,2026-06-liberty-swing/open-pro-am/final,final,eepro
True,10,1.0,10,7,0.942857,70,66,2026-06-liberty-swing/rising-star/final,final,eepro
True,3,1.0,3,7,1.0,21,21,2026-06-liberty-swing/showcase/final,final,eepro
True,11,0.5,22,7,1.0,77,77,2026-06-liberty-swing/sophisticated-jj/final,final,eepro
True,63,1.0,63,10,0.5,630,315,2026-06-liberty-swing/sophisticated-jj/prelim,prelim,eepro
True,6,1.0,6,7,0.97619,42,41,2026-06-liberty-swing/sophisticated-pro-am/final,final,eepro
True,5,0.5,10,5,1.0,25,25,2026-06-orange-blossom/allstar-jj/final,final,eepro
True,6,0.5,12,7,1.0,42,42,2026-06-orange-blossom/intermediate-jj/final,final,eepro
True,28,1.0,28,8,0.5,224,112,2026-06-orange-blossom/intermediate-jj/prelim,prelim,eepro
True,9,1.0,9,5,1.0,45,45,2026-06-orange-blossom/intermediate-strictly/final,final,eepro
True,6,0.545455,11,7,1.0,42,42,2026-06-orange-blossom/masters-jj/final,final,eepro
True,19,1.0,19,8,0.5,152,76,2026-06-orange-blossom/masters-jj/prelim,prelim,eepro
True,3,1.0,3,5,1.0,15,15,2026-06-orange-blossom/masters-strictly-follower-pro-am/final,final,eepro
True,6,0.5,12,7,1.0,42,42,2026-06-orange-blossom/newcomer-jj/final,final,eepro
True,17,1.0,17,8,0.5,136,68,2026-06-orange-blossom/newcomer-jj/prelim,prelim,eepro
True,1,1.0,1,5,1.0,5,5,2026-06-orange-blossom/newcomer-strictly-leader-pro-am/final,final,eepro
True,4,1.0,4,5,1.0,20,20,2026-06-orange-blossom/newcomer-strictly/final,final,eepro
True,13,0.5,26,7,1.0,91,91,2026-06-orange-blossom/novice-jj/final,final,eepro
True,80,1.0,80,8,0.5,640,320,2026-06-orange-blossom/novice-jj/prelim,prelim,eepro
True,40,1.0,40,8,0.5,320,160,2026-06-orange-blossom/novice-jj/semifinal,semifinal,eepro
True,4,1.0,4,5,1.0,20,20,2026-06-orange-blossom/novice-strictly-follower-pro-am/final,final,eepro
True,3,1.0,3,5,1.0,15,15,2026-06-orange-blossom/novice-strictly-leader-pro-am/final,final,eepro
True,7,1.0,7,5,1.0,35,35,2026-06-orange-blossom/novice-strictly/final,final,eepro
True,3,1.0,3,5,1.0,15,15,2026-06-orange-blossom/pro-am-follower-spotlight/final,final,eepro
True,1,1.0,1,5,1.0,5,5,2026-06-orange-blossom/pro-am-leader-spotlight/final,final,eepro
True,5,0.5,10,7,1.0,35,35,2026-06-orange-blossom/sophisticated-jj/final,final,eepro
True,15,1.0,15,8,0.5,120,60,2026-06-orange-blossom/sophisticated-jj/prelim,prelim,eepro
True,10,0.5,20,5,1.0,50,50,2026-06-swingapalooza/advanced-jj/final,final,wdr
True,20,0.487805,41,8,0.6,160,96,2026-06-swingapalooza/advanced-jj/prelim,prelim,wdr
True,12,0.5,24,5,1.0,60,60,2026-06-swingapalooza/advanced-strictly/final,final,wdr
True,9,0.5,18,5,1.0,45,45,2026-06-swingapalooza/allstar-jj/final,final,wdr
True,23,1.0,23,5,1.0,115,115,2026-06-swingapalooza/intermediate-jj-pro-am-followers/final,final,wdr
True,16,1.0,16,5,1.0,80,80,2026-06-swingapalooza/intermediate-jj-pro-am-leaders/final,final,wdr
True,10,0.5,20,5,1.0,50,50,2026-06-swingapalooza/intermediate-jj/final,final,wdr
True,20,0.344828,58,8,0.6,160,96,2026-06-swingapalooza/intermediate-jj/prelim,prelim,wdr
False,0,,0,5,,0,0,2026-06-swingapalooza/intermediate-pro-am-advanced/final,final,wdr
True,12,0.571429,21,5,0.0,60,0,2026-06-swingapalooza/intermediate-strictly-pro-am-followers/final,final,wdr
True,8,0.615385,13,5,0.0,40,0,2026-06-swingapalooza/intermediate-strictly-pro-am-leaders/final,final,wdr
True,9,0.5,18,5,1.0,45,45,2026-06-swingapalooza/intermediate-strictly/final,final,wdr
True,9,0.5625,16,5,1.111111,45,50,2026-06-swingapalooza/intermediate-strictly/prelim,prelim,wdr
True,10,0.5,20,5,1.0,50,50,2026-06-swingapalooza/masters-jj/final,final,wdr
True,20,0.571429,35,8,0.6,160,96,2026-06-swingapalooza/masters-jj/prelim,prelim,wdr
True,8,0.5,16,5,1.0,40,40,2026-06-swingapalooza/masters-strictly/final,final,wdr
True,7,0.5,14,5,1.0,35,35,2026-06-swingapalooza/newcomer-jj/final,final,wdr
True,14,0.608696,23,8,0.714286,112,80,2026-06-swingapalooza/newcomer-jj/prelim,prelim,wdr
True,4,0.5,8,5,1.0,20,20,2026-06-swingapalooza/newcomer-strictly/final,final,wdr
True,42,1.0,42,5,1.0,210,210,2026-06-swingapalooza/novice-jj-pro-am-followers/final,final,wdr
True,18,1.0,18,5,1.0,90,90,2026-06-swingapalooza/novice-jj-pro-am-leaders/final,final,wdr
True,12,0.5,24,5,1.0,60,60,2026-06-swingapalooza/novice-jj/final,final,wdr
True,48,0.516129,93,8,0.5625,384,216,2026-06-swingapalooza/novice-jj/prelim,prelim,wdr
True,24,0.5,48,8,0.583333,192,112,2026-06-swingapalooza/novice-jj/prelim-2,prelim,wdr
True,21,0.617647,34,5,0.0,105,0,2026-06-swingapalooza/novice-strictly-pro-am-followers/final,final,wdr
True,12,0.666667,18,5,0.0,60,0,2026-06-swingapalooza/novice-strictly-pro-am-leaders/final,final,wdr
True,11,0.5,22,5,1.0,55,55,2026-06-swingapalooza/novice-strictly/final,final,wdr
True,11,0.5,22,5,1.090909,55,60,2026-06-swingapalooza/novice-strictly/prelim,prelim,wdr
True,10,0.5,20,5,1.0,50,50,2026-06-swingapalooza/sophisticated-jj/final,final,wdr
True,20,0.47619,42,8,0.6,160,96,2026-06-swingapalooza/sophisticated-jj/prelim,prelim,wdr
True,12,0.5,24,5,1.0,60,60,2026-06-swingapalooza/sophisticated-strictly/final,final,wdr
True,15,0.5,30,5,1.0,75,75,2026-06-swingapalooza/strictly-generational/final,final,wdr
True,15,0.46875,32,5,1.133333,75,85,2026-06-swingapalooza/strictly-generational/prelim,prelim,wdr
True,9,0.5,18,5,1.0,45,45,2026-06-swingapalooza/strictly-pro/final,final,wdr
True,6,0.545455,11,5,1.0,30,30,2026-07-big-apple-dance-festival/advanced-jj/final,final,eepro
True,5,0.5,10,5,1.0,25,25,2026-07-big-apple-dance-festival/intermediate-jj/final,final,eepro
True,30,1.0,30,8,0.5,240,120,2026-07-big-apple-dance-festival/intermediate-jj/prelim,prelim,eepro
True,5,0.5,10,5,1.0,25,25,2026-07-big-apple-dance-festival/masters-jj/final,final,eepro
True,24,1.0,24,8,0.5,192,96,2026-07-big-apple-dance-festival/masters-jj/prelim,prelim,eepro
True,12,0.5,24,5,1.0,60,60,2026-07-big-apple-dance-festival/novice-jj/final,final,eepro
True,76,1.0,76,8,0.5,608,304,2026-07-big-apple-dance-festival/novice-jj/prelim,prelim,eepro
True,50,1.0,50,8,0.5,400,200,2026-07-big-apple-dance-festival/novice-jj/semifinal,semifinal,eepro
True,10,0.588235,17,5,1.0,50,50,2026-07-big-apple-dance-festival/sophisticated-jj/final,final,eepro
True,10,0.5,20,6,1.0,60,60,2026-07-carolina-summer-swing/advanced-jj/final,final,wdr
True,20,0.5,40,9,0.5,180,90,2026-07-carolina-summer-swing/advanced-jj/prelim,prelim,wdr
True,9,0.5,18,7,1.0,63,63,2026-07-carolina-summer-swing/advanced-strictly/final,final,wdr
True,6,0.5,12,7,1.0,42,42,2026-07-carolina-summer-swing/allstar-jj/final,final,wdr
True,12,0.48,25,9,0.583333,108,63,2026-07-carolina-summer-swing/allstar-jj/prelim,prelim,wdr
True,6,0.5,12,6,1.0,36,36,2026-07-carolina-summer-swing/allstar-strictly/final,final,wdr
True,6,0.545455,11,6,1.833333,36,66,2026-07-carolina-summer-swing/allstar-strictly/prelim,prelim,wdr
True,7,0.5,14,7,1.0,49,49,2026-07-carolina-summer-swing/champion-jj/final,final,wdr
True,14,1.0,14,7,1.0,98,98,2026-07-carolina-summer-swing/champion-jj/prelim,prelim,wdr
True,12,0.5,24,7,1.0,84,84,2026-07-carolina-summer-swing/intermediate-jj/final,final,wdr
True,34,0.390805,87,10,0.588235,340,200,2026-07-carolina-summer-swing/intermediate-jj/prelim,prelim,wdr
True,24,0.705882,34,10,0.708333,240,170,2026-07-carolina-summer-swing/intermediate-jj/prelim-2,prelim,wdr
True,11,0.52381,21,7,0.0,77,0,2026-07-carolina-summer-swing/intermediate-strictly-pro-am-followers/final,final,wdr
True,6,0.6,10,6,0.0,36,0,2026-07-carolina-summer-swing/intermediate-strictly-pro-am-leaders/final,final,wdr
True,10,0.5,20,7,1.0,70,70,2026-07-carolina-summer-swing/intermediate-strictly/final,final,wdr
True,10,0.5,20,8,2.0,80,160,2026-07-carolina-summer-swing/intermediate-strictly/prelim,prelim,wdr
True,10,0.5,20,7,1.0,70,70,2026-07-carolina-summer-swing/masters-jj/final,final,wdr
True,20,0.571429,35,9,0.472222,180,85,2026-07-carolina-summer-swing/masters-jj/prelim,prelim,wdr
True,8,0.615385,13,7,0.0,56,0,2026-07-carolina-summer-swing/masters-strictly-pro-am-followers/final,final,wdr
True,2,0.5,4,6,0.0,12,0,2026-07-carolina-summer-swing/masters-strictly-pro-am-leaders/final,final,wdr
True,10,0.5,20,6,1.0,60,60,2026-07-carolina-summer-swing/masters-strictly/final,final,wdr
True,7,0.5,14,7,1.0,49,49,2026-07-carolina-summer-swing/newcomer-jj/final,final,wdr
True,14,0.4,35,10,0.642857,140,90,2026-07-carolina-summer-swing/newcomer-jj/prelim,prelim,wdr
True,24,0.648649,37,7,0.0,168,0,2026-07-carolina-summer-swing/newcomer-strictly-pro-am-novice-followers/final,final,wdr
True,15,0.625,24,6,0.0,90,0,2026-07-carolina-summer-swing/newcomer-strictly-pro-am-novice-leaders/final,final,wdr
True,4,0.5,8,7,1.0,28,28,2026-07-carolina-summer-swing/newcomer-strictly/final,final,wdr
True,15,0.5,30,7,1.0,105,105,2026-07-carolina-summer-swing/novice-jj/final,final,wdr
True,64,0.418301,153,10,0.546875,640,350,2026-07-carolina-summer-swing/novice-jj/prelim,prelim,wdr
True,30,0.46875,64,10,0.533333,300,160,2026-07-carolina-summer-swing/novice-jj/prelim-2,prelim,wdr
True,13,0.5,26,5,1.0,65,65,2026-07-carolina-summer-swing/novice-strictly-switch-role-new-int/final,final,wdr
True,12,0.5,24,7,1.0,84,84,2026-07-carolina-summer-swing/novice-strictly/final,final,wdr
True,12,0.375,32,7,1.166667,84,98,2026-07-carolina-summer-swing/novice-strictly/prelim,prelim,wdr
True,4,0.5,8,5,1.0,20,20,2026-07-carolina-summer-swing/open-strictly-switch-role/final,final,wdr
True,10,0.5,20,7,1.0,70,70,2026-07-carolina-summer-swing/sophisticated-jj/final,final,wdr
True,20,0.526316,38,9,0.472222,180,85,2026-07-carolina-summer-swing/sophisticated-jj/prelim,prelim,wdr
True,12,0.5,24,6,1.0,72,72,2026-07-carolina-summer-swing/sophisticated-strictly/final,final,wdr
True,9,0.5,18,5,1.0,45,45,2026-07-carolina-summer-swing/strictly-generation-gap/final,final,wdr
True,10,0.454545,22,5,1.1,50,55,2026-07-carolina-summer-swing/strictly-generation-gap/prelim,prelim,wdr
True,10,0.5,20,7,1.0,70,70,2026-07-florida-dance-magic/advanced-jj/final,final,wdr
True,20,0.47619,42,8,0.6,160,96,2026-07-florida-dance-magic/advanced-jj/prelim,prelim,wdr
True,7,0.5,14,5,1.0,35,35,2026-07-florida-dance-magic/allstar-jj/final,final,wdr
True,14,0.482759,29,8,0.571429,112,64,2026-07-florida-dance-magic/allstar-jj/prelim,prelim,wdr
True,8,0.5,16,5,1.0,40,40,2026-07-florida-dance-magic/allstar-strictly-champion/final,final,wdr
True,8,0.571429,14,5,1.125,40,45,2026-07-florida-dance-magic/allstar-strictly-champion/prelim,prelim,wdr
True,6,0.5,12,5,1.0,30,30,2026-07-florida-dance-magic/country-advanced-jj-swing/final,final,wdr
True,12,0.571429,21,6,0.541667,72,39,2026-07-florida-dance-magic/country-advanced-jj-swing/prelim,prelim,wdr
True,11,0.5,22,5,1.0,55,55,2026-07-florida-dance-magic/country-intermediate-jj-swing/final,final,wdr
True,22,0.488889,45,6,0.454545,132,60,2026-07-florida-dance-magic/country-intermediate-jj-swing/prelim,prelim,wdr
True,11,0.5,22,5,1.0,55,55,2026-07-florida-dance-magic/country-novice-jj-swing/final,final,wdr
True,22,0.37931,58,6,0.5,132,66,2026-07-florida-dance-magic/country-novice-jj-swing/prelim,prelim,wdr
True,13,0.5,26,5,1.0,65,65,2026-07-florida-dance-magic/country-open-strictly/final,final,wdr
True,13,0.419355,31,5,0.923077,65,60,2026-07-florida-dance-magic/country-open-strictly/prelim,prelim,wdr
True,26,1.0,26,5,1.0,130,130,2026-07-florida-dance-magic/intermediate-jj-pro-am-followers/final,final,wdr
True,12,1.0,12,5,1.0,60,60,2026-07-florida-dance-magic/intermediate-jj-pro-am-leaders/final,final,wdr
True,12,0.5,24,7,1.0,84,84,2026-07-florida-dance-magic/intermediate-jj/final,final,wdr
True,46,0.69697,66,8,0.5,368,184,2026-07-florida-dance-magic/intermediate-jj/prelim,prelim,wdr
True,24,0.521739,46,8,0.5,192,96,2026-07-florida-dance-magic/intermediate-jj/prelim-2,prelim,wdr
True,16,0.615385,26,5,0.0,80,0,2026-07-florida-dance-magic/intermediate-strictly-pro-am-followers/final,final,wdr
True,7,0.636364,11,5,0.0,35,0,2026-07-florida-dance-magic/intermediate-strictly-pro-am-leaders/final,final,wdr
False,0,,0,5,,0,0,2026-07-florida-dance-magic/line-dance-high/final,final,wdr
False,0,,0,5,,0,0,2026-07-florida-dance-magic/line-dance-high/prelim,prelim,wdr
False,0,,0,7,,0,0,2026-07-florida-dance-magic/line-dance-low/final,final,wdr
True,10,0.5,20,7,1.0,70,70,2026-07-florida-dance-magic/masters-jj/final,final,wdr
True,20,0.5,40,8,0.5,160,80,2026-07-florida-dance-magic/masters-jj/prelim,prelim,wdr
True,7,0.5,14,5,1.0,35,35,2026-07-florida-dance-magic/masters-strictly/final,final,wdr
True,10,0.5,20,7,1.0,70,70,2026-07-florida-dance-magic/newcomer-jj/final,final,wdr
True,20,0.434783,46,8,0.5,160,80,2026-07-florida-dance-magic/newcomer-jj/prelim,prelim,wdr
True,9,0.6,15,5,0.0,45,0,2026-07-florida-dance-magic/newcomer-strictly-pro-am-followers/final,final,wdr
True,1,0.5,2,5,0.0,5,0,2026-07-florida-dance-magic/newcomer-strictly-pro-am-leaders/final,final,wdr
True,47,1.0,47,5,1.0,235,235,2026-07-florida-dance-magic/novice-jj-pro-am-followers/final,final,wdr
True,15,1.0,15,5,1.0,75,75,2026-07-florida-dance-magic/novice-jj-pro-am-leaders/final,final,wdr
True,12,0.5,24,7,1.0,84,84,2026-07-florida-dance-magic/novice-jj/final,final,wdr
True,54,0.514286,105,8,0.555556,432,240,2026-07-florida-dance-magic/novice-jj/prelim,prelim,wdr
True,24,0.444444,54,8,0.5,192,96,2026-07-florida-dance-magic/novice-jj/prelim-2,prelim,wdr
True,25,0.657895,38,5,0.0,125,0,2026-07-florida-dance-magic/novice-strictly-pro-am-followers/final,final,wdr
True,7,0.538462,13,5,0.0,35,0,2026-07-florida-dance-magic/novice-strictly-pro-am-leaders/final,final,wdr
False,0,,0,5,,0,0,2026-07-florida-dance-magic/open-pro-am/final,final,wdr
True,13,0.5,26,5,1.0,65,65,2026-07-florida-dance-magic/open-strictly/final,final,wdr
True,13,0.433333,30,5,1.153846,65,75,2026-07-florida-dance-magic/open-strictly/prelim,prelim,wdr
True,10,0.5,20,8,0.875,80,70,2026-07-mediterranean-open/advanced-jj/final,final,scoringdance
True,34,0.871795,39,12,0.477941,408,195,2026-07-mediterranean-open/advanced-jj/prelim,prelim,scoringdance
True,30,0.75,40,11,0.678788,330,224,2026-07-mediterranean-open/all-mediterranean/semifinal,semifinal,scoringdance
True,7,0.5,14,6,0.833333,42,35,2026-07-mediterranean-open/allstar-jj/final,final,scoringdance
True,21,0.913043,23,6,0.912698,126,115,2026-07-mediterranean-open/allstar-jj/prelim,prelim,scoringdance
True,10,0.5,20,8,0.875,80,70,2026-07-mediterranean-open/intermediate-jj/final,final,scoringdance
True,63,0.926471,68,12,0.444444,756,336,2026-07-mediterranean-open/intermediate-jj/prelim,prelim,scoringdance
True,36,0.857143,42,12,0.486111,432,210,2026-07-mediterranean-open/intermediate-jj/semifinal,semifinal,scoringdance
True,36,0.5,72,6,0.833333,216,180,2026-07-mediterranean-open/jj-all-mediterranean/prelim,prelim,scoringdance
True,8,0.5,16,8,0.875,64,56,2026-07-mediterranean-open/masters-jj-50y/final,final,scoringdance
True,29,0.935484,31,11,0.485893,319,155,2026-07-mediterranean-open/masters-jj-50y/prelim,prelim,scoringdance
True,10,0.5,20,8,0.875,80,70,2026-07-mediterranean-open/newcomer-jj/final,final,scoringdance
True,40,0.952381,42,11,0.477273,440,210,2026-07-mediterranean-open/newcomer-jj/prelim,prelim,scoringdance
True,15,0.5,30,7,1.0,105,105,2026-07-mediterranean-open/novice-jj/final,final,scoringdance
True,135,0.950704,142,12,0.435802,1620,706,2026-07-mediterranean-open/novice-jj/prelim,prelim,scoringdance
True,67,0.817073,82,12,0.50995,804,410,2026-07-mediterranean-open/novice-jj/semifinal,semifinal,scoringdance
True,10,0.5,20,8,0.875,80,70,2026-07-mediterranean-open/sophisticated-jj-35y/final,final,scoringdance
True,57,0.95,60,12,0.440058,684,301,2026-07-mediterranean-open/sophisticated-jj-35y/prelim,prelim,scoringdance
True,36,1.0,36,11,0.454545,396,180,2026-07-mediterranean-open/sophisticated-jj-35y/semifinal,semifinal,scoringdance
True,10,0.5,20,5,1.0,50,50,2026-07-midwest-westie-fest/advanced-jj/final,final,eepro
True,46,1.0,46,8,0.5,368,184,2026-07-midwest-westie-fest/advanced-jj/prelim,prelim,eepro
True,13,1.0,13,5,1.0,65,65,2026-07-midwest-westie-fest/advanced-strictly/final,final,eepro
True,5,0.5,10,5,1.0,25,25,2026-07-midwest-westie-fest/allstar-jj/final,final,eepro
True,21,1.0,21,8,0.5,168,84,2026-07-midwest-westie-fest/allstar-jj/prelim,prelim,eepro
True,8,1.0,8,5,1.0,40,40,2026-07-midwest-westie-fest/allstar-strictly-champions/final,final,eepro
True,14,1.0,14,5,1.0,70,70,2026-07-midwest-westie-fest/allstar-strictly-champions/prelim,prelim,eepro
True,10,0.5,20,5,1.0,50,50,2026-07-midwest-westie-fest/intermediate-jj/final,final,eepro
True,68,1.0,68,8,0.5,544,272,2026-07-midwest-westie-fest/intermediate-jj/prelim,prelim,eepro
True,38,1.0,38,8,0.5,304,152,2026-07-midwest-westie-fest/intermediate-jj/semifinal,semifinal,eepro
True,9,1.0,9,5,1.0,45,45,2026-07-midwest-westie-fest/intermediate-strictly/final,final,eepro
True,20,1.0,20,5,1.0,100,100,2026-07-midwest-westie-fest/intermediate-strictly/prelim,prelim,eepro
True,10,0.555556,18,5,1.0,50,50,2026-07-midwest-westie-fest/invitational-jj/final,final,eepro
True,5,0.5,10,5,1.0,25,25,2026-07-midwest-westie-fest/masters-jj/final,final,eepro
True,26,1.0,26,8,0.5,208,104,2026-07-midwest-westie-fest/masters-jj/prelim,prelim,eepro
True,3,1.0,3,5,1.0,15,15,2026-07-midwest-westie-fest/masters-strictly/final,final,eepro
True,10,0.5,20,5,1.0,50,50,2026-07-midwest-westie-fest/newcomer-jj/final,final,eepro
True,44,1.0,44,8,0.5,352,176,2026-07-midwest-westie-fest/newcomer-jj/prelim,prelim,eepro
True,15,0.5,30,7,1.0,105,105,2026-07-midwest-westie-fest/novice-jj/final,final,eepro
True,167,1.0,167,10,0.5,1670,835,2026-07-midwest-westie-fest/novice-jj/prelim,prelim,eepro
True,82,1.0,82,10,0.5,820,410,2026-07-midwest-westie-fest/novice-jj/semifinal,semifinal,eepro
True,5,1.0,5,5,1.0,25,25,2026-07-midwest-westie-fest/pro-am-int-adv/final,final,eepro
True,12,1.0,12,5,1.0,60,60,2026-07-midwest-westie-fest/pro-am-new-nov/final,final,eepro
True,2,1.0,2,5,1.0,10,10,2026-07-midwest-westie-fest/rising-star/final,final,eepro
True,6,0.5,12,5,1.0,30,30,2026-07-midwest-westie-fest/sophisticated-jj/final,final,eepro
True,30,1.0,30,8,0.5,240,120,2026-07-midwest-westie-fest/sophisticated-jj/prelim,prelim,eepro
True,11,1.0,11,5,1.0,55,55,2026-07-midwest-westie-fest/strictly-new-nov/final,final,eepro
True,45,1.0,45,5,1.0,225,225,2026-07-midwest-westie-fest/strictly-new-nov/prelim,prelim,eepro
True,11,0.5,22,7,1.0,77,77,2026-07-phoenix-of-july/advanced-jj/final,final,eepro
True,59,1.0,59,10,0.5,590,295,2026-07-phoenix-of-july/advanced-jj/prelim,prelim,eepro
True,36,1.0,36,8,0.5,288,144,2026-07-phoenix-of-july/advanced-jj/semifinal,semifinal,eepro
True,12,1.0,12,7,1.0,84,84,2026-07-phoenix-of-july/advanced-strictly/final,final,eepro
True,19,1.0,19,5,1.0,95,95,2026-07-phoenix-of-july/advanced-strictly/prelim,prelim,eepro
True,13,0.5,26,7,1.0,91,91,2026-07-phoenix-of-july/allstar-jj/final,final,eepro
True,45,1.0,45,10,0.5,450,225,2026-07-phoenix-of-july/allstar-jj/prelim,prelim,eepro
True,10,1.0,10,7,1.0,70,70,2026-07-phoenix-of-july/allstar-strictly/final,final,eepro
True,17,1.0,17,7,1.0,119,119,2026-07-phoenix-of-july/allstar-strictly/prelim,prelim,eepro
True,12,0.571429,21,7,1.0,84,84,2026-07-phoenix-of-july/champion-jj/final,final,eepro
True,9,1.0,9,7,1.0,63,63,2026-07-phoenix-of-july/champion-strictly-choice/final,final,eepro
True,14,1.0,14,7,1.0,98,98,2026-07-phoenix-of-july/champion-strictly-choice/prelim,prelim,eepro
True,13,0.5,26,7,1.0,91,91,2026-07-phoenix-of-july/intermediate-jj/final,final,eepro
True,80,1.0,80,10,0.5,800,400,2026-07-phoenix-of-july/intermediate-jj/prelim,prelim,eepro
True,42,1.0,42,8,0.5,336,168,2026-07-phoenix-of-july/intermediate-jj/semifinal,semifinal,eepro
True,11,1.0,11,7,1.0,77,77,2026-07-phoenix-of-july/intermediate-strictly/final,final,eepro
True,19,1.0,19,5,1.0,95,95,2026-07-phoenix-of-july/intermediate-strictly/prelim,prelim,eepro
True,28,1.0,28,7,1.0,196,196,2026-07-phoenix-of-july/jj-hi-low-adv-as-ch/prelim,prelim,eepro
True,14,1.0,14,6,1.0,84,84,2026-07-phoenix-of-july/jj-hi-low-adv-as-ch/semifinal,semifinal,eepro
True,54,1.0,54,7,1.0,378,378,2026-07-phoenix-of-july/jj-hi-low-nov-int/prelim,prelim,eepro
True,14,1.0,14,6,1.0,84,84,2026-07-phoenix-of-july/jj-hi-low-nov-int/semifinal,semifinal,eepro
True,12,0.5,24,7,1.0,84,84,2026-07-phoenix-of-july/jj-hi-low/final,final,eepro
True,12,0.5,24,7,1.0,84,84,2026-07-phoenix-of-july/jj-just-for-fun/final,final,eepro
True,83,1.0,83,8,0.5,664,332,2026-07-phoenix-of-july/jj-just-for-fun/prelim,prelim,eepro
True,7,0.5,14,7,1.0,49,49,2026-07-phoenix-of-july/jj-switchly/final,final,eepro
True,26,1.0,26,5,1.0,130,130,2026-07-phoenix-of-july/jj-switchly/prelim,prelim,eepro
True,10,0.5,20,7,1.0,70,70,2026-07-phoenix-of-july/masters-jj/final,final,eepro
True,53,1.0,53,10,0.5,530,265,2026-07-phoenix-of-july/masters-jj/prelim,prelim,eepro
True,36,1.0,36,8,0.5,288,144,2026-07-phoenix-of-july/masters-jj/semifinal,semifinal,eepro
True,11,1.0,11,7,1.0,77,77,2026-07-phoenix-of-july/masters-strictly/final,final,eepro
True,16,1.0,16,5,1.0,80,80,2026-07-phoenix-of-july/masters-strictly/prelim,prelim,eepro
True,12,0.5,24,7,1.0,84,84,2026-07-phoenix-of-july/novice-jj/final,final,eepro
True,135,1.0,135,10,0.5,1350,675,2026-07-phoenix-of-july/novice-jj/prelim,prelim,eepro
True,44,1.0,44,8,0.5,352,176,2026-07-phoenix-of-july/novice-jj/semifinal,semifinal,eepro
True,12,1.0,12,7,1.0,84,84,2026-07-phoenix-of-july/novice-strictly/final,final,eepro
True,29,1.0,29,5,1.0,145,145,2026-07-phoenix-of-july/novice-strictly/prelim,prelim,eepro
True,10,1.0,10,7,1.0,70,70,2026-07-phoenix-of-july/strictly-generational/final,final,eepro
True,27,1.0,27,5,1.0,135,135,2026-07-phoenix-of-july/strictly-generational/prelim,prelim,eepro
True,10,0.5,20,8,0.875,80,70,2026-07-swinglab-berlin/advanced-jj/final,final,scoringdance
True,50,1.0,50,11,0.454545,550,250,2026-07-swinglab-berlin/advanced-jj/prelim,prelim,scoringdance
True,7,0.5,14,6,0.833333,42,35,2026-07-swinglab-berlin/allstar-jj/final,final,scoringdance
True,32,1.0,32,6,0.833333,192,160,2026-07-swinglab-berlin/allstar-jj/prelim,prelim,scoringdance
True,12,0.5,24,8,0.875,96,84,2026-07-swinglab-berlin/intermediate-jj/final,final,scoringdance
True,85,1.0,85,11,0.454545,935,425,2026-07-swinglab-berlin/intermediate-jj/prelim,prelim,scoringdance
True,41,0.931818,44,11,0.487805,451,220,2026-07-swinglab-berlin/intermediate-jj/semifinal,semifinal,scoringdance
True,11,0.5,22,6,0.833333,66,55,2026-07-swinglab-berlin/intermediate-strictly/final,final,scoringdance
True,23,1.0,23,6,0.833333,138,115,2026-07-swinglab-berlin/intermediate-strictly/prelim,prelim,scoringdance
True,12,0.5,24,8,0.875,96,84,2026-07-swinglab-berlin/newcomer-jj/final,final,scoringdance
True,87,1.0,87,11,0.454545,957,435,2026-07-swinglab-berlin/newcomer-jj/prelim,prelim,scoringdance
True,44,1.0,44,11,0.454545,484,220,2026-07-swinglab-berlin/newcomer-jj/semifinal,semifinal,scoringdance
True,15,0.5,30,8,0.875,120,105,2026-07-swinglab-berlin/novice-jj/final,final,scoringdance
True,145,0.973154,149,11,0.464577,1595,741,2026-07-swinglab-berlin/novice-jj/prelim,prelim,scoringdance
True,52,0.866667,60,11,0.524476,572,300,2026-07-swinglab-berlin/novice-jj/semifinal,semifinal,scoringdance
True,12,0.5,24,6,0.833333,72,60,2026-07-swinglab-berlin/novice-strictly/final,final,scoringdance
True,23,0.958333,24,6,0.84058,138,116,2026-07-swinglab-berlin/novice-strictly/prelim,prelim,scoringdance
True,7,0.5,14,6,0.833333,42,35,2026-07-swinglab-berlin/open-strictly/final,final,scoringdance
True,20,1.0,20,6,0.833333,120,100,2026-07-swinglab-berlin/open-strictly/prelim,prelim,scoringdance
True,10,0.5,20,8,0.875,80,70,2026-07-swinglab-berlin/sophisticated-jj/final,final,scoringdance
True,36,0.947368,38,9,0.469136,324,152,2026-07-swinglab-berlin/sophisticated-jj/prelim,prelim,scoringdance
True,12,0.5,24,7,1.0,84,84,2026-07-wild-wild-westie/advanced-jj/final,final,eepro
True,134,1.0,134,10,0.5,1340,670,2026-07-wild-wild-westie/advanced-jj/prelim,prelim,eepro
True,63,1.0,63,10,0.5,630,315,2026-07-wild-wild-westie/advanced-jj/semifinal,semifinal,eepro
True,9,1.0,9,7,1.0,63,63,2026-07-wild-wild-westie/advanced-strictly/final,final,eepro
True,45,1.0,45,7,1.0,315,315,2026-07-wild-wild-westie/advanced-strictly/prelim,prelim,eepro
True,11,0.5,22,7,1.0,77,77,2026-07-wild-wild-westie/allstar-jj/final,final,eepro
True,90,1.0,90,14,0.5,1260,630,2026-07-wild-wild-westie/allstar-jj/prelim,prelim,eepro
True,54,1.0,54,14,0.5,756,378,2026-07-wild-wild-westie/allstar-jj/semifinal,semifinal,eepro
True,10,1.0,10,7,1.0,70,70,2026-07-wild-wild-westie/allstar-strictly-champs/final,final,eepro
True,30,1.0,30,7,1.0,210,210,2026-07-wild-wild-westie/allstar-strictly-champs/prelim,prelim,eepro
True,9,0.5,18,7,1.0,63,63,2026-07-wild-wild-westie/champion-jj/final,final,eepro
True,38,1.0,38,7,1.0,266,266,2026-07-wild-wild-westie/champion-jj/prelim,prelim,eepro
True,14,0.5,28,7,1.0,98,98,2026-07-wild-wild-westie/intermediate-jj/final,final,eepro
True,179,1.0,179,10,0.5,1790,895,2026-07-wild-wild-westie/intermediate-jj/prelim,prelim,eepro
True,80,1.0,80,10,0.5,800,400,2026-07-wild-wild-westie/intermediate-jj/semifinal,semifinal,eepro
True,13,1.0,13,5,1.0,65,65,2026-07-wild-wild-westie/intermediate-strictly/final,final,eepro
True,49,1.0,49,5,1.0,245,245,2026-07-wild-wild-westie/intermediate-strictly/prelim,prelim,eepro
True,9,0.5,18,7,1.0,63,63,2026-07-wild-wild-westie/masters-jj/final,final,eepro
True,33,1.0,33,10,0.5,330,165,2026-07-wild-wild-westie/masters-jj/prelim,prelim,eepro
True,9,1.0,9,5,1.0,45,45,2026-07-wild-wild-westie/masters-strictly-choice/final,final,eepro
True,22,1.0,22,5,1.0,110,110,2026-07-wild-wild-westie/masters-strictly-choice/prelim,prelim,eepro
True,11,0.5,22,7,1.0,77,77,2026-07-wild-wild-westie/newcomer-jj/final,final,eepro
True,45,1.0,45,10,0.5,450,225,2026-07-wild-wild-westie/newcomer-jj/prelim,prelim,eepro
True,15,0.5,30,7,1.0,105,105,2026-07-wild-wild-westie/novice-jj/final,final,eepro
True,214,1.0,214,10,0.5,2140,1070,2026-07-wild-wild-westie/novice-jj/prelim,prelim,eepro
True,124,1.0,124,10,0.5,1240,620,2026-07-wild-wild-westie/novice-jj/quarterfinal,quarterfinal,eepro
True,54,1.0,54,10,0.5,540,270,2026-07-wild-wild-westie/novice-jj/semifinal,semifinal,eepro
True,14,1.0,14,5,1.0,70,70,2026-07-wild-wild-westie/novice-strictly/final,final,eepro
True,52,1.0,52,5,1.0,260,260,2026-07-wild-wild-westie/novice-strictly/prelim,prelim,eepro
True,7,1.0,7,5,1.0,35,35,2026-07-wild-wild-westie/pro-am-int-adv/final,final,eepro
True,2,1.0,2,5,1.0,10,10,2026-07-wild-wild-westie/pro-am-new-nov/final,final,eepro
True,8,1.0,8,7,1.0,56,56,2026-07-wild-wild-westie/rising-star/final,final,eepro
True,10,1.0,10,5,1.0,50,50,2026-07-wild-wild-westie/wild-wild-j-j/final,final,eepro
True,114,1.0,114,7,1.0,798,798,2026-07-wild-wild-westie/wild-wild-j-j/prelim,prelim,eepro
True,40,1.0,40,7,1.0,280,280,2026-07-wild-wild-westie/wild-wild-j-j/semifinal,semifinal,eepro
True,7,1.0,7,7,1.0,49,49,2026-08-arizona-dance-classic/champion-arizona-2-step-state-championship/final,final,eepro
True,13,1.0,13,7,1.0,91,91,2026-08-arizona-dance-classic/champion-arizona-2-step-state-championship/prelim,prelim,eepro
True,1,1.0,1,5,1.0,5,5,2026-08-arizona-dance-classic/intermediate-strictly-az-2step/final,final,eepro
True,2,1.0,2,5,1.0,10,10,2026-08-arizona-dance-classic/masters-strictly-az-2step-50/final,final,eepro
True,1,1.0,1,5,1.0,5,5,2026-08-arizona-dance-classic/strictly-az-2step-new-nov/final,final,eepro
True,6,0.5,12,8,0.875,48,42,2026-08-bristol-swing-fiesta/advanced-jj/final,final,scoringdance
True,20,1.0,20,6,0.833333,120,100,2026-08-bristol-swing-fiesta/advanced-jj/prelim,prelim,scoringdance
True,7,0.583333,12,6,0.833333,42,35,2026-08-bristol-swing-fiesta/allstar-jj/final,final,scoringdance
True,12,0.5,24,8,0.875,96,84,2026-08-bristol-swing-fiesta/intermediate-jj/final,final,scoringdance
True,47,0.903846,52,11,0.502901,517,260,2026-08-bristol-swing-fiesta/intermediate-jj/prelim,prelim,scoringdance
True,11,0.5,22,8,0.875,88,77,2026-08-bristol-swing-fiesta/newcomer-jj/final,final,scoringdance
True,37,0.925,40,11,0.481572,407,196,2026-08-bristol-swing-fiesta/newcomer-jj/prelim,prelim,scoringdance
True,12,0.5,24,8,0.875,96,84,2026-08-bristol-swing-fiesta/novice-jj/final,final,scoringdance
True,115,0.958333,120,11,0.471146,1265,596,2026-08-bristol-swing-fiesta/novice-jj/prelim,prelim,scoringdance
True,46,0.958333,48,11,0.474308,506,240,2026-08-bristol-swing-fiesta/novice-jj/semifinal,semifinal,scoringdance
True,14,0.5,28,8,0.875,112,98,2026-08-bristol-swing-fiesta/sophisticated-jj/final,final,scoringdance
True,71,0.972603,73,9,0.456964,639,292,2026-08-bristol-swing-fiesta/sophisticated-jj/prelim,prelim,scoringdance
True,12,0.5,24,7,1.0,84,84,2026-08-desert-city-swing/advanced-jj/final,final,wdr
True,44,0.372881,118,10,0.636364,440,280,2026-08-desert-city-swing/advanced-jj/prelim,prelim,wdr
True,24,0.545455,44,8,0.625,192,120,2026-08-desert-city-swing/advanced-jj/prelim-2,prelim,wdr
True,14,0.5,28,7,1.0,98,98,2026-08-desert-city-swing/advanced-strictly/final,final,wdr
True,21,0.466667,45,5,1.142857,105,120,2026-08-desert-city-swing/advanced-strictly/prelim,prelim,wdr
True,14,0.666667,21,5,0.928571,70,65,2026-08-desert-city-swing/advanced-strictly/prelim-2,prelim,wdr
True,12,0.5,24,7,1.0,84,84,2026-08-desert-city-swing/allstar-jj/final,final,wdr
True,50,0.588235,85,8,0.48,400,192,2026-08-desert-city-swing/allstar-jj/prelim,prelim,wdr
True,24,0.48,50,8,0.666667,192,128,2026-08-desert-city-swing/allstar-jj/prelim-2,prelim,wdr
True,13,0.5,26,7,1.0,91,91,2026-08-desert-city-swing/allstar-strictly/final,final,wdr
True,13,0.371429,35,5,1.307692,65,85,2026-08-desert-city-swing/allstar-strictly/prelim,prelim,wdr
True,10,0.5,20,7,1.0,70,70,2026-08-desert-city-swing/champion-jj/final,final,wdr
True,20,0.625,32,8,0.55,160,88,2026-08-desert-city-swing/champion-jj/prelim,prelim,wdr
True,9,0.5,18,7,1.0,63,63,2026-08-desert-city-swing/champion-strictly/final,final,wdr
True,9,0.5625,16,5,1.222222,45,55,2026-08-desert-city-swing/champion-strictly/prelim,prelim,wdr
True,15,0.5,30,7,1.0,105,105,2026-08-desert-city-swing/intermediate-jj/final,final,wdr
True,56,0.366013,153,10,0.571429,560,320,2026-08-desert-city-swing/intermediate-jj/prelim,prelim,wdr
True,30,0.535714,56,8,0.566667,240,136,2026-08-desert-city-swing/intermediate-jj/prelim-2,prelim,wdr
True,15,0.5,30,7,1.0,105,105,2026-08-desert-city-swing/intermediate-strictly/final,final,wdr
True,15,0.394737,38,5,1.133333,75,85,2026-08-desert-city-swing/intermediate-strictly/prelim,prelim,wdr
True,14,0.518519,27,7,1.0,98,98,2026-08-desert-city-swing/jj-all-american/final,final,wdr
True,29,0.298969,97,5,1.117241,145,162,2026-08-desert-city-swing/jj-all-american/prelim,prelim,wdr
True,13,0.464286,28,5,1.092308,65,71,2026-08-desert-city-swing/jj-all-american/prelim-2,prelim,wdr
True,10,0.5,20,7,1.0,70,70,2026-08-desert-city-swing/masters-jj/final,final,wdr
True,36,0.642857,56,10,0.513889,360,185,2026-08-desert-city-swing/masters-jj/prelim,prelim,wdr
True,20,0.555556,36,8,0.875,160,140,2026-08-desert-city-swing/masters-jj/prelim-2,prelim,wdr
True,7,0.5,14,5,1.0,35,35,2026-08-desert-city-swing/masters-strictly/final,final,wdr
True,15,0.5,30,7,1.0,105,105,2026-08-desert-city-swing/novice-jj/final,final,wdr
True,56,0.281407,199,10,0.607143,560,340,2026-08-desert-city-swing/novice-jj/prelim,prelim,wdr
True,30,0.535714,56,8,0.566667,240,136,2026-08-desert-city-swing/novice-jj/prelim-2,prelim,wdr
True,14,0.5,28,7,1.0,98,98,2026-08-desert-city-swing/novice-strictly/final,final,wdr
True,14,0.388889,36,5,1.214286,70,85,2026-08-desert-city-swing/novice-strictly/prelim,prelim,wdr
True,10,0.5,20,5,1.0,50,50,2026-08-summer-hummer/advanced-jj/final,final,eepro
True,48,1.0,48,10,0.5,480,240,2026-08-summer-hummer/advanced-jj/prelim,prelim,eepro
True,7,1.0,7,5,1.0,35,35,2026-08-summer-hummer/advanced-strictly/final,final,eepro
True,16,1.0,16,5,1.0,80,80,2026-08-summer-hummer/advanced-strictly/prelim,prelim,eepro
True,10,0.5,20,5,1.0,50,50,2026-08-summer-hummer/allstar-jj/final,final,eepro
True,38,1.0,38,10,0.5,380,190,2026-08-summer-hummer/allstar-jj/prelim,prelim,eepro
True,7,1.0,7,5,1.0,35,35,2026-08-summer-hummer/allstar-strictly/final,final,eepro
True,11,1.0,11,5,1.0,55,55,2026-08-summer-hummer/allstar-strictly/prelim,prelim,eepro
True,7,0.5,14,5,1.0,35,35,2026-08-summer-hummer/champion-jj/final,final,eepro
True,24,1.0,24,5,1.0,120,120,2026-08-summer-hummer/champion-jj/prelim,prelim,eepro
True,12,1.0,12,5,1.0,60,60,2026-08-summer-hummer/champion-strictly/final,final,eepro
True,6,1.0,6,5,1.0,30,30,2026-08-summer-hummer/classic/final,final,eepro
True,14,0.5,28,5,1.0,70,70,2026-08-summer-hummer/intermediate-jj/final,final,eepro
True,85,1.0,85,10,0.5,850,425,2026-08-summer-hummer/intermediate-jj/prelim,prelim,eepro
True,48,1.0,48,10,0.5,480,240,2026-08-summer-hummer/intermediate-jj/semifinal,semifinal,eepro
True,9,1.0,9,5,1.0,45,45,2026-08-summer-hummer/intermediate-strictly/final,final,eepro
True,18,1.0,18,5,1.0,90,90,2026-08-summer-hummer/intermediate-strictly/prelim,prelim,eepro
True,8,0.5,16,5,1.0,40,40,2026-08-summer-hummer/jj-switch-role/final,final,eepro
True,28,1.0,28,5,1.0,140,140,2026-08-summer-hummer/jj-switch-role/prelim,prelim,eepro
True,6,0.5,12,5,1.0,30,30,2026-08-summer-hummer/masters-jj/final,final,eepro
True,29,1.0,29,10,0.5,290,145,2026-08-summer-hummer/masters-jj/prelim,prelim,eepro
True,7,0.5,14,5,1.0,35,35,2026-08-summer-hummer/newcomer-jj/final,final,eepro
True,30,1.0,30,10,0.5,300,150,2026-08-summer-hummer/newcomer-jj/prelim,prelim,eepro
True,12,0.5,24,5,1.0,60,60,2026-08-summer-hummer/novice-jj/final,final,eepro
True,140,1.0,140,10,0.5,1400,700,2026-08-summer-hummer/novice-jj/prelim,prelim,eepro
True,56,1.0,56,10,0.5,560,280,2026-08-summer-hummer/novice-jj/semifinal,semifinal,eepro
True,3,1.0,3,5,1.0,15,15,2026-08-summer-hummer/novice-novice-intermediate-routines/final,final,eepro
True,8,1.0,8,5,0.975,40,39,2026-08-summer-hummer/pro-am/final,final,eepro
True,9,1.0,9,5,1.0,45,45,2026-08-summer-hummer/rising-star/final,final,eepro
True,4,1.0,4,5,1.0,20,20,2026-08-summer-hummer/showcase/final,final,eepro
True,10,0.5,20,5,1.0,50,50,2026-08-summer-hummer/sophisticated-jj/final,final,eepro
True,42,1.0,42,10,0.5,420,210,2026-08-summer-hummer/sophisticated-jj/prelim,prelim,eepro
True,5,1.0,5,5,1.0,25,25,2026-08-summer-hummer/sophisticated-strictly/final,final,eepro
True,8,1.0,8,5,1.0,40,40,2026-08-summer-hummer/strictly-new-nov/final,final,eepro
True,22,1.0,22,5,1.0,110,110,2026-08-summer-hummer/strictly-new-nov/prelim,prelim,eepro
True,13,0.5,26,5,1.0,65,65,2026-08-swing-fling/advanced-jj/final,final,eepro
True,72,1.0,72,10,0.5,720,360,2026-08-swing-fling/advanced-jj/prelim,prelim,eepro
True,42,1.0,42,10,0.5,420,210,2026-08-swing-fling/advanced-jj/semifinal,semifinal,eepro
True,11,1.0,11,5,1.0,55,55,2026-08-swing-fling/advanced-strictly/final,final,eepro
True,25,1.0,25,5,1.0,125,125,2026-08-swing-fling/advanced-strictly/prelim,prelim,eepro
True,10,0.5,20,5,1.0,50,50,2026-08-swing-fling/allstar-jj/final,final,eepro
True,52,1.0,52,8,0.5,416,208,2026-08-swing-fling/allstar-jj/prelim,prelim,eepro
True,10,1.0,10,5,1.0,50,50,2026-08-swing-fling/allstar-strictly-champion-allstars-choice/final,final,eepro
True,24,1.0,24,5,1.0,120,120,2026-08-swing-fling/allstar-strictly-champion-allstars-choice/prelim,prelim,eepro
True,10,0.5,20,5,1.0,50,50,2026-08-swing-fling/intermediate-jj-proam-follower/final,final,eepro
True,9,0.5,18,5,1.0,45,45,2026-08-swing-fling/intermediate-jj-proam-leader/final,final,eepro
True,13,0.5,26,5,1.0,65,65,2026-08-swing-fling/intermediate-jj/final,final,eepro
True,116,1.0,116,10,0.5,1160,580,2026-08-swing-fling/intermediate-jj/prelim,prelim,eepro
True,52,1.0,52,10,0.5,520,260,2026-08-swing-fling/intermediate-jj/semifinal,semifinal,eepro
True,10,1.0,10,5,1.0,50,50,2026-08-swing-fling/intermediate-strictly/final,final,eepro
True,24,1.0,24,5,1.0,120,120,2026-08-swing-fling/intermediate-strictly/prelim,prelim,eepro
True,38,1.0,38,5,1.0,190,190,2026-08-swing-fling/jj-proam-int-follower/prelim,prelim,eepro
True,22,1.0,22,5,1.0,110,110,2026-08-swing-fling/jj-proam-int-leader/prelim,prelim,eepro
True,12,0.5,24,5,1.0,60,60,2026-08-swing-fling/jj-proam-new-nov-follower/final,final,eepro
True,39,1.0,39,5,1.0,195,195,2026-08-swing-fling/jj-proam-new-nov-follower/prelim,prelim,eepro
True,36,1.0,36,5,1.0,180,180,2026-08-swing-fling/jj-proam-new-nov-leader/prelim,prelim,eepro
True,10,0.5,20,7,1.0,70,70,2026-08-swing-fling/masters-jj/final,final,eepro
True,38,1.0,38,8,0.5,304,152,2026-08-swing-fling/masters-jj/prelim,prelim,eepro
True,9,0.5,18,7,1.0,63,63,2026-08-swing-fling/newcomer-jj/final,final,eepro
True,56,1.0,56,10,0.5,560,280,2026-08-swing-fling/newcomer-jj/prelim,prelim,eepro
True,11,0.5,22,5,1.0,55,55,2026-08-swing-fling/novice-jj-proam-new-leader/final,final,eepro
True,12,0.5,24,7,1.0,84,84,2026-08-swing-fling/novice-jj/final,final,eepro
True,156,1.0,156,10,0.5,1560,780,2026-08-swing-fling/novice-jj/prelim,prelim,eepro
True,74,1.0,74,10,0.5,740,370,2026-08-swing-fling/novice-jj/semifinal,semifinal,eepro
True,3,1.0,3,5,1.0,15,15,2026-08-swing-fling/pro-am-spotlight-int-adv/final,final,eepro
True,6,1.0,6,5,1.0,30,30,2026-08-swing-fling/pro-am-spotlight-new-nov/final,final,eepro
True,3,1.0,3,5,1.0,15,15,2026-08-swing-fling/rising-star/final,final,eepro
True,10,0.5,20,7,1.0,70,70,2026-08-swing-fling/sophisticated-jj/final,final,eepro
True,55,1.0,55,10,0.5,550,275,2026-08-swing-fling/sophisticated-jj/prelim,prelim,eepro
True,8,1.0,8,5,1.0,40,40,2026-08-swing-fling/strictly-generational/final,final,eepro
True,20,1.0,20,5,1.0,100,100,2026-08-swing-fling/strictly-generational/prelim,prelim,eepro
True,10,1.0,10,5,1.0,50,50,2026-08-swing-fling/strictly-new-nov/final,final,eepro
True,26,1.0,26,5,1.0,130,130,2026-08-swing-fling/strictly-new-nov/prelim,prelim,eepro
True,12,0.5,24,9,1.0,108,108,2026-08-swingtacular/advanced-jj/final,final,eepro
True,116,1.0,116,10,0.5,1160,580,2026-08-swingtacular/advanced-jj/prelim,prelim,eepro
True,59,1.0,59,10,0.5,590,295,2026-08-swingtacular/advanced-jj/semifinal,semifinal,eepro
True,12,0.5,24,9,1.0,108,108,2026-08-swingtacular/allstar-jj/final,final,eepro
True,86,1.0,86,10,0.5,860,430,2026-08-swingtacular/allstar-jj/prelim,prelim,eepro
True,48,1.0,48,10,0.5,480,240,2026-08-swingtacular/allstar-jj/semifinal,semifinal,eepro
True,15,0.5,30,9,1.0,135,135,2026-08-swingtacular/intermediate-jj/final,final,eepro
True,174,1.0,174,10,0.5,1740,870,2026-08-swingtacular/intermediate-jj/prelim,prelim,eepro
True,98,1.0,98,10,0.5,980,490,2026-08-swingtacular/intermediate-jj/semifinal,semifinal,eepro
True,5,0.5,10,9,1.0,45,45,2026-08-swingtacular/masters-jj/final,final,eepro
True,27,1.0,27,9,0.497942,243,121,2026-08-swingtacular/masters-jj/prelim,prelim,eepro
True,15,0.5,30,9,1.0,135,135,2026-08-swingtacular/novice-jj/final,final,eepro
True,302,1.0,302,9,0.505887,2718,1375,2026-08-swingtacular/novice-jj/prelim,prelim,eepro
True,156,1.0,156,10,0.5,1560,780,2026-08-swingtacular/novice-jj/quarterfinal,quarterfinal,eepro
True,58,1.0,58,10,0.5,580,290,2026-08-swingtacular/novice-jj/semifinal,semifinal,eepro
True,10,1.0,10,7,1.0,70,70,2026-08-swingtacular/open-strictly-three-for-all/final,final,eepro
True,23,1.0,23,7,1.0,161,161,2026-08-swingtacular/open-strictly-three-for-all/prelim,prelim,eepro
True,7,1.0,7,7,1.0,49,49,2026-08-swingtacular/pro-am/final,final,eepro
True,6,1.0,6,7,0.833333,42,35,2026-08-swingtacular/rising-star/final,final,eepro
