tests/backup/test_archive_upload.py::test_upload_bootstraps_only_recognized_initial_archive
tests/backup/test_archive_upload.py::test_upload_rejects_unrelated_head_without_manifest
tests/backup/test_checkpoint.py::test_checkpoint_uses_sqlite_backup_and_restores_pending
tests/backup/test_checkpoint.py::test_checkpoint_excludes_service_home_tool_caches
tests/backup/test_checkpoint.py::test_nested_checkpoint_manifest_is_retained_verified_and_restored
tests/backup/test_checkpoint.py::test_changed_checkpoint_file_is_rejected
tests/backup/test_checkpoint.py::test_missing_referenced_extract_blocks_checkpoint
tests/backup/test_checkpoint.py::test_restore_public_verification_keeps_activation_explicit
tests/backup/test_checkpoint.py::test_remote_ahead_keeps_restore_disabled
tests/backup/test_checkpoint.py::test_restore_ignores_historical_published_intent_from_old_checkpoint
tests/backup/test_checkpoint.py::test_restore_recovers_landed_pending_candidate_without_publish
tests/backup/test_checkpoint.py::test_restore_from_checkpoint_holds_protocol_through_activation
tests/backup/test_checkpoint.py::test_restore_lock_timeout_makes_no_staging_state
tests/backup/test_checkpoint.py::test_restore_refuses_valid_unmarked_state_and_resumes_marked_staging
tests/backup/test_checkpoint.py::test_checkpoint_retains_generation_extract_not_on_snapshot_and_restores_it[False]
tests/backup/test_checkpoint.py::test_checkpoint_retains_generation_extract_not_on_snapshot_and_restores_it[True]
tests/backup/test_checkpoint.py::test_missing_generation_only_extract_blocks_checkpoint_instead_of_losing_evidence
tests/backup/test_checkpoint.py::test_new_closure_validation_rejects_backup_that_omitted_generation_extract
tests/backup/test_huggingface.py::test_download_rejects_manifest_path_traversal_before_artifact_write
tests/backup/test_huggingface.py::test_missing_manifest_translates_actual_remote_entry_error
tests/backup/test_huggingface.py::test_packed_checkpoint_round_trip_uses_three_remote_files
tests/backup/test_huggingface.py::test_packed_checkpoint_is_deterministic
tests/backup/test_huggingface.py::test_packed_transport_reconstructs_a_verifiable_checkpoint
tests/backup/test_huggingface.py::test_packed_download_rejects_unsafe_duplicate_and_unexpected_members[members0-unsafe checkpoint path]
tests/backup/test_huggingface.py::test_packed_download_rejects_unsafe_duplicate_and_unexpected_members[members1-duplicate members]
tests/backup/test_huggingface.py::test_packed_download_rejects_unsafe_duplicate_and_unexpected_members[members2-members differ from manifest]
tests/backup/test_huggingface.py::test_packed_download_rejects_symlink_member
tests/backup/test_huggingface.py::test_initial_head_requires_exact_private_card
tests/build/test_builder.py::test_bounded_baseline_diff_matches_original_eager_changelog
tests/build/test_builder.py::test_empty_build_is_complete_and_byte_reusable
tests/build/test_builder.py::test_bootstrap_candidate_with_new_remote_parent_is_not_reused
tests/build/test_builder.py::test_fresh_build_metadata_does_not_create_semantic_change
tests/build/test_builder.py::test_registry_date_key_builds_and_rebuilds_changelog
tests/build/test_builder.py::test_broken_entry_reference_fails_without_complete_candidate
tests/build/test_builder.py::test_stale_judge_join_is_rejected_without_matching_confirmed_assertion[probable-1]
tests/build/test_builder.py::test_stale_judge_join_is_rejected_without_matching_confirmed_assertion[confirmed-2]
tests/build/test_builder.py::test_stale_judge_join_is_rejected_without_matching_confirmed_assertion[None-None]
tests/build/test_builder.py::test_placement_cannot_restore_revoked_or_changed_entry_identity[None-leader]
tests/build/test_builder.py::test_placement_cannot_restore_revoked_or_changed_entry_identity[None-follower]
tests/build/test_builder.py::test_placement_cannot_restore_revoked_or_changed_entry_identity[2-leader]
tests/build/test_builder.py::test_placement_cannot_restore_revoked_or_changed_entry_identity[2-follower]
tests/build/test_builder.py::test_confirmed_judge_and_matching_placement_dependencies_can_build
tests/build/test_builder.py::test_reversed_event_dates_block_build
tests/build/test_builder.py::test_event_ending_before_history_start_blocks_build
tests/build/test_builder.py::test_undated_event_before_history_start_blocks_build_by_year
tests/build/test_builder.py::test_event_on_history_start_builds_and_manifest_records_it
tests/build/test_builder.py::test_callback_aggregate_must_match_retained_marks[score_sum-10.0]
tests/build/test_builder.py::test_callback_aggregate_must_match_retained_marks[yes_count-0]
tests/build/test_builder.py::test_callback_aggregate_must_match_retained_marks[alt_count-0]
tests/build/test_builder.py::test_callback_aggregate_must_match_retained_marks[no_count-0]
tests/build/test_builder.py::test_callback_validation_allows_float_tolerance_and_withheld_summary
tests/build/test_builder.py::test_callback_mark_with_missing_judge_blocks_build
tests/build/test_builder.py::test_bib_identity_is_scoped_to_a_contest
tests/build/test_builder.py::test_suppression_scrubs_identity_and_removes_candidates
tests/build/test_builder.py::test_stale_dry_run_candidate_rebuilds_against_new_baseline_history
tests/build/test_builder.py::test_changelog_stream_merge_preserves_sorted_history_and_nullable_keys
tests/build/test_closure_event_alternatives.py::test_reconstruction_keeps_supported_event_and_judges_in_either_overlay_order[calendar]
tests/build/test_closure_event_alternatives.py::test_reconstruction_keeps_supported_event_and_judges_in_either_overlay_order[map]
tests/build/test_closure_event_alternatives.py::test_valid_alternative_event_never_masks_revocation_or_unsupported_result[events-source_revoked]
tests/build/test_closure_event_alternatives.py::test_valid_alternative_event_never_masks_revocation_or_unsupported_result[judges-legacy_owned_values_not_published]
tests/build/test_closure_event_alternatives.py::test_valid_alternative_event_never_masks_revocation_or_unsupported_result[judges-source_revoked]
tests/build/test_closure_event_alternatives.py::test_valid_alternative_event_never_masks_revocation_or_unsupported_result[final_marks-legacy_owned_values_not_published]
tests/build/test_closure_event_alternatives.py::test_valid_alternative_event_never_masks_revocation_or_unsupported_result[final_marks-source_revoked]
tests/build/test_closure_event_alternatives.py::test_partial_history_patch_cannot_replace_a_rejected_structural_event
tests/build/test_closure_graph_cost.py::test_wide_closure_enumerates_set_inventory_once_and_loads_each_receipt_once
tests/build/test_closure_graph_cost.py::test_continuity_does_not_mark_untraversed_dependency_members_visited
tests/build/test_closure_graph_cost.py::test_every_selected_receipt_field_is_still_compared[output_digest-forged]
tests/build/test_closure_graph_cost.py::test_every_selected_receipt_field_is_still_compared[unit_id-other]
tests/build/test_closure_graph_cost.py::test_every_selected_receipt_field_is_still_compared[recipe-value2]
tests/build/test_closure_support_queries.py::test_one_query_preserves_original_admission_predicate[None]
tests/build/test_closure_support_queries.py::test_one_query_preserves_original_admission_predicate[DELETE FROM source_generations]
tests/build/test_closure_support_queries.py::test_one_query_preserves_original_admission_predicate[UPDATE source_generations SET state='revoked']
tests/build/test_closure_support_queries.py::test_one_query_preserves_original_admission_predicate[UPDATE source_generations SET state='superseded']
tests/build/test_closure_support_queries.py::test_one_query_preserves_original_admission_predicate[DELETE FROM admission_decisions]
tests/build/test_closure_support_queries.py::test_one_query_preserves_original_admission_predicate[INSERT INTO admission_decisions VALUES ('generation','superseded')]
tests/build/test_closure_support_queries.py::test_one_query_preserves_original_admission_predicate[DELETE FROM admission_policies]
tests/build/test_closure_support_queries.py::test_one_query_preserves_original_admission_predicate[UPDATE admission_policies SET contract_version='other']
tests/build/test_closure_support_queries.py::test_one_query_preserves_original_admission_predicate[UPDATE source_generations SET report_json='{"failures":["missing_cell"]}']
tests/build/test_closure_support_queries.py::test_receipt_validation_cannot_read_result_payload_and_rechecks_later_mutation
tests/build/test_closure_support_queries.py::test_support_decodes_recipe_once_and_keeps_exact_witnesses
tests/build/test_closure_validation_scope.py::test_three_boundaries_reconstruct_once_without_caching_across_operations
tests/build/test_closure_validation_scope.py::test_mutable_evidence_rejects_after_initial_success[revocation-2]
tests/build/test_closure_validation_scope.py::test_mutable_evidence_rejects_after_initial_success[revocation-3]
tests/build/test_closure_validation_scope.py::test_mutable_evidence_rejects_after_initial_success[policy-2]
tests/build/test_closure_validation_scope.py::test_mutable_evidence_rejects_after_initial_success[policy-3]
tests/build/test_closure_validation_scope.py::test_mutable_evidence_rejects_after_initial_success[snapshot-2]
tests/build/test_closure_validation_scope.py::test_mutable_evidence_rejects_after_initial_success[snapshot-3]
tests/build/test_closure_validation_scope.py::test_mutable_evidence_rejects_after_initial_success[admission-2]
tests/build/test_closure_validation_scope.py::test_mutable_evidence_rejects_after_initial_success[admission-3]
tests/build/test_closure_validation_scope.py::test_late_acceptance_of_selected_but_unaccepted_source_changes_witness
tests/build/test_closure_validation_scope.py::test_savepoint_rollback_cannot_reuse_a_proof_for_different_later_mutation
tests/build/test_closure_validation_scope.py::test_same_manifest_on_another_connection_requires_its_own_evidence
tests/build/test_closure_validation_scope.py::test_manifest_mutation_is_not_hidden_by_same_declared_digest
tests/build/test_closure_validation_scope.py::test_rehashed_manifest_must_match_actual_selected_generation
tests/build/test_closure_validation_scope.py::test_dependency_blob_mutation_bypassing_sql_triggers_is_detected
tests/build/test_closure_validation_scope.py::test_selected_generation_blob_change_is_not_treated_as_immutable
tests/build/test_closure_validation_scope.py::test_source_result_blob_change_forces_actual_witness_reconstruction
tests/build/test_closure_validation_scope.py::test_actual_completion_rejects_late_mutation_and_rolls_back_proof_and_output[snapshot-2]
tests/build/test_closure_validation_scope.py::test_actual_completion_rejects_late_mutation_and_rolls_back_proof_and_output[snapshot-3]
tests/build/test_closure_validation_scope.py::test_actual_completion_rejects_late_mutation_and_rolls_back_proof_and_output[admission-2]
tests/build/test_closure_validation_scope.py::test_actual_completion_rejects_late_mutation_and_rolls_back_proof_and_output[admission-3]
tests/build/test_closure_validation_scope.py::test_reuse_does_not_retain_reconstructed_graph_or_decoded_source_documents
tests/build/test_completion_validation.py::test_completion_validates_before_output_after_rows_and_before_certificate
tests/build/test_completion_validation.py::test_changed_retained_support_rejects_before_output_and_rolls_back_retention[revocation]
tests/build/test_completion_validation.py::test_changed_retained_support_rejects_before_output_and_rolls_back_retention[policy]
tests/build/test_completion_validation.py::test_changed_retained_support_rejects_before_output_and_rolls_back_retention[snapshot]
tests/build/test_event_preservation_release.py::test_inventory_collision_keeps_baseline_supported_event_and_named_judges
tests/build/test_generations.py::test_interrupted_completion_retains_files_without_false_materialization
tests/build/test_generations.py::test_new_inputs_reject_completed_old_build_files
tests/build/test_generations.py::test_missing_candidate_body_is_not_current_even_with_intact_manifest
tests/build/test_identity_policy.py::test_every_confirmed_route_obeys_current_rejection_and_preserves_scores[source_id]
tests/build/test_identity_policy.py::test_every_confirmed_route_obeys_current_rejection_and_preserves_scores[manual]
tests/build/test_identity_policy.py::test_every_confirmed_route_obeys_current_rejection_and_preserves_scores[registry_placement]
tests/build/test_identity_policy.py::test_identity_policy_shares_scores_and_preserves_nested_input[False]
tests/build/test_identity_policy.py::test_identity_policy_shares_scores_and_preserves_nested_input[True]
tests/build/test_identity_policy.py::test_missing_source_reference_withholds_baseline_id_without_guessing
tests/build/test_identity_policy.py::test_old_baseline_reference_obeys_supersession_at_migrated_reference
tests/build/test_identity_policy.py::test_same_snapshot_source_id_disagreement_cannot_keep_old_assertion
tests/build/test_identity_policy.py::test_rejected_probable_candidate_keeps_evidence_but_is_no_longer_chosen
tests/build/test_identity_policy.py::test_correction_cannot_promote_current_registry_evidence_absent_from_baseline
tests/build/test_identity_policy.py::test_bootstrap_does_not_bypass_unaccepted_accuracy_expansion_gate
tests/build/test_identity_policy.py::test_no_identity_or_points_cannot_retain_expected_points_flag
tests/build/test_identity_policy.py::test_confirmed_assertion_requires_a_current_supported_acceptance_path[manual]
tests/build/test_identity_policy.py::test_confirmed_assertion_requires_a_current_supported_acceptance_path[name_unique]
tests/build/test_identity_policy.py::test_confirmed_assertion_requires_a_current_supported_acceptance_path[assignment]
tests/build/test_identity_policy.py::test_confirmed_assertion_requires_a_current_supported_acceptance_path[bib_reuse]
tests/build/test_identity_policy.py::test_confirmed_assertion_requires_a_current_supported_acceptance_path[none]
tests/build/test_identity_policy.py::test_superseded_manual_support_cannot_survive_as_an_unrestricted_pair
tests/build/test_identity_policy.py::test_active_reviewed_positive_remains_valid_manual_support
tests/build/test_identity_restriction.py::test_restriction_preserves_evidence_and_retained_joins_clears_dependents
tests/build/test_identity_restriction.py::test_no_new_placement_join_is_created_from_retained_entry
tests/build/test_identity_restriction.py::test_missing_published_baseline_receipt_is_rejected
tests/build/test_input.py::test_real_migrated_database_reads_every_public_table
tests/build/test_input.py::test_real_pending_queue_blocks_consistent_build_read
tests/build/test_support_closure.py::test_revoked_scoring_support_omits_entire_event_and_preserves_registry_mirror[events]
tests/build/test_support_closure.py::test_revoked_scoring_support_omits_entire_event_and_preserves_registry_mirror[contests]
tests/build/test_support_closure.py::test_revoked_scoring_support_omits_entire_event_and_preserves_registry_mirror[rounds]
tests/build/test_support_closure.py::test_revoked_scoring_support_omits_entire_event_and_preserves_registry_mirror[entries]
tests/build/test_support_closure.py::test_revoked_scoring_support_omits_entire_event_and_preserves_registry_mirror[judges]
tests/build/test_support_closure.py::test_revoked_scoring_support_omits_entire_event_and_preserves_registry_mirror[placements]
tests/build/test_support_closure.py::test_revoked_scoring_support_omits_entire_event_and_preserves_registry_mirror[final_marks]
tests/build/test_support_closure.py::test_revoked_scoring_support_omits_entire_event_and_preserves_registry_mirror[callback_marks]
tests/build/test_support_closure.py::test_revoked_scoring_support_omits_entire_event_and_preserves_registry_mirror[callbacks]
tests/build/test_support_closure.py::test_revoked_scoring_support_omits_entire_event_and_preserves_registry_mirror[heats]
tests/build/test_support_closure.py::test_dancer_revocation_withdraws_ids_points_and_merge_claims_but_keeps_marks
tests/build/test_support_closure.py::test_registry_fact_revocation_does_not_destroy_independent_dancer_or_structure
tests/build/test_support_closure.py::test_no_revocation_preserves_baseline_and_never_reads_new_public_generations
tests/build/test_support_closure.py::test_closure_shares_unchanged_marks_without_mutating_nested_input[revoked0]
tests/build/test_support_closure.py::test_closure_shares_unchanged_marks_without_mutating_nested_input[revoked1]
tests/build/test_support_closure.py::test_closure_shares_unchanged_marks_without_mutating_nested_input[revoked2]
tests/build/test_suppression.py::test_suppression_preserves_structural_marks_and_scrubs_dependent_identity
tests/build/test_suppression.py::test_multiple_suppressed_dancers_are_omitted_instead_of_duplicate_null_keys
tests/build/test_suppression.py::test_bib_key_is_preserved_and_name_only_suppression_covers_unlinked_judge
tests/build/test_suppression.py::test_history_prescan_hides_earlier_name_and_later_id_for_removed_subject
tests/build/test_suppression.py::test_current_suppression_also_filters_generated_deltas_and_nested_evidence
tests/build/test_suppression.py::test_no_suppression_is_a_transparent_stream
tests/build/test_suppression.py::test_history_discovery_reaches_fixed_point_before_any_alias_is_emitted
tests/publish/test_card.py::test_card_lists_every_table_and_one_default
tests/publish/test_card.py::test_card_reports_actual_calendar_only_coverage_and_gaps
tests/publish/test_card.py::test_card_defaults_to_placements_once_results_exist
tests/publish/test_card.py::test_published_card_counts_match_artifacts_and_repeat_is_unchanged
tests/publish/test_card.py::test_card_discloses_phase1_public_finding_counts_without_private_evidence
tests/publish/test_card.py::test_correction_card_uses_only_its_baseline_public_findings
tests/publish/test_card.py::test_card_discloses_gated_sheet_count_without_private_evidence
tests/publish/test_huggingface_publish.py::test_initial_head_accepts_empty_generated_metadata[files0]
tests/publish/test_huggingface_publish.py::test_initial_head_accepts_empty_generated_metadata[files1]
tests/publish/test_huggingface_publish.py::test_initial_head_accepts_generated_license_card
tests/publish/test_huggingface_publish.py::test_initial_head_rejects_non_generated_card[---\nlicense: mit\n---\n]
tests/publish/test_huggingface_publish.py::test_initial_head_rejects_non_generated_card[---\nlicense: odc-by\n---\n\n# Existing dataset\n]
tests/publish/test_huggingface_publish.py::test_initial_head_rejects_non_generated_card[---\r\nlicense: odc-by\r\n---\r\n]
tests/publish/test_huggingface_publish.py::test_initial_head_rejects_every_other_file[LICENSE]
tests/publish/test_huggingface_publish.py::test_initial_head_rejects_every_other_file[data/placements/data.parquet]
tests/publish/test_huggingface_publish.py::test_initial_head_rejects_every_other_file[_meta/manifest.json]
tests/publish/test_huggingface_publish.py::test_inspect_translates_actual_remote_entry_error
tests/publish/test_publication_controls.py::test_automatic_commit_held_without_rejecting_valid_candidate[selector0]
tests/publish/test_publication_controls.py::test_automatic_commit_held_without_rejecting_valid_candidate[selector1]
tests/publish/test_publication_controls.py::test_automatic_commit_held_without_rejecting_valid_candidate[selector2]
tests/publish/test_publication_controls.py::test_host_pause_allows_postfetch_publication
tests/publish/test_publication_controls.py::test_hold_does_not_hide_invalid_candidate_or_current_inputs[file]
tests/publish/test_publication_controls.py::test_hold_does_not_hide_invalid_candidate_or_current_inputs[suppression]
tests/publish/test_publication_controls.py::test_hold_does_not_hide_invalid_candidate_or_current_inputs[journal]
tests/publish/test_publication_controls.py::test_hold_does_not_hide_invalid_candidate_or_current_inputs[input]
tests/publish/test_publication_controls.py::test_pause_persists_in_flight_while_semantic_writes_are_fenced
tests/publish/test_publication_controls.py::test_uncertain_landed_request_recovers_despite_pause_and_new_journal
tests/publish/test_publication_controls.py::test_uncertain_unlanded_request_settles_but_pause_holds_retry
tests/publish/test_publication_controls.py::test_unrecovered_active_request_is_not_cleared_by_old_head
tests/publish/test_publication_controls.py::test_restart_recovery_keeps_publication_uncertain_until_reconciled
tests/publish/test_publication_controls.py::test_process_death_retains_active_pause_drain_until_recovery
tests/publish/test_recovery.py::test_lost_response_is_reconciled_without_duplicate_commit
tests/publish/test_recovery.py::test_third_party_head_stops_pending_publish
tests/publish/test_recovery.py::test_dry_run_never_creates_intent_or_commit
tests/publish/test_recovery.py::test_saved_receipt_promotes_without_network
tests/publish/test_recovery.py::test_failure_after_receipt_recovers_without_second_commit
tests/publish/test_recovery.py::test_request_that_never_lands_retries_same_candidate
tests/publish/test_recovery.py::test_bootstrap_accepts_repository_without_manifest_and_rejects_dataset
tests/publish/test_recovery.py::test_two_successful_publications_do_not_leave_historical_intent
tests/publish/test_safety.py::test_changed_candidate_inputs_never_reach_remote_commit[journal]
tests/publish/test_safety.py::test_changed_candidate_inputs_never_reach_remote_commit[suppression]
tests/publish/test_safety.py::test_changed_candidate_inputs_never_reach_remote_commit[invalid_input]
tests/publish/test_safety.py::test_changed_candidate_inputs_never_reach_remote_commit[policy]
tests/publish/test_safety.py::test_changed_candidate_inputs_never_reach_remote_commit[extra_file]
tests/publish/test_safety.py::test_changed_candidate_inputs_never_reach_remote_commit[changed_file]
tests/publish/test_safety.py::test_publication_reserves_journal_acceptance_until_commit_returns
tests/publish/test_safety.py::test_lost_response_recovers_landed_commit_after_new_decision
tests/publish/test_safety.py::test_unlanded_old_intent_is_rejected_then_new_build_can_publish
tests/publish/test_safety.py::test_restore_hold_keeps_unlanded_intent_retryable
tests/publish/test_safety.py::test_pending_retry_rechecks_local_baseline
tests/test_admission.py::test_shadow_retains_report_and_never_selects_output
tests/test_admission.py::test_critical_guard_blocks_complete_looking_replacement[missing_page]
tests/test_admission.py::test_critical_guard_blocks_complete_looking_replacement[repeated_page]
tests/test_admission.py::test_critical_guard_blocks_complete_looking_replacement[listing_changed]
tests/test_admission.py::test_critical_guard_blocks_complete_looking_replacement[critical_unknown]
tests/test_admission.py::test_critical_guard_blocks_complete_looking_replacement[missing_date]
tests/test_admission.py::test_critical_guard_blocks_complete_looking_replacement[manual_sentinel]
tests/test_admission.py::test_admission_crash_rolls_back_pointer_observations_and_work
tests/test_admission.py::test_changed_desired_input_cannot_clear_new_work[input]
tests/test_admission.py::test_changed_desired_input_cannot_clear_new_work[work]
tests/test_admission.py::test_changed_desired_input_cannot_clear_new_work[snapshot]
tests/test_admission.py::test_authoritative_round_removal_is_scoped_to_its_watch
tests/test_admission.py::test_real_registry_contract_and_miss_preserve_profile_and_placement_history
tests/test_admission.py::test_pipeline_enforcement_uses_staged_guards
tests/test_admission.py::test_phase_one_archive_staging_has_independent_snapshot_scopes
tests/test_admission.py::test_artifact_loss_and_immutable_staging_preserve_prior_selection
tests/test_admission.py::test_v1_bootstrap_is_unassessed_without_granted_authority
tests/test_admission.py::test_read_only_corpus_requires_real_external_review_and_detects_tampering
tests/test_admission.py::test_explicit_revocation_restores_predecessor_and_cannot_reaccept_same_inputs
tests/test_admission.py::test_retained_column_accounting_is_explicit_without_guessing_numeric_prelim_scores[scoringdance-final-True]
tests/test_admission.py::test_retained_column_accounting_is_explicit_without_guessing_numeric_prelim_scores[scoringdance-prelim-True]
tests/test_admission.py::test_retained_column_accounting_is_explicit_without_guessing_numeric_prelim_scores[eepro-callback-True]
tests/test_admission.py::test_retained_column_accounting_is_explicit_without_guessing_numeric_prelim_scores[eepro-numeric-True]
tests/test_admission.py::test_retained_column_accounting_is_explicit_without_guessing_numeric_prelim_scores[wdr-numeric-True]
tests/test_admission.py::test_wdr_unknown_critical_values_block_admission[method]
tests/test_admission.py::test_wdr_unknown_critical_values_block_admission[cell_type]
tests/test_admission.py::test_wdr_unknown_critical_values_block_admission[callback]
tests/test_admission.py::test_wdr_unknown_critical_values_block_admission[judge_score]
tests/test_admission.py::test_baseline_support_distinguishes_selected_legacy_superseded_and_revoked
tests/test_admission.py::test_listing_independently_accounts_for_child_watch_loss_and_required_dates
tests/test_admission.py::test_new_lookup_does_not_relabel_retained_legacy_history_as_assessed
tests/test_admission.py::test_wdr_non_authoritative_replacement_cannot_drop_or_change_retained_rows
tests/test_admission.py::test_autoindex_raw_href_witness_detects_truncated_label_omissions
tests/test_admission.py::test_public_admission_reason_codes_never_include_dynamic_exception_details
tests/test_archive_admission_selection.py::test_newer_incomplete_capture_keeps_old_support_then_older_complete_fallback_promotes
tests/test_archive_admission_selection.py::test_capture_watch_change_after_staging_vetoes_completion[different_capture]
tests/test_archive_admission_selection.py::test_capture_watch_change_after_staging_vetoes_completion[same_final_alias]
tests/test_archive_admission_selection.py::test_capture_watch_change_after_staging_vetoes_completion[clear_archive]
tests/test_archive_admission_selection.py::test_capture_watch_change_after_staging_vetoes_completion[source_ref]
tests/test_archive_admission_selection.py::test_active_capture_matches_requested_or_final_url_and_retries_by_fetch_time
tests/test_archive_admission_selection.py::test_origin_candidate_ordering_stays_observation_time_then_identifier
tests/test_archive_admission_selection.py::test_phase_two_index_label_does_not_make_captures_independent
tests/test_archive_admission_selection.py::test_old_phase_two_independent_unit_cannot_bypass_active_capture_token
tests/test_archive_admission_selection.py::test_explicit_older_capture_replaces_already_admitted_newer_observations
tests/test_artifact_recovery.py::test_nested_manifest_does_not_disqualify_exact_artifact_recovery
tests/test_artifact_recovery.py::test_exact_artifact_restored_from_valid_private_checkpoint[missing-body]
tests/test_artifact_recovery.py::test_exact_artifact_restored_from_valid_private_checkpoint[missing-extract]
tests/test_artifact_recovery.py::test_exact_artifact_restored_from_valid_private_checkpoint[corrupt-body]
tests/test_artifact_recovery.py::test_exact_artifact_restored_from_valid_private_checkpoint[corrupt-extract]
tests/test_artifact_recovery.py::test_exact_artifact_restored_from_valid_private_checkpoint[wrong_content-body]
tests/test_artifact_recovery.py::test_exact_artifact_restored_from_valid_private_checkpoint[wrong_content-extract]
tests/test_artifact_recovery.py::test_no_matching_backup_retains_typed_historical_digest[body]
tests/test_artifact_recovery.py::test_no_matching_backup_retains_typed_historical_digest[extract]
tests/test_artifact_recovery.py::test_checkpoint_physical_and_logical_digests_are_both_required
tests/test_artifact_recovery.py::test_target_bytes_are_reverified_after_cached_qualification_even_with_same_mtime
tests/test_artifact_recovery.py::test_unrelated_corrupt_checkpoint_file_blocks_first_qualification_and_repair_is_not_cached
tests/test_artifact_recovery.py::test_checkpoint_declared_schema_cannot_hide_newer_database
tests/test_artifact_recovery.py::test_healthy_reads_never_enumerate_or_validate_backups
tests/test_artifact_recovery.py::test_default_archive_read_contract_is_unchanged
tests/test_artifact_recovery.py::test_corrupt_deflate_payload_recovers_exact_bytes
tests/test_artifact_recovery.py::test_manifest_omitting_required_backup_artifact_is_not_a_valid_backup
tests/test_artifact_recovery.py::test_recovery_refuses_to_write_into_an_immutable_checkpoint
tests/test_bootstrap_parse.py::test_recovered_files_and_accepted_generation_survive_without_new_round_controls
tests/test_bootstrap_parse.py::test_existing_paused_child_is_preserved_exactly
tests/test_bootstrap_parse.py::test_outer_transaction_rolls_back_selection_controls_and_findings[crash]
tests/test_bootstrap_parse.py::test_outer_transaction_rolls_back_selection_controls_and_findings[unexpected_index]
tests/test_bootstrap_parse.py::test_alternate_parent_does_not_reactivate_gone_paused_existing_child[False]
tests/test_bootstrap_parse.py::test_alternate_parent_does_not_reactivate_gone_paused_existing_child[True]
tests/test_callback_quality.py::test_archived_scoringdance_states_drive_outcomes_and_promoted_count
tests/test_callback_quality.py::test_repeated_partner_rows_keep_promoted_evidence_and_withhold_conflicting_marks
tests/test_callback_quality.py::test_scoringdance_unknown_layout_withholds_outcomes
tests/test_callback_quality.py::test_scoringdance_preserves_unranked_and_third_alternates
tests/test_callback_quality.py::test_eliminated_outcome_is_withheld_when_same_entry_danced_later_round
tests/test_callback_quality.py::test_callback_aggregate_uses_marks_from_all_tables
tests/test_changelog_spool.py::test_disk_comparison_matches_captured_eager_oracle_for_typed_nullable_keys
tests/test_changelog_spool.py::test_spool_preserves_discovery_order_and_stable_json_sort_then_replaces_pass
tests/test_changelog_spool.py::test_generated_spool_does_not_accumulate_payloads_in_python_memory
tests/test_changelog_spool.py::test_spool_exception_discards_private_intermediates
tests/test_changelog_spool.py::test_candidate_streams_large_generated_delta_and_card_count_without_eager_helper
tests/test_changelog_spool.py::test_candidate_delta_files_are_deterministic_and_failed_write_is_incomplete
tests/test_changelog_spool.py::test_non_utc_generated_timestamp_is_normalized_before_history_merge
tests/test_changelog_spool.py::test_insert_failure_closes_comparison_even_when_traceback_is_retained
tests/test_cli.py::test_pause_timeout_applies_no_change
tests/test_cli.py::test_pause_waits_and_commits_before_success
tests/test_cli.py::test_doctor_does_not_wait_for_writer
tests/test_cli.py::test_restore_pending_blocks_mutations_but_allows_diagnosis
tests/test_cli.py::test_restore_checkpoint_uses_remote_verification_and_activates
tests/test_cli.py::test_restore_archive_commit_downloads_selected_commit_without_network
tests/test_cli.py::test_registry_crosscheck_blob_replay_finishes_run_metadata
tests/test_cli.py::test_registry_crosscheck_archive_only_uses_dump_without_comparison
tests/test_cli.py::test_fetch_one_failure_classification_exits_nonzero_and_finishes_run[Blocked]
tests/test_cli.py::test_fetch_one_failure_classification_exits_nonzero_and_finishes_run[Invalid]
tests/test_cli.py::test_fetch_one_failure_classification_exits_nonzero_and_finishes_run[Throttled]
tests/test_cli.py::test_fetch_one_failure_classification_exits_nonzero_and_finishes_run[ServerError]
tests/test_config.py::test_history_start_is_enshrined_as_2010_01_01
tests/test_config.py::test_history_start_defaults_when_absent
tests/test_config.py::test_history_start_reads_toml_date_or_iso_string
tests/test_config.py::test_history_start_rejects_non_dates[history_start = "2010"\n]
tests/test_config.py::test_history_start_rejects_non_dates[history_start = 2010-01-01T00:00:00Z\n]
tests/test_config.py::test_history_start_rejects_non_dates[history_start = 2010\n]
tests/test_config.py::test_history_start_rejects_non_dates[history_start = true\n]
tests/test_config.py::test_in_history_uses_end_date_then_start_date_then_year
tests/test_contest_qualifiers.py::test_round_suffix_preserves_contest_qualifier[(WSDC)]
tests/test_contest_qualifiers.py::test_round_suffix_preserves_contest_qualifier[(CSDC)]
tests/test_contest_qualifiers.py::test_round_suffix_preserves_contest_qualifier[(Not WSDC)]
tests/test_contest_qualifiers.py::test_round_suffix_preserves_contest_qualifier[Retro]
tests/test_contest_qualifiers.py::test_round_suffix_preserves_contest_qualifier[Stage One (Vintage)]
tests/test_contest_qualifiers.py::test_country_qualifier_survives_prelim_instructions
tests/test_contest_qualifiers.py::test_compound_quarter_final_heading_keeps_the_whole_round_token
tests/test_contest_qualifiers.py::test_quarters_round_is_removed_from_contest_with_instructions
tests/test_contest_qualifiers.py::test_instruction_suffix_is_removed_without_explicit_round_name
tests/test_contest_qualifiers.py::test_wsdc_and_csdc_finals_both_survive_projection
tests/test_control_cli.py::test_pause_commits_while_cycle_owns_process_lock_without_accepting_inputs
tests/test_control_cli.py::test_invalid_control_request_never_changes_control_revision[arguments0]
tests/test_control_cli.py::test_invalid_control_request_never_changes_control_revision[arguments1]
tests/test_control_cli.py::test_invalid_control_request_never_changes_control_revision[arguments2]
tests/test_control_cli.py::test_invalid_control_request_never_changes_control_revision[arguments3]
tests/test_control_cli.py::test_invalid_control_request_never_changes_control_revision[arguments4]
tests/test_control_cli.py::test_invalid_control_request_never_changes_control_revision[arguments5]
tests/test_control_cli.py::test_invalid_control_request_never_changes_control_revision[arguments6]
tests/test_control_cli.py::test_invalid_control_request_never_changes_control_revision[arguments7]
tests/test_control_cli.py::test_invalid_control_request_never_changes_control_revision[arguments8]
tests/test_control_cli.py::test_invalid_control_request_never_changes_control_revision[arguments9]
tests/test_control_cli.py::test_wait_timeout_reports_persisted_pause_and_remaining_admission
tests/test_control_cli.py::test_kind_pause_waits_without_running_work_then_selective_resume_keeps_all
tests/test_control_cli.py::test_control_path_never_migrates_old_database
tests/test_control_cli.py::test_report_pauses_follow_action_dependencies_and_expiry
tests/test_control_cli.py::test_doctor_and_summary_share_effective_control_snapshot
tests/test_control_scopes.py::test_mapped_source_event_cannot_rebuild_another_paused_source
tests/test_control_scopes.py::test_unmapped_source_event_inherits_global_map_fallback[False]
tests/test_control_scopes.py::test_unmapped_source_event_inherits_global_map_fallback[True]
tests/test_control_scopes.py::test_map_contains_inline_event_and_registry_repair_kinds_but_history_does_not_reparse_rounds
tests/test_control_scopes.py::test_inline_registry_association_obeys_its_kind_and_calendar_source_pause[calendar-live-calendar]
tests/test_control_scopes.py::test_inline_registry_association_obeys_its_kind_and_calendar_source_pause[dancer-42]
tests/test_control_scopes.py::test_link_propagates_all_event_sources_and_registry_dependency
tests/test_control_scopes.py::test_requirement_and_execution_use_identical_shared_scope
tests/test_control_scopes.py::test_shared_artifact_requirement_propagates_every_origin
tests/test_control_scopes.py::test_unknown_origin_fails_closed_and_host_pause_is_request_only
tests/test_control_scopes.py::test_finding_dependency_lookup_uses_bounded_indexes
tests/test_control_scopes.py::test_doctor_distinguishes_intentional_pause_unpaused_stall_and_stuck_drain
tests/test_control_time.py::test_overlapping_scopes_union_once_after_selective_resume_and_expiry
tests/test_control_time.py::test_resume_alert_excludes_pause_but_retains_requirement_and_queue_wall_ages
tests/test_control_time.py::test_legacy_unknown_start_is_unavailable_until_measurement_begins_after_import
tests/test_control_time.py::test_timezone_missing_or_invalid_measurement_start_is_unknown[2026-09-13]
tests/test_control_time.py::test_timezone_missing_or_invalid_measurement_start_is_unknown[2026-09-13T00:00:00]
tests/test_control_time.py::test_timezone_missing_or_invalid_measurement_start_is_unknown[invalid]
tests/test_control_time.py::test_timezone_missing_or_invalid_measurement_start_is_unknown[None]
tests/test_control_time.py::test_invalid_event_timing_only_makes_matching_scope_unavailable[occurred_at-2026-09-13]
tests/test_control_time.py::test_invalid_event_timing_only_makes_matching_scope_unavailable[occurred_at-invalid]
tests/test_control_time.py::test_invalid_event_timing_only_makes_matching_scope_unavailable[until_at-2026-09-13T00:00:00]
tests/test_control_time.py::test_legacy_current_pause_with_naive_creation_time_does_not_crash
tests/test_controls.py::test_controls_commit_while_data_writer_lock_is_held_and_restart_retains_pause
tests/test_controls.py::test_overlapping_scopes_expiry_and_resume_preserve_automatic_host_block
tests/test_controls.py::test_pausing_drain_and_uncertain_publication_require_receipt_settlement
tests/test_controls.py::test_waiting_pause_wins_before_next_admission_after_atomic_unit
tests/test_controls.py::test_control_timeout_never_claims_persistence
tests/test_controls.py::test_admission_rollback_and_lock_order_guard
tests/test_controls.py::test_shared_work_waits_whole_but_host_pause_allows_offline_work
tests/test_controls.py::test_recovery_links_existing_work_attempt_and_keeps_publication_uncertain
tests/test_controls.py::test_pause_checkpoint_restore_preserves_controls_and_retry_evidence
tests/test_controls.py::test_unknown_selectors_do_not_change_control_history[source-unknown]
tests/test_controls.py::test_unknown_selectors_do_not_change_control_history[kind-parse]
tests/test_controls.py::test_unknown_selectors_do_not_change_control_history[host-unregistered.invalid]
tests/test_controls.py::test_unknown_selectors_do_not_change_control_history[all-wrong]
tests/test_controls.py::test_control_open_never_migrates_older_state
tests/test_controls.py::test_control_mutex_fences_lifecycle_replacement
tests/test_controls.py::test_legacy_pause_migration_retains_selector_reason_expiry_and_unknown_actor
tests/test_controls.py::test_paused_publication_still_validates_safety_before_admission
tests/test_controls.py::test_checkpoint_control_snapshot_stays_consistent_while_controls_continue
tests/test_controls.py::test_publication_fence_allows_control_and_receipt_writes_only
tests/test_controls.py::test_future_migration_recovers_stale_reservation_and_fences_new_tables
tests/test_controls.py::test_operation_keeps_control_live_across_body_commits_and_records_failure
tests/test_controls.py::test_source_wait_does_not_include_unrelated_kind_paused_action
tests/test_controls.py::test_resuming_all_still_reports_overlapping_operator_host_pause
tests/test_controls.py::test_write_deadline_persists_waiting_pause_before_control_bound
tests/test_correction_only.py::test_correction_only_revokes_journal_identity_while_unrelated_parse_remains_blocked
tests/test_correction_only.py::test_correction_retains_reviewed_baseline_identity_when_no_revocation_exists
tests/test_correction_only.py::test_correction_requires_an_acknowledged_baseline
tests/test_correction_only.py::test_correction_suppression_scrubs_streamed_history_and_keeps_structural_keys
tests/test_coverage_changelog_migration.py::test_old_year_coverage_does_not_collapse_to_one_missing_scope_key
tests/test_coverage_changelog_migration.py::test_scope_columns_extend_existing_year_rows_in_changelog
tests/test_crash_recovery.py::test_restart_before_and_after_every_cycle_transaction
tests/test_crash_recovery.py::test_sigterm_stops_at_boundary_and_next_cycle_finishes
tests/test_cycle.py::test_repository_identity_hashes_local_python_source
tests/test_cycle.py::test_repository_revision_invalidates_one_build_then_is_quiet
tests/test_cycle.py::test_calendar_cycle_then_fully_quiet_cycle
tests/test_cycle.py::test_operator_pause_does_not_prevent_input_acceptance
tests/test_cycle.py::test_zero_budget_accepts_inputs_but_starts_no_network_or_stage
tests/test_cycle.py::test_existing_downstream_work_does_not_starve_collection
tests/test_cycle.py::test_settled_build_receives_offline_time_before_acquisition_borrows
tests/test_cycle_controls.py::test_paused_backlog_does_not_starve_real_independent_fetch_and_projection[selector0]
tests/test_cycle_controls.py::test_paused_backlog_does_not_starve_real_independent_fetch_and_projection[selector1]
tests/test_cycle_controls.py::test_all_pause_blocks_build_and_derivation_but_preserves_bookkeeping
tests/test_cycle_controls.py::test_startup_recovers_abandoned_publication_before_start_run
tests/test_cycle_controls.py::test_held_early_correction_does_not_abort_independent_work
tests/test_cycle_controls.py::test_saved_crosscheck_is_held_by_its_shared_kind
tests/test_cycle_controls.py::test_historical_busy_check_ignores_only_paused_work_and_requests
tests/test_cycle_controls.py::test_cycle_reports_publication_held_reason_without_claiming_failure
tests/test_dancer_readiness.py::test_differential_retained_input_mutations[payload]
tests/test_dancer_readiness.py::test_differential_retained_input_mutations[delete]
tests/test_dancer_readiness.py::test_differential_retained_input_mutations[snapshot]
tests/test_dancer_readiness.py::test_differential_retained_input_mutations[selection]
tests/test_dancer_readiness.py::test_differential_retained_input_mutations[watch_source]
tests/test_dancer_readiness.py::test_differential_retained_input_mutations[raw_token]
tests/test_dancer_readiness.py::test_missing_or_forged_current_input_proof_never_hides_changed_facts[missing]
tests/test_dancer_readiness.py::test_missing_or_forged_current_input_proof_never_hides_changed_facts[forged]
tests/test_dancer_readiness.py::test_invalid_fast_hint_falls_back_to_full_current_proof
tests/test_dancer_readiness.py::test_bulk_result_does_not_survive_write_and_rollback
tests/test_dancer_readiness.py::test_unregistered_physical_dancer_remains_required_after_scope_deletion
tests/test_dancer_readiness.py::test_healthy_bulk_proofs_use_bounded_queries_and_no_fallback
tests/test_dancer_readiness.py::test_materialized_proof_encoding_is_byte_identical
tests/test_dancer_readiness.py::test_changed_accepted_recipe_invalidates_bulk_and_individual_proofs
tests/test_dancer_readiness.py::test_active_consistency_group_preserves_individual_readiness_path
tests/test_dancer_readiness.py::test_ready_reuses_caller_transaction_without_committing_or_rolling_it_back
tests/test_dancer_readiness.py::test_bulk_reads_one_snapshot_when_another_connection_changes_input
tests/test_derivation_certificates.py::test_source_mutation_cannot_hide_behind_proven_materialization_signature[update]
tests/test_derivation_certificates.py::test_source_mutation_cannot_hide_behind_proven_materialization_signature[delete]
tests/test_derivation_certificates.py::test_source_mutation_cannot_hide_behind_proven_materialization_signature[snapshot]
tests/test_derivation_certificates.py::test_source_mutation_cannot_hide_behind_proven_materialization_signature[selection]
tests/test_derivation_certificates.py::test_source_mutation_cannot_hide_behind_proven_materialization_signature[watch_source]
tests/test_derivation_certificates.py::test_false_mutable_cache_claim_has_no_immutable_completion_proof
tests/test_derivation_certificates.py::test_source_tokens_rollback_with_input_and_query_memo_does_not_keep_dirty_values
tests/test_derivation_certificates.py::test_continuity_is_retained_and_selection_mutation_is_rejected
tests/test_derivation_certificates.py::test_input_versions_cannot_be_rewound_or_renamed
tests/test_derivation_certificates.py::test_row_iteration_source_change_cannot_be_certified
tests/test_eepro_archive.py::test_retained_directory_preserves_every_file_despite_truncated_labels
tests/test_eepro_archive.py::test_directory_link_target_controls_file_type_and_full_name
tests/test_eepro_real.py::test_real_autoindex_reads_modified_and_size_columns
tests/test_eepro_real.py::test_index_reads_labeled_title_and_date_fields
tests/test_eepro_real.py::test_real_jack_and_jill_prelims_have_actual_headers_and_rank_counts
tests/test_eepro_real.py::test_real_jack_and_jill_finals_decode_entities_and_keep_pair_bibs
tests/test_eepro_real.py::test_real_couples_final_keeps_single_couple_bib_column
tests/test_eepro_real.py::test_real_routines_without_round_suffix_use_final_layout_headers
tests/test_entry_quality.py::test_semifinalists_heading_does_not_contaminate_contest_identity
tests/test_entry_quality.py::test_unique_named_final_rejoins_bib_prelim_and_rewrites_references
tests/test_entry_quality.py::test_homonyms_with_multiple_bibs_remain_unmerged
tests/test_entry_quality.py::test_rotating_partner_prelim_scores_only_named_role[Leader-A Leader and B Follower-A Leader and C Follower-A Leader]
tests/test_entry_quality.py::test_rotating_partner_prelim_scores_only_named_role[Follower-A Leader and B Follower-C Leader and B Follower-B Follower]
tests/test_entry_quality.py::test_scoringdance_final_bib_reconciliation[99-expected0]
tests/test_entry_quality.py::test_scoringdance_final_bib_reconciliation[11/22-expected1]
tests/test_event_quality.py::test_scoringdance_exact_unpublished_page_retains_event_metadata
tests/test_event_quality.py::test_scoringdance_unknown_linkless_layout_still_fails
tests/test_event_quality.py::test_eepro_exact_coming_soon_page_is_empty_but_unknown_layout_fails
tests/test_event_quality.py::test_eepro_coming_soon_snapshot_completes_as_legitimate_empty
tests/test_event_quality.py::test_city_of_angels_alias_uses_approximate_override_dates
tests/test_extract_recipe.py::test_changed_runtime_reextracts_with_unchanged_labels_and_identical_body
tests/test_fairness.py::test_soft_allocations_preserve_zero_budget_contract_and_reject_invalid_values
tests/test_fairness.py::test_invalid_scheduler_policy_is_rejected[[scheduling]\npending_parse_items=1.5]
tests/test_fairness.py::test_invalid_scheduler_policy_is_rejected[[scheduling]\npending_parse_items=true]
tests/test_fairness.py::test_invalid_scheduler_policy_is_rejected[[scheduling]\nacquisition_share=0.9]
tests/test_fairness.py::test_invalid_scheduler_policy_is_rejected[[scheduling]\nunrecognized=2]
tests/test_fairness.py::test_scheduler_bundle_change_is_accepted_without_reinterpreting_sources
tests/test_fairness.py::test_continuous_independent_demand_does_not_starve_other_unit_kinds_after_restart
tests/test_fairness.py::test_retry_latches_and_pause_filter_remain_authoritative_for_fair_offline_work
tests/test_fairness.py::test_pending_item_pressure_does_not_require_artifact_rows
tests/test_fairness.py::test_report_keeps_objectives_separate_and_supports_unmigrated_schema12
tests/test_fairness.py::test_daily_fair_share_counts_have_a_day_bounded_index
tests/test_fetch.py::test_archive_only_source_refuses_origin_before_robots[https://steprightsolutions.com/events]
tests/test_fetch.py::test_archive_only_source_refuses_origin_before_robots[https://example.test/events]
tests/test_fetch.py::test_classify_expected_403_is_watch_local
tests/test_fetch.py::test_retry_after_seconds_and_http_date
tests/test_fetch.py::test_gate_gap_budget_and_pause_doubling
tests/test_fetch.py::test_fetch_conditional_no_cookies_archive_and_fingerprint
tests/test_fetch.py::test_repeated_registry_probe_miss_verifies_without_replacing_claim_evidence[full]
tests/test_fetch.py::test_repeated_registry_probe_miss_verifies_without_replacing_claim_evidence[not_modified]
tests/test_fetch.py::test_registry_probe_304_without_valid_cached_body_creates_no_evidence[absent]
tests/test_fetch.py::test_registry_probe_304_without_valid_cached_body_creates_no_evidence[corrupt]
tests/test_fetch.py::test_registry_probe_304_without_valid_cached_body_creates_no_evidence[no_reference]
tests/test_fetch.py::test_robots_specific_group_wins
tests/test_fetch.py::test_archive_deduplicates_and_detects_corruption
tests/test_fetch.py::test_status_classification[304-NotModified]
tests/test_fetch.py::test_status_classification[404-Gone]
tests/test_fetch.py::test_status_classification[429-Throttled]
tests/test_fetch.py::test_status_classification[500-ServerError]
tests/test_fetch.py::test_status_classification[302-Redirect]
tests/test_fetch.py::test_expected_unavailable_does_not_pause_other_watch
tests/test_fetch.py::test_three_retries_use_gate_and_archive_success
tests/test_fetch.py::test_redirect_destinations_have_their_own_robots_and_gate
tests/test_fetch.py::test_stop_after_completed_5xx_records_terminal_response
tests/test_fetch.py::test_deferred_robots_request_is_not_cached_as_failure
tests/test_fetch.py::test_gzip_and_identity_bodies_archive_decoded_source_bytes[gzip]
tests/test_fetch.py::test_gzip_and_identity_bodies_archive_decoded_source_bytes[identity]
tests/test_fetch_controls.py::test_pause_in_http_callback_drains_until_snapshot_and_body_are_retained
tests/test_fetch_controls.py::test_matching_pause_prevents_robots_http_and_budget[all-all]
tests/test_fetch_controls.py::test_matching_pause_prevents_robots_http_and_budget[source-wsdc_calendar]
tests/test_fetch_controls.py::test_matching_pause_prevents_robots_http_and_budget[kind-source_event_mapping]
tests/test_fetch_controls.py::test_matching_pause_prevents_robots_http_and_budget[host-example.test]
tests/test_fetch_controls.py::test_pause_after_redirect_blocks_next_actual_host_request[example.test]
tests/test_fetch_controls.py::test_pause_after_redirect_blocks_next_actual_host_request[other.test]
tests/test_fetch_controls.py::test_host_pause_is_scoped_and_does_not_gate_retained_parse
tests/test_fetch_controls.py::test_unexpected_request_error_releases_admission_and_keeps_actual_debit[transport]
tests/test_fetch_controls.py::test_unexpected_request_error_releases_admission_and_keeps_actual_debit[classification]
tests/test_fetch_controls.py::test_request_admission_commit_failure_cleans_up_without_http[False]
tests/test_fetch_controls.py::test_request_admission_commit_failure_cleans_up_without_http[True]
tests/test_fetch_controls.py::test_transport_retry_does_not_recharge_previous_response_bytes
tests/test_h11_operational_preparation.py::test_h11_assembler_preserves_v4_memoryfix_and_excludes_unreviewed_work
tests/test_h11_operational_preparation.py::test_h11_assembler_rejects_unrelated_database_edit_before_output
tests/test_h11_operational_preparation.py::test_h11_hold_rejects_active_timer_and_missing_condition
tests/test_h11_operational_preparation.py::test_h11_human_receipt_detects_missing_json_fields
tests/test_h11_operational_preparation.py::test_h11_protected_table_digest_detects_changed_value_not_just_count
tests/test_h11_operational_preparation.py::test_h11_checkpoint_path_rejected_before_systemd_or_migration
tests/test_h11_operational_preparation.py::test_h11_driver_migrates_scans_and_restarts_without_consuming_work
tests/test_h11_operational_preparation.py::test_h11_preflight_verifies_backup_immutably_and_rejects_tampered_gate
tests/test_h11_operational_preparation.py::test_h11_protection_detects_semantic_policy_changes[UPDATE admission_policies SET mode='enforce'-admission_policies]
tests/test_h11_operational_preparation.py::test_h11_protection_detects_semantic_policy_changes[INSERT INTO admission_reviews VALUES ('review','eepro.round','1','{}','reviewer','now','retained')-admission_reviews]
tests/test_h11_operational_preparation.py::test_h11_protection_detects_semantic_policy_changes[UPDATE source_units SET accepted_generation_id='generation'-source_units]
tests/test_h11_operational_preparation.py::test_h11_protection_detects_semantic_policy_changes[UPDATE source_generations SET state='needs_review'-source_generation_selection]
tests/test_h11_operational_preparation.py::test_h11_protection_detects_semantic_policy_changes[INSERT INTO identity_journal_acceptances VALUES ('journal','bundle','now',0,1)-identity_journal_acceptances]
tests/test_h11_operational_preparation.py::test_h11_protection_detects_semantic_policy_changes[UPDATE identity_source_refs SET locator_json='{"changed":true}'-identity_source_refs]
tests/test_h11_operational_preparation.py::test_h11_protection_detects_semantic_policy_changes[INSERT INTO identity_reference_bindings VALUES ('binding','ref','entry','entry1','event','snapshot','semantic','now')-identity_reference_bindings]
tests/test_h11_operational_preparation.py::test_h11_protection_detects_semantic_policy_changes[INSERT INTO identity_reference_migrations VALUES ('migration','ref','[]','pending','evidence','reason','author','today',NULL,'now')-identity_reference_migrations]
tests/test_h11_operational_preparation.py::test_h11_protection_detects_semantic_policy_changes[INSERT INTO meta VALUES ('input_bundle_hash','changed-bundle')-accepted_input_and_journal_meta]
tests/test_h11_operational_preparation.py::test_h11_protection_detects_semantic_policy_changes[UPDATE meta SET value='changed-journal' WHERE key='identity_journal_digest'-identity_journal_token]
tests/test_h11_operational_preparation.py::test_h11_protection_detects_semantic_policy_changes[UPDATE revisions SET value=value+1 WHERE name='identity_decisions'-identity_journal_token]
tests/test_h11_operational_preparation.py::test_h11_receipt_output_protection_precedes_preflight[checkpoint]
tests/test_h11_operational_preparation.py::test_h11_receipt_output_protection_precedes_preflight[custom_checkpoint]
tests/test_h11_operational_preparation.py::test_h11_receipt_output_protection_precedes_preflight[candidate]
tests/test_h11_operational_preparation.py::test_h11_receipt_output_protection_precedes_preflight[baseline]
tests/test_h11_operational_preparation.py::test_h11_receipt_output_protection_precedes_preflight[source]
tests/test_h11_operational_preparation.py::test_h11_receipt_output_protection_precedes_preflight[base_source]
tests/test_h11_operational_preparation.py::test_h11_receipt_output_protection_precedes_preflight[reviewed_source]
tests/test_h11_operational_preparation.py::test_h11_receipt_output_protection_precedes_preflight[symlink_checkpoint]
tests/test_h11_operational_preparation.py::test_h11_receipt_output_protection_precedes_preflight[doctor_symlink]
tests/test_h11_operational_preparation.py::test_h11_checkpoint_record_shape_and_physical_integrity_are_strict[string]
tests/test_h11_operational_preparation.py::test_h11_checkpoint_record_shape_and_physical_integrity_are_strict[size]
tests/test_h11_operational_preparation.py::test_h11_checkpoint_record_shape_and_physical_integrity_are_strict[sha]
tests/test_h11_operational_preparation.py::test_h11_checkpoint_record_shape_and_physical_integrity_are_strict[boolean_size]
tests/test_h11_operational_preparation.py::test_h11_checkpoint_record_shape_and_physical_integrity_are_strict[missing_size]
tests/test_h12_operational_preparation.py::test_readonly_preflight_preserves_checkpoint_and_live_schema
tests/test_h12_operational_preparation.py::test_real_migration_preserves_cohorts_controls_pending_and_restarts
tests/test_h12_operational_preparation.py::test_gate_failures_precede_migration[unverified]
tests/test_h12_operational_preparation.py::test_gate_failures_precede_migration[receipt]
tests/test_h12_operational_preparation.py::test_gate_failures_precede_migration[future_runtime]
tests/test_h12_operational_preparation.py::test_gate_failures_precede_migration[source]
tests/test_h12_operational_preparation.py::test_gate_failures_precede_migration[checkpoint_sidecar]
tests/test_h12_operational_preparation.py::test_gate_failures_precede_migration[pending]
tests/test_h12_operational_preparation.py::test_gate_failures_precede_migration[identity_meta]
tests/test_h12_operational_preparation.py::test_new_queue_generation_corruption_is_detected
tests/test_h12_operational_preparation.py::test_output_checkpoint_rejected_before_lock_or_preflight
tests/test_h12_operational_preparation.py::test_checkpoint_as_state_never_creates_lock
tests/test_h12_operational_preparation.py::test_writer_lock_refuses_concurrent_execution
tests/test_h12_operational_preparation.py::test_doctor_side_effect_fails_acceptance_and_retains_failure_receipt
tests/test_h12_operational_preparation.py::test_receipt_cannot_enter_artifact_roots[blobs]
tests/test_h12_operational_preparation.py::test_receipt_cannot_enter_artifact_roots[extracts]
tests/test_h12_operational_preparation.py::test_receipt_cannot_enter_artifact_roots[inputs]
tests/test_h13_operational_preparation.py::test_readonly_preflight_preserves_checkpoint_and_live_schema
tests/test_h13_operational_preparation.py::test_real_migration_preserves_cohorts_controls_pending_and_restarts
tests/test_h13_operational_preparation.py::test_gate_failures_precede_migration[unverified]
tests/test_h13_operational_preparation.py::test_gate_failures_precede_migration[receipt]
tests/test_h13_operational_preparation.py::test_gate_failures_precede_migration[future_runtime]
tests/test_h13_operational_preparation.py::test_gate_failures_precede_migration[source]
tests/test_h13_operational_preparation.py::test_gate_failures_precede_migration[checkpoint_sidecar]
tests/test_h13_operational_preparation.py::test_gate_failures_precede_migration[pending]
tests/test_h13_operational_preparation.py::test_gate_failures_precede_migration[identity_meta]
tests/test_h13_operational_preparation.py::test_legacy_pause_provenance_corruption_is_detected
tests/test_h13_operational_preparation.py::test_output_checkpoint_rejected_before_lock_or_preflight
tests/test_h13_operational_preparation.py::test_checkpoint_as_state_never_creates_lock
tests/test_h13_operational_preparation.py::test_writer_lock_refuses_concurrent_execution
tests/test_h13_operational_preparation.py::test_doctor_side_effect_fails_acceptance_and_retains_failure_receipt
tests/test_h13_operational_preparation.py::test_receipt_cannot_enter_artifact_roots[blobs]
tests/test_h13_operational_preparation.py::test_receipt_cannot_enter_artifact_roots[extracts]
tests/test_h13_operational_preparation.py::test_receipt_cannot_enter_artifact_roots[inputs]
tests/test_h13_operational_preparation.py::test_independent_source_receipt_parameter_must_match_gate
tests/test_h13_operational_preparation.py::test_existing_global_pause_blocks_probe_without_migration
tests/test_h13_operational_preparation.py::test_failed_probe_preserves_its_pause_and_auditable_active_action
tests/test_h14_acceptance.py::test_dateless_success_is_bounded_and_refresh_does_not_postpone_recovery
tests/test_h14_acceptance.py::test_transport_denial_does_not_consume_metadata_recovery[Blocked]
tests/test_h14_acceptance.py::test_transport_denial_does_not_consume_metadata_recovery[Throttled]
tests/test_h14_acceptance.py::test_transport_denial_does_not_consume_metadata_recovery[ServerError]
tests/test_h14_acceptance.py::test_only_new_parent_relationship_reactivates_and_preserves_existing_control
tests/test_h14_acceptance.py::test_real_dates_restore_current_policy_without_invented_metadata
tests/test_h14_acceptance.py::test_every_host_keeps_its_actual_daily_cap_and_request_floor[worldsdc.com-10-5]
tests/test_h14_acceptance.py::test_every_host_keeps_its_actual_daily_cap_and_request_floor[points.worldsdc.com-1500-5]
tests/test_h14_acceptance.py::test_every_host_keeps_its_actual_daily_cap_and_request_floor[eepro.com-600-5]
tests/test_h14_acceptance.py::test_every_host_keeps_its_actual_daily_cap_and_request_floor[scoring.dance-800-5]
tests/test_h14_acceptance.py::test_every_host_keeps_its_actual_daily_cap_and_request_floor[scores.worlddanceregistry.com-400-5]
tests/test_h14_acceptance.py::test_every_host_keeps_its_actual_daily_cap_and_request_floor[danceconvention.net-200-10]
tests/test_h14_acceptance.py::test_every_host_keeps_its_actual_daily_cap_and_request_floor[web.archive.org-200-10]
tests/test_h14_acceptance.py::test_every_host_keeps_its_actual_daily_cap_and_request_floor[www.worldsdc.com-200-5]
tests/test_h14_acceptance.py::test_retry_cooldown_and_depleted_quota_resume_without_burst
tests/test_h14_acceptance.py::test_dcn_response_can_overshoot_bytes_once_then_all_work_is_blocked
tests/test_h14_acceptance.py::test_sustained_current_demand_services_old_work_using_actual_http_debits
tests/test_h14_acceptance.py::test_midday_migration_usage_is_not_new_capacity_or_catchup_credit
tests/test_h14_acceptance.py::test_backpressure_reserves_two_actual_requests_for_a_declared_unblocker
tests/test_h14_acceptance.py::test_paused_and_cooled_work_yields_to_healthy_host_without_claiming_service[source-scoringdance]
tests/test_h14_acceptance.py::test_paused_and_cooled_work_yields_to_healthy_host_without_claiming_service[kind-round_observations]
tests/test_h14_acceptance.py::test_real_cycle_services_old_host_amid_current_demand_and_pending_derivation
tests/test_h14_operational_preparation.py::test_readonly_preflight_keeps_original_schema_and_checkpoint_immutable
tests/test_h14_operational_preparation.py::test_real_migration_preserves_all_controls_attempts_and_readonly_doctor
tests/test_h14_operational_preparation.py::test_preflight_rejects_unreviewed_or_changed_inputs[gate]
tests/test_h14_operational_preparation.py::test_preflight_rejects_unreviewed_or_changed_inputs[source_hash]
tests/test_h14_operational_preparation.py::test_preflight_rejects_unreviewed_or_changed_inputs[future_runtime]
tests/test_h14_operational_preparation.py::test_preflight_rejects_unreviewed_or_changed_inputs[checkpoint_sidecar]
tests/test_h14_operational_preparation.py::test_preflight_rejects_unreviewed_or_changed_inputs[checkpoint_size]
tests/test_h14_operational_preparation.py::test_preflight_rejects_unreviewed_or_changed_inputs[deployed_source]
tests/test_h14_operational_preparation.py::test_preflight_rejects_unreviewed_or_changed_inputs[verifier_source]
tests/test_h14_operational_preparation.py::test_preflight_rejects_unreviewed_or_changed_inputs[control_drift]
tests/test_h14_operational_preparation.py::test_preflight_rejects_unreviewed_or_changed_inputs[budget_drift]
tests/test_h14_operational_preparation.py::test_verification_only_selectors_cannot_write_production_service
tests/test_h14_operational_preparation.py::test_nested_checkpoint_manifest_is_part_of_verified_closure
tests/test_h14_operational_preparation.py::test_extra_nested_source_receipt_does_not_escape_source_closure
tests/test_h14_operational_preparation.py::test_unsettled_execution_is_not_silently_recovered_by_acceptance
tests/test_h14_operational_preparation.py::test_original_column_comparison_survives_added_columns_but_detects_changed_values
tests/test_h14_operational_preparation.py::test_readonly_inventory_respects_shared_offline_source_pause
tests/test_h15_acceptance.py::test_actual_code_and_schema_change_recipe_with_unchanged_human_labels
tests/test_h15_acceptance.py::test_dependency_manifests_and_materialized_generations_are_immutable
tests/test_h15_acceptance.py::test_completion_crash_rolls_back_real_rows_fingerprint_and_revision_then_restart_is_current[during_rows]
tests/test_h15_acceptance.py::test_completion_crash_rolls_back_real_rows_fingerprint_and_revision_then_restart_is_current[after_completion]
tests/test_h15_acceptance.py::test_new_desired_generation_blocks_late_worker_and_preserves_new_output
tests/test_h15_acceptance.py::test_lost_enqueue_and_deleted_materialization_cannot_hide_stale_scope
tests/test_h15_acceptance.py::test_previous_generation_keeps_exact_source_manifest_after_new_source_selection
tests/test_h15_acceptance.py::test_changed_captured_code_replays_scope_without_manual_version_bump
tests/test_h15_acceptance.py::test_process_death_immediately_after_commit_leaves_current_generation
tests/test_h15_acceptance.py::test_alias_move_replays_old_and_new_scopes_and_preserves_exact_mapping_generation
tests/test_h15_acceptance.py::test_new_registry_dancer_reconsiders_unmatched_entry_without_prior_candidate_edge
tests/test_h15_acceptance.py::test_reference_migration_changes_desired_link_without_journal_or_source_change
tests/test_h15_acceptance.py::test_sibling_source_index_evidence_invalidates_shared_metadata_generation
tests/test_h15_acceptance.py::test_registry_enrichment_keeps_captured_calendar_identity_and_replay_quiet
tests/test_h15_production_acceptance.py::test_readonly_preflight_keeps_original_schema_and_checkpoint_immutable
tests/test_h15_production_acceptance.py::test_real_migration_preserves_all_controls_attempts_and_readonly_doctor
tests/test_h15_production_acceptance.py::test_preflight_rejects_unreviewed_or_changed_inputs[gate]
tests/test_h15_production_acceptance.py::test_preflight_rejects_unreviewed_or_changed_inputs[backup_identity]
tests/test_h15_production_acceptance.py::test_preflight_rejects_unreviewed_or_changed_inputs[source_hash]
tests/test_h15_production_acceptance.py::test_preflight_rejects_unreviewed_or_changed_inputs[future_runtime]
tests/test_h15_production_acceptance.py::test_preflight_rejects_unreviewed_or_changed_inputs[checkpoint_sidecar]
tests/test_h15_production_acceptance.py::test_preflight_rejects_unreviewed_or_changed_inputs[checkpoint_size]
tests/test_h15_production_acceptance.py::test_preflight_rejects_unreviewed_or_changed_inputs[deployed_source]
tests/test_h15_production_acceptance.py::test_preflight_rejects_unreviewed_or_changed_inputs[control_drift]
tests/test_h15_production_acceptance.py::test_preflight_rejects_unreviewed_or_changed_inputs[budget_drift]
tests/test_h15_production_acceptance.py::test_verification_only_selectors_cannot_write_production_service
tests/test_h15_production_acceptance.py::test_nested_checkpoint_manifest_is_part_of_verified_closure
tests/test_h15_production_acceptance.py::test_extra_nested_source_receipt_does_not_escape_source_closure
tests/test_h15_production_acceptance.py::test_unsettled_execution_is_not_silently_recovered_by_acceptance
tests/test_h15_production_acceptance.py::test_original_column_comparison_survives_added_columns_but_detects_changed_values
tests/test_h15_production_acceptance.py::test_assessment_streams_lost_queue_scope_catalog_without_claiming_materialization
tests/test_h15_production_acceptance.py::test_migration_never_adopts_legacy_rows_as_proven_current[extract_recipe_sha256]
tests/test_h15_production_acceptance.py::test_migration_never_adopts_legacy_rows_as_proven_current[materialized_signature]
tests/test_h15_production_acceptance.py::test_migration_never_adopts_legacy_rows_as_proven_current[desired_fingerprint]
tests/test_h15_production_acceptance.py::test_large_retained_scope_assessment_is_paginated_bounded_and_readonly
tests/test_h16_acceptance.py::test_coherent_cutoff_survives_repeated_later_admission_and_publishes_once
tests/test_h16_acceptance.py::test_cutoff_never_overrides_current_correction_or_acceptance_safety[journal]
tests/test_h16_acceptance.py::test_cutoff_never_overrides_current_correction_or_acceptance_safety[suppression]
tests/test_h16_acceptance.py::test_cutoff_never_overrides_current_correction_or_acceptance_safety[policy]
tests/test_h16_acceptance.py::test_unrelated_stuck_parse_allows_coherent_release_and_remains_unfinished
tests/test_h16_acceptance.py::test_cutoff_preserves_baseline_changed_completion_fence
tests/test_h16_acceptance.py::test_incompatible_link_generation_cannot_join_new_structural_closure[event]
tests/test_h16_acceptance.py::test_incompatible_link_generation_cannot_join_new_structural_closure[dancer]
tests/test_h16_acceptance.py::test_incompatible_link_generation_cannot_join_new_structural_closure[alias]
tests/test_h16_acceptance.py::test_selected_source_proof_cannot_be_omitted_or_revoked
tests/test_h16_acceptance.py::test_local_correction_waits_for_verified_publication_receipt
tests/test_h16_acceptance.py::test_publication_readiness_requires_current_complete_verified_candidate[rejected]
tests/test_h16_acceptance.py::test_publication_readiness_requires_current_complete_verified_candidate[missing_completion]
tests/test_h16_acceptance.py::test_publication_readiness_requires_current_complete_verified_candidate[corrupt_file]
tests/test_h16_acceptance.py::test_publication_readiness_requires_current_complete_verified_candidate[malformed_receipt]
tests/test_h16_acceptance.py::test_publication_readiness_requires_current_complete_verified_candidate[new_suppression]
tests/test_h16_acceptance.py::test_publication_report_pins_receipt_target_across_concurrent_promotion
tests/test_h16_acceptance.py::test_repeated_corrections_keep_oldest_clock_until_confirmed_receipt
tests/test_h16_acceptance.py::test_correction_clock_uses_exact_generations_and_receipts_without_inventing_old_history
tests/test_h16_production_acceptance.py::test_readonly_acceptance_keeps_all_rows_proofs_controls_and_checkpoint
tests/test_h16_production_acceptance.py::test_preflight_refuses_unreviewed_or_divergent_state[driver]
tests/test_h16_production_acceptance.py::test_preflight_refuses_unreviewed_or_divergent_state[backup]
tests/test_h16_production_acceptance.py::test_preflight_refuses_unreviewed_or_divergent_state[source]
tests/test_h16_production_acceptance.py::test_preflight_refuses_unreviewed_or_divergent_state[future_runtime]
tests/test_h16_production_acceptance.py::test_preflight_refuses_unreviewed_or_divergent_state[sidecar]
tests/test_h16_production_acceptance.py::test_preflight_refuses_unreviewed_or_divergent_state[table_row]
tests/test_h16_production_acceptance.py::test_preflight_refuses_unreviewed_or_divergent_state[schema_object]
tests/test_h16_production_acceptance.py::test_preflight_refuses_unreviewed_or_divergent_state[sequence]
tests/test_h16_production_acceptance.py::test_preflight_refuses_unreviewed_or_divergent_state[budget]
tests/test_h16_production_acceptance.py::test_preflight_refuses_unreviewed_or_divergent_state[active]
tests/test_h16_production_acceptance.py::test_inventory_is_query_only_and_lost_enqueue_stays_unfinished
tests/test_h16_production_acceptance.py::test_exact_fresh_doctor_mismatch_rejects_without_writing_state
tests/test_h16_production_acceptance.py::test_checkpoint_cannot_be_target_even_before_lock_creation
tests/test_h16_production_acceptance.py::test_all_output_paths_are_new_and_cannot_overwrite_checkpoint_evidence[False-.json]
tests/test_h16_production_acceptance.py::test_all_output_paths_are_new_and_cannot_overwrite_checkpoint_evidence[False-.sizes.json]
tests/test_h16_production_acceptance.py::test_all_output_paths_are_new_and_cannot_overwrite_checkpoint_evidence[False-.doctor.json]
tests/test_h16_production_acceptance.py::test_all_output_paths_are_new_and_cannot_overwrite_checkpoint_evidence[False-.doctor.txt]
tests/test_h16_production_acceptance.py::test_all_output_paths_are_new_and_cannot_overwrite_checkpoint_evidence[False-.json.tmp]
tests/test_h16_production_acceptance.py::test_all_output_paths_are_new_and_cannot_overwrite_checkpoint_evidence[True-.json]
tests/test_h16_production_acceptance.py::test_all_output_paths_are_new_and_cannot_overwrite_checkpoint_evidence[True-.sizes.json]
tests/test_h16_production_acceptance.py::test_all_output_paths_are_new_and_cannot_overwrite_checkpoint_evidence[True-.doctor.json]
tests/test_h16_production_acceptance.py::test_all_output_paths_are_new_and_cannot_overwrite_checkpoint_evidence[True-.doctor.txt]
tests/test_h16_production_acceptance.py::test_all_output_paths_are_new_and_cannot_overwrite_checkpoint_evidence[True-.json.tmp]
tests/test_h16_schedule.py::test_retained_release_gets_opportunity_before_more_acquisition
tests/test_history_alias_proposals.py::test_alias_packet_groups_editions_preserves_raw_rows_and_never_accepts
tests/test_history_coverage.py::test_archive_results_have_separate_coverage_and_stable_repeated_build
tests/test_history_cycle.py::test_allocated_capture_parses_in_cycle_or_resumes_after_stop[False]
tests/test_history_cycle.py::test_allocated_capture_parses_in_cycle_or_resumes_after_stop[True]
tests/test_history_cycle.py::test_blocked_capture_token_does_not_starve_older_complete_capture
tests/test_history_inventory.py::test_occurrence_floor_dates_and_phase_two_gates
tests/test_history_inventory.py::test_unresolved_names_are_findings_and_listing_alias_is_reviewed
tests/test_history_inventory.py::test_rolling_calendar_keeps_registry_editions_and_legacy_ids
tests/test_history_inventory.py::test_later_observed_listing_corrects_dates_without_losing_corroboration
tests/test_history_inventory.py::test_two_editions_in_same_capture_require_review
tests/test_history_projection_gate.py::test_real_result_dispatch_is_inventory_neutral_but_followup_history_still_blocks
tests/test_history_projection_gate.py::test_unknown_or_inventory_capable_dispatch_blocks_both_entrypoints[map-all]
tests/test_history_projection_gate.py::test_unknown_or_inventory_capable_dispatch_blocks_both_entrypoints[calendar-2026]
tests/test_history_projection_gate.py::test_unknown_or_inventory_capable_dispatch_blocks_both_entrypoints[source_index-2026]
tests/test_history_projection_gate.py::test_unknown_or_inventory_capable_dispatch_blocks_both_entrypoints[history-all]
tests/test_history_projection_gate.py::test_unknown_or_inventory_capable_dispatch_blocks_both_entrypoints[dancer-123]
tests/test_history_projection_gate.py::test_unknown_or_inventory_capable_dispatch_blocks_both_entrypoints[source_event-unmapped]
tests/test_history_projection_gate.py::test_unknown_or_inventory_capable_dispatch_blocks_both_entrypoints[event-unknown]
tests/test_history_projection_gate.py::test_unknown_or_inventory_capable_dispatch_blocks_both_entrypoints[future_projector-held]
tests/test_history_projection_gate.py::test_prior_event_scope_inventory_ownership_cannot_be_deleted_under_year_gate
tests/test_history_projection_gate.py::test_inventory_digest_change_remains_blocked_despite_safe_pending_scope
tests/test_history_projection_gate.py::test_source_event_requires_retained_unambiguous_mapping_before_neutral_dispatch
tests/test_history_shared_gates.py::test_real_review_does_not_replace_year_acceptance_or_index_purpose[autoindex]
tests/test_history_shared_gates.py::test_real_review_does_not_replace_year_acceptance_or_index_purpose[index]
tests/test_history_shared_gates.py::test_parent_contract_cannot_authorize_a_round_kind
tests/test_history_shared_gates.py::test_phase_two_index_label_still_gets_priority_six
tests/test_history_shared_gates.py::test_insert_and_priority_change_roll_back_without_touching_outer_transaction
tests/test_history_shared_gates.py::test_policy_or_year_changed_after_insertion_stops_before_robots_and_budget[DELETE FROM history_acceptance-history_year_unaccepted]
tests/test_history_shared_gates.py::test_policy_or_year_changed_after_insertion_stops_before_robots_and_budget[UPDATE admission_policies SET mode='paused' WHERE page_kind='eepro.autoindex'-history_contract_not_enforced]
tests/test_history_shared_gates.py::test_policy_or_year_changed_after_insertion_stops_before_robots_and_budget[UPDATE admission_policies SET contract_version='stale' WHERE page_kind='eepro.autoindex'-history_contract_review_stale]
tests/test_history_shared_gates.py::test_invalidation_during_host_wait_prevents_http_and_request_charge[DELETE FROM history_acceptance-history_year_unaccepted]
tests/test_history_shared_gates.py::test_invalidation_during_host_wait_prevents_http_and_request_charge[UPDATE admission_policies SET mode='paused' WHERE page_kind='eepro.autoindex'-history_contract_not_enforced]
tests/test_history_shared_gates.py::test_policy_invalidation_on_redirect_stops_before_next_hop
tests/test_history_shared_gates.py::test_true_phase_one_still_fetches_without_year_or_scoring_policy
tests/test_history_shared_gates.py::test_capture_scheduler_keeps_phase_two_at_priority_six_even_with_index_label
tests/test_history_shared_gates.py::test_phase_two_index_label_can_retry_next_distinct_capture_without_lowering_priority
tests/test_history_shared_gates.py::test_phase_one_capture_keeps_priority_two_and_does_not_use_sheet_retry
tests/test_history_sources.py::test_old_council_formats_and_trial_default
tests/test_history_sources.py::test_calendar_2016_and_known_empty_widget
tests/test_history_sources.py::test_newsletter_pdf_reads_explicit_dates_and_flags_approval_boxes
tests/test_history_sources.py::test_recorded_council_capture_includes_all_97_rows
tests/test_history_sources.py::test_recorded_newsletter_columns_and_wrapped_names
tests/test_history_sources.py::test_newsletter_unknown_layout_is_not_authoritative_empty
tests/test_history_sources.py::test_newsletter_does_not_take_dated_article_bullets_from_another_column
tests/test_history_sources.py::test_newsletter_partial_approval_quarter_stays_visible_beside_dated_rows
tests/test_history_sources.py::test_newsletter_invalid_printed_date_fails_with_stable_reason
tests/test_history_sources.py::test_recorded_2016_calendar_uses_all_cards_instead_of_first_20_table_rows
tests/test_history_sources.py::test_council_invalid_source_dates_warn_without_discarding_valid_rows
tests/test_history_sources.py::test_newsletter_trial_colour_legend_remains_explicitly_unverified
tests/test_history_sources.py::test_recorded_fullcalendar_inline_data_has_500_explicit_events
tests/test_history_sources.py::test_retained_literal_calendar_and_map_preserve_rows_without_running_scripts
tests/test_history_sources.py::test_retained_newsletter_wrapping_footer_columns_and_explicit_years
tests/test_history_sources.py::test_exact_reviewed_policy_newsletters_are_empty_event_listings
tests/test_history_sources.py::test_changed_policy_body_or_extract_does_not_inherit_empty_review
tests/test_history_sources.py::test_retained_map_single_dates_are_explicit_one_day_without_losing_hiatus
tests/test_history_sources.py::test_retained_newsletter_date_footnotes_spacing_and_column_boundaries
tests/test_history_sources.py::test_newsletter_ambiguous_discontinuous_and_malformed_dates_stay_unparsed
tests/test_identity_corrections.py::test_unrestricted_division_is_unavailable_at_every_dancer_level[none-None]
tests/test_identity_corrections.py::test_unrestricted_division_is_unavailable_at_every_dancer_level[none-none]
tests/test_identity_corrections.py::test_unrestricted_division_is_unavailable_at_every_dancer_level[none-open]
tests/test_identity_corrections.py::test_unrestricted_division_is_unavailable_at_every_dancer_level[newcomer-None]
tests/test_identity_corrections.py::test_unrestricted_division_is_unavailable_at_every_dancer_level[newcomer-none]
tests/test_identity_corrections.py::test_unrestricted_division_is_unavailable_at_every_dancer_level[newcomer-open]
tests/test_identity_corrections.py::test_unrestricted_division_is_unavailable_at_every_dancer_level[novice-None]
tests/test_identity_corrections.py::test_unrestricted_division_is_unavailable_at_every_dancer_level[novice-none]
tests/test_identity_corrections.py::test_unrestricted_division_is_unavailable_at_every_dancer_level[novice-open]
tests/test_identity_corrections.py::test_unrestricted_division_is_unavailable_at_every_dancer_level[intermediate-None]
tests/test_identity_corrections.py::test_unrestricted_division_is_unavailable_at_every_dancer_level[intermediate-none]
tests/test_identity_corrections.py::test_unrestricted_division_is_unavailable_at_every_dancer_level[intermediate-open]
tests/test_identity_corrections.py::test_unrestricted_division_is_unavailable_at_every_dancer_level[advanced-None]
tests/test_identity_corrections.py::test_unrestricted_division_is_unavailable_at_every_dancer_level[advanced-none]
tests/test_identity_corrections.py::test_unrestricted_division_is_unavailable_at_every_dancer_level[advanced-open]
tests/test_identity_corrections.py::test_unrestricted_division_is_unavailable_at_every_dancer_level[allstar-None]
tests/test_identity_corrections.py::test_unrestricted_division_is_unavailable_at_every_dancer_level[allstar-none]
tests/test_identity_corrections.py::test_unrestricted_division_is_unavailable_at_every_dancer_level[allstar-open]
tests/test_identity_corrections.py::test_unrestricted_division_is_unavailable_at_every_dancer_level[champion-None]
tests/test_identity_corrections.py::test_unrestricted_division_is_unavailable_at_every_dancer_level[champion-none]
tests/test_identity_corrections.py::test_unrestricted_division_is_unavailable_at_every_dancer_level[champion-open]
tests/test_identity_corrections.py::test_audit_unrestricted_contests_keep_lynne_candidate[case0]
tests/test_identity_corrections.py::test_audit_unrestricted_contests_keep_lynne_candidate[case1]
tests/test_identity_corrections.py::test_audit_unrestricted_contests_keep_lynne_candidate[case2]
tests/test_identity_corrections.py::test_audit_unrestricted_contests_keep_lynne_candidate[case3]
tests/test_identity_corrections.py::test_unknown_registry_level_is_not_evidence_of_a_mismatch
tests/test_identity_corrections.py::test_judge_ceiling_omits_unavailable_role_without_changing_entry_scores
tests/test_identity_corrections.py::test_audit_pair_retains_ownership_and_abstains_in_projection[case0]
tests/test_identity_corrections.py::test_audit_pair_retains_ownership_and_abstains_in_projection[case1]
tests/test_identity_corrections.py::test_old_mixed_person_entry_cannot_bypass_abstention_with_printed_id[case0]
tests/test_identity_corrections.py::test_old_mixed_person_entry_cannot_bypass_abstention_with_printed_id[case1]
tests/test_identity_corrections.py::test_compound_individual_names_and_explicit_ids_remain_available[Mary Jane Smith]
tests/test_identity_corrections.py::test_compound_individual_names_and_explicit_ids_remain_available[Jos\xe9 de la Cruz]
tests/test_identity_corrections.py::test_compound_individual_names_and_explicit_ids_remain_available[Anne-Marie O'Neil]
tests/test_identity_corrections.py::test_rescored_judge_and_unrestricted_entry_do_not_create_default_joins
tests/test_identity_corrections.py::test_linking_month_precision_event_preserves_unknown_dates
tests/test_identity_decisions.py::test_hold_requires_explicit_supersession_and_retains_history
tests/test_identity_decisions.py::test_negative_applies_to_every_route_but_retains_candidate_evidence[scoring]
tests/test_identity_decisions.py::test_negative_applies_to_every_route_but_retains_candidate_evidence[source_id]
tests/test_identity_decisions.py::test_negative_applies_to_every_route_but_retains_candidate_evidence[registry_placement]
tests/test_identity_decisions.py::test_negative_applies_to_every_route_but_retains_candidate_evidence[bib_reuse]
tests/test_identity_decisions.py::test_conflicting_manual_positive_source_and_negative_all_withhold
tests/test_identity_decisions.py::test_event_remap_preserves_rejection_and_baseline_locator
tests/test_identity_decisions.py::test_ambiguous_reference_migration_holds_until_reviewed_continuity
tests/test_identity_decisions.py::test_source_row_replacement_and_missing_reference_withhold
tests/test_identity_decisions.py::test_concurrent_acceptance_cannot_restore_old_link_or_clear_relink_work
tests/test_identity_decisions.py::test_named_judge_without_wsdc_number_remains_named_and_unmatched
tests/test_identity_decisions.py::test_reviewed_positives_cannot_claim_distinct_bibs_in_one_contest
tests/test_identity_decisions.py::test_pair_insufficient_evidence_does_not_become_transitive_rejection
tests/test_identity_decisions.py::test_cross_reference_supersession_requires_approved_migration
tests/test_identity_decisions.py::test_unexplained_renumbering_after_remap_cannot_drop_a_restriction
tests/test_identity_decisions.py::test_baseline_old_reference_sees_decision_superseded_on_new_reference
tests/test_identity_decisions.py::test_separate_source_names_with_pair_bibs_keep_role_ownership
tests/test_identity_evaluation.py::test_sampling_is_repeatable_order_independent_and_keeps_strata
tests/test_identity_evaluation.py::test_split_keeps_events_people_and_candidate_aliases_together
tests/test_identity_evaluation.py::test_prior_unsampled_tuning_people_exclude_entire_prospective_component[event]
tests/test_identity_evaluation.py::test_prior_unsampled_tuning_people_exclude_entire_prospective_component[name]
tests/test_identity_evaluation.py::test_prior_unsampled_tuning_people_exclude_entire_prospective_component[accepted_id]
tests/test_identity_evaluation.py::test_prior_unsampled_tuning_people_exclude_entire_prospective_component[candidate_id]
tests/test_identity_evaluation.py::test_prior_tuning_packet_digest_is_verified_before_using_exposure
tests/test_identity_evaluation.py::test_prior_candidate_only_identity_is_exposure_without_becoming_a_label
tests/test_identity_evaluation.py::test_legacy_prior_packet_unknown_exposure_fails_closed_and_carries_forward
tests/test_identity_evaluation.py::test_prior_exposure_inherits_ancestors_and_deduplicates_packet_order
tests/test_identity_evaluation.py::test_no_adjudications_explicitly_leave_precision_unavailable
tests/test_identity_evaluation.py::test_precision_reports_correct_numerator_denominator_and_uncertainty
tests/test_identity_evaluation.py::test_partial_or_inconclusive_review_does_not_estimate_precision
tests/test_identity_evaluation.py::test_unresolved_review_finds_missing_candidates_outside_empty_pool
tests/test_identity_evaluation.py::test_stale_duplicate_unattributed_or_inappropriate_reviews_are_rejected
tests/test_identity_evaluation.py::test_enriched_regression_cases_cannot_masquerade_as_representative_sample
tests/test_identity_evaluation.py::test_population_reader_includes_unresolved_entries_with_no_link_or_candidates
tests/test_identity_evaluation.py::test_evaluation_cli_creates_report_without_mutating_sample_or_reviews
tests/test_identity_evaluation.py::test_evidence_cutoff_cannot_predate_captured_input
tests/test_identity_evaluation.py::test_sample_cli_reads_database_without_changing_state
tests/test_identity_evaluation.py::test_review_packet_copies_verified_readable_evidence_and_starts_unreviewed
tests/test_identity_evaluation.py::test_review_packet_marks_missing_or_corrupt_evidence_without_labels
tests/test_identity_journal.py::test_legacy_conversion_preserves_positive_none_and_unmapped_provenance
tests/test_identity_journal.py::test_ambiguous_conversion_never_creates_a_positive
tests/test_identity_journal.py::test_acceptance_rejects_removed_or_altered_history_and_requires_explicit_supersession
tests/test_identity_journal.py::test_crash_during_acceptance_rolls_back_digest_decisions_and_invalidation
tests/test_identity_journal.py::test_sqlite_recovery_retains_journal_provenance_migrations_and_unaccepted_digest
tests/test_identity_journal.py::test_checkpoint_restore_preserves_accepted_journal_and_excludes_unaccepted_capture
tests/test_inputs.py::test_removed_override_invalidates_links_once_and_survives_restart
tests/test_inputs.py::test_invalid_override_is_rejected_before_acceptance
tests/test_judge_audit.py::test_raw_roster_and_independently_printed_id_support_the_comparison[Tze Ming Wee]
tests/test_judge_audit.py::test_raw_roster_and_independently_printed_id_support_the_comparison[Emily Huang]
tests/test_judge_audit.py::test_raw_roster_and_independently_printed_id_support_the_comparison[Camille Lange]
tests/test_judge_audit.py::test_judge_counterexample_rescore_retains_true_evidence_and_caps_contrast[Tze Ming Wee]
tests/test_judge_audit.py::test_judge_counterexample_rescore_retains_true_evidence_and_caps_contrast[Emily Huang]
tests/test_judge_audit.py::test_judge_counterexample_rescore_retains_true_evidence_and_caps_contrast[Camille Lange]
tests/test_judge_audit.py::test_counterexample_linker_produces_no_new_default_judge_join[Tze Ming Wee]
tests/test_judge_audit.py::test_counterexample_linker_produces_no_new_default_judge_join[Emily Huang]
tests/test_judge_audit.py::test_counterexample_linker_produces_no_new_default_judge_join[Camille Lange]
tests/test_judge_audit.py::test_named_judge_without_registry_number_remains_a_valid_unmatched_judge
tests/test_link.py::test_candidates_include_nickname_and_source_id
tests/test_link.py::test_candidate_order_is_deterministic
tests/test_link.py::test_assignment_enforces_unique_dancer
tests/test_link.py::test_wsdc_points_chart_boundaries_and_extras
tests/test_link.py::test_impossible_division_nearly_eliminates_name_match
tests/test_link_dependency_selection_scale.py::test_link_subsets_match_full_catalog_for_every_stored_scope[calendar-registered]
tests/test_link_dependency_selection_scale.py::test_link_subsets_match_full_catalog_for_every_stored_scope[calendar-queued]
tests/test_link_dependency_selection_scale.py::test_link_subsets_match_full_catalog_for_every_stored_scope[calendar-physical]
tests/test_link_dependency_selection_scale.py::test_link_subsets_match_full_catalog_for_every_stored_scope[dancer-registered]
tests/test_link_dependency_selection_scale.py::test_link_subsets_match_full_catalog_for_every_stored_scope[dancer-queued]
tests/test_link_dependency_selection_scale.py::test_link_subsets_match_full_catalog_for_every_stored_scope[dancer-physical]
tests/test_link_dependency_selection_scale.py::test_link_subsets_match_full_catalog_for_every_stored_scope[event-registered]
tests/test_link_dependency_selection_scale.py::test_link_subsets_match_full_catalog_for_every_stored_scope[event-queued]
tests/test_link_dependency_selection_scale.py::test_link_subsets_match_full_catalog_for_every_stored_scope[event-physical]
tests/test_link_dependency_selection_scale.py::test_link_subsets_match_full_catalog_for_every_stored_scope[history-registered]
tests/test_link_dependency_selection_scale.py::test_link_subsets_match_full_catalog_for_every_stored_scope[history-queued]
tests/test_link_dependency_selection_scale.py::test_link_subsets_match_full_catalog_for_every_stored_scope[history-physical]
tests/test_link_dependency_selection_scale.py::test_link_subsets_match_full_catalog_for_every_stored_scope[inventory-registered]
tests/test_link_dependency_selection_scale.py::test_link_subsets_match_full_catalog_for_every_stored_scope[inventory-queued]
tests/test_link_dependency_selection_scale.py::test_link_subsets_match_full_catalog_for_every_stored_scope[inventory-physical]
tests/test_link_dependency_selection_scale.py::test_link_subsets_match_full_catalog_for_every_stored_scope[map-registered]
tests/test_link_dependency_selection_scale.py::test_link_subsets_match_full_catalog_for_every_stored_scope[map-queued]
tests/test_link_dependency_selection_scale.py::test_link_subsets_match_full_catalog_for_every_stored_scope[map-physical]
tests/test_link_dependency_selection_scale.py::test_link_subsets_match_full_catalog_for_every_stored_scope[source_event-registered]
tests/test_link_dependency_selection_scale.py::test_link_subsets_match_full_catalog_for_every_stored_scope[source_event-queued]
tests/test_link_dependency_selection_scale.py::test_link_subsets_match_full_catalog_for_every_stored_scope[source_event-physical]
tests/test_link_dependency_selection_scale.py::test_link_subsets_match_full_catalog_for_every_stored_scope[source_index-registered]
tests/test_link_dependency_selection_scale.py::test_link_subsets_match_full_catalog_for_every_stored_scope[source_index-queued]
tests/test_link_dependency_selection_scale.py::test_link_subsets_match_full_catalog_for_every_stored_scope[source_index-physical]
tests/test_link_dependency_selection_scale.py::test_link_subsets_match_full_catalog_for_every_stored_scope[unknown-registered]
tests/test_link_dependency_selection_scale.py::test_link_subsets_match_full_catalog_for_every_stored_scope[unknown-queued]
tests/test_link_dependency_selection_scale.py::test_link_subsets_match_full_catalog_for_every_stored_scope[unknown-physical]
tests/test_link_dependency_selection_scale.py::test_link_subsets_include_physical_observations[calendar]
tests/test_link_dependency_selection_scale.py::test_link_subsets_include_physical_observations[dancer]
tests/test_link_dependency_selection_scale.py::test_link_subsets_include_physical_observations[event]
tests/test_link_dependency_selection_scale.py::test_link_subsets_include_physical_observations[history]
tests/test_link_dependency_selection_scale.py::test_link_subsets_include_physical_observations[inventory]
tests/test_link_dependency_selection_scale.py::test_link_subsets_include_physical_observations[map]
tests/test_link_dependency_selection_scale.py::test_link_subsets_include_physical_observations[source_event]
tests/test_link_dependency_selection_scale.py::test_link_subsets_include_physical_observations[source_index]
tests/test_link_dependency_selection_scale.py::test_link_subsets_include_physical_observations[unknown]
tests/test_link_dependency_selection_scale.py::test_link_subsets_do_not_promote_source_index_ownership_to_global_scope
tests/test_link_dependency_selection_scale.py::test_link_subsets_keep_all_dancers_sorted_and_never_scan_full_catalog
tests/test_link_dependency_selection_scale.py::test_other_stage_queues_do_not_create_project_dependencies[parse]
tests/test_link_dependency_selection_scale.py::test_other_stage_queues_do_not_create_project_dependencies[link]
tests/test_link_dependency_selection_scale.py::test_other_stage_queues_do_not_create_project_dependencies[build]
tests/test_link_dependency_selection_scale.py::test_shared_inference_from_standalone_fact_tables[events]
tests/test_link_dependency_selection_scale.py::test_shared_inference_from_standalone_fact_tables[source_events]
tests/test_link_dependency_selection_scale.py::test_shared_inference_from_standalone_fact_tables[registry_placements]
tests/test_link_invalidation.py::test_second_weights_edit_requeues_completed_and_pending_events
tests/test_link_pools.py::test_indexed_pool_preserves_every_candidate_signal_and_order[None-\xc1lex L\xe9\xe9 Jr-entry]
tests/test_link_pools.py::test_indexed_pool_preserves_every_candidate_signal_and_order[None-\xc1lex L\xe9\xe9 Jr-judge]
tests/test_link_pools.py::test_indexed_pool_preserves_every_candidate_signal_and_order[None-Alex Lee-entry]
tests/test_link_pools.py::test_indexed_pool_preserves_every_candidate_signal_and_order[None-Alex Lee-judge]
tests/test_link_pools.py::test_indexed_pool_preserves_every_candidate_signal_and_order[None-Alex la Rue-entry]
tests/test_link_pools.py::test_indexed_pool_preserves_every_candidate_signal_and_order[None-Alex la Rue-judge]
tests/test_link_pools.py::test_indexed_pool_preserves_every_candidate_signal_and_order[None-\u674e \u5c0f\u9f99-entry]
tests/test_link_pools.py::test_indexed_pool_preserves_every_candidate_signal_and_order[None-\u674e \u5c0f\u9f99-judge]
tests/test_link_pools.py::test_indexed_pool_preserves_every_candidate_signal_and_order[None--entry]
tests/test_link_pools.py::test_indexed_pool_preserves_every_candidate_signal_and_order[None--judge]
tests/test_link_pools.py::test_indexed_pool_preserves_every_candidate_signal_and_order[None-***-entry]
tests/test_link_pools.py::test_indexed_pool_preserves_every_candidate_signal_and_order[None-***-judge]
tests/test_link_pools.py::test_indexed_pool_preserves_every_candidate_signal_and_order[None-Alex Lee and Sam Doe-entry]
tests/test_link_pools.py::test_indexed_pool_preserves_every_candidate_signal_and_order[None-Alex Lee and Sam Doe-judge]
tests/test_link_pools.py::test_indexed_pool_preserves_every_candidate_signal_and_order[2-\xc1lex L\xe9\xe9 Jr-entry]
tests/test_link_pools.py::test_indexed_pool_preserves_every_candidate_signal_and_order[2-\xc1lex L\xe9\xe9 Jr-judge]
tests/test_link_pools.py::test_indexed_pool_preserves_every_candidate_signal_and_order[2-Alex Lee-entry]
tests/test_link_pools.py::test_indexed_pool_preserves_every_candidate_signal_and_order[2-Alex Lee-judge]
tests/test_link_pools.py::test_indexed_pool_preserves_every_candidate_signal_and_order[2-Alex la Rue-entry]
tests/test_link_pools.py::test_indexed_pool_preserves_every_candidate_signal_and_order[2-Alex la Rue-judge]
tests/test_link_pools.py::test_indexed_pool_preserves_every_candidate_signal_and_order[2-\u674e \u5c0f\u9f99-entry]
tests/test_link_pools.py::test_indexed_pool_preserves_every_candidate_signal_and_order[2-\u674e \u5c0f\u9f99-judge]
tests/test_link_pools.py::test_indexed_pool_preserves_every_candidate_signal_and_order[2--entry]
tests/test_link_pools.py::test_indexed_pool_preserves_every_candidate_signal_and_order[2--judge]
tests/test_link_pools.py::test_indexed_pool_preserves_every_candidate_signal_and_order[2-***-entry]
tests/test_link_pools.py::test_indexed_pool_preserves_every_candidate_signal_and_order[2-***-judge]
tests/test_link_pools.py::test_indexed_pool_preserves_every_candidate_signal_and_order[2-Alex Lee and Sam Doe-entry]
tests/test_link_pools.py::test_indexed_pool_preserves_every_candidate_signal_and_order[2-Alex Lee and Sam Doe-judge]
tests/test_link_pools.py::test_indexed_pool_preserves_every_candidate_signal_and_order[3-\xc1lex L\xe9\xe9 Jr-entry]
tests/test_link_pools.py::test_indexed_pool_preserves_every_candidate_signal_and_order[3-\xc1lex L\xe9\xe9 Jr-judge]
tests/test_link_pools.py::test_indexed_pool_preserves_every_candidate_signal_and_order[3-Alex Lee-entry]
tests/test_link_pools.py::test_indexed_pool_preserves_every_candidate_signal_and_order[3-Alex Lee-judge]
tests/test_link_pools.py::test_indexed_pool_preserves_every_candidate_signal_and_order[3-Alex la Rue-entry]
tests/test_link_pools.py::test_indexed_pool_preserves_every_candidate_signal_and_order[3-Alex la Rue-judge]
tests/test_link_pools.py::test_indexed_pool_preserves_every_candidate_signal_and_order[3-\u674e \u5c0f\u9f99-entry]
tests/test_link_pools.py::test_indexed_pool_preserves_every_candidate_signal_and_order[3-\u674e \u5c0f\u9f99-judge]
tests/test_link_pools.py::test_indexed_pool_preserves_every_candidate_signal_and_order[3--entry]
tests/test_link_pools.py::test_indexed_pool_preserves_every_candidate_signal_and_order[3--judge]
tests/test_link_pools.py::test_indexed_pool_preserves_every_candidate_signal_and_order[3-***-entry]
tests/test_link_pools.py::test_indexed_pool_preserves_every_candidate_signal_and_order[3-***-judge]
tests/test_link_pools.py::test_indexed_pool_preserves_every_candidate_signal_and_order[3-Alex Lee and Sam Doe-entry]
tests/test_link_pools.py::test_indexed_pool_preserves_every_candidate_signal_and_order[3-Alex Lee and Sam Doe-judge]
tests/test_link_pools.py::test_service_keeps_judge_eligibility_and_original_source_id_behavior
tests/test_link_pools.py::test_empty_event_skips_dancer_pool_but_closes_findings_and_completes_work
tests/test_link_service.py::test_same_bib_across_contests_does_not_merge_identities
tests/test_link_service.py::test_registry_addition_reaches_previously_unmatched_entry
tests/test_link_service.py::test_later_registry_finalist_confirms_unmatched_entry_without_inventing_points[now0]
tests/test_link_service.py::test_later_registry_finalist_confirms_unmatched_entry_without_inventing_points[now1]
tests/test_link_service.py::test_source_id_can_link_same_dancer_across_contests
tests/test_link_service.py::test_registry_finalist_claim_requires_one_exact_name
tests/test_link_service.py::test_event_relink_preserves_daily_confirmation_cadence
tests/test_link_service.py::test_registry_points_use_each_roles_prelim_field_and_dance_style
tests/test_link_service.py::test_identical_names_use_their_own_printed_cells_and_do_not_borrow_ids
tests/test_link_service.py::test_conflicting_owned_printed_ids_withhold_and_retain_both_source_signals
tests/test_manual_derivation_controls.py::test_manual_work_skips_paused_unit_progresses_other_and_resumes_once[selector0-parse]
tests/test_manual_derivation_controls.py::test_manual_work_skips_paused_unit_progresses_other_and_resumes_once[selector0-project]
tests/test_manual_derivation_controls.py::test_manual_work_skips_paused_unit_progresses_other_and_resumes_once[selector0-link]
tests/test_manual_derivation_controls.py::test_manual_work_skips_paused_unit_progresses_other_and_resumes_once[selector1-parse]
tests/test_manual_derivation_controls.py::test_manual_work_skips_paused_unit_progresses_other_and_resumes_once[selector1-project]
tests/test_manual_derivation_controls.py::test_manual_work_skips_paused_unit_progresses_other_and_resumes_once[selector1-link]
tests/test_manual_derivation_controls.py::test_manual_startup_recovers_publication_before_accepting_inputs
tests/test_manual_derivation_controls.py::test_manual_project_saved_crosscheck_obeys_kind_admission
tests/test_manual_derivation_controls.py::test_explicit_crosscheck_hold_preserves_archive_only_input_path
tests/test_manual_derivation_controls.py::test_manual_build_pause_returns_held_receipt_and_successful_run[False]
tests/test_manual_derivation_controls.py::test_manual_build_pause_returns_held_receipt_and_successful_run[True]
tests/test_map_event_retention.py::test_registry_enriched_self_match_retains_event_and_replays_identically
tests/test_map_event_retention.py::test_mapping_to_another_target_retires_unreferenced_source_event[unmatched_source_events]
tests/test_map_event_retention.py::test_mapping_to_another_target_retires_unreferenced_source_event[override_events]
tests/test_map_event_retention.py::test_removed_override_can_keep_its_enriched_target_by_source_match
tests/test_map_event_retention.py::test_generated_id_collision_preserves_inventory_and_registry_month[history_source-unknown]
tests/test_map_event_retention.py::test_generated_id_collision_preserves_inventory_and_registry_month[history_source-registry]
tests/test_map_event_retention.py::test_generated_id_collision_preserves_inventory_and_registry_month[history_owner-unknown]
tests/test_map_event_retention.py::test_generated_id_collision_preserves_inventory_and_registry_month[history_owner-registry]
tests/test_map_event_retention.py::test_provisional_source_only_collision_still_refreshes_listing
tests/test_model.py::test_public_id_examples_and_collision_suffixes
tests/test_model.py::test_archive_and_run_ids_are_utc_and_stable
tests/test_normalize.py::test_name_normalization_keeps_particles_and_splits_suffix
tests/test_normalize.py::test_contest_classification
tests/test_normalize.py::test_source_contest_vocabulary_goldens
tests/test_normalize.py::test_contest_dance_style_classification
tests/test_normalize.py::test_event_normalization_series_and_date_matching
tests/test_observation_codec.py::test_repeated_nested_records_resolve_hints_once_and_keep_typed_values
tests/test_observation_codec.py::test_cached_decoder_keeps_registration_alias_and_missing_field_defaults
tests/test_offline_selection_scale.py::test_blocked_event_catalog_is_read_once_before_ready_registry_work
tests/test_offline_selection_scale.py::test_fixed_and_shared_prerequisites_match_full_catalog_order_and_invalidate
tests/test_offline_selection_scale.py::test_map_dependency_subset_matches_full_scope_inference[calendar-registered]
tests/test_offline_selection_scale.py::test_map_dependency_subset_matches_full_scope_inference[calendar-queued]
tests/test_offline_selection_scale.py::test_map_dependency_subset_matches_full_scope_inference[calendar-physical]
tests/test_offline_selection_scale.py::test_map_dependency_subset_matches_full_scope_inference[dancer-registered]
tests/test_offline_selection_scale.py::test_map_dependency_subset_matches_full_scope_inference[dancer-queued]
tests/test_offline_selection_scale.py::test_map_dependency_subset_matches_full_scope_inference[dancer-physical]
tests/test_offline_selection_scale.py::test_map_dependency_subset_matches_full_scope_inference[event-registered]
tests/test_offline_selection_scale.py::test_map_dependency_subset_matches_full_scope_inference[event-queued]
tests/test_offline_selection_scale.py::test_map_dependency_subset_matches_full_scope_inference[event-physical]
tests/test_offline_selection_scale.py::test_map_dependency_subset_matches_full_scope_inference[history-registered]
tests/test_offline_selection_scale.py::test_map_dependency_subset_matches_full_scope_inference[history-queued]
tests/test_offline_selection_scale.py::test_map_dependency_subset_matches_full_scope_inference[history-physical]
tests/test_offline_selection_scale.py::test_map_dependency_subset_matches_full_scope_inference[inventory-registered]
tests/test_offline_selection_scale.py::test_map_dependency_subset_matches_full_scope_inference[inventory-queued]
tests/test_offline_selection_scale.py::test_map_dependency_subset_matches_full_scope_inference[inventory-physical]
tests/test_offline_selection_scale.py::test_map_dependency_subset_matches_full_scope_inference[map-registered]
tests/test_offline_selection_scale.py::test_map_dependency_subset_matches_full_scope_inference[map-queued]
tests/test_offline_selection_scale.py::test_map_dependency_subset_matches_full_scope_inference[map-physical]
tests/test_offline_selection_scale.py::test_map_dependency_subset_matches_full_scope_inference[source_event-registered]
tests/test_offline_selection_scale.py::test_map_dependency_subset_matches_full_scope_inference[source_event-queued]
tests/test_offline_selection_scale.py::test_map_dependency_subset_matches_full_scope_inference[source_event-physical]
tests/test_offline_selection_scale.py::test_map_dependency_subset_matches_full_scope_inference[source_index-registered]
tests/test_offline_selection_scale.py::test_map_dependency_subset_matches_full_scope_inference[source_index-queued]
tests/test_offline_selection_scale.py::test_map_dependency_subset_matches_full_scope_inference[source_index-physical]
tests/test_offline_selection_scale.py::test_map_dependency_subset_matches_full_scope_inference[unknown-registered]
tests/test_offline_selection_scale.py::test_map_dependency_subset_matches_full_scope_inference[unknown-queued]
tests/test_offline_selection_scale.py::test_map_dependency_subset_matches_full_scope_inference[unknown-physical]
tests/test_offline_selection_scale.py::test_map_lookup_preserves_empty_state_and_write_rollback_without_catalog_scan
tests/test_offline_selection_scale.py::test_map_subset_infers_shared_scope_from_physical_observations
tests/test_parse_recovery.py::test_registry_invalid_parse_is_published_failure_and_forces_clean_retry
tests/test_parse_recovery.py::test_failed_new_extractor_never_relabels_old_empty_extract_as_current
tests/test_phase1_intake.py::test_retained_catalog_is_finite_event_lists_only
tests/test_phase1_intake.py::test_intake_resumes_skips_digest_duplicates_and_explains_failures
tests/test_phase1_intake.py::test_newsletter_index_keeps_same_host_issue_pdfs
tests/test_phase1_intake.py::test_pending_catalog_and_invalid_dates_keep_year_gate_closed
tests/test_phase1_transfer.py::test_repeat_import_preserves_live_watch_and_evidence_and_never_rewinds_budget
tests/test_platform_backfill.py::test_pure_plan_uses_event_year_breadth_and_parent_order
tests/test_platform_backfill.py::test_unmapped_sheet_never_creates_an_event_or_watch
tests/test_platform_backfill.py::test_no_year_acceptance_means_no_phase_two_control
tests/test_platform_backfill.py::test_exact_kind_contract_required_even_with_global_deployment[shadow-5-history_contract_not_enforced]
tests/test_platform_backfill.py::test_exact_kind_contract_required_even_with_global_deployment[paused-5-history_contract_not_enforced]
tests/test_platform_backfill.py::test_exact_kind_contract_required_even_with_global_deployment[enforce-old-history_contract_review_stale]
tests/test_platform_backfill.py::test_wrong_kind_or_changed_inventory_cannot_reuse_acceptance
tests/test_platform_backfill.py::test_index_label_cannot_bypass_phase_two_gate
tests/test_platform_backfill.py::test_dispatch_is_atomic_resumable_priority_six_and_reserves_two_minutes
tests/test_platform_backfill.py::test_watch_insertion_rolls_back_if_receipt_finding_write_crashes
tests/test_platform_backfill.py::test_busy_work_and_deadline_preserve_controls
tests/test_platform_backfill.py::test_three_distinct_failed_captures_then_gap_without_fourth_fetch
tests/test_platform_backfill.py::test_diagnostic_failure_does_not_spend_a_distinct_capture
tests/test_platform_backfill.py::test_fetch_uses_actual_gate_budget_and_no_other_host
tests/test_platform_backfill.py::test_stale_planned_dates_cannot_pass_after_new_acceptance
tests/test_platform_backfill.py::test_real_archived_parent_retains_generation_and_intents_without_origin_children
tests/test_platform_backfill.py::test_advertised_missing_child_tries_another_parent_capture
tests/test_platform_backfill.py::test_round_waits_for_parent_and_its_own_exact_contract
tests/test_platform_backfill.py::test_complete_parent_precedes_round_and_round_needs_its_own_contract
tests/test_platform_backfill.py::test_cooldown_is_preserved_instead_of_reset_for_backfill
tests/test_platform_backfill.py::test_h7_blocked_empty_table_advances_capture_even_when_transport_parse_status_is_pending
tests/test_platform_backfill.py::test_paused_first_page_never_advances_capture_and_later_source_progresses[source]
tests/test_platform_backfill.py::test_paused_first_page_never_advances_capture_and_later_source_progresses[kind]
tests/test_platform_backfill.py::test_allocated_offer_is_read_only_and_ignores_ordinary_backlog
tests/test_platform_backfill.py::test_pause_after_offer_prevents_allocated_capture_advancement
tests/test_project.py::test_scope_replacement_preserves_seen_times_for_unchanged_facts
tests/test_project.py::test_empty_scope_removes_owned_rows
tests/test_project_event.py::test_contest_identity_preserves_semantic_qualifiers
tests/test_project_event.py::test_only_standard_wcs_jack_and_jill_is_points_eligible
tests/test_project_event.py::test_wdr_pro_am_roles_and_combined_couple_names
tests/test_project_event.py::test_wdr_ambiguous_am_pro_roles_are_withheld
tests/test_project_event.py::test_wdr_redacted_bib_only_entry_is_preserved_without_marks
tests/test_project_event.py::test_full_event_projection_and_round_union
tests/test_project_event.py::test_real_eepro_numeric_scores_are_retained_raw_but_not_projected[False]
tests/test_project_event.py::test_real_eepro_numeric_scores_are_retained_raw_but_not_projected[True]
tests/test_project_event.py::test_real_wdr_numeric_and_solo_contests_remain_raw_and_unsupported
tests/test_project_event.py::test_unsupported_scoring_does_not_invent_anonymous_judge_records
tests/test_project_event.py::test_wdr_unknown_callback_values_remain_only_in_evidence
tests/test_project_event.py::test_round_page_beats_later_event_page_and_records_conflict
tests/test_project_event.py::test_prelim_entry_survives_when_final_observation_is_removed
tests/test_project_event.py::test_later_equal_specificity_snapshot_wins_spelling
tests/test_project_event.py::test_named_judge_is_deduplicated_across_contests
tests/test_project_event.py::test_alias_move_rekeys_all_event_rows_in_one_transaction
tests/test_project_event.py::test_unchanged_full_event_reprojection_does_not_advance_revision
tests/test_project_event.py::test_real_wdr_rounds_fixture_projects_complete_event_surface
tests/test_project_event.py::test_real_eepro_finals_project_named_judges_and_entry_roles
tests/test_project_events.py::test_sparse_sitemap_cannot_erase_richer_event_metadata
tests/test_project_events.py::test_empty_event_detail_preserves_durable_index_date_on_rebuild
tests/test_project_events.py::test_newer_dated_event_detail_wins_over_index_date
tests/test_project_events.py::test_eepro_printed_date_ranges_preserve_both_event_boundaries
tests/test_project_events.py::test_source_title_year_date_contradiction_creates_finding
tests/test_project_events.py::test_projector_version_bump_repairs_stale_materialized_metadata
tests/test_project_map.py::test_reprojecting_unchanged_overrides_keeps_placeholder_events
tests/test_project_registry.py::test_real_registry_vocabulary_projects_to_closed_enums
tests/test_project_registry.py::test_registry_age_divisions_remain_distinct_and_unknown_is_omitted
tests/test_project_registry.py::test_registry_preserves_raw_pro_tch_and_normalizes_advance
tests/test_project_registry.py::test_unknown_dancer_level_is_not_recast_as_none
tests/test_project_registry.py::test_conflicting_duplicate_registry_claims_are_withheld
tests/test_projection_materialization.py::test_event_and_link_generations_own_separate_columns
tests/test_projection_materialization.py::test_inventory_does_not_claim_unenriched_map_placeholders
tests/test_projection_materialization.py::test_year_acceptance_materializes_coverage_with_actual_operation_provenance
tests/test_projection_materialization.py::test_year_acceptance_rolls_back_output_run_and_generation_on_failure
tests/test_real_fixtures.py::test_archived_calendar_matches_expected_observations
tests/test_real_fixtures.py::test_archived_registry_found_and_verified_misses
tests/test_recipes.py::test_runtime_bytes_are_retained_once_as_one_accepted_recipe
tests/test_registry_confirmation.py::test_only_recent_unlinked_first_point_individual_finalists_accelerate_discovery[kwargs0-True]
tests/test_registry_confirmation.py::test_only_recent_unlinked_first_point_individual_finalists_accelerate_discovery[kwargs1-True]
tests/test_registry_confirmation.py::test_only_recent_unlinked_first_point_individual_finalists_accelerate_discovery[kwargs2-False]
tests/test_registry_confirmation.py::test_only_recent_unlinked_first_point_individual_finalists_accelerate_discovery[kwargs3-False]
tests/test_registry_confirmation.py::test_only_recent_unlinked_first_point_individual_finalists_accelerate_discovery[kwargs4-False]
tests/test_registry_confirmation.py::test_only_recent_unlinked_first_point_individual_finalists_accelerate_discovery[kwargs5-False]
tests/test_registry_confirmation.py::test_only_recent_unlinked_first_point_individual_finalists_accelerate_discovery[kwargs6-True]
tests/test_registry_confirmation.py::test_only_recent_unlinked_first_point_individual_finalists_accelerate_discovery[kwargs7-False]
tests/test_registry_confirmation.py::test_only_recent_unlinked_first_point_individual_finalists_accelerate_discovery[kwargs8-False]
tests/test_registry_confirmation.py::test_recent_unlinked_final_shortens_weekly_probe_wait_but_never_below_daily
tests/test_registry_confirmation.py::test_old_unlinked_final_keeps_weekly_discovery_and_retains_result
tests/test_registry_confirmation.py::test_confirmation_refresh_tracks_all_pending_events_and_stops_after_posting
tests/test_registry_g1.py::test_v1_migration_preserves_provenance_pause_and_unknown_freshness[None-verified]
tests/test_registry_g1.py::test_v1_migration_preserves_provenance_pause_and_unknown_freshness[missing_body-missing_artifact]
tests/test_registry_g1.py::test_v1_migration_preserves_provenance_pause_and_unknown_freshness[corrupt_body-corrupt_artifact]
tests/test_registry_g1.py::test_v1_migration_preserves_provenance_pause_and_unknown_freshness[missing_extract-missing_artifact]
tests/test_registry_g1.py::test_v1_migration_preserves_provenance_pause_and_unknown_freshness[obsolete_parser-interpretation_stale]
tests/test_registry_g1.py::test_g1_one_identical_miss_advances_migrated_probe_without_new_claim
tests/test_registry_policy.py::test_due_registry_sweep_and_probe_follow_numeric_source_ids
tests/test_registry_policy.py::test_registry_sequence_keeps_other_host_in_its_existing_fairness_slot
tests/test_registry_policy.py::test_sweep_advances_only_contiguous_verified_outcomes_across_restart
tests/test_registry_policy.py::test_sweep_finishes_only_after_twenty_verified_trailing_misses
tests/test_registry_policy.py::test_sweep_ignores_interior_misses_until_above_comparison_bound
tests/test_registry_policy.py::test_sweep_bound_includes_unprojected_found_observations
tests/test_registry_policy.py::test_existing_dump_bound_is_lazily_cached_and_missing_blob_fails_closed
tests/test_registry_policy.py::test_replaced_high_id_miss_can_raise_local_found_bound
tests/test_registry_policy.py::test_reseed_clears_stale_completion_and_probe_bookkeeping
tests/test_registry_policy.py::test_new_dump_bound_clamps_restored_tail_misses_across_restart
tests/test_registry_policy.py::test_weekly_probe_resets_misses_on_found_and_waits_after_twenty
tests/test_registry_policy.py::test_invalid_probe_result_never_counts_as_a_miss
tests/test_registry_policy.py::test_trickle_schedules_at_most_one_hundred_stale_dancers_per_day
tests/test_registry_policy.py::test_crosscheck_is_manual_snapshot_and_replayable_from_blob
tests/test_registry_policy.py::test_crosscheck_finding_is_a_build_input_and_survives_restore
tests/test_registry_policy.py::test_crosscheck_accepts_mechstack_dancer_ids_only_in_full_dump_shape
tests/test_registry_policy.py::test_archive_only_records_dump_without_findings_then_sweep_runs_it_once
tests/test_registry_policy.py::test_seeded_sweep_completion_without_archived_dump_fails_closed
tests/test_registry_policy.py::test_archive_only_rejects_generic_or_duplicate_id_dumps
tests/test_registry_policy.py::test_due_crosscheck_with_missing_blob_remains_due
tests/test_registry_policy.py::test_probe_requires_fresh_evidence_when_a_missing_number_is_later_issued
tests/test_registry_policy.py::test_legacy_probe_restarts_fresh_tail_without_counting_old_misses
tests/test_registry_policy.py::test_probe_discovery_preserves_current_attempt_retry_delay
tests/test_registry_policy.py::test_probe_does_not_accept_cached_response_at_exact_start_time
tests/test_registry_quality.py::test_unique_exact_name_and_month_sets_event_id_and_enqueues_link
tests/test_registry_quality.py::test_ambiguous_event_match_is_withheld_and_reported
tests/test_registry_quality.py::test_event_change_clears_stale_match_and_requeues_old_event
tests/test_registry_quality.py::test_series_slug_normalization_matches_but_collisions_are_withheld
tests/test_registry_quality.py::test_dancer_scoped_reconciliation_does_not_touch_other_dancers
tests/test_registry_quality.py::test_repeat_dancer_projection_preserves_reconciled_event_without_churn
tests/test_registry_verification.py::test_successful_identical_check_renews_freshness_without_moving_provenance[False-False]
tests/test_registry_verification.py::test_successful_identical_check_renews_freshness_without_moving_provenance[False-True]
tests/test_registry_verification.py::test_successful_identical_check_renews_freshness_without_moving_provenance[True-False]
tests/test_registry_verification.py::test_successful_identical_check_renews_freshness_without_moving_provenance[True-True]
tests/test_registry_verification.py::test_damaged_cached_evidence_retains_recovery_digest_and_does_not_renew[missing_body]
tests/test_registry_verification.py::test_damaged_cached_evidence_retains_recovery_digest_and_does_not_renew[corrupt_body]
tests/test_registry_verification.py::test_damaged_cached_evidence_retains_recovery_digest_and_does_not_renew[deflate_body]
tests/test_registry_verification.py::test_damaged_cached_evidence_retains_recovery_digest_and_does_not_renew[missing_extract]
tests/test_registry_verification.py::test_damaged_cached_evidence_retains_recovery_digest_and_does_not_renew[corrupt_extract]
tests/test_registry_verification.py::test_failed_checks_do_not_renew_and_do_not_strand_probe_for_a_year[200-{}]
tests/test_registry_verification.py::test_failed_checks_do_not_renew_and_do_not_strand_probe_for_a_year[500-server error]
tests/test_registry_verification.py::test_failed_checks_do_not_renew_and_do_not_strand_probe_for_a_year[403-blocked]
tests/test_registry_verification.py::test_identical_miss_finishes_finite_probe_using_new_check_time
tests/test_registry_verification.py::test_recovery_never_uses_migration_time_or_attempt_clock
tests/test_registry_verification.py::test_refreshed_stale_profile_rotates_despite_unchanged_claim_timestamp
tests/test_registry_verification.py::test_restored_probe_with_failed_attempt_and_annual_clock_gets_bounded_retry
tests/test_registry_verification.py::test_cycle_finishes_repeated_probe_without_any_parse_work
tests/test_registry_verification.py::test_recovery_and_parse_completion_use_bounded_indexes[False]
tests/test_registry_verification.py::test_recovery_and_parse_completion_use_bounded_indexes[True]
tests/test_release_closure_rows.py::test_reconstruct_uses_pinned_rows_after_live_canonical_and_source_replacement
tests/test_release_closure_rows.py::test_legacy_owned_values_require_exact_published_artifact
tests/test_release_closure_rows.py::test_unpublished_legacy_event_is_omitted_with_structural_dependents
tests/test_release_closure_rows.py::test_public_closure_commits_to_private_proof_without_disclosing_recipes
tests/test_release_closure_rows.py::test_legacy_numeric_comparison_uses_exact_public_float_representation
tests/test_release_closure_rows.py::test_selected_payload_loader_is_lazy_and_uses_retained_accepted_evidence
tests/test_release_closure_rows.py::test_selection_decodes_shared_immutable_dependency_sets_once
tests/test_release_closure_rows.py::test_dependency_edge_must_name_the_actual_generation_scope
tests/test_release_closure_rows.py::test_partial_ownership_overlay_requires_a_retained_structural_row
tests/test_release_coverage.py::test_existing_year_metrics_and_named_null_id_judge_are_preserved
tests/test_release_coverage.py::test_omitted_scope_is_named_and_link_withholding_keeps_structural_facts
tests/test_release_coverage.py::test_failed_check_does_not_erase_retained_acquisition_or_refresh_claim_time
tests/test_release_coverage.py::test_health_cadence_ignores_identical_success_poll_times_but_not_failures
tests/test_release_coverage.py::test_selected_accepted_generation_remains_interpreted_when_newer_input_is_blocked
tests/test_release_coverage.py::test_dancer_omissions_publish_counts_without_registry_identifiers
tests/test_release_coverage.py::test_selected_mapping_and_verification_cutoff_do_not_follow_newer_state
tests/test_release_coverage.py::test_withheld_identity_is_visible_without_changing_named_subject
tests/test_release_coverage.py::test_final_counts_follow_historical_suppression_without_refreshing_evidence
tests/test_release_coverage.py::test_final_counts_remove_registry_only_membership_without_erasing_retained_units
tests/test_release_reuse.py::test_same_health_bucket_reuses_exact_candidate_then_daily_cutoff_advances
tests/test_release_reuse.py::test_acknowledged_release_is_quiet_without_a_second_remote_commit
tests/test_release_reuse.py::test_interrupted_build_cannot_publish_until_its_durable_completion
tests/test_replay_derivations.py::test_bounded_cohorts_resume_real_generations_without_parse_or_fairness
tests/test_replay_derivations.py::test_crash_receipt_and_resume_keep_previous_atomic_completion
tests/test_replay_derivations.py::test_refuses_unbound_or_linked_scratch_and_unsafe_receipts[no_marker]
tests/test_replay_derivations.py::test_refuses_unbound_or_linked_scratch_and_unsafe_receipts[hardlink]
tests/test_replay_derivations.py::test_refuses_unbound_or_linked_scratch_and_unsafe_receipts[symlink]
tests/test_replay_derivations.py::test_refuses_unbound_or_linked_scratch_and_unsafe_receipts[wrong_marker]
tests/test_replay_derivations.py::test_refuses_unbound_or_linked_scratch_and_unsafe_receipts[output_symlink]
tests/test_replay_derivations.py::test_refuses_unbound_or_linked_scratch_and_unsafe_receipts[existing_output]
tests/test_replay_derivations.py::test_refuses_unbound_or_linked_scratch_and_unsafe_receipts[checkpoint_target]
tests/test_replay_derivations.py::test_refuses_unbound_or_linked_scratch_and_unsafe_receipts[production_target]
tests/test_replay_derivations.py::test_worker_crash_rolls_back_then_uses_standard_interruption_cooldown
tests/test_replay_derivations.py::test_wallclock_reserves_atomic_worker_bound_without_starting_next_unit
tests/test_replay_derivations.py::test_new_scope_discovered_after_earlier_cohort_is_revisited
tests/test_requirement_performance.py::test_scope_pages_use_native_indexes_and_unambiguous_restart_keys
tests/test_requirement_performance.py::test_retirement_presence_uses_indexed_columns
tests/test_requirement_performance.py::test_occurrence_event_lookup_and_requirement_history_are_indexed
tests/test_requirement_performance.py::test_scope_pagination_preserves_composite_keys_with_delimiters
tests/test_requirement_performance.py::test_v6_index_migration_preserves_cohort_history_and_restarts_old_cursor
tests/test_requirement_performance.py::test_every_foreign_key_child_lookup_uses_an_index
tests/test_requirement_performance.py::test_reopening_current_schema_preserves_indexes_and_partial_scan_cursor
tests/test_requirements.py::test_deleted_acquisition_row_is_recreated_from_retained_watch_without_repair
tests/test_requirements.py::test_lost_review_finding_rebuilds_from_accepted_owner_evidence
tests/test_requirements.py::test_cohort_retries_reopening_retirement_discovery_and_restart_balance
tests/test_requirements.py::test_cohort_new_work_excludes_preexisting_closed_and_other_scopes_at_same_time
tests/test_requirements.py::test_legacy_cohort_capture_order_stays_unknown_after_migration
tests/test_requirements.py::test_deleted_satisfied_requirement_reopening_preserves_progress_ledger
tests/test_requirements.py::test_paused_unknown_cohorts_have_no_percentage_and_doctor_stays_local
tests/test_requirements.py::test_doctor_watch_refreshes_without_writer_lock
tests/test_requirements.py::test_doctor_watch_reads_updated_snapshot_after_each_configured_interval
tests/test_requirements.py::test_scan_cursor_survives_restart_and_bounds_each_page
tests/test_requirements.py::test_retiring_source_scope_retains_history_and_never_counts_as_repair
tests/test_requirements.py::test_no_progress_alert_uses_clock_and_pause_only_suppresses_eligible_alarm
tests/test_requirements.py::test_pipeline_lag_uses_fake_clock_and_keeps_ages_visible_while_paused
tests/test_requirements.py::test_h11_worker_states_and_human_json_use_the_same_local_snapshot
tests/test_requirements.py::test_requirement_progress_and_status_age_follow_verified_transitions
tests/test_requirements.py::test_artifact_gap_is_one_digest_and_corruption_is_visible
tests/test_requirements.py::test_registry_occurrences_before_configured_history_start_are_out_of_scope
tests/test_requirements.py::test_cohort_rejects_scope_changes
tests/test_requirements.py::test_summary_checkpoint_does_not_repeat_same_timestamp_transitions
tests/test_requirements.py::test_finalist_requirement_retires_when_contest_is_no_longer_eligible
tests/test_research_checkpoint_readers.py::test_benchmark_clone_uses_immutable_source_and_closes_connections
tests/test_research_checkpoint_readers.py::test_reference_benchmark_checkpoint_reads_create_no_sidecars[False]
tests/test_research_checkpoint_readers.py::test_reference_benchmark_checkpoint_reads_create_no_sidecars[True]
tests/test_schedule.py::test_event_lifecycle_utc_padding
tests/test_schedule.py::test_slow_round_clock_and_live_doubling
tests/test_schedule.py::test_weekend_index_includes_monday_morning
tests/test_scheduler_reporting.py::test_doctor_and_summary_report_service_without_mutation
tests/test_scoring_pipeline.py::test_archived_scoringdance_event_runs_end_to_end
tests/test_source_event_proxy_retention.py::test_scheduled_undated_proxy_preserves_enriched_map
tests/test_sources.py::test_calendar_extract_captures_attribute_only_changes
tests/test_sources.py::test_eepro_round_is_header_driven_and_keeps_raw_mark
tests/test_sources.py::test_scoringdance_extract_ignores_outer_nonce_but_keeps_data_attributes
tests/test_sources.py::test_wdr_redacted_zero_judge_mark_becomes_null
tests/test_sources.py::test_registry_nested_placements_and_safe_invalid_outcome
tests/test_sources.py::test_registry_verified_real_miss_is_exact_body_match
tests/test_sources.py::test_real_wdr_routeinfo_fixtures
tests/test_sources.py::test_real_scoringdance_event_fixture_discovers_rounds
tests/test_sources.py::test_real_scoringdance_index_and_round_fields
tests/test_state.py::test_fresh_database_has_complete_schema
tests/test_state.py::test_input_digest_and_work_cannot_commit_separately
tests/test_state.py::test_failed_acceptance_rolls_back_digest_and_queue
tests/test_state.py::test_runs_started_in_same_second_get_stable_suffix
tests/test_steprightsolutions.py::test_index_keeps_series_location_year_and_deduplicates_aliases
tests/test_steprightsolutions.py::test_event_keeps_contest_round_links_and_raw_date_without_creating_watches
tests/test_steprightsolutions.py::test_callbacks_preserve_raw_values_unknown_promotion_and_unattributed_roster
tests/test_steprightsolutions.py::test_legacy_callback_never_invents_an_alternate_rank[1-yes]
tests/test_steprightsolutions.py::test_legacy_callback_never_invents_an_alternate_rank[2-alt]
tests/test_steprightsolutions.py::test_legacy_callback_never_invents_an_alternate_rank[3-no]
tests/test_steprightsolutions.py::test_legacy_callback_never_invents_an_alternate_rank[2.1-None]
tests/test_steprightsolutions.py::test_legacy_callback_never_invents_an_alternate_rank[-None]
tests/test_steprightsolutions.py::test_legacy_callback_never_invents_an_alternate_rank[Y-None]
tests/test_steprightsolutions.py::test_finals_keep_one_printed_bib_and_separate_partner_names
tests/test_steprightsolutions.py::test_unrecognized_response_is_not_a_legitimate_empty[page0]
tests/test_steprightsolutions.py::test_unrecognized_response_is_not_a_legitimate_empty[page1]
tests/test_steprightsolutions.py::test_unrecognized_response_is_not_a_legitimate_empty[page2]
tests/test_steprightsolutions.py::test_event_rejects_foreign_event_round_links
tests/test_steprightsolutions.py::test_merged_or_uneven_table_does_not_guess_column_ownership
tests/test_unsupported_judges.py::test_retained_wdr_named_judges_survive_unsupported_scoring[2025-09-trilogy-swing]
tests/test_unsupported_judges.py::test_retained_wdr_named_judges_survive_unsupported_scoring[2025-10-montreal-westie-fest]
tests/test_unsupported_judges.py::test_retained_wdr_named_judges_survive_unsupported_scoring[2025-10-swing-city-chicago]
tests/test_unsupported_judges.py::test_retained_wdr_named_judges_survive_unsupported_scoring[2025-11-rocket-city-swing]
tests/test_unsupported_judges.py::test_retained_wdr_named_judges_survive_unsupported_scoring[2026-04-swing-in-bloom]
tests/test_unsupported_judges.py::test_retained_wdr_named_judges_survive_unsupported_scoring[2026-07-florida-dance-magic]
tests/test_unsupported_judges.py::test_retained_fixture_set_covers_all_eleven_reported_losses
tests/test_v2_migrations.py::test_v1_upgrade_preserves_parent_child_rows_and_review_history
tests/test_v2_migrations.py::test_failed_evidence_recovery_rolls_back_entire_migration
tests/test_v2_migrations.py::test_checkpoint_cannot_label_v2_database_as_v1
tests/test_v4_candidate_acceptance.py::test_exact_reviewed_numeric_withdrawal_passes
tests/test_v4_candidate_acceptance.py::test_changed_candidate_seal_emits_failed_receipt
tests/test_v4_candidate_acceptance.py::test_audit_opens_checkpoint_without_wal_sidecars
tests/test_v4_candidate_acceptance.py::test_partial_or_changed_scoring_withdrawals_fail[UPDATE new_contests SET parse_status='parsed' WHERE contest_id='0'-exact_unsupported_transition]
tests/test_v4_candidate_acceptance.py::test_partial_or_changed_scoring_withdrawals_fail[INSERT INTO new_entries VALUES ('0')-unsupported_results_withheld]
tests/test_v4_candidate_acceptance.py::test_partial_or_changed_scoring_withdrawals_fail[DELETE FROM old_final_marks-baseline_impact_matches]
tests/test_v4_candidate_acceptance.py::test_acquisition_gate_checks_actual_state_not_only_receipt[None-None]
tests/test_v4_candidate_acceptance.py::test_acquisition_gate_checks_actual_state_not_only_receipt[INSERT INTO watches VALUES ('new','round','https://example/new',NULL,NULL,NULL)-acquisition_controls_preserved]
tests/test_v4_candidate_acceptance.py::test_acquisition_gate_checks_actual_state_not_only_receipt[UPDATE watches SET url='https://example/changed' WHERE watch_id='existing'-acquisition_controls_preserved]
tests/test_v4_candidate_acceptance.py::test_acquisition_gate_checks_actual_state_not_only_receipt[INSERT INTO snapshots VALUES ('unreviewed-origin-fetch')-only_phase1_snapshots_imported]
tests/test_v4_candidate_acceptance.py::test_acquisition_gate_checks_actual_state_not_only_receipt[DELETE FROM findings-gated_intents_retained_without_controls]
tests/test_v4_candidate_acceptance.py::test_autoindex_must_have_its_new_contract_review
tests/test_v4_candidate_acceptance.py::test_current_admission_pointer_failures_are_visible_and_preserve_legacy[None-None]
tests/test_v4_candidate_acceptance.py::test_current_admission_pointer_failures_are_visible_and_preserve_legacy[UPDATE source_generations SET report_json='{"failures":["critical_unknown"]}' WHERE generation_id='accepted'-accepted_pointers_resolve_passing_contracts]
tests/test_v4_candidate_acceptance.py::test_current_admission_pointer_failures_are_visible_and_preserve_legacy[UPDATE findings SET summary='Generic blocked'-guarded_current_units_have_public_reasons]
tests/test_v4_candidate_acceptance.py::test_current_admission_pointer_failures_are_visible_and_preserve_legacy[DELETE FROM observations-failed_legacy_observations_preserved]
tests/test_v4_history_checks.py::test_partial_year_with_named_gap_passes_without_acceptance
tests/test_v4_history_checks.py::test_public_date_month_is_normalized_but_wrong_month_still_fails
tests/test_v4_history_checks.py::test_candidate_errors_cannot_be_hidden_by_private_state[INSERT INTO new_events(event_id,series_id,event_month,year,date_precision,start_date,end_date,source,snapshot_id) SELECT 'duplicate',series_id,event_month,year,date_precision,start_date,end_date,source,snapshot_id FROM new_events-history_each_registry_occurrence_has_one_event]
tests/test_v4_history_checks.py::test_candidate_errors_cannot_be_hidden_by_private_state[UPDATE new_registry_placements SET event_id=NULL-history_registry_references_match_occurrences]
tests/test_v4_history_checks.py::test_candidate_errors_cannot_be_hidden_by_private_state[UPDATE new_events SET start_date='2020-02-01'-history_dates_respect_printed_precision]
tests/test_v4_history_checks.py::test_candidate_errors_cannot_be_hidden_by_private_state[DELETE FROM new_review_queue-history_every_year_accepted_or_explained]
tests/test_v4_history_checks.py::test_candidate_errors_cannot_be_hidden_by_private_state[UPDATE new_coverage SET events_accepted=true-history_no_unreviewed_year_acceptance]
tests/test_v4_history_checks.py::test_archive_sheet_counts_cannot_be_attributed_to_registry_origin
tests/test_v4_history_checks.py::test_omitting_registry_rows_cannot_hide_missing_retained_occurrences
tests/test_v4_history_checks.py::test_stale_interpretation_or_unexplained_failure_cannot_pass
tests/test_v4_identity_checks.py::test_retained_owned_source_id_and_named_judge_without_id_pass
tests/test_v4_identity_checks.py::test_new_or_replaced_default_is_detected[None]
tests/test_v4_identity_checks.py::test_new_or_replaced_default_is_detected[200]
tests/test_v4_identity_checks.py::test_unsafe_public_fields_and_lost_named_judge_are_detected[UPDATE new_identity_links SET journal_generation=999-public_assertion_acceptance_fields_match_release]
tests/test_v4_identity_checks.py::test_unsafe_public_fields_and_lost_named_judge_are_detected[UPDATE new_identity_links SET wsdc_id=200-default_ids_have_accepted_assertions]
tests/test_v4_identity_checks.py::test_unsafe_public_fields_and_lost_named_judge_are_detected[UPDATE new_identity_links SET source_ref_ids=['wrong-reference']-accepted_identities_match_retained_support]
tests/test_v4_identity_checks.py::test_unsafe_public_fields_and_lost_named_judge_are_detected[UPDATE new_identity_links SET method='manual'-accepted_identities_match_retained_support]
tests/test_v4_identity_checks.py::test_unsafe_public_fields_and_lost_named_judge_are_detected[UPDATE new_identity_links SET method='name_unique'-accepted_assertions_have_confirmation_method_and_references]
tests/test_v4_identity_checks.py::test_unsafe_public_fields_and_lost_named_judge_are_detected[UPDATE new_entries SET wsdc_id=NULL-accepted_assertions_have_default_ids]
tests/test_v4_identity_checks.py::test_unsafe_public_fields_and_lost_named_judge_are_detected[DELETE FROM new_judges-named_null_id_judges_preserved_where_source_persists]
tests/test_v4_identity_checks.py::test_reparse_printed_id_change_invalidates_old_source_assertion
tests/test_v4_identity_checks.py::test_probable_evidence_can_remain_without_becoming_accepted
tests/test_v4_identity_checks.py::test_unresolved_assertion_cannot_fabricate_decision_metadata
tests/test_v4_identity_checks.py::test_placement_cannot_retain_identity_dependent_points_without_entry_join
tests/test_watch_recovery.py::test_wdr_requires_thirty_distinct_daily_checks_before_infrequent_unavailable_recheck
tests/test_wayback.py::test_selection_paging_and_query_clock
tests/test_wayback.py::test_archive_fetch_parse_provenance_seals_and_never_contacts_origin
tests/test_wayback.py::test_recorded_cdx_response
tests/test_wayback.py::test_archive_index_keeps_distinct_capture_observations
tests/test_wayback.py::test_cdx_resume_then_current_year_refresh_preserves_first_capture_provenance
tests/test_wayback.py::test_sheet_parse_failure_tries_next_distinct_capture
tests/test_wayback.py::test_redirected_capture_is_reused_by_requested_and_final_url
tests/test_wayback.py::test_empty_cdx_probe_is_complete_and_raw_response_is_retained
tests/test_work_attempt_inventory.py::test_unavailable_work_requirement_survives_inventory_scan_and_lost_row
tests/test_work_attempt_inventory.py::test_restored_artifact_does_not_satisfy_work_until_output_transaction_commits
tests/test_work_attempt_inventory.py::test_running_work_without_finding_is_visible_filtered_and_after_restart
tests/test_work_attempt_inventory.py::test_explicit_cli_reparse_releases_only_selected_failed_attempt_latch
tests/test_work_attempts.py::test_blocked_parse_does_not_starve_independent_work_or_spin_after_restart
tests/test_work_attempts.py::test_identical_reenqueue_does_not_unlock_a_deterministic_failure
tests/test_work_attempts.py::test_explicit_verified_recovery_can_unlock_same_digest
tests/test_work_attempts.py::test_transient_retry_is_deadline_bound_and_survives_restart
tests/test_work_attempts.py::test_process_death_is_recovered_once_with_a_finite_retry_deadline
tests/test_work_attempts.py::test_handled_parser_failure_restores_deleted_pending_timestamp_token
tests/test_work_attempts.py::test_success_and_output_roll_back_together_and_retry_commits_once
tests/test_work_attempts.py::test_new_parse_invalidation_fences_old_completion_even_with_identical_timestamp
tests/test_work_attempts.py::test_superseded_deleted_work_does_not_retry_identical_inputs_each_cycle
tests/test_work_attempts.py::test_recovery_of_old_running_attempt_cannot_revive_newer_completed_work
tests/test_work_attempts.py::test_invalid_retry_contract_does_not_finish_attempt[transient-None]
tests/test_work_attempts.py::test_invalid_retry_contract_does_not_finish_attempt[transient-retry1]
tests/test_work_attempts.py::test_invalid_retry_contract_does_not_finish_attempt[blocked-retry2]
tests/test_work_attempts.py::test_parse_fingerprint_ignores_own_failure_and_unrelated_progress
tests/test_work_attempts.py::test_missing_parser_has_stable_fingerprint_and_does_not_block_healthy_selection
tests/test_work_attempts.py::test_parse_changed_evidence_recipe_or_admission_policy_reopens_retry[body]
tests/test_work_attempts.py::test_parse_changed_evidence_recipe_or_admission_policy_reopens_retry[recipe]
tests/test_work_attempts.py::test_parse_changed_evidence_recipe_or_admission_policy_reopens_retry[policy]
tests/test_work_attempts.py::test_project_fingerprint_is_scoped_to_its_own_observations
tests/test_work_isolation.py::test_failed_parse_does_not_starve_healthy_fetch_or_derivation
tests/test_work_isolation.py::test_cycle_restores_missing_historical_body_from_real_checkpoint_and_commits
tests/test_work_isolation.py::test_cycle_missing_artifact_without_backup_retains_unavailable_and_independent_progress
tests/test_write_deadline.py::test_python_work_rolls_back_and_next_transaction_can_commit
tests/test_write_deadline.py::test_nested_sql_work_inherits_deadline_and_rolls_back
tests/test_write_deadline.py::test_long_read_snapshot_does_not_take_worker_write_budget
tests/test_write_deadline.py::test_read_snapshot_cannot_upgrade_through_nested_write
tests/test_write_deadline.py::test_existing_later_alarm_is_restored_with_elapsed_time
tests/test_write_deadline.py::test_timed_out_derivation_is_latched_while_independent_output_commits

1333 tests collected in 1.53s
